date,B_BTC_signal_close,B_sma20,B_sma50,B_sma200,B_macro_state,B_sell_stage,B_crypto_exposure,B_portfolio_value,B_actions,P39_BTC_signal_close,P39_sma20,P39_sma50,P39_sma200,P39_macro_state,P39_sell_stage,P39_crypto_exposure,P39_portfolio_value,P39_actions,Q_BTC_signal_close,Q_sma20,Q_sma50,Q_sma200,Q_macro_state,Q_sell_stage,Q_crypto_exposure,Q_portfolio_value,Q_actions
2021-09-01 00:00:00+00:00,47100.89,47474.2485,41533.4336,46059.03155,BEAR,3,0.3308412980925031,182661.78644605857,,47100.89,47474.2485,41533.4336,46059.03155,BEAR,3,0.3308412980925031,182661.78644605857,,47100.89,47474.2485,41533.4336,46059.03155,BEAR,3,0.3308412980925031,182661.78644605857,
2021-09-02 00:00:00+00:00,48810.52,47694.8245,41855.0486,46067.31570000001,BEAR,3,0.32861707303922555,182056.64606286632,,48810.52,47694.8245,41855.0486,46067.31570000001,BEAR,3,0.32861707303922555,182056.64606286632,,48810.52,47694.8245,41855.0486,46067.31570000001,BEAR,3,0.32861707303922555,182056.64606286632,
2021-09-03 00:00:00+00:00,49246.64,47767.1565,42183.581,46070.65995,BEAR,3,0.3372784119990178,184436.007698255,,49246.64,47767.1565,42183.581,46070.65995,BEAR,3,0.3372784119990178,184436.007698255,,49246.64,47767.1565,42183.581,46070.65995,BEAR,3,0.3372784119990178,184436.007698255,
2021-09-04 00:00:00+00:00,49999.14,47913.688,42545.9638,46081.10015,BEAR,3,0.33439146243142076,183636.0518343792,,49999.14,47913.688,42545.9638,46081.10015,BEAR,3,0.33439146243142076,183636.0518343792,,49999.14,47913.688,42545.9638,46081.10015,BEAR,3,0.33439146243142076,183636.0518343792,
2021-09-05 00:00:00+00:00,49915.64,48060.779,42916.5992,46085.011099999996,BEAR,3,0.3382426424719389,184704.74489762803,,49915.64,48060.779,42916.5992,46085.011099999996,BEAR,3,0.3382426424719389,184704.74489762803,,49915.64,48060.779,42916.5992,46085.011099999996,BEAR,3,0.3382426424719389,184704.74489762803,
2021-09-06 00:00:00+00:00,51756.88,48353.5585,43321.3354,46083.196950000005,BEAR,3,0.33709390051478605,184384.67228053504,,51756.88,48353.5585,43321.3354,46083.196950000005,BEAR,3,0.33709390051478605,184384.67228053504,,51756.88,48353.5585,43321.3354,46083.196950000005,BEAR,3,0.33709390051478605,184384.67228053504,
2021-09-07 00:00:00+00:00,52663.9,48751.956,43739.0422,46088.753450000004,BEAR,3,0.3079963339450296,176631.6132444296,,52663.9,48751.956,43739.0422,46088.753450000004,BEAR,3,0.3079963339450296,176631.6132444296,,52663.9,48751.956,43739.0422,46088.753450000004,BEAR,3,0.3079963339450296,176631.6132444296,
2021-09-08 00:00:00+00:00,46863.73,48859.878,44059.523799999995,46043.5421,BEAR,3,0.31180070355895795,177608.03380423153,,46863.73,48859.878,44059.523799999995,46043.5421,BEAR,3,0.31180070355895795,177608.03380423153,,46863.73,48859.878,44059.523799999995,46043.5421,BEAR,3,0.31180070355895795,177608.03380423153,
2021-09-09 00:00:00+00:00,46048.31,48824.2625,44384.683000000005,45994.577699999994,BEAR,3,0.307448430705603,176491.873422339,,46048.31,48824.2625,44384.683000000005,45994.577699999994,BEAR,3,0.307448430705603,176491.873422339,,46048.31,48824.2625,44384.683000000005,45994.577699999994,BEAR,3,0.307448430705603,176491.873422339,
2021-09-10 00:00:00+00:00,46395.14,48677.896,44669.6956,45939.510550000006,BEAR,3,0.293987610821805,173126.8824455411,,46395.14,48677.896,44669.6956,45939.510550000006,BEAR,3,0.293987610821805,173126.8824455411,,46395.14,48677.896,44669.6956,45939.510550000006,BEAR,3,0.293987610821805,173126.8824455411,
2021-09-11 00:00:00+00:00,44850.91,48479.348000000005,44920.9572,45893.32675000001,BEAR,3,0.29772264078691874,174047.6498392463,,44850.91,48479.348000000005,44920.9572,45893.32675000001,BEAR,3,0.29772264078691874,174047.6498392463,,44850.91,48479.348000000005,44920.9572,45893.32675000001,BEAR,3,0.29772264078691874,174047.6498392463,
2021-09-12 00:00:00+00:00,45173.69,48276.071500000005,45151.7492,45874.74020000001,BEAR,3,0.3062890075641666,176196.8964585132,,45173.69,48276.071500000005,45151.7492,45874.74020000001,BEAR,3,0.3062890075641666,176196.8964585132,,45173.69,48276.071500000005,45151.7492,45874.74020000001,BEAR,3,0.3062890075641666,176196.8964585132,
2021-09-13 00:00:00+00:00,46025.24,48102.890999999996,45387.0912,45856.4854,BEAR,3,0.2989110600638859,174342.67885824444,,46025.24,48102.890999999996,45387.0912,45856.4854,BEAR,3,0.2989110600638859,174342.67885824444,,46025.24,48102.890999999996,45387.0912,45856.4854,BEAR,3,0.2989110600638859,174342.67885824444,
2021-09-14 00:00:00+00:00,44940.73,47966.227,45578.2854,45845.8204,BEAR,3,0.30835539347071184,176723.30956169043,,44940.73,47966.227,45578.2854,45845.8204,BEAR,3,0.30835539347071184,176723.30956169043,,44940.73,47966.227,45578.2854,45845.8204,BEAR,3,0.30835539347071184,176723.30956169043,
2021-09-15 00:00:00+00:00,47111.52,47873.137,45775.76380000001,45849.993650000004,BEAR,3,0.3191599901959078,179527.82172939548,,47111.52,47873.137,45775.76380000001,45849.993650000004,BEAR,3,0.3191599901959078,179527.82172939548,,47111.52,47873.137,45775.76380000001,45849.993650000004,BEAR,3,0.3191599901959078,179527.82172939548,
2021-09-16 00:00:00+00:00,48121.41,47937.014,45949.0346,45860.06855,BEAR,3,0.3164843570671294,178825.0571440885,,48121.41,47937.014,45949.0346,45860.06855,BEAR,3,0.3164843570671294,178825.0571440885,,48121.41,47937.014,45949.0346,45860.06855,BEAR,3,0.3164843570671294,178825.0571440885,
2021-09-17 00:00:00+00:00,47737.82,47870.409999999996,46103.39980000001,45873.07935000001,BEAR,3,0.3064341381136418,176233.76613997255,,47737.82,47870.409999999996,46103.39980000001,45873.07935000001,BEAR,3,0.3064341381136418,176233.76613997255,,47737.82,47870.409999999996,46103.39980000001,45873.07935000001,BEAR,3,0.3064341381136418,176233.76613997255,
2021-09-18 00:00:00+00:00,47299.98,47790.641500000005,46249.069800000005,45861.644100000005,BEAR,3,0.30878253797918925,176832.51743815021,,47299.98,47790.641500000005,46249.069800000005,45861.644100000005,BEAR,3,0.30878253797918925,176832.51743815021,,47299.98,47790.641500000005,46249.069800000005,45861.644100000005,BEAR,3,0.30878253797918925,176832.51743815021,
2021-09-19 00:00:00+00:00,48292.74,47766.887,46370.7972,45860.90455,BEAR,3,0.3021816836615946,175159.81028946498,,48292.74,47766.887,46370.7972,45860.90455,BEAR,3,0.3021816836615946,175159.81028946498,,48292.74,47766.887,46370.7972,45860.90455,BEAR,3,0.3021816836615946,175159.81028946498,
2021-09-20 00:00:00+00:00,47241.75,47779.829000000005,46486.395599999996,45845.366449999994,BEAR,3,0.2793575163776571,169612.15399341373,,47241.75,47779.829000000005,46486.395599999996,45845.366449999994,BEAR,3,0.2793575163776571,169612.15399341373,,47241.75,47779.829000000005,46486.395599999996,45845.366449999994,BEAR,3,0.2793575163776571,169612.15399341373,
2021-09-21 00:00:00+00:00,43015.62,47575.565500000004,46549.7992,45818.5741,BEAR,3,0.2649506174780712,166287.7716963492,CRASH_L1:NOTIONAL_BELOW_GUARD,43015.62,47575.565500000004,46549.7992,45818.5741,BEAR,3,0.2649506174780712,166287.7716963492,CRASH_L1:NOTIONAL_BELOW_GUARD,43015.62,47575.565500000004,46549.7992,45818.5741,BEAR,3,0.2649506174780712,166287.7716963492,CRASH_L1:NOTIONAL_BELOW_GUARD
2021-09-22 00:00:00+00:00,40734.38,47171.7585,46581.5304,45778.48745,BEAR,3,0.28599539709238087,171188.9859093297,,40734.38,47171.7585,46581.5304,45778.48745,BEAR,3,0.28599539709238087,171188.9859093297,,40734.38,47171.7585,46581.5304,45778.48745,BEAR,3,0.28599539709238087,171188.9859093297,
2021-09-23 00:00:00+00:00,43543.61,46886.607,46688.2616,45751.79449999999,BEAR,3,0.2910644380809737,172413.0237951159,,43543.61,46886.607,46688.2616,45751.79449999999,BEAR,3,0.2910644380809737,172413.0237951159,,43543.61,46886.607,46688.2616,45751.79449999999,BEAR,3,0.2910644380809737,172413.0237951159,
2021-09-24 00:00:00+00:00,44865.26,46629.913,46791.103200000005,45721.26205,BEAR,3,0.27632676549018026,168901.8165624728,STAGE4_SELL:EXPOSURE_GAP_BELOW_5PP,44865.26,46629.913,46791.103200000005,45721.26205,BEAR,3,0.27632676549018026,168901.8165624728,STAGE4_SELL:EXPOSURE_GAP_BELOW_5PP,44865.26,46629.913,46791.103200000005,45721.26205,BEAR,3,0.27632676549018026,168901.8165624728,STAGE4_SELL:EXPOSURE_GAP_BELOW_5PP
2021-09-25 00:00:00+00:00,42810.57,46274.6595,46830.0654,45673.43904999999,DEEP_BEAR,4,0.27590718627777533,168803.94555778388,DEEP_BEAR_TO_BEAR_NO_AUTO_BUY,42810.57,46274.6595,46830.0654,45673.43904999999,DEEP_BEAR,4,0.27590718627777533,168803.94555778388,DEEP_BEAR_TO_BEAR_NO_AUTO_BUY,42810.57,46274.6595,46830.0654,45673.43904999999,DEEP_BEAR,4,0.27590718627777533,168803.94555778388,DEEP_BEAR_TO_BEAR_NO_AUTO_BUY
2021-09-26 00:00:00+00:00,42670.64,45820.3475,46826.7408,45612.36975,BEAR,3,0.28500835851066914,170952.66128110795,STAGE4_SELL:EXPOSURE_GAP_BELOW_5PP,42670.64,45820.3475,46826.7408,45612.36975,BEAR,3,0.28500835851066914,170952.66128110795,STAGE4_SELL:EXPOSURE_GAP_BELOW_5PP,42670.64,45820.3475,46826.7408,45612.36975,BEAR,3,0.28500835851066914,170952.66128110795,STAGE4_SELL:EXPOSURE_GAP_BELOW_5PP
2021-09-27 00:00:00+00:00,43160.9,45345.1975,46798.508,45548.9163,DEEP_BEAR,4,0.2761780785613958,168867.12088439654,DEEP_BEAR_TO_BEAR_NO_AUTO_BUY,43160.9,45345.1975,46798.508,45548.9163,DEEP_BEAR,4,0.2761780785613958,168867.12088439654,DEEP_BEAR_TO_BEAR_NO_AUTO_BUY,43160.9,45345.1975,46798.508,45548.9163,DEEP_BEAR,4,0.2761780785613958,168867.12088439654,DEEP_BEAR_TO_BEAR_NO_AUTO_BUY
2021-09-28 00:00:00+00:00,42147.35,45109.378500000006,46765.567599999995,45470.787249999994,BEAR,3,0.26799294350746167,166978.88746048568,STAGE4_SELL:EXPOSURE_GAP_BELOW_5PP,42147.35,45109.378500000006,46765.567599999995,45470.787249999994,BEAR,3,0.26799294350746167,166978.88746048568,STAGE4_SELL:EXPOSURE_GAP_BELOW_5PP,42147.35,45109.378500000006,46765.567599999995,45470.787249999994,BEAR,3,0.26799294350746167,166978.88746048568,STAGE4_SELL:EXPOSURE_GAP_BELOW_5PP
2021-09-29 00:00:00+00:00,41026.54,44858.29,46661.0304,45389.81135,DEEP_BEAR,4,0.271187528684513,167710.8017728176,DEEP_BEAR_TO_BEAR_NO_AUTO_BUY,41026.54,44858.29,46661.0304,45389.81135,DEEP_BEAR,4,0.271187528684513,167710.8017728176,DEEP_BEAR_TO_BEAR_NO_AUTO_BUY,41026.54,44858.29,46661.0304,45389.81135,DEEP_BEAR,4,0.271187528684513,167710.8017728176,DEEP_BEAR_TO_BEAR_NO_AUTO_BUY
2021-09-30 00:00:00+00:00,41524.28,44614.746999999996,46579.816199999994,45291.4908,BEAR,3,0.28152230674448037,170123.1994448005,STAGE4_SELL:EXPOSURE_GAP_BELOW_5PP,41524.28,44614.746999999996,46579.816199999994,45291.4908,BEAR,3,0.28152230674448037,170123.1994448005,STAGE4_SELL:EXPOSURE_GAP_BELOW_5PP,41524.28,44614.746999999996,46579.816199999994,45291.4908,BEAR,3,0.28152230674448037,170123.1994448005,STAGE4_SELL:EXPOSURE_GAP_BELOW_5PP
2021-10-01 00:00:00+00:00,43824.1,44563.4065,46546.078199999996,45215.76975,DEEP_BEAR,4,0.30180217787322955,175064.60208372853,DEEP_BEAR_TO_BEAR_NO_AUTO_BUY,43824.1,44563.4065,46546.078199999996,45215.76975,DEEP_BEAR,4,0.30180217787322955,175064.60208372853,DEEP_BEAR_TO_BEAR_NO_AUTO_BUY,43824.1,44563.4065,46546.078199999996,45215.76975,DEEP_BEAR,4,0.30180217787322955,175064.60208372853,DEEP_BEAR_TO_BEAR_NO_AUTO_BUY
2021-10-02 00:00:00+00:00,48141.61,44711.802500000005,46620.9304,45178.451799999995,BEAR,3,0.3065150852660321,176254.33705827367,,48141.61,44711.802500000005,46620.9304,45178.451799999995,BEAR,3,0.3065150852660321,176254.33705827367,,48141.61,44711.802500000005,46620.9304,45178.451799999995,BEAR,3,0.3065150852660321,176254.33705827367,
2021-10-03 00:00:00+00:00,47634.9,44792.2855,46617.6284,45132.12255,BEAR,3,0.3084596019923738,176749.9400736398,,47634.9,44792.2855,46617.6284,45132.12255,BEAR,3,0.3084596019923738,176749.9400736398,,47634.9,44792.2855,46617.6284,45132.12255,BEAR,3,0.3084596019923738,176749.9400736398,
2021-10-04 00:00:00+00:00,48200.01,44955.2495,46640.2584,45078.55774999999,BEAR,3,0.30677207429454145,176319.67694025414,,48200.01,44955.2495,46640.2584,45078.55774999999,BEAR,3,0.30677207429454145,176319.67694025414,,48200.01,44955.2495,46640.2584,45078.55774999999,BEAR,3,0.30677207429454145,176319.67694025414,
2021-10-05 00:00:00+00:00,49224.94,45060.9205,46685.2808,45036.44165,BEAR,3,0.3148820794868568,178406.8409928625,,49224.94,45060.9205,46685.2808,45036.44165,BEAR,3,0.3148820794868568,178406.8409928625,,49224.94,45060.9205,46685.2808,45036.44165,BEAR,3,0.3148820794868568,178406.8409928625,
2021-10-06 00:00:00+00:00,51471.99,45228.4495,46796.694800000005,45003.65155,BEAR,3,0.3190260709485474,179492.5160741559,,51471.99,45228.4495,46796.694800000005,45003.65155,BEAR,3,0.3190260709485474,179492.5160741559,,51471.99,45228.4495,46796.694800000005,45003.65155,BEAR,3,0.3190260709485474,179492.5160741559,
2021-10-07 00:00:00+00:00,55315.0,45607.3085,47009.0758,44989.71515,BEAR,3,0.3195683520644875,179635.5655666581,,55315.0,45607.3085,47009.0758,44989.71515,BEAR,3,0.3195683520644875,179635.5655666581,,55315.0,45607.3085,47009.0758,44989.71515,BEAR,3,0.3195683520644875,179635.5655666581,
2021-10-08 00:00:00+00:00,53785.22,45931.570499999994,47190.674399999996,44971.883449999994,BEAR,3,0.31821756859393696,179279.66206795684,,53785.22,45931.570499999994,47190.674399999996,44971.883449999994,BEAR,3,0.31821756859393696,179279.66206795684,,53785.22,45931.570499999994,47190.674399999996,44971.883449999994,BEAR,3,0.31821756859393696,179279.66206795684,
2021-10-09 00:00:00+00:00,53951.43,46214.505,47334.4906,44971.22435,BEAR,3,0.3191026345035555,179512.6991235028,,53951.43,46214.505,47334.4906,44971.22435,BEAR,3,0.3191026345035555,179512.6991235028,,53951.43,46214.505,47334.4906,44971.22435,BEAR,3,0.3191026345035555,179512.6991235028,
2021-10-10 00:00:00+00:00,54949.72,46599.9035,47447.0356,44974.2685,BEAR,3,0.3095975547542086,177041.2673767888,,54949.72,46599.9035,47447.0356,44974.2685,BEAR,3,0.3095975547542086,177041.2673767888,,54949.72,46599.9035,47447.0356,44974.2685,BEAR,3,0.3095975547542086,177041.2673767888,
2021-10-11 00:00:00+00:00,54659.0,47182.072499999995,47563.7782,44986.04525,BEAR,3,0.3176801867383378,179138.46488212002,,54659.0,47182.072499999995,47563.7782,44986.04525,BEAR,3,0.3176801867383378,179138.46488212002,,54659.0,47182.072499999995,47563.7782,44986.04525,BEAR,3,0.3176801867383378,179138.46488212002,
2021-10-12 00:00:00+00:00,57471.35,48018.920999999995,47728.4208,45016.933099999995,BEAR,3,0.31450671870486585,178309.14939883098,,57471.35,48018.920999999995,47728.4208,45016.933099999995,BEAR,3,0.31450671870486585,178309.14939883098,,57471.35,48018.920999999995,47728.4208,45016.933099999995,BEAR,3,0.31450671870486585,178309.14939883098,
2021-10-13 00:00:00+00:00,55996.93,48641.587,47858.5824,45021.7898,BEAR,3,0.3215617648363263,180163.3775502953,,55996.93,48641.587,47858.5824,45021.7898,BEAR,3,0.3215617648363263,180163.3775502953,,55996.93,48641.587,47858.5824,45021.7898,BEAR,3,0.3215617648363263,180163.3775502953,
2021-10-14 00:00:00+00:00,57367.0,49266.674,48052.4422,45029.5391,BEAR,3,0.3320652450069548,182996.50226708394,,57367.0,49266.674,48052.4422,45029.5391,BEAR,3,0.3320652450069548,182996.50226708394,,57367.0,49266.674,48052.4422,45029.5391,BEAR,3,0.3320652450069548,182996.50226708394,
2021-10-15 00:00:00+00:00,57347.94,49993.542499999996,48219.9346,45037.39065,BEAR,3,0.33713220728479004,184395.32777068097,,57347.94,49993.542499999996,48219.9346,45037.39065,BEAR,3,0.33713220728479004,184395.32777068097,,57347.94,49993.542499999996,48219.9346,45037.39065,BEAR,3,0.33713220728479004,184395.32777068097,
2021-10-16 00:00:00+00:00,61672.42,50943.6315,48516.5056,45057.5754,BEAR,3,0.33488621415502634,183772.6513983858,,61672.42,50943.6315,48516.5056,45057.5754,BEAR,3,0.33488621415502634,183772.6513983858,,61672.42,50943.6315,48516.5056,45057.5754,BEAR,3,0.33488621415502634,183772.6513983858,
2021-10-17 00:00:00+00:00,60875.57,51829.365,48752.619000000006,45068.2204,BEAR,3,0.3359705174291186,184072.73639887158,,60875.57,51829.365,48752.619000000006,45068.2204,BEAR,3,0.3359705174291186,184072.73639887158,,60875.57,51829.365,48752.619000000006,45068.2204,BEAR,3,0.3359705174291186,184072.73639887158,
2021-10-18 00:00:00+00:00,61528.33,52798.414000000004,49005.278600000005,45082.1593,BEAR,3,0.33038655125395455,182537.7374591908,,61528.33,52798.414000000004,49005.278600000005,45082.1593,BEAR,3,0.33038655125395455,182537.7374591908,,61528.33,52798.414000000004,49005.278600000005,45082.1593,BEAR,3,0.33038655125395455,182537.7374591908,
2021-10-19 00:00:00+00:00,62009.84,53847.579000000005,49270.1188,45098.60630000001,BEAR,3,0.33815533067698667,184680.378299904,,62009.84,53847.579000000005,49270.1188,45098.60630000001,BEAR,3,0.33815533067698667,184680.378299904,,62009.84,53847.579000000005,49270.1188,45098.60630000001,BEAR,3,0.33815533067698667,184680.378299904,
2021-10-20 00:00:00+00:00,64280.59,54985.39450000001,49616.072400000005,45125.2592,BEAR,3,0.35375753549186906,189139.10895561564,,64280.59,54985.39450000001,49616.072400000005,45125.2592,BEAR,3,0.35375753549186906,189139.10895561564,,64280.59,54985.39450000001,49616.072400000005,45125.2592,BEAR,3,0.35375753549186906,189139.10895561564,
2021-10-21 00:00:00+00:00,66001.41,56094.259999999995,49994.082800000004,45170.006550000006,BEAR,3,0.34748258666190585,187320.24833031863,,66001.41,56094.259999999995,49994.082800000004,45170.006550000006,BEAR,3,0.34748258666190585,187320.24833031863,,66001.41,56094.259999999995,49994.082800000004,45170.006550000006,BEAR,3,0.34748258666190585,187320.24833031863,
2021-10-22 00:00:00+00:00,62193.15,56796.837,50261.7354,45189.96225,BEAR,3,0.34293162623822243,186022.83839438568,,62193.15,56796.837,50261.7354,45189.96225,BEAR,3,0.34293162623822243,186022.83839438568,,62193.15,56796.837,50261.7354,45189.96225,BEAR,3,0.34293162623822243,186022.83839438568,
2021-10-23 00:00:00+00:00,60688.22,57449.503000000004,50490.567,45197.7534,BEAR,3,0.3534888500276912,189060.5040788303,,60688.22,57449.503000000004,50490.567,45197.7534,BEAR,3,0.3534888500276912,189060.5040788303,,60688.22,57449.503000000004,50490.567,45197.7534,BEAR,3,0.3534888500276912,189060.5040788303,
2021-10-24 00:00:00+00:00,61286.75,58103.840000000004,50716.3192,45214.2314,BEAR,3,0.34897141428493406,187748.62822973632,,61286.75,58103.840000000004,50716.3192,45214.2314,BEAR,3,0.34897141428493406,187748.62822973632,,61286.75,58103.840000000004,50716.3192,45214.2314,BEAR,3,0.34897141428493406,187748.62822973632,
2021-10-25 00:00:00+00:00,60852.22,58685.204000000005,50935.0508,45238.72525,BEAR,3,0.3566302974222492,189983.64924027113,,60852.22,58685.204000000005,50935.0508,45238.72525,BEAR,3,0.3566302974222492,189983.64924027113,,60852.22,58685.204000000005,50935.0508,45238.72525,BEAR,3,0.3566302974222492,189983.64924027113,
2021-10-26 00:00:00+00:00,63078.78,59265.54350000001,51161.48880000001,45263.731550000004,BEAR,3,0.35158509478716204,188505.41979171167,,63078.78,59265.54350000001,51161.48880000001,45263.731550000004,BEAR,3,0.35158509478716204,188505.41979171167,,63078.78,59265.54350000001,51161.48880000001,45263.731550000004,BEAR,3,0.35158509478716204,188505.41979171167,
2021-10-27 00:00:00+00:00,60328.81,59516.234,51314.78699999999,45274.6629,BEAR,3,0.340038797636319,185207.43866242084,,60328.81,59516.234,51314.78699999999,45274.6629,BEAR,3,0.340038797636319,185207.43866242084,,60328.81,59516.234,51314.78699999999,45274.6629,BEAR,3,0.340038797636319,185207.43866242084,
2021-10-28 00:00:00+00:00,58413.44,59747.645000000004,51545.7812,45267.884450000005,BEAR,3,0.35977919583141893,190918.07562405264,,58413.44,59747.645000000004,51545.7812,45267.884450000005,BEAR,3,0.35977919583141893,190918.07562405264,,58413.44,59747.645000000004,51545.7812,45267.884450000005,BEAR,3,0.35977919583141893,190918.07562405264,
2021-10-29 00:00:00+00:00,60575.89,60078.868,51836.3328,45270.75175000001,BEAR,3,0.36685117878330226,193050.54326953465,,60575.89,60078.868,51836.3328,45270.75175000001,BEAR,3,0.36685117878330226,193050.54326953465,,60575.89,60078.868,51836.3328,45270.75175000001,BEAR,3,0.36685117878330226,193050.54326953465,
2021-10-30 00:00:00+00:00,62253.71,60444.06749999999,52153.504199999996,45282.7203,BEAR,3,0.36193876407485703,191564.25280894025,,62253.71,60444.06749999999,52153.504199999996,45282.7203,BEAR,3,0.36193876407485703,191564.25280894025,,62253.71,60444.06749999999,52153.504199999996,45282.7203,BEAR,3,0.36193876407485703,191564.25280894025,
2021-10-31 00:00:00+00:00,61859.19,60804.07699999999,52493.6698,45274.14125,BEAR,3,0.36007054771748603,191004.99823906744,,61859.19,60804.07699999999,52493.6698,45274.14125,BEAR,3,0.36007054771748603,191004.99823906744,,61859.19,60804.07699999999,52493.6698,45274.14125,BEAR,3,0.36007054771748603,191004.99823906744,
2021-11-01 00:00:00+00:00,61299.8,60995.4995,52816.192,45265.842599999996,BEAR,3,0.3617072792493267,191494.77964059962,,61299.8,60995.4995,52816.192,45265.842599999996,BEAR,3,0.3617072792493267,191494.77964059962,,61299.8,60995.4995,52816.192,45265.842599999996,BEAR,3,0.3617072792493267,191494.77964059962,
2021-11-02 00:00:00+00:00,60911.11,61241.20850000001,53113.9094,45254.598249999995,BEAR,3,0.3756612489075942,195774.68752737762,,60911.11,61241.20850000001,53113.9094,45254.598249999995,BEAR,3,0.3756612489075942,195774.68752737762,,60911.11,61241.20850000001,53113.9094,45254.598249999995,BEAR,3,0.3756612489075942,195774.68752737762,
2021-11-03 00:00:00+00:00,63219.99,61533.85800000001,53479.4946,45264.0242,BEAR,3,0.37631150532433205,195978.80183746404,,63219.99,61533.85800000001,53479.4946,45264.0242,BEAR,3,0.37631150532433205,195978.80183746404,,63219.99,61533.85800000001,53479.4946,45264.0242,BEAR,3,0.37631150532433205,195978.80183746404,
2021-11-04 00:00:00+00:00,62896.48,61811.284999999996,53795.1938,45278.4733,BEAR,3,0.3726281002768243,194828.17760929704,,62896.48,61811.284999999996,53795.1938,45278.4733,BEAR,3,0.3726281002768243,194828.17760929704,,62896.48,61811.284999999996,53795.1938,45278.4733,BEAR,3,0.3726281002768243,194828.17760929704,
2021-11-05 00:00:00+00:00,61395.01,61797.4145,54060.6658,45304.698300000004,BEAR,3,0.3697062775415466,193925.0218605912,,61395.01,61797.4145,54060.6658,45304.698300000004,BEAR,3,0.3697062775415466,193925.0218605912,,61395.01,61797.4145,54060.6658,45304.698300000004,BEAR,3,0.3697062775415466,193925.0218605912,
2021-11-06 00:00:00+00:00,60937.12,61800.49199999999,54324.6518,45331.2182,BEAR,3,0.3720066781179083,194635.38806436237,,60937.12,61800.49199999999,54324.6518,45331.2182,BEAR,3,0.3720066781179083,194635.38806436237,,60937.12,61800.49199999999,54324.6518,45331.2182,BEAR,3,0.3720066781179083,194635.38806436237,
2021-11-07 00:00:00+00:00,61470.61,61797.60600000001,54608.064399999996,45356.44625,BEAR,3,0.3769757557738277,196187.74877398944,,61470.61,61797.60600000001,54608.064399999996,45356.44625,BEAR,3,0.3769757557738277,196187.74877398944,,61470.61,61797.60600000001,54608.064399999996,45356.44625,BEAR,3,0.3769757557738277,196187.74877398944,
2021-11-08 00:00:00+00:00,63273.59,61860.79350000001,54907.68140000001,45403.876050000006,BEAR,3,0.38703400523782233,199407.02249522408,,63273.59,61860.79350000001,54907.68140000001,45403.876050000006,BEAR,3,0.38703400523782233,199407.02249522408,,63273.59,61860.79350000001,54907.68140000001,45403.876050000006,BEAR,3,0.38703400523782233,199407.02249522408,
2021-11-09 00:00:00+00:00,67525.83,62023.055499999995,55313.363,45483.0504,BEAR,3,0.38338675025767266,198227.53396464765,,67525.83,62023.055499999995,55313.363,45483.0504,BEAR,3,0.38338675025767266,198227.53396464765,,67525.83,62023.055499999995,55313.363,45483.0504,BEAR,3,0.38338675025767266,198227.53396464765,
2021-11-10 00:00:00+00:00,66947.66,62070.368,55792.0038,45562.163,BEAR,3,0.37811692314057743,196547.757053661,,66947.66,62070.368,55792.0038,45562.163,BEAR,3,0.37811692314057743,196547.757053661,,66947.66,62070.368,55792.0038,45562.163,BEAR,3,0.37811692314057743,196547.757053661,
2021-11-11 00:00:00+00:00,64882.43,62204.83200000001,56274.9648,45636.33595,BEAR,3,0.38249956798282425,197942.73423755134,,64882.43,62204.83200000001,56274.9648,45636.33595,BEAR,3,0.38249956798282425,197942.73423755134,,64882.43,62204.83200000001,56274.9648,45636.33595,BEAR,3,0.38249956798282425,197942.73423755134,
2021-11-12 00:00:00+00:00,64774.26,62409.134,56699.57779999999,45714.8734,BEAR,3,0.37985828562131424,197099.6645965185,,64774.26,62409.134,56699.57779999999,45714.8734,BEAR,3,0.37985828562131424,197099.6645965185,,64774.26,62409.134,56699.57779999999,45714.8734,BEAR,3,0.37985828562131424,197099.6645965185,
2021-11-13 00:00:00+00:00,64122.23,62550.907999999996,57084.7172,45765.4776,BEAR,3,0.37890835512941523,196798.20991927473,,64122.23,62550.907999999996,57084.7172,45765.4776,BEAR,3,0.37890835512941523,196798.20991927473,,64122.23,62550.907999999996,57084.7172,45765.4776,BEAR,3,0.37890835512941523,196798.20991927473,
2021-11-14 00:00:00+00:00,64380.0,62727.297,57516.1058,45812.31775,BEAR,3,0.37825617692472957,196591.77843018377,,64380.0,62727.297,57516.1058,45812.31775,BEAR,3,0.37825617692472957,196591.77843018377,,64380.0,62727.297,57516.1058,45812.31775,BEAR,3,0.37825617692472957,196591.77843018377,
2021-11-15 00:00:00+00:00,65519.1,62849.313,57973.075,45865.68215,BEAR,3,0.3749304917930891,195545.81098825316,,65519.1,62849.313,57973.075,45865.68215,BEAR,3,0.3749304917930891,195545.81098825316,,65519.1,62849.313,57973.075,45865.68215,BEAR,3,0.3749304917930891,195545.81098825316,
2021-11-16 00:00:00+00:00,63606.74,63013.20950000001,58381.9918,45915.94085,BEAR,3,0.3564751711977048,189937.8523340559,,63606.74,63013.20950000001,58381.9918,45915.94085,BEAR,3,0.3564751711977048,189937.8523340559,,63606.74,63013.20950000001,58381.9918,45915.94085,BEAR,3,0.3564751711977048,189937.8523340559,
2021-11-17 00:00:00+00:00,60058.87,63095.48099999999,58740.2222,45927.763849999996,BEAR,3,0.3606051115270416,191164.68728466908,,60058.87,63095.48099999999,58740.2222,45927.763849999996,BEAR,3,0.3606051115270416,191164.68728466908,,60058.87,63095.48099999999,58740.2222,45927.763849999996,BEAR,3,0.3606051115270416,191164.68728466908,
2021-11-18 00:00:00+00:00,60344.87,63083.93000000001,59126.5888,45940.48635,BEAR,3,0.3447212628461334,186530.8867448389,,60344.87,63083.93000000001,59126.5888,45940.48635,BEAR,3,0.3447212628461334,186530.8867448389,,60344.87,63083.93000000001,59126.5888,45940.48635,BEAR,3,0.3447212628461334,186530.8867448389,
2021-11-19 00:00:00+00:00,56891.62,62815.8255,59433.935600000004,45942.0534,BEAR,3,0.3606678022494633,191183.43223821523,,56891.62,62815.8255,59433.935600000004,45942.0534,BEAR,3,0.3606678022494633,191183.43223821523,,56891.62,62815.8255,59433.935600000004,45942.0534,BEAR,3,0.3606678022494633,191183.43223821523,
2021-11-20 00:00:00+00:00,58052.24,62625.478,59718.4984,45946.46765,BEAR,3,0.3669609069467954,193084.00578678952,,58052.24,62625.478,59718.4984,45946.46765,BEAR,3,0.3669609069467954,193084.00578678952,,58052.24,62625.478,59718.4984,45946.46765,BEAR,3,0.3669609069467954,193084.00578678952,
2021-11-21 00:00:00+00:00,59707.51,62545.8635,59949.816399999996,45979.00515,BEAR,3,0.3589614766620254,190674.53742074998,,59707.51,62545.8635,59949.816399999996,45979.00515,BEAR,3,0.3589614766620254,190674.53742074998,,59707.51,62545.8635,59949.816399999996,45979.00515,BEAR,3,0.3589614766620254,190674.53742074998,
2021-11-22 00:00:00+00:00,58622.02,62431.409,60169.5588,45984.934700000005,BEAR,3,0.3495521813451872,187916.26384285753,,58622.02,62431.409,60169.5588,45984.934700000005,BEAR,3,0.3495521813451872,187916.26384285753,,58622.02,62431.409,60169.5588,45984.934700000005,BEAR,3,0.3495521813451872,187916.26384285753,
2021-11-23 00:00:00+00:00,56247.18,62082.76849999999,60330.50220000001,45984.20220000001,BEAR,3,0.3630329796857851,191893.3320065036,,56247.18,62082.76849999999,60330.50220000001,45984.20220000001,BEAR,3,0.3630329796857851,191893.3320065036,,56247.18,62082.76849999999,60330.50220000001,45984.20220000001,BEAR,3,0.3630329796857851,191893.3320065036,
2021-11-24 00:00:00+00:00,57541.27,61815.007999999994,60496.828799999996,45985.334800000004,BEAR,3,0.3594059311132053,190806.83047652332,,57541.27,61815.007999999994,60496.828799999996,45985.334800000004,BEAR,3,0.3594059311132053,190806.83047652332,,57541.27,61815.007999999994,60496.828799999996,45985.334800000004,BEAR,3,0.3594059311132053,190806.83047652332,
2021-11-25 00:00:00+00:00,57138.29,61602.172,60610.1548,45976.71599999999,BEAR,3,0.37267319506306584,194842.1826461518,,57138.29,61602.172,60610.1548,45976.71599999999,BEAR,3,0.37267319506306584,194842.1826461518,,57138.29,61602.172,60610.1548,45976.71599999999,BEAR,3,0.37267319506306584,194842.1826461518,
2021-11-26 00:00:00+00:00,58960.36,61503.33400000001,60683.062000000005,45980.3136,BEAR,3,0.3468768916397057,187146.53078684382,,58960.36,61503.33400000001,60683.062000000005,45980.3136,BEAR,3,0.3468768916397057,187146.53078684382,,58960.36,61503.33400000001,60683.062000000005,45980.3136,BEAR,3,0.3468768916397057,187146.53078684382,
2021-11-27 00:00:00+00:00,53726.53,61116.130000000005,60681.8882,45969.865549999995,BEAR,3,0.3499851350707577,188041.4287443324,,53726.53,61116.130000000005,60681.8882,45969.865549999995,BEAR,3,0.3499851350707577,188041.4287443324,,53726.53,61116.130000000005,60681.8882,45969.865549999995,BEAR,3,0.3499851350707577,188041.4287443324,
2021-11-28 00:00:00+00:00,54721.03,60688.50199999999,60697.28020000001,45960.120599999995,BEAR,3,0.360904095217425,191254.11850030924,,54721.03,60688.50199999999,60697.28020000001,45960.120599999995,BEAR,3,0.360904095217425,191254.11850030924,,54721.03,60688.50199999999,60697.28020000001,45960.120599999995,BEAR,3,0.360904095217425,191254.11850030924,
2021-11-29 00:00:00+00:00,57274.88,60175.95450000001,60743.7834,45998.3384,BEAR,3,0.36863532752512385,193596.07725155517,,57274.88,60175.95450000001,60743.7834,45998.3384,BEAR,3,0.36863532752512385,193596.07725155517,,57274.88,60175.95450000001,60743.7834,45998.3384,BEAR,3,0.36863532752512385,193596.07725155517,
2021-11-30 00:00:00+00:00,57776.25,59717.384,60806.1284,46038.8648,BEAR,3,0.37772299109605034,196423.33262744,,57776.25,59717.384,60806.1284,46038.8648,BEAR,3,0.37772299109605034,196423.33262744,,57776.25,59717.384,60806.1284,46038.8648,BEAR,3,0.37772299109605034,196423.33262744,
2021-12-01 00:00:00+00:00,56950.56,59320.7905,60795.712600000006,46074.41035,BEAR,3,0.37548491502033726,195719.40990077023,,56950.56,59320.7905,60795.712600000006,46074.41035,BEAR,3,0.37548491502033726,195719.40990077023,,56950.56,59320.7905,60795.712600000006,46074.41035,BEAR,3,0.37548491502033726,195719.40990077023,
2021-12-02 00:00:00+00:00,57184.07,58941.280999999995,60819.4554,46126.51575,BEAR,3,0.3718631191113139,194590.90466622295,,57184.07,58941.280999999995,60819.4554,46126.51575,BEAR,3,0.3718631191113139,194590.90466622295,,57184.07,58941.280999999995,60819.4554,46126.51575,BEAR,3,0.3718631191113139,194590.90466622295,
2021-12-03 00:00:00+00:00,56480.34,58559.186499999996,60801.7222,46176.75995,BEAR,3,0.356366305780561,189905.72588742728,,56480.34,58559.186499999996,60801.7222,46176.75995,BEAR,3,0.356366305780561,189905.72588742728,,56480.34,58559.186499999996,60801.7222,46176.75995,BEAR,3,0.356366305780561,189905.72588742728,
2021-12-04 00:00:00+00:00,53601.05,58020.239,60726.784400000004,46227.075,BEAR,3,0.35042777427736443,188169.56616390264,,53601.05,58020.239,60726.784400000004,46227.075,BEAR,3,0.35042777427736443,188169.56616390264,,53601.05,58020.239,60726.784400000004,46227.075,BEAR,3,0.35042777427736443,188169.56616390264,
2021-12-05 00:00:00+00:00,49152.47,57201.907499999994,60476.3854,46258.588449999996,BEAR,3,0.3546918814119858,189412.96473039483,,49152.47,57201.907499999994,60476.3854,46258.588449999996,BEAR,3,0.3546918814119858,189412.96473039483,,49152.47,57201.907499999994,60476.3854,46258.588449999996,BEAR,3,0.3546918814119858,189412.96473039483,
2021-12-06 00:00:00+00:00,49396.33,56491.387,60246.800599999995,46322.11965,BEAR,3,0.36274434517488313,191806.4170648947,,49396.33,56491.387,60246.800599999995,46322.11965,BEAR,3,0.36274434517488313,191806.4170648947,,49396.33,56491.387,60246.800599999995,46322.11965,BEAR,3,0.36274434517488313,191806.4170648947,
2021-12-07 00:00:00+00:00,50441.92,56010.5395,60025.07239999999,46371.696050000006,BEAR,3,0.36069759455717876,191192.3416300693,,50441.92,56010.5395,60025.07239999999,46371.696050000006,BEAR,3,0.36069759455717876,191192.3416300693,,50441.92,56010.5395,60025.07239999999,46371.696050000006,BEAR,3,0.36069759455717876,191192.3416300693,
2021-12-08 00:00:00+00:00,50588.95,55522.7435,59796.6546,46438.380750000004,BEAR,3,0.36736134023163747,193206.21972596925,,50588.95,55522.7435,59796.6546,46438.380750000004,BEAR,3,0.36736134023163747,193206.21972596925,,50588.95,55522.7435,59796.6546,46438.380750000004,BEAR,3,0.36736134023163747,193206.21972596925,
2021-12-09 00:00:00+00:00,50471.19,55201.721999999994,59520.4666,46503.48805000001,BEAR,3,0.3497166584226135,187963.7937669715,,50471.19,55201.721999999994,59520.4666,46503.48805000001,BEAR,3,0.3497166584226135,187963.7937669715,,50471.19,55201.721999999994,59520.4666,46503.48805000001,BEAR,3,0.3497166584226135,187963.7937669715,
2021-12-10 00:00:00+00:00,47545.59,54676.389500000005,59151.35019999999,46567.939750000005,BEAR,3,0.33843292040130313,184757.8691196256,,47545.59,54676.389500000005,59151.35019999999,46567.939750000005,BEAR,3,0.33843292040130313,184757.8691196256,,47545.59,54676.389500000005,59151.35019999999,46567.939750000005,BEAR,3,0.33843292040130313,184757.8691196256,
2021-12-11 00:00:00+00:00,47140.54,54048.041000000005,58850.297999999995,46609.66099999999,BEAR,3,0.349279035286671,187837.3842776012,,47140.54,54048.041000000005,58850.297999999995,46609.66099999999,BEAR,3,0.349279035286671,187837.3842776012,,47140.54,54048.041000000005,58850.297999999995,46609.66099999999,BEAR,3,0.349279035286671,187837.3842776012,
2021-12-12 00:00:00+00:00,49389.99,53586.4395,58624.333399999996,46664.98735,BEAR,3,0.35160324174809554,188510.69557454862,,49389.99,53586.4395,58624.333399999996,46664.98735,BEAR,3,0.35160324174809554,188510.69557454862,,49389.99,53586.4395,58624.333399999996,46664.98735,BEAR,3,0.35160324174809554,188510.69557454862,
2021-12-13 00:00:00+00:00,50053.9,53276.7755,58399.6764,46719.047300000006,BEAR,3,0.3320185341944921,182983.70563164374,,50053.9,53276.7755,58399.6764,46719.047300000006,BEAR,3,0.3320185341944921,182983.70563164374,,50053.9,53276.7755,58399.6764,46719.047300000006,BEAR,3,0.3320185341944921,182983.70563164374,
2021-12-14 00:00:00+00:00,46702.75,52734.8495,58116.687000000005,46759.91115,BEAR,3,0.3366876281753533,184271.73847235524,,46702.75,52734.8495,58116.687000000005,46759.91115,BEAR,3,0.3366876281753533,184271.73847235524,,46702.75,52734.8495,58116.687000000005,46759.91115,BEAR,3,0.3366876281753533,184271.73847235524,
2021-12-15 00:00:00+00:00,48343.28,52295.099,57821.97699999999,46823.310099999995,BEAR,3,0.34558083273041373,186775.89230206143,,48343.28,52295.099,57821.97699999999,46823.310099999995,BEAR,3,0.34558083273041373,186775.89230206143,,48343.28,52295.099,57821.97699999999,46823.310099999995,BEAR,3,0.34558083273041373,186775.89230206143,
2021-12-16 00:00:00+00:00,48864.98,51790.33,57592.7004,46894.60925,BEAR,3,0.3420775353163007,185781.35033755342,,48864.98,51790.33,57592.7004,46894.60925,BEAR,3,0.3420775353163007,185781.35033755342,,48864.98,51790.33,57592.7004,46894.60925,BEAR,3,0.3420775353163007,185781.35033755342,
2021-12-17 00:00:00+00:00,47632.38,51485.6225,57377.0792,46954.56480000001,BEAR,3,0.33728317763939164,184437.33398974943,,47632.38,51485.6225,57377.0792,46954.56480000001,BEAR,3,0.33728317763939164,184437.33398974943,,47632.38,51485.6225,57377.0792,46954.56480000001,BEAR,3,0.33728317763939164,184437.33398974943,
2021-12-18 00:00:00+00:00,46131.2,51056.131,57088.1854,46998.95175,BEAR,3,0.3421047654723746,185789.03979158774,,46131.2,51056.131,57088.1854,46998.95175,BEAR,3,0.3421047654723746,185789.03979158774,,46131.2,51056.131,57088.1854,46998.95175,BEAR,3,0.3421047654723746,185789.03979158774,
2021-12-19 00:00:00+00:00,46834.48,50534.111,56779.8008,47049.6587,BEAR,3,0.34016055757179103,185241.61492459982,,46834.48,50534.111,56779.8008,47049.6587,BEAR,3,0.34016055757179103,185241.61492459982,,46834.48,50534.111,56779.8008,47049.6587,BEAR,3,0.34016055757179103,185241.61492459982,
2021-12-20 00:00:00+00:00,46681.23,49979.36,56476.241599999994,47095.22145,BEAR,3,0.34137665434780984,185583.64915733912,,46681.23,49979.36,56476.241599999994,47095.22145,BEAR,3,0.34137665434780984,185583.64915733912,,46681.23,49979.36,56476.241599999994,47095.22145,BEAR,3,0.34137665434780984,185583.64915733912,
2021-12-21 00:00:00+00:00,46914.16,49477.54,56188.5288,47133.558300000004,BEAR,3,0.34558024245399255,186775.72383311775,,46914.16,49477.54,56188.5288,47133.558300000004,BEAR,3,0.34558024245399255,186775.72383311775,,46914.16,49477.54,56188.5288,47133.558300000004,BEAR,3,0.34558024245399255,186775.72383311775,
2021-12-22 00:00:00+00:00,48889.88,49062.8305,55948.1042,47193.862700000005,BEAR,3,0.34368870767432785,186237.42320998586,,48889.88,49062.8305,55948.1042,47193.862700000005,BEAR,3,0.34368870767432785,186237.42320998586,,48889.88,49062.8305,55948.1042,47193.862700000005,BEAR,3,0.34368870767432785,186237.42320998586,
2021-12-23 00:00:00+00:00,48588.16,48668.2215,55655.467599999996,47259.2375,BEAR,3,0.3512490916483744,188407.7884637041,,48588.16,48668.2215,55655.467599999996,47259.2375,BEAR,3,0.3512490916483744,188407.7884637041,,48588.16,48668.2215,55655.467599999996,47259.2375,BEAR,3,0.3512490916483744,188407.7884637041,
2021-12-24 00:00:00+00:00,50838.81,48530.1095,55414.3142,47334.45,BEAR,3,0.3478218839931867,187417.70216814821,,50838.81,48530.1095,55414.3142,47334.45,BEAR,3,0.3478218839931867,187417.70216814821,,50838.81,48530.1095,55414.3142,47334.45,BEAR,3,0.3478218839931867,187417.70216814821,
2021-12-25 00:00:00+00:00,50820.0,48613.486,55202.814000000006,47420.78605,BEAR,3,0.3503642907099941,188151.17789620152,,50820.0,48613.486,55202.814000000006,47420.78605,BEAR,3,0.3503642907099941,188151.17789620152,,50820.0,48613.486,55202.814000000006,47420.78605,BEAR,3,0.3503642907099941,188151.17789620152,
2021-12-26 00:00:00+00:00,50399.66,48663.652500000004,54992.06480000001,47505.88029999999,BEAR,3,0.34881622716090427,187703.8848395126,,50399.66,48663.652500000004,54992.06480000001,47505.88029999999,BEAR,3,0.34881622716090427,187703.8848395126,,50399.66,48663.652500000004,54992.06480000001,47505.88029999999,BEAR,3,0.34881622716090427,187703.8848395126,
2021-12-27 00:00:00+00:00,50775.49,48680.331,54778.1624,47572.8175,BEAR,3,0.34743422740749236,187306.36671420228,,50775.49,48680.331,54778.1624,47572.8175,BEAR,3,0.34743422740749236,187306.36671420228,,50775.49,48680.331,54778.1624,47572.8175,BEAR,3,0.34743422740749236,187306.36671420228,
2021-12-28 00:00:00+00:00,50701.44,48685.9555,54526.719399999994,47642.9461,BEAR,3,0.33343382030513796,183372.22563902475,,50701.44,48685.9555,54526.719399999994,47642.9461,BEAR,3,0.33343382030513796,183372.22563902475,,50701.44,48685.9555,54526.719399999994,47642.9461,BEAR,3,0.33343382030513796,183372.22563902475,
2021-12-29 00:00:00+00:00,47543.74,48539.583,54127.077600000004,47694.0049,BEAR,3,0.324023494245852,180819.4853902271,,47543.74,48539.583,54127.077600000004,47694.0049,BEAR,3,0.324023494245852,180819.4853902271,,47543.74,48539.583,54127.077600000004,47694.0049,BEAR,3,0.324023494245852,180819.4853902271,
2021-12-30 00:00:00+00:00,46464.66,48485.5365,53717.4176,47748.597649999996,BEAR,3,0.3287283356318471,182086.8217659686,,46464.66,48485.5365,53717.4176,47748.597649999996,BEAR,3,0.3287283356318471,182086.8217659686,,46464.66,48485.5365,53717.4176,47748.597649999996,BEAR,3,0.3287283356318471,182086.8217659686,
2021-12-31 00:00:00+00:00,47120.87,48484.553,53362.1864,47789.09915,BEAR,3,0.32669519272474745,181536.98382310887,,47120.87,48484.553,53362.1864,47789.09915,BEAR,3,0.32669519272474745,181536.98382310887,,47120.87,48484.553,53362.1864,47789.09915,BEAR,3,0.32669519272474745,181536.98382310887,
2022-01-01 00:00:00+00:00,46216.93,48325.9,52991.039800000006,47817.60235,BEAR,3,0.332123978374337,183012.5950754036,,46216.93,48325.9,52991.039800000006,47817.60235,BEAR,3,0.332123978374337,183012.5950754036,,46216.93,48325.9,52991.039800000006,47817.60235,BEAR,3,0.332123978374337,183012.5950754036,
2022-01-02 00:00:00+00:00,47722.65,48209.3375,52663.048200000005,47855.4954,BEAR,3,0.3355776008096255,183963.8820956229,,47722.65,48209.3375,52663.048200000005,47855.4954,BEAR,3,0.3355776008096255,183963.8820956229,,47722.65,48209.3375,52663.048200000005,47855.4954,BEAR,3,0.3355776008096255,183963.8820956229,
2022-01-03 00:00:00+00:00,47286.18,48238.509,52321.171800000004,47900.18125,BEAR,3,0.3319528198669288,182965.7059281374,STAGE4_SELL:EXECUTED,47286.18,48238.509,52321.171800000004,47900.18125,BEAR,3,0.3319528198669288,182965.7059281374,STAGE4_SELL:EXECUTED,47286.18,48238.509,52321.171800000004,47900.18125,BEAR,3,0.3319528198669288,182965.7059281374,STAGE4_SELL:EXECUTED
2022-01-04 00:00:00+00:00,46446.1,48143.65,51939.7118,47941.946899999995,DEEP_BEAR,4,0.2510069640914467,183188.4995648641,DEEP_BEAR_TO_BEAR_NO_AUTO_BUY,46446.1,48143.65,51939.7118,47941.946899999995,DEEP_BEAR,4,0.2510069640914467,183188.4995648641,DEEP_BEAR_TO_BEAR_NO_AUTO_BUY,46446.1,48143.65,51939.7118,47941.946899999995,DEEP_BEAR,4,0.2510069640914467,183188.4995648641,DEEP_BEAR_TO_BEAR_NO_AUTO_BUY
2022-01-05 00:00:00+00:00,45832.01,47992.0015,51584.2172,47992.00775,BEAR,3,0.23871272011258038,180230.1365824878,STAGE4_SELL:EXPOSURE_GAP_BELOW_5PP,45832.01,47992.0015,51584.2172,47992.00775,BEAR,3,0.23871272011258038,180230.1365824878,STAGE4_SELL:EXPOSURE_GAP_BELOW_5PP,45832.01,47992.0015,51584.2172,47992.00775,BEAR,3,0.23871272011258038,180230.1365824878,STAGE4_SELL:EXPOSURE_GAP_BELOW_5PP
2022-01-06 00:00:00+00:00,43451.13,47782.939,51252.0624,48031.844800000006,DEEP_BEAR,4,0.2318357276071411,178616.6258490724,DEEP_BEAR_TO_BEAR_NO_AUTO_BUY,43451.13,47782.939,51252.0624,48031.844800000006,DEEP_BEAR,4,0.2318357276071411,178616.6258490724,DEEP_BEAR_TO_BEAR_NO_AUTO_BUY,43451.13,47782.939,51252.0624,48031.844800000006,DEEP_BEAR,4,0.2318357276071411,178616.6258490724,DEEP_BEAR_TO_BEAR_NO_AUTO_BUY
2022-01-07 00:00:00+00:00,43082.31,47630.4945,50906.811200000004,48069.25555000001,BEAR,3,0.22088643989876117,176106.4335920317,STAGE4_SELL:EXPOSURE_GAP_BELOW_5PP,43082.31,47630.4945,50906.811200000004,48069.25555000001,BEAR,3,0.22088643989876117,176106.4335920317,STAGE4_SELL:EXPOSURE_GAP_BELOW_5PP,43082.31,47630.4945,50906.811200000004,48069.25555000001,BEAR,3,0.22088643989876117,176106.4335920317,STAGE4_SELL:EXPOSURE_GAP_BELOW_5PP
2022-01-08 00:00:00+00:00,41566.48,47367.0945,50600.3084,48119.0433,DEEP_BEAR,4,0.21453325646961877,174682.0111261823,DEEP_BEAR_TO_BEAR_NO_AUTO_BUY,41566.48,47367.0945,50600.3084,48119.0433,DEEP_BEAR,4,0.21453325646961877,174682.0111261823,DEEP_BEAR_TO_BEAR_NO_AUTO_BUY,41566.48,47367.0945,50600.3084,48119.0433,DEEP_BEAR,4,0.21453325646961877,174682.0111261823,DEEP_BEAR_TO_BEAR_NO_AUTO_BUY
2022-01-09 00:00:00+00:00,41679.74,47117.020000000004,50272.858400000005,48164.8942,BEAR,3,0.21844661565304604,175556.6710868597,STAGE4_SELL:EXPOSURE_GAP_BELOW_5PP,41679.74,47117.020000000004,50272.858400000005,48164.8942,BEAR,3,0.21844661565304604,175556.6710868597,STAGE4_SELL:EXPOSURE_GAP_BELOW_5PP,41679.74,47117.020000000004,50272.858400000005,48164.8942,BEAR,3,0.21844661565304604,175556.6710868597,STAGE4_SELL:EXPOSURE_GAP_BELOW_5PP
2022-01-10 00:00:00+00:00,41864.62,46864.543,49916.0006,48205.82695,DEEP_BEAR,4,0.2147359889371787,174727.1089718177,DEEP_BEAR_TO_BEAR_NO_AUTO_BUY,41864.62,46864.543,49916.0006,48205.82695,DEEP_BEAR,4,0.2147359889371787,174727.1089718177,DEEP_BEAR_TO_BEAR_NO_AUTO_BUY,41864.62,46864.543,49916.0006,48205.82695,DEEP_BEAR,4,0.2147359889371787,174727.1089718177,DEEP_BEAR_TO_BEAR_NO_AUTO_BUY
2022-01-11 00:00:00+00:00,41822.49,46511.1735,49580.01,48241.62395000001,BEAR,3,0.2232756060965862,176648.1283574596,STAGE4_SELL:EXPOSURE_GAP_BELOW_5PP,41822.49,46511.1735,49580.01,48241.62395000001,BEAR,3,0.2232756060965862,176648.1283574596,STAGE4_SELL:EXPOSURE_GAP_BELOW_5PP,41822.49,46511.1735,49580.01,48241.62395000001,BEAR,3,0.2232756060965862,176648.1283574596,STAGE4_SELL:EXPOSURE_GAP_BELOW_5PP
2022-01-12 00:00:00+00:00,42729.29,46218.229999999996,49309.6522,48297.348150000005,DEEP_BEAR,4,0.23030098610847122,178260.47319316998,DEEP_BEAR_TO_BEAR_NO_AUTO_BUY,42729.29,46218.229999999996,49309.6522,48297.348150000005,DEEP_BEAR,4,0.23030098610847122,178260.47319316998,DEEP_BEAR_TO_BEAR_NO_AUTO_BUY,42729.29,46218.229999999996,49309.6522,48297.348150000005,DEEP_BEAR,4,0.23030098610847122,178260.47319316998,DEEP_BEAR_TO_BEAR_NO_AUTO_BUY
2022-01-13 00:00:00+00:00,43902.66,45871.4225,49036.88,48355.4432,BEAR,3,0.22342533019491007,176682.18623079397,STAGE4_SELL:EXPOSURE_GAP_BELOW_5PP,43902.66,45871.4225,49036.88,48355.4432,BEAR,3,0.22342533019491007,176682.18623079397,STAGE4_SELL:EXPOSURE_GAP_BELOW_5PP,43902.66,45871.4225,49036.88,48355.4432,BEAR,3,0.22342533019491007,176682.18623079397,STAGE4_SELL:EXPOSURE_GAP_BELOW_5PP
2022-01-14 00:00:00+00:00,42560.11,45458.428,48745.3164,48394.74205,DEEP_BEAR,4,0.22703386013143728,177507.01273402644,DEEP_BEAR_TO_BEAR_NO_AUTO_BUY,42560.11,45458.428,48745.3164,48394.74205,DEEP_BEAR,4,0.22703386013143728,177507.01273402644,DEEP_BEAR_TO_BEAR_NO_AUTO_BUY,42560.11,45458.428,48745.3164,48394.74205,DEEP_BEAR,4,0.22703386013143728,177507.01273402644,DEEP_BEAR_TO_BEAR_NO_AUTO_BUY
2022-01-15 00:00:00+00:00,43059.96,45091.443,48427.3084,48437.5674,BEAR,3,0.228069435396861,177745.1453851427,STAGE4_SELL:EXPOSURE_GAP_BELOW_5PP,43059.96,45091.443,48427.3084,48437.5674,BEAR,3,0.228069435396861,177745.1453851427,STAGE4_SELL:EXPOSURE_GAP_BELOW_5PP,43059.96,45091.443,48427.3084,48437.5674,BEAR,3,0.228069435396861,177745.1453851427,STAGE4_SELL:EXPOSURE_GAP_BELOW_5PP
2022-01-16 00:00:00+00:00,43084.29,44706.883,48214.4636,48473.430199999995,DEEP_BEAR,4,0.2292188335427996,178010.20108375858,DEEP_BEAR_TO_BEAR_NO_AUTO_BUY,43084.29,44706.883,48214.4636,48473.430199999995,DEEP_BEAR,4,0.2292188335427996,178010.20108375858,DEEP_BEAR_TO_BEAR_NO_AUTO_BUY,43084.29,44706.883,48214.4636,48473.430199999995,DEEP_BEAR,4,0.2292188335427996,178010.20108375858,DEEP_BEAR_TO_BEAR_NO_AUTO_BUY
2022-01-17 00:00:00+00:00,43071.66,44325.39400000001,47981.47619999999,48513.5635,BEAR,3,0.2219738398462302,176352.566866778,STAGE4_SELL:EXPOSURE_GAP_BELOW_5PP,43071.66,44325.39400000001,47981.47619999999,48513.5635,BEAR,3,0.2219738398462302,176352.566866778,STAGE4_SELL:EXPOSURE_GAP_BELOW_5PP,43071.66,44325.39400000001,47981.47619999999,48513.5635,BEAR,3,0.2219738398462302,176352.566866778,STAGE4_SELL:EXPOSURE_GAP_BELOW_5PP
2022-01-18 00:00:00+00:00,42201.62,44058.28800000001,47680.011,48557.04815,DEEP_BEAR,4,0.2193517050222084,175760.21278125458,DEEP_BEAR_TO_BEAR_NO_AUTO_BUY,42201.62,44058.28800000001,47680.011,48557.04815,DEEP_BEAR,4,0.2193517050222084,175760.21278125458,DEEP_BEAR_TO_BEAR_NO_AUTO_BUY,42201.62,44058.28800000001,47680.011,48557.04815,DEEP_BEAR,4,0.2193517050222084,175760.21278125458,DEEP_BEAR_TO_BEAR_NO_AUTO_BUY
2022-01-19 00:00:00+00:00,42352.12,43852.66100000001,47371.528399999996,48599.876,BEAR,3,0.21528060705640817,174848.37467561237,STAGE4_SELL:EXPOSURE_GAP_BELOW_5PP,42352.12,43852.66100000001,47371.528399999996,48599.876,BEAR,3,0.21528060705640817,174848.37467561237,STAGE4_SELL:EXPOSURE_GAP_BELOW_5PP,42352.12,43852.66100000001,47371.528399999996,48599.876,BEAR,3,0.21528060705640817,174848.37467561237,STAGE4_SELL:EXPOSURE_GAP_BELOW_5PP
2022-01-20 00:00:00+00:00,41660.01,43579.618,47065.717399999994,48634.8304,DEEP_BEAR,4,0.21078792015100856,173853.0287814063,DEEP_BEAR_TO_BEAR_NO_AUTO_BUY,41660.01,43579.618,47065.717399999994,48634.8304,DEEP_BEAR,4,0.21078792015100856,173853.0287814063,DEEP_BEAR_TO_BEAR_NO_AUTO_BUY,41660.01,43579.618,47065.717399999994,48634.8304,DEEP_BEAR,4,0.21078792015100856,173853.0287814063,DEEP_BEAR_TO_BEAR_NO_AUTO_BUY
2022-01-21 00:00:00+00:00,40680.91,43302.816999999995,46735.6542,48661.8024,BEAR,3,0.18610917020063705,168581.46745116165,STAGE4_SELL:NOTIONAL_BELOW_GUARD,40680.91,43302.816999999995,46735.6542,48661.8024,BEAR,3,0.18610917020063705,168581.46745116165,STAGE4_SELL:NOTIONAL_BELOW_GUARD,40680.91,43302.816999999995,46735.6542,48661.8024,BEAR,3,0.18610917020063705,168581.46745116165,STAGE4_SELL:NOTIONAL_BELOW_GUARD
2022-01-22 00:00:00+00:00,36445.31,42738.95,46334.9536,48675.57825,DEEP_BEAR,4,0.1768850767091211,166692.2887074579,DEEP_BEAR_TO_BEAR_NO_AUTO_BUY|CRASH_L1:NOTIONAL_BELOW_GUARD,36445.31,42738.95,46334.9536,48675.57825,DEEP_BEAR,4,0.1768850767091211,166692.2887074579,DEEP_BEAR_TO_BEAR_NO_AUTO_BUY|CRASH_L1:NOTIONAL_BELOW_GUARD,36445.31,42738.95,46334.9536,48675.57825,DEEP_BEAR,4,0.1768850767091211,166692.2887074579,DEEP_BEAR_TO_BEAR_NO_AUTO_BUY|CRASH_L1:NOTIONAL_BELOW_GUARD
2022-01-23 00:00:00+00:00,35071.42,42128.212,45964.361,48679.835300000006,BEAR,3,0.18451212806671066,168251.31943083563,STAGE4_SELL:NOTIONAL_BELOW_GUARD,35071.42,42128.212,45964.361,48679.835300000006,BEAR,3,0.18451212806671066,168251.31943083563,STAGE4_SELL:NOTIONAL_BELOW_GUARD,35071.42,42128.212,45964.361,48679.835300000006,BEAR,3,0.18451212806671066,168251.31943083563,STAGE4_SELL:NOTIONAL_BELOW_GUARD
2022-01-24 00:00:00+00:00,36244.55,41618.1345,45706.202600000004,48691.74745,DEEP_BEAR,4,0.1786722680987485,167055.00752422743,DEEP_BEAR_TO_BEAR_NO_AUTO_BUY,36244.55,41618.1345,45706.202600000004,48691.74745,DEEP_BEAR,4,0.1786722680987485,167055.00752422743,DEEP_BEAR_TO_BEAR_NO_AUTO_BUY,36244.55,41618.1345,45706.202600000004,48691.74745,DEEP_BEAR,4,0.1786722680987485,167055.00752422743,DEEP_BEAR_TO_BEAR_NO_AUTO_BUY
2022-01-25 00:00:00+00:00,36660.35,41159.5515,45451.483,48710.67065000001,BEAR,3,0.17990564518063185,167306.24912403047,STAGE4_SELL:NOTIONAL_BELOW_GUARD,36660.35,41159.5515,45451.483,48710.67065000001,BEAR,3,0.17990564518063185,167306.24912403047,STAGE4_SELL:NOTIONAL_BELOW_GUARD,36660.35,41159.5515,45451.483,48710.67065000001,BEAR,3,0.17990564518063185,167306.24912403047,STAGE4_SELL:NOTIONAL_BELOW_GUARD
2022-01-26 00:00:00+00:00,36958.32,40834.91100000001,45181.81100000001,48726.383200000004,DEEP_BEAR,4,0.18020621656769373,167367.59073503024,DEEP_BEAR_TO_BEAR_NO_AUTO_BUY,36958.32,40834.91100000001,45181.81100000001,48726.383200000004,DEEP_BEAR,4,0.18020621656769373,167367.59073503024,DEEP_BEAR_TO_BEAR_NO_AUTO_BUY,36958.32,40834.91100000001,45181.81100000001,48726.383200000004,DEEP_BEAR,4,0.18020621656769373,167367.59073503024,DEEP_BEAR_TO_BEAR_NO_AUTO_BUY
2022-01-27 00:00:00+00:00,36809.34,40521.2625,44906.2188,48742.915550000005,BEAR,3,0.1779673990779452,166911.76271928684,STAGE4_SELL:NOTIONAL_BELOW_GUARD,36809.34,40521.2625,44906.2188,48742.915550000005,BEAR,3,0.1779673990779452,166911.76271928684,STAGE4_SELL:NOTIONAL_BELOW_GUARD,36809.34,40521.2625,44906.2188,48742.915550000005,BEAR,3,0.1779673990779452,166911.76271928684,STAGE4_SELL:NOTIONAL_BELOW_GUARD
2022-01-28 00:00:00+00:00,37160.1,40300.9435,44639.997,48757.42110000001,DEEP_BEAR,4,0.18520444489000584,168394.27948781318,DEEP_BEAR_TO_BEAR_NO_AUTO_BUY,37160.1,40300.9435,44639.997,48757.42110000001,DEEP_BEAR,4,0.18520444489000584,168394.27948781318,DEEP_BEAR_TO_BEAR_NO_AUTO_BUY,37160.1,40300.9435,44639.997,48757.42110000001,DEEP_BEAR,4,0.18520444489000584,168394.27948781318,DEEP_BEAR_TO_BEAR_NO_AUTO_BUY
2022-01-29 00:00:00+00:00,37716.56,40102.7845,44443.41640000001,48780.57075,BEAR,3,0.1885816270317402,169095.14869709185,STAGE4_SELL:NOTIONAL_BELOW_GUARD,37716.56,40102.7845,44443.41640000001,48780.57075,BEAR,3,0.1885816270317402,169095.14869709185,STAGE4_SELL:NOTIONAL_BELOW_GUARD,37716.56,40102.7845,44443.41640000001,48780.57075,BEAR,3,0.1885816270317402,169095.14869709185,STAGE4_SELL:NOTIONAL_BELOW_GUARD
2022-01-30 00:00:00+00:00,38166.84,39917.8955,44263.9424,48807.756100000006,DEEP_BEAR,4,0.18864315519123737,169107.97180118694,DEEP_BEAR_TO_BEAR_NO_AUTO_BUY,38166.84,39917.8955,44263.9424,48807.756100000006,DEEP_BEAR,4,0.18864315519123737,169107.97180118694,DEEP_BEAR_TO_BEAR_NO_AUTO_BUY,38166.84,39917.8955,44263.9424,48807.756100000006,DEEP_BEAR,4,0.18864315519123737,169107.97180118694,DEEP_BEAR_TO_BEAR_NO_AUTO_BUY
2022-01-31 00:00:00+00:00,37881.76,39720.859000000004,44033.7778,48833.06480000001,BEAR,3,0.1936610793048016,170160.34686050506,STAGE4_SELL:NOTIONAL_BELOW_GUARD,37881.76,39720.859000000004,44033.7778,48833.06480000001,BEAR,3,0.1936610793048016,170160.34686050506,STAGE4_SELL:NOTIONAL_BELOW_GUARD,37881.76,39720.859000000004,44033.7778,48833.06480000001,BEAR,3,0.1936610793048016,170160.34686050506,STAGE4_SELL:NOTIONAL_BELOW_GUARD
2022-02-01 00:00:00+00:00,38466.9,39507.7395,43802.037800000006,48865.9993,DEEP_BEAR,4,0.19945710326276986,171392.32762146034,DEEP_BEAR_TO_BEAR_NO_AUTO_BUY,38466.9,39507.7395,43802.037800000006,48865.9993,DEEP_BEAR,4,0.19945710326276986,171392.32762146034,DEEP_BEAR_TO_BEAR_NO_AUTO_BUY,38466.9,39507.7395,43802.037800000006,48865.9993,DEEP_BEAR,4,0.19945710326276986,171392.32762146034,DEEP_BEAR_TO_BEAR_NO_AUTO_BUY
2022-02-02 00:00:00+00:00,38694.59,39247.335999999996,43641.8746,48902.5529,BEAR,3,0.19334782328422326,170094.26664073204,STAGE4_SELL:NOTIONAL_BELOW_GUARD,38694.59,39247.335999999996,43641.8746,48902.5529,BEAR,3,0.19334782328422326,170094.26664073204,STAGE4_SELL:NOTIONAL_BELOW_GUARD,38694.59,39247.335999999996,43641.8746,48902.5529,BEAR,3,0.19334782328422326,170094.26664073204,STAGE4_SELL:NOTIONAL_BELOW_GUARD
2022-02-03 00:00:00+00:00,36896.36,38964.148499999996,43412.936200000004,48929.43435,DEEP_BEAR,4,0.19427389642485685,170289.76698633685,DEEP_BEAR_TO_BEAR_NO_AUTO_BUY,36896.36,38964.148499999996,43412.936200000004,48929.43435,DEEP_BEAR,4,0.19427389642485685,170289.76698633685,DEEP_BEAR_TO_BEAR_NO_AUTO_BUY,36896.36,38964.148499999996,43412.936200000004,48929.43435,DEEP_BEAR,4,0.19427389642485685,170289.76698633685,DEEP_BEAR_TO_BEAR_NO_AUTO_BUY
2022-02-04 00:00:00+00:00,37311.61,38676.731,43181.86880000001,48957.0996,BEAR,3,0.21136315338887282,173979.8375161087,STAGE4_SELL:EXPOSURE_GAP_BELOW_5PP,37311.61,38676.731,43181.86880000001,48957.0996,BEAR,3,0.21136315338887282,173979.8375161087,STAGE4_SELL:EXPOSURE_GAP_BELOW_5PP,37311.61,38676.731,43181.86880000001,48957.0996,BEAR,3,0.21136315338887282,173979.8375161087,STAGE4_SELL:EXPOSURE_GAP_BELOW_5PP
2022-02-05 00:00:00+00:00,41574.25,38601.229,43060.7062,49010.7726,DEEP_BEAR,4,0.212379924510151,174204.43523774628,DEEP_BEAR_TO_BEAR_NO_AUTO_BUY,41574.25,38601.229,43060.7062,49010.7726,DEEP_BEAR,4,0.212379924510151,174204.43523774628,DEEP_BEAR_TO_BEAR_NO_AUTO_BUY,41574.25,38601.229,43060.7062,49010.7726,DEEP_BEAR,4,0.212379924510151,174204.43523774628,DEEP_BEAR_TO_BEAR_NO_AUTO_BUY
2022-02-06 00:00:00+00:00,41382.59,38516.775499999996,42965.734000000004,49068.7338,BEAR,3,0.21479710865262214,174740.70962369797,STAGE4_SELL:EXPOSURE_GAP_BELOW_5PP,41382.59,38516.775499999996,42965.734000000004,49068.7338,BEAR,3,0.21479710865262214,174740.70962369797,STAGE4_SELL:EXPOSURE_GAP_BELOW_5PP,41382.59,38516.775499999996,42965.734000000004,49068.7338,BEAR,3,0.21479710865262214,174740.70962369797,STAGE4_SELL:EXPOSURE_GAP_BELOW_5PP
2022-02-07 00:00:00+00:00,42380.87,38525.738,42876.66180000001,49119.91560000001,DEEP_BEAR,4,0.21951632708136218,175797.2846754521,DEEP_BEAR_TO_BEAR_NO_AUTO_BUY,42380.87,38525.738,42876.66180000001,49119.91560000001,DEEP_BEAR,4,0.21951632708136218,175797.2846754521,DEEP_BEAR_TO_BEAR_NO_AUTO_BUY,42380.87,38525.738,42876.66180000001,49119.91560000001,DEEP_BEAR,4,0.21951632708136218,175797.2846754521,DEEP_BEAR_TO_BEAR_NO_AUTO_BUY
2022-02-08 00:00:00+00:00,43839.99,38600.131499999996,42819.837,49177.676400000004,BEAR,3,0.21833285519103512,175531.12132678012,STAGE4_SELL:EXPOSURE_GAP_BELOW_5PP,43839.99,38600.131499999996,42819.837,49177.676400000004,BEAR,3,0.21833285519103512,175531.12132678012,STAGE4_SELL:EXPOSURE_GAP_BELOW_5PP,43839.99,38600.131499999996,42819.837,49177.676400000004,BEAR,3,0.21833285519103512,175531.12132678012,STAGE4_SELL:EXPOSURE_GAP_BELOW_5PP
2022-02-09 00:00:00+00:00,44042.99,38719.2805,42762.4136,49229.72090000001,DEEP_BEAR,4,0.22522304168945242,177092.14111350058,DEEP_BEAR_TO_BEAR_NO_AUTO_BUY,44042.99,38719.2805,42762.4136,49229.72090000001,DEEP_BEAR,4,0.22522304168945242,177092.14111350058,DEEP_BEAR_TO_BEAR_NO_AUTO_BUY,44042.99,38719.2805,42762.4136,49229.72090000001,DEEP_BEAR,4,0.22522304168945242,177092.14111350058,DEEP_BEAR_TO_BEAR_NO_AUTO_BUY
2022-02-10 00:00:00+00:00,44372.72,38903.871,42672.0704,49280.2938,BEAR,3,0.2160144304932742,175012.03564110136,STAGE4_SELL:EXPOSURE_GAP_BELOW_5PP,44372.72,38903.871,42672.0704,49280.2938,BEAR,3,0.2160144304932742,175012.03564110136,STAGE4_SELL:EXPOSURE_GAP_BELOW_5PP,44372.72,38903.871,42672.0704,49280.2938,BEAR,3,0.2160144304932742,175012.03564110136,STAGE4_SELL:EXPOSURE_GAP_BELOW_5PP
2022-02-11 00:00:00+00:00,43495.44,39256.377499999995,42570.21599999999,49320.8659,DEEP_BEAR,4,0.20804453099844872,173250.78972634947,DEEP_BEAR_TO_BEAR_NO_AUTO_BUY,43495.44,39256.377499999995,42570.21599999999,49320.8659,DEEP_BEAR,4,0.20804453099844872,173250.78972634947,DEEP_BEAR_TO_BEAR_NO_AUTO_BUY,43495.44,39256.377499999995,42570.21599999999,49320.8659,DEEP_BEAR,4,0.20804453099844872,173250.78972634947,DEEP_BEAR_TO_BEAR_NO_AUTO_BUY
2022-02-12 00:00:00+00:00,42373.73,39621.493,42400.914399999994,49346.54655,BEAR,3,0.20760985748509916,173155.75127821593,STAGE4_SELL:EXPOSURE_GAP_BELOW_5PP,42373.73,39621.493,42400.914399999994,49346.54655,BEAR,3,0.20760985748509916,173155.75127821593,STAGE4_SELL:EXPOSURE_GAP_BELOW_5PP,42373.73,39621.493,42400.914399999994,49346.54655,BEAR,3,0.20760985748509916,173155.75127821593,STAGE4_SELL:EXPOSURE_GAP_BELOW_5PP
2022-02-13 00:00:00+00:00,42217.87,39920.159,42228.87179999999,49360.34655,DEEP_BEAR,4,0.20499316617881697,172585.82517226704,DEEP_BEAR_TO_BEAR_NO_AUTO_BUY,42217.87,39920.159,42228.87179999999,49360.34655,DEEP_BEAR,4,0.20499316617881697,172585.82517226704,DEEP_BEAR_TO_BEAR_NO_AUTO_BUY,42217.87,39920.159,42228.87179999999,49360.34655,DEEP_BEAR,4,0.20499316617881697,172585.82517226704,DEEP_BEAR_TO_BEAR_NO_AUTO_BUY
2022-02-14 00:00:00+00:00,42053.66,40189.8245,42061.951799999995,49370.51705,BEAR,3,0.20834100920242704,173315.67256551757,STAGE4_SELL:EXPOSURE_GAP_BELOW_5PP,42053.66,40189.8245,42061.951799999995,49370.51705,BEAR,3,0.20834100920242704,173315.67256551757,STAGE4_SELL:EXPOSURE_GAP_BELOW_5PP,42053.66,40189.8245,42061.951799999995,49370.51705,BEAR,3,0.20834100920242704,173315.67256551757,STAGE4_SELL:EXPOSURE_GAP_BELOW_5PP
2022-02-15 00:00:00+00:00,42535.94,40468.7055,41897.1608,49383.11435,DEEP_BEAR,4,0.22233627536398148,176434.75719127728,DEEP_BEAR_TO_BEAR_NO_AUTO_BUY,42535.94,40468.7055,41897.1608,49383.11435,DEEP_BEAR,4,0.22233627536398148,176434.75719127728,DEEP_BEAR_TO_BEAR_NO_AUTO_BUY,42535.94,40468.7055,41897.1608,49383.11435,DEEP_BEAR,4,0.22233627536398148,176434.75719127728,DEEP_BEAR_TO_BEAR_NO_AUTO_BUY
2022-02-16 00:00:00+00:00,44544.86,40855.4815,41774.029200000004,49394.8068,BEAR,3,0.21906033015833154,175694.63523403573,STAGE4_SELL:EXPOSURE_GAP_BELOW_5PP,44544.86,40855.4815,41774.029200000004,49394.8068,BEAR,3,0.21906033015833154,175694.63523403573,STAGE4_SELL:EXPOSURE_GAP_BELOW_5PP,44544.86,40855.4815,41774.029200000004,49394.8068,BEAR,3,0.21906033015833154,175694.63523403573,STAGE4_SELL:EXPOSURE_GAP_BELOW_5PP
2022-02-17 00:00:00+00:00,43873.56,41191.1545,41700.6256,49406.86545,DEEP_BEAR,4,0.20627274988146813,172864.05426061703,DEEP_BEAR_TO_BEAR_NO_AUTO_BUY,43873.56,41191.1545,41700.6256,49406.86545,DEEP_BEAR,4,0.20627274988146813,172864.05426061703,DEEP_BEAR_TO_BEAR_NO_AUTO_BUY,43873.56,41191.1545,41700.6256,49406.86545,DEEP_BEAR,4,0.20627274988146813,172864.05426061703,DEEP_BEAR_TO_BEAR_NO_AUTO_BUY
2022-02-18 00:00:00+00:00,40515.7,41331.1115,41581.6464,49410.21675,BEAR,3,0.19997732923298306,171503.7778880365,STAGE4_SELL:NOTIONAL_BELOW_GUARD,40515.7,41331.1115,41581.6464,49410.21675,BEAR,3,0.19997732923298306,171503.7778880365,STAGE4_SELL:NOTIONAL_BELOW_GUARD,40515.7,41331.1115,41581.6464,49410.21675,BEAR,3,0.19997732923298306,171503.7778880365,STAGE4_SELL:NOTIONAL_BELOW_GUARD
2022-02-19 00:00:00+00:00,39974.44,41421.4915,41438.717800000006,49414.349850000006,DEEP_BEAR,4,0.19914095006799926,171324.6674858331,DEEP_BEAR_TO_BEAR_NO_AUTO_BUY,39974.44,41421.4915,41438.717800000006,49414.349850000006,DEEP_BEAR,4,0.19914095006799926,171324.6674858331,DEEP_BEAR_TO_BEAR_NO_AUTO_BUY,39974.44,41421.4915,41438.717800000006,49414.349850000006,DEEP_BEAR,4,0.19914095006799926,171324.6674858331,DEEP_BEAR_TO_BEAR_NO_AUTO_BUY
2022-02-20 00:00:00+00:00,40079.17,41531.362,41315.9626,49423.71045,BEAR,3,0.19096359970603022,169593.00024419796,STAGE4_SELL:NOTIONAL_BELOW_GUARD,40079.17,41531.362,41315.9626,49423.71045,BEAR,3,0.19096359970603022,169593.00024419796,STAGE4_SELL:NOTIONAL_BELOW_GUARD,40079.17,41531.362,41315.9626,49423.71045,BEAR,3,0.19096359970603022,169593.00024419796,STAGE4_SELL:NOTIONAL_BELOW_GUARD
2022-02-21 00:00:00+00:00,38386.89,41527.3615,41129.2474,49417.028999999995,DEEP_BEAR,4,0.18778605786083677,168929.51883004178,DEEP_BEAR_TO_BEAR_NO_AUTO_BUY,38386.89,41527.3615,41129.2474,49417.028999999995,DEEP_BEAR,4,0.18778605786083677,168929.51883004178,DEEP_BEAR_TO_BEAR_NO_AUTO_BUY,38386.89,41527.3615,41129.2474,49417.028999999995,DEEP_BEAR,4,0.18778605786083677,168929.51883004178,DEEP_BEAR_TO_BEAR_NO_AUTO_BUY
2022-02-22 00:00:00+00:00,37008.16,41443.04,40923.687000000005,49397.7575,BEAR,3,0.19189534305144343,169788.5406956079,STAGE4_SELL:NOTIONAL_BELOW_GUARD,37008.16,41443.04,40923.687000000005,49397.7575,BEAR,3,0.19189534305144343,169788.5406956079,STAGE4_SELL:NOTIONAL_BELOW_GUARD,37008.16,41443.04,40923.687000000005,49397.7575,BEAR,3,0.19189534305144343,169788.5406956079,STAGE4_SELL:NOTIONAL_BELOW_GUARD
2022-02-23 00:00:00+00:00,38230.33,41509.7385,40759.3716,49374.724799999996,DEEP_BEAR,4,0.18859865880583698,169098.69810011506,DEEP_BEAR_TO_BEAR_NO_AUTO_BUY,38230.33,41509.7385,40759.3716,49374.724799999996,DEEP_BEAR,4,0.18859865880583698,169098.69810011506,DEEP_BEAR_TO_BEAR_NO_AUTO_BUY,38230.33,41509.7385,40759.3716,49374.724799999996,DEEP_BEAR,4,0.18859865880583698,169098.69810011506,DEEP_BEAR_TO_BEAR_NO_AUTO_BUY
2022-02-24 00:00:00+00:00,37250.01,41506.658500000005,40587.7316,49338.11215,BEAR,3,0.18969679524052802,169327.86347963207,STAGE4_SELL:NOTIONAL_BELOW_GUARD,37250.01,41506.658500000005,40587.7316,49338.11215,BEAR,3,0.18969679524052802,169327.86347963207,STAGE4_SELL:NOTIONAL_BELOW_GUARD,37250.01,41506.658500000005,40587.7316,49338.11215,BEAR,3,0.18969679524052802,169327.86347963207,STAGE4_SELL:NOTIONAL_BELOW_GUARD
2022-02-25 00:00:00+00:00,38327.21,41344.3065,40485.25320000001,49310.77635,DEEP_BEAR,4,0.19970878867174383,171446.22918561823,DEEP_BEAR_TO_BEAR_NO_AUTO_BUY,38327.21,41344.3065,40485.25320000001,49310.77635,DEEP_BEAR,4,0.19970878867174383,171446.22918561823,DEEP_BEAR_TO_BEAR_NO_AUTO_BUY,38327.21,41344.3065,40485.25320000001,49310.77635,DEEP_BEAR,4,0.19970878867174383,171446.22918561823,DEEP_BEAR_TO_BEAR_NO_AUTO_BUY
2022-02-26 00:00:00+00:00,39219.17,41236.135500000004,40407.9904,49275.605200000005,BEAR,3,0.20037895151214666,171589.918364567,STAGE4_SELL:EXPOSURE_GAP_BELOW_5PP,39219.17,41236.135500000004,40407.9904,49275.605200000005,BEAR,3,0.20037895151214666,171589.918364567,STAGE4_SELL:EXPOSURE_GAP_BELOW_5PP,39219.17,41236.135500000004,40407.9904,49275.605200000005,BEAR,3,0.20037895151214666,171589.918364567,STAGE4_SELL:EXPOSURE_GAP_BELOW_5PP
2022-02-27 00:00:00+00:00,39116.72,41072.928,40358.9952,49243.26385000001,DEEP_BEAR,4,0.19101275811155782,169603.30562486275,DEEP_BEAR_TO_BEAR_NO_AUTO_BUY,39116.72,41072.928,40358.9952,49243.26385000001,DEEP_BEAR,4,0.19101275811155782,169603.30562486275,DEEP_BEAR_TO_BEAR_NO_AUTO_BUY,39116.72,41072.928,40358.9952,49243.26385000001,DEEP_BEAR,4,0.19101275811155782,169603.30562486275,DEEP_BEAR_TO_BEAR_NO_AUTO_BUY
2022-02-28 00:00:00+00:00,37699.07,40765.882000000005,40279.3818,49204.2042,BEAR,3,0.20872369113543926,173399.49256095488,STAGE4_SELL:EXPOSURE_GAP_BELOW_5PP,37699.07,40765.882000000005,40279.3818,49204.2042,BEAR,3,0.20872369113543926,173399.49256095488,STAGE4_SELL:EXPOSURE_GAP_BELOW_5PP,37699.07,40765.882000000005,40279.3818,49204.2042,BEAR,3,0.20872369113543926,173399.49256095488,STAGE4_SELL:EXPOSURE_GAP_BELOW_5PP
2022-03-01 00:00:00+00:00,43160.0,40721.7325,40305.2894,49198.0092,DEEP_BEAR,4,0.21193128659050975,174105.2627746254,DEEP_BEAR_TO_BEAR_NO_AUTO_BUY,43160.0,40721.7325,40305.2894,49198.0092,DEEP_BEAR,4,0.21193128659050975,174105.2627746254,DEEP_BEAR_TO_BEAR_NO_AUTO_BUY,43160.0,40721.7325,40305.2894,49198.0092,DEEP_BEAR,4,0.21193128659050975,174105.2627746254,DEEP_BEAR_TO_BEAR_NO_AUTO_BUY
2022-03-02 00:00:00+00:00,44421.2,40724.1565,40357.2636,49181.11520000001,BEAR,3,0.2103461245243172,173755.76147203433,STAGE4_SELL:EXPOSURE_GAP_BELOW_5PP,44421.2,40724.1565,40357.2636,49181.11520000001,BEAR,3,0.2103461245243172,173755.76147203433,STAGE4_SELL:EXPOSURE_GAP_BELOW_5PP,44421.2,40724.1565,40357.2636,49181.11520000001,BEAR,3,0.2103461245243172,173755.76147203433,STAGE4_SELL:EXPOSURE_GAP_BELOW_5PP
2022-03-03 00:00:00+00:00,43892.98,40744.033500000005,40380.5374,49165.237550000005,DEEP_BEAR,4,0.2039828242531908,172366.7712369336,DEEP_BEAR_TO_BEAR_NO_AUTO_BUY,43892.98,40744.033500000005,40380.5374,49165.237550000005,DEEP_BEAR,4,0.2039828242531908,172366.7712369336,DEEP_BEAR_TO_BEAR_NO_AUTO_BUY,43892.98,40744.033500000005,40380.5374,49165.237550000005,DEEP_BEAR,4,0.2039828242531908,172366.7712369336,DEEP_BEAR_TO_BEAR_NO_AUTO_BUY
2022-03-04 00:00:00+00:00,42454.0,40748.047,40351.5642,49142.638450000006,BEAR,3,0.1916986582497243,169747.22587434505,STAGE4_SELL:NOTIONAL_BELOW_GUARD,42454.0,40748.047,40351.5642,49142.638450000006,BEAR,3,0.1916986582497243,169747.22587434505,STAGE4_SELL:NOTIONAL_BELOW_GUARD,42454.0,40748.047,40351.5642,49142.638450000006,BEAR,3,0.1916986582497243,169747.22587434505,STAGE4_SELL:NOTIONAL_BELOW_GUARD
2022-03-05 00:00:00+00:00,39148.66,40594.5865,40283.3352,49108.87529999999,DEEP_BEAR,4,0.19425855882007959,170286.52545374318,,39148.66,40594.5865,40283.3352,49108.87529999999,DEEP_BEAR,4,0.19425855882007959,170286.52545374318,,39148.66,40594.5865,40283.3352,49108.87529999999,DEEP_BEAR,4,0.19425855882007959,170286.52545374318,
2022-03-06 00:00:00+00:00,39397.96,40461.8015,40210.0952,49082.385350000004,DEEP_BEAR,4,0.18763378511481751,168897.85409405862,,39397.96,40461.8015,40210.0952,49082.385350000004,DEEP_BEAR,4,0.18763378511481751,168897.85409405862,,39397.96,40461.8015,40210.0952,49082.385350000004,DEEP_BEAR,4,0.18763378511481751,168897.85409405862,
2022-03-07 00:00:00+00:00,38420.81,40256.045,40116.8256,49050.96295,DEEP_BEAR,4,0.18412386419506782,168171.2510162511,,38420.81,40256.045,40116.8256,49050.96295,DEEP_BEAR,4,0.18412386419506782,168171.2510162511,,38420.81,40256.045,40116.8256,49050.96295,DEEP_BEAR,4,0.18412386419506782,168171.2510162511,
2022-03-08 00:00:00+00:00,37988.0,39928.202000000005,40015.1524,49007.099850000006,DEEP_BEAR,4,0.18921684818243895,169227.62902144511,,37988.0,39928.202000000005,40015.1524,49007.099850000006,DEEP_BEAR,4,0.18921684818243895,169227.62902144511,,37988.0,39928.202000000005,40015.1524,49007.099850000006,DEEP_BEAR,4,0.18921684818243895,169227.62902144511,
2022-03-09 00:00:00+00:00,38730.63,39671.0555,39945.7326,48954.140649999994,DEEP_BEAR,4,0.19825150470659728,171134.60298096208,,38730.63,39671.0555,39945.7326,48954.140649999994,DEEP_BEAR,4,0.19825150470659728,171134.60298096208,,38730.63,39671.0555,39945.7326,48954.140649999994,DEEP_BEAR,4,0.19825150470659728,171134.60298096208,
2022-03-10 00:00:00+00:00,41941.71,39742.356,39937.5244,48919.739850000005,DEEP_BEAR,4,0.19117455442321338,169637.2328330691,,41941.71,39742.356,39937.5244,48919.739850000005,DEEP_BEAR,4,0.19117455442321338,169637.2328330691,,41941.71,39742.356,39937.5244,48919.739850000005,DEEP_BEAR,4,0.19117455442321338,169637.2328330691,
2022-03-11 00:00:00+00:00,39422.0,39714.734000000004,39892.7642,48870.65375,DEEP_BEAR,4,0.18827022053899253,169030.27818410983,,39422.0,39714.734000000004,39892.7642,48870.65375,DEEP_BEAR,4,0.18827022053899253,169030.27818410983,,39422.0,39714.734000000004,39892.7642,48870.65375,DEEP_BEAR,4,0.18827022053899253,169030.27818410983,
2022-03-12 00:00:00+00:00,38729.57,39647.254,39853.737400000005,48816.857350000006,DEEP_BEAR,4,0.1890304759645599,169188.7381289857,,38729.57,39647.254,39853.737400000005,48816.857350000006,DEEP_BEAR,4,0.1890304759645599,169188.7381289857,,38729.57,39647.254,39853.737400000005,48816.857350000006,DEEP_BEAR,4,0.1890304759645599,169188.7381289857,
2022-03-13 00:00:00+00:00,38807.36,39668.2775,39900.9784,48772.5241,DEEP_BEAR,4,0.18588013196205355,168534.04003429256,,38807.36,39668.2775,39900.9784,48772.5241,DEEP_BEAR,4,0.18588013196205355,168534.04003429256,,38807.36,39668.2775,39900.9784,48772.5241,DEEP_BEAR,4,0.18588013196205355,168534.04003429256,
2022-03-14 00:00:00+00:00,37777.34,39706.7365,39955.0968,48716.5442,DEEP_BEAR,4,0.19042847762332266,169480.90025427134,,37777.34,39706.7365,39955.0968,48716.5442,DEEP_BEAR,4,0.19042847762332266,169480.90025427134,,37777.34,39706.7365,39955.0968,48716.5442,DEEP_BEAR,4,0.19042847762332266,169480.90025427134,
2022-03-15 00:00:00+00:00,39671.37,39778.7885,40023.633200000004,48680.6817,DEEP_BEAR,4,0.1920866584011864,169828.7469310703,,39671.37,39778.7885,40023.633200000004,48680.6817,DEEP_BEAR,4,0.1920866584011864,169828.7469310703,,39671.37,39778.7885,40023.633200000004,48680.6817,DEEP_BEAR,4,0.1920866584011864,169828.7469310703,
2022-03-16 00:00:00+00:00,39280.33,39880.3045,40076.0328,48631.73385,DEEP_BEAR,4,0.20124193692820405,171775.30566009128,,39280.33,39880.3045,40076.0328,48631.73385,DEEP_BEAR,4,0.20124193692820405,171775.30566009128,,39280.33,39880.3045,40076.0328,48631.73385,DEEP_BEAR,4,0.20124193692820405,171775.30566009128,
2022-03-17 00:00:00+00:00,41114.0,40019.644,40159.1464,48592.8271,DEEP_BEAR,4,0.20342452207718958,172245.96317025446,,41114.0,40019.644,40159.1464,48592.8271,DEEP_BEAR,4,0.20342452207718958,172245.96317025446,,41114.0,40019.644,40159.1464,48592.8271,DEEP_BEAR,4,0.20342452207718958,172245.96317025446,
2022-03-18 00:00:00+00:00,40917.9,40104.5805,40241.3176,48553.577450000004,DEEP_BEAR,4,0.21063211590182795,173818.71393130568,,40917.9,40104.5805,40241.3176,48553.577450000004,DEEP_BEAR,4,0.21063211590182795,173818.71393130568,,40917.9,40104.5805,40241.3176,48553.577450000004,DEEP_BEAR,4,0.21063211590182795,173818.71393130568,
2022-03-19 00:00:00+00:00,41757.51,40236.62,40333.2658,48527.45045,DEEP_BEAR,4,0.21138807012372984,173985.33452841302,,41757.51,40236.62,40333.2658,48527.45045,DEEP_BEAR,4,0.21138807012372984,173985.33452841302,,41757.51,40236.62,40333.2658,48527.45045,DEEP_BEAR,4,0.21138807012372984,173985.33452841302,
2022-03-20 00:00:00+00:00,42201.13,40461.723000000005,40422.9572,48502.95165,DEEP_BEAR,4,0.20639093793388252,172889.79800131012,DEEP_BEAR_TO_BEAR_NO_AUTO_BUY,42201.13,40461.723000000005,40422.9572,48502.95165,DEEP_BEAR,4,0.20639093793388252,172889.79800131012,DEEP_BEAR_TO_BEAR_NO_AUTO_BUY,42201.13,40461.723000000005,40422.9572,48502.95165,DEEP_BEAR,4,0.20639093793388252,172889.79800131012,DEEP_BEAR_TO_BEAR_NO_AUTO_BUY
2022-03-21 00:00:00+00:00,41262.11,40366.828499999996,40484.8626,48465.2096,BEAR,3,0.2080126815973926,173243.82252655085,STAGE4_SELL:EXPOSURE_GAP_BELOW_5PP,41262.11,40366.828499999996,40484.8626,48465.2096,BEAR,3,0.2080126815973926,173243.82252655085,STAGE4_SELL:EXPOSURE_GAP_BELOW_5PP,41262.11,40366.828499999996,40484.8626,48465.2096,BEAR,3,0.2080126815973926,173243.82252655085,STAGE4_SELL:EXPOSURE_GAP_BELOW_5PP
2022-03-22 00:00:00+00:00,41002.25,40195.881,40547.2724,48423.987649999995,DEEP_BEAR,4,0.21260323631224126,174253.84096070463,,41002.25,40195.881,40547.2724,48423.987649999995,DEEP_BEAR,4,0.21260323631224126,174253.84096070463,,41002.25,40195.881,40547.2724,48423.987649999995,DEEP_BEAR,4,0.21260323631224126,174253.84096070463,
2022-03-23 00:00:00+00:00,42364.13,40119.438500000004,40625.217000000004,48385.812600000005,DEEP_BEAR,4,0.21633654431483043,175083.97187241304,,42364.13,40119.438500000004,40625.217000000004,48385.812600000005,DEEP_BEAR,4,0.21633654431483043,175083.97187241304,,42364.13,40119.438500000004,40625.217000000004,48385.812600000005,DEEP_BEAR,4,0.21633654431483043,175083.97187241304,
2022-03-24 00:00:00+00:00,42882.76,40140.8765,40708.9804,48350.6482,DEEP_BEAR,4,0.22054828587177208,176030.03232352668,DEEP_BEAR_TO_BEAR_NO_AUTO_BUY,42882.76,40140.8765,40708.9804,48350.6482,DEEP_BEAR,4,0.22054828587177208,176030.03232352668,DEEP_BEAR_TO_BEAR_NO_AUTO_BUY,42882.76,40140.8765,40708.9804,48350.6482,DEEP_BEAR,4,0.22054828587177208,176030.03232352668,DEEP_BEAR_TO_BEAR_NO_AUTO_BUY
2022-03-25 00:00:00+00:00,43991.46,40383.0165,40850.882399999995,48311.821099999994,BEAR,3,0.22017155322138074,175944.99277296956,STAGE4_SELL:EXPOSURE_GAP_BELOW_5PP,43991.46,40383.0165,40850.882399999995,48311.821099999994,BEAR,3,0.22017155322138074,175944.99277296956,STAGE4_SELL:EXPOSURE_GAP_BELOW_5PP,43991.46,40383.0165,40850.882399999995,48311.821099999994,BEAR,3,0.22017155322138074,175944.99277296956,STAGE4_SELL:EXPOSURE_GAP_BELOW_5PP
2022-03-26 00:00:00+00:00,44313.16,40628.7765,40990.913400000005,48270.06739999999,DEEP_BEAR,4,0.2225456667039322,176482.2762655688,DEEP_BEAR_TO_BEAR_NO_AUTO_BUY,44313.16,40628.7765,40990.913400000005,48270.06739999999,DEEP_BEAR,4,0.2225456667039322,176482.2762655688,DEEP_BEAR_TO_BEAR_NO_AUTO_BUY,44313.16,40628.7765,40990.913400000005,48270.06739999999,DEEP_BEAR,4,0.2225456667039322,176482.2762655688,DEEP_BEAR_TO_BEAR_NO_AUTO_BUY
2022-03-27 00:00:00+00:00,44511.27,40933.2995,41049.6538,48258.305100000005,BEAR,3,0.23081942438668196,178380.62320179652,STAGE4_SELL:EXPOSURE_GAP_BELOW_5PP,44511.27,40933.2995,41049.6538,48258.305100000005,BEAR,3,0.23081942438668196,178380.62320179652,STAGE4_SELL:EXPOSURE_GAP_BELOW_5PP,44511.27,40933.2995,41049.6538,48258.305100000005,BEAR,3,0.23081942438668196,178380.62320179652,STAGE4_SELL:EXPOSURE_GAP_BELOW_5PP
2022-03-28 00:00:00+00:00,46827.76,41375.2875,41158.557199999996,48262.20235000001,DEEP_BEAR,4,0.2328482788305999,178852.37906195433,DEEP_BEAR_TO_BEAR_NO_AUTO_BUY,46827.76,41375.2875,41158.557199999996,48262.20235000001,DEEP_BEAR,4,0.2328482788305999,178852.37906195433,DEEP_BEAR_TO_BEAR_NO_AUTO_BUY,46827.76,41375.2875,41158.557199999996,48262.20235000001,DEEP_BEAR,4,0.2328482788305999,178852.37906195433,DEEP_BEAR_TO_BEAR_NO_AUTO_BUY
2022-03-29 00:00:00+00:00,47122.21,41794.8665,41253.384000000005,48265.8377,BEAR,3,0.23643690401297604,179692.95681486413,,47122.21,41794.8665,41253.384000000005,48265.8377,BEAR,3,0.23643690401297604,179692.95681486413,,47122.21,41794.8665,41253.384000000005,48265.8377,BEAR,3,0.23643690401297604,179692.95681486413,
2022-03-30 00:00:00+00:00,47434.8,42069.521,41325.2802,48278.75715,BEAR,3,0.23568824763860932,179516.94450426882,STAGE4_SELL:EXPOSURE_GAP_BELOW_5PP,47434.8,42069.521,41325.2802,48278.75715,BEAR,3,0.23568824763860932,179516.94450426882,STAGE4_SELL:EXPOSURE_GAP_BELOW_5PP,47434.8,42069.521,41325.2802,48278.75715,BEAR,3,0.23568824763860932,179516.94450426882,STAGE4_SELL:EXPOSURE_GAP_BELOW_5PP
2022-03-31 00:00:00+00:00,47067.99,42451.8205,41385.78020000001,48288.228650000005,DEEP_BEAR,4,0.23013853274307122,178222.85731678223,DEEP_BEAR_TO_BEAR_NO_AUTO_BUY,47067.99,42451.8205,41385.78020000001,48288.228650000005,DEEP_BEAR,4,0.23013853274307122,178222.85731678223,DEEP_BEAR_TO_BEAR_NO_AUTO_BUY,47067.99,42451.8205,41385.78020000001,48288.228650000005,DEEP_BEAR,4,0.23013853274307122,178222.85731678223,DEEP_BEAR_TO_BEAR_NO_AUTO_BUY
2022-04-01 00:00:00+00:00,45510.34,42790.859000000004,41408.5326,48285.65415,BEAR,3,0.2392790505554953,180364.31168723796,STAGE4_SELL:EXPOSURE_GAP_BELOW_5PP,45510.34,42790.859000000004,41408.5326,48285.65415,BEAR,3,0.2392790505554953,180364.31168723796,STAGE4_SELL:EXPOSURE_GAP_BELOW_5PP,45510.34,42790.859000000004,41408.5326,48285.65415,BEAR,3,0.2392790505554953,180364.31168723796,STAGE4_SELL:EXPOSURE_GAP_BELOW_5PP
2022-04-02 00:00:00+00:00,46283.49,43164.6655,41464.2936,48292.36795,DEEP_BEAR,4,0.2386911271590467,180225.02472696707,DEEP_BEAR_TO_BEAR_NO_AUTO_BUY,46283.49,43164.6655,41464.2936,48292.36795,DEEP_BEAR,4,0.2386911271590467,180225.02472696707,DEEP_BEAR_TO_BEAR_NO_AUTO_BUY,46283.49,43164.6655,41464.2936,48292.36795,DEEP_BEAR,4,0.2386911271590467,180225.02472696707,DEEP_BEAR_TO_BEAR_NO_AUTO_BUY
2022-04-03 00:00:00+00:00,45811.0,43566.3485,41533.039,48285.86535,BEAR,3,0.2427939722432127,181201.55598746863,STAGE4_SELL:EXPOSURE_GAP_BELOW_5PP,45811.0,43566.3485,41533.039,48285.86535,BEAR,3,0.2427939722432127,181201.55598746863,STAGE4_SELL:EXPOSURE_GAP_BELOW_5PP,45811.0,43566.3485,41533.039,48285.86535,BEAR,3,0.2427939722432127,181201.55598746863,STAGE4_SELL:EXPOSURE_GAP_BELOW_5PP
2022-04-04 00:00:00+00:00,46407.35,43903.1475,41616.8286,48277.29505,DEEP_BEAR,4,0.2427413516158829,181188.96459670732,DEEP_BEAR_TO_BEAR_NO_AUTO_BUY,46407.35,43903.1475,41616.8286,48277.29505,DEEP_BEAR,4,0.2427413516158829,181188.96459670732,DEEP_BEAR_TO_BEAR_NO_AUTO_BUY,46407.35,43903.1475,41616.8286,48277.29505,DEEP_BEAR,4,0.2427413516158829,181188.96459670732,DEEP_BEAR_TO_BEAR_NO_AUTO_BUY
2022-04-05 00:00:00+00:00,46580.51,44268.1565,41707.3656,48271.508499999996,BEAR,3,0.23691489371988825,179805.51488087175,STAGE4_SELL:EXPOSURE_GAP_BELOW_5PP,46580.51,44268.1565,41707.3656,48271.508499999996,BEAR,3,0.23691489371988825,179805.51488087175,STAGE4_SELL:EXPOSURE_GAP_BELOW_5PP,46580.51,44268.1565,41707.3656,48271.508499999996,BEAR,3,0.23691489371988825,179805.51488087175,STAGE4_SELL:EXPOSURE_GAP_BELOW_5PP
2022-04-06 00:00:00+00:00,45497.55,44487.334,41766.5978,48262.49635000001,DEEP_BEAR,4,0.2241989423151418,176858.36990487284,DEEP_BEAR_TO_BEAR_NO_AUTO_BUY,45497.55,44487.334,41766.5978,48262.49635000001,DEEP_BEAR,4,0.2241989423151418,176858.36990487284,DEEP_BEAR_TO_BEAR_NO_AUTO_BUY,45497.55,44487.334,41766.5978,48262.49635000001,DEEP_BEAR,4,0.2241989423151418,176858.36990487284,DEEP_BEAR_TO_BEAR_NO_AUTO_BUY
2022-04-07 00:00:00+00:00,43170.47,44599.9625,41739.11,48236.885,BEAR,3,0.22739698475447512,177590.44130706292,STAGE4_SELL:EXPOSURE_GAP_BELOW_5PP,43170.47,44599.9625,41739.11,48236.885,BEAR,3,0.22739698475447512,177590.44130706292,STAGE4_SELL:EXPOSURE_GAP_BELOW_5PP,43170.47,44599.9625,41739.11,48236.885,BEAR,3,0.22739698475447512,177590.44130706292,STAGE4_SELL:EXPOSURE_GAP_BELOW_5PP
2022-04-08 00:00:00+00:00,43444.19,44684.2965,41730.522600000004,48217.8972,DEEP_BEAR,4,0.22546236492879193,177146.86055249718,DEEP_BEAR_TO_BEAR_NO_AUTO_BUY,43444.19,44684.2965,41730.522600000004,48217.8972,DEEP_BEAR,4,0.22546236492879193,177146.86055249718,DEEP_BEAR_TO_BEAR_NO_AUTO_BUY,43444.19,44684.2965,41730.522600000004,48217.8972,DEEP_BEAR,4,0.22546236492879193,177146.86055249718,DEEP_BEAR_TO_BEAR_NO_AUTO_BUY
2022-04-09 00:00:00+00:00,42252.01,44686.8405,41765.2488,48214.07915,BEAR,3,0.22907309079328858,177976.54848214728,STAGE4_SELL:EXPOSURE_GAP_BELOW_5PP,42252.01,44686.8405,41765.2488,48214.07915,BEAR,3,0.22907309079328858,177976.54848214728,STAGE4_SELL:EXPOSURE_GAP_BELOW_5PP,42252.01,44686.8405,41765.2488,48214.07915,BEAR,3,0.22907309079328858,177976.54848214728,STAGE4_SELL:EXPOSURE_GAP_BELOW_5PP
2022-04-10 00:00:00+00:00,42753.97,44761.4335,41820.8394,48224.1771,DEEP_BEAR,4,0.2261194827031532,177297.27957473585,DEEP_BEAR_TO_BEAR_NO_AUTO_BUY,42753.97,44761.4335,41820.8394,48224.1771,DEEP_BEAR,4,0.2261194827031532,177297.27957473585,DEEP_BEAR_TO_BEAR_NO_AUTO_BUY,42753.97,44761.4335,41820.8394,48224.1771,DEEP_BEAR,4,0.2261194827031532,177297.27957473585,DEEP_BEAR_TO_BEAR_NO_AUTO_BUY
2022-04-11 00:00:00+00:00,42158.85,44819.2635,41862.433000000005,48217.253300000004,BEAR,3,0.21381610891977884,174522.66828323988,STAGE4_SELL:EXPOSURE_GAP_BELOW_5PP,42158.85,44819.2635,41862.433000000005,48217.253300000004,BEAR,3,0.21381610891977884,174522.66828323988,STAGE4_SELL:EXPOSURE_GAP_BELOW_5PP,42158.85,44819.2635,41862.433000000005,48217.253300000004,BEAR,3,0.21381610891977884,174522.66828323988,STAGE4_SELL:EXPOSURE_GAP_BELOW_5PP
2022-04-12 00:00:00+00:00,39530.45,44677.5795,41885.3042,48190.579249999995,DEEP_BEAR,4,0.21655261897550376,175132.26000347067,,39530.45,44677.5795,41885.3042,48190.579249999995,DEEP_BEAR,4,0.21655261897550376,175132.26000347067,,39530.45,44677.5795,41885.3042,48190.579249999995,DEEP_BEAR,4,0.21655261897550376,175132.26000347067,
2022-04-13 00:00:00+00:00,40074.94,44537.188500000004,41946.639800000004,48176.9011,DEEP_BEAR,4,0.2216354156384224,176275.89074489908,,40074.94,44537.188500000004,41946.639800000004,48176.9011,DEEP_BEAR,4,0.2216354156384224,176275.89074489908,,40074.94,44537.188500000004,41946.639800000004,48176.9011,DEEP_BEAR,4,0.2216354156384224,176275.89074489908,
2022-04-14 00:00:00+00:00,41147.79,44395.005,42004.988999999994,48169.286850000004,DEEP_BEAR,4,0.21633247404664804,175083.06250881642,,41147.79,44395.005,42004.988999999994,48169.286850000004,DEEP_BEAR,4,0.21633247404664804,175083.06250881642,,41147.79,44395.005,42004.988999999994,48169.286850000004,DEEP_BEAR,4,0.21633247404664804,175083.06250881642,
2022-04-15 00:00:00+00:00,39942.38,44176.466,42058.8364,48153.19425,DEEP_BEAR,4,0.21747504235508786,175338.7020978325,,39942.38,44176.466,42058.8364,48153.19425,DEEP_BEAR,4,0.21747504235508786,175338.7020978325,,39942.38,44176.466,42058.8364,48153.19425,DEEP_BEAR,4,0.21747504235508786,175338.7020978325,
2022-04-16 00:00:00+00:00,40551.9,43978.4975,42103.3302,48145.217000000004,DEEP_BEAR,4,0.21852000530468643,175573.15780823666,,40551.9,43978.4975,42103.3302,48145.217000000004,DEEP_BEAR,4,0.21852000530468643,175573.15780823666,,40551.9,43978.4975,42103.3302,48145.217000000004,DEEP_BEAR,4,0.21852000530468643,175573.15780823666,
2022-04-17 00:00:00+00:00,40378.71,43656.045,42126.52099999999,48141.977849999996,DEEP_BEAR,4,0.21460841220929558,174698.72680783528,,40378.71,43656.045,42126.52099999999,48141.977849999996,DEEP_BEAR,4,0.21460841220929558,174698.72680783528,,40378.71,43656.045,42126.52099999999,48141.977849999996,DEEP_BEAR,4,0.21460841220929558,174698.72680783528,
2022-04-18 00:00:00+00:00,39678.12,43283.840500000006,42137.749,48132.74705,DEEP_BEAR,4,0.21848289596829176,175564.82094223413,,39678.12,43283.840500000006,42137.749,48132.74705,DEEP_BEAR,4,0.21848289596829176,175564.82094223413,,39678.12,43283.840500000006,42137.749,48132.74705,DEEP_BEAR,4,0.21848289596829176,175564.82094223413,
2022-04-19 00:00:00+00:00,40801.13,42952.15699999999,42199.790199999996,48117.6322,DEEP_BEAR,4,0.22112036512136626,176159.32460989308,,40801.13,42952.15699999999,42199.790199999996,48117.6322,DEEP_BEAR,4,0.22112036512136626,176159.32460989308,,40801.13,42952.15699999999,42199.790199999996,48117.6322,DEEP_BEAR,4,0.22112036512136626,176159.32460989308,
2022-04-20 00:00:00+00:00,41493.18,42673.4165,42166.453799999996,48084.39005000001,DEEP_BEAR,4,0.21977103971413348,175854.67525115868,,41493.18,42673.4165,42166.453799999996,48084.39005000001,DEEP_BEAR,4,0.21977103971413348,175854.67525115868,,41493.18,42673.4165,42166.453799999996,48084.39005000001,DEEP_BEAR,4,0.21977103971413348,175854.67525115868,
2022-04-21 00:00:00+00:00,41358.19,42465.808999999994,42105.193600000006,48053.0065,DEEP_BEAR,4,0.2146863016372739,174716.05387589478,,41358.19,42465.808999999994,42105.193600000006,48053.0065,DEEP_BEAR,4,0.2146863016372739,174716.05387589478,,41358.19,42465.808999999994,42105.193600000006,48053.0065,DEEP_BEAR,4,0.2146863016372739,174716.05387589478,
2022-04-22 00:00:00+00:00,40480.01,42175.634999999995,42036.934199999996,48014.406500000005,DEEP_BEAR,4,0.21347199028372055,174446.31181299474,,40480.01,42175.634999999995,42036.934199999996,48014.406500000005,DEEP_BEAR,4,0.21347199028372055,174446.31181299474,,40480.01,42175.634999999995,42036.934199999996,48014.406500000005,DEEP_BEAR,4,0.21347199028372055,174446.31181299474,
2022-04-23 00:00:00+00:00,39709.18,41870.544,41982.037800000006,47966.827699999994,DEEP_BEAR,4,0.2118764461216262,174093.14790482016,,39709.18,41870.544,41982.037800000006,47966.827699999994,DEEP_BEAR,4,0.2118764461216262,174093.14790482016,,39709.18,41870.544,41982.037800000006,47966.827699999994,DEEP_BEAR,4,0.2118764461216262,174093.14790482016,
2022-04-24 00:00:00+00:00,39441.6,41522.2565,41987.8966,47906.675749999995,DEEP_BEAR,4,0.21126967043823133,173959.21684519807,,39441.6,41522.2565,41987.8966,47906.675749999995,DEEP_BEAR,4,0.21126967043823133,173959.21684519807,,39441.6,41522.2565,41987.8966,47906.675749999995,DEEP_BEAR,4,0.21126967043823133,173959.21684519807,
2022-04-25 00:00:00+00:00,39450.13,41165.7375,41988.94,47827.3514,DEEP_BEAR,4,0.2161530016990142,175042.97487905258,,39450.13,41165.7375,41988.94,47827.3514,DEEP_BEAR,4,0.2161530016990142,175042.97487905258,,39450.13,41165.7375,41988.94,47827.3514,DEEP_BEAR,4,0.2161530016990142,175042.97487905258,
2022-04-26 00:00:00+00:00,40426.08,40912.164000000004,42029.0454,47760.555700000004,DEEP_BEAR,4,0.20499874322464742,172587.0358861476,,40426.08,40912.164000000004,42029.0454,47760.555700000004,DEEP_BEAR,4,0.20499874322464742,172587.0358861476,,40426.08,40912.164000000004,42029.0454,47760.555700000004,DEEP_BEAR,4,0.20499874322464742,172587.0358861476,
2022-04-27 00:00:00+00:00,38112.65,40659.273,42031.5384,47681.361800000006,DEEP_BEAR,4,0.20963352965322293,173599.1031760495,,38112.65,40659.273,42031.5384,47681.361800000006,DEEP_BEAR,4,0.20963352965322293,173599.1031760495,,38112.65,40659.273,42031.5384,47681.361800000006,DEEP_BEAR,4,0.20963352965322293,173599.1031760495,
2022-04-28 00:00:00+00:00,39235.72,40448.849500000004,42041.640199999994,47602.7918,DEEP_BEAR,4,0.21240756607256878,174210.54916490283,,39235.72,40448.849500000004,42041.640199999994,47602.7918,DEEP_BEAR,4,0.21240756607256878,174210.54916490283,,39235.72,40448.849500000004,42041.640199999994,47602.7918,DEEP_BEAR,4,0.21240756607256878,174210.54916490283,
2022-04-29 00:00:00+00:00,39742.07,40323.3525,41997.6474,47528.20715,DEEP_BEAR,4,0.20565200084896929,172728.96838572243,,39742.07,40323.3525,41997.6474,47528.20715,DEEP_BEAR,4,0.20565200084896929,172728.96838572243,,39742.07,40323.3525,41997.6474,47528.20715,DEEP_BEAR,4,0.20565200084896929,172728.96838572243,
2022-04-30 00:00:00+00:00,38596.11,40115.4595,41981.1296,47433.83095,DEEP_BEAR,4,0.20046875861141233,171609.192149047,,38596.11,40115.4595,41981.1296,47433.83095,DEEP_BEAR,4,0.20046875861141233,171609.192149047,,38596.11,40115.4595,41981.1296,47433.83095,DEEP_BEAR,4,0.20046875861141233,171609.192149047,
2022-05-01 00:00:00+00:00,37630.8,39889.057,41959.1542,47342.0003,DEEP_BEAR,4,0.20617160796099146,172842.02959810226,,37630.8,39889.057,41959.1542,47342.0003,DEEP_BEAR,4,0.20617160796099146,172842.02959810226,,37630.8,39889.057,41959.1542,47342.0003,DEEP_BEAR,4,0.20617160796099146,172842.02959810226,
2022-05-02 00:00:00+00:00,38468.35,39835.952000000005,41952.374,47247.50705,DEEP_BEAR,4,0.20800100964334634,173241.26937438783,,38468.35,39835.952000000005,41952.374,47247.50705,DEEP_BEAR,4,0.20800100964334634,173241.26937438783,,38468.35,39835.952000000005,41952.374,47247.50705,DEEP_BEAR,4,0.20800100964334634,173241.26937438783,
2022-05-03 00:00:00+00:00,38525.16,39758.463,41967.3304,47153.393149999996,DEEP_BEAR,4,0.20375043525395403,172316.465223288,,38525.16,39758.463,41967.3304,47153.393149999996,DEEP_BEAR,4,0.20375043525395403,172316.465223288,,38525.16,39758.463,41967.3304,47153.393149999996,DEEP_BEAR,4,0.20375043525395403,172316.465223288,
2022-05-04 00:00:00+00:00,37728.95,39587.521,41928.481999999996,47033.6758,DEEP_BEAR,4,0.21293734337906467,174327.8114879509,,37728.95,39587.521,41928.481999999996,47033.6758,DEEP_BEAR,4,0.21293734337906467,174327.8114879509,,37728.95,39587.521,41928.481999999996,47033.6758,DEEP_BEAR,4,0.21293734337906467,174327.8114879509,
2022-05-05 00:00:00+00:00,39690.0,39574.902,41936.6754,46927.74795,DEEP_BEAR,4,0.20176654423902618,171888.19817357545,,39690.0,39574.902,41936.6754,46927.74795,DEEP_BEAR,4,0.20176654423902618,171888.19817357545,,39690.0,39574.902,41936.6754,46927.74795,DEEP_BEAR,4,0.20176654423902618,171888.19817357545,
2022-05-06 00:00:00+00:00,36552.97,39374.9555,41845.4548,46802.87115,DEEP_BEAR,4,0.19861117596150174,171211.40988862715,,36552.97,39374.9555,41845.4548,46802.87115,DEEP_BEAR,4,0.19861117596150174,171211.40988862715,,36552.97,39374.9555,41845.4548,46802.87115,DEEP_BEAR,4,0.19861117596150174,171211.40988862715,
2022-05-07 00:00:00+00:00,36013.77,39156.7085,41747.3722,46672.8908,DEEP_BEAR,4,0.19529217830009096,170505.25263042282,,36013.77,39156.7085,41747.3722,46672.8908,DEEP_BEAR,4,0.19529217830009096,170505.25263042282,,36013.77,39156.7085,41747.3722,46672.8908,DEEP_BEAR,4,0.19529217830009096,170505.25263042282,
2022-05-08 00:00:00+00:00,35472.39,38946.422000000006,41621.6698,46528.849799999996,DEEP_BEAR,4,0.1884152425933643,169060.48219911824,,35472.39,38946.422000000006,41621.6698,46528.849799999996,DEEP_BEAR,4,0.1884152425933643,169060.48219911824,,35472.39,38946.422000000006,41621.6698,46528.849799999996,DEEP_BEAR,4,0.1884152425933643,169060.48219911824,
2022-05-09 00:00:00+00:00,34038.4,38608.285500000005,41458.4152,46369.03475,DEEP_BEAR,4,0.17040305077188916,165389.8445025417,CRASH_L1:NOTIONAL_BELOW_GUARD,34038.4,38608.285500000005,41458.4152,46369.03475,DEEP_BEAR,4,0.17040305077188916,165389.8445025417,CRASH_L1:NOTIONAL_BELOW_GUARD,34038.4,38608.285500000005,41458.4152,46369.03475,DEEP_BEAR,4,0.17040305077188916,165389.8445025417,CRASH_L1:NOTIONAL_BELOW_GUARD
2022-05-10 00:00:00+00:00,30076.31,38037.441999999995,41234.6992,46208.45055000001,DEEP_BEAR,4,0.17749083114067413,166815.0528010549,,30076.31,38037.441999999995,41234.6992,46208.45055000001,DEEP_BEAR,4,0.17749083114067413,166815.0528010549,,30076.31,38037.441999999995,41234.6992,46208.45055000001,DEEP_BEAR,4,0.17749083114067413,166815.0528010549,
2022-05-11 00:00:00+00:00,31017.1,37520.3875,41034.996199999994,46060.09495,DEEP_BEAR,4,0.16149563058887267,163632.91049870042,,31017.1,37520.3875,41034.996199999994,46060.09495,DEEP_BEAR,4,0.16149563058887267,163632.91049870042,,31017.1,37520.3875,41034.996199999994,46060.09495,DEEP_BEAR,4,0.16149563058887267,163632.91049870042,
2022-05-12 00:00:00+00:00,29103.94,36951.584,40769.792400000006,45899.1809,DEEP_BEAR,4,0.15370731915917962,162127.0200473677,,29103.94,36951.584,40769.792400000006,45899.1809,DEEP_BEAR,4,0.15370731915917962,162127.0200473677,,29103.94,36951.584,40769.792400000006,45899.1809,DEEP_BEAR,4,0.15370731915917962,162127.0200473677,
2022-05-13 00:00:00+00:00,29029.75,36417.6125,40492.7322,45740.068549999996,DEEP_BEAR,4,0.1569433900969895,162749.34425625962,,29029.75,36417.6125,40492.7322,45740.068549999996,DEEP_BEAR,4,0.1569433900969895,162749.34425625962,,29029.75,36417.6125,40492.7322,45740.068549999996,DEEP_BEAR,4,0.1569433900969895,162749.34425625962,
2022-05-14 00:00:00+00:00,29287.05,35909.885,40198.644,45571.1099,DEEP_BEAR,4,0.16009925274604003,163360.8624366816,,29287.05,35909.885,40198.644,45571.1099,DEEP_BEAR,4,0.16009925274604003,163360.8624366816,,29287.05,35909.885,40198.644,45571.1099,DEEP_BEAR,4,0.16009925274604003,163360.8624366816,
2022-05-15 00:00:00+00:00,30086.74,35441.715500000006,39914.1156,45419.89955,DEEP_BEAR,4,0.16591822295111752,164500.54923640785,,30086.74,35441.715500000006,39914.1156,45419.89955,DEEP_BEAR,4,0.16591822295111752,164500.54923640785,,30086.74,35441.715500000006,39914.1156,45419.89955,DEEP_BEAR,4,0.16591822295111752,164500.54923640785,
2022-05-16 00:00:00+00:00,31328.89,34986.856,39650.468,45284.4768,DEEP_BEAR,4,0.1581257329478066,162977.9122636063,,31328.89,34986.856,39650.468,45284.4768,DEEP_BEAR,4,0.1581257329478066,162977.9122636063,,31328.89,34986.856,39650.468,45284.4768,DEEP_BEAR,4,0.1581257329478066,162977.9122636063,
2022-05-17 00:00:00+00:00,29874.01,34574.924,39311.393000000004,45130.967399999994,DEEP_BEAR,4,0.16249016150793413,163827.22223259,,29874.01,34574.924,39311.393000000004,45130.967399999994,DEEP_BEAR,4,0.16249016150793413,163827.22223259,,29874.01,34574.924,39311.393000000004,45130.967399999994,DEEP_BEAR,4,0.16249016150793413,163827.22223259,
2022-05-18 00:00:00+00:00,30444.93,34135.3845,38977.8474,44971.923500000004,DEEP_BEAR,4,0.15113790851345926,161636.27968394881,,30444.93,34135.3845,38977.8474,44971.923500000004,DEEP_BEAR,4,0.15113790851345926,161636.27968394881,,30444.93,34135.3845,38977.8474,44971.923500000004,DEEP_BEAR,4,0.15113790851345926,161636.27968394881,
2022-05-19 00:00:00+00:00,28715.32,33584.047,38603.457800000004,44806.20415,DEEP_BEAR,4,0.15814869941721843,162982.35844933317,,28715.32,33584.047,38603.457800000004,44806.20415,DEEP_BEAR,4,0.15814869941721843,162982.35844933317,,28715.32,33584.047,38603.457800000004,44806.20415,DEEP_BEAR,4,0.15814869941721843,162982.35844933317,
2022-05-20 00:00:00+00:00,30319.23,33170.203,38268.482599999996,44651.3013,DEEP_BEAR,4,0.15415940824644547,162213.6745035725,,30319.23,33170.203,38268.482599999996,44651.3013,DEEP_BEAR,4,0.15415940824644547,162213.6745035725,,30319.23,33170.203,38268.482599999996,44651.3013,DEEP_BEAR,4,0.15415940824644547,162213.6745035725,
2022-05-21 00:00:00+00:00,29201.01,32748.7135,37942.296,44492.7508,DEEP_BEAR,4,0.15528590289986344,162429.99957458396,,29201.01,32748.7135,37942.296,44492.7508,DEEP_BEAR,4,0.15528590289986344,162429.99957458396,,29201.01,32748.7135,37942.296,44492.7508,DEEP_BEAR,4,0.15528590289986344,162429.99957458396,
2022-05-22 00:00:00+00:00,29445.06,32297.549,37605.5274,44323.876150000004,DEEP_BEAR,4,0.1598128283385135,163305.17182414353,,29445.06,32297.549,37605.5274,44323.876150000004,DEEP_BEAR,4,0.1598128283385135,163305.17182414353,,29445.06,32297.549,37605.5274,44323.876150000004,DEEP_BEAR,4,0.1598128283385135,163305.17182414353,
2022-05-23 00:00:00+00:00,30293.94,31885.988,37295.186200000004,44160.86345,DEEP_BEAR,4,0.15522408970580054,162418.1143906399,,30293.94,31885.988,37295.186200000004,44160.86345,DEEP_BEAR,4,0.15522408970580054,162418.1143906399,,30293.94,31885.988,37295.186200000004,44160.86345,DEEP_BEAR,4,0.15522408970580054,162418.1143906399,
2022-05-24 00:00:00+00:00,29109.15,31454.998,36949.2222,43999.43415,DEEP_BEAR,4,0.15579264764079814,162527.49996690394,,29109.15,31454.998,36949.2222,43999.43415,DEEP_BEAR,4,0.15579264764079814,162527.49996690394,,29109.15,31454.998,36949.2222,43999.43415,DEEP_BEAR,4,0.15579264764079814,162527.49996690394,
2022-05-25 00:00:00+00:00,29654.58,30953.227000000003,36610.7036,43843.02144999999,DEEP_BEAR,4,0.15350303020948128,162087.89319892618,,29654.58,30953.227000000003,36610.7036,43843.02144999999,DEEP_BEAR,4,0.15350303020948128,162087.89319892618,,29654.58,30953.227000000003,36610.7036,43843.02144999999,DEEP_BEAR,4,0.15350303020948128,162087.89319892618,
2022-05-26 00:00:00+00:00,29542.15,30602.686000000005,36291.59559999999,43683.37915,DEEP_BEAR,4,0.14383888257754576,160258.28274670226,,29542.15,30602.686000000005,36291.59559999999,43683.37915,DEEP_BEAR,4,0.14383888257754576,160258.28274670226,,29542.15,30602.686000000005,36291.59559999999,43683.37915,DEEP_BEAR,4,0.14383888257754576,160258.28274670226,
2022-05-27 00:00:00+00:00,29201.35,30262.065000000002,36012.2132,43513.01795,DEEP_BEAR,4,0.13953151913788792,159456.05618831178,,29201.35,30262.065000000002,36012.2132,43513.01795,DEEP_BEAR,4,0.13953151913788792,159456.05618831178,,29201.35,30262.065000000002,36012.2132,43513.01795,DEEP_BEAR,4,0.13953151913788792,159456.05618831178,
2022-05-28 00:00:00+00:00,28629.8,29919.9355,35715.9254,43318.537800000006,DEEP_BEAR,4,0.14392666556781186,160274.71586137667,,28629.8,29919.9355,35715.9254,43318.537800000006,DEEP_BEAR,4,0.14392666556781186,160274.71586137667,,28629.8,29919.9355,35715.9254,43318.537800000006,DEEP_BEAR,4,0.14392666556781186,160274.71586137667,
2022-05-29 00:00:00+00:00,29031.33,29669.582000000002,35451.5118,43128.956150000005,DEEP_BEAR,4,0.14548280114542564,160566.58732736722,,29031.33,29669.582000000002,35451.5118,43128.956150000005,DEEP_BEAR,4,0.14548280114542564,160566.58732736722,,29031.33,29669.582000000002,35451.5118,43128.956150000005,DEEP_BEAR,4,0.14548280114542564,160566.58732736722,
2022-05-30 00:00:00+00:00,29468.1,29639.171500000004,35185.7944,42951.8845,DEEP_BEAR,4,0.15787830906549952,162930.0277022458,,29468.1,29639.171500000004,35185.7944,42951.8845,DEEP_BEAR,4,0.15787830906549952,162930.0277022458,,29468.1,29639.171500000004,35185.7944,42951.8845,DEEP_BEAR,4,0.15787830906549952,162930.0277022458,
2022-05-31 00:00:00+00:00,31734.22,29675.027499999997,34977.301799999994,42786.68430000001,DEEP_BEAR,4,0.15437136962683906,162254.33423661787,,31734.22,29675.027499999997,34977.301799999994,42786.68430000001,DEEP_BEAR,4,0.15437136962683906,162254.33423661787,,31734.22,29675.027499999997,34977.301799999994,42786.68430000001,DEEP_BEAR,4,0.15437136962683906,162254.33423661787,
2022-06-01 00:00:00+00:00,31801.04,29809.8825,34822.713599999995,42625.078349999996,DEEP_BEAR,4,0.1460262527435228,160668.7686517515,,31801.04,29809.8825,34822.713599999995,42625.078349999996,DEEP_BEAR,4,0.1460262527435228,160668.7686517515,,31801.04,29809.8825,34822.713599999995,42625.078349999996,DEEP_BEAR,4,0.1460262527435228,160668.7686517515,
2022-06-02 00:00:00+00:00,29805.83,29848.6865,34617.3314,42452.2075,DEEP_BEAR,4,0.14728948646047976,160906.78870967287,,29805.83,29848.6865,34617.3314,42452.2075,DEEP_BEAR,4,0.14728948646047976,160906.78870967287,,29805.83,29848.6865,34617.3314,42452.2075,DEEP_BEAR,4,0.14728948646047976,160906.78870967287,
2022-06-03 00:00:00+00:00,30452.62,29906.964999999997,34403.428,42276.8751,DEEP_BEAR,4,0.14335294265036239,160167.37494799995,,30452.62,29906.964999999997,34403.428,42276.8751,DEEP_BEAR,4,0.14335294265036239,160167.37494799995,,30452.62,29906.964999999997,34403.428,42276.8751,DEEP_BEAR,4,0.14335294265036239,160167.37494799995,
2022-06-04 00:00:00+00:00,29700.21,29887.6385,34198.5846,42107.342450000004,DEEP_BEAR,4,0.14536765038881244,160544.95303745772,,29700.21,29887.6385,34198.5846,42107.342450000004,DEEP_BEAR,4,0.14536765038881244,160544.95303745772,,29700.21,29887.6385,34198.5846,42107.342450000004,DEEP_BEAR,4,0.14536765038881244,160544.95303745772,
2022-06-05 00:00:00+00:00,29864.04,29814.395999999997,33984.827399999995,41956.3683,DEEP_BEAR,4,0.14555220512032466,160579.62962142343,,29864.04,29814.395999999997,33984.827399999995,41956.3683,DEEP_BEAR,4,0.14555220512032466,160579.62962142343,,29864.04,29814.395999999997,33984.827399999995,41956.3683,DEEP_BEAR,4,0.14555220512032466,160579.62962142343,
2022-06-06 00:00:00+00:00,29919.21,29816.656000000006,33775.6374,41804.24,DEEP_BEAR,4,0.1494340516921174,161312.4892967793,,29919.21,29816.656000000006,33775.6374,41804.24,DEEP_BEAR,4,0.1494340516921174,161312.4892967793,,29919.21,29816.656000000006,33775.6374,41804.24,DEEP_BEAR,4,0.1494340516921174,161312.4892967793,
2022-06-07 00:00:00+00:00,31373.1,29863.0645,33609.537000000004,41676.647399999994,DEEP_BEAR,4,0.14644689588308113,160747.94851173754,,31373.1,29863.0645,33609.537000000004,41676.647399999994,DEEP_BEAR,4,0.14644689588308113,160747.94851173754,,31373.1,29863.0645,33609.537000000004,41676.647399999994,DEEP_BEAR,4,0.14644689588308113,160747.94851173754,
2022-06-08 00:00:00+00:00,31125.33,29983.565000000002,33416.021,41542.01285,DEEP_BEAR,4,0.14488564954728148,160454.45893871333,,31125.33,29983.565000000002,33416.021,41542.01285,DEEP_BEAR,4,0.14488564954728148,160454.45893871333,,31125.33,29983.565000000002,33416.021,41542.01285,DEEP_BEAR,4,0.14488564954728148,160454.45893871333,
2022-06-09 00:00:00+00:00,30204.77,29977.841999999997,33190.2528,41394.49915,DEEP_BEAR,4,0.14472562054718538,160424.43656549393,,30204.77,29977.841999999997,33190.2528,41394.49915,DEEP_BEAR,4,0.14472562054718538,160424.43656549393,,30204.77,29977.841999999997,33190.2528,41394.49915,DEEP_BEAR,4,0.14472562054718538,160424.43656549393,
2022-06-10 00:00:00+00:00,30109.93,30023.288,32965.2876,41251.9387,DEEP_BEAR,4,0.13628525232580993,158856.74153659045,,30109.93,30023.288,32965.2876,41251.9387,DEEP_BEAR,4,0.13628525232580993,158856.74153659045,,30109.93,30023.288,32965.2876,41251.9387,DEEP_BEAR,4,0.13628525232580993,158856.74153659045,
2022-06-11 00:00:00+00:00,29091.88,30005.628999999997,32737.525,41116.1622,DEEP_BEAR,4,0.12749376739844168,157256.08059384214,,29091.88,30005.628999999997,32737.525,41116.1622,DEEP_BEAR,4,0.12749376739844168,157256.08059384214,,29091.88,30005.628999999997,32737.525,41116.1622,DEEP_BEAR,4,0.12749376739844168,157256.08059384214,
2022-06-12 00:00:00+00:00,28424.7,29912.166999999998,32511.8354,40970.57935,DEEP_BEAR,4,0.120376070374638,155983.6036873822,,28424.7,29912.166999999998,32511.8354,40970.57935,DEEP_BEAR,4,0.120376070374638,155983.6036873822,,28424.7,29912.166999999998,32511.8354,40970.57935,DEEP_BEAR,4,0.120376070374638,155983.6036873822,
2022-06-13 00:00:00+00:00,26574.53,29785.436000000005,32254.494000000002,40817.76055,DEEP_BEAR,4,0.10354069865013657,153054.25491822985,CRASH_L1:NOTIONAL_BELOW_GUARD,26574.53,29785.436000000005,32254.494000000002,40817.76055,DEEP_BEAR,4,0.10354069865013657,153054.25491822985,CRASH_L1:NOTIONAL_BELOW_GUARD,26574.53,29785.436000000005,32254.494000000002,40817.76055,DEEP_BEAR,4,0.10354069865013657,153054.25491822985,CRASH_L1:NOTIONAL_BELOW_GUARD
2022-06-14 00:00:00+00:00,22487.41,29427.077499999996,31915.2396,40635.3958,DEEP_BEAR,4,0.10343867939427827,153036.83895254647,AHR999_TO35:EXECUTED,22487.41,29427.077499999996,31915.2396,40635.3958,DEEP_BEAR,4,0.10343867939427827,153036.83895254647,AHR999_TO35:EXECUTED,22487.41,29427.077499999996,31915.2396,40635.3958,DEEP_BEAR,4,0.10343867939427827,153036.83895254647,AHR999_TO35:EXECUTED
2022-06-15 00:00:00+00:00,22136.41,29056.790499999996,31549.446200000002,40477.4452,ACCUMULATION,4,0.3550412911445843,154174.92782407947,,22136.41,29056.790499999996,31549.446200000002,40477.4452,ACCUMULATION,4,0.3550412911445843,154174.92782407947,,22136.41,29056.790499999996,31549.446200000002,40477.4452,ACCUMULATION,4,0.3550412911445843,154174.92782407947,
2022-06-16 00:00:00+00:00,22583.72,28725.908999999996,31238.867599999998,40316.75865,ACCUMULATION,4,0.32684967381259583,147718.0631412369,CRASH_L2:NOTIONAL_BELOW_GUARD,22583.72,28725.908999999996,31238.867599999998,40316.75865,ACCUMULATION,4,0.32684967381259583,147718.0631412369,CRASH_L2:NOTIONAL_BELOW_GUARD,22583.72,28725.908999999996,31238.867599999998,40316.75865,ACCUMULATION,4,0.32684967381259583,147718.0631412369,CRASH_L2:NOTIONAL_BELOW_GUARD
2022-06-17 00:00:00+00:00,20401.31,28314.484500000002,30862.1794,40132.3908,ACCUMULATION,4,0.32924230302873214,148244.9815131299,STAGE4_SELL:EXECUTED,20401.31,28314.484500000002,30862.1794,40132.3908,ACCUMULATION,4,0.32924230302873214,148244.9815131299,STAGE4_SELL:EXECUTED,20401.31,28314.484500000002,30862.1794,40132.3908,ACCUMULATION,4,0.32924230302873214,148244.9815131299,STAGE4_SELL:EXECUTED
2022-06-18 00:00:00+00:00,20468.81,27886.358499999995,30476.7142,39945.8536,DEEP_BEAR,4,0.23481430396015576,145284.78827294582,AHR999_TO35:EXECUTED,20468.81,27886.358499999995,30476.7142,39945.8536,DEEP_BEAR,4,0.23481430396015576,145284.78827294582,AHR999_TO35:EXECUTED,20468.81,27886.358499999995,30476.7142,39945.8536,DEEP_BEAR,4,0.23481430396015576,145284.78827294582,AHR999_TO35:EXECUTED
2022-06-19 00:00:00+00:00,18970.79,27361.493,30084.207800000004,39755.95475,ACCUMULATION,4,0.3741171161657314,150855.6507037421,,18970.79,27361.493,30084.207800000004,39755.95475,ACCUMULATION,4,0.3741171161657314,150855.6507037421,,18970.79,27361.493,30084.207800000004,39755.95475,ACCUMULATION,4,0.3741171161657314,150855.6507037421,
2022-06-20 00:00:00+00:00,20574.0,26803.482,29743.0718,39572.9044,ACCUMULATION,4,0.374136058108202,150860.21639105165,,20574.0,26803.482,29743.0718,39572.9044,ACCUMULATION,4,0.374136058108202,150860.21639105165,,20574.0,26803.482,29743.0718,39572.9044,ACCUMULATION,4,0.374136058108202,150860.21639105165,
2022-06-21 00:00:00+00:00,20573.89,26242.124499999998,29385.182599999996,39393.37215,ACCUMULATION,4,0.37474055283356467,151006.06657450553,,20573.89,26242.124499999998,29385.182599999996,39393.37215,ACCUMULATION,4,0.37474055283356467,151006.06657450553,,20573.89,26242.124499999998,29385.182599999996,39393.37215,ACCUMULATION,4,0.37474055283356467,151006.06657450553,
2022-06-22 00:00:00+00:00,20723.52,25788.009000000002,29029.1498,39228.9845,ACCUMULATION,4,0.3623767464440277,148077.9899079778,,20723.52,25788.009000000002,29029.1498,39228.9845,ACCUMULATION,4,0.3623767464440277,148077.9899079778,,20723.52,25788.009000000002,29029.1498,39228.9845,ACCUMULATION,4,0.3623767464440277,148077.9899079778,
2022-06-23 00:00:00+00:00,19987.99,25264.777500000004,28674.3306,39083.1621,ACCUMULATION,4,0.3789553712225157,152030.89332084457,,19987.99,25264.777500000004,28674.3306,39083.1621,ACCUMULATION,4,0.3789553712225157,152030.89332084457,,19987.99,25264.777500000004,28674.3306,39083.1621,ACCUMULATION,4,0.3789553712225157,152030.89332084457,
2022-06-24 00:00:00+00:00,21110.13,24835.273500000003,28302.733200000002,38941.7311,ACCUMULATION,4,0.3881115807939372,154305.86156159383,,21110.13,24835.273500000003,28302.733200000002,38941.7311,ACCUMULATION,4,0.3881115807939372,154305.86156159383,,21110.13,24835.273500000003,28302.733200000002,38941.7311,ACCUMULATION,4,0.3881115807939372,154305.86156159383,
2022-06-25 00:00:00+00:00,21237.69,24403.956000000002,27996.427600000003,38795.709950000004,ACCUMULATION,4,0.39125897689666705,155103.67483337148,STAGE4_SELL:EXECUTED,21237.69,24403.956000000002,27996.427600000003,38795.709950000004,ACCUMULATION,4,0.39125897689666705,155103.67483337148,STAGE4_SELL:EXECUTED,21237.69,24403.956000000002,27996.427600000003,38795.709950000004,ACCUMULATION,4,0.39125897689666705,155103.67483337148,STAGE4_SELL:EXECUTED
2022-06-26 00:00:00+00:00,21491.19,23982.555,27705.976000000002,38650.22115,DEEP_BEAR,4,0.24433818892524137,153906.97030785165,AHR999_TO35:EXECUTED,21491.19,23982.555,27705.976000000002,38650.22115,DEEP_BEAR,4,0.24433818892524137,153906.97030785165,AHR999_TO35:EXECUTED,21491.19,23982.555,27705.976000000002,38650.22115,DEEP_BEAR,4,0.24433818892524137,153906.97030785165,AHR999_TO35:EXECUTED
2022-06-27 00:00:00+00:00,21038.07,23465.8035,27417.2896,38503.055550000005,ACCUMULATION,4,0.34805074582201356,153421.4224418784,,21038.07,23465.8035,27417.2896,38503.055550000005,ACCUMULATION,4,0.34805074582201356,153421.4224418784,,21038.07,23465.8035,27417.2896,38503.055550000005,ACCUMULATION,4,0.34805074582201356,153421.4224418784,
2022-06-28 00:00:00+00:00,20742.56,22946.665,27151.3728,38369.0404,ACCUMULATION,4,0.34068213992414337,151706.76845368705,,20742.56,22946.665,27151.3728,38369.0404,ACCUMULATION,4,0.34068213992414337,151706.76845368705,,20742.56,22946.665,27151.3728,38369.0404,ACCUMULATION,4,0.34068213992414337,151706.76845368705,
2022-06-29 00:00:00+00:00,20281.29,22450.491,26955.4724,38234.74415,ACCUMULATION,4,0.3352087981943847,150457.7402111214,,20281.29,22450.491,26955.4724,38234.74415,ACCUMULATION,4,0.3352087981943847,150457.7402111214,,20281.29,22450.491,26955.4724,38234.74415,ACCUMULATION,4,0.3352087981943847,150457.7402111214,
2022-06-30 00:00:00+00:00,20123.01,21951.145,26737.5906,38088.409250000004,ACCUMULATION,4,0.33114039734481815,149542.5669884169,,20123.01,21951.145,26737.5906,38088.409250000004,ACCUMULATION,4,0.33114039734481815,149542.5669884169,,20123.01,21951.145,26737.5906,38088.409250000004,ACCUMULATION,4,0.33114039734481815,149542.5669884169,
