execution_4h_open,B_signal_date,B_state_before,B_state_after,B_stage_before,B_stage_after,B_active_target_before,B_active_target_after,B_crypto_exposure_before,B_crypto_exposure_after,B_actions,Q_signal_date,Q_state_before,Q_state_after,Q_stage_before,Q_stage_after,Q_active_target_before,Q_active_target_after,Q_crypto_exposure_before,Q_crypto_exposure_after,Q_actions,Q_direct_difference_candidate_id,Q_causal_parent_stage3_candidate_id,B_core_actions,Q_core_actions,has_economic_or_state_difference,classification,causal_parent_stage3_candidate_id
2020-01-01 00:00:00+00:00,2019-12-31 00:00:00+00:00,BULL,BULL,0,0,0.95,0.95,0.6996150018295125,0.6996150018295125,,2019-12-31 00:00:00+00:00,BULL,BULL,0,0,0.95,0.95,0.6996150018295125,0.6996150018295125,,,,,,False,SAME,
2020-01-02 00:00:00+00:00,2020-01-01 00:00:00+00:00,BULL,BULL,0,0,0.95,0.95,0.700494177668181,0.7007557354298339,,2020-01-01 00:00:00+00:00,BULL,BULL,0,0,0.95,0.95,0.700494177668181,0.7007557354298339,,,,,,False,SAME,
2020-01-03 00:00:00+00:00,2020-01-02 00:00:00+00:00,BULL,BULL,0,0,0.95,0.95,0.6942959376693414,0.6942959376693414,,2020-01-02 00:00:00+00:00,BULL,BULL,0,0,0.95,0.95,0.6942959376693414,0.6942959376693414,,,,,,False,SAME,
2020-01-04 00:00:00+00:00,2020-01-03 00:00:00+00:00,BULL,BULL,0,0,0.95,0.95,0.7056770513697216,0.7056770513697216,,2020-01-03 00:00:00+00:00,BULL,BULL,0,0,0.95,0.95,0.7056770513697216,0.7056770513697216,,,,,,False,SAME,
2020-01-05 00:00:00+00:00,2020-01-04 00:00:00+00:00,BULL,BULL,0,0,0.95,0.95,0.7060708232761093,0.7060708232761093,,2020-01-04 00:00:00+00:00,BULL,BULL,0,0,0.95,0.95,0.7060708232761093,0.7060708232761093,,,,,,False,SAME,
2020-01-06 00:00:00+00:00,2020-01-05 00:00:00+00:00,BULL,BULL,0,0,0.95,0.95,0.7069003414374316,0.7069003414374316,,2020-01-05 00:00:00+00:00,BULL,BULL,0,0,0.95,0.95,0.7069003414374316,0.7069003414374316,,,,,,False,SAME,
2020-01-07 00:00:00+00:00,2020-01-06 00:00:00+00:00,BULL,BULL,0,0,0.95,0.95,0.718844007411561,0.718844007411561,,2020-01-06 00:00:00+00:00,BULL,BULL,0,0,0.95,0.95,0.718844007411561,0.718844007411561,,,,,,False,SAME,
2020-01-08 00:00:00+00:00,2020-01-07 00:00:00+00:00,BULL,BULL,0,0,0.95,0.95,0.7243119141930011,0.7243119141930011,,2020-01-07 00:00:00+00:00,BULL,BULL,0,0,0.95,0.95,0.7243119141930011,0.7243119141930011,,,,,,False,SAME,
2020-01-09 00:00:00+00:00,2020-01-08 00:00:00+00:00,BULL,BULL,0,0,0.95,0.95,0.7218866904504039,0.7221296750518896,,2020-01-08 00:00:00+00:00,BULL,BULL,0,0,0.95,0.95,0.7218866904504039,0.7221296750518896,,,,,,False,SAME,
2020-01-10 00:00:00+00:00,2020-01-09 00:00:00+00:00,BULL,BULL,0,0,0.95,0.95,0.7165359439804668,0.7165359439804668,,2020-01-09 00:00:00+00:00,BULL,BULL,0,0,0.95,0.95,0.7165359439804668,0.7165359439804668,,,,,,False,SAME,
2020-01-11 00:00:00+00:00,2020-01-10 00:00:00+00:00,BULL,BULL,0,0,0.95,0.95,0.7266052075286885,0.7266052075286885,,2020-01-10 00:00:00+00:00,BULL,BULL,0,0,0.95,0.95,0.7266052075286885,0.7266052075286885,,,,,,False,SAME,
2020-01-12 00:00:00+00:00,2020-01-11 00:00:00+00:00,BULL,BULL,0,0,0.95,0.95,0.7226570864587977,0.7226570864587977,,2020-01-11 00:00:00+00:00,BULL,BULL,0,0,0.95,0.95,0.7226570864587977,0.7226570864587977,,,,,,False,SAME,
2020-01-13 00:00:00+00:00,2020-01-12 00:00:00+00:00,BULL,BULL,0,0,0.95,0.95,0.7276423008487442,0.7276423008487442,,2020-01-12 00:00:00+00:00,BULL,BULL,0,0,0.95,0.95,0.7276423008487442,0.7276423008487442,,,,,,False,SAME,
2020-01-14 00:00:00+00:00,2020-01-13 00:00:00+00:00,BULL,BULL,0,0,0.95,0.95,0.7250488573967308,0.7250488573967308,,2020-01-13 00:00:00+00:00,BULL,BULL,0,0,0.95,0.95,0.7250488573967308,0.7250488573967308,,,,,,False,SAME,
2020-01-15 00:00:00+00:00,2020-01-14 00:00:00+00:00,BULL,BULL,0,0,0.95,0.95,0.7458956870190409,0.7458956870190409,,2020-01-14 00:00:00+00:00,BULL,BULL,0,0,0.95,0.95,0.7458956870190409,0.7458956870190409,,,,,,False,SAME,
2020-01-16 00:00:00+00:00,2020-01-15 00:00:00+00:00,BULL,BULL,0,0,0.95,0.95,0.7461524455767048,0.7463741452340464,,2020-01-15 00:00:00+00:00,BULL,BULL,0,0,0.95,0.95,0.7461524455767048,0.7463741452340464,,,,,,False,SAME,
2020-01-17 00:00:00+00:00,2020-01-16 00:00:00+00:00,BULL,BULL,0,0,0.95,0.95,0.7441350983520222,0.7441350983520222,,2020-01-16 00:00:00+00:00,BULL,BULL,0,0,0.95,0.95,0.7441350983520222,0.7441350983520222,,,,,,False,SAME,
2020-01-18 00:00:00+00:00,2020-01-17 00:00:00+00:00,BULL,BULL,0,0,0.95,0.95,0.7492193913799157,0.7492193913799157,,2020-01-17 00:00:00+00:00,BULL,BULL,0,0,0.95,0.95,0.7492193913799157,0.7492193913799157,,,,,,False,SAME,
2020-01-19 00:00:00+00:00,2020-01-18 00:00:00+00:00,BULL,BULL,0,0,0.95,0.95,0.7513503751512461,0.7513503751512461,,2020-01-18 00:00:00+00:00,BULL,BULL,0,0,0.95,0.95,0.7513503751512461,0.7513503751512461,,,,,,False,SAME,
2020-01-20 00:00:00+00:00,2020-01-19 00:00:00+00:00,BULL,BULL,0,0,0.95,0.95,0.745464714603229,0.745464714603229,,2020-01-19 00:00:00+00:00,BULL,BULL,0,0,0.95,0.95,0.745464714603229,0.745464714603229,,,,,,False,SAME,
2020-01-21 00:00:00+00:00,2020-01-20 00:00:00+00:00,BULL,BULL,0,0,0.95,0.95,0.7447490445982724,0.7449720622427087,,2020-01-20 00:00:00+00:00,BULL,BULL,0,0,0.95,0.95,0.7447490445982724,0.7449720622427087,,,,,,False,SAME,
2020-01-22 00:00:00+00:00,2020-01-21 00:00:00+00:00,BULL,BULL,0,0,0.95,0.95,0.7472044633835088,0.7472044633835088,,2020-01-21 00:00:00+00:00,BULL,BULL,0,0,0.95,0.95,0.7472044633835088,0.7472044633835088,,,,,,False,SAME,
2020-01-23 00:00:00+00:00,2020-01-22 00:00:00+00:00,BULL,BULL,0,0,0.95,0.95,0.746146506054115,0.746146506054115,,2020-01-22 00:00:00+00:00,BULL,BULL,0,0,0.95,0.95,0.746146506054115,0.746146506054115,,,,,,False,SAME,
2020-01-24 00:00:00+00:00,2020-01-23 00:00:00+00:00,BULL,BULL,0,0,0.95,0.95,0.7400632056629579,0.7400632056629579,,2020-01-23 00:00:00+00:00,BULL,BULL,0,0,0.95,0.95,0.7400632056629579,0.7400632056629579,,,,,,False,SAME,
2020-01-25 00:00:00+00:00,2020-01-24 00:00:00+00:00,BULL,BULL,0,0,0.95,0.95,0.7406598167183222,0.7406598167183222,,2020-01-24 00:00:00+00:00,BULL,BULL,0,0,0.95,0.95,0.7406598167183222,0.7406598167183222,,,,,,False,SAME,
2020-01-26 00:00:00+00:00,2020-01-25 00:00:00+00:00,BULL,BULL,0,0,0.95,0.95,0.7383328378342467,0.7383328378342467,,2020-01-25 00:00:00+00:00,BULL,BULL,0,0,0.95,0.95,0.7383328378342467,0.7383328378342467,,,,,,False,SAME,
2020-01-27 00:00:00+00:00,2020-01-26 00:00:00+00:00,BULL,BULL,0,0,0.95,0.95,0.7458245675720296,0.7458245675720296,,2020-01-26 00:00:00+00:00,BULL,BULL,0,0,0.95,0.95,0.7458245675720296,0.7458245675720296,,,,,,False,SAME,
2020-01-28 00:00:00+00:00,2020-01-27 00:00:00+00:00,BULL,BULL,0,0,0.95,0.95,0.7504241959873182,0.7506421662738854,,2020-01-27 00:00:00+00:00,BULL,BULL,0,0,0.95,0.95,0.7504241959873182,0.7506421662738854,,,,,,False,SAME,
2020-01-29 00:00:00+00:00,2020-01-28 00:00:00+00:00,BULL,BULL,0,0,0.95,0.95,0.7587857620976808,0.7587857620976808,,2020-01-28 00:00:00+00:00,BULL,BULL,0,0,0.95,0.95,0.7587857620976808,0.7587857620976808,,,,,,False,SAME,
2020-01-30 00:00:00+00:00,2020-01-29 00:00:00+00:00,BULL,BULL,0,0,0.95,0.95,0.7571724805585,0.7571724805585,,2020-01-29 00:00:00+00:00,BULL,BULL,0,0,0.95,0.95,0.7571724805585,0.7571724805585,,,,,,False,SAME,
2020-01-31 00:00:00+00:00,2020-01-30 00:00:00+00:00,BULL,BULL,0,0,0.95,0.95,0.7642563992243254,0.7642563992243254,,2020-01-30 00:00:00+00:00,BULL,BULL,0,0,0.95,0.95,0.7642563992243254,0.7642563992243254,,,,,,False,SAME,
2020-02-01 00:00:00+00:00,2020-01-31 00:00:00+00:00,BULL,BULL,0,0,0.95,0.95,0.7605765380717565,0.7605765380717565,,2020-01-31 00:00:00+00:00,BULL,BULL,0,0,0.95,0.95,0.7605765380717565,0.7605765380717565,,,,,,False,SAME,
2020-02-02 00:00:00+00:00,2020-02-01 00:00:00+00:00,BULL,BULL,0,0,0.95,0.95,0.7626521636417388,0.7626521636417388,,2020-02-01 00:00:00+00:00,BULL,BULL,0,0,0.95,0.95,0.7626521636417388,0.7626521636417388,,,,,,False,SAME,
2020-02-03 00:00:00+00:00,2020-02-02 00:00:00+00:00,BULL,BULL,0,0,0.95,0.95,0.7639990114919811,0.7639990114919811,,2020-02-02 00:00:00+00:00,BULL,BULL,0,0,0.95,0.95,0.7639990114919811,0.7639990114919811,,,,,,False,SAME,
2020-02-04 00:00:00+00:00,2020-02-03 00:00:00+00:00,BULL,BULL,0,0,0.95,0.95,0.7641300630594208,0.7641300630594208,,2020-02-03 00:00:00+00:00,BULL,BULL,0,0,0.95,0.95,0.7641300630594208,0.7641300630594208,,,,,,False,SAME,
2020-02-05 00:00:00+00:00,2020-02-04 00:00:00+00:00,BULL,BULL,0,0,0.95,0.95,0.7628253179513511,0.7628253179513511,,2020-02-04 00:00:00+00:00,BULL,BULL,0,0,0.95,0.95,0.7628253179513511,0.7628253179513511,,,,,,False,SAME,
2020-02-06 00:00:00+00:00,2020-02-05 00:00:00+00:00,BULL,BULL,0,0,0.95,0.95,0.7731052551156185,0.7731052551156185,,2020-02-05 00:00:00+00:00,BULL,BULL,0,0,0.95,0.95,0.7731052551156185,0.7731052551156185,,,,,,False,SAME,
2020-02-07 00:00:00+00:00,2020-02-06 00:00:00+00:00,BULL,BULL,0,0,0.95,0.95,0.7781450319628221,0.7781450319628221,,2020-02-06 00:00:00+00:00,BULL,BULL,0,0,0.95,0.95,0.7781450319628221,0.7781450319628221,,,,,,False,SAME,
2020-02-08 00:00:00+00:00,2020-02-07 00:00:00+00:00,BULL,BULL,0,0,0.95,0.95,0.7820722923648846,0.7820722923648846,,2020-02-07 00:00:00+00:00,BULL,BULL,0,0,0.95,0.95,0.7820722923648846,0.7820722923648846,,,,,,False,SAME,
2020-02-09 00:00:00+00:00,2020-02-08 00:00:00+00:00,BULL,BULL,0,0,0.95,0.95,0.7828532461530157,0.7828532461530157,,2020-02-08 00:00:00+00:00,BULL,BULL,0,0,0.95,0.95,0.7828532461530157,0.7828532461530157,,,,,,False,SAME,
2020-02-10 00:00:00+00:00,2020-02-09 00:00:00+00:00,BULL,BULL,0,0,0.95,0.95,0.7871830632918395,0.7871830632918395,,2020-02-09 00:00:00+00:00,BULL,BULL,0,0,0.95,0.95,0.7871830632918395,0.7871830632918395,,,,,,False,SAME,
2020-02-11 00:00:00+00:00,2020-02-10 00:00:00+00:00,BULL,BULL,0,0,0.95,0.95,0.7825734334754344,0.7825734334754344,,2020-02-10 00:00:00+00:00,BULL,BULL,0,0,0.95,0.95,0.7825734334754344,0.7825734334754344,,,,,,False,SAME,
2020-02-12 00:00:00+00:00,2020-02-11 00:00:00+00:00,BULL,BULL,0,0,0.95,0.95,0.7905445136581242,0.7905445136581242,,2020-02-11 00:00:00+00:00,BULL,BULL,0,0,0.95,0.95,0.7905445136581242,0.7905445136581242,,,,,,False,SAME,
2020-02-13 00:00:00+00:00,2020-02-12 00:00:00+00:00,BULL,BULL,0,0,0.95,0.95,0.7999393846469186,0.7999393846469186,,2020-02-12 00:00:00+00:00,BULL,BULL,0,0,0.95,0.95,0.7999393846469186,0.7999393846469186,,,,,,False,SAME,
2020-02-14 00:00:00+00:00,2020-02-13 00:00:00+00:00,BULL,BULL,0,0,0.95,0.95,0.7999208290392034,0.7999208290392034,,2020-02-13 00:00:00+00:00,BULL,BULL,0,0,0.95,0.95,0.7999208290392034,0.7999208290392034,,,,,,False,SAME,
2020-02-15 00:00:00+00:00,2020-02-14 00:00:00+00:00,BULL,BULL,0,0,0.95,0.95,0.8054625103197954,0.8054625103197954,,2020-02-14 00:00:00+00:00,BULL,BULL,0,0,0.95,0.95,0.8054625103197954,0.8054625103197954,,,,,,False,SAME,
2020-02-16 00:00:00+00:00,2020-02-15 00:00:00+00:00,BULL,BULL,0,0,0.95,0.95,0.7963532645744252,0.7963532645744252,,2020-02-15 00:00:00+00:00,BULL,BULL,0,0,0.95,0.95,0.7963532645744252,0.7963532645744252,,,,,,False,SAME,
2020-02-17 00:00:00+00:00,2020-02-16 00:00:00+00:00,BULL,BULL,0,0,0.95,0.95,0.7947524541963364,0.7947524541963364,,2020-02-16 00:00:00+00:00,BULL,BULL,0,0,0.95,0.95,0.7947524541963364,0.7947524541963364,,,,,,False,SAME,
2020-02-18 00:00:00+00:00,2020-02-17 00:00:00+00:00,BULL,BULL,0,0,0.95,0.95,0.7956445731514868,0.7956445731514868,,2020-02-17 00:00:00+00:00,BULL,BULL,0,0,0.95,0.95,0.7956445731514868,0.7956445731514868,,,,,,False,SAME,
2020-02-19 00:00:00+00:00,2020-02-18 00:00:00+00:00,BULL,BULL,0,0,0.95,0.95,0.8036857202182741,0.8036857202182741,,2020-02-18 00:00:00+00:00,BULL,BULL,0,0,0.95,0.95,0.8036857202182741,0.8036857202182741,,,,,,False,SAME,
2020-02-20 00:00:00+00:00,2020-02-19 00:00:00+00:00,BULL,BULL,0,0,0.95,0.95,0.7920325735424575,0.7920325735424575,,2020-02-19 00:00:00+00:00,BULL,BULL,0,0,0.95,0.95,0.7920325735424575,0.7920325735424575,,,,,,False,SAME,
2020-02-21 00:00:00+00:00,2020-02-20 00:00:00+00:00,BULL,DISTRIBUTION,0,1,0.95,0.85,0.7917023385564371,0.7917023385564371,STAGE1_SELL:NOTIONAL_BELOW_GUARD,2020-02-20 00:00:00+00:00,BULL,DISTRIBUTION,0,1,0.95,0.85,0.7917023385564371,0.7917023385564371,STAGE1_SELL:NOTIONAL_BELOW_GUARD,,,STAGE1_SELL:NOTIONAL_BELOW_GUARD,STAGE1_SELL:NOTIONAL_BELOW_GUARD,False,SAME,
2020-02-22 00:00:00+00:00,2020-02-21 00:00:00+00:00,DISTRIBUTION,DISTRIBUTION,1,1,0.85,0.85,0.794971997468579,0.794971997468579,,2020-02-21 00:00:00+00:00,DISTRIBUTION,DISTRIBUTION,1,1,0.85,0.85,0.794971997468579,0.794971997468579,,,,,,False,SAME,
2020-02-23 00:00:00+00:00,2020-02-22 00:00:00+00:00,DISTRIBUTION,DISTRIBUTION,1,1,0.85,0.85,0.7937203914381906,0.7937203914381906,,2020-02-22 00:00:00+00:00,DISTRIBUTION,DISTRIBUTION,1,1,0.85,0.85,0.7937203914381906,0.7937203914381906,,,,,,False,SAME,
2020-02-24 00:00:00+00:00,2020-02-23 00:00:00+00:00,DISTRIBUTION,DISTRIBUTION,1,1,0.85,0.85,0.7999868400833289,0.7999868400833289,,2020-02-23 00:00:00+00:00,DISTRIBUTION,DISTRIBUTION,1,1,0.85,0.85,0.7999868400833289,0.7999868400833289,,,,,,False,SAME,
2020-02-25 00:00:00+00:00,2020-02-24 00:00:00+00:00,DISTRIBUTION,DISTRIBUTION,1,1,0.85,0.85,0.7950743146661962,0.7950743146661962,,2020-02-24 00:00:00+00:00,DISTRIBUTION,DISTRIBUTION,1,1,0.85,0.85,0.7950743146661962,0.7950743146661962,,,,,,False,SAME,
2020-02-26 00:00:00+00:00,2020-02-25 00:00:00+00:00,DISTRIBUTION,DISTRIBUTION,1,1,0.85,0.85,0.7863261036731872,0.7863261036731872,,2020-02-25 00:00:00+00:00,DISTRIBUTION,DISTRIBUTION,1,1,0.85,0.85,0.7863261036731872,0.7863261036731872,,,,,,False,SAME,
2020-02-27 00:00:00+00:00,2020-02-26 00:00:00+00:00,DISTRIBUTION,DISTRIBUTION,1,1,0.85,0.85,0.7733802913742804,0.7733802913742804,,2020-02-26 00:00:00+00:00,DISTRIBUTION,DISTRIBUTION,1,1,0.85,0.85,0.7733802913742804,0.7733802913742804,,,,,,False,SAME,
2020-02-28 00:00:00+00:00,2020-02-27 00:00:00+00:00,DISTRIBUTION,EARLY_BEAR,1,2,0.85,0.7,0.7752047896042183,0.6999999999999998,STAGE2_SELL:EXECUTED,2020-02-27 00:00:00+00:00,DISTRIBUTION,EARLY_BEAR,1,2,0.85,0.7,0.7752047896042183,0.6999999999999998,STAGE2_SELL:EXECUTED,,,STAGE2_SELL:EXECUTED,STAGE2_SELL:EXECUTED,False,SAME,
2020-02-29 00:00:00+00:00,2020-02-28 00:00:00+00:00,EARLY_BEAR,EARLY_BEAR,2,2,0.7,0.7,0.6980204135500608,0.6980204135500608,,2020-02-28 00:00:00+00:00,EARLY_BEAR,EARLY_BEAR,2,2,0.7,0.7,0.6980204135500608,0.6980204135500608,,,,,,False,SAME,
2020-03-01 00:00:00+00:00,2020-02-29 00:00:00+00:00,EARLY_BEAR,BEAR,2,3,0.7,0.55,0.6917508138584276,0.55,STAGE3_SELL:EXECUTED,2020-02-29 00:00:00+00:00,EARLY_BEAR,BEAR,2,3,0.7,0.55,0.6917508138584276,0.55,STAGE3_SELL:EXECUTED,,,STAGE3_SELL:EXECUTED,STAGE3_SELL:EXECUTED,False,SAME,
2020-03-02 00:00:00+00:00,2020-03-01 00:00:00+00:00,BEAR,BEAR,3,3,0.55,0.55,0.5505933536391562,0.5505933536391562,,2020-03-01 00:00:00+00:00,BEAR,BEAR,3,3,0.55,0.55,0.5505933536391562,0.5505933536391562,,,,,,False,SAME,
2020-03-03 00:00:00+00:00,2020-03-02 00:00:00+00:00,BEAR,BEAR,3,3,0.55,0.55,0.5639526521565805,0.5639526521565805,,2020-03-02 00:00:00+00:00,BEAR,BEAR,3,3,0.55,0.55,0.5639526521565805,0.5639526521565805,,,,,,False,SAME,
2020-03-04 00:00:00+00:00,2020-03-03 00:00:00+00:00,BEAR,BEAR,3,3,0.55,0.55,0.5576501659361653,0.5576501659361653,,2020-03-03 00:00:00+00:00,BEAR,BEAR,3,3,0.55,0.55,0.5576501659361653,0.5576501659361653,,,,,,False,SAME,
2020-03-05 00:00:00+00:00,2020-03-04 00:00:00+00:00,BEAR,BEAR,3,3,0.55,0.55,0.5579414972861942,0.5579414972861942,,2020-03-04 00:00:00+00:00,BEAR,BEAR,3,3,0.55,0.55,0.5579414972861942,0.5579414972861942,,,,,,False,SAME,
2020-03-06 00:00:00+00:00,2020-03-05 00:00:00+00:00,BEAR,BEAR,3,3,0.55,0.55,0.5646496021220964,0.5646496021220964,,2020-03-05 00:00:00+00:00,BEAR,BEAR,3,3,0.55,0.55,0.5646496021220964,0.5646496021220964,,,,,,False,SAME,
2020-03-07 00:00:00+00:00,2020-03-06 00:00:00+00:00,BEAR,BEAR,3,3,0.55,0.55,0.5742448037695969,0.5742448037695969,,2020-03-06 00:00:00+00:00,BEAR,BEAR,3,3,0.55,0.55,0.5742448037695969,0.5742448037695969,,,,,,False,SAME,
2020-03-08 00:00:00+00:00,2020-03-07 00:00:00+00:00,BEAR,BEAR,3,3,0.55,0.55,0.5671880916028218,0.5671880916028218,,2020-03-07 00:00:00+00:00,BEAR,BEAR,3,3,0.55,0.55,0.5671880916028218,0.5671880916028218,,,,,,False,SAME,
2020-03-09 00:00:00+00:00,2020-03-08 00:00:00+00:00,BEAR,BEAR,3,3,0.55,0.55,0.5337819807969267,0.5337819807969267,,2020-03-08 00:00:00+00:00,BEAR,BEAR,3,3,0.55,0.55,0.5337819807969267,0.5337819807969267,,,,,,False,SAME,
2020-03-10 00:00:00+00:00,2020-03-09 00:00:00+00:00,BEAR,BEAR,3,3,0.55,0.55,0.5342855841700799,0.5342855841700799,,2020-03-09 00:00:00+00:00,BEAR,BEAR,3,3,0.55,0.55,0.5342855841700799,0.5342855841700799,,,,,,False,SAME,
2020-03-11 00:00:00+00:00,2020-03-10 00:00:00+00:00,BEAR,BEAR,3,3,0.55,0.55,0.5327163067804753,0.5327163067804753,,2020-03-10 00:00:00+00:00,BEAR,BEAR,3,3,0.55,0.55,0.5327163067804753,0.5327163067804753,,,,,,False,SAME,
2020-03-12 00:00:00+00:00,2020-03-11 00:00:00+00:00,BEAR,BEAR,3,3,0.55,0.55,0.5299394965621069,0.5299394965621069,,2020-03-11 00:00:00+00:00,BEAR,BEAR,3,3,0.55,0.55,0.5299394965621069,0.5299394965621069,,,,,,False,SAME,
2020-03-13 00:00:00+00:00,2020-03-12 00:00:00+00:00,BEAR,DEEP_BEAR,3,4,0.55,0.25,0.3959048111316347,0.25000000000000006,STAGE4_SELL:EXECUTED|CRASH_L1:NOTIONAL_BELOW_GUARD|CRASH_L2:NOTIONAL_BELOW_GUARD,2020-03-12 00:00:00+00:00,BEAR,DEEP_BEAR,3,4,0.55,0.25,0.3959048111316347,0.25000000000000006,STAGE4_SELL:EXECUTED|CRASH_L1:NOTIONAL_BELOW_GUARD|CRASH_L2:NOTIONAL_BELOW_GUARD,,,STAGE4_SELL:EXECUTED|CRASH_L1:NOTIONAL_BELOW_GUARD|CRASH_L2:NOTIONAL_BELOW_GUARD,STAGE4_SELL:EXECUTED|CRASH_L1:NOTIONAL_BELOW_GUARD|CRASH_L2:NOTIONAL_BELOW_GUARD,False,SAME,
2020-03-14 00:00:00+00:00,2020-03-13 00:00:00+00:00,DEEP_BEAR,ACCUMULATION,4,4,0.25,0.35,0.286574480006529,0.35,AHR999_TO35:EXECUTED,2020-03-13 00:00:00+00:00,DEEP_BEAR,ACCUMULATION,4,4,0.25,0.35,0.286574480006529,0.35,AHR999_TO35:EXECUTED,,,AHR999_TO35:EXECUTED,AHR999_TO35:EXECUTED,False,SAME,
2020-03-15 00:00:00+00:00,2020-03-14 00:00:00+00:00,ACCUMULATION,ACCUMULATION,4,4,0.35,0.35,0.3319228102466143,0.3319228102466143,,2020-03-14 00:00:00+00:00,ACCUMULATION,ACCUMULATION,4,4,0.35,0.35,0.3319228102466143,0.3319228102466143,,,,,,False,SAME,
2020-03-16 00:00:00+00:00,2020-03-15 00:00:00+00:00,ACCUMULATION,ACCUMULATION,4,4,0.35,0.35,0.3375978864785066,0.3375978864785066,,2020-03-15 00:00:00+00:00,ACCUMULATION,ACCUMULATION,4,4,0.35,0.35,0.3375978864785066,0.3375978864785066,,,,,,False,SAME,
2020-03-17 00:00:00+00:00,2020-03-16 00:00:00+00:00,ACCUMULATION,ACCUMULATION,4,4,0.35,0.35,0.3193207905879686,0.3193207905879686,,2020-03-16 00:00:00+00:00,ACCUMULATION,ACCUMULATION,4,4,0.35,0.35,0.3193207905879686,0.3193207905879686,,,,,,False,SAME,
2020-03-18 00:00:00+00:00,2020-03-17 00:00:00+00:00,ACCUMULATION,ACCUMULATION,4,4,0.35,0.35,0.33037149218745604,0.33037149218745604,,2020-03-17 00:00:00+00:00,ACCUMULATION,ACCUMULATION,4,4,0.35,0.35,0.33037149218745604,0.33037149218745604,,,,,,False,SAME,
2020-03-19 00:00:00+00:00,2020-03-18 00:00:00+00:00,ACCUMULATION,ACCUMULATION,4,4,0.35,0.35,0.33471310363196527,0.33471310363196527,,2020-03-18 00:00:00+00:00,ACCUMULATION,ACCUMULATION,4,4,0.35,0.35,0.33471310363196527,0.33471310363196527,,,,,,False,SAME,
2020-03-20 00:00:00+00:00,2020-03-19 00:00:00+00:00,ACCUMULATION,ACCUMULATION,4,4,0.35,0.35,0.3664524136606749,0.3664524136606749,,2020-03-19 00:00:00+00:00,ACCUMULATION,ACCUMULATION,4,4,0.35,0.35,0.3664524136606749,0.3664524136606749,,,,,,False,SAME,
2020-03-21 00:00:00+00:00,2020-03-20 00:00:00+00:00,ACCUMULATION,ACCUMULATION,4,4,0.35,0.35,0.36549973119711404,0.36549973119711404,,2020-03-20 00:00:00+00:00,ACCUMULATION,ACCUMULATION,4,4,0.35,0.35,0.36549973119711404,0.36549973119711404,,,,,,False,SAME,
2020-03-22 00:00:00+00:00,2020-03-21 00:00:00+00:00,ACCUMULATION,ACCUMULATION,4,4,0.35,0.35,0.364832534992757,0.364832534992757,,2020-03-21 00:00:00+00:00,ACCUMULATION,ACCUMULATION,4,4,0.35,0.35,0.364832534992757,0.364832534992757,,,,,,False,SAME,
2020-03-23 00:00:00+00:00,2020-03-22 00:00:00+00:00,ACCUMULATION,ACCUMULATION,4,4,0.35,0.35,0.34905513050373027,0.34905513050373027,,2020-03-22 00:00:00+00:00,ACCUMULATION,ACCUMULATION,4,4,0.35,0.35,0.34905513050373027,0.34905513050373027,,,,,,False,SAME,
2020-03-24 00:00:00+00:00,2020-03-23 00:00:00+00:00,ACCUMULATION,ACCUMULATION,4,4,0.35,0.35,0.3737909681724487,0.3737909681724487,,2020-03-23 00:00:00+00:00,ACCUMULATION,ACCUMULATION,4,4,0.35,0.35,0.3737909681724487,0.3737909681724487,,,,,,False,SAME,
2020-03-25 00:00:00+00:00,2020-03-24 00:00:00+00:00,ACCUMULATION,ACCUMULATION,4,4,0.35,0.35,0.38136923711081294,0.38136923711081294,,2020-03-24 00:00:00+00:00,ACCUMULATION,ACCUMULATION,4,4,0.35,0.35,0.38136923711081294,0.38136923711081294,,,,,,False,SAME,
2020-03-26 00:00:00+00:00,2020-03-25 00:00:00+00:00,ACCUMULATION,ACCUMULATION,4,4,0.35,0.35,0.37885471991916925,0.37885471991916925,,2020-03-25 00:00:00+00:00,ACCUMULATION,ACCUMULATION,4,4,0.35,0.35,0.37885471991916925,0.37885471991916925,,,,,,False,SAME,
2020-03-27 00:00:00+00:00,2020-03-26 00:00:00+00:00,ACCUMULATION,ACCUMULATION,4,4,0.35,0.35,0.3820220497572818,0.3820220497572818,,2020-03-26 00:00:00+00:00,ACCUMULATION,ACCUMULATION,4,4,0.35,0.35,0.3820220497572818,0.3820220497572818,,,,,,False,SAME,
2020-03-28 00:00:00+00:00,2020-03-27 00:00:00+00:00,ACCUMULATION,DEEP_BEAR,4,4,0.35,0.25,0.3695146883691283,0.25,STAGE4_SELL:EXECUTED,2020-03-27 00:00:00+00:00,ACCUMULATION,DEEP_BEAR,4,4,0.35,0.25,0.3695146883691283,0.25,STAGE4_SELL:EXECUTED,,,STAGE4_SELL:EXECUTED,STAGE4_SELL:EXECUTED,False,SAME,
2020-03-29 00:00:00+00:00,2020-03-28 00:00:00+00:00,DEEP_BEAR,DEEP_BEAR,4,4,0.25,0.25,0.24815387270241265,0.24815387270241265,,2020-03-28 00:00:00+00:00,DEEP_BEAR,DEEP_BEAR,4,4,0.25,0.25,0.24815387270241265,0.24815387270241265,,,,,,False,SAME,
2020-03-30 00:00:00+00:00,2020-03-29 00:00:00+00:00,DEEP_BEAR,ACCUMULATION,4,4,0.25,0.35,0.2384832176187503,0.35000000000000003,AHR999_TO35:EXECUTED,2020-03-29 00:00:00+00:00,DEEP_BEAR,ACCUMULATION,4,4,0.25,0.35,0.2384832176187503,0.35000000000000003,AHR999_TO35:EXECUTED,,,AHR999_TO35:EXECUTED,AHR999_TO35:EXECUTED,False,SAME,
2020-03-31 00:00:00+00:00,2020-03-30 00:00:00+00:00,ACCUMULATION,ACCUMULATION,4,4,0.35,0.35,0.3671884700674676,0.3671884700674676,,2020-03-30 00:00:00+00:00,ACCUMULATION,ACCUMULATION,4,4,0.35,0.35,0.3671884700674676,0.3671884700674676,,,,,,False,SAME,
2020-04-01 00:00:00+00:00,2020-03-31 00:00:00+00:00,ACCUMULATION,ACCUMULATION,4,4,0.35,0.35,0.3683049729887009,0.3685400518021152,,2020-03-31 00:00:00+00:00,ACCUMULATION,ACCUMULATION,4,4,0.35,0.35,0.3683049729887009,0.3685400518021152,,,,,,False,SAME,
2020-04-02 00:00:00+00:00,2020-04-01 00:00:00+00:00,ACCUMULATION,ACCUMULATION,4,4,0.35,0.35,0.3755242147829658,0.3757682111097762,,2020-04-01 00:00:00+00:00,ACCUMULATION,ACCUMULATION,4,4,0.35,0.35,0.3755242147829658,0.3757682111097762,,,,,,False,SAME,
2020-04-03 00:00:00+00:00,2020-04-02 00:00:00+00:00,ACCUMULATION,ACCUMULATION,4,4,0.35,0.35,0.3831523294565044,0.3831523294565044,,2020-04-02 00:00:00+00:00,ACCUMULATION,ACCUMULATION,4,4,0.35,0.35,0.3831523294565044,0.3831523294565044,,,,,,False,SAME,
2020-04-04 00:00:00+00:00,2020-04-03 00:00:00+00:00,ACCUMULATION,ACCUMULATION,4,4,0.35,0.5,0.38233043343433604,0.5,RIGHT_TO_50:EXECUTED,2020-04-03 00:00:00+00:00,ACCUMULATION,ACCUMULATION,4,4,0.35,0.5,0.38233043343433604,0.5,RIGHT_TO_50:EXECUTED,,,RIGHT_TO_50:EXECUTED,RIGHT_TO_50:EXECUTED,False,SAME,
2020-04-05 00:00:00+00:00,2020-04-04 00:00:00+00:00,ACCUMULATION,ACCUMULATION,4,4,0.5,0.5,0.5049568870038119,0.5049568870038119,,2020-04-04 00:00:00+00:00,ACCUMULATION,ACCUMULATION,4,4,0.5,0.5,0.5049568870038119,0.5049568870038119,,,,,,False,SAME,
2020-04-06 00:00:00+00:00,2020-04-05 00:00:00+00:00,ACCUMULATION,ACCUMULATION,4,4,0.5,0.5,0.5023977786770718,0.5023977786770718,,2020-04-05 00:00:00+00:00,ACCUMULATION,ACCUMULATION,4,4,0.5,0.5,0.5023977786770718,0.5023977786770718,,,,,,False,SAME,
2020-04-07 00:00:00+00:00,2020-04-06 00:00:00+00:00,ACCUMULATION,ACCUMULATION,4,4,0.5,0.5,0.5336223712244887,0.5336223712244887,,2020-04-06 00:00:00+00:00,ACCUMULATION,ACCUMULATION,4,4,0.5,0.5,0.5336223712244887,0.5336223712244887,,,,,,False,SAME,
2020-04-08 00:00:00+00:00,2020-04-07 00:00:00+00:00,ACCUMULATION,ACCUMULATION,4,4,0.5,0.5,0.5269262617890391,0.5269262617890391,,2020-04-07 00:00:00+00:00,ACCUMULATION,ACCUMULATION,4,4,0.5,0.5,0.5269262617890391,0.5269262617890391,,,,,,False,SAME,
2020-04-09 00:00:00+00:00,2020-04-08 00:00:00+00:00,ACCUMULATION,ACCUMULATION,4,4,0.5,0.5,0.5358513396528388,0.5358513396528388,,2020-04-08 00:00:00+00:00,ACCUMULATION,ACCUMULATION,4,4,0.5,0.5,0.5358513396528388,0.5358513396528388,,,,,,False,SAME,
2020-04-10 00:00:00+00:00,2020-04-09 00:00:00+00:00,ACCUMULATION,ACCUMULATION,4,4,0.5,0.5,0.5323228167694026,0.5323228167694026,,2020-04-09 00:00:00+00:00,ACCUMULATION,ACCUMULATION,4,4,0.5,0.5,0.5323228167694026,0.5323228167694026,,,,,,False,SAME,
2020-04-11 00:00:00+00:00,2020-04-10 00:00:00+00:00,ACCUMULATION,ACCUMULATION,4,4,0.5,0.5,0.5163017299172242,0.5163017299172242,,2020-04-10 00:00:00+00:00,ACCUMULATION,ACCUMULATION,4,4,0.5,0.5,0.5163017299172242,0.5163017299172242,,,,,,False,SAME,
2020-04-12 00:00:00+00:00,2020-04-11 00:00:00+00:00,ACCUMULATION,ACCUMULATION,4,4,0.5,0.5,0.5172867998757938,0.5172867998757938,,2020-04-11 00:00:00+00:00,ACCUMULATION,ACCUMULATION,4,4,0.5,0.5,0.5172867998757938,0.5172867998757938,,,,,,False,SAME,
2020-04-13 00:00:00+00:00,2020-04-12 00:00:00+00:00,ACCUMULATION,ACCUMULATION,4,4,0.5,0.5,0.5182468525285758,0.5182468525285758,,2020-04-12 00:00:00+00:00,ACCUMULATION,ACCUMULATION,4,4,0.5,0.5,0.5182468525285758,0.5182468525285758,,,,,,False,SAME,
2020-04-14 00:00:00+00:00,2020-04-13 00:00:00+00:00,ACCUMULATION,ACCUMULATION,4,4,0.5,0.5,0.5155815610265811,0.5155815610265811,,2020-04-13 00:00:00+00:00,ACCUMULATION,ACCUMULATION,4,4,0.5,0.5,0.5155815610265811,0.5155815610265811,,,,,,False,SAME,
2020-04-15 00:00:00+00:00,2020-04-14 00:00:00+00:00,ACCUMULATION,ACCUMULATION,4,4,0.5,0.5,0.5179806509099991,0.5179806509099991,,2020-04-14 00:00:00+00:00,ACCUMULATION,ACCUMULATION,4,4,0.5,0.5,0.5179806509099991,0.5179806509099991,,,,,,False,SAME,
2020-04-16 00:00:00+00:00,2020-04-15 00:00:00+00:00,ACCUMULATION,ACCUMULATION,4,4,0.5,0.5,0.5090684823154245,0.5090684823154245,,2020-04-15 00:00:00+00:00,ACCUMULATION,ACCUMULATION,4,4,0.5,0.5,0.5090684823154245,0.5090684823154245,,,,,,False,SAME,
2020-04-17 00:00:00+00:00,2020-04-16 00:00:00+00:00,ACCUMULATION,ACCUMULATION,4,4,0.5,0.5,0.5324126620522034,0.5324126620522034,,2020-04-16 00:00:00+00:00,ACCUMULATION,ACCUMULATION,4,4,0.5,0.5,0.5324126620522034,0.5324126620522034,,,,,,False,SAME,
2020-04-18 00:00:00+00:00,2020-04-17 00:00:00+00:00,ACCUMULATION,ACCUMULATION,4,4,0.5,0.5,0.5300862328324213,0.5300862328324213,,2020-04-17 00:00:00+00:00,ACCUMULATION,ACCUMULATION,4,4,0.5,0.5,0.5300862328324213,0.5300862328324213,,,,,,False,SAME,
2020-04-19 00:00:00+00:00,2020-04-18 00:00:00+00:00,ACCUMULATION,ACCUMULATION,4,4,0.5,0.6,0.5452023439197018,0.6,RIGHT_TO_60:EXECUTED,2020-04-18 00:00:00+00:00,ACCUMULATION,ACCUMULATION,4,4,0.5,0.6,0.5452023439197018,0.6,RIGHT_TO_60:EXECUTED,,,RIGHT_TO_60:EXECUTED,RIGHT_TO_60:EXECUTED,False,SAME,
2020-04-20 00:00:00+00:00,2020-04-19 00:00:00+00:00,ACCUMULATION,ACCUMULATION,4,4,0.6,0.6,0.5934855333231762,0.5934855333231762,,2020-04-19 00:00:00+00:00,ACCUMULATION,ACCUMULATION,4,4,0.6,0.6,0.5934855333231762,0.5934855333231762,,,,,,False,SAME,
2020-04-21 00:00:00+00:00,2020-04-20 00:00:00+00:00,ACCUMULATION,ACCUMULATION,4,4,0.6,0.6,0.5820023284647496,0.5820023284647496,,2020-04-20 00:00:00+00:00,ACCUMULATION,ACCUMULATION,4,4,0.6,0.6,0.5820023284647496,0.5820023284647496,,,,,,False,SAME,
2020-04-22 00:00:00+00:00,2020-04-21 00:00:00+00:00,ACCUMULATION,ACCUMULATION,4,4,0.6,0.6,0.5827954058410536,0.5827954058410536,,2020-04-21 00:00:00+00:00,ACCUMULATION,ACCUMULATION,4,4,0.6,0.6,0.5827954058410536,0.5827954058410536,,,,,,False,SAME,
2020-04-23 00:00:00+00:00,2020-04-22 00:00:00+00:00,ACCUMULATION,ACCUMULATION,4,4,0.6,0.6,0.5958015183569322,0.5958015183569322,,2020-04-22 00:00:00+00:00,ACCUMULATION,ACCUMULATION,4,4,0.6,0.6,0.5958015183569322,0.5958015183569322,,,,,,False,SAME,
2020-04-24 00:00:00+00:00,2020-04-23 00:00:00+00:00,ACCUMULATION,ACCUMULATION,4,4,0.6,0.6,0.6041733289090457,0.6041733289090457,,2020-04-23 00:00:00+00:00,ACCUMULATION,ACCUMULATION,4,4,0.6,0.6,0.6041733289090457,0.6041733289090457,,,,,,False,SAME,
2020-04-25 00:00:00+00:00,2020-04-24 00:00:00+00:00,ACCUMULATION,ACCUMULATION,4,4,0.6,0.6,0.6058994758498762,0.6058994758498762,,2020-04-24 00:00:00+00:00,ACCUMULATION,ACCUMULATION,4,4,0.6,0.6,0.6058994758498762,0.6058994758498762,,,,,,False,SAME,
2020-04-26 00:00:00+00:00,2020-04-25 00:00:00+00:00,ACCUMULATION,ACCUMULATION,4,4,0.6,0.6,0.610402262334158,0.610402262334158,,2020-04-25 00:00:00+00:00,ACCUMULATION,ACCUMULATION,4,4,0.6,0.6,0.610402262334158,0.610402262334158,,,,,,False,SAME,
2020-04-27 00:00:00+00:00,2020-04-26 00:00:00+00:00,ACCUMULATION,ACCUMULATION,4,4,0.6,0.6,0.6149622668146479,0.6149622668146479,,2020-04-26 00:00:00+00:00,ACCUMULATION,ACCUMULATION,4,4,0.6,0.6,0.6149622668146479,0.6149622668146479,,,,,,False,SAME,
2020-04-28 00:00:00+00:00,2020-04-27 00:00:00+00:00,ACCUMULATION,ACCUMULATION,4,4,0.6,0.6,0.6159259632548693,0.6159259632548693,,2020-04-27 00:00:00+00:00,ACCUMULATION,ACCUMULATION,4,4,0.6,0.6,0.6159259632548693,0.6159259632548693,,,,,,False,SAME,
2020-04-29 00:00:00+00:00,2020-04-28 00:00:00+00:00,ACCUMULATION,ACCUMULATION,4,4,0.6,0.6,0.6154763258423414,0.6154763258423414,,2020-04-28 00:00:00+00:00,ACCUMULATION,ACCUMULATION,4,4,0.6,0.6,0.6154763258423414,0.6154763258423414,,,,,,False,SAME,
2020-04-30 00:00:00+00:00,2020-04-29 00:00:00+00:00,ACCUMULATION,ACCUMULATION,4,4,0.6,0.6,0.6416573071852872,0.6416573071852872,,2020-04-29 00:00:00+00:00,ACCUMULATION,ACCUMULATION,4,4,0.6,0.6,0.6416573071852872,0.6416573071852872,,,,,,False,SAME,
2020-05-01 00:00:00+00:00,2020-04-30 00:00:00+00:00,ACCUMULATION,ACCUMULATION,4,4,0.6,0.6,0.634976557091555,0.634976557091555,,2020-04-30 00:00:00+00:00,ACCUMULATION,ACCUMULATION,4,4,0.6,0.6,0.634976557091555,0.634976557091555,,,,,,False,SAME,
2020-05-02 00:00:00+00:00,2020-05-01 00:00:00+00:00,ACCUMULATION,ACCUMULATION,4,4,0.6,0.6,0.6410714615858748,0.6410714615858748,,2020-05-01 00:00:00+00:00,ACCUMULATION,ACCUMULATION,4,4,0.6,0.6,0.6410714615858748,0.6410714615858748,,,,,,False,SAME,
2020-05-03 00:00:00+00:00,2020-05-02 00:00:00+00:00,ACCUMULATION,ACCUMULATION,4,4,0.6,0.6,0.6442586807286652,0.6442586807286652,,2020-05-02 00:00:00+00:00,ACCUMULATION,ACCUMULATION,4,4,0.6,0.6,0.6442586807286652,0.6442586807286652,,,,,,False,SAME,
2020-05-04 00:00:00+00:00,2020-05-03 00:00:00+00:00,ACCUMULATION,ACCUMULATION,4,4,0.6,0.6,0.6413886639292442,0.6413886639292442,,2020-05-03 00:00:00+00:00,ACCUMULATION,ACCUMULATION,4,4,0.6,0.6,0.6413886639292442,0.6413886639292442,,,,,,False,SAME,
2020-05-05 00:00:00+00:00,2020-05-04 00:00:00+00:00,ACCUMULATION,ACCUMULATION,4,4,0.6,0.6,0.6396186116959867,0.6396186116959867,,2020-05-04 00:00:00+00:00,ACCUMULATION,ACCUMULATION,4,4,0.6,0.6,0.6396186116959867,0.6396186116959867,,,,,,False,SAME,
2020-05-06 00:00:00+00:00,2020-05-05 00:00:00+00:00,ACCUMULATION,ACCUMULATION,4,4,0.6,0.6,0.6414442471542489,0.6414442471542489,,2020-05-05 00:00:00+00:00,ACCUMULATION,ACCUMULATION,4,4,0.6,0.6,0.6414442471542489,0.6414442471542489,,,,,,False,SAME,
2020-05-07 00:00:00+00:00,2020-05-06 00:00:00+00:00,ACCUMULATION,ACCUMULATION,4,4,0.6,0.6,0.640400385892877,0.640400385892877,,2020-05-06 00:00:00+00:00,ACCUMULATION,ACCUMULATION,4,4,0.6,0.6,0.640400385892877,0.640400385892877,,,,,,False,SAME,
2020-05-08 00:00:00+00:00,2020-05-07 00:00:00+00:00,ACCUMULATION,ACCUMULATION,4,4,0.6,0.6,0.6581521729450951,0.6583577035699784,,2020-05-07 00:00:00+00:00,ACCUMULATION,ACCUMULATION,4,4,0.6,0.6,0.6581521729450951,0.6583577035699784,,,,,,False,SAME,
2020-05-09 00:00:00+00:00,2020-05-08 00:00:00+00:00,ACCUMULATION,NEW_BULL,4,0,0.6,0.95,0.6556195307493861,0.6684030168262375,NEW_BULL_CONFIRMED|NEW_BULL_REDEPLOY:EXECUTED,2020-05-08 00:00:00+00:00,ACCUMULATION,NEW_BULL,4,0,0.6,0.95,0.6556195307493861,0.6684030168262375,NEW_BULL_CONFIRMED|NEW_BULL_REDEPLOY:EXECUTED|STAGE3_ELIGIBILITY_ACTIVATED,,,NEW_BULL_CONFIRMED|NEW_BULL_REDEPLOY:EXECUTED,NEW_BULL_CONFIRMED|NEW_BULL_REDEPLOY:EXECUTED,False,SAME,
2020-05-10 00:00:00+00:00,2020-05-09 00:00:00+00:00,NEW_BULL,NEW_BULL,0,0,0.95,0.95,0.6644615684302251,0.6773970731299837,NEW_BULL_REDEPLOY:EXECUTED,2020-05-09 00:00:00+00:00,NEW_BULL,NEW_BULL,0,0,0.95,0.95,0.6644615684302251,0.6773970731299837,NEW_BULL_REDEPLOY:EXECUTED,,,NEW_BULL_REDEPLOY:EXECUTED,NEW_BULL_REDEPLOY:EXECUTED,False,SAME,
2020-05-11 00:00:00+00:00,2020-05-10 00:00:00+00:00,NEW_BULL,NEW_BULL,0,0,0.95,0.95,0.6555221105050439,0.6695388093681235,NEW_BULL_REDEPLOY:EXECUTED,2020-05-10 00:00:00+00:00,NEW_BULL,NEW_BULL,0,0,0.95,0.95,0.6555221105050439,0.6695388093681235,NEW_BULL_REDEPLOY:EXECUTED,,,NEW_BULL_REDEPLOY:EXECUTED,NEW_BULL_REDEPLOY:EXECUTED,False,SAME,
2020-05-12 00:00:00+00:00,2020-05-11 00:00:00+00:00,NEW_BULL,NEW_BULL,0,0,0.95,0.95,0.6662942752449461,0.680239874627375,NEW_BULL_REDEPLOY:EXECUTED,2020-05-11 00:00:00+00:00,NEW_BULL,NEW_BULL,0,0,0.95,0.95,0.6662942752449461,0.680239874627375,NEW_BULL_REDEPLOY:EXECUTED,,,NEW_BULL_REDEPLOY:EXECUTED,NEW_BULL_REDEPLOY:EXECUTED,False,SAME,
2020-05-13 00:00:00+00:00,2020-05-12 00:00:00+00:00,NEW_BULL,NEW_BULL,0,0,0.95,0.95,0.6856625395548047,0.6997562100657119,NEW_BULL_REDEPLOY:EXECUTED,2020-05-12 00:00:00+00:00,NEW_BULL,NEW_BULL,0,0,0.95,0.95,0.6856625395548047,0.6997562100657119,NEW_BULL_REDEPLOY:EXECUTED,,,NEW_BULL_REDEPLOY:EXECUTED,NEW_BULL_REDEPLOY:EXECUTED,False,SAME,
2020-05-14 00:00:00+00:00,2020-05-13 00:00:00+00:00,NEW_BULL,NEW_BULL,0,0,0.95,0.95,0.7106872704514577,0.7238754441843039,NEW_BULL_REDEPLOY:EXECUTED,2020-05-13 00:00:00+00:00,NEW_BULL,NEW_BULL,0,0,0.95,0.95,0.7106872704514577,0.7238754441843039,NEW_BULL_REDEPLOY:EXECUTED,,,NEW_BULL_REDEPLOY:EXECUTED,NEW_BULL_REDEPLOY:EXECUTED,False,SAME,
2020-05-15 00:00:00+00:00,2020-05-14 00:00:00+00:00,NEW_BULL,NEW_BULL,0,0,0.95,0.95,0.7314044371139836,0.7444113658576073,NEW_BULL_REDEPLOY:EXECUTED,2020-05-14 00:00:00+00:00,NEW_BULL,NEW_BULL,0,0,0.95,0.95,0.7314044371139836,0.7444113658576073,NEW_BULL_REDEPLOY:EXECUTED,,,NEW_BULL_REDEPLOY:EXECUTED,NEW_BULL_REDEPLOY:EXECUTED,False,SAME,
2020-05-16 00:00:00+00:00,2020-05-15 00:00:00+00:00,NEW_BULL,NEW_BULL,0,0,0.95,0.95,0.7354440862991369,0.7487173518669131,NEW_BULL_REDEPLOY:EXECUTED,2020-05-15 00:00:00+00:00,NEW_BULL,NEW_BULL,0,0,0.95,0.95,0.7354440862991369,0.7487173518669131,NEW_BULL_REDEPLOY:EXECUTED,,,NEW_BULL_REDEPLOY:EXECUTED,NEW_BULL_REDEPLOY:EXECUTED,False,SAME,
2020-05-17 00:00:00+00:00,2020-05-16 00:00:00+00:00,NEW_BULL,NEW_BULL,0,0,0.95,0.95,0.7516454564137155,0.7649460219001813,NEW_BULL_REDEPLOY:EXECUTED,2020-05-16 00:00:00+00:00,NEW_BULL,NEW_BULL,0,0,0.95,0.95,0.7516454564137155,0.7649460219001813,NEW_BULL_REDEPLOY:EXECUTED,,,NEW_BULL_REDEPLOY:EXECUTED,NEW_BULL_REDEPLOY:EXECUTED,False,SAME,
2020-05-18 00:00:00+00:00,2020-05-17 00:00:00+00:00,NEW_BULL,BULL,0,0,0.95,0.95,0.770655228379715,0.7834495079333711,NEW_BULL_REDEPLOY:EXECUTED|NEW_BULL_COMPLETE_COOLDOWN_30,2020-05-17 00:00:00+00:00,NEW_BULL,BULL,0,0,0.95,0.95,0.770655228379715,0.7834495079333711,NEW_BULL_REDEPLOY:EXECUTED|NEW_BULL_COMPLETE_COOLDOWN_30,,,NEW_BULL_REDEPLOY:EXECUTED|NEW_BULL_COMPLETE_COOLDOWN_30,NEW_BULL_REDEPLOY:EXECUTED|NEW_BULL_COMPLETE_COOLDOWN_30,False,SAME,
2020-05-19 00:00:00+00:00,2020-05-18 00:00:00+00:00,BULL,BULL,0,0,0.95,0.95,0.7866547496543691,0.7866547496543691,,2020-05-18 00:00:00+00:00,BULL,BULL,0,0,0.95,0.95,0.7866547496543691,0.7866547496543691,,,,,,False,SAME,
2020-05-20 00:00:00+00:00,2020-05-19 00:00:00+00:00,BULL,BULL,0,0,0.95,0.95,0.7870660436367931,0.7870660436367931,,2020-05-19 00:00:00+00:00,BULL,BULL,0,0,0.95,0.95,0.7870660436367931,0.7870660436367931,,,,,,False,SAME,
2020-05-21 00:00:00+00:00,2020-05-20 00:00:00+00:00,BULL,BULL,0,0,0.95,0.95,0.7829284999762163,0.7829284999762163,,2020-05-20 00:00:00+00:00,BULL,BULL,0,0,0.95,0.95,0.7829284999762163,0.7829284999762163,,,,,,False,SAME,
2020-05-22 00:00:00+00:00,2020-05-21 00:00:00+00:00,BULL,BULL,0,0,0.95,0.95,0.7742734775474124,0.7742734775474124,,2020-05-21 00:00:00+00:00,BULL,BULL,0,0,0.95,0.95,0.7742734775474124,0.7742734775474124,,,,,,False,SAME,
2020-05-23 00:00:00+00:00,2020-05-22 00:00:00+00:00,BULL,BULL,0,0,0.95,0.95,0.7785428163361324,0.7785428163361324,,2020-05-22 00:00:00+00:00,BULL,BULL,0,0,0.95,0.95,0.7785428163361324,0.7785428163361324,,,,,,False,SAME,
2020-05-24 00:00:00+00:00,2020-05-23 00:00:00+00:00,BULL,BULL,0,0,0.95,0.95,0.7784797544217584,0.7784797544217584,,2020-05-23 00:00:00+00:00,BULL,BULL,0,0,0.95,0.95,0.7784797544217584,0.7784797544217584,,,,,,False,SAME,
2020-05-25 00:00:00+00:00,2020-05-24 00:00:00+00:00,BULL,BULL,0,0,0.95,0.95,0.7709236283689154,0.7709236283689154,,2020-05-24 00:00:00+00:00,BULL,BULL,0,0,0.95,0.95,0.7709236283689154,0.7709236283689154,,,,,,False,SAME,
2020-05-26 00:00:00+00:00,2020-05-25 00:00:00+00:00,BULL,BULL,0,0,0.95,0.95,0.7747078361247356,0.7747078361247356,,2020-05-25 00:00:00+00:00,BULL,BULL,0,0,0.95,0.95,0.7747078361247356,0.7747078361247356,,,,,,False,SAME,
2020-05-27 00:00:00+00:00,2020-05-26 00:00:00+00:00,BULL,BULL,0,0,0.95,0.95,0.7729444919834837,0.7729444919834837,,2020-05-26 00:00:00+00:00,BULL,BULL,0,0,0.95,0.95,0.7729444919834837,0.7729444919834837,,,,,,False,SAME,
2020-05-28 00:00:00+00:00,2020-05-27 00:00:00+00:00,BULL,BULL,0,0,0.95,0.95,0.7797308167522453,0.7797308167522453,,2020-05-27 00:00:00+00:00,BULL,BULL,0,0,0.95,0.95,0.7797308167522453,0.7797308167522453,,,,,,False,SAME,
2020-05-29 00:00:00+00:00,2020-05-28 00:00:00+00:00,BULL,BULL,0,0,0.95,0.95,0.7876691961569389,0.7876691961569389,,2020-05-28 00:00:00+00:00,BULL,BULL,0,0,0.95,0.95,0.7876691961569389,0.7876691961569389,,,,,,False,SAME,
2020-05-30 00:00:00+00:00,2020-05-29 00:00:00+00:00,BULL,BULL,0,0,0.95,0.95,0.7863466940614797,0.7863466940614797,,2020-05-29 00:00:00+00:00,BULL,BULL,0,0,0.95,0.95,0.7863466940614797,0.7863466940614797,,,,,,False,SAME,
2020-05-31 00:00:00+00:00,2020-05-30 00:00:00+00:00,BULL,BULL,0,0,0.95,0.95,0.7961336210379286,0.7961336210379286,,2020-05-30 00:00:00+00:00,BULL,BULL,0,0,0.95,0.95,0.7961336210379286,0.7961336210379286,,,,,,False,SAME,
2020-06-01 00:00:00+00:00,2020-05-31 00:00:00+00:00,BULL,BULL,0,0,0.95,0.95,0.7901649539776961,0.7901649539776961,,2020-05-31 00:00:00+00:00,BULL,BULL,0,0,0.95,0.95,0.7901649539776961,0.7901649539776961,,,,,,False,SAME,
2020-06-02 00:00:00+00:00,2020-06-01 00:00:00+00:00,BULL,BULL,0,0,0.95,0.95,0.8022056938466512,0.8022056938466512,,2020-06-01 00:00:00+00:00,BULL,BULL,0,0,0.95,0.95,0.8022056938466512,0.8022056938466512,,,,,,False,SAME,
2020-06-03 00:00:00+00:00,2020-06-02 00:00:00+00:00,BULL,BULL,0,0,0.95,0.95,0.7928905624755938,0.7928905624755938,,2020-06-02 00:00:00+00:00,BULL,BULL,0,0,0.95,0.95,0.7928905624755938,0.7928905624755938,,,,,,False,SAME,
2020-06-04 00:00:00+00:00,2020-06-03 00:00:00+00:00,BULL,BULL,0,0,0.95,0.95,0.7964110650320408,0.7964110650320408,,2020-06-03 00:00:00+00:00,BULL,BULL,0,0,0.95,0.95,0.7964110650320408,0.7964110650320408,,,,,,False,SAME,
2020-06-05 00:00:00+00:00,2020-06-04 00:00:00+00:00,BULL,BULL,0,0,0.95,0.95,0.7972605639188209,0.7972605639188209,,2020-06-04 00:00:00+00:00,BULL,BULL,0,0,0.95,0.95,0.7972605639188209,0.7972605639188209,,,,,,False,SAME,
2020-06-06 00:00:00+00:00,2020-06-05 00:00:00+00:00,BULL,BULL,0,0,0.95,0.95,0.794833550498945,0.794833550498945,,2020-06-05 00:00:00+00:00,BULL,BULL,0,0,0.95,0.95,0.794833550498945,0.794833550498945,,,,,,False,SAME,
2020-06-07 00:00:00+00:00,2020-06-06 00:00:00+00:00,BULL,BULL,0,0,0.95,0.95,0.7959098176308864,0.7959098176308864,,2020-06-06 00:00:00+00:00,BULL,BULL,0,0,0.95,0.95,0.7959098176308864,0.7959098176308864,,,,,,False,SAME,
2020-06-08 00:00:00+00:00,2020-06-07 00:00:00+00:00,BULL,BULL,0,0,0.95,0.95,0.7975087204721122,0.7975087204721122,,2020-06-07 00:00:00+00:00,BULL,BULL,0,0,0.95,0.95,0.7975087204721122,0.7975087204721122,,,,,,False,SAME,
2020-06-09 00:00:00+00:00,2020-06-08 00:00:00+00:00,BULL,BULL,0,0,0.95,0.95,0.7984307299543136,0.7984307299543136,,2020-06-08 00:00:00+00:00,BULL,BULL,0,0,0.95,0.95,0.7984307299543136,0.7984307299543136,,,,,,False,SAME,
2020-06-10 00:00:00+00:00,2020-06-09 00:00:00+00:00,BULL,BULL,0,0,0.95,0.95,0.7976889547167065,0.7976889547167065,,2020-06-09 00:00:00+00:00,BULL,BULL,0,0,0.95,0.95,0.7976889547167065,0.7976889547167065,,,,,,False,SAME,
2020-06-11 00:00:00+00:00,2020-06-10 00:00:00+00:00,BULL,BULL,0,0,0.95,0.95,0.7999444897107693,0.7999444897107693,,2020-06-10 00:00:00+00:00,BULL,BULL,0,0,0.95,0.95,0.7999444897107693,0.7999444897107693,,,,,,False,SAME,
2020-06-12 00:00:00+00:00,2020-06-11 00:00:00+00:00,BULL,BULL,0,0,0.95,0.95,0.7890508545247014,0.7890508545247014,,2020-06-11 00:00:00+00:00,BULL,BULL,0,0,0.95,0.95,0.7890508545247014,0.7890508545247014,,,,,,False,SAME,
2020-06-13 00:00:00+00:00,2020-06-12 00:00:00+00:00,BULL,BULL,0,0,0.95,0.95,0.7931628937315596,0.7931628937315596,,2020-06-12 00:00:00+00:00,BULL,BULL,0,0,0.95,0.95,0.7931628937315596,0.7931628937315596,,,,,,False,SAME,
2020-06-14 00:00:00+00:00,2020-06-13 00:00:00+00:00,BULL,BULL,0,0,0.95,0.95,0.7935038356218369,0.7935038356218369,,2020-06-13 00:00:00+00:00,BULL,BULL,0,0,0.95,0.95,0.7935038356218369,0.7935038356218369,,,,,,False,SAME,
2020-06-15 00:00:00+00:00,2020-06-14 00:00:00+00:00,BULL,BULL,0,0,0.95,0.95,0.7903509623019832,0.7903509623019832,,2020-06-14 00:00:00+00:00,BULL,BULL,0,0,0.95,0.95,0.7903509623019832,0.7903509623019832,,,,,,False,SAME,
2020-06-16 00:00:00+00:00,2020-06-15 00:00:00+00:00,BULL,BULL,0,0,0.95,0.95,0.7910181556615264,0.7910181556615264,,2020-06-15 00:00:00+00:00,BULL,BULL,0,0,0.95,0.95,0.7910181556615264,0.7910181556615264,,,,,,False,SAME,
2020-06-17 00:00:00+00:00,2020-06-16 00:00:00+00:00,BULL,DISTRIBUTION,0,1,0.95,0.85,0.7934498359305866,0.7934498359305866,STAGE1_SELL:NOTIONAL_BELOW_GUARD,2020-06-16 00:00:00+00:00,BULL,DISTRIBUTION,0,1,0.95,0.85,0.7934498359305866,0.7934498359305866,STAGE1_SELL:NOTIONAL_BELOW_GUARD,,,STAGE1_SELL:NOTIONAL_BELOW_GUARD,STAGE1_SELL:NOTIONAL_BELOW_GUARD,False,SAME,
2020-06-18 00:00:00+00:00,2020-06-17 00:00:00+00:00,DISTRIBUTION,DISTRIBUTION,1,1,0.85,0.85,0.7924783084099298,0.7924783084099298,,2020-06-17 00:00:00+00:00,DISTRIBUTION,DISTRIBUTION,1,1,0.85,0.85,0.7924783084099298,0.7924783084099298,,,,,,False,SAME,
2020-06-19 00:00:00+00:00,2020-06-18 00:00:00+00:00,DISTRIBUTION,DISTRIBUTION,1,1,0.85,0.85,0.7909998697282143,0.7909998697282143,,2020-06-18 00:00:00+00:00,DISTRIBUTION,DISTRIBUTION,1,1,0.85,0.85,0.7909998697282143,0.7909998697282143,,,,,,False,SAME,
2020-06-20 00:00:00+00:00,2020-06-19 00:00:00+00:00,DISTRIBUTION,DISTRIBUTION,1,1,0.85,0.85,0.789620437012407,0.789620437012407,,2020-06-19 00:00:00+00:00,DISTRIBUTION,DISTRIBUTION,1,1,0.85,0.85,0.789620437012407,0.789620437012407,,,,,,False,SAME,
2020-06-21 00:00:00+00:00,2020-06-20 00:00:00+00:00,DISTRIBUTION,EARLY_BEAR,1,2,0.85,0.7,0.7901699532378177,0.7,STAGE2_SELL:EXECUTED,2020-06-20 00:00:00+00:00,DISTRIBUTION,EARLY_BEAR,1,2,0.85,0.7,0.7901699532378177,0.7,STAGE2_SELL:EXECUTED,,,STAGE2_SELL:EXECUTED,STAGE2_SELL:EXECUTED,False,SAME,
2020-06-22 00:00:00+00:00,2020-06-21 00:00:00+00:00,EARLY_BEAR,EARLY_BEAR,2,2,0.7,0.7,0.6989643762209972,0.6989643762209972,,2020-06-21 00:00:00+00:00,EARLY_BEAR,EARLY_BEAR,2,2,0.7,0.7,0.6989643762209972,0.6989643762209972,,,,,,False,SAME,
2020-06-23 00:00:00+00:00,2020-06-22 00:00:00+00:00,EARLY_BEAR,EARLY_BEAR,2,2,0.7,0.7,0.7097287393179376,0.7097287393179376,,2020-06-22 00:00:00+00:00,EARLY_BEAR,EARLY_BEAR,2,2,0.7,0.7,0.7097287393179376,0.7097287393179376,,,,,,False,SAME,
2020-06-24 00:00:00+00:00,2020-06-23 00:00:00+00:00,EARLY_BEAR,EARLY_BEAR,2,2,0.7,0.7,0.7091241032025121,0.7091241032025121,,2020-06-23 00:00:00+00:00,EARLY_BEAR,EARLY_BEAR,2,2,0.7,0.7,0.7091241032025121,0.7091241032025121,,,,,,False,SAME,
2020-06-25 00:00:00+00:00,2020-06-24 00:00:00+00:00,EARLY_BEAR,EARLY_BEAR,2,2,0.7,0.7,0.7019538861201691,0.7019538861201691,,2020-06-24 00:00:00+00:00,EARLY_BEAR,EARLY_BEAR,2,2,0.7,0.7,0.7019538861201691,0.7019538861201691,,,,,,False,SAME,
2020-06-26 00:00:00+00:00,2020-06-25 00:00:00+00:00,EARLY_BEAR,EARLY_BEAR,2,2,0.7,0.7,0.7006428801383956,0.7006428801383956,,2020-06-25 00:00:00+00:00,EARLY_BEAR,EARLY_BEAR,2,2,0.7,0.7,0.7006428801383956,0.7006428801383956,,,,,,False,SAME,
2020-06-27 00:00:00+00:00,2020-06-26 00:00:00+00:00,EARLY_BEAR,EARLY_BEAR,2,2,0.7,0.7,0.6985237355864218,0.6985237355864218,,2020-06-26 00:00:00+00:00,EARLY_BEAR,EARLY_BEAR,2,2,0.7,0.7,0.6985237355864218,0.6985237355864218,,,,,,False,SAME,
2020-06-28 00:00:00+00:00,2020-06-27 00:00:00+00:00,EARLY_BEAR,EARLY_BEAR,2,2,0.7,0.7,0.6931257278833185,0.6931257278833185,,2020-06-27 00:00:00+00:00,EARLY_BEAR,EARLY_BEAR,2,2,0.7,0.7,0.6931257278833185,0.6931257278833185,,,,,,False,SAME,
2020-06-29 00:00:00+00:00,2020-06-28 00:00:00+00:00,EARLY_BEAR,EARLY_BEAR,2,2,0.7,0.7,0.6962611983667873,0.6962611983667873,,2020-06-28 00:00:00+00:00,EARLY_BEAR,EARLY_BEAR,2,2,0.7,0.7,0.6962611983667873,0.6962611983667873,,,,,,False,SAME,
2020-06-30 00:00:00+00:00,2020-06-29 00:00:00+00:00,EARLY_BEAR,EARLY_BEAR,2,2,0.7,0.7,0.6986375584239164,0.6986375584239164,,2020-06-29 00:00:00+00:00,EARLY_BEAR,EARLY_BEAR,2,2,0.7,0.7,0.6986375584239164,0.6986375584239164,,,,,,False,SAME,
2020-07-01 00:00:00+00:00,2020-06-30 00:00:00+00:00,EARLY_BEAR,EARLY_BEAR,2,2,0.7,0.7,0.6970896798055854,0.6970896798055854,,2020-06-30 00:00:00+00:00,EARLY_BEAR,EARLY_BEAR,2,2,0.7,0.7,0.6970896798055854,0.6970896798055854,,,,,,False,SAME,
2020-07-02 00:00:00+00:00,2020-07-01 00:00:00+00:00,EARLY_BEAR,EARLY_BEAR,2,2,0.7,0.7,0.700588746277649,0.700588746277649,,2020-07-01 00:00:00+00:00,EARLY_BEAR,EARLY_BEAR,2,2,0.7,0.7,0.700588746277649,0.700588746277649,,,,,,False,SAME,
2020-07-03 00:00:00+00:00,2020-07-02 00:00:00+00:00,EARLY_BEAR,EARLY_BEAR,2,2,0.7,0.7,0.6970157905240042,0.6970157905240042,,2020-07-02 00:00:00+00:00,EARLY_BEAR,EARLY_BEAR,2,2,0.7,0.7,0.6970157905240042,0.6970157905240042,,,,,,False,SAME,
2020-07-04 00:00:00+00:00,2020-07-03 00:00:00+00:00,EARLY_BEAR,EARLY_BEAR,2,2,0.7,0.7,0.6961165503411314,0.6961165503411314,,2020-07-03 00:00:00+00:00,EARLY_BEAR,EARLY_BEAR,2,2,0.7,0.7,0.6961165503411314,0.6961165503411314,,,,,,False,SAME,
2020-07-05 00:00:00+00:00,2020-07-04 00:00:00+00:00,EARLY_BEAR,EARLY_BEAR,2,2,0.7,0.7,0.6990196750476712,0.6990196750476712,,2020-07-04 00:00:00+00:00,EARLY_BEAR,EARLY_BEAR,2,2,0.7,0.7,0.6990196750476712,0.6990196750476712,,,,,,False,SAME,
2020-07-06 00:00:00+00:00,2020-07-05 00:00:00+00:00,EARLY_BEAR,EARLY_BEAR,2,2,0.7,0.7,0.6976077761546385,0.6976077761546385,,2020-07-05 00:00:00+00:00,EARLY_BEAR,EARLY_BEAR,2,2,0.7,0.7,0.6976077761546385,0.6976077761546385,,,,,,False,SAME,
2020-07-07 00:00:00+00:00,2020-07-06 00:00:00+00:00,EARLY_BEAR,EARLY_BEAR,2,2,0.7,0.7,0.7067000399595877,0.7067000399595877,,2020-07-06 00:00:00+00:00,EARLY_BEAR,EARLY_BEAR,2,2,0.7,0.7,0.7067000399595877,0.7067000399595877,,,,,,False,SAME,
2020-07-08 00:00:00+00:00,2020-07-07 00:00:00+00:00,EARLY_BEAR,EARLY_BEAR,2,2,0.7,0.7,0.7049182894058494,0.7049182894058494,,2020-07-07 00:00:00+00:00,EARLY_BEAR,EARLY_BEAR,2,2,0.7,0.7,0.7049182894058494,0.7049182894058494,,,,,,False,SAME,
2020-07-09 00:00:00+00:00,2020-07-08 00:00:00+00:00,EARLY_BEAR,EARLY_BEAR,2,2,0.7,0.7,0.7100831903338827,0.7100831903338827,,2020-07-08 00:00:00+00:00,EARLY_BEAR,EARLY_BEAR,2,2,0.7,0.7,0.7100831903338827,0.7100831903338827,,,,,,False,SAME,
2020-07-10 00:00:00+00:00,2020-07-09 00:00:00+00:00,EARLY_BEAR,EARLY_BEAR,2,2,0.7,0.7,0.7058277685132985,0.7058277685132985,,2020-07-09 00:00:00+00:00,EARLY_BEAR,EARLY_BEAR,2,2,0.7,0.7,0.7058277685132985,0.7058277685132985,,,,,,False,SAME,
2020-07-11 00:00:00+00:00,2020-07-10 00:00:00+00:00,EARLY_BEAR,EARLY_BEAR,2,2,0.7,0.7,0.7063837266304602,0.7063837266304602,,2020-07-10 00:00:00+00:00,EARLY_BEAR,EARLY_BEAR,2,2,0.7,0.7,0.7063837266304602,0.7063837266304602,,,,,,False,SAME,
2020-07-12 00:00:00+00:00,2020-07-11 00:00:00+00:00,EARLY_BEAR,EARLY_BEAR,2,2,0.7,0.7,0.7050317293089103,0.7050317293089103,,2020-07-11 00:00:00+00:00,EARLY_BEAR,EARLY_BEAR,2,2,0.7,0.7,0.7050317293089103,0.7050317293089103,,,,,,False,SAME,
2020-07-13 00:00:00+00:00,2020-07-12 00:00:00+00:00,EARLY_BEAR,EARLY_BEAR,2,2,0.7,0.7,0.7073738180112552,0.7073738180112552,,2020-07-12 00:00:00+00:00,EARLY_BEAR,EARLY_BEAR,2,2,0.7,0.7,0.7073738180112552,0.7073738180112552,,,,,,False,SAME,
2020-07-14 00:00:00+00:00,2020-07-13 00:00:00+00:00,EARLY_BEAR,EARLY_BEAR,2,2,0.7,0.7,0.7055007365439441,0.7055007365439441,,2020-07-13 00:00:00+00:00,EARLY_BEAR,EARLY_BEAR,2,2,0.7,0.7,0.7055007365439441,0.7055007365439441,,,,,,False,SAME,
2020-07-15 00:00:00+00:00,2020-07-14 00:00:00+00:00,EARLY_BEAR,DISTRIBUTION,2,1,0.7,0.85,0.7061494949347356,0.7061494949347356,EARLY_BEAR_TO_DISTRIBUTION,2020-07-14 00:00:00+00:00,EARLY_BEAR,DISTRIBUTION,2,1,0.7,0.85,0.7061494949347356,0.7061494949347356,EARLY_BEAR_TO_DISTRIBUTION,,,EARLY_BEAR_TO_DISTRIBUTION,EARLY_BEAR_TO_DISTRIBUTION,False,SAME,
2020-07-16 00:00:00+00:00,2020-07-15 00:00:00+00:00,DISTRIBUTION,DISTRIBUTION,1,1,0.85,0.85,0.7048266601213687,0.7048266601213687,,2020-07-15 00:00:00+00:00,DISTRIBUTION,DISTRIBUTION,1,1,0.85,0.85,0.7048266601213687,0.7048266601213687,,,,,,False,SAME,
2020-07-17 00:00:00+00:00,2020-07-16 00:00:00+00:00,DISTRIBUTION,DISTRIBUTION,1,1,0.85,0.85,0.7021978901019232,0.7021978901019232,,2020-07-16 00:00:00+00:00,DISTRIBUTION,DISTRIBUTION,1,1,0.85,0.85,0.7021978901019232,0.7021978901019232,,,,,,False,SAME,
2020-07-18 00:00:00+00:00,2020-07-17 00:00:00+00:00,DISTRIBUTION,DISTRIBUTION,1,1,0.85,0.85,0.7022301840022421,0.7022301840022421,,2020-07-17 00:00:00+00:00,DISTRIBUTION,DISTRIBUTION,1,1,0.85,0.85,0.7022301840022421,0.7022301840022421,,,,,,False,SAME,
2020-07-19 00:00:00+00:00,2020-07-18 00:00:00+00:00,DISTRIBUTION,DISTRIBUTION,1,1,0.85,0.85,0.7037253671946627,0.7037253671946627,,2020-07-18 00:00:00+00:00,DISTRIBUTION,DISTRIBUTION,1,1,0.85,0.85,0.7037253671946627,0.7037253671946627,,,,,,False,SAME,
2020-07-20 00:00:00+00:00,2020-07-19 00:00:00+00:00,DISTRIBUTION,DISTRIBUTION,1,1,0.85,0.85,0.7056617358569652,0.7056617358569652,,2020-07-19 00:00:00+00:00,DISTRIBUTION,DISTRIBUTION,1,1,0.85,0.85,0.7056617358569652,0.7056617358569652,,,,,,False,SAME,
2020-07-21 00:00:00+00:00,2020-07-20 00:00:00+00:00,DISTRIBUTION,DISTRIBUTION,1,1,0.85,0.85,0.7039751343111212,0.7039751343111212,,2020-07-20 00:00:00+00:00,DISTRIBUTION,DISTRIBUTION,1,1,0.85,0.85,0.7039751343111212,0.7039751343111212,,,,,,False,SAME,
2020-07-22 00:00:00+00:00,2020-07-21 00:00:00+00:00,DISTRIBUTION,DISTRIBUTION,1,1,0.85,0.85,0.7105573258930133,0.7105573258930133,,2020-07-21 00:00:00+00:00,DISTRIBUTION,DISTRIBUTION,1,1,0.85,0.85,0.7105573258930133,0.7105573258930133,,,,,,False,SAME,
2020-07-23 00:00:00+00:00,2020-07-22 00:00:00+00:00,DISTRIBUTION,DISTRIBUTION,1,1,0.85,0.85,0.7187151848197283,0.7187151848197283,,2020-07-22 00:00:00+00:00,DISTRIBUTION,DISTRIBUTION,1,1,0.85,0.85,0.7187151848197283,0.7187151848197283,,,,,,False,SAME,
2020-07-24 00:00:00+00:00,2020-07-23 00:00:00+00:00,DISTRIBUTION,DISTRIBUTION,1,1,0.85,0.85,0.7237386353406683,0.7237386353406683,,2020-07-23 00:00:00+00:00,DISTRIBUTION,DISTRIBUTION,1,1,0.85,0.85,0.7237386353406683,0.7237386353406683,,,,,,False,SAME,
2020-07-25 00:00:00+00:00,2020-07-24 00:00:00+00:00,DISTRIBUTION,DISTRIBUTION,1,1,0.85,0.85,0.7243991317283109,0.7243991317283109,,2020-07-24 00:00:00+00:00,DISTRIBUTION,DISTRIBUTION,1,1,0.85,0.85,0.7243991317283109,0.7243991317283109,,,,,,False,SAME,
2020-07-26 00:00:00+00:00,2020-07-25 00:00:00+00:00,DISTRIBUTION,DISTRIBUTION,1,1,0.85,0.85,0.7346463921103311,0.7346463921103311,,2020-07-25 00:00:00+00:00,DISTRIBUTION,DISTRIBUTION,1,1,0.85,0.85,0.7346463921103311,0.7346463921103311,,,,,,False,SAME,
2020-07-27 00:00:00+00:00,2020-07-26 00:00:00+00:00,DISTRIBUTION,DISTRIBUTION,1,1,0.85,0.85,0.7388398987732726,0.7388398987732726,,2020-07-26 00:00:00+00:00,DISTRIBUTION,DISTRIBUTION,1,1,0.85,0.85,0.7388398987732726,0.7388398987732726,,,,,,False,SAME,
2020-07-28 00:00:00+00:00,2020-07-27 00:00:00+00:00,DISTRIBUTION,DISTRIBUTION,1,1,0.85,0.85,0.752500467036539,0.752500467036539,,2020-07-27 00:00:00+00:00,DISTRIBUTION,DISTRIBUTION,1,1,0.85,0.85,0.752500467036539,0.752500467036539,,,,,,False,SAME,
2020-07-29 00:00:00+00:00,2020-07-28 00:00:00+00:00,DISTRIBUTION,DISTRIBUTION,1,1,0.85,0.85,0.7500511299631877,0.7500511299631877,,2020-07-28 00:00:00+00:00,DISTRIBUTION,DISTRIBUTION,1,1,0.85,0.85,0.7500511299631877,0.7500511299631877,,,,,,False,SAME,
2020-07-30 00:00:00+00:00,2020-07-29 00:00:00+00:00,DISTRIBUTION,DISTRIBUTION,1,1,0.85,0.85,0.7521832357954906,0.7521832357954906,,2020-07-29 00:00:00+00:00,DISTRIBUTION,DISTRIBUTION,1,1,0.85,0.85,0.7521832357954906,0.7521832357954906,,,,,,False,SAME,
2020-07-31 00:00:00+00:00,2020-07-30 00:00:00+00:00,DISTRIBUTION,DISTRIBUTION,1,1,0.85,0.85,0.7567753910987413,0.7567753910987413,,2020-07-30 00:00:00+00:00,DISTRIBUTION,DISTRIBUTION,1,1,0.85,0.85,0.7567753910987413,0.7567753910987413,,,,,,False,SAME,
2020-08-01 00:00:00+00:00,2020-07-31 00:00:00+00:00,DISTRIBUTION,DISTRIBUTION,1,1,0.85,0.85,0.7618011882448728,0.7618011882448728,,2020-07-31 00:00:00+00:00,DISTRIBUTION,DISTRIBUTION,1,1,0.85,0.85,0.7618011882448728,0.7618011882448728,,,,,,False,SAME,
2020-08-02 00:00:00+00:00,2020-08-01 00:00:00+00:00,DISTRIBUTION,DISTRIBUTION,1,1,0.85,0.85,0.7751361583008286,0.7751361583008286,,2020-08-01 00:00:00+00:00,DISTRIBUTION,DISTRIBUTION,1,1,0.85,0.85,0.7751361583008286,0.7751361583008286,,,,,,False,SAME,
2020-08-03 00:00:00+00:00,2020-08-02 00:00:00+00:00,DISTRIBUTION,DISTRIBUTION,1,1,0.85,0.85,0.7661626665809981,0.7661626665809981,,2020-08-02 00:00:00+00:00,DISTRIBUTION,DISTRIBUTION,1,1,0.85,0.85,0.7661626665809981,0.7661626665809981,,,,,,False,SAME,
2020-08-04 00:00:00+00:00,2020-08-03 00:00:00+00:00,DISTRIBUTION,DISTRIBUTION,1,1,0.85,0.85,0.7705864625607528,0.7705864625607528,,2020-08-03 00:00:00+00:00,DISTRIBUTION,DISTRIBUTION,1,1,0.85,0.85,0.7705864625607528,0.7705864625607528,,,,,,False,SAME,
2020-08-05 00:00:00+00:00,2020-08-04 00:00:00+00:00,DISTRIBUTION,DISTRIBUTION,1,1,0.85,0.85,0.7712913047897528,0.7712913047897528,,2020-08-04 00:00:00+00:00,DISTRIBUTION,DISTRIBUTION,1,1,0.85,0.85,0.7712913047897528,0.7712913047897528,,,,,,False,SAME,
2020-08-06 00:00:00+00:00,2020-08-05 00:00:00+00:00,DISTRIBUTION,DISTRIBUTION,1,1,0.85,0.85,0.7780135598671841,0.7780135598671841,,2020-08-05 00:00:00+00:00,DISTRIBUTION,DISTRIBUTION,1,1,0.85,0.85,0.7780135598671841,0.7780135598671841,,,,,,False,SAME,
2020-08-07 00:00:00+00:00,2020-08-06 00:00:00+00:00,DISTRIBUTION,DISTRIBUTION,1,1,0.85,0.85,0.7769186105292638,0.7769186105292638,,2020-08-06 00:00:00+00:00,DISTRIBUTION,DISTRIBUTION,1,1,0.85,0.85,0.7769186105292638,0.7769186105292638,,,,,,False,SAME,
2020-08-08 00:00:00+00:00,2020-08-07 00:00:00+00:00,DISTRIBUTION,DISTRIBUTION,1,1,0.85,0.85,0.7722780027405395,0.7722780027405395,,2020-08-07 00:00:00+00:00,DISTRIBUTION,DISTRIBUTION,1,1,0.85,0.85,0.7722780027405395,0.7722780027405395,,,,,,False,SAME,
2020-08-09 00:00:00+00:00,2020-08-08 00:00:00+00:00,DISTRIBUTION,DISTRIBUTION,1,1,0.85,0.85,0.7775445906894407,0.7775445906894407,,2020-08-08 00:00:00+00:00,DISTRIBUTION,DISTRIBUTION,1,1,0.85,0.85,0.7775445906894407,0.7775445906894407,,,,,,False,SAME,
2020-08-10 00:00:00+00:00,2020-08-09 00:00:00+00:00,DISTRIBUTION,DISTRIBUTION,1,1,0.85,0.85,0.7755093198552235,0.7755093198552235,,2020-08-09 00:00:00+00:00,DISTRIBUTION,DISTRIBUTION,1,1,0.85,0.85,0.7755093198552235,0.7755093198552235,,,,,,False,SAME,
2020-08-11 00:00:00+00:00,2020-08-10 00:00:00+00:00,DISTRIBUTION,DISTRIBUTION,1,1,0.85,0.85,0.7783018547588408,0.7783018547588408,,2020-08-10 00:00:00+00:00,DISTRIBUTION,DISTRIBUTION,1,1,0.85,0.85,0.7783018547588408,0.7783018547588408,,,,,,False,SAME,
2020-08-12 00:00:00+00:00,2020-08-11 00:00:00+00:00,DISTRIBUTION,DISTRIBUTION,1,1,0.85,0.85,0.7709106297642306,0.7709106297642306,,2020-08-11 00:00:00+00:00,DISTRIBUTION,DISTRIBUTION,1,1,0.85,0.85,0.7709106297642306,0.7709106297642306,,,,,,False,SAME,
2020-08-13 00:00:00+00:00,2020-08-12 00:00:00+00:00,DISTRIBUTION,DISTRIBUTION,1,1,0.85,0.85,0.7741740858135903,0.7741740858135903,,2020-08-12 00:00:00+00:00,DISTRIBUTION,DISTRIBUTION,1,1,0.85,0.85,0.7741740858135903,0.7741740858135903,,,,,,False,SAME,
2020-08-14 00:00:00+00:00,2020-08-13 00:00:00+00:00,DISTRIBUTION,DISTRIBUTION,1,1,0.85,0.85,0.7838221627584412,0.7838221627584412,,2020-08-13 00:00:00+00:00,DISTRIBUTION,DISTRIBUTION,1,1,0.85,0.85,0.7838221627584412,0.7838221627584412,,,,,,False,SAME,
2020-08-15 00:00:00+00:00,2020-08-14 00:00:00+00:00,DISTRIBUTION,DISTRIBUTION,1,1,0.85,0.85,0.7865052652141421,0.7865052652141421,,2020-08-14 00:00:00+00:00,DISTRIBUTION,DISTRIBUTION,1,1,0.85,0.85,0.7865052652141421,0.7865052652141421,,,,,,False,SAME,
2020-08-16 00:00:00+00:00,2020-08-15 00:00:00+00:00,DISTRIBUTION,DISTRIBUTION,1,1,0.85,0.85,0.7860300673993439,0.7860300673993439,,2020-08-15 00:00:00+00:00,DISTRIBUTION,DISTRIBUTION,1,1,0.85,0.85,0.7860300673993439,0.7860300673993439,,,,,,False,SAME,
2020-08-17 00:00:00+00:00,2020-08-16 00:00:00+00:00,DISTRIBUTION,DISTRIBUTION,1,1,0.85,0.85,0.7867570926636386,0.7867570926636386,,2020-08-16 00:00:00+00:00,DISTRIBUTION,DISTRIBUTION,1,1,0.85,0.85,0.7867570926636386,0.7867570926636386,,,,,,False,SAME,
2020-08-18 00:00:00+00:00,2020-08-17 00:00:00+00:00,DISTRIBUTION,DISTRIBUTION,1,1,0.85,0.85,0.7887833098253697,0.7887833098253697,,2020-08-17 00:00:00+00:00,DISTRIBUTION,DISTRIBUTION,1,1,0.85,0.85,0.7887833098253697,0.7887833098253697,,,,,,False,SAME,
2020-08-19 00:00:00+00:00,2020-08-18 00:00:00+00:00,DISTRIBUTION,DISTRIBUTION,1,1,0.85,0.85,0.784763163216027,0.784763163216027,,2020-08-18 00:00:00+00:00,DISTRIBUTION,DISTRIBUTION,1,1,0.85,0.85,0.784763163216027,0.784763163216027,,,,,,False,SAME,
2020-08-20 00:00:00+00:00,2020-08-19 00:00:00+00:00,DISTRIBUTION,DISTRIBUTION,1,1,0.85,0.85,0.7804766913551343,0.7804766913551343,,2020-08-19 00:00:00+00:00,DISTRIBUTION,DISTRIBUTION,1,1,0.85,0.85,0.7804766913551343,0.7804766913551343,,,,,,False,SAME,
2020-08-21 00:00:00+00:00,2020-08-20 00:00:00+00:00,DISTRIBUTION,DISTRIBUTION,1,1,0.85,0.85,0.7830265785869822,0.7830265785869822,,2020-08-20 00:00:00+00:00,DISTRIBUTION,DISTRIBUTION,1,1,0.85,0.85,0.7830265785869822,0.7830265785869822,,,,,,False,SAME,
2020-08-22 00:00:00+00:00,2020-08-21 00:00:00+00:00,DISTRIBUTION,DISTRIBUTION,1,1,0.85,0.85,0.774713422170025,0.774713422170025,,2020-08-21 00:00:00+00:00,DISTRIBUTION,DISTRIBUTION,1,1,0.85,0.85,0.774713422170025,0.774713422170025,,,,,,False,SAME,
2020-08-23 00:00:00+00:00,2020-08-22 00:00:00+00:00,DISTRIBUTION,DISTRIBUTION,1,1,0.85,0.85,0.777389677835534,0.777389677835534,,2020-08-22 00:00:00+00:00,DISTRIBUTION,DISTRIBUTION,1,1,0.85,0.85,0.777389677835534,0.777389677835534,,,,,,False,SAME,
2020-08-24 00:00:00+00:00,2020-08-23 00:00:00+00:00,DISTRIBUTION,DISTRIBUTION,1,1,0.85,0.85,0.7763581041507637,0.7763581041507637,,2020-08-23 00:00:00+00:00,DISTRIBUTION,DISTRIBUTION,1,1,0.85,0.85,0.7763581041507637,0.7763581041507637,,,,,,False,SAME,
2020-08-25 00:00:00+00:00,2020-08-24 00:00:00+00:00,DISTRIBUTION,DISTRIBUTION,1,1,0.85,0.85,0.7808155843040422,0.7808155843040422,,2020-08-24 00:00:00+00:00,DISTRIBUTION,DISTRIBUTION,1,1,0.85,0.85,0.7808155843040422,0.7808155843040422,,,,,,False,SAME,
2020-08-26 00:00:00+00:00,2020-08-25 00:00:00+00:00,DISTRIBUTION,DISTRIBUTION,1,1,0.85,0.85,0.7722181239687974,0.7722181239687974,,2020-08-25 00:00:00+00:00,DISTRIBUTION,DISTRIBUTION,1,1,0.85,0.85,0.7722181239687974,0.7722181239687974,,,,,,False,SAME,
2020-08-27 00:00:00+00:00,2020-08-26 00:00:00+00:00,DISTRIBUTION,DISTRIBUTION,1,1,0.85,0.85,0.7740569454551729,0.7740569454551729,,2020-08-26 00:00:00+00:00,DISTRIBUTION,DISTRIBUTION,1,1,0.85,0.85,0.7740569454551729,0.7740569454551729,,,,,,False,SAME,
2020-08-28 00:00:00+00:00,2020-08-27 00:00:00+00:00,DISTRIBUTION,DISTRIBUTION,1,1,0.85,0.85,0.772546913506704,0.772546913506704,,2020-08-27 00:00:00+00:00,DISTRIBUTION,DISTRIBUTION,1,1,0.85,0.85,0.772546913506704,0.772546913506704,,,,,,False,SAME,
2020-08-29 00:00:00+00:00,2020-08-28 00:00:00+00:00,DISTRIBUTION,DISTRIBUTION,1,1,0.85,0.85,0.7767557904309176,0.7767557904309176,,2020-08-28 00:00:00+00:00,DISTRIBUTION,DISTRIBUTION,1,1,0.85,0.85,0.7767557904309176,0.7767557904309176,,,,,,False,SAME,
2020-08-30 00:00:00+00:00,2020-08-29 00:00:00+00:00,DISTRIBUTION,DISTRIBUTION,1,1,0.85,0.85,0.7771402348259117,0.7771402348259117,,2020-08-29 00:00:00+00:00,DISTRIBUTION,DISTRIBUTION,1,1,0.85,0.85,0.7771402348259117,0.7771402348259117,,,,,,False,SAME,
2020-08-31 00:00:00+00:00,2020-08-30 00:00:00+00:00,DISTRIBUTION,DISTRIBUTION,1,1,0.85,0.85,0.7853464123056635,0.7853464123056635,,2020-08-30 00:00:00+00:00,DISTRIBUTION,DISTRIBUTION,1,1,0.85,0.85,0.7853464123056635,0.7853464123056635,,,,,,False,SAME,
2020-09-01 00:00:00+00:00,2020-08-31 00:00:00+00:00,DISTRIBUTION,DISTRIBUTION,1,1,0.85,0.85,0.7859610737022678,0.7859610737022678,,2020-08-31 00:00:00+00:00,DISTRIBUTION,DISTRIBUTION,1,1,0.85,0.85,0.7859610737022678,0.7859610737022678,,,,,,False,SAME,
2020-09-02 00:00:00+00:00,2020-09-01 00:00:00+00:00,DISTRIBUTION,DISTRIBUTION,1,1,0.85,0.85,0.795810024236009,0.795810024236009,,2020-09-01 00:00:00+00:00,DISTRIBUTION,DISTRIBUTION,1,1,0.85,0.85,0.795810024236009,0.795810024236009,,,,,,False,SAME,
2020-09-03 00:00:00+00:00,2020-09-02 00:00:00+00:00,DISTRIBUTION,DISTRIBUTION,1,1,0.85,0.85,0.7854158064602168,0.7854158064602168,,2020-09-02 00:00:00+00:00,DISTRIBUTION,DISTRIBUTION,1,1,0.85,0.85,0.7854158064602168,0.7854158064602168,,,,,,False,SAME,
2020-09-04 00:00:00+00:00,2020-09-03 00:00:00+00:00,DISTRIBUTION,DISTRIBUTION,1,1,0.85,0.85,0.7628182645323001,0.7628182645323001,,2020-09-03 00:00:00+00:00,DISTRIBUTION,DISTRIBUTION,1,1,0.85,0.85,0.7628182645323001,0.7628182645323001,,,,,,False,SAME,
2020-09-05 00:00:00+00:00,2020-09-04 00:00:00+00:00,DISTRIBUTION,EARLY_BEAR,1,2,0.85,0.7,0.7664510685268818,0.7,STAGE2_SELL:EXECUTED,2020-09-04 00:00:00+00:00,DISTRIBUTION,EARLY_BEAR,1,2,0.85,0.7,0.7664510685268818,0.7,STAGE2_SELL:EXECUTED,,,STAGE2_SELL:EXECUTED,STAGE2_SELL:EXECUTED,False,SAME,
2020-09-06 00:00:00+00:00,2020-09-05 00:00:00+00:00,EARLY_BEAR,EARLY_BEAR,2,2,0.7,0.7,0.6819401730219264,0.6819401730219264,,2020-09-05 00:00:00+00:00,EARLY_BEAR,EARLY_BEAR,2,2,0.7,0.7,0.6819401730219264,0.6819401730219264,,,,,,False,SAME,
2020-09-07 00:00:00+00:00,2020-09-06 00:00:00+00:00,EARLY_BEAR,EARLY_BEAR,2,2,0.7,0.7,0.6886264202352945,0.6886264202352945,,2020-09-06 00:00:00+00:00,EARLY_BEAR,EARLY_BEAR,2,2,0.7,0.7,0.6886264202352945,0.6886264202352945,,,,,,False,SAME,
2020-09-08 00:00:00+00:00,2020-09-07 00:00:00+00:00,EARLY_BEAR,EARLY_BEAR,2,2,0.7,0.7,0.6901587070798432,0.6901587070798432,,2020-09-07 00:00:00+00:00,EARLY_BEAR,EARLY_BEAR,2,2,0.7,0.7,0.6901587070798432,0.6901587070798432,,,,,,False,SAME,
2020-09-09 00:00:00+00:00,2020-09-08 00:00:00+00:00,EARLY_BEAR,EARLY_BEAR,2,2,0.7,0.7,0.6826083192237907,0.6826083192237907,,2020-09-08 00:00:00+00:00,EARLY_BEAR,EARLY_BEAR,2,2,0.7,0.7,0.6826083192237907,0.6826083192237907,,,,,,False,SAME,
2020-09-10 00:00:00+00:00,2020-09-09 00:00:00+00:00,EARLY_BEAR,EARLY_BEAR,2,2,0.7,0.7,0.687947691518452,0.687947691518452,,2020-09-09 00:00:00+00:00,EARLY_BEAR,EARLY_BEAR,2,2,0.7,0.7,0.687947691518452,0.687947691518452,,,,,,False,SAME,
2020-09-11 00:00:00+00:00,2020-09-10 00:00:00+00:00,EARLY_BEAR,EARLY_BEAR,2,2,0.7,0.7,0.6944523932588874,0.6944523932588874,,2020-09-10 00:00:00+00:00,EARLY_BEAR,EARLY_BEAR,2,2,0.7,0.7,0.6944523932588874,0.6944523932588874,,,,,,False,SAME,
2020-09-12 00:00:00+00:00,2020-09-11 00:00:00+00:00,EARLY_BEAR,EARLY_BEAR,2,2,0.7,0.7,0.6967429748359097,0.6967429748359097,,2020-09-11 00:00:00+00:00,EARLY_BEAR,EARLY_BEAR,2,2,0.7,0.7,0.6967429748359097,0.6967429748359097,,,,,,False,SAME,
2020-09-13 00:00:00+00:00,2020-09-12 00:00:00+00:00,EARLY_BEAR,EARLY_BEAR,2,2,0.7,0.7,0.7014531761209212,0.7014531761209212,,2020-09-12 00:00:00+00:00,EARLY_BEAR,EARLY_BEAR,2,2,0.7,0.7,0.7014531761209212,0.7014531761209212,,,,,,False,SAME,
2020-09-14 00:00:00+00:00,2020-09-13 00:00:00+00:00,EARLY_BEAR,EARLY_BEAR,2,2,0.7,0.7,0.6942674218182592,0.6942674218182592,,2020-09-13 00:00:00+00:00,EARLY_BEAR,EARLY_BEAR,2,2,0.7,0.7,0.6942674218182592,0.6942674218182592,,,,,,False,SAME,
2020-09-15 00:00:00+00:00,2020-09-14 00:00:00+00:00,EARLY_BEAR,EARLY_BEAR,2,2,0.7,0.7,0.7007926182708629,0.7007926182708629,,2020-09-14 00:00:00+00:00,EARLY_BEAR,EARLY_BEAR,2,2,0.7,0.7,0.7007926182708629,0.7007926182708629,,,,,,False,SAME,
2020-09-16 00:00:00+00:00,2020-09-15 00:00:00+00:00,EARLY_BEAR,EARLY_BEAR,2,2,0.7,0.7,0.6982013233938619,0.6982013233938619,,2020-09-15 00:00:00+00:00,EARLY_BEAR,EARLY_BEAR,2,2,0.7,0.7,0.6982013233938619,0.6982013233938619,,,,,,False,SAME,
2020-09-17 00:00:00+00:00,2020-09-16 00:00:00+00:00,EARLY_BEAR,EARLY_BEAR,2,2,0.7,0.7,0.7002116619296511,0.7002116619296511,,2020-09-16 00:00:00+00:00,EARLY_BEAR,EARLY_BEAR,2,2,0.7,0.7,0.7002116619296511,0.7002116619296511,,,,,,False,SAME,
2020-09-18 00:00:00+00:00,2020-09-17 00:00:00+00:00,EARLY_BEAR,DISTRIBUTION,2,1,0.7,0.85,0.7070132951088043,0.7070132951088043,EARLY_BEAR_TO_DISTRIBUTION,2020-09-17 00:00:00+00:00,EARLY_BEAR,DISTRIBUTION,2,1,0.7,0.85,0.7070132951088043,0.7070132951088043,EARLY_BEAR_TO_DISTRIBUTION,,,EARLY_BEAR_TO_DISTRIBUTION,EARLY_BEAR_TO_DISTRIBUTION,False,SAME,
2020-09-19 00:00:00+00:00,2020-09-18 00:00:00+00:00,DISTRIBUTION,DISTRIBUTION,1,1,0.85,0.85,0.705679813100906,0.705679813100906,,2020-09-18 00:00:00+00:00,DISTRIBUTION,DISTRIBUTION,1,1,0.85,0.85,0.705679813100906,0.705679813100906,,,,,,False,SAME,
2020-09-20 00:00:00+00:00,2020-09-19 00:00:00+00:00,DISTRIBUTION,DISTRIBUTION,1,1,0.85,0.85,0.7073621558359625,0.7073621558359625,,2020-09-19 00:00:00+00:00,DISTRIBUTION,DISTRIBUTION,1,1,0.85,0.85,0.7073621558359625,0.7073621558359625,,,,,,False,SAME,
2020-09-21 00:00:00+00:00,2020-09-20 00:00:00+00:00,DISTRIBUTION,DISTRIBUTION,1,1,0.85,0.85,0.7019952456074506,0.7019952456074506,,2020-09-20 00:00:00+00:00,DISTRIBUTION,DISTRIBUTION,1,1,0.85,0.85,0.7019952456074506,0.7019952456074506,,,,,,False,SAME,
2020-09-22 00:00:00+00:00,2020-09-21 00:00:00+00:00,DISTRIBUTION,DISTRIBUTION,1,1,0.85,0.85,0.6879414552230532,0.6879414552230532,,2020-09-21 00:00:00+00:00,DISTRIBUTION,DISTRIBUTION,1,1,0.85,0.85,0.6879414552230532,0.6879414552230532,,,,,,False,SAME,
2020-09-23 00:00:00+00:00,2020-09-22 00:00:00+00:00,DISTRIBUTION,DISTRIBUTION,1,1,0.85,0.85,0.6904066747871092,0.6904066747871092,,2020-09-22 00:00:00+00:00,DISTRIBUTION,DISTRIBUTION,1,1,0.85,0.85,0.6904066747871092,0.6904066747871092,,,,,,False,SAME,
2020-09-24 00:00:00+00:00,2020-09-23 00:00:00+00:00,DISTRIBUTION,DISTRIBUTION,1,1,0.85,0.85,0.6800135752632551,0.6800135752632551,,2020-09-23 00:00:00+00:00,DISTRIBUTION,DISTRIBUTION,1,1,0.85,0.85,0.6800135752632551,0.6800135752632551,,,,,,False,SAME,
2020-09-25 00:00:00+00:00,2020-09-24 00:00:00+00:00,DISTRIBUTION,DISTRIBUTION,1,1,0.85,0.85,0.6941675966931561,0.6941675966931561,,2020-09-24 00:00:00+00:00,DISTRIBUTION,DISTRIBUTION,1,1,0.85,0.85,0.6941675966931561,0.6941675966931561,,,,,,False,SAME,
2020-09-26 00:00:00+00:00,2020-09-25 00:00:00+00:00,DISTRIBUTION,DISTRIBUTION,1,1,0.85,0.85,0.6946552531798033,0.6946552531798033,,2020-09-25 00:00:00+00:00,DISTRIBUTION,DISTRIBUTION,1,1,0.85,0.85,0.6946552531798033,0.6946552531798033,,,,,,False,SAME,
2020-09-27 00:00:00+00:00,2020-09-26 00:00:00+00:00,DISTRIBUTION,DISTRIBUTION,1,1,0.85,0.85,0.6957765702418762,0.6957765702418762,,2020-09-26 00:00:00+00:00,DISTRIBUTION,DISTRIBUTION,1,1,0.85,0.85,0.6957765702418762,0.6957765702418762,,,,,,False,SAME,
2020-09-28 00:00:00+00:00,2020-09-27 00:00:00+00:00,DISTRIBUTION,DISTRIBUTION,1,1,0.85,0.85,0.6973994318130504,0.6973994318130504,,2020-09-27 00:00:00+00:00,DISTRIBUTION,DISTRIBUTION,1,1,0.85,0.85,0.6973994318130504,0.6973994318130504,,,,,,False,SAME,
2020-09-29 00:00:00+00:00,2020-09-28 00:00:00+00:00,DISTRIBUTION,DISTRIBUTION,1,1,0.85,0.85,0.6956410127910381,0.6956410127910381,,2020-09-28 00:00:00+00:00,DISTRIBUTION,DISTRIBUTION,1,1,0.85,0.85,0.6956410127910381,0.6956410127910381,,,,,,False,SAME,
2020-09-30 00:00:00+00:00,2020-09-29 00:00:00+00:00,DISTRIBUTION,DISTRIBUTION,1,1,0.85,0.85,0.6988906116218344,0.6988906116218344,,2020-09-29 00:00:00+00:00,DISTRIBUTION,DISTRIBUTION,1,1,0.85,0.85,0.6988906116218344,0.6988906116218344,,,,,,False,SAME,
2020-10-01 00:00:00+00:00,2020-09-30 00:00:00+00:00,DISTRIBUTION,DISTRIBUTION,1,1,0.85,0.85,0.6983777831277567,0.6983777831277567,,2020-09-30 00:00:00+00:00,DISTRIBUTION,DISTRIBUTION,1,1,0.85,0.85,0.6983777831277567,0.6983777831277567,,,,,,False,SAME,
2020-10-02 00:00:00+00:00,2020-10-01 00:00:00+00:00,DISTRIBUTION,DISTRIBUTION,1,1,0.85,0.85,0.6948495697554161,0.6948495697554161,,2020-10-01 00:00:00+00:00,DISTRIBUTION,DISTRIBUTION,1,1,0.85,0.85,0.6948495697554161,0.6948495697554161,,,,,,False,SAME,
2020-10-03 00:00:00+00:00,2020-10-02 00:00:00+00:00,DISTRIBUTION,DISTRIBUTION,1,1,0.85,0.85,0.6922841460622482,0.6922841460622482,,2020-10-02 00:00:00+00:00,DISTRIBUTION,DISTRIBUTION,1,1,0.85,0.85,0.6922841460622482,0.6922841460622482,,,,,,False,SAME,
2020-10-04 00:00:00+00:00,2020-10-03 00:00:00+00:00,DISTRIBUTION,DISTRIBUTION,1,1,0.85,0.85,0.692199895547127,0.692199895547127,,2020-10-03 00:00:00+00:00,DISTRIBUTION,DISTRIBUTION,1,1,0.85,0.85,0.692199895547127,0.692199895547127,,,,,,False,SAME,
2020-10-05 00:00:00+00:00,2020-10-04 00:00:00+00:00,DISTRIBUTION,DISTRIBUTION,1,1,0.85,0.85,0.6954864546835922,0.6954864546835922,,2020-10-04 00:00:00+00:00,DISTRIBUTION,DISTRIBUTION,1,1,0.85,0.85,0.6954864546835922,0.6954864546835922,,,,,,False,SAME,
2020-10-06 00:00:00+00:00,2020-10-05 00:00:00+00:00,DISTRIBUTION,DISTRIBUTION,1,1,0.85,0.85,0.697222848598903,0.697222848598903,,2020-10-05 00:00:00+00:00,DISTRIBUTION,DISTRIBUTION,1,1,0.85,0.85,0.697222848598903,0.697222848598903,,,,,,False,SAME,
2020-10-07 00:00:00+00:00,2020-10-06 00:00:00+00:00,DISTRIBUTION,DISTRIBUTION,1,1,0.85,0.85,0.6915368516811794,0.6915368516811794,,2020-10-06 00:00:00+00:00,DISTRIBUTION,DISTRIBUTION,1,1,0.85,0.85,0.6915368516811794,0.6915368516811794,,,,,,False,SAME,
2020-10-08 00:00:00+00:00,2020-10-07 00:00:00+00:00,DISTRIBUTION,DISTRIBUTION,1,1,0.85,0.85,0.6925642583010125,0.6925642583010125,,2020-10-07 00:00:00+00:00,DISTRIBUTION,DISTRIBUTION,1,1,0.85,0.85,0.6925642583010125,0.6925642583010125,,,,,,False,SAME,
2020-10-09 00:00:00+00:00,2020-10-08 00:00:00+00:00,DISTRIBUTION,DISTRIBUTION,1,1,0.85,0.85,0.6980617683222718,0.6980617683222718,,2020-10-08 00:00:00+00:00,DISTRIBUTION,DISTRIBUTION,1,1,0.85,0.85,0.6980617683222718,0.6980617683222718,,,,,,False,SAME,
2020-10-10 00:00:00+00:00,2020-10-09 00:00:00+00:00,DISTRIBUTION,DISTRIBUTION,1,1,0.85,0.85,0.7034136300120808,0.7034136300120808,,2020-10-09 00:00:00+00:00,DISTRIBUTION,DISTRIBUTION,1,1,0.85,0.85,0.7034136300120808,0.7034136300120808,,,,,,False,SAME,
2020-10-11 00:00:00+00:00,2020-10-10 00:00:00+00:00,DISTRIBUTION,DISTRIBUTION,1,1,0.85,0.85,0.707328221215023,0.707328221215023,,2020-10-10 00:00:00+00:00,DISTRIBUTION,DISTRIBUTION,1,1,0.85,0.85,0.707328221215023,0.707328221215023,,,,,,False,SAME,
2020-10-12 00:00:00+00:00,2020-10-11 00:00:00+00:00,DISTRIBUTION,DISTRIBUTION,1,1,0.85,0.85,0.7091217293203455,0.7091217293203455,,2020-10-11 00:00:00+00:00,DISTRIBUTION,DISTRIBUTION,1,1,0.85,0.85,0.7091217293203455,0.7091217293203455,,,,,,False,SAME,
2020-10-13 00:00:00+00:00,2020-10-12 00:00:00+00:00,DISTRIBUTION,DISTRIBUTION,1,1,0.85,0.85,0.7139450837536034,0.7139450837536034,,2020-10-12 00:00:00+00:00,DISTRIBUTION,DISTRIBUTION,1,1,0.85,0.85,0.7139450837536034,0.7139450837536034,,,,,,False,SAME,
2020-10-14 00:00:00+00:00,2020-10-13 00:00:00+00:00,DISTRIBUTION,DISTRIBUTION,1,1,0.85,0.85,0.7116231807401532,0.7116231807401532,,2020-10-13 00:00:00+00:00,DISTRIBUTION,DISTRIBUTION,1,1,0.85,0.85,0.7116231807401532,0.7116231807401532,,,,,,False,SAME,
2020-10-15 00:00:00+00:00,2020-10-14 00:00:00+00:00,DISTRIBUTION,DISTRIBUTION,1,1,0.85,0.85,0.7110600352282744,0.7110600352282744,,2020-10-14 00:00:00+00:00,DISTRIBUTION,DISTRIBUTION,1,1,0.85,0.85,0.7110600352282744,0.7110600352282744,,,,,,False,SAME,
2020-10-16 00:00:00+00:00,2020-10-15 00:00:00+00:00,DISTRIBUTION,DISTRIBUTION,1,1,0.85,0.85,0.7116628728151548,0.7116628728151548,,2020-10-15 00:00:00+00:00,DISTRIBUTION,DISTRIBUTION,1,1,0.85,0.85,0.7116628728151548,0.7116628728151548,,,,,,False,SAME,
2020-10-17 00:00:00+00:00,2020-10-16 00:00:00+00:00,DISTRIBUTION,DISTRIBUTION,1,1,0.85,0.85,0.7067508146879267,0.7067508146879267,,2020-10-16 00:00:00+00:00,DISTRIBUTION,DISTRIBUTION,1,1,0.85,0.85,0.7067508146879267,0.7067508146879267,,,,,,False,SAME,
2020-10-18 00:00:00+00:00,2020-10-17 00:00:00+00:00,DISTRIBUTION,DISTRIBUTION,1,1,0.85,0.85,0.7079996511849508,0.7079996511849508,,2020-10-17 00:00:00+00:00,DISTRIBUTION,DISTRIBUTION,1,1,0.85,0.85,0.7079996511849508,0.7079996511849508,,,,,,False,SAME,
2020-10-19 00:00:00+00:00,2020-10-18 00:00:00+00:00,DISTRIBUTION,DISTRIBUTION,1,1,0.85,0.85,0.7120491105684208,0.7120491105684208,,2020-10-18 00:00:00+00:00,DISTRIBUTION,DISTRIBUTION,1,1,0.85,0.85,0.7120491105684208,0.7120491105684208,,,,,,False,SAME,
2020-10-20 00:00:00+00:00,2020-10-19 00:00:00+00:00,DISTRIBUTION,DISTRIBUTION,1,1,0.85,0.85,0.7146885313763962,0.7146885313763962,,2020-10-19 00:00:00+00:00,DISTRIBUTION,DISTRIBUTION,1,1,0.85,0.85,0.7146885313763962,0.7146885313763962,,,,,,False,SAME,
2020-10-21 00:00:00+00:00,2020-10-20 00:00:00+00:00,DISTRIBUTION,DISTRIBUTION,1,1,0.85,0.85,0.713381750702847,0.713381750702847,,2020-10-20 00:00:00+00:00,DISTRIBUTION,DISTRIBUTION,1,1,0.85,0.85,0.713381750702847,0.713381750702847,,,,,,False,SAME,
2020-10-22 00:00:00+00:00,2020-10-21 00:00:00+00:00,DISTRIBUTION,DISTRIBUTION,1,1,0.85,0.85,0.726440765612888,0.726440765612888,,2020-10-21 00:00:00+00:00,DISTRIBUTION,DISTRIBUTION,1,1,0.85,0.85,0.726440765612888,0.726440765612888,,,,,,False,SAME,
2020-10-23 00:00:00+00:00,2020-10-22 00:00:00+00:00,DISTRIBUTION,DISTRIBUTION,1,1,0.85,0.85,0.7335434486949574,0.7335434486949574,,2020-10-22 00:00:00+00:00,DISTRIBUTION,DISTRIBUTION,1,1,0.85,0.85,0.7335434486949574,0.7335434486949574,,,,,,False,SAME,
2020-10-24 00:00:00+00:00,2020-10-23 00:00:00+00:00,DISTRIBUTION,DISTRIBUTION,1,1,0.85,0.85,0.7321761574558963,0.7321761574558963,,2020-10-23 00:00:00+00:00,DISTRIBUTION,DISTRIBUTION,1,1,0.85,0.85,0.7321761574558963,0.7321761574558963,,,,,,False,SAME,
2020-10-25 00:00:00+00:00,2020-10-24 00:00:00+00:00,DISTRIBUTION,DISTRIBUTION,1,1,0.85,0.85,0.7344043325239532,0.7344043325239532,,2020-10-24 00:00:00+00:00,DISTRIBUTION,DISTRIBUTION,1,1,0.85,0.85,0.7344043325239532,0.7344043325239532,,,,,,False,SAME,
2020-10-26 00:00:00+00:00,2020-10-25 00:00:00+00:00,DISTRIBUTION,DISTRIBUTION,1,1,0.85,0.85,0.7324069814134229,0.7324069814134229,,2020-10-25 00:00:00+00:00,DISTRIBUTION,DISTRIBUTION,1,1,0.85,0.85,0.7324069814134229,0.7324069814134229,,,,,,False,SAME,
2020-10-27 00:00:00+00:00,2020-10-26 00:00:00+00:00,DISTRIBUTION,DISTRIBUTION,1,1,0.85,0.85,0.7295769581370881,0.7295769581370881,,2020-10-26 00:00:00+00:00,DISTRIBUTION,DISTRIBUTION,1,1,0.85,0.85,0.7295769581370881,0.7295769581370881,,,,,,False,SAME,
2020-10-28 00:00:00+00:00,2020-10-27 00:00:00+00:00,DISTRIBUTION,DISTRIBUTION,1,1,0.85,0.85,0.7367288899047393,0.7367288899047393,,2020-10-27 00:00:00+00:00,DISTRIBUTION,DISTRIBUTION,1,1,0.85,0.85,0.7367288899047393,0.7367288899047393,,,,,,False,SAME,
2020-10-29 00:00:00+00:00,2020-10-28 00:00:00+00:00,DISTRIBUTION,DISTRIBUTION,1,1,0.85,0.85,0.7304544956439775,0.7304544956439775,,2020-10-28 00:00:00+00:00,DISTRIBUTION,DISTRIBUTION,1,1,0.85,0.85,0.7304544956439775,0.7304544956439775,,,,,,False,SAME,
2020-10-30 00:00:00+00:00,2020-10-29 00:00:00+00:00,DISTRIBUTION,DISTRIBUTION,1,1,0.85,0.85,0.7317924272864236,0.7317924272864236,,2020-10-29 00:00:00+00:00,DISTRIBUTION,DISTRIBUTION,1,1,0.85,0.85,0.7317924272864236,0.7317924272864236,,,,,,False,SAME,
2020-10-31 00:00:00+00:00,2020-10-30 00:00:00+00:00,DISTRIBUTION,DISTRIBUTION,1,1,0.85,0.85,0.7316593293303406,0.7316593293303406,,2020-10-30 00:00:00+00:00,DISTRIBUTION,DISTRIBUTION,1,1,0.85,0.85,0.7316593293303406,0.7316593293303406,,,,,,False,SAME,
2020-11-01 00:00:00+00:00,2020-10-31 00:00:00+00:00,DISTRIBUTION,DISTRIBUTION,1,1,0.85,0.85,0.7344379538150426,0.7344379538150426,,2020-10-31 00:00:00+00:00,DISTRIBUTION,DISTRIBUTION,1,1,0.85,0.85,0.7344379538150426,0.7344379538150426,,,,,,False,SAME,
2020-11-02 00:00:00+00:00,2020-11-01 00:00:00+00:00,DISTRIBUTION,DISTRIBUTION,1,1,0.85,0.85,0.736578720951464,0.736578720951464,,2020-11-01 00:00:00+00:00,DISTRIBUTION,DISTRIBUTION,1,1,0.85,0.85,0.736578720951464,0.736578720951464,,,,,,False,SAME,
2020-11-03 00:00:00+00:00,2020-11-02 00:00:00+00:00,DISTRIBUTION,DISTRIBUTION,1,1,0.85,0.85,0.7319046067792008,0.7319046067792008,,2020-11-02 00:00:00+00:00,DISTRIBUTION,DISTRIBUTION,1,1,0.85,0.85,0.7319046067792008,0.7319046067792008,,,,,,False,SAME,
2020-11-04 00:00:00+00:00,2020-11-03 00:00:00+00:00,DISTRIBUTION,DISTRIBUTION,1,1,0.85,0.85,0.7367951203958866,0.7367951203958866,,2020-11-03 00:00:00+00:00,DISTRIBUTION,DISTRIBUTION,1,1,0.85,0.85,0.7367951203958866,0.7367951203958866,,,,,,False,SAME,
2020-11-05 00:00:00+00:00,2020-11-04 00:00:00+00:00,DISTRIBUTION,DISTRIBUTION,1,1,0.85,0.85,0.7409745023255748,0.7409745023255748,,2020-11-04 00:00:00+00:00,DISTRIBUTION,DISTRIBUTION,1,1,0.85,0.85,0.7409745023255748,0.7409745023255748,,,,,,False,SAME,
2020-11-06 00:00:00+00:00,2020-11-05 00:00:00+00:00,DISTRIBUTION,DISTRIBUTION,1,1,0.85,0.85,0.7541808086170947,0.7541808086170947,,2020-11-05 00:00:00+00:00,DISTRIBUTION,DISTRIBUTION,1,1,0.85,0.85,0.7541808086170947,0.7541808086170947,,,,,,False,SAME,
2020-11-07 00:00:00+00:00,2020-11-06 00:00:00+00:00,DISTRIBUTION,DISTRIBUTION,1,1,0.85,0.85,0.7615326781113598,0.7615326781113598,,2020-11-06 00:00:00+00:00,DISTRIBUTION,DISTRIBUTION,1,1,0.85,0.85,0.7615326781113598,0.7615326781113598,,,,,,False,SAME,
2020-11-08 00:00:00+00:00,2020-11-07 00:00:00+00:00,DISTRIBUTION,DISTRIBUTION,1,1,0.85,0.85,0.7526868028450754,0.7526868028450754,,2020-11-07 00:00:00+00:00,DISTRIBUTION,DISTRIBUTION,1,1,0.85,0.85,0.7526868028450754,0.7526868028450754,,,,,,False,SAME,
2020-11-09 00:00:00+00:00,2020-11-08 00:00:00+00:00,DISTRIBUTION,DISTRIBUTION,1,1,0.85,0.85,0.7606982902163868,0.7606982902163868,,2020-11-08 00:00:00+00:00,DISTRIBUTION,DISTRIBUTION,1,1,0.85,0.85,0.7606982902163868,0.7606982902163868,,,,,,False,SAME,
2020-11-10 00:00:00+00:00,2020-11-09 00:00:00+00:00,DISTRIBUTION,DISTRIBUTION,1,1,0.85,0.85,0.7579656333180259,0.7579656333180259,,2020-11-09 00:00:00+00:00,DISTRIBUTION,DISTRIBUTION,1,1,0.85,0.85,0.7579656333180259,0.7579656333180259,,,,,,False,SAME,
2020-11-11 00:00:00+00:00,2020-11-10 00:00:00+00:00,DISTRIBUTION,DISTRIBUTION,1,1,0.85,0.85,0.7589507327473645,0.7589507327473645,,2020-11-10 00:00:00+00:00,DISTRIBUTION,DISTRIBUTION,1,1,0.85,0.85,0.7589507327473645,0.7589507327473645,,,,,,False,SAME,
2020-11-12 00:00:00+00:00,2020-11-11 00:00:00+00:00,DISTRIBUTION,DISTRIBUTION,1,1,0.85,0.85,0.7637958274556003,0.7637958274556003,,2020-11-11 00:00:00+00:00,DISTRIBUTION,DISTRIBUTION,1,1,0.85,0.85,0.7637958274556003,0.7637958274556003,,,,,,False,SAME,
2020-11-13 00:00:00+00:00,2020-11-12 00:00:00+00:00,DISTRIBUTION,DISTRIBUTION,1,1,0.85,0.85,0.7674747750378339,0.7674747750378339,,2020-11-12 00:00:00+00:00,DISTRIBUTION,DISTRIBUTION,1,1,0.85,0.85,0.7674747750378339,0.7674747750378339,,,,,,False,SAME,
2020-11-14 00:00:00+00:00,2020-11-13 00:00:00+00:00,DISTRIBUTION,DISTRIBUTION,1,1,0.85,0.85,0.7700876047287798,0.7700876047287798,,2020-11-13 00:00:00+00:00,DISTRIBUTION,DISTRIBUTION,1,1,0.85,0.85,0.7700876047287798,0.7700876047287798,,,,,,False,SAME,
2020-11-15 00:00:00+00:00,2020-11-14 00:00:00+00:00,DISTRIBUTION,DISTRIBUTION,1,1,0.85,0.85,0.7659661746789221,0.7659661746789221,,2020-11-14 00:00:00+00:00,DISTRIBUTION,DISTRIBUTION,1,1,0.85,0.85,0.7659661746789221,0.7659661746789221,,,,,,False,SAME,
2020-11-16 00:00:00+00:00,2020-11-15 00:00:00+00:00,DISTRIBUTION,DISTRIBUTION,1,1,0.85,0.85,0.7630503529737639,0.7630503529737639,,2020-11-15 00:00:00+00:00,DISTRIBUTION,DISTRIBUTION,1,1,0.85,0.85,0.7630503529737639,0.7630503529737639,,,,,,False,SAME,
2020-11-17 00:00:00+00:00,2020-11-16 00:00:00+00:00,DISTRIBUTION,DISTRIBUTION,1,1,0.85,0.85,0.769895183523059,0.769895183523059,,2020-11-16 00:00:00+00:00,DISTRIBUTION,DISTRIBUTION,1,1,0.85,0.85,0.769895183523059,0.769895183523059,,,,,,False,SAME,
2020-11-18 00:00:00+00:00,2020-11-17 00:00:00+00:00,DISTRIBUTION,DISTRIBUTION,1,1,0.85,0.85,0.7788627283196153,0.7788627283196153,,2020-11-17 00:00:00+00:00,DISTRIBUTION,DISTRIBUTION,1,1,0.85,0.85,0.7788627283196153,0.7788627283196153,,,,,,False,SAME,
2020-11-19 00:00:00+00:00,2020-11-18 00:00:00+00:00,DISTRIBUTION,DISTRIBUTION,1,1,0.85,0.85,0.7789878495480421,0.7789878495480421,,2020-11-18 00:00:00+00:00,DISTRIBUTION,DISTRIBUTION,1,1,0.85,0.85,0.7789878495480421,0.7789878495480421,,,,,,False,SAME,
2020-11-20 00:00:00+00:00,2020-11-19 00:00:00+00:00,DISTRIBUTION,DISTRIBUTION,1,1,0.85,0.85,0.7780528167216748,0.7780528167216748,,2020-11-19 00:00:00+00:00,DISTRIBUTION,DISTRIBUTION,1,1,0.85,0.85,0.7780528167216748,0.7780528167216748,,,,,,False,SAME,
2020-11-21 00:00:00+00:00,2020-11-20 00:00:00+00:00,DISTRIBUTION,DISTRIBUTION,1,1,0.85,0.85,0.7884383208045124,0.7884383208045124,,2020-11-20 00:00:00+00:00,DISTRIBUTION,DISTRIBUTION,1,1,0.85,0.85,0.7884383208045124,0.7884383208045124,,,,,,False,SAME,
2020-11-22 00:00:00+00:00,2020-11-21 00:00:00+00:00,DISTRIBUTION,DISTRIBUTION,1,1,0.85,0.85,0.7946057633209865,0.7946057633209865,,2020-11-21 00:00:00+00:00,DISTRIBUTION,DISTRIBUTION,1,1,0.85,0.85,0.7946057633209865,0.7946057633209865,,,,,,False,SAME,
2020-11-23 00:00:00+00:00,2020-11-22 00:00:00+00:00,DISTRIBUTION,DISTRIBUTION,1,1,0.85,0.85,0.7943056761104252,0.7943056761104252,,2020-11-22 00:00:00+00:00,DISTRIBUTION,DISTRIBUTION,1,1,0.85,0.85,0.7943056761104252,0.7943056761104252,,,,,,False,SAME,
2020-11-24 00:00:00+00:00,2020-11-23 00:00:00+00:00,DISTRIBUTION,DISTRIBUTION,1,1,0.85,0.85,0.8005172874319894,0.8005172874319894,,2020-11-23 00:00:00+00:00,DISTRIBUTION,DISTRIBUTION,1,1,0.85,0.85,0.8005172874319894,0.8005172874319894,,,,,,False,SAME,
2020-11-25 00:00:00+00:00,2020-11-24 00:00:00+00:00,DISTRIBUTION,DISTRIBUTION,1,1,0.85,0.85,0.8035965100072182,0.8035965100072182,,2020-11-24 00:00:00+00:00,DISTRIBUTION,DISTRIBUTION,1,1,0.85,0.85,0.8035965100072182,0.8035965100072182,,,,,,False,SAME,
2020-11-26 00:00:00+00:00,2020-11-25 00:00:00+00:00,DISTRIBUTION,DISTRIBUTION,1,1,0.85,0.85,0.7971205426134951,0.7971205426134951,,2020-11-25 00:00:00+00:00,DISTRIBUTION,DISTRIBUTION,1,1,0.85,0.85,0.7971205426134951,0.7971205426134951,,,,,,False,SAME,
2020-11-27 00:00:00+00:00,2020-11-26 00:00:00+00:00,DISTRIBUTION,DISTRIBUTION,1,1,0.85,0.85,0.7823681589549067,0.7823681589549067,,2020-11-26 00:00:00+00:00,DISTRIBUTION,DISTRIBUTION,1,1,0.85,0.85,0.7823681589549067,0.7823681589549067,,,,,,False,SAME,
2020-11-28 00:00:00+00:00,2020-11-27 00:00:00+00:00,DISTRIBUTION,DISTRIBUTION,1,1,0.85,0.85,0.7821790132887814,0.7821790132887814,,2020-11-27 00:00:00+00:00,DISTRIBUTION,DISTRIBUTION,1,1,0.85,0.85,0.7821790132887814,0.7821790132887814,,,,,,False,SAME,
2020-11-29 00:00:00+00:00,2020-11-28 00:00:00+00:00,DISTRIBUTION,DISTRIBUTION,1,1,0.85,0.85,0.7880431626110805,0.7880431626110805,,2020-11-28 00:00:00+00:00,DISTRIBUTION,DISTRIBUTION,1,1,0.85,0.85,0.7880431626110805,0.7880431626110805,,,,,,False,SAME,
2020-11-30 00:00:00+00:00,2020-11-29 00:00:00+00:00,DISTRIBUTION,DISTRIBUTION,1,1,0.85,0.85,0.7957417565918959,0.7957417565918959,,2020-11-29 00:00:00+00:00,DISTRIBUTION,DISTRIBUTION,1,1,0.85,0.85,0.7957417565918959,0.7957417565918959,,,,,,False,SAME,
2020-12-01 00:00:00+00:00,2020-11-30 00:00:00+00:00,DISTRIBUTION,DISTRIBUTION,1,1,0.85,0.85,0.8075584873758718,0.8075584873758718,,2020-11-30 00:00:00+00:00,DISTRIBUTION,DISTRIBUTION,1,1,0.85,0.85,0.8075584873758718,0.8075584873758718,,,,,,False,SAME,
2020-12-02 00:00:00+00:00,2020-12-01 00:00:00+00:00,DISTRIBUTION,DISTRIBUTION,1,1,0.85,0.85,0.7996761093956918,0.7996761093956918,,2020-12-01 00:00:00+00:00,DISTRIBUTION,DISTRIBUTION,1,1,0.85,0.85,0.7996761093956918,0.7996761093956918,,,,,,False,SAME,
2020-12-03 00:00:00+00:00,2020-12-02 00:00:00+00:00,DISTRIBUTION,DISTRIBUTION,1,1,0.85,0.85,0.8031409586969419,0.8031409586969419,,2020-12-02 00:00:00+00:00,DISTRIBUTION,DISTRIBUTION,1,1,0.85,0.85,0.8031409586969419,0.8031409586969419,,,,,,False,SAME,
2020-12-04 00:00:00+00:00,2020-12-03 00:00:00+00:00,DISTRIBUTION,DISTRIBUTION,1,1,0.85,0.85,0.8064350849903317,0.8064350849903317,,2020-12-03 00:00:00+00:00,DISTRIBUTION,DISTRIBUTION,1,1,0.85,0.85,0.8064350849903317,0.8064350849903317,,,,,,False,SAME,
2020-12-05 00:00:00+00:00,2020-12-04 00:00:00+00:00,DISTRIBUTION,DISTRIBUTION,1,1,0.85,0.85,0.7969323837554909,0.7969323837554909,,2020-12-04 00:00:00+00:00,DISTRIBUTION,DISTRIBUTION,1,1,0.85,0.85,0.7969323837554909,0.7969323837554909,,,,,,False,SAME,
2020-12-06 00:00:00+00:00,2020-12-05 00:00:00+00:00,DISTRIBUTION,DISTRIBUTION,1,1,0.85,0.85,0.8030128098410637,0.8030128098410637,,2020-12-05 00:00:00+00:00,DISTRIBUTION,DISTRIBUTION,1,1,0.85,0.85,0.8030128098410637,0.8030128098410637,,,,,,False,SAME,
2020-12-07 00:00:00+00:00,2020-12-06 00:00:00+00:00,DISTRIBUTION,DISTRIBUTION,1,1,0.85,0.85,0.8045617846306049,0.8045617846306049,,2020-12-06 00:00:00+00:00,DISTRIBUTION,DISTRIBUTION,1,1,0.85,0.85,0.8045617846306049,0.8045617846306049,,,,,,False,SAME,
2020-12-08 00:00:00+00:00,2020-12-07 00:00:00+00:00,DISTRIBUTION,DISTRIBUTION,1,1,0.85,0.85,0.8024906197896561,0.8024906197896561,,2020-12-07 00:00:00+00:00,DISTRIBUTION,DISTRIBUTION,1,1,0.85,0.85,0.8024906197896561,0.8024906197896561,,,,,,False,SAME,
2020-12-09 00:00:00+00:00,2020-12-08 00:00:00+00:00,DISTRIBUTION,DISTRIBUTION,1,1,0.85,0.85,0.7939121732520824,0.7939121732520824,,2020-12-08 00:00:00+00:00,DISTRIBUTION,DISTRIBUTION,1,1,0.85,0.85,0.7939121732520824,0.7939121732520824,,,,,,False,SAME,
2020-12-10 00:00:00+00:00,2020-12-09 00:00:00+00:00,DISTRIBUTION,DISTRIBUTION,1,1,0.85,0.85,0.7974291493262593,0.7974291493262593,,2020-12-09 00:00:00+00:00,DISTRIBUTION,DISTRIBUTION,1,1,0.85,0.85,0.7974291493262593,0.7974291493262593,,,,,,False,SAME,
2020-12-11 00:00:00+00:00,2020-12-10 00:00:00+00:00,DISTRIBUTION,DISTRIBUTION,1,1,0.85,0.85,0.7942242788921973,0.7942242788921973,,2020-12-10 00:00:00+00:00,DISTRIBUTION,DISTRIBUTION,1,1,0.85,0.85,0.7942242788921973,0.7942242788921973,,,,,,False,SAME,
2020-12-12 00:00:00+00:00,2020-12-11 00:00:00+00:00,DISTRIBUTION,DISTRIBUTION,1,1,0.85,0.85,0.791209152196211,0.791209152196211,,2020-12-11 00:00:00+00:00,DISTRIBUTION,DISTRIBUTION,1,1,0.85,0.85,0.791209152196211,0.791209152196211,,,,,,False,SAME,
2020-12-13 00:00:00+00:00,2020-12-12 00:00:00+00:00,DISTRIBUTION,DISTRIBUTION,1,1,0.85,0.85,0.798136445150654,0.798136445150654,,2020-12-12 00:00:00+00:00,DISTRIBUTION,DISTRIBUTION,1,1,0.85,0.85,0.798136445150654,0.798136445150654,,,,,,False,SAME,
2020-12-14 00:00:00+00:00,2020-12-13 00:00:00+00:00,DISTRIBUTION,DISTRIBUTION,1,1,0.85,0.85,0.8027321513511375,0.8027321513511375,,2020-12-13 00:00:00+00:00,DISTRIBUTION,DISTRIBUTION,1,1,0.85,0.85,0.8027321513511375,0.8027321513511375,,,,,,False,SAME,
2020-12-15 00:00:00+00:00,2020-12-14 00:00:00+00:00,DISTRIBUTION,DISTRIBUTION,1,1,0.85,0.85,0.8026476261771147,0.8026476261771147,,2020-12-14 00:00:00+00:00,DISTRIBUTION,DISTRIBUTION,1,1,0.85,0.85,0.8026476261771147,0.8026476261771147,,,,,,False,SAME,
2020-12-16 00:00:00+00:00,2020-12-15 00:00:00+00:00,DISTRIBUTION,DISTRIBUTION,1,1,0.85,0.85,0.8036711888037122,0.8036711888037122,,2020-12-15 00:00:00+00:00,DISTRIBUTION,DISTRIBUTION,1,1,0.85,0.85,0.8036711888037122,0.8036711888037122,,,,,,False,SAME,
2020-12-17 00:00:00+00:00,2020-12-16 00:00:00+00:00,DISTRIBUTION,DISTRIBUTION,1,1,0.85,0.85,0.8170722075403548,0.8170722075403548,,2020-12-16 00:00:00+00:00,DISTRIBUTION,DISTRIBUTION,1,1,0.85,0.85,0.8170722075403548,0.8170722075403548,,,,,,False,SAME,
2020-12-18 00:00:00+00:00,2020-12-17 00:00:00+00:00,DISTRIBUTION,DISTRIBUTION,1,1,0.85,0.85,0.8230609755414072,0.8230609755414072,,2020-12-17 00:00:00+00:00,DISTRIBUTION,DISTRIBUTION,1,1,0.85,0.85,0.8230609755414072,0.8230609755414072,,,,,,False,SAME,
2020-12-19 00:00:00+00:00,2020-12-18 00:00:00+00:00,DISTRIBUTION,DISTRIBUTION,1,1,0.85,0.85,0.8252798981108955,0.8252798981108955,,2020-12-18 00:00:00+00:00,DISTRIBUTION,DISTRIBUTION,1,1,0.85,0.85,0.8252798981108955,0.8252798981108955,,,,,,False,SAME,
2020-12-20 00:00:00+00:00,2020-12-19 00:00:00+00:00,DISTRIBUTION,DISTRIBUTION,1,1,0.85,0.85,0.8281663035633874,0.8281663035633874,,2020-12-19 00:00:00+00:00,DISTRIBUTION,DISTRIBUTION,1,1,0.85,0.85,0.8281663035633874,0.8281663035633874,,,,,,False,SAME,
2020-12-21 00:00:00+00:00,2020-12-20 00:00:00+00:00,DISTRIBUTION,DISTRIBUTION,1,1,0.85,0.85,0.8250246633215336,0.8250246633215336,,2020-12-20 00:00:00+00:00,DISTRIBUTION,DISTRIBUTION,1,1,0.85,0.85,0.8250246633215336,0.8250246633215336,,,,,,False,SAME,
2020-12-22 00:00:00+00:00,2020-12-21 00:00:00+00:00,DISTRIBUTION,DISTRIBUTION,1,1,0.85,0.85,0.8193296305774203,0.8193296305774203,,2020-12-21 00:00:00+00:00,DISTRIBUTION,DISTRIBUTION,1,1,0.85,0.85,0.8193296305774203,0.8193296305774203,,,,,,False,SAME,
2020-12-23 00:00:00+00:00,2020-12-22 00:00:00+00:00,DISTRIBUTION,DISTRIBUTION,1,1,0.85,0.85,0.8261588912641019,0.8261588912641019,,2020-12-22 00:00:00+00:00,DISTRIBUTION,DISTRIBUTION,1,1,0.85,0.85,0.8261588912641019,0.8261588912641019,,,,,,False,SAME,
2020-12-24 00:00:00+00:00,2020-12-23 00:00:00+00:00,DISTRIBUTION,DISTRIBUTION,1,1,0.85,0.85,0.8189860046853275,0.8189860046853275,,2020-12-23 00:00:00+00:00,DISTRIBUTION,DISTRIBUTION,1,1,0.85,0.85,0.8189860046853275,0.8189860046853275,,,,,,False,SAME,
2020-12-25 00:00:00+00:00,2020-12-24 00:00:00+00:00,DISTRIBUTION,DISTRIBUTION,1,1,0.85,0.85,0.8234613762755142,0.8235573828788282,,2020-12-24 00:00:00+00:00,DISTRIBUTION,DISTRIBUTION,1,1,0.85,0.85,0.8234613762755142,0.8235573828788282,,,,,,False,SAME,
2020-12-26 00:00:00+00:00,2020-12-25 00:00:00+00:00,DISTRIBUTION,DISTRIBUTION,1,1,0.85,0.85,0.8282971760145065,0.8283905534520561,,2020-12-25 00:00:00+00:00,DISTRIBUTION,DISTRIBUTION,1,1,0.85,0.85,0.8282971760145065,0.8283905534520561,,,,,,False,SAME,
2020-12-27 00:00:00+00:00,2020-12-26 00:00:00+00:00,DISTRIBUTION,DISTRIBUTION,1,1,0.85,0.85,0.8351232960468475,0.8351232960468475,,2020-12-26 00:00:00+00:00,DISTRIBUTION,DISTRIBUTION,1,1,0.85,0.85,0.8351232960468475,0.8351232960468475,,,,,,False,SAME,
2020-12-28 00:00:00+00:00,2020-12-27 00:00:00+00:00,DISTRIBUTION,DISTRIBUTION,1,1,0.85,0.85,0.838621703075724,0.838621703075724,,2020-12-27 00:00:00+00:00,DISTRIBUTION,DISTRIBUTION,1,1,0.85,0.85,0.838621703075724,0.838621703075724,,,,,,False,SAME,
2020-12-29 00:00:00+00:00,2020-12-28 00:00:00+00:00,DISTRIBUTION,DISTRIBUTION,1,1,0.85,0.85,0.8445750284083957,0.8445750284083957,,2020-12-28 00:00:00+00:00,DISTRIBUTION,DISTRIBUTION,1,1,0.85,0.85,0.8445750284083957,0.8445750284083957,,,,,,False,SAME,
2020-12-30 00:00:00+00:00,2020-12-29 00:00:00+00:00,DISTRIBUTION,DISTRIBUTION,1,1,0.85,0.85,0.8455628885232666,0.8455628885232666,,2020-12-29 00:00:00+00:00,DISTRIBUTION,DISTRIBUTION,1,1,0.85,0.85,0.8455628885232666,0.8455628885232666,,,,,,False,SAME,
2020-12-31 00:00:00+00:00,2020-12-30 00:00:00+00:00,DISTRIBUTION,DISTRIBUTION,1,1,0.85,0.85,0.8509954955964231,0.8509954955964231,,2020-12-30 00:00:00+00:00,DISTRIBUTION,DISTRIBUTION,1,1,0.85,0.85,0.8509954955964231,0.8509954955964231,,,,,,False,SAME,
2021-01-01 00:00:00+00:00,2020-12-31 00:00:00+00:00,DISTRIBUTION,DISTRIBUTION,1,1,0.85,0.85,0.8500148335129221,0.8500148335129221,,2020-12-31 00:00:00+00:00,DISTRIBUTION,DISTRIBUTION,1,1,0.85,0.85,0.8500148335129221,0.8500148335129221,,,,,,False,SAME,
2021-01-02 00:00:00+00:00,2021-01-01 00:00:00+00:00,DISTRIBUTION,DISTRIBUTION,1,1,0.85,0.85,0.8504647631683891,0.8505325491153836,,2021-01-01 00:00:00+00:00,DISTRIBUTION,DISTRIBUTION,1,1,0.85,0.85,0.8504647631683891,0.8505325491153836,,,,,,False,SAME,
2021-01-03 00:00:00+00:00,2021-01-02 00:00:00+00:00,DISTRIBUTION,DISTRIBUTION,1,1,0.85,0.85,0.8603679725542923,0.8603679725542923,,2021-01-02 00:00:00+00:00,DISTRIBUTION,DISTRIBUTION,1,1,0.85,0.85,0.8603679725542923,0.8603679725542923,,,,,,False,SAME,
2021-01-04 00:00:00+00:00,2021-01-03 00:00:00+00:00,DISTRIBUTION,DISTRIBUTION,1,1,0.85,0.85,0.8735603570545067,0.8735603570545067,,2021-01-03 00:00:00+00:00,DISTRIBUTION,DISTRIBUTION,1,1,0.85,0.85,0.8735603570545067,0.8735603570545067,,,,,,False,SAME,
2021-01-05 00:00:00+00:00,2021-01-04 00:00:00+00:00,DISTRIBUTION,DISTRIBUTION,1,1,0.85,0.85,0.874947065457312,0.874947065457312,,2021-01-04 00:00:00+00:00,DISTRIBUTION,DISTRIBUTION,1,1,0.85,0.85,0.874947065457312,0.874947065457312,,,,,,False,SAME,
2021-01-06 00:00:00+00:00,2021-01-05 00:00:00+00:00,DISTRIBUTION,DISTRIBUTION,1,1,0.85,0.85,0.8810950730193612,0.8810950730193612,,2021-01-05 00:00:00+00:00,DISTRIBUTION,DISTRIBUTION,1,1,0.85,0.85,0.8810950730193612,0.8810950730193612,,,,,,False,SAME,
2021-01-07 00:00:00+00:00,2021-01-06 00:00:00+00:00,DISTRIBUTION,DISTRIBUTION,1,1,0.85,0.85,0.8898901450072999,0.8898901450072999,,2021-01-06 00:00:00+00:00,DISTRIBUTION,DISTRIBUTION,1,1,0.85,0.85,0.8898901450072999,0.8898901450072999,,,,,,False,SAME,
2021-01-08 00:00:00+00:00,2021-01-07 00:00:00+00:00,DISTRIBUTION,DISTRIBUTION,1,1,0.85,0.85,0.894062079230694,0.894062079230694,,2021-01-07 00:00:00+00:00,DISTRIBUTION,DISTRIBUTION,1,1,0.85,0.85,0.894062079230694,0.894062079230694,,,,,,False,SAME,
2021-01-09 00:00:00+00:00,2021-01-08 00:00:00+00:00,DISTRIBUTION,DISTRIBUTION,1,1,0.85,0.85,0.895252269800337,0.895252269800337,,2021-01-08 00:00:00+00:00,DISTRIBUTION,DISTRIBUTION,1,1,0.85,0.85,0.895252269800337,0.895252269800337,,,,,,False,SAME,
2021-01-10 00:00:00+00:00,2021-01-09 00:00:00+00:00,DISTRIBUTION,DISTRIBUTION,1,1,0.85,0.85,0.8967004634929477,0.8967004634929477,,2021-01-09 00:00:00+00:00,DISTRIBUTION,DISTRIBUTION,1,1,0.85,0.85,0.8967004634929477,0.8967004634929477,,,,,,False,SAME,
2021-01-11 00:00:00+00:00,2021-01-10 00:00:00+00:00,DISTRIBUTION,DISTRIBUTION,1,1,0.85,0.85,0.8935021910945689,0.8935021910945689,,2021-01-10 00:00:00+00:00,DISTRIBUTION,DISTRIBUTION,1,1,0.85,0.85,0.8935021910945689,0.8935021910945689,,,,,,False,SAME,
2021-01-12 00:00:00+00:00,2021-01-11 00:00:00+00:00,DISTRIBUTION,DISTRIBUTION,1,1,0.85,0.85,0.8829222470471861,0.8829222470471861,,2021-01-11 00:00:00+00:00,DISTRIBUTION,DISTRIBUTION,1,1,0.85,0.85,0.8829222470471861,0.8829222470471861,,,,,,False,SAME,
2021-01-13 00:00:00+00:00,2021-01-12 00:00:00+00:00,DISTRIBUTION,DISTRIBUTION,1,1,0.85,0.85,0.8790657780577369,0.8790657780577369,,2021-01-12 00:00:00+00:00,DISTRIBUTION,DISTRIBUTION,1,1,0.85,0.85,0.8790657780577369,0.8790657780577369,,,,,,False,SAME,
2021-01-14 00:00:00+00:00,2021-01-13 00:00:00+00:00,DISTRIBUTION,DISTRIBUTION,1,1,0.85,0.85,0.887709783312751,0.887709783312751,,2021-01-13 00:00:00+00:00,DISTRIBUTION,DISTRIBUTION,1,1,0.85,0.85,0.887709783312751,0.887709783312751,,,,,,False,SAME,
2021-01-15 00:00:00+00:00,2021-01-14 00:00:00+00:00,DISTRIBUTION,DISTRIBUTION,1,1,0.85,0.85,0.8940351705148493,0.8940351705148493,,2021-01-14 00:00:00+00:00,DISTRIBUTION,DISTRIBUTION,1,1,0.85,0.85,0.8940351705148493,0.8940351705148493,,,,,,False,SAME,
2021-01-16 00:00:00+00:00,2021-01-15 00:00:00+00:00,DISTRIBUTION,DISTRIBUTION,1,1,0.85,0.85,0.8883781730594749,0.8883781730594749,,2021-01-15 00:00:00+00:00,DISTRIBUTION,DISTRIBUTION,1,1,0.85,0.85,0.8883781730594749,0.8883781730594749,,,,,,False,SAME,
2021-01-17 00:00:00+00:00,2021-01-16 00:00:00+00:00,DISTRIBUTION,DISTRIBUTION,1,1,0.85,0.85,0.889683189357182,0.889683189357182,,2021-01-16 00:00:00+00:00,DISTRIBUTION,DISTRIBUTION,1,1,0.85,0.85,0.889683189357182,0.889683189357182,,,,,,False,SAME,
2021-01-18 00:00:00+00:00,2021-01-17 00:00:00+00:00,DISTRIBUTION,DISTRIBUTION,1,1,0.85,0.85,0.8896412160732193,0.8896412160732193,,2021-01-17 00:00:00+00:00,DISTRIBUTION,DISTRIBUTION,1,1,0.85,0.85,0.8896412160732193,0.8896412160732193,,,,,,False,SAME,
2021-01-19 00:00:00+00:00,2021-01-18 00:00:00+00:00,DISTRIBUTION,DISTRIBUTION,1,1,0.85,0.85,0.8917440908629122,0.8917440908629122,,2021-01-18 00:00:00+00:00,DISTRIBUTION,DISTRIBUTION,1,1,0.85,0.85,0.8917440908629122,0.8917440908629122,,,,,,False,SAME,
2021-01-20 00:00:00+00:00,2021-01-19 00:00:00+00:00,DISTRIBUTION,DISTRIBUTION,1,1,0.85,0.85,0.8947137103314124,0.8947137103314124,,2021-01-19 00:00:00+00:00,DISTRIBUTION,DISTRIBUTION,1,1,0.85,0.85,0.8947137103314124,0.8947137103314124,,,,,,False,SAME,
2021-01-21 00:00:00+00:00,2021-01-20 00:00:00+00:00,DISTRIBUTION,DISTRIBUTION,1,1,0.85,0.85,0.8945766520009366,0.8945766520009366,,2021-01-20 00:00:00+00:00,DISTRIBUTION,DISTRIBUTION,1,1,0.85,0.85,0.8945766520009366,0.8945766520009366,,,,,,False,SAME,
2021-01-22 00:00:00+00:00,2021-01-21 00:00:00+00:00,DISTRIBUTION,DISTRIBUTION,1,1,0.85,0.85,0.8766665013683274,0.8766665013683274,,2021-01-21 00:00:00+00:00,DISTRIBUTION,DISTRIBUTION,1,1,0.85,0.85,0.8766665013683274,0.8766665013683274,,,,,,False,SAME,
2021-01-23 00:00:00+00:00,2021-01-22 00:00:00+00:00,DISTRIBUTION,DISTRIBUTION,1,1,0.85,0.85,0.8855411370702798,0.8855411370702798,,2021-01-22 00:00:00+00:00,DISTRIBUTION,DISTRIBUTION,1,1,0.85,0.85,0.8855411370702798,0.8855411370702798,,,,,,False,SAME,
2021-01-24 00:00:00+00:00,2021-01-23 00:00:00+00:00,DISTRIBUTION,DISTRIBUTION,1,1,0.85,0.85,0.8842632124538407,0.8842632124538407,,2021-01-23 00:00:00+00:00,DISTRIBUTION,DISTRIBUTION,1,1,0.85,0.85,0.8842632124538407,0.8842632124538407,,,,,,False,SAME,
2021-01-25 00:00:00+00:00,2021-01-24 00:00:00+00:00,DISTRIBUTION,DISTRIBUTION,1,1,0.85,0.85,0.8909571044696777,0.8909571044696777,,2021-01-24 00:00:00+00:00,DISTRIBUTION,DISTRIBUTION,1,1,0.85,0.85,0.8909571044696777,0.8909571044696777,,,,,,False,SAME,
2021-01-26 00:00:00+00:00,2021-01-25 00:00:00+00:00,DISTRIBUTION,DISTRIBUTION,1,1,0.85,0.85,0.8880457573156798,0.8880457573156798,,2021-01-25 00:00:00+00:00,DISTRIBUTION,DISTRIBUTION,1,1,0.85,0.85,0.8880457573156798,0.8880457573156798,,,,,,False,SAME,
2021-01-27 00:00:00+00:00,2021-01-26 00:00:00+00:00,DISTRIBUTION,DISTRIBUTION,1,1,0.85,0.85,0.8902815321345146,0.8902815321345146,,2021-01-26 00:00:00+00:00,DISTRIBUTION,DISTRIBUTION,1,1,0.85,0.85,0.8902815321345146,0.8902815321345146,,,,,,False,SAME,
2021-01-28 00:00:00+00:00,2021-01-27 00:00:00+00:00,DISTRIBUTION,DISTRIBUTION,1,1,0.85,0.85,0.8818608030939616,0.8818608030939616,,2021-01-27 00:00:00+00:00,DISTRIBUTION,DISTRIBUTION,1,1,0.85,0.85,0.8818608030939616,0.8818608030939616,,,,,,False,SAME,
2021-01-29 00:00:00+00:00,2021-01-28 00:00:00+00:00,DISTRIBUTION,DISTRIBUTION,1,1,0.85,0.85,0.8901313244814442,0.8901313244814442,,2021-01-28 00:00:00+00:00,DISTRIBUTION,DISTRIBUTION,1,1,0.85,0.85,0.8901313244814442,0.8901313244814442,,,,,,False,SAME,
2021-01-30 00:00:00+00:00,2021-01-29 00:00:00+00:00,DISTRIBUTION,DISTRIBUTION,1,1,0.85,0.85,0.8932146144495624,0.8932146144495624,,2021-01-29 00:00:00+00:00,DISTRIBUTION,DISTRIBUTION,1,1,0.85,0.85,0.8932146144495624,0.8932146144495624,,,,,,False,SAME,
2021-01-31 00:00:00+00:00,2021-01-30 00:00:00+00:00,DISTRIBUTION,DISTRIBUTION,1,1,0.85,0.85,0.8931933384680038,0.8931933384680038,,2021-01-30 00:00:00+00:00,DISTRIBUTION,DISTRIBUTION,1,1,0.85,0.85,0.8931933384680038,0.8931933384680038,,,,,,False,SAME,
2021-02-01 00:00:00+00:00,2021-01-31 00:00:00+00:00,DISTRIBUTION,DISTRIBUTION,1,1,0.85,0.85,0.8891213811285718,0.8891213811285718,,2021-01-31 00:00:00+00:00,DISTRIBUTION,DISTRIBUTION,1,1,0.85,0.85,0.8891213811285718,0.8891213811285718,,,,,,False,SAME,
2021-02-02 00:00:00+00:00,2021-02-01 00:00:00+00:00,DISTRIBUTION,DISTRIBUTION,1,1,0.85,0.85,0.8920818839542745,0.8920818839542745,,2021-02-01 00:00:00+00:00,DISTRIBUTION,DISTRIBUTION,1,1,0.85,0.85,0.8920818839542745,0.8920818839542745,,,,,,False,SAME,
2021-02-03 00:00:00+00:00,2021-02-02 00:00:00+00:00,DISTRIBUTION,DISTRIBUTION,1,1,0.85,0.85,0.8993398275597501,0.8993398275597501,,2021-02-02 00:00:00+00:00,DISTRIBUTION,DISTRIBUTION,1,1,0.85,0.85,0.8993398275597501,0.8993398275597501,,,,,,False,SAME,
2021-02-04 00:00:00+00:00,2021-02-03 00:00:00+00:00,DISTRIBUTION,DISTRIBUTION,1,1,0.85,0.85,0.9063011436726,0.9063011436726,,2021-02-03 00:00:00+00:00,DISTRIBUTION,DISTRIBUTION,1,1,0.85,0.85,0.9063011436726,0.9063011436726,,,,,,False,SAME,
2021-02-05 00:00:00+00:00,2021-02-04 00:00:00+00:00,DISTRIBUTION,DISTRIBUTION,1,1,0.85,0.85,0.9035978982421782,0.9035978982421782,,2021-02-04 00:00:00+00:00,DISTRIBUTION,DISTRIBUTION,1,1,0.85,0.85,0.9035978982421782,0.9035978982421782,,,,,,False,SAME,
2021-02-06 00:00:00+00:00,2021-02-05 00:00:00+00:00,DISTRIBUTION,DISTRIBUTION,1,1,0.85,0.85,0.9084731718041559,0.9084731718041559,,2021-02-05 00:00:00+00:00,DISTRIBUTION,DISTRIBUTION,1,1,0.85,0.85,0.9084731718041559,0.9084731718041559,,,,,,False,SAME,
2021-02-07 00:00:00+00:00,2021-02-06 00:00:00+00:00,DISTRIBUTION,DISTRIBUTION,1,1,0.85,0.85,0.9082004290482857,0.9082004290482857,,2021-02-06 00:00:00+00:00,DISTRIBUTION,DISTRIBUTION,1,1,0.85,0.85,0.9082004290482857,0.9082004290482857,,,,,,False,SAME,
2021-02-08 00:00:00+00:00,2021-02-07 00:00:00+00:00,DISTRIBUTION,DISTRIBUTION,1,1,0.85,0.85,0.9060331279325405,0.9060331279325405,,2021-02-07 00:00:00+00:00,DISTRIBUTION,DISTRIBUTION,1,1,0.85,0.85,0.9060331279325405,0.9060331279325405,,,,,,False,SAME,
2021-02-09 00:00:00+00:00,2021-02-08 00:00:00+00:00,DISTRIBUTION,DISTRIBUTION,1,1,0.85,0.85,0.9163969162429348,0.9163969162429348,,2021-02-08 00:00:00+00:00,DISTRIBUTION,DISTRIBUTION,1,1,0.85,0.85,0.9163969162429348,0.9163969162429348,,,,,,False,SAME,
2021-02-10 00:00:00+00:00,2021-02-09 00:00:00+00:00,DISTRIBUTION,DISTRIBUTION,1,1,0.85,0.85,0.9168741015075558,0.9168741015075558,,2021-02-09 00:00:00+00:00,DISTRIBUTION,DISTRIBUTION,1,1,0.85,0.85,0.9168741015075558,0.9168741015075558,,,,,,False,SAME,
2021-02-11 00:00:00+00:00,2021-02-10 00:00:00+00:00,DISTRIBUTION,DISTRIBUTION,1,1,0.85,0.85,0.9149208844645007,0.9149208844645007,,2021-02-10 00:00:00+00:00,DISTRIBUTION,DISTRIBUTION,1,1,0.85,0.85,0.9149208844645007,0.9149208844645007,,,,,,False,SAME,
2021-02-12 00:00:00+00:00,2021-02-11 00:00:00+00:00,DISTRIBUTION,DISTRIBUTION,1,1,0.85,0.85,0.9184641426156773,0.9184641426156773,,2021-02-11 00:00:00+00:00,DISTRIBUTION,DISTRIBUTION,1,1,0.85,0.85,0.9184641426156773,0.9184641426156773,,,,,,False,SAME,
2021-02-13 00:00:00+00:00,2021-02-12 00:00:00+00:00,DISTRIBUTION,DISTRIBUTION,1,1,0.85,0.85,0.9191096834146628,0.9191096834146628,,2021-02-12 00:00:00+00:00,DISTRIBUTION,DISTRIBUTION,1,1,0.85,0.85,0.9191096834146628,0.9191096834146628,,,,,,False,SAME,
2021-02-14 00:00:00+00:00,2021-02-13 00:00:00+00:00,DISTRIBUTION,DISTRIBUTION,1,1,0.85,0.85,0.9184812753955357,0.9184812753955357,,2021-02-13 00:00:00+00:00,DISTRIBUTION,DISTRIBUTION,1,1,0.85,0.85,0.9184812753955357,0.9184812753955357,,,,,,False,SAME,
2021-02-15 00:00:00+00:00,2021-02-14 00:00:00+00:00,DISTRIBUTION,DISTRIBUTION,1,1,0.85,0.85,0.9192510721208682,0.9192510721208682,,2021-02-14 00:00:00+00:00,DISTRIBUTION,DISTRIBUTION,1,1,0.85,0.85,0.9192510721208682,0.9192510721208682,,,,,,False,SAME,
2021-02-16 00:00:00+00:00,2021-02-15 00:00:00+00:00,DISTRIBUTION,DISTRIBUTION,1,1,0.85,0.85,0.918310223580593,0.918310223580593,,2021-02-15 00:00:00+00:00,DISTRIBUTION,DISTRIBUTION,1,1,0.85,0.85,0.918310223580593,0.918310223580593,,,,,,False,SAME,
2021-02-17 00:00:00+00:00,2021-02-16 00:00:00+00:00,DISTRIBUTION,DISTRIBUTION,1,1,0.85,0.85,0.9193056191959297,0.9193056191959297,,2021-02-16 00:00:00+00:00,DISTRIBUTION,DISTRIBUTION,1,1,0.85,0.85,0.9193056191959297,0.9193056191959297,,,,,,False,SAME,
2021-02-18 00:00:00+00:00,2021-02-17 00:00:00+00:00,DISTRIBUTION,DISTRIBUTION,1,1,0.85,0.85,0.922813739601071,0.922813739601071,,2021-02-17 00:00:00+00:00,DISTRIBUTION,DISTRIBUTION,1,1,0.85,0.85,0.922813739601071,0.922813739601071,,,,,,False,SAME,
2021-02-19 00:00:00+00:00,2021-02-18 00:00:00+00:00,DISTRIBUTION,DISTRIBUTION,1,1,0.85,0.85,0.9241109275239671,0.9241109275239671,,2021-02-18 00:00:00+00:00,DISTRIBUTION,DISTRIBUTION,1,1,0.85,0.85,0.9241109275239671,0.9241109275239671,,,,,,False,SAME,
2021-02-20 00:00:00+00:00,2021-02-19 00:00:00+00:00,DISTRIBUTION,DISTRIBUTION,1,1,0.85,0.85,0.9271939183418723,0.9271939183418723,,2021-02-19 00:00:00+00:00,DISTRIBUTION,DISTRIBUTION,1,1,0.85,0.85,0.9271939183418723,0.9271939183418723,,,,,,False,SAME,
2021-02-21 00:00:00+00:00,2021-02-20 00:00:00+00:00,DISTRIBUTION,DISTRIBUTION,1,1,0.85,0.85,0.9264293015721415,0.9264293015721415,,2021-02-20 00:00:00+00:00,DISTRIBUTION,DISTRIBUTION,1,1,0.85,0.85,0.9264293015721415,0.9264293015721415,,,,,,False,SAME,
2021-02-22 00:00:00+00:00,2021-02-21 00:00:00+00:00,DISTRIBUTION,DISTRIBUTION,1,1,0.85,0.85,0.9277533632128453,0.9277533632128453,,2021-02-21 00:00:00+00:00,DISTRIBUTION,DISTRIBUTION,1,1,0.85,0.85,0.9277533632128453,0.9277533632128453,,,,,,False,SAME,
2021-02-23 00:00:00+00:00,2021-02-22 00:00:00+00:00,DISTRIBUTION,DISTRIBUTION,1,1,0.85,0.85,0.92282452874983,0.92282452874983,,2021-02-22 00:00:00+00:00,DISTRIBUTION,DISTRIBUTION,1,1,0.85,0.85,0.92282452874983,0.92282452874983,,,,,,False,SAME,
2021-02-24 00:00:00+00:00,2021-02-23 00:00:00+00:00,DISTRIBUTION,DISTRIBUTION,1,1,0.85,0.85,0.9146561562278771,0.9146561562278771,,2021-02-23 00:00:00+00:00,DISTRIBUTION,DISTRIBUTION,1,1,0.85,0.85,0.9146561562278771,0.9146561562278771,,,,,,False,SAME,
2021-02-25 00:00:00+00:00,2021-02-24 00:00:00+00:00,DISTRIBUTION,DISTRIBUTION,1,1,0.85,0.85,0.916350763431512,0.916350763431512,,2021-02-24 00:00:00+00:00,DISTRIBUTION,DISTRIBUTION,1,1,0.85,0.85,0.916350763431512,0.916350763431512,,,,,,False,SAME,
2021-02-26 00:00:00+00:00,2021-02-25 00:00:00+00:00,DISTRIBUTION,DISTRIBUTION,1,1,0.85,0.85,0.9107324674708782,0.9107324674708782,,2021-02-25 00:00:00+00:00,DISTRIBUTION,DISTRIBUTION,1,1,0.85,0.85,0.9107324674708782,0.9107324674708782,,,,,,False,SAME,
2021-02-27 00:00:00+00:00,2021-02-26 00:00:00+00:00,DISTRIBUTION,DISTRIBUTION,1,1,0.85,0.85,0.9090152495556498,0.9090152495556498,,2021-02-26 00:00:00+00:00,DISTRIBUTION,DISTRIBUTION,1,1,0.85,0.85,0.9090152495556498,0.9090152495556498,,,,,,False,SAME,
2021-02-28 00:00:00+00:00,2021-02-27 00:00:00+00:00,DISTRIBUTION,DISTRIBUTION,1,1,0.85,0.85,0.9092209123003204,0.9092209123003204,,2021-02-27 00:00:00+00:00,DISTRIBUTION,DISTRIBUTION,1,1,0.85,0.85,0.9092209123003204,0.9092209123003204,,,,,,False,SAME,
2021-03-01 00:00:00+00:00,2021-02-28 00:00:00+00:00,DISTRIBUTION,DISTRIBUTION,1,1,0.85,0.85,0.9072150795041616,0.9072150795041616,,2021-02-28 00:00:00+00:00,DISTRIBUTION,DISTRIBUTION,1,1,0.85,0.85,0.9072150795041616,0.9072150795041616,,,,,,False,SAME,
2021-03-02 00:00:00+00:00,2021-03-01 00:00:00+00:00,DISTRIBUTION,DISTRIBUTION,1,1,0.85,0.85,0.9151163044628395,0.9151163044628395,,2021-03-01 00:00:00+00:00,DISTRIBUTION,DISTRIBUTION,1,1,0.85,0.85,0.9151163044628395,0.9151163044628395,,,,,,False,SAME,
2021-03-03 00:00:00+00:00,2021-03-02 00:00:00+00:00,DISTRIBUTION,DISTRIBUTION,1,1,0.85,0.85,0.9121339112227261,0.9121339112227261,,2021-03-02 00:00:00+00:00,DISTRIBUTION,DISTRIBUTION,1,1,0.85,0.85,0.9121339112227261,0.9121339112227261,,,,,,False,SAME,
2021-03-04 00:00:00+00:00,2021-03-03 00:00:00+00:00,DISTRIBUTION,DISTRIBUTION,1,1,0.85,0.85,0.9157044535030385,0.9157044535030385,,2021-03-03 00:00:00+00:00,DISTRIBUTION,DISTRIBUTION,1,1,0.85,0.85,0.9157044535030385,0.9157044535030385,,,,,,False,SAME,
2021-03-05 00:00:00+00:00,2021-03-04 00:00:00+00:00,DISTRIBUTION,DISTRIBUTION,1,1,0.85,0.85,0.9133731767720131,0.9133731767720131,,2021-03-04 00:00:00+00:00,DISTRIBUTION,DISTRIBUTION,1,1,0.85,0.85,0.9133731767720131,0.9133731767720131,,,,,,False,SAME,
2021-03-06 00:00:00+00:00,2021-03-05 00:00:00+00:00,DISTRIBUTION,DISTRIBUTION,1,1,0.85,0.85,0.9134381379924139,0.9134381379924139,,2021-03-05 00:00:00+00:00,DISTRIBUTION,DISTRIBUTION,1,1,0.85,0.85,0.9134381379924139,0.9134381379924139,,,,,,False,SAME,
2021-03-07 00:00:00+00:00,2021-03-06 00:00:00+00:00,DISTRIBUTION,DISTRIBUTION,1,1,0.85,0.85,0.9164016044213895,0.9164016044213895,,2021-03-06 00:00:00+00:00,DISTRIBUTION,DISTRIBUTION,1,1,0.85,0.85,0.9164016044213895,0.9164016044213895,,,,,,False,SAME,
2021-03-08 00:00:00+00:00,2021-03-07 00:00:00+00:00,DISTRIBUTION,DISTRIBUTION,1,1,0.85,0.85,0.9196586568907782,0.9196586568907782,,2021-03-07 00:00:00+00:00,DISTRIBUTION,DISTRIBUTION,1,1,0.85,0.85,0.9196586568907782,0.9196586568907782,,,,,,False,SAME,
2021-03-09 00:00:00+00:00,2021-03-08 00:00:00+00:00,DISTRIBUTION,DISTRIBUTION,1,1,0.85,0.85,0.9228061961410048,0.9228061961410048,,2021-03-08 00:00:00+00:00,DISTRIBUTION,DISTRIBUTION,1,1,0.85,0.85,0.9228061961410048,0.9228061961410048,,,,,,False,SAME,
2021-03-10 00:00:00+00:00,2021-03-09 00:00:00+00:00,DISTRIBUTION,DISTRIBUTION,1,1,0.85,0.85,0.9251787766905479,0.9251787766905479,,2021-03-09 00:00:00+00:00,DISTRIBUTION,DISTRIBUTION,1,1,0.85,0.85,0.9251787766905479,0.9251787766905479,,,,,,False,SAME,
2021-03-11 00:00:00+00:00,2021-03-10 00:00:00+00:00,DISTRIBUTION,DISTRIBUTION,1,1,0.85,0.85,0.9244645046424512,0.9244645046424512,,2021-03-10 00:00:00+00:00,DISTRIBUTION,DISTRIBUTION,1,1,0.85,0.85,0.9244645046424512,0.9244645046424512,,,,,,False,SAME,
2021-03-12 00:00:00+00:00,2021-03-11 00:00:00+00:00,DISTRIBUTION,DISTRIBUTION,1,1,0.85,0.85,0.9262583264745529,0.9262583264745529,,2021-03-11 00:00:00+00:00,DISTRIBUTION,DISTRIBUTION,1,1,0.85,0.85,0.9262583264745529,0.9262583264745529,,,,,,False,SAME,
2021-03-13 00:00:00+00:00,2021-03-12 00:00:00+00:00,DISTRIBUTION,DISTRIBUTION,1,1,0.85,0.85,0.9248504937066038,0.9248504937066038,,2021-03-12 00:00:00+00:00,DISTRIBUTION,DISTRIBUTION,1,1,0.85,0.85,0.9248504937066038,0.9248504937066038,,,,,,False,SAME,
2021-03-14 00:00:00+00:00,2021-03-13 00:00:00+00:00,DISTRIBUTION,DISTRIBUTION,1,1,0.85,0.85,0.9299194295520821,0.9299194295520821,,2021-03-13 00:00:00+00:00,DISTRIBUTION,DISTRIBUTION,1,1,0.85,0.85,0.9299194295520821,0.9299194295520821,,,,,,False,SAME,
2021-03-15 00:00:00+00:00,2021-03-14 00:00:00+00:00,DISTRIBUTION,DISTRIBUTION,1,1,0.85,0.85,0.9274067871242871,0.9274067871242871,,2021-03-14 00:00:00+00:00,DISTRIBUTION,DISTRIBUTION,1,1,0.85,0.85,0.9274067871242871,0.9274067871242871,,,,,,False,SAME,
2021-03-16 00:00:00+00:00,2021-03-15 00:00:00+00:00,DISTRIBUTION,DISTRIBUTION,1,1,0.85,0.85,0.9243071260071372,0.9243071260071372,,2021-03-15 00:00:00+00:00,DISTRIBUTION,DISTRIBUTION,1,1,0.85,0.85,0.9243071260071372,0.9243071260071372,,,,,,False,SAME,
2021-03-17 00:00:00+00:00,2021-03-16 00:00:00+00:00,DISTRIBUTION,DISTRIBUTION,1,1,0.85,0.85,0.925363770853251,0.925363770853251,,2021-03-16 00:00:00+00:00,DISTRIBUTION,DISTRIBUTION,1,1,0.85,0.85,0.925363770853251,0.925363770853251,,,,,,False,SAME,
2021-03-18 00:00:00+00:00,2021-03-17 00:00:00+00:00,DISTRIBUTION,DISTRIBUTION,1,1,0.85,0.85,0.92696952622879,0.92696952622879,,2021-03-17 00:00:00+00:00,DISTRIBUTION,DISTRIBUTION,1,1,0.85,0.85,0.92696952622879,0.92696952622879,,,,,,False,SAME,
2021-03-19 00:00:00+00:00,2021-03-18 00:00:00+00:00,DISTRIBUTION,DISTRIBUTION,1,1,0.85,0.85,0.9253363695019882,0.9253363695019882,,2021-03-18 00:00:00+00:00,DISTRIBUTION,DISTRIBUTION,1,1,0.85,0.85,0.9253363695019882,0.9253363695019882,,,,,,False,SAME,
2021-03-20 00:00:00+00:00,2021-03-19 00:00:00+00:00,DISTRIBUTION,DISTRIBUTION,1,1,0.85,0.85,0.9261759785397273,0.9261759785397273,,2021-03-19 00:00:00+00:00,DISTRIBUTION,DISTRIBUTION,1,1,0.85,0.85,0.9261759785397273,0.9261759785397273,,,,,,False,SAME,
2021-03-21 00:00:00+00:00,2021-03-20 00:00:00+00:00,DISTRIBUTION,DISTRIBUTION,1,1,0.85,0.85,0.9261836193857256,0.9261836193857256,,2021-03-20 00:00:00+00:00,DISTRIBUTION,DISTRIBUTION,1,1,0.85,0.85,0.9261836193857256,0.9261836193857256,,,,,,False,SAME,
2021-03-22 00:00:00+00:00,2021-03-21 00:00:00+00:00,DISTRIBUTION,DISTRIBUTION,1,1,0.85,0.85,0.9252971289489094,0.9252971289489094,,2021-03-21 00:00:00+00:00,DISTRIBUTION,DISTRIBUTION,1,1,0.85,0.85,0.9252971289489094,0.9252971289489094,,,,,,False,SAME,
2021-03-23 00:00:00+00:00,2021-03-22 00:00:00+00:00,DISTRIBUTION,DISTRIBUTION,1,1,0.85,0.85,0.9211364910264332,0.9211364910264332,,2021-03-22 00:00:00+00:00,DISTRIBUTION,DISTRIBUTION,1,1,0.85,0.85,0.9211364910264332,0.9211364910264332,,,,,,False,SAME,
2021-03-24 00:00:00+00:00,2021-03-23 00:00:00+00:00,DISTRIBUTION,DISTRIBUTION,1,1,0.85,0.85,0.9210726685069894,0.9210726685069894,,2021-03-23 00:00:00+00:00,DISTRIBUTION,DISTRIBUTION,1,1,0.85,0.85,0.9210726685069894,0.9210726685069894,,,,,,False,SAME,
2021-03-25 00:00:00+00:00,2021-03-24 00:00:00+00:00,DISTRIBUTION,DISTRIBUTION,1,1,0.85,0.85,0.9177430503103654,0.9177430503103654,,2021-03-24 00:00:00+00:00,DISTRIBUTION,DISTRIBUTION,1,1,0.85,0.85,0.9177430503103654,0.9177430503103654,,,,,,False,SAME,
2021-03-26 00:00:00+00:00,2021-03-25 00:00:00+00:00,DISTRIBUTION,DISTRIBUTION,1,1,0.85,0.85,0.9170342237139659,0.9170342237139659,,2021-03-25 00:00:00+00:00,DISTRIBUTION,DISTRIBUTION,1,1,0.85,0.85,0.9170342237139659,0.9170342237139659,,,,,,False,SAME,
2021-03-27 00:00:00+00:00,2021-03-26 00:00:00+00:00,DISTRIBUTION,DISTRIBUTION,1,1,0.85,0.85,0.922184192983775,0.922184192983775,,2021-03-26 00:00:00+00:00,DISTRIBUTION,DISTRIBUTION,1,1,0.85,0.85,0.922184192983775,0.922184192983775,,,,,,False,SAME,
2021-03-28 00:00:00+00:00,2021-03-27 00:00:00+00:00,DISTRIBUTION,DISTRIBUTION,1,1,0.85,0.85,0.9230056806127261,0.9230056806127261,,2021-03-27 00:00:00+00:00,DISTRIBUTION,DISTRIBUTION,1,1,0.85,0.85,0.9230056806127261,0.9230056806127261,,,,,,False,SAME,
2021-03-29 00:00:00+00:00,2021-03-28 00:00:00+00:00,DISTRIBUTION,DISTRIBUTION,1,1,0.85,0.85,0.9224999991737882,0.9224999991737882,,2021-03-28 00:00:00+00:00,DISTRIBUTION,DISTRIBUTION,1,1,0.85,0.85,0.9224999991737882,0.9224999991737882,,,,,,False,SAME,
2021-03-30 00:00:00+00:00,2021-03-29 00:00:00+00:00,DISTRIBUTION,DISTRIBUTION,1,1,0.85,0.85,0.9261225280620281,0.9261225280620281,,2021-03-29 00:00:00+00:00,DISTRIBUTION,DISTRIBUTION,1,1,0.85,0.85,0.9261225280620281,0.9261225280620281,,,,,,False,SAME,
2021-03-31 00:00:00+00:00,2021-03-30 00:00:00+00:00,DISTRIBUTION,DISTRIBUTION,1,1,0.85,0.85,0.927231729929,0.927231729929,,2021-03-30 00:00:00+00:00,DISTRIBUTION,DISTRIBUTION,1,1,0.85,0.85,0.927231729929,0.927231729929,,,,,,False,SAME,
2021-04-01 00:00:00+00:00,2021-03-31 00:00:00+00:00,DISTRIBUTION,DISTRIBUTION,1,1,0.85,0.85,0.9285481738350462,0.9285481738350462,,2021-03-31 00:00:00+00:00,DISTRIBUTION,DISTRIBUTION,1,1,0.85,0.85,0.9285481738350462,0.9285481738350462,,,,,,False,SAME,
2021-04-02 00:00:00+00:00,2021-04-01 00:00:00+00:00,DISTRIBUTION,DISTRIBUTION,1,1,0.85,0.85,0.9293298386954781,0.9293298386954781,,2021-04-01 00:00:00+00:00,DISTRIBUTION,DISTRIBUTION,1,1,0.85,0.85,0.9293298386954781,0.9293298386954781,,,,,,False,SAME,
2021-04-03 00:00:00+00:00,2021-04-02 00:00:00+00:00,DISTRIBUTION,DISTRIBUTION,1,1,0.85,0.85,0.9320128893270975,0.9320128893270975,,2021-04-02 00:00:00+00:00,DISTRIBUTION,DISTRIBUTION,1,1,0.85,0.85,0.9320128893270975,0.9320128893270975,,,,,,False,SAME,
2021-04-04 00:00:00+00:00,2021-04-03 00:00:00+00:00,DISTRIBUTION,DISTRIBUTION,1,1,0.85,0.85,0.9290159545325313,0.9290159545325313,,2021-04-03 00:00:00+00:00,DISTRIBUTION,DISTRIBUTION,1,1,0.85,0.85,0.9290159545325313,0.9290159545325313,,,,,,False,SAME,
2021-04-05 00:00:00+00:00,2021-04-04 00:00:00+00:00,DISTRIBUTION,DISTRIBUTION,1,1,0.85,0.85,0.9307376647381542,0.9307376647381542,,2021-04-04 00:00:00+00:00,DISTRIBUTION,DISTRIBUTION,1,1,0.85,0.85,0.9307376647381542,0.9307376647381542,,,,,,False,SAME,
2021-04-06 00:00:00+00:00,2021-04-05 00:00:00+00:00,DISTRIBUTION,DISTRIBUTION,1,1,0.85,0.85,0.9317352509680663,0.9317352509680663,,2021-04-05 00:00:00+00:00,DISTRIBUTION,DISTRIBUTION,1,1,0.85,0.85,0.9317352509680663,0.9317352509680663,,,,,,False,SAME,
2021-04-07 00:00:00+00:00,2021-04-06 00:00:00+00:00,DISTRIBUTION,DISTRIBUTION,1,1,0.85,0.85,0.9311876715384901,0.9311876715384901,,2021-04-06 00:00:00+00:00,DISTRIBUTION,DISTRIBUTION,1,1,0.85,0.85,0.9311876715384901,0.9311876715384901,,,,,,False,SAME,
2021-04-08 00:00:00+00:00,2021-04-07 00:00:00+00:00,DISTRIBUTION,DISTRIBUTION,1,1,0.85,0.85,0.9276369309381267,0.9276369309381267,,2021-04-07 00:00:00+00:00,DISTRIBUTION,DISTRIBUTION,1,1,0.85,0.85,0.9276369309381267,0.9276369309381267,,,,,,False,SAME,
2021-04-09 00:00:00+00:00,2021-04-08 00:00:00+00:00,DISTRIBUTION,DISTRIBUTION,1,1,0.85,0.85,0.9307610487713,0.9307610487713,,2021-04-08 00:00:00+00:00,DISTRIBUTION,DISTRIBUTION,1,1,0.85,0.85,0.9307610487713,0.9307610487713,,,,,,False,SAME,
2021-04-10 00:00:00+00:00,2021-04-09 00:00:00+00:00,DISTRIBUTION,DISTRIBUTION,1,1,0.85,0.85,0.9305995620973986,0.9305995620973986,,2021-04-09 00:00:00+00:00,DISTRIBUTION,DISTRIBUTION,1,1,0.85,0.85,0.9305995620973986,0.9305995620973986,,,,,,False,SAME,
2021-04-11 00:00:00+00:00,2021-04-10 00:00:00+00:00,DISTRIBUTION,DISTRIBUTION,1,1,0.85,0.85,0.932489318466269,0.932489318466269,,2021-04-10 00:00:00+00:00,DISTRIBUTION,DISTRIBUTION,1,1,0.85,0.85,0.932489318466269,0.932489318466269,,,,,,False,SAME,
2021-04-12 00:00:00+00:00,2021-04-11 00:00:00+00:00,DISTRIBUTION,DISTRIBUTION,1,1,0.85,0.85,0.9328760509191794,0.9328760509191794,,2021-04-11 00:00:00+00:00,DISTRIBUTION,DISTRIBUTION,1,1,0.85,0.85,0.9328760509191794,0.9328760509191794,,,,,,False,SAME,
2021-04-13 00:00:00+00:00,2021-04-12 00:00:00+00:00,DISTRIBUTION,DISTRIBUTION,1,1,0.85,0.85,0.9326111344294008,0.9326111344294008,,2021-04-12 00:00:00+00:00,DISTRIBUTION,DISTRIBUTION,1,1,0.85,0.85,0.9326111344294008,0.9326111344294008,,,,,,False,SAME,
2021-04-14 00:00:00+00:00,2021-04-13 00:00:00+00:00,DISTRIBUTION,DISTRIBUTION,1,1,0.85,0.85,0.936672871471527,0.936672871471527,,2021-04-13 00:00:00+00:00,DISTRIBUTION,DISTRIBUTION,1,1,0.85,0.85,0.936672871471527,0.936672871471527,,,,,,False,SAME,
2021-04-15 00:00:00+00:00,2021-04-14 00:00:00+00:00,DISTRIBUTION,DISTRIBUTION,1,1,0.85,0.85,0.9380709719191453,0.9380709719191453,,2021-04-14 00:00:00+00:00,DISTRIBUTION,DISTRIBUTION,1,1,0.85,0.85,0.9380709719191453,0.9380709719191453,,,,,,False,SAME,
2021-04-16 00:00:00+00:00,2021-04-15 00:00:00+00:00,DISTRIBUTION,DISTRIBUTION,1,1,0.85,0.85,0.9391460188772331,0.9391460188772331,,2021-04-15 00:00:00+00:00,DISTRIBUTION,DISTRIBUTION,1,1,0.85,0.85,0.9391460188772331,0.9391460188772331,,,,,,False,SAME,
2021-04-17 00:00:00+00:00,2021-04-16 00:00:00+00:00,DISTRIBUTION,DISTRIBUTION,1,1,0.85,0.85,0.9372140811129666,0.9372140811129666,,2021-04-16 00:00:00+00:00,DISTRIBUTION,DISTRIBUTION,1,1,0.85,0.85,0.9372140811129666,0.9372140811129666,,,,,,False,SAME,
2021-04-18 00:00:00+00:00,2021-04-17 00:00:00+00:00,DISTRIBUTION,DISTRIBUTION,1,1,0.85,0.85,0.9352227482987283,0.9352227482987283,,2021-04-17 00:00:00+00:00,DISTRIBUTION,DISTRIBUTION,1,1,0.85,0.85,0.9352227482987283,0.9352227482987283,,,,,,False,SAME,
2021-04-19 00:00:00+00:00,2021-04-18 00:00:00+00:00,DISTRIBUTION,DISTRIBUTION,1,1,0.85,0.85,0.9320891045961804,0.9320891045961804,,2021-04-18 00:00:00+00:00,DISTRIBUTION,DISTRIBUTION,1,1,0.85,0.85,0.9320891045961804,0.9320891045961804,,,,,,False,SAME,
2021-04-20 00:00:00+00:00,2021-04-19 00:00:00+00:00,DISTRIBUTION,DISTRIBUTION,1,1,0.85,0.85,0.9306859450016951,0.9306859450016951,,2021-04-19 00:00:00+00:00,DISTRIBUTION,DISTRIBUTION,1,1,0.85,0.85,0.9306859450016951,0.9306859450016951,,,,,,False,SAME,
2021-04-21 00:00:00+00:00,2021-04-20 00:00:00+00:00,DISTRIBUTION,EARLY_BEAR,1,2,0.85,0.7,0.93361025714673,0.7,STAGE2_SELL:EXECUTED,2021-04-20 00:00:00+00:00,DISTRIBUTION,EARLY_BEAR,1,2,0.85,0.7,0.93361025714673,0.7,STAGE2_SELL:EXECUTED,,,STAGE2_SELL:EXECUTED,STAGE2_SELL:EXECUTED,False,SAME,
2021-04-22 00:00:00+00:00,2021-04-21 00:00:00+00:00,EARLY_BEAR,EARLY_BEAR,2,2,0.7,0.7,0.6973102962158376,0.6973102962158376,,2021-04-21 00:00:00+00:00,EARLY_BEAR,EARLY_BEAR,2,2,0.7,0.7,0.6973102962158376,0.6973102962158376,,,,,,False,SAME,
2021-04-23 00:00:00+00:00,2021-04-22 00:00:00+00:00,EARLY_BEAR,EARLY_BEAR,2,2,0.7,0.7,0.6961989244561705,0.6961989244561705,,2021-04-22 00:00:00+00:00,EARLY_BEAR,EARLY_BEAR,2,2,0.7,0.7,0.6961989244561705,0.6961989244561705,,,,,,False,SAME,
2021-04-24 00:00:00+00:00,2021-04-23 00:00:00+00:00,EARLY_BEAR,EARLY_BEAR,2,2,0.7,0.7,0.6936302688554753,0.6936302688554753,,2021-04-23 00:00:00+00:00,EARLY_BEAR,EARLY_BEAR,2,2,0.7,0.7,0.6936302688554753,0.6936302688554753,,,,,,False,SAME,
2021-04-25 00:00:00+00:00,2021-04-24 00:00:00+00:00,EARLY_BEAR,EARLY_BEAR,2,2,0.7,0.7,0.6831881350622527,0.6831881350622527,,2021-04-24 00:00:00+00:00,EARLY_BEAR,EARLY_BEAR,2,2,0.7,0.7,0.6831881350622527,0.6831881350622527,,,,,,False,SAME,
2021-04-26 00:00:00+00:00,2021-04-25 00:00:00+00:00,EARLY_BEAR,EARLY_BEAR,2,2,0.7,0.7,0.6876774961774154,0.6876774961774154,,2021-04-25 00:00:00+00:00,EARLY_BEAR,EARLY_BEAR,2,2,0.7,0.7,0.6876774961774154,0.6876774961774154,,,,,,False,SAME,
2021-04-27 00:00:00+00:00,2021-04-26 00:00:00+00:00,EARLY_BEAR,EARLY_BEAR,2,2,0.7,0.7,0.7068141988073946,0.7068141988073946,,2021-04-26 00:00:00+00:00,EARLY_BEAR,EARLY_BEAR,2,2,0.7,0.7,0.7068141988073946,0.7068141988073946,,,,,,False,SAME,
2021-04-28 00:00:00+00:00,2021-04-27 00:00:00+00:00,EARLY_BEAR,EARLY_BEAR,2,2,0.7,0.7,0.7148361766119651,0.7148361766119651,,2021-04-27 00:00:00+00:00,EARLY_BEAR,EARLY_BEAR,2,2,0.7,0.7,0.7148361766119651,0.7148361766119651,,,,,,False,SAME,
2021-04-29 00:00:00+00:00,2021-04-28 00:00:00+00:00,EARLY_BEAR,EARLY_BEAR,2,2,0.7,0.7,0.718472289959004,0.718472289959004,,2021-04-28 00:00:00+00:00,EARLY_BEAR,EARLY_BEAR,2,2,0.7,0.7,0.718472289959004,0.718472289959004,,,,,,False,SAME,
2021-04-30 00:00:00+00:00,2021-04-29 00:00:00+00:00,EARLY_BEAR,EARLY_BEAR,2,2,0.7,0.7,0.7171232948993782,0.7171232948993782,,2021-04-29 00:00:00+00:00,EARLY_BEAR,EARLY_BEAR,2,2,0.7,0.7,0.7171232948993782,0.7171232948993782,,,,,,False,SAME,
2021-05-01 00:00:00+00:00,2021-04-30 00:00:00+00:00,EARLY_BEAR,EARLY_BEAR,2,2,0.7,0.7,0.7234481865948894,0.7234481865948894,,2021-04-30 00:00:00+00:00,EARLY_BEAR,EARLY_BEAR,2,2,0.7,0.7,0.7234481865948894,0.7234481865948894,,,,,,False,SAME,
2021-05-02 00:00:00+00:00,2021-05-01 00:00:00+00:00,EARLY_BEAR,EARLY_BEAR,2,2,0.7,0.7,0.7310782657314001,0.7310782657314001,,2021-05-01 00:00:00+00:00,EARLY_BEAR,EARLY_BEAR,2,2,0.7,0.7,0.7310782657314001,0.7310782657314001,,,,,,False,SAME,
2021-05-03 00:00:00+00:00,2021-05-02 00:00:00+00:00,EARLY_BEAR,EARLY_BEAR,2,2,0.7,0.7,0.7297538023542324,0.7297538023542324,,2021-05-02 00:00:00+00:00,EARLY_BEAR,EARLY_BEAR,2,2,0.7,0.7,0.7297538023542324,0.7297538023542324,,,,,,False,SAME,
2021-05-04 00:00:00+00:00,2021-05-03 00:00:00+00:00,EARLY_BEAR,DISTRIBUTION,2,1,0.7,0.85,0.7494948846778097,0.7494948846778097,EARLY_BEAR_TO_DISTRIBUTION,2021-05-03 00:00:00+00:00,EARLY_BEAR,DISTRIBUTION,2,1,0.7,0.85,0.7494948846778097,0.7494948846778097,EARLY_BEAR_TO_DISTRIBUTION,,,EARLY_BEAR_TO_DISTRIBUTION,EARLY_BEAR_TO_DISTRIBUTION,False,SAME,
2021-05-05 00:00:00+00:00,2021-05-04 00:00:00+00:00,DISTRIBUTION,DISTRIBUTION,1,1,0.85,0.85,0.7376345590958429,0.7376345590958429,,2021-05-04 00:00:00+00:00,DISTRIBUTION,DISTRIBUTION,1,1,0.85,0.85,0.7376345590958429,0.7376345590958429,,,,,,False,SAME,
2021-05-06 00:00:00+00:00,2021-05-05 00:00:00+00:00,DISTRIBUTION,DISTRIBUTION,1,1,0.85,0.85,0.7531774967968272,0.7531774967968272,,2021-05-05 00:00:00+00:00,DISTRIBUTION,DISTRIBUTION,1,1,0.85,0.85,0.7531774967968272,0.7531774967968272,,,,,,False,SAME,
2021-05-07 00:00:00+00:00,2021-05-06 00:00:00+00:00,DISTRIBUTION,DISTRIBUTION,1,1,0.85,0.85,0.7508406410284411,0.7508406410284411,,2021-05-06 00:00:00+00:00,DISTRIBUTION,DISTRIBUTION,1,1,0.85,0.85,0.7508406410284411,0.7508406410284411,,,,,,False,SAME,
2021-05-08 00:00:00+00:00,2021-05-07 00:00:00+00:00,DISTRIBUTION,DISTRIBUTION,1,1,0.85,0.85,0.7514847857829645,0.7514847857829645,,2021-05-07 00:00:00+00:00,DISTRIBUTION,DISTRIBUTION,1,1,0.85,0.85,0.7514847857829645,0.7514847857829645,,,,,,False,SAME,
2021-05-09 00:00:00+00:00,2021-05-08 00:00:00+00:00,DISTRIBUTION,DISTRIBUTION,1,1,0.85,0.85,0.7675632313134517,0.7675632313134517,,2021-05-08 00:00:00+00:00,DISTRIBUTION,DISTRIBUTION,1,1,0.85,0.85,0.7675632313134517,0.7675632313134517,,,,,,False,SAME,
2021-05-10 00:00:00+00:00,2021-05-09 00:00:00+00:00,DISTRIBUTION,DISTRIBUTION,1,1,0.85,0.85,0.7674221416928957,0.7674221416928957,,2021-05-09 00:00:00+00:00,DISTRIBUTION,DISTRIBUTION,1,1,0.85,0.85,0.7674221416928957,0.7674221416928957,,,,,,False,SAME,
2021-05-11 00:00:00+00:00,2021-05-10 00:00:00+00:00,DISTRIBUTION,DISTRIBUTION,1,1,0.85,0.85,0.7658671448268634,0.7658671448268634,,2021-05-10 00:00:00+00:00,DISTRIBUTION,DISTRIBUTION,1,1,0.85,0.85,0.7658671448268634,0.7658671448268634,,,,,,False,SAME,
2021-05-12 00:00:00+00:00,2021-05-11 00:00:00+00:00,DISTRIBUTION,DISTRIBUTION,1,1,0.85,0.85,0.7736793797361181,0.7736793797361181,,2021-05-11 00:00:00+00:00,DISTRIBUTION,DISTRIBUTION,1,1,0.85,0.85,0.7736793797361181,0.7736793797361181,,,,,,False,SAME,
2021-05-13 00:00:00+00:00,2021-05-12 00:00:00+00:00,DISTRIBUTION,DISTRIBUTION,1,1,0.85,0.85,0.7550813848247392,0.7550813848247392,,2021-05-12 00:00:00+00:00,DISTRIBUTION,DISTRIBUTION,1,1,0.85,0.85,0.7550813848247392,0.7550813848247392,,,,,,False,SAME,
2021-05-14 00:00:00+00:00,2021-05-13 00:00:00+00:00,DISTRIBUTION,DISTRIBUTION,1,1,0.85,0.85,0.7519680885870219,0.7519680885870219,,2021-05-13 00:00:00+00:00,DISTRIBUTION,DISTRIBUTION,1,1,0.85,0.85,0.7519680885870219,0.7519680885870219,,,,,,False,SAME,
2021-05-15 00:00:00+00:00,2021-05-14 00:00:00+00:00,DISTRIBUTION,EARLY_BEAR,1,2,0.85,0.7,0.7643388263005042,0.6999999999999998,STAGE2_SELL:EXECUTED,2021-05-14 00:00:00+00:00,DISTRIBUTION,EARLY_BEAR,1,2,0.85,0.7,0.7643388263005042,0.6999999999999998,STAGE2_SELL:EXECUTED,,,STAGE2_SELL:EXECUTED,STAGE2_SELL:EXECUTED,False,SAME,
2021-05-16 00:00:00+00:00,2021-05-15 00:00:00+00:00,EARLY_BEAR,EARLY_BEAR,2,2,0.7,0.7,0.6786295923163687,0.6786295923163687,,2021-05-15 00:00:00+00:00,EARLY_BEAR,EARLY_BEAR,2,2,0.7,0.7,0.6786295923163687,0.6786295923163687,,,,,,False,SAME,
2021-05-17 00:00:00+00:00,2021-05-16 00:00:00+00:00,EARLY_BEAR,EARLY_BEAR,2,2,0.7,0.7,0.6753153021514529,0.6753153021514529,,2021-05-16 00:00:00+00:00,EARLY_BEAR,EARLY_BEAR,2,2,0.7,0.7,0.6753153021514529,0.6753153021514529,,,,,,False,SAME,
2021-05-18 00:00:00+00:00,2021-05-17 00:00:00+00:00,EARLY_BEAR,EARLY_BEAR,2,2,0.7,0.7,0.6571855676528855,0.6571855676528855,CRASH_L1:EXPOSURE_GAP_BELOW_5PP,2021-05-17 00:00:00+00:00,EARLY_BEAR,EARLY_BEAR,2,2,0.7,0.7,0.6571855676528855,0.6571855676528855,CRASH_L1:EXPOSURE_GAP_BELOW_5PP|STAGE3_ELIGIBILITY_EXIT:CRASH_PRIORITY,,,CRASH_L1:EXPOSURE_GAP_BELOW_5PP,CRASH_L1:EXPOSURE_GAP_BELOW_5PP,False,SAME,
2021-05-19 00:00:00+00:00,2021-05-18 00:00:00+00:00,EARLY_BEAR,EARLY_BEAR,2,2,0.7,0.7,0.6610631927879665,0.6610631927879665,,2021-05-18 00:00:00+00:00,EARLY_BEAR,EARLY_BEAR,2,2,0.7,0.7,0.6610631927879665,0.6610631927879665,,,,,,False,SAME,
2021-05-20 00:00:00+00:00,2021-05-19 00:00:00+00:00,EARLY_BEAR,EARLY_BEAR,2,2,0.7,0.7,0.5954901799541082,0.5,CRASH_L2:EXECUTED,2021-05-19 00:00:00+00:00,EARLY_BEAR,EARLY_BEAR,2,2,0.7,0.7,0.5954901799541082,0.5,CRASH_L2:EXECUTED,,,CRASH_L2:EXECUTED,CRASH_L2:EXECUTED,False,SAME,
2021-05-21 00:00:00+00:00,2021-05-20 00:00:00+00:00,EARLY_BEAR,EARLY_BEAR,2,2,0.7,0.7,0.5302740327641109,0.5302740327641109,,2021-05-20 00:00:00+00:00,EARLY_BEAR,EARLY_BEAR,2,2,0.7,0.7,0.5302740327641109,0.5302740327641109,,,,,,False,SAME,
2021-05-22 00:00:00+00:00,2021-05-21 00:00:00+00:00,EARLY_BEAR,EARLY_BEAR,2,2,0.7,0.7,0.500257694198245,0.500257694198245,,2021-05-21 00:00:00+00:00,EARLY_BEAR,EARLY_BEAR,2,2,0.7,0.7,0.500257694198245,0.500257694198245,,,,,,False,SAME,
2021-05-23 00:00:00+00:00,2021-05-22 00:00:00+00:00,EARLY_BEAR,BEAR,2,3,0.7,0.55,0.4893148381256098,0.4893148381256098,STAGE3_SELL:NOTIONAL_BELOW_GUARD,2021-05-22 00:00:00+00:00,EARLY_BEAR,BEAR,2,3,0.7,0.55,0.4893148381256098,0.4893148381256098,STAGE3_SELL:NOTIONAL_BELOW_GUARD,,,STAGE3_SELL:NOTIONAL_BELOW_GUARD,STAGE3_SELL:NOTIONAL_BELOW_GUARD,False,SAME,
2021-05-24 00:00:00+00:00,2021-05-23 00:00:00+00:00,BEAR,BEAR,3,3,0.55,0.55,0.46750351541559476,0.46750351541559476,,2021-05-23 00:00:00+00:00,BEAR,BEAR,3,3,0.55,0.55,0.46750351541559476,0.46750351541559476,,,,,,False,SAME,
2021-05-25 00:00:00+00:00,2021-05-24 00:00:00+00:00,BEAR,DEEP_BEAR,3,4,0.55,0.25,0.5194293745903589,0.25000000000000006,STAGE4_SELL:EXECUTED,2021-05-24 00:00:00+00:00,BEAR,DEEP_BEAR,3,4,0.55,0.25,0.5194293745903589,0.25000000000000006,STAGE4_SELL:EXECUTED,,,STAGE4_SELL:EXECUTED,STAGE4_SELL:EXECUTED,False,SAME,
2021-05-26 00:00:00+00:00,2021-05-25 00:00:00+00:00,DEEP_BEAR,BEAR,4,3,0.25,0.55,0.25408202400671914,0.25408202400671914,DEEP_BEAR_TO_BEAR_NO_AUTO_BUY,2021-05-25 00:00:00+00:00,DEEP_BEAR,BEAR,4,3,0.25,0.55,0.25408202400671914,0.25408202400671914,DEEP_BEAR_TO_BEAR_NO_AUTO_BUY,,,DEEP_BEAR_TO_BEAR_NO_AUTO_BUY,DEEP_BEAR_TO_BEAR_NO_AUTO_BUY,False,SAME,
2021-05-27 00:00:00+00:00,2021-05-26 00:00:00+00:00,BEAR,DEEP_BEAR,3,4,0.55,0.25,0.26651474687709564,0.26651474687709564,STAGE4_SELL:EXPOSURE_GAP_BELOW_5PP,2021-05-26 00:00:00+00:00,BEAR,DEEP_BEAR,3,4,0.55,0.25,0.26651474687709564,0.26651474687709564,STAGE4_SELL:EXPOSURE_GAP_BELOW_5PP,,,STAGE4_SELL:EXPOSURE_GAP_BELOW_5PP,STAGE4_SELL:EXPOSURE_GAP_BELOW_5PP,False,SAME,
2021-05-28 00:00:00+00:00,2021-05-27 00:00:00+00:00,DEEP_BEAR,BEAR,4,3,0.25,0.55,0.2567810038207416,0.2567810038207416,DEEP_BEAR_TO_BEAR_NO_AUTO_BUY,2021-05-27 00:00:00+00:00,DEEP_BEAR,BEAR,4,3,0.25,0.55,0.2567810038207416,0.2567810038207416,DEEP_BEAR_TO_BEAR_NO_AUTO_BUY,,,DEEP_BEAR_TO_BEAR_NO_AUTO_BUY,DEEP_BEAR_TO_BEAR_NO_AUTO_BUY,False,SAME,
2021-05-29 00:00:00+00:00,2021-05-28 00:00:00+00:00,BEAR,DEEP_BEAR,3,4,0.55,0.25,0.2331550355302032,0.2331550355302032,STAGE4_SELL:EXPOSURE_GAP_BELOW_5PP,2021-05-28 00:00:00+00:00,BEAR,DEEP_BEAR,3,4,0.55,0.25,0.2331550355302032,0.2331550355302032,STAGE4_SELL:EXPOSURE_GAP_BELOW_5PP,,,STAGE4_SELL:EXPOSURE_GAP_BELOW_5PP,STAGE4_SELL:EXPOSURE_GAP_BELOW_5PP,False,SAME,
2021-05-30 00:00:00+00:00,2021-05-29 00:00:00+00:00,DEEP_BEAR,BEAR,4,3,0.25,0.55,0.223187671704788,0.223187671704788,DEEP_BEAR_TO_BEAR_NO_AUTO_BUY,2021-05-29 00:00:00+00:00,DEEP_BEAR,BEAR,4,3,0.25,0.55,0.223187671704788,0.223187671704788,DEEP_BEAR_TO_BEAR_NO_AUTO_BUY,,,DEEP_BEAR_TO_BEAR_NO_AUTO_BUY,DEEP_BEAR_TO_BEAR_NO_AUTO_BUY,False,SAME,
2021-05-31 00:00:00+00:00,2021-05-30 00:00:00+00:00,BEAR,DEEP_BEAR,3,4,0.55,0.25,0.23130288177746688,0.23130288177746688,STAGE4_SELL:EXPOSURE_GAP_BELOW_5PP,2021-05-30 00:00:00+00:00,BEAR,DEEP_BEAR,3,4,0.55,0.25,0.23130288177746688,0.23130288177746688,STAGE4_SELL:EXPOSURE_GAP_BELOW_5PP,,,STAGE4_SELL:EXPOSURE_GAP_BELOW_5PP,STAGE4_SELL:EXPOSURE_GAP_BELOW_5PP,False,SAME,
2021-06-01 00:00:00+00:00,2021-05-31 00:00:00+00:00,DEEP_BEAR,BEAR,4,3,0.25,0.55,0.2544841982530959,0.2544841982530959,DEEP_BEAR_TO_BEAR_NO_AUTO_BUY,2021-05-31 00:00:00+00:00,DEEP_BEAR,BEAR,4,3,0.25,0.55,0.2544841982530959,0.2544841982530959,DEEP_BEAR_TO_BEAR_NO_AUTO_BUY,,,DEEP_BEAR_TO_BEAR_NO_AUTO_BUY,DEEP_BEAR_TO_BEAR_NO_AUTO_BUY,False,SAME,
2021-06-02 00:00:00+00:00,2021-06-01 00:00:00+00:00,BEAR,DEEP_BEAR,3,4,0.55,0.25,0.24947355973728186,0.24947355973728186,STAGE4_SELL:EXPOSURE_GAP_BELOW_5PP,2021-06-01 00:00:00+00:00,BEAR,DEEP_BEAR,3,4,0.55,0.25,0.24947355973728186,0.24947355973728186,STAGE4_SELL:EXPOSURE_GAP_BELOW_5PP,,,STAGE4_SELL:EXPOSURE_GAP_BELOW_5PP,STAGE4_SELL:EXPOSURE_GAP_BELOW_5PP,False,SAME,
2021-06-03 00:00:00+00:00,2021-06-02 00:00:00+00:00,DEEP_BEAR,BEAR,4,3,0.25,0.55,0.25460236334718617,0.25460236334718617,DEEP_BEAR_TO_BEAR_NO_AUTO_BUY,2021-06-02 00:00:00+00:00,DEEP_BEAR,BEAR,4,3,0.25,0.55,0.25460236334718617,0.25460236334718617,DEEP_BEAR_TO_BEAR_NO_AUTO_BUY,,,DEEP_BEAR_TO_BEAR_NO_AUTO_BUY,DEEP_BEAR_TO_BEAR_NO_AUTO_BUY,False,SAME,
2021-06-04 00:00:00+00:00,2021-06-03 00:00:00+00:00,BEAR,DEEP_BEAR,3,4,0.55,0.25,0.2650944575920855,0.2650944575920855,STAGE4_SELL:EXPOSURE_GAP_BELOW_5PP,2021-06-03 00:00:00+00:00,BEAR,DEEP_BEAR,3,4,0.55,0.25,0.2650944575920855,0.2650944575920855,STAGE4_SELL:EXPOSURE_GAP_BELOW_5PP,,,STAGE4_SELL:EXPOSURE_GAP_BELOW_5PP,STAGE4_SELL:EXPOSURE_GAP_BELOW_5PP,False,SAME,
2021-06-05 00:00:00+00:00,2021-06-04 00:00:00+00:00,DEEP_BEAR,BEAR,4,3,0.25,0.55,0.2535316750994926,0.2535316750994926,DEEP_BEAR_TO_BEAR_NO_AUTO_BUY,2021-06-04 00:00:00+00:00,DEEP_BEAR,BEAR,4,3,0.25,0.55,0.2535316750994926,0.2535316750994926,DEEP_BEAR_TO_BEAR_NO_AUTO_BUY,,,DEEP_BEAR_TO_BEAR_NO_AUTO_BUY,DEEP_BEAR_TO_BEAR_NO_AUTO_BUY,False,SAME,
2021-06-06 00:00:00+00:00,2021-06-05 00:00:00+00:00,BEAR,DEEP_BEAR,3,4,0.55,0.25,0.24919564307756706,0.24919564307756706,STAGE4_SELL:EXPOSURE_GAP_BELOW_5PP,2021-06-05 00:00:00+00:00,BEAR,DEEP_BEAR,3,4,0.55,0.25,0.24919564307756706,0.24919564307756706,STAGE4_SELL:EXPOSURE_GAP_BELOW_5PP,,,STAGE4_SELL:EXPOSURE_GAP_BELOW_5PP,STAGE4_SELL:EXPOSURE_GAP_BELOW_5PP,False,SAME,
2021-06-07 00:00:00+00:00,2021-06-06 00:00:00+00:00,DEEP_BEAR,BEAR,4,3,0.25,0.55,0.2551888736372082,0.2551888736372082,DEEP_BEAR_TO_BEAR_NO_AUTO_BUY,2021-06-06 00:00:00+00:00,DEEP_BEAR,BEAR,4,3,0.25,0.55,0.2551888736372082,0.2551888736372082,DEEP_BEAR_TO_BEAR_NO_AUTO_BUY,,,DEEP_BEAR_TO_BEAR_NO_AUTO_BUY,DEEP_BEAR_TO_BEAR_NO_AUTO_BUY,False,SAME,
2021-06-08 00:00:00+00:00,2021-06-07 00:00:00+00:00,BEAR,DEEP_BEAR,3,4,0.55,0.25,0.24673100547001717,0.24673100547001717,STAGE4_SELL:EXPOSURE_GAP_BELOW_5PP,2021-06-07 00:00:00+00:00,BEAR,DEEP_BEAR,3,4,0.55,0.25,0.24673100547001717,0.24673100547001717,STAGE4_SELL:EXPOSURE_GAP_BELOW_5PP,,,STAGE4_SELL:EXPOSURE_GAP_BELOW_5PP,STAGE4_SELL:EXPOSURE_GAP_BELOW_5PP,False,SAME,
2021-06-09 00:00:00+00:00,2021-06-08 00:00:00+00:00,DEEP_BEAR,BEAR,4,3,0.25,0.55,0.24069134449763596,0.24069134449763596,DEEP_BEAR_TO_BEAR_NO_AUTO_BUY,2021-06-08 00:00:00+00:00,DEEP_BEAR,BEAR,4,3,0.25,0.55,0.24069134449763596,0.24069134449763596,DEEP_BEAR_TO_BEAR_NO_AUTO_BUY,,,DEEP_BEAR_TO_BEAR_NO_AUTO_BUY,DEEP_BEAR_TO_BEAR_NO_AUTO_BUY,False,SAME,
2021-06-10 00:00:00+00:00,2021-06-09 00:00:00+00:00,BEAR,DEEP_BEAR,3,4,0.55,0.25,0.24822752100173046,0.24822752100173046,STAGE4_SELL:EXPOSURE_GAP_BELOW_5PP,2021-06-09 00:00:00+00:00,BEAR,DEEP_BEAR,3,4,0.55,0.25,0.24822752100173046,0.24822752100173046,STAGE4_SELL:EXPOSURE_GAP_BELOW_5PP,,,STAGE4_SELL:EXPOSURE_GAP_BELOW_5PP,STAGE4_SELL:EXPOSURE_GAP_BELOW_5PP,False,SAME,
2021-06-11 00:00:00+00:00,2021-06-10 00:00:00+00:00,DEEP_BEAR,BEAR,4,3,0.25,0.55,0.2382315903558244,0.2382315903558244,DEEP_BEAR_TO_BEAR_NO_AUTO_BUY,2021-06-10 00:00:00+00:00,DEEP_BEAR,BEAR,4,3,0.25,0.55,0.2382315903558244,0.2382315903558244,DEEP_BEAR_TO_BEAR_NO_AUTO_BUY,,,DEEP_BEAR_TO_BEAR_NO_AUTO_BUY,DEEP_BEAR_TO_BEAR_NO_AUTO_BUY,False,SAME,
2021-06-12 00:00:00+00:00,2021-06-11 00:00:00+00:00,BEAR,DEEP_BEAR,3,4,0.55,0.25,0.22966982759910176,0.22966982759910176,STAGE4_SELL:EXPOSURE_GAP_BELOW_5PP,2021-06-11 00:00:00+00:00,BEAR,DEEP_BEAR,3,4,0.55,0.25,0.22966982759910176,0.22966982759910176,STAGE4_SELL:EXPOSURE_GAP_BELOW_5PP,,,STAGE4_SELL:EXPOSURE_GAP_BELOW_5PP,STAGE4_SELL:EXPOSURE_GAP_BELOW_5PP,False,SAME,
2021-06-13 00:00:00+00:00,2021-06-12 00:00:00+00:00,DEEP_BEAR,BEAR,4,3,0.25,0.55,0.23091126148141913,0.23091126148141913,DEEP_BEAR_TO_BEAR_NO_AUTO_BUY,2021-06-12 00:00:00+00:00,DEEP_BEAR,BEAR,4,3,0.25,0.55,0.23091126148141913,0.23091126148141913,DEEP_BEAR_TO_BEAR_NO_AUTO_BUY,,,DEEP_BEAR_TO_BEAR_NO_AUTO_BUY,DEEP_BEAR_TO_BEAR_NO_AUTO_BUY,False,SAME,
2021-06-14 00:00:00+00:00,2021-06-13 00:00:00+00:00,BEAR,DEEP_BEAR,3,4,0.55,0.25,0.24126383214497688,0.24126383214497688,STAGE4_SELL:EXPOSURE_GAP_BELOW_5PP,2021-06-13 00:00:00+00:00,BEAR,DEEP_BEAR,3,4,0.55,0.25,0.24126383214497688,0.24126383214497688,STAGE4_SELL:EXPOSURE_GAP_BELOW_5PP,,,STAGE4_SELL:EXPOSURE_GAP_BELOW_5PP,STAGE4_SELL:EXPOSURE_GAP_BELOW_5PP,False,SAME,
2021-06-15 00:00:00+00:00,2021-06-14 00:00:00+00:00,DEEP_BEAR,BEAR,4,3,0.25,0.55,0.24649487084336355,0.24649487084336355,DEEP_BEAR_TO_BEAR_NO_AUTO_BUY,2021-06-14 00:00:00+00:00,DEEP_BEAR,BEAR,4,3,0.25,0.55,0.24649487084336355,0.24649487084336355,DEEP_BEAR_TO_BEAR_NO_AUTO_BUY,,,DEEP_BEAR_TO_BEAR_NO_AUTO_BUY,DEEP_BEAR_TO_BEAR_NO_AUTO_BUY,False,SAME,
2021-06-16 00:00:00+00:00,2021-06-15 00:00:00+00:00,BEAR,DEEP_BEAR,3,4,0.55,0.25,0.24388293555480317,0.24388293555480317,STAGE4_SELL:EXPOSURE_GAP_BELOW_5PP,2021-06-15 00:00:00+00:00,BEAR,DEEP_BEAR,3,4,0.55,0.25,0.24388293555480317,0.24388293555480317,STAGE4_SELL:EXPOSURE_GAP_BELOW_5PP,,,STAGE4_SELL:EXPOSURE_GAP_BELOW_5PP,STAGE4_SELL:EXPOSURE_GAP_BELOW_5PP,False,SAME,
2021-06-17 00:00:00+00:00,2021-06-16 00:00:00+00:00,DEEP_BEAR,BEAR,4,3,0.25,0.55,0.23102963332059326,0.23102963332059326,DEEP_BEAR_TO_BEAR_NO_AUTO_BUY,2021-06-16 00:00:00+00:00,DEEP_BEAR,BEAR,4,3,0.25,0.55,0.23102963332059326,0.23102963332059326,DEEP_BEAR_TO_BEAR_NO_AUTO_BUY,,,DEEP_BEAR_TO_BEAR_NO_AUTO_BUY,DEEP_BEAR_TO_BEAR_NO_AUTO_BUY,False,SAME,
2021-06-18 00:00:00+00:00,2021-06-17 00:00:00+00:00,BEAR,DEEP_BEAR,3,4,0.55,0.25,0.23146911863846614,0.23146911863846614,STAGE4_SELL:EXPOSURE_GAP_BELOW_5PP,2021-06-17 00:00:00+00:00,BEAR,DEEP_BEAR,3,4,0.55,0.25,0.23146911863846614,0.23146911863846614,STAGE4_SELL:EXPOSURE_GAP_BELOW_5PP,,,STAGE4_SELL:EXPOSURE_GAP_BELOW_5PP,STAGE4_SELL:EXPOSURE_GAP_BELOW_5PP,False,SAME,
2021-06-19 00:00:00+00:00,2021-06-18 00:00:00+00:00,DEEP_BEAR,BEAR,4,3,0.25,0.55,0.22094937518752678,0.22094937518752678,DEEP_BEAR_TO_BEAR_NO_AUTO_BUY,2021-06-18 00:00:00+00:00,DEEP_BEAR,BEAR,4,3,0.25,0.55,0.22094937518752678,0.22094937518752678,DEEP_BEAR_TO_BEAR_NO_AUTO_BUY,,,DEEP_BEAR_TO_BEAR_NO_AUTO_BUY,DEEP_BEAR_TO_BEAR_NO_AUTO_BUY,False,SAME,
2021-06-20 00:00:00+00:00,2021-06-19 00:00:00+00:00,BEAR,DEEP_BEAR,3,4,0.55,0.25,0.21570700006884452,0.21570700006884452,STAGE4_SELL:EXPOSURE_GAP_BELOW_5PP,2021-06-19 00:00:00+00:00,BEAR,DEEP_BEAR,3,4,0.55,0.25,0.21570700006884452,0.21570700006884452,STAGE4_SELL:EXPOSURE_GAP_BELOW_5PP,,,STAGE4_SELL:EXPOSURE_GAP_BELOW_5PP,STAGE4_SELL:EXPOSURE_GAP_BELOW_5PP,False,SAME,
2021-06-21 00:00:00+00:00,2021-06-20 00:00:00+00:00,DEEP_BEAR,BEAR,4,3,0.25,0.55,0.22177641023075975,0.22177641023075975,DEEP_BEAR_TO_BEAR_NO_AUTO_BUY,2021-06-20 00:00:00+00:00,DEEP_BEAR,BEAR,4,3,0.25,0.55,0.22177641023075975,0.22177641023075975,DEEP_BEAR_TO_BEAR_NO_AUTO_BUY,,,DEEP_BEAR_TO_BEAR_NO_AUTO_BUY,DEEP_BEAR_TO_BEAR_NO_AUTO_BUY,False,SAME,
2021-06-22 00:00:00+00:00,2021-06-21 00:00:00+00:00,BEAR,DEEP_BEAR,3,4,0.55,0.25,0.19334772904251518,0.19334772904251518,STAGE4_SELL:NOTIONAL_BELOW_GUARD|CRASH_L1:NOTIONAL_BELOW_GUARD,2021-06-21 00:00:00+00:00,BEAR,DEEP_BEAR,3,4,0.55,0.25,0.19334772904251518,0.19334772904251518,STAGE4_SELL:NOTIONAL_BELOW_GUARD|CRASH_L1:NOTIONAL_BELOW_GUARD,,,STAGE4_SELL:NOTIONAL_BELOW_GUARD|CRASH_L1:NOTIONAL_BELOW_GUARD,STAGE4_SELL:NOTIONAL_BELOW_GUARD|CRASH_L1:NOTIONAL_BELOW_GUARD,False,SAME,
2021-06-23 00:00:00+00:00,2021-06-22 00:00:00+00:00,DEEP_BEAR,BEAR,4,3,0.25,0.55,0.19296504443525925,0.19296504443525925,DEEP_BEAR_TO_BEAR_NO_AUTO_BUY,2021-06-22 00:00:00+00:00,DEEP_BEAR,BEAR,4,3,0.25,0.55,0.19296504443525925,0.19296504443525925,DEEP_BEAR_TO_BEAR_NO_AUTO_BUY,,,DEEP_BEAR_TO_BEAR_NO_AUTO_BUY,DEEP_BEAR_TO_BEAR_NO_AUTO_BUY,False,SAME,
2021-06-24 00:00:00+00:00,2021-06-23 00:00:00+00:00,BEAR,DEEP_BEAR,3,4,0.55,0.25,0.20029052325357172,0.20029052325357172,STAGE4_SELL:EXPOSURE_GAP_BELOW_5PP,2021-06-23 00:00:00+00:00,BEAR,DEEP_BEAR,3,4,0.55,0.25,0.20029052325357172,0.20029052325357172,STAGE4_SELL:EXPOSURE_GAP_BELOW_5PP,,,STAGE4_SELL:EXPOSURE_GAP_BELOW_5PP,STAGE4_SELL:EXPOSURE_GAP_BELOW_5PP,False,SAME,
2021-06-25 00:00:00+00:00,2021-06-24 00:00:00+00:00,DEEP_BEAR,BEAR,4,3,0.25,0.55,0.20213886134912817,0.20213886134912817,DEEP_BEAR_TO_BEAR_NO_AUTO_BUY,2021-06-24 00:00:00+00:00,DEEP_BEAR,BEAR,4,3,0.25,0.55,0.20213886134912817,0.20213886134912817,DEEP_BEAR_TO_BEAR_NO_AUTO_BUY,,,DEEP_BEAR_TO_BEAR_NO_AUTO_BUY,DEEP_BEAR_TO_BEAR_NO_AUTO_BUY,False,SAME,
2021-06-26 00:00:00+00:00,2021-06-25 00:00:00+00:00,BEAR,DEEP_BEAR,3,4,0.55,0.25,0.1872932574433005,0.1872932574433005,STAGE4_SELL:NOTIONAL_BELOW_GUARD,2021-06-25 00:00:00+00:00,BEAR,DEEP_BEAR,3,4,0.55,0.25,0.1872932574433005,0.1872932574433005,STAGE4_SELL:NOTIONAL_BELOW_GUARD,,,STAGE4_SELL:NOTIONAL_BELOW_GUARD,STAGE4_SELL:NOTIONAL_BELOW_GUARD,False,SAME,
2021-06-27 00:00:00+00:00,2021-06-26 00:00:00+00:00,DEEP_BEAR,BEAR,4,3,0.25,0.55,0.18913193913365034,0.18913193913365034,DEEP_BEAR_TO_BEAR_NO_AUTO_BUY,2021-06-26 00:00:00+00:00,DEEP_BEAR,BEAR,4,3,0.25,0.55,0.18913193913365034,0.18913193913365034,DEEP_BEAR_TO_BEAR_NO_AUTO_BUY,,,DEEP_BEAR_TO_BEAR_NO_AUTO_BUY,DEEP_BEAR_TO_BEAR_NO_AUTO_BUY,False,SAME,
2021-06-28 00:00:00+00:00,2021-06-27 00:00:00+00:00,BEAR,DEEP_BEAR,3,4,0.55,0.25,0.20175924213971666,0.20175924213971666,STAGE4_SELL:EXPOSURE_GAP_BELOW_5PP,2021-06-27 00:00:00+00:00,BEAR,DEEP_BEAR,3,4,0.55,0.25,0.20175924213971666,0.20175924213971666,STAGE4_SELL:EXPOSURE_GAP_BELOW_5PP,,,STAGE4_SELL:EXPOSURE_GAP_BELOW_5PP,STAGE4_SELL:EXPOSURE_GAP_BELOW_5PP,False,SAME,
2021-06-29 00:00:00+00:00,2021-06-28 00:00:00+00:00,DEEP_BEAR,BEAR,4,3,0.25,0.55,0.209918453242138,0.209918453242138,DEEP_BEAR_TO_BEAR_NO_AUTO_BUY,2021-06-28 00:00:00+00:00,DEEP_BEAR,BEAR,4,3,0.25,0.55,0.209918453242138,0.209918453242138,DEEP_BEAR_TO_BEAR_NO_AUTO_BUY,,,DEEP_BEAR_TO_BEAR_NO_AUTO_BUY,DEEP_BEAR_TO_BEAR_NO_AUTO_BUY,False,SAME,
2021-06-30 00:00:00+00:00,2021-06-29 00:00:00+00:00,BEAR,DEEP_BEAR,3,4,0.55,0.25,0.2163795958449568,0.2163795958449568,STAGE4_SELL:EXPOSURE_GAP_BELOW_5PP,2021-06-29 00:00:00+00:00,BEAR,DEEP_BEAR,3,4,0.55,0.25,0.2163795958449568,0.2163795958449568,STAGE4_SELL:EXPOSURE_GAP_BELOW_5PP,,,STAGE4_SELL:EXPOSURE_GAP_BELOW_5PP,STAGE4_SELL:EXPOSURE_GAP_BELOW_5PP,False,SAME,
2021-07-01 00:00:00+00:00,2021-06-30 00:00:00+00:00,DEEP_BEAR,BEAR,4,3,0.25,0.55,0.22481588191115762,0.22481588191115762,DEEP_BEAR_TO_BEAR_NO_AUTO_BUY,2021-06-30 00:00:00+00:00,DEEP_BEAR,BEAR,4,3,0.25,0.55,0.22481588191115762,0.22481588191115762,DEEP_BEAR_TO_BEAR_NO_AUTO_BUY,,,DEEP_BEAR_TO_BEAR_NO_AUTO_BUY,DEEP_BEAR_TO_BEAR_NO_AUTO_BUY,False,SAME,
2021-07-02 00:00:00+00:00,2021-07-01 00:00:00+00:00,BEAR,DEEP_BEAR,3,4,0.55,0.25,0.21176083931775316,0.21176083931775316,STAGE4_SELL:EXPOSURE_GAP_BELOW_5PP,2021-07-01 00:00:00+00:00,BEAR,DEEP_BEAR,3,4,0.55,0.25,0.21176083931775316,0.21176083931775316,STAGE4_SELL:EXPOSURE_GAP_BELOW_5PP,,,STAGE4_SELL:EXPOSURE_GAP_BELOW_5PP,STAGE4_SELL:EXPOSURE_GAP_BELOW_5PP,False,SAME,
2021-07-03 00:00:00+00:00,2021-07-02 00:00:00+00:00,DEEP_BEAR,BEAR,4,3,0.25,0.55,0.21554104884193365,0.21554104884193365,DEEP_BEAR_TO_BEAR_NO_AUTO_BUY,2021-07-02 00:00:00+00:00,DEEP_BEAR,BEAR,4,3,0.25,0.55,0.21554104884193365,0.21554104884193365,DEEP_BEAR_TO_BEAR_NO_AUTO_BUY,,,DEEP_BEAR_TO_BEAR_NO_AUTO_BUY,DEEP_BEAR_TO_BEAR_NO_AUTO_BUY,False,SAME,
2021-07-04 00:00:00+00:00,2021-07-03 00:00:00+00:00,BEAR,DEEP_BEAR,3,4,0.55,0.25,0.22127548003626082,0.22127548003626082,STAGE4_SELL:EXPOSURE_GAP_BELOW_5PP,2021-07-03 00:00:00+00:00,BEAR,DEEP_BEAR,3,4,0.55,0.25,0.22127548003626082,0.22127548003626082,STAGE4_SELL:EXPOSURE_GAP_BELOW_5PP,,,STAGE4_SELL:EXPOSURE_GAP_BELOW_5PP,STAGE4_SELL:EXPOSURE_GAP_BELOW_5PP,False,SAME,
2021-07-05 00:00:00+00:00,2021-07-04 00:00:00+00:00,DEEP_BEAR,BEAR,4,3,0.25,0.55,0.22861143244452226,0.22861143244452226,DEEP_BEAR_TO_BEAR_NO_AUTO_BUY,2021-07-04 00:00:00+00:00,DEEP_BEAR,BEAR,4,3,0.25,0.55,0.22861143244452226,0.22861143244452226,DEEP_BEAR_TO_BEAR_NO_AUTO_BUY,,,DEEP_BEAR_TO_BEAR_NO_AUTO_BUY,DEEP_BEAR_TO_BEAR_NO_AUTO_BUY,False,SAME,
2021-07-06 00:00:00+00:00,2021-07-05 00:00:00+00:00,BEAR,DEEP_BEAR,3,4,0.55,0.25,0.2190177924462005,0.2190177924462005,STAGE4_SELL:EXPOSURE_GAP_BELOW_5PP,2021-07-05 00:00:00+00:00,BEAR,DEEP_BEAR,3,4,0.55,0.25,0.2190177924462005,0.2190177924462005,STAGE4_SELL:EXPOSURE_GAP_BELOW_5PP,,,STAGE4_SELL:EXPOSURE_GAP_BELOW_5PP,STAGE4_SELL:EXPOSURE_GAP_BELOW_5PP,False,SAME,
2021-07-07 00:00:00+00:00,2021-07-06 00:00:00+00:00,DEEP_BEAR,BEAR,4,3,0.25,0.55,0.2286427527711285,0.2286427527711285,DEEP_BEAR_TO_BEAR_NO_AUTO_BUY,2021-07-06 00:00:00+00:00,DEEP_BEAR,BEAR,4,3,0.25,0.55,0.2286427527711285,0.2286427527711285,DEEP_BEAR_TO_BEAR_NO_AUTO_BUY,,,DEEP_BEAR_TO_BEAR_NO_AUTO_BUY,DEEP_BEAR_TO_BEAR_NO_AUTO_BUY,False,SAME,
2021-07-08 00:00:00+00:00,2021-07-07 00:00:00+00:00,BEAR,DEEP_BEAR,3,4,0.55,0.25,0.22820540942667494,0.22820540942667494,STAGE4_SELL:EXPOSURE_GAP_BELOW_5PP,2021-07-07 00:00:00+00:00,BEAR,DEEP_BEAR,3,4,0.55,0.25,0.22820540942667494,0.22820540942667494,STAGE4_SELL:EXPOSURE_GAP_BELOW_5PP,,,STAGE4_SELL:EXPOSURE_GAP_BELOW_5PP,STAGE4_SELL:EXPOSURE_GAP_BELOW_5PP,False,SAME,
2021-07-09 00:00:00+00:00,2021-07-08 00:00:00+00:00,DEEP_BEAR,BEAR,4,3,0.25,0.55,0.21290355278583184,0.21290355278583184,DEEP_BEAR_TO_BEAR_NO_AUTO_BUY,2021-07-08 00:00:00+00:00,DEEP_BEAR,BEAR,4,3,0.25,0.55,0.21290355278583184,0.21290355278583184,DEEP_BEAR_TO_BEAR_NO_AUTO_BUY,,,DEEP_BEAR_TO_BEAR_NO_AUTO_BUY,DEEP_BEAR_TO_BEAR_NO_AUTO_BUY,False,SAME,
2021-07-10 00:00:00+00:00,2021-07-09 00:00:00+00:00,BEAR,DEEP_BEAR,3,4,0.55,0.25,0.21542155373397598,0.21542155373397598,STAGE4_SELL:EXPOSURE_GAP_BELOW_5PP,2021-07-09 00:00:00+00:00,BEAR,DEEP_BEAR,3,4,0.55,0.25,0.21542155373397598,0.21542155373397598,STAGE4_SELL:EXPOSURE_GAP_BELOW_5PP,,,STAGE4_SELL:EXPOSURE_GAP_BELOW_5PP,STAGE4_SELL:EXPOSURE_GAP_BELOW_5PP,False,SAME,
2021-07-11 00:00:00+00:00,2021-07-10 00:00:00+00:00,DEEP_BEAR,BEAR,4,3,0.25,0.55,0.21263373138309963,0.21263373138309963,DEEP_BEAR_TO_BEAR_NO_AUTO_BUY,2021-07-10 00:00:00+00:00,DEEP_BEAR,BEAR,4,3,0.25,0.55,0.21263373138309963,0.21263373138309963,DEEP_BEAR_TO_BEAR_NO_AUTO_BUY,,,DEEP_BEAR_TO_BEAR_NO_AUTO_BUY,DEEP_BEAR_TO_BEAR_NO_AUTO_BUY,False,SAME,
2021-07-12 00:00:00+00:00,2021-07-11 00:00:00+00:00,BEAR,DEEP_BEAR,3,4,0.55,0.25,0.21507914081657128,0.21507914081657128,STAGE4_SELL:EXPOSURE_GAP_BELOW_5PP,2021-07-11 00:00:00+00:00,BEAR,DEEP_BEAR,3,4,0.55,0.25,0.21507914081657128,0.21507914081657128,STAGE4_SELL:EXPOSURE_GAP_BELOW_5PP,,,STAGE4_SELL:EXPOSURE_GAP_BELOW_5PP,STAGE4_SELL:EXPOSURE_GAP_BELOW_5PP,False,SAME,
2021-07-13 00:00:00+00:00,2021-07-12 00:00:00+00:00,DEEP_BEAR,BEAR,4,3,0.25,0.55,0.20649851600214666,0.20649851600214666,DEEP_BEAR_TO_BEAR_NO_AUTO_BUY,2021-07-12 00:00:00+00:00,DEEP_BEAR,BEAR,4,3,0.25,0.55,0.20649851600214666,0.20649851600214666,DEEP_BEAR_TO_BEAR_NO_AUTO_BUY,,,DEEP_BEAR_TO_BEAR_NO_AUTO_BUY,DEEP_BEAR_TO_BEAR_NO_AUTO_BUY,False,SAME,
2021-07-14 00:00:00+00:00,2021-07-13 00:00:00+00:00,BEAR,DEEP_BEAR,3,4,0.55,0.25,0.1992406232751466,0.1992406232751466,STAGE4_SELL:NOTIONAL_BELOW_GUARD,2021-07-13 00:00:00+00:00,BEAR,DEEP_BEAR,3,4,0.55,0.25,0.1992406232751466,0.1992406232751466,STAGE4_SELL:NOTIONAL_BELOW_GUARD,,,STAGE4_SELL:NOTIONAL_BELOW_GUARD,STAGE4_SELL:NOTIONAL_BELOW_GUARD,False,SAME,
2021-07-15 00:00:00+00:00,2021-07-14 00:00:00+00:00,DEEP_BEAR,BEAR,4,3,0.25,0.55,0.20364461428288164,0.20364461428288164,DEEP_BEAR_TO_BEAR_NO_AUTO_BUY,2021-07-14 00:00:00+00:00,DEEP_BEAR,BEAR,4,3,0.25,0.55,0.20364461428288164,0.20364461428288164,DEEP_BEAR_TO_BEAR_NO_AUTO_BUY,,,DEEP_BEAR_TO_BEAR_NO_AUTO_BUY,DEEP_BEAR_TO_BEAR_NO_AUTO_BUY,False,SAME,
2021-07-16 00:00:00+00:00,2021-07-15 00:00:00+00:00,BEAR,DEEP_BEAR,3,4,0.55,0.25,0.19759877937450285,0.19759877937450285,STAGE4_SELL:NOTIONAL_BELOW_GUARD,2021-07-15 00:00:00+00:00,BEAR,DEEP_BEAR,3,4,0.55,0.25,0.19759877937450285,0.19759877937450285,STAGE4_SELL:NOTIONAL_BELOW_GUARD,,,STAGE4_SELL:NOTIONAL_BELOW_GUARD,STAGE4_SELL:NOTIONAL_BELOW_GUARD,False,SAME,
2021-07-17 00:00:00+00:00,2021-07-16 00:00:00+00:00,DEEP_BEAR,BEAR,4,3,0.25,0.55,0.1941092459133808,0.1941092459133808,DEEP_BEAR_TO_BEAR_NO_AUTO_BUY,2021-07-16 00:00:00+00:00,DEEP_BEAR,BEAR,4,3,0.25,0.55,0.1941092459133808,0.1941092459133808,DEEP_BEAR_TO_BEAR_NO_AUTO_BUY,,,DEEP_BEAR_TO_BEAR_NO_AUTO_BUY,DEEP_BEAR_TO_BEAR_NO_AUTO_BUY,False,SAME,
2021-07-18 00:00:00+00:00,2021-07-17 00:00:00+00:00,BEAR,DEEP_BEAR,3,4,0.55,0.25,0.19606380921342784,0.19606380921342784,STAGE4_SELL:NOTIONAL_BELOW_GUARD,2021-07-17 00:00:00+00:00,BEAR,DEEP_BEAR,3,4,0.55,0.25,0.19606380921342784,0.19606380921342784,STAGE4_SELL:NOTIONAL_BELOW_GUARD,,,STAGE4_SELL:NOTIONAL_BELOW_GUARD,STAGE4_SELL:NOTIONAL_BELOW_GUARD,False,SAME,
2021-07-19 00:00:00+00:00,2021-07-18 00:00:00+00:00,DEEP_BEAR,BEAR,4,3,0.25,0.55,0.1955135436057288,0.1955135436057288,DEEP_BEAR_TO_BEAR_NO_AUTO_BUY,2021-07-18 00:00:00+00:00,DEEP_BEAR,BEAR,4,3,0.25,0.55,0.1955135436057288,0.1955135436057288,DEEP_BEAR_TO_BEAR_NO_AUTO_BUY,,,DEEP_BEAR_TO_BEAR_NO_AUTO_BUY,DEEP_BEAR_TO_BEAR_NO_AUTO_BUY,False,SAME,
2021-07-20 00:00:00+00:00,2021-07-19 00:00:00+00:00,BEAR,DEEP_BEAR,3,4,0.55,0.25,0.18949700319546808,0.18949700319546808,STAGE4_SELL:NOTIONAL_BELOW_GUARD,2021-07-19 00:00:00+00:00,BEAR,DEEP_BEAR,3,4,0.55,0.25,0.18949700319546808,0.18949700319546808,STAGE4_SELL:NOTIONAL_BELOW_GUARD,,,STAGE4_SELL:NOTIONAL_BELOW_GUARD,STAGE4_SELL:NOTIONAL_BELOW_GUARD,False,SAME,
2021-07-21 00:00:00+00:00,2021-07-20 00:00:00+00:00,DEEP_BEAR,BEAR,4,3,0.25,0.55,0.1867394488117731,0.1867394488117731,DEEP_BEAR_TO_BEAR_NO_AUTO_BUY,2021-07-20 00:00:00+00:00,DEEP_BEAR,BEAR,4,3,0.25,0.55,0.1867394488117731,0.1867394488117731,DEEP_BEAR_TO_BEAR_NO_AUTO_BUY,,,DEEP_BEAR_TO_BEAR_NO_AUTO_BUY,DEEP_BEAR_TO_BEAR_NO_AUTO_BUY,False,SAME,
2021-07-22 00:00:00+00:00,2021-07-21 00:00:00+00:00,BEAR,DEEP_BEAR,3,4,0.55,0.25,0.20411715873472044,0.20411715873472044,STAGE4_SELL:EXPOSURE_GAP_BELOW_5PP,2021-07-21 00:00:00+00:00,BEAR,DEEP_BEAR,3,4,0.55,0.25,0.20411715873472044,0.20411715873472044,STAGE4_SELL:EXPOSURE_GAP_BELOW_5PP,,,STAGE4_SELL:EXPOSURE_GAP_BELOW_5PP,STAGE4_SELL:EXPOSURE_GAP_BELOW_5PP,False,SAME,
2021-07-23 00:00:00+00:00,2021-07-22 00:00:00+00:00,DEEP_BEAR,BEAR,4,3,0.25,0.55,0.20648121176907117,0.20648121176907117,DEEP_BEAR_TO_BEAR_NO_AUTO_BUY,2021-07-22 00:00:00+00:00,DEEP_BEAR,BEAR,4,3,0.25,0.55,0.20648121176907117,0.20648121176907117,DEEP_BEAR_TO_BEAR_NO_AUTO_BUY,,,DEEP_BEAR_TO_BEAR_NO_AUTO_BUY,DEEP_BEAR_TO_BEAR_NO_AUTO_BUY,False,SAME,
2021-07-24 00:00:00+00:00,2021-07-23 00:00:00+00:00,BEAR,DEEP_BEAR,3,4,0.55,0.25,0.21453009733398007,0.21453009733398007,STAGE4_SELL:EXPOSURE_GAP_BELOW_5PP,2021-07-23 00:00:00+00:00,BEAR,DEEP_BEAR,3,4,0.55,0.25,0.21453009733398007,0.21453009733398007,STAGE4_SELL:EXPOSURE_GAP_BELOW_5PP,,,STAGE4_SELL:EXPOSURE_GAP_BELOW_5PP,STAGE4_SELL:EXPOSURE_GAP_BELOW_5PP,False,SAME,
2021-07-25 00:00:00+00:00,2021-07-24 00:00:00+00:00,DEEP_BEAR,BEAR,4,3,0.25,0.55,0.2193371676361164,0.2193371676361164,DEEP_BEAR_TO_BEAR_NO_AUTO_BUY,2021-07-24 00:00:00+00:00,DEEP_BEAR,BEAR,4,3,0.25,0.55,0.2193371676361164,0.2193371676361164,DEEP_BEAR_TO_BEAR_NO_AUTO_BUY,,,DEEP_BEAR_TO_BEAR_NO_AUTO_BUY,DEEP_BEAR_TO_BEAR_NO_AUTO_BUY,False,SAME,
2021-07-26 00:00:00+00:00,2021-07-25 00:00:00+00:00,BEAR,DEEP_BEAR,3,4,0.55,0.25,0.21989327360332614,0.21989327360332614,STAGE4_SELL:EXPOSURE_GAP_BELOW_5PP,2021-07-25 00:00:00+00:00,BEAR,DEEP_BEAR,3,4,0.55,0.25,0.21989327360332614,0.21989327360332614,STAGE4_SELL:EXPOSURE_GAP_BELOW_5PP,,,STAGE4_SELL:EXPOSURE_GAP_BELOW_5PP,STAGE4_SELL:EXPOSURE_GAP_BELOW_5PP,False,SAME,
2021-07-27 00:00:00+00:00,2021-07-26 00:00:00+00:00,DEEP_BEAR,BEAR,4,3,0.25,0.55,0.22304692445356003,0.22304692445356003,DEEP_BEAR_TO_BEAR_NO_AUTO_BUY,2021-07-26 00:00:00+00:00,DEEP_BEAR,BEAR,4,3,0.25,0.55,0.22304692445356003,0.22304692445356003,DEEP_BEAR_TO_BEAR_NO_AUTO_BUY,,,DEEP_BEAR_TO_BEAR_NO_AUTO_BUY,DEEP_BEAR_TO_BEAR_NO_AUTO_BUY,False,SAME,
2021-07-28 00:00:00+00:00,2021-07-27 00:00:00+00:00,BEAR,DEEP_BEAR,3,4,0.55,0.25,0.2287507255340691,0.2287507255340691,STAGE4_SELL:EXPOSURE_GAP_BELOW_5PP,2021-07-27 00:00:00+00:00,BEAR,DEEP_BEAR,3,4,0.55,0.25,0.2287507255340691,0.2287507255340691,STAGE4_SELL:EXPOSURE_GAP_BELOW_5PP,,,STAGE4_SELL:EXPOSURE_GAP_BELOW_5PP,STAGE4_SELL:EXPOSURE_GAP_BELOW_5PP,False,SAME,
2021-07-29 00:00:00+00:00,2021-07-28 00:00:00+00:00,DEEP_BEAR,BEAR,4,3,0.25,0.55,0.22897637112306918,0.22897637112306918,DEEP_BEAR_TO_BEAR_NO_AUTO_BUY,2021-07-28 00:00:00+00:00,DEEP_BEAR,BEAR,4,3,0.25,0.55,0.22897637112306918,0.22897637112306918,DEEP_BEAR_TO_BEAR_NO_AUTO_BUY,,,DEEP_BEAR_TO_BEAR_NO_AUTO_BUY,DEEP_BEAR_TO_BEAR_NO_AUTO_BUY,False,SAME,
2021-07-30 00:00:00+00:00,2021-07-29 00:00:00+00:00,BEAR,DEEP_BEAR,3,4,0.55,0.25,0.23512421691707844,0.23512421691707844,STAGE4_SELL:EXPOSURE_GAP_BELOW_5PP,2021-07-29 00:00:00+00:00,BEAR,DEEP_BEAR,3,4,0.55,0.25,0.23512421691707844,0.23512421691707844,STAGE4_SELL:EXPOSURE_GAP_BELOW_5PP,,,STAGE4_SELL:EXPOSURE_GAP_BELOW_5PP,STAGE4_SELL:EXPOSURE_GAP_BELOW_5PP,False,SAME,
2021-07-31 00:00:00+00:00,2021-07-30 00:00:00+00:00,DEEP_BEAR,BEAR,4,3,0.25,0.55,0.24118058716155788,0.24118058716155788,DEEP_BEAR_TO_BEAR_NO_AUTO_BUY,2021-07-30 00:00:00+00:00,DEEP_BEAR,BEAR,4,3,0.25,0.55,0.24118058716155788,0.24118058716155788,DEEP_BEAR_TO_BEAR_NO_AUTO_BUY,,,DEEP_BEAR_TO_BEAR_NO_AUTO_BUY,DEEP_BEAR_TO_BEAR_NO_AUTO_BUY,False,SAME,
2021-08-01 00:00:00+00:00,2021-07-31 00:00:00+00:00,BEAR,DEEP_BEAR,3,4,0.55,0.25,0.2461491391344324,0.2461491391344324,STAGE4_SELL:EXPOSURE_GAP_BELOW_5PP,2021-07-31 00:00:00+00:00,BEAR,DEEP_BEAR,3,4,0.55,0.25,0.2461491391344324,0.2461491391344324,STAGE4_SELL:EXPOSURE_GAP_BELOW_5PP,,,STAGE4_SELL:EXPOSURE_GAP_BELOW_5PP,STAGE4_SELL:EXPOSURE_GAP_BELOW_5PP,False,SAME,
2021-08-02 00:00:00+00:00,2021-08-01 00:00:00+00:00,DEEP_BEAR,BEAR,4,3,0.25,0.55,0.24777033394618841,0.24777033394618841,DEEP_BEAR_TO_BEAR_NO_AUTO_BUY,2021-08-01 00:00:00+00:00,DEEP_BEAR,BEAR,4,3,0.25,0.55,0.24777033394618841,0.24777033394618841,DEEP_BEAR_TO_BEAR_NO_AUTO_BUY,,,DEEP_BEAR_TO_BEAR_NO_AUTO_BUY,DEEP_BEAR_TO_BEAR_NO_AUTO_BUY,False,SAME,
2021-08-03 00:00:00+00:00,2021-08-02 00:00:00+00:00,BEAR,DEEP_BEAR,3,4,0.55,0.25,0.2513935986712005,0.2513935986712005,STAGE4_SELL:EXPOSURE_GAP_BELOW_5PP,2021-08-02 00:00:00+00:00,BEAR,DEEP_BEAR,3,4,0.55,0.25,0.2513935986712005,0.2513935986712005,STAGE4_SELL:EXPOSURE_GAP_BELOW_5PP,,,STAGE4_SELL:EXPOSURE_GAP_BELOW_5PP,STAGE4_SELL:EXPOSURE_GAP_BELOW_5PP,False,SAME,
2021-08-04 00:00:00+00:00,2021-08-03 00:00:00+00:00,DEEP_BEAR,BEAR,4,3,0.25,0.55,0.2443371038915852,0.2443371038915852,DEEP_BEAR_TO_BEAR_NO_AUTO_BUY,2021-08-03 00:00:00+00:00,DEEP_BEAR,BEAR,4,3,0.25,0.55,0.2443371038915852,0.2443371038915852,DEEP_BEAR_TO_BEAR_NO_AUTO_BUY,,,DEEP_BEAR_TO_BEAR_NO_AUTO_BUY,DEEP_BEAR_TO_BEAR_NO_AUTO_BUY,False,SAME,
2021-08-05 00:00:00+00:00,2021-08-04 00:00:00+00:00,BEAR,DEEP_BEAR,3,4,0.55,0.25,0.2597735499334704,0.2597735499334704,STAGE4_SELL:EXPOSURE_GAP_BELOW_5PP,2021-08-04 00:00:00+00:00,BEAR,DEEP_BEAR,3,4,0.55,0.25,0.2597735499334704,0.2597735499334704,STAGE4_SELL:EXPOSURE_GAP_BELOW_5PP,,,STAGE4_SELL:EXPOSURE_GAP_BELOW_5PP,STAGE4_SELL:EXPOSURE_GAP_BELOW_5PP,False,SAME,
2021-08-06 00:00:00+00:00,2021-08-05 00:00:00+00:00,DEEP_BEAR,BEAR,4,3,0.25,0.55,0.2669509026716567,0.2669509026716567,DEEP_BEAR_TO_BEAR_NO_AUTO_BUY,2021-08-05 00:00:00+00:00,DEEP_BEAR,BEAR,4,3,0.25,0.55,0.2669509026716567,0.2669509026716567,DEEP_BEAR_TO_BEAR_NO_AUTO_BUY,,,DEEP_BEAR_TO_BEAR_NO_AUTO_BUY,DEEP_BEAR_TO_BEAR_NO_AUTO_BUY,False,SAME,
2021-08-07 00:00:00+00:00,2021-08-06 00:00:00+00:00,BEAR,DEEP_BEAR,3,4,0.55,0.25,0.2715561299402071,0.2715561299402071,STAGE4_SELL:EXPOSURE_GAP_BELOW_5PP,2021-08-06 00:00:00+00:00,BEAR,DEEP_BEAR,3,4,0.55,0.25,0.2715561299402071,0.2715561299402071,STAGE4_SELL:EXPOSURE_GAP_BELOW_5PP,,,STAGE4_SELL:EXPOSURE_GAP_BELOW_5PP,STAGE4_SELL:EXPOSURE_GAP_BELOW_5PP,False,SAME,
2021-08-08 00:00:00+00:00,2021-08-07 00:00:00+00:00,DEEP_BEAR,BEAR,4,3,0.25,0.55,0.28931907936871665,0.28931907936871665,DEEP_BEAR_TO_BEAR_NO_AUTO_BUY,2021-08-07 00:00:00+00:00,DEEP_BEAR,BEAR,4,3,0.25,0.55,0.28931907936871665,0.28931907936871665,DEEP_BEAR_TO_BEAR_NO_AUTO_BUY,,,DEEP_BEAR_TO_BEAR_NO_AUTO_BUY,DEEP_BEAR_TO_BEAR_NO_AUTO_BUY,False,SAME,
2021-08-09 00:00:00+00:00,2021-08-08 00:00:00+00:00,BEAR,DEEP_BEAR,3,4,0.55,0.25,0.27970772131403504,0.27970772131403504,STAGE4_SELL:EXPOSURE_GAP_BELOW_5PP,2021-08-08 00:00:00+00:00,BEAR,DEEP_BEAR,3,4,0.55,0.25,0.27970772131403504,0.27970772131403504,STAGE4_SELL:EXPOSURE_GAP_BELOW_5PP,,,STAGE4_SELL:EXPOSURE_GAP_BELOW_5PP,STAGE4_SELL:EXPOSURE_GAP_BELOW_5PP,False,SAME,
2021-08-10 00:00:00+00:00,2021-08-09 00:00:00+00:00,DEEP_BEAR,BEAR,4,3,0.25,0.55,0.28959925386583096,0.28959925386583096,DEEP_BEAR_TO_BEAR_NO_AUTO_BUY,2021-08-09 00:00:00+00:00,DEEP_BEAR,BEAR,4,3,0.25,0.55,0.28959925386583096,0.28959925386583096,DEEP_BEAR_TO_BEAR_NO_AUTO_BUY,,,DEEP_BEAR_TO_BEAR_NO_AUTO_BUY,DEEP_BEAR_TO_BEAR_NO_AUTO_BUY,False,SAME,
2021-08-11 00:00:00+00:00,2021-08-10 00:00:00+00:00,BEAR,BEAR,3,3,0.55,0.55,0.28834482568191966,0.28834482568191966,,2021-08-10 00:00:00+00:00,BEAR,BEAR,3,3,0.55,0.55,0.28834482568191966,0.28834482568191966,,,,,,False,SAME,
2021-08-12 00:00:00+00:00,2021-08-11 00:00:00+00:00,BEAR,BEAR,3,3,0.55,0.55,0.2896111287560692,0.2896111287560692,,2021-08-11 00:00:00+00:00,BEAR,BEAR,3,3,0.55,0.55,0.2896111287560692,0.2896111287560692,,,,,,False,SAME,
2021-08-13 00:00:00+00:00,2021-08-12 00:00:00+00:00,BEAR,BEAR,3,3,0.55,0.55,0.2822019496043303,0.2822019496043303,,2021-08-12 00:00:00+00:00,BEAR,BEAR,3,3,0.55,0.55,0.2822019496043303,0.2822019496043303,,,,,,False,SAME,
2021-08-14 00:00:00+00:00,2021-08-13 00:00:00+00:00,BEAR,BEAR,3,3,0.55,0.55,0.30009469595453125,0.30009469595453125,,2021-08-13 00:00:00+00:00,BEAR,BEAR,3,3,0.55,0.55,0.30009469595453125,0.30009469595453125,,,,,,False,SAME,
2021-08-15 00:00:00+00:00,2021-08-14 00:00:00+00:00,BEAR,BEAR,3,3,0.55,0.55,0.29639521002463226,0.29639521002463226,,2021-08-14 00:00:00+00:00,BEAR,BEAR,3,3,0.55,0.55,0.29639521002463226,0.29639521002463226,,,,,,False,SAME,
2021-08-16 00:00:00+00:00,2021-08-15 00:00:00+00:00,BEAR,BEAR,3,3,0.55,0.55,0.29917720466253933,0.29917720466253933,,2021-08-15 00:00:00+00:00,BEAR,BEAR,3,3,0.55,0.55,0.29917720466253933,0.29917720466253933,,,,,,False,SAME,
2021-08-17 00:00:00+00:00,2021-08-16 00:00:00+00:00,BEAR,BEAR,3,3,0.55,0.55,0.28905913352085494,0.28905913352085494,,2021-08-16 00:00:00+00:00,BEAR,BEAR,3,3,0.55,0.55,0.28905913352085494,0.28905913352085494,,,,,,False,SAME,
2021-08-18 00:00:00+00:00,2021-08-17 00:00:00+00:00,BEAR,BEAR,3,3,0.55,0.55,0.2802432514570657,0.2802432514570657,,2021-08-17 00:00:00+00:00,BEAR,BEAR,3,3,0.55,0.55,0.2802432514570657,0.2802432514570657,,,,,,False,SAME,
2021-08-19 00:00:00+00:00,2021-08-18 00:00:00+00:00,BEAR,BEAR,3,3,0.55,0.55,0.2804538976635901,0.2804538976635901,,2021-08-18 00:00:00+00:00,BEAR,BEAR,3,3,0.55,0.55,0.2804538976635901,0.2804538976635901,,,,,,False,SAME,
2021-08-20 00:00:00+00:00,2021-08-19 00:00:00+00:00,BEAR,BEAR,3,3,0.55,0.55,0.29165083849610424,0.29165083849610424,,2021-08-19 00:00:00+00:00,BEAR,BEAR,3,3,0.55,0.55,0.29165083849610424,0.29165083849610424,,,,,,False,SAME,
2021-08-21 00:00:00+00:00,2021-08-20 00:00:00+00:00,BEAR,BEAR,3,3,0.55,0.55,0.2982989479078787,0.2982989479078787,,2021-08-20 00:00:00+00:00,BEAR,BEAR,3,3,0.55,0.55,0.2982989479078787,0.2982989479078787,,,,,,False,SAME,
2021-08-22 00:00:00+00:00,2021-08-21 00:00:00+00:00,BEAR,BEAR,3,3,0.55,0.55,0.29445930753293054,0.29445930753293054,,2021-08-21 00:00:00+00:00,BEAR,BEAR,3,3,0.55,0.55,0.29445930753293054,0.29445930753293054,,,,,,False,SAME,
2021-08-23 00:00:00+00:00,2021-08-22 00:00:00+00:00,BEAR,BEAR,3,3,0.55,0.55,0.29547363877742155,0.29547363877742155,,2021-08-22 00:00:00+00:00,BEAR,BEAR,3,3,0.55,0.55,0.29547363877742155,0.29547363877742155,,,,,,False,SAME,
2021-08-24 00:00:00+00:00,2021-08-23 00:00:00+00:00,BEAR,BEAR,3,3,0.55,0.55,0.3007161045631389,0.3007161045631389,,2021-08-23 00:00:00+00:00,BEAR,BEAR,3,3,0.55,0.55,0.3007161045631389,0.3007161045631389,,,,,,False,SAME,
2021-08-25 00:00:00+00:00,2021-08-24 00:00:00+00:00,BEAR,BEAR,3,3,0.55,0.55,0.29114587809401626,0.29114587809401626,,2021-08-24 00:00:00+00:00,BEAR,BEAR,3,3,0.55,0.55,0.29114587809401626,0.29114587809401626,,,,,,False,SAME,
2021-08-26 00:00:00+00:00,2021-08-25 00:00:00+00:00,BEAR,BEAR,3,3,0.55,0.55,0.2948926037095831,0.2948926037095831,,2021-08-25 00:00:00+00:00,BEAR,BEAR,3,3,0.55,0.55,0.2948926037095831,0.2948926037095831,,,,,,False,SAME,
2021-08-27 00:00:00+00:00,2021-08-26 00:00:00+00:00,BEAR,BEAR,3,3,0.55,0.55,0.2862004319214061,0.2862004319214061,,2021-08-26 00:00:00+00:00,BEAR,BEAR,3,3,0.55,0.55,0.2862004319214061,0.2862004319214061,,,,,,False,SAME,
2021-08-28 00:00:00+00:00,2021-08-27 00:00:00+00:00,BEAR,BEAR,3,3,0.55,0.55,0.2979343377405288,0.2979343377405288,,2021-08-27 00:00:00+00:00,BEAR,BEAR,3,3,0.55,0.55,0.2979343377405288,0.2979343377405288,,,,,,False,SAME,
2021-08-29 00:00:00+00:00,2021-08-28 00:00:00+00:00,BEAR,BEAR,3,3,0.55,0.55,0.29614868270618805,0.29614868270618805,,2021-08-28 00:00:00+00:00,BEAR,BEAR,3,3,0.55,0.55,0.29614868270618805,0.29614868270618805,,,,,,False,SAME,
2021-08-30 00:00:00+00:00,2021-08-29 00:00:00+00:00,BEAR,BEAR,3,3,0.55,0.55,0.29485200170507037,0.29485200170507037,,2021-08-29 00:00:00+00:00,BEAR,BEAR,3,3,0.55,0.55,0.29485200170507037,0.29485200170507037,,,,,,False,SAME,
2021-08-31 00:00:00+00:00,2021-08-30 00:00:00+00:00,BEAR,BEAR,3,3,0.55,0.55,0.2950294454719639,0.2950294454719639,,2021-08-30 00:00:00+00:00,BEAR,BEAR,3,3,0.55,0.55,0.2950294454719639,0.2950294454719639,,,,,,False,SAME,
2021-09-01 00:00:00+00:00,2021-08-31 00:00:00+00:00,BEAR,BEAR,3,3,0.55,0.55,0.3073878630066056,0.3073878630066056,,2021-08-31 00:00:00+00:00,BEAR,BEAR,3,3,0.55,0.55,0.3073878630066056,0.3073878630066056,,,,,,False,SAME,
2021-09-02 00:00:00+00:00,2021-09-01 00:00:00+00:00,BEAR,BEAR,3,3,0.55,0.55,0.33083767452339924,0.33083767452339924,,2021-09-01 00:00:00+00:00,BEAR,BEAR,3,3,0.55,0.55,0.33083767452339924,0.33083767452339924,,,,,,False,SAME,
2021-09-03 00:00:00+00:00,2021-09-02 00:00:00+00:00,BEAR,BEAR,3,3,0.55,0.55,0.3286134618472017,0.3286134618472017,,2021-09-02 00:00:00+00:00,BEAR,BEAR,3,3,0.55,0.55,0.3286134618472017,0.3286134618472017,,,,,,False,SAME,
2021-09-04 00:00:00+00:00,2021-09-03 00:00:00+00:00,BEAR,BEAR,3,3,0.55,0.55,0.3372746227298688,0.3372746227298688,,2021-09-03 00:00:00+00:00,BEAR,BEAR,3,3,0.55,0.55,0.3372746227298688,0.3372746227298688,,,,,,False,SAME,
2021-09-05 00:00:00+00:00,2021-09-04 00:00:00+00:00,BEAR,BEAR,3,3,0.55,0.55,0.3343930634285573,0.3343930634285573,,2021-09-04 00:00:00+00:00,BEAR,BEAR,3,3,0.55,0.55,0.3343930634285573,0.3343930634285573,,,,,,False,SAME,
2021-09-06 00:00:00+00:00,2021-09-05 00:00:00+00:00,BEAR,BEAR,3,3,0.55,0.55,0.33823842870353876,0.33823842870353876,,2021-09-05 00:00:00+00:00,BEAR,BEAR,3,3,0.55,0.55,0.33823842870353876,0.33823842870353876,,,,,,False,SAME,
2021-09-07 00:00:00+00:00,2021-09-06 00:00:00+00:00,BEAR,BEAR,3,3,0.55,0.55,0.3370849842234337,0.3370849842234337,,2021-09-06 00:00:00+00:00,BEAR,BEAR,3,3,0.55,0.55,0.3370849842234337,0.3370849842234337,,,,,,False,SAME,
2021-09-08 00:00:00+00:00,2021-09-07 00:00:00+00:00,BEAR,BEAR,3,3,0.55,0.55,0.3080097511977171,0.3080097511977171,,2021-09-07 00:00:00+00:00,BEAR,BEAR,3,3,0.55,0.55,0.3080097511977171,0.3080097511977171,,,,,,False,SAME,
2021-09-09 00:00:00+00:00,2021-09-08 00:00:00+00:00,BEAR,BEAR,3,3,0.55,0.55,0.31179778870793,0.31179778870793,,2021-09-08 00:00:00+00:00,BEAR,BEAR,3,3,0.55,0.55,0.31179778870793,0.31179778870793,,,,,,False,SAME,
2021-09-10 00:00:00+00:00,2021-09-09 00:00:00+00:00,BEAR,BEAR,3,3,0.55,0.55,0.307445550534472,0.307445550534472,,2021-09-09 00:00:00+00:00,BEAR,BEAR,3,3,0.55,0.55,0.307445550534472,0.307445550534472,,,,,,False,SAME,
2021-09-11 00:00:00+00:00,2021-09-10 00:00:00+00:00,BEAR,BEAR,3,3,0.55,0.55,0.2939823818390608,0.2939823818390608,,2021-09-10 00:00:00+00:00,BEAR,BEAR,3,3,0.55,0.55,0.2939823818390608,0.2939823818390608,,,,,,False,SAME,
2021-09-12 00:00:00+00:00,2021-09-11 00:00:00+00:00,BEAR,BEAR,3,3,0.55,0.55,0.29771238872957434,0.29771238872957434,,2021-09-11 00:00:00+00:00,BEAR,BEAR,3,3,0.55,0.55,0.29771238872957434,0.29771238872957434,,,,,,False,SAME,
2021-09-13 00:00:00+00:00,2021-09-12 00:00:00+00:00,BEAR,BEAR,3,3,0.55,0.55,0.3062909818133934,0.3062909818133934,,2021-09-12 00:00:00+00:00,BEAR,BEAR,3,3,0.55,0.55,0.3062909818133934,0.3062909818133934,,,,,,False,SAME,
2021-09-14 00:00:00+00:00,2021-09-13 00:00:00+00:00,BEAR,BEAR,3,3,0.55,0.55,0.29889154149212044,0.29889154149212044,,2021-09-13 00:00:00+00:00,BEAR,BEAR,3,3,0.55,0.55,0.29889154149212044,0.29889154149212044,,,,,,False,SAME,
2021-09-15 00:00:00+00:00,2021-09-14 00:00:00+00:00,BEAR,BEAR,3,3,0.55,0.55,0.30835077540404465,0.30835077540404465,,2021-09-14 00:00:00+00:00,BEAR,BEAR,3,3,0.55,0.55,0.30835077540404465,0.30835077540404465,,,,,,False,SAME,
2021-09-16 00:00:00+00:00,2021-09-15 00:00:00+00:00,BEAR,BEAR,3,3,0.55,0.55,0.31915643334992466,0.31915643334992466,,2021-09-15 00:00:00+00:00,BEAR,BEAR,3,3,0.55,0.55,0.31915643334992466,0.31915643334992466,,,,,,False,SAME,
2021-09-17 00:00:00+00:00,2021-09-16 00:00:00+00:00,BEAR,BEAR,3,3,0.55,0.55,0.316480228019498,0.316480228019498,,2021-09-16 00:00:00+00:00,BEAR,BEAR,3,3,0.55,0.55,0.316480228019498,0.316480228019498,,,,,,False,SAME,
2021-09-18 00:00:00+00:00,2021-09-17 00:00:00+00:00,BEAR,BEAR,3,3,0.55,0.55,0.3064355049728483,0.3064355049728483,,2021-09-17 00:00:00+00:00,BEAR,BEAR,3,3,0.55,0.55,0.3064355049728483,0.3064355049728483,,,,,,False,SAME,
2021-09-19 00:00:00+00:00,2021-09-18 00:00:00+00:00,BEAR,BEAR,3,3,0.55,0.55,0.30877904705273523,0.30877904705273523,,2021-09-18 00:00:00+00:00,BEAR,BEAR,3,3,0.55,0.55,0.30877904705273523,0.30877904705273523,,,,,,False,SAME,
2021-09-20 00:00:00+00:00,2021-09-19 00:00:00+00:00,BEAR,BEAR,3,3,0.55,0.55,0.3021751683162579,0.3021751683162579,,2021-09-19 00:00:00+00:00,BEAR,BEAR,3,3,0.55,0.55,0.3021751683162579,0.3021751683162579,,,,,,False,SAME,
2021-09-21 00:00:00+00:00,2021-09-20 00:00:00+00:00,BEAR,BEAR,3,3,0.55,0.55,0.27935699560224153,0.27935699560224153,,2021-09-20 00:00:00+00:00,BEAR,BEAR,3,3,0.55,0.55,0.27935699560224153,0.27935699560224153,,,,,,False,SAME,
2021-09-22 00:00:00+00:00,2021-09-21 00:00:00+00:00,BEAR,BEAR,3,3,0.55,0.55,0.265003152543091,0.265003152543091,CRASH_L1:NOTIONAL_BELOW_GUARD,2021-09-21 00:00:00+00:00,BEAR,BEAR,3,3,0.55,0.55,0.265003152543091,0.265003152543091,CRASH_L1:NOTIONAL_BELOW_GUARD,,,CRASH_L1:NOTIONAL_BELOW_GUARD,CRASH_L1:NOTIONAL_BELOW_GUARD,False,SAME,
2021-09-23 00:00:00+00:00,2021-09-22 00:00:00+00:00,BEAR,BEAR,3,3,0.55,0.55,0.2859924826083523,0.2859924826083523,,2021-09-22 00:00:00+00:00,BEAR,BEAR,3,3,0.55,0.55,0.2859924826083523,0.2859924826083523,,,,,,False,SAME,
2021-09-24 00:00:00+00:00,2021-09-23 00:00:00+00:00,BEAR,BEAR,3,3,0.55,0.55,0.291055367494302,0.291055367494302,,2021-09-23 00:00:00+00:00,BEAR,BEAR,3,3,0.55,0.55,0.291055367494302,0.291055367494302,,,,,,False,SAME,
2021-09-25 00:00:00+00:00,2021-09-24 00:00:00+00:00,BEAR,DEEP_BEAR,3,4,0.55,0.25,0.2763030571759698,0.2763030571759698,STAGE4_SELL:EXPOSURE_GAP_BELOW_5PP,2021-09-24 00:00:00+00:00,BEAR,DEEP_BEAR,3,4,0.55,0.25,0.2763030571759698,0.2763030571759698,STAGE4_SELL:EXPOSURE_GAP_BELOW_5PP,,,STAGE4_SELL:EXPOSURE_GAP_BELOW_5PP,STAGE4_SELL:EXPOSURE_GAP_BELOW_5PP,False,SAME,
2021-09-26 00:00:00+00:00,2021-09-25 00:00:00+00:00,DEEP_BEAR,BEAR,4,3,0.25,0.55,0.27591117602554593,0.27591117602554593,DEEP_BEAR_TO_BEAR_NO_AUTO_BUY,2021-09-25 00:00:00+00:00,DEEP_BEAR,BEAR,4,3,0.25,0.55,0.27591117602554593,0.27591117602554593,DEEP_BEAR_TO_BEAR_NO_AUTO_BUY,,,DEEP_BEAR_TO_BEAR_NO_AUTO_BUY,DEEP_BEAR_TO_BEAR_NO_AUTO_BUY,False,SAME,
2021-09-27 00:00:00+00:00,2021-09-26 00:00:00+00:00,BEAR,DEEP_BEAR,3,4,0.55,0.25,0.2850043806485398,0.2850043806485398,STAGE4_SELL:EXPOSURE_GAP_BELOW_5PP,2021-09-26 00:00:00+00:00,BEAR,DEEP_BEAR,3,4,0.55,0.25,0.2850043806485398,0.2850043806485398,STAGE4_SELL:EXPOSURE_GAP_BELOW_5PP,,,STAGE4_SELL:EXPOSURE_GAP_BELOW_5PP,STAGE4_SELL:EXPOSURE_GAP_BELOW_5PP,False,SAME,
2021-09-28 00:00:00+00:00,2021-09-27 00:00:00+00:00,DEEP_BEAR,BEAR,4,3,0.25,0.55,0.2761200616713775,0.2761200616713775,DEEP_BEAR_TO_BEAR_NO_AUTO_BUY,2021-09-27 00:00:00+00:00,DEEP_BEAR,BEAR,4,3,0.25,0.55,0.2761200616713775,0.2761200616713775,DEEP_BEAR_TO_BEAR_NO_AUTO_BUY,,,DEEP_BEAR_TO_BEAR_NO_AUTO_BUY,DEEP_BEAR_TO_BEAR_NO_AUTO_BUY,False,SAME,
2021-09-29 00:00:00+00:00,2021-09-28 00:00:00+00:00,BEAR,DEEP_BEAR,3,4,0.55,0.25,0.2680056623966712,0.2680056623966712,STAGE4_SELL:EXPOSURE_GAP_BELOW_5PP,2021-09-28 00:00:00+00:00,BEAR,DEEP_BEAR,3,4,0.55,0.25,0.2680056623966712,0.2680056623966712,STAGE4_SELL:EXPOSURE_GAP_BELOW_5PP,,,STAGE4_SELL:EXPOSURE_GAP_BELOW_5PP,STAGE4_SELL:EXPOSURE_GAP_BELOW_5PP,False,SAME,
2021-09-30 00:00:00+00:00,2021-09-29 00:00:00+00:00,DEEP_BEAR,BEAR,4,3,0.25,0.55,0.27118429642929015,0.27118429642929015,DEEP_BEAR_TO_BEAR_NO_AUTO_BUY,2021-09-29 00:00:00+00:00,DEEP_BEAR,BEAR,4,3,0.25,0.55,0.27118429642929015,0.27118429642929015,DEEP_BEAR_TO_BEAR_NO_AUTO_BUY,,,DEEP_BEAR_TO_BEAR_NO_AUTO_BUY,DEEP_BEAR_TO_BEAR_NO_AUTO_BUY,False,SAME,
2021-10-01 00:00:00+00:00,2021-09-30 00:00:00+00:00,BEAR,DEEP_BEAR,3,4,0.55,0.25,0.28151896800534804,0.28151896800534804,STAGE4_SELL:EXPOSURE_GAP_BELOW_5PP,2021-09-30 00:00:00+00:00,BEAR,DEEP_BEAR,3,4,0.55,0.25,0.28151896800534804,0.28151896800534804,STAGE4_SELL:EXPOSURE_GAP_BELOW_5PP,,,STAGE4_SELL:EXPOSURE_GAP_BELOW_5PP,STAGE4_SELL:EXPOSURE_GAP_BELOW_5PP,False,SAME,
2021-10-02 00:00:00+00:00,2021-10-01 00:00:00+00:00,DEEP_BEAR,BEAR,4,3,0.25,0.55,0.30179872843964944,0.30179872843964944,DEEP_BEAR_TO_BEAR_NO_AUTO_BUY,2021-10-01 00:00:00+00:00,DEEP_BEAR,BEAR,4,3,0.25,0.55,0.30179872843964944,0.30179872843964944,DEEP_BEAR_TO_BEAR_NO_AUTO_BUY,,,DEEP_BEAR_TO_BEAR_NO_AUTO_BUY,DEEP_BEAR_TO_BEAR_NO_AUTO_BUY,False,SAME,
2021-10-03 00:00:00+00:00,2021-10-02 00:00:00+00:00,BEAR,BEAR,3,3,0.55,0.55,0.3065122110523191,0.3065122110523191,,2021-10-02 00:00:00+00:00,BEAR,BEAR,3,3,0.55,0.55,0.3065122110523191,0.3065122110523191,,,,,,False,SAME,
2021-10-04 00:00:00+00:00,2021-10-03 00:00:00+00:00,BEAR,BEAR,3,3,0.55,0.55,0.3084561116815816,0.3084561116815816,,2021-10-03 00:00:00+00:00,BEAR,BEAR,3,3,0.55,0.55,0.3084561116815816,0.3084561116815816,,,,,,False,SAME,
2021-10-05 00:00:00+00:00,2021-10-04 00:00:00+00:00,BEAR,BEAR,3,3,0.55,0.55,0.3067685930231968,0.3067685930231968,,2021-10-04 00:00:00+00:00,BEAR,BEAR,3,3,0.55,0.55,0.3067685930231968,0.3067685930231968,,,,,,False,SAME,
2021-10-06 00:00:00+00:00,2021-10-05 00:00:00+00:00,BEAR,BEAR,3,3,0.55,0.55,0.3148909581267573,0.3148909581267573,,2021-10-05 00:00:00+00:00,BEAR,BEAR,3,3,0.55,0.55,0.3148909581267573,0.3148909581267573,,,,,,False,SAME,
2021-10-07 00:00:00+00:00,2021-10-06 00:00:00+00:00,BEAR,BEAR,3,3,0.55,0.55,0.31902193246461624,0.31902193246461624,,2021-10-06 00:00:00+00:00,BEAR,BEAR,3,3,0.55,0.55,0.31902193246461624,0.31902193246461624,,,,,,False,SAME,
2021-10-08 00:00:00+00:00,2021-10-07 00:00:00+00:00,BEAR,BEAR,3,3,0.55,0.55,0.3195647941410537,0.3195647941410537,,2021-10-07 00:00:00+00:00,BEAR,BEAR,3,3,0.55,0.55,0.3195647941410537,0.3195647941410537,,,,,,False,SAME,
2021-10-09 00:00:00+00:00,2021-10-08 00:00:00+00:00,BEAR,BEAR,3,3,0.55,0.55,0.31821468322248464,0.31821468322248464,,2021-10-08 00:00:00+00:00,BEAR,BEAR,3,3,0.55,0.55,0.31821468322248464,0.31821468322248464,,,,,,False,SAME,
2021-10-10 00:00:00+00:00,2021-10-09 00:00:00+00:00,BEAR,BEAR,3,3,0.55,0.55,0.3190996629686144,0.3190996629686144,,2021-10-09 00:00:00+00:00,BEAR,BEAR,3,3,0.55,0.55,0.3190996629686144,0.3190996629686144,,,,,,False,SAME,
2021-10-11 00:00:00+00:00,2021-10-10 00:00:00+00:00,BEAR,BEAR,3,3,0.55,0.55,0.309594058955842,0.309594058955842,,2021-10-10 00:00:00+00:00,BEAR,BEAR,3,3,0.55,0.55,0.309594058955842,0.309594058955842,,,,,,False,SAME,
2021-10-12 00:00:00+00:00,2021-10-11 00:00:00+00:00,BEAR,BEAR,3,3,0.55,0.55,0.3176766400222238,0.3176766400222238,,2021-10-11 00:00:00+00:00,BEAR,BEAR,3,3,0.55,0.55,0.3176766400222238,0.3176766400222238,,,,,,False,SAME,
2021-10-13 00:00:00+00:00,2021-10-12 00:00:00+00:00,BEAR,BEAR,3,3,0.55,0.55,0.3145014132259018,0.3145014132259018,,2021-10-12 00:00:00+00:00,BEAR,BEAR,3,3,0.55,0.55,0.3145014132259018,0.3145014132259018,,,,,,False,SAME,
2021-10-14 00:00:00+00:00,2021-10-13 00:00:00+00:00,BEAR,BEAR,3,3,0.55,0.55,0.32155822564074454,0.32155822564074454,,2021-10-13 00:00:00+00:00,BEAR,BEAR,3,3,0.55,0.55,0.32155822564074454,0.32155822564074454,,,,,,False,SAME,
2021-10-15 00:00:00+00:00,2021-10-14 00:00:00+00:00,BEAR,BEAR,3,3,0.55,0.55,0.3320616158488918,0.3320616158488918,,2021-10-14 00:00:00+00:00,BEAR,BEAR,3,3,0.55,0.55,0.3320616158488918,0.3320616158488918,,,,,,False,SAME,
2021-10-16 00:00:00+00:00,2021-10-15 00:00:00+00:00,BEAR,BEAR,3,3,0.55,0.55,0.33709480764098404,0.33709480764098404,,2021-10-15 00:00:00+00:00,BEAR,BEAR,3,3,0.55,0.55,0.33709480764098404,0.33709480764098404,,,,,,False,SAME,
2021-10-17 00:00:00+00:00,2021-10-16 00:00:00+00:00,BEAR,BEAR,3,3,0.55,0.55,0.3348825696239487,0.3348825696239487,,2021-10-16 00:00:00+00:00,BEAR,BEAR,3,3,0.55,0.55,0.3348825696239487,0.3348825696239487,,,,,,False,SAME,
2021-10-18 00:00:00+00:00,2021-10-17 00:00:00+00:00,BEAR,BEAR,3,3,0.55,0.55,0.3359751915576374,0.3359751915576374,,2021-10-17 00:00:00+00:00,BEAR,BEAR,3,3,0.55,0.55,0.3359751915576374,0.3359751915576374,,,,,,False,SAME,
2021-10-19 00:00:00+00:00,2021-10-18 00:00:00+00:00,BEAR,BEAR,3,3,0.55,0.55,0.33038225819716066,0.33038225819716066,,2021-10-18 00:00:00+00:00,BEAR,BEAR,3,3,0.55,0.55,0.33038225819716066,0.33038225819716066,,,,,,False,SAME,
2021-10-20 00:00:00+00:00,2021-10-19 00:00:00+00:00,BEAR,BEAR,3,3,0.55,0.55,0.3381489114920978,0.3381489114920978,,2021-10-19 00:00:00+00:00,BEAR,BEAR,3,3,0.55,0.55,0.3381489114920978,0.3381489114920978,,,,,,False,SAME,
2021-10-21 00:00:00+00:00,2021-10-20 00:00:00+00:00,BEAR,BEAR,3,3,0.55,0.55,0.3537653593702958,0.3537653593702958,,2021-10-20 00:00:00+00:00,BEAR,BEAR,3,3,0.55,0.55,0.3537653593702958,0.3537653593702958,,,,,,False,SAME,
2021-10-22 00:00:00+00:00,2021-10-21 00:00:00+00:00,BEAR,BEAR,3,3,0.55,0.55,0.3474794126612653,0.3474794126612653,,2021-10-21 00:00:00+00:00,BEAR,BEAR,3,3,0.55,0.55,0.3474794126612653,0.3474794126612653,,,,,,False,SAME,
2021-10-23 00:00:00+00:00,2021-10-22 00:00:00+00:00,BEAR,BEAR,3,3,0.55,0.55,0.34292739734821154,0.34292739734821154,,2021-10-22 00:00:00+00:00,BEAR,BEAR,3,3,0.55,0.55,0.34292739734821154,0.34292739734821154,,,,,,False,SAME,
2021-10-24 00:00:00+00:00,2021-10-23 00:00:00+00:00,BEAR,BEAR,3,3,0.55,0.55,0.3534856368170558,0.3534856368170558,,2021-10-23 00:00:00+00:00,BEAR,BEAR,3,3,0.55,0.55,0.3534856368170558,0.3534856368170558,,,,,,False,SAME,
2021-10-25 00:00:00+00:00,2021-10-24 00:00:00+00:00,BEAR,BEAR,3,3,0.55,0.55,0.3489676968921607,0.3489676968921607,,2021-10-24 00:00:00+00:00,BEAR,BEAR,3,3,0.55,0.55,0.3489676968921607,0.3489676968921607,,,,,,False,SAME,
2021-10-26 00:00:00+00:00,2021-10-25 00:00:00+00:00,BEAR,BEAR,3,3,0.55,0.55,0.3566260220602211,0.3566260220602211,,2021-10-25 00:00:00+00:00,BEAR,BEAR,3,3,0.55,0.55,0.3566260220602211,0.3566260220602211,,,,,,False,SAME,
2021-10-27 00:00:00+00:00,2021-10-26 00:00:00+00:00,BEAR,BEAR,3,3,0.55,0.55,0.3515813645881579,0.3515813645881579,,2021-10-26 00:00:00+00:00,BEAR,BEAR,3,3,0.55,0.55,0.3515813645881579,0.3515813645881579,,,,,,False,SAME,
2021-10-28 00:00:00+00:00,2021-10-27 00:00:00+00:00,BEAR,BEAR,3,3,0.55,0.55,0.3400345774011892,0.3400345774011892,,2021-10-27 00:00:00+00:00,BEAR,BEAR,3,3,0.55,0.55,0.3400345774011892,0.3400345774011892,,,,,,False,SAME,
2021-10-29 00:00:00+00:00,2021-10-28 00:00:00+00:00,BEAR,BEAR,3,3,0.55,0.55,0.35977491246184495,0.35977491246184495,,2021-10-28 00:00:00+00:00,BEAR,BEAR,3,3,0.55,0.55,0.35977491246184495,0.35977491246184495,,,,,,False,SAME,
2021-10-30 00:00:00+00:00,2021-10-29 00:00:00+00:00,BEAR,BEAR,3,3,0.55,0.55,0.3668473767621497,0.3668473767621497,,2021-10-29 00:00:00+00:00,BEAR,BEAR,3,3,0.55,0.55,0.3668473767621497,0.3668473767621497,,,,,,False,SAME,
2021-10-31 00:00:00+00:00,2021-10-30 00:00:00+00:00,BEAR,BEAR,3,3,0.55,0.55,0.36193498534286467,0.36193498534286467,,2021-10-30 00:00:00+00:00,BEAR,BEAR,3,3,0.55,0.55,0.36193498534286467,0.36193498534286467,,,,,,False,SAME,
2021-11-01 00:00:00+00:00,2021-10-31 00:00:00+00:00,BEAR,BEAR,3,3,0.55,0.55,0.3600806976806497,0.3600806976806497,,2021-10-31 00:00:00+00:00,BEAR,BEAR,3,3,0.55,0.55,0.3600806976806497,0.3600806976806497,,,,,,False,SAME,
2021-11-02 00:00:00+00:00,2021-11-01 00:00:00+00:00,BEAR,BEAR,3,3,0.55,0.55,0.3617035030970717,0.3617035030970717,,2021-11-01 00:00:00+00:00,BEAR,BEAR,3,3,0.55,0.55,0.3617035030970717,0.3617035030970717,,,,,,False,SAME,
2021-11-03 00:00:00+00:00,2021-11-02 00:00:00+00:00,BEAR,BEAR,3,3,0.55,0.55,0.37564719172360117,0.37564719172360117,,2021-11-02 00:00:00+00:00,BEAR,BEAR,3,3,0.55,0.55,0.37564719172360117,0.37564719172360117,,,,,,False,SAME,
2021-11-04 00:00:00+00:00,2021-11-03 00:00:00+00:00,BEAR,BEAR,3,3,0.55,0.55,0.3763076665106394,0.3763076665106394,,2021-11-03 00:00:00+00:00,BEAR,BEAR,3,3,0.55,0.55,0.3763076665106394,0.3763076665106394,,,,,,False,SAME,
2021-11-05 00:00:00+00:00,2021-11-04 00:00:00+00:00,BEAR,BEAR,3,3,0.55,0.55,0.37262377963486937,0.37262377963486937,,2021-11-04 00:00:00+00:00,BEAR,BEAR,3,3,0.55,0.55,0.37262377963486937,0.37262377963486937,,,,,,False,SAME,
2021-11-06 00:00:00+00:00,2021-11-05 00:00:00+00:00,BEAR,BEAR,3,3,0.55,0.55,0.3697029297776809,0.3697029297776809,,2021-11-05 00:00:00+00:00,BEAR,BEAR,3,3,0.55,0.55,0.3697029297776809,0.3697029297776809,,,,,,False,SAME,
2021-11-07 00:00:00+00:00,2021-11-06 00:00:00+00:00,BEAR,BEAR,3,3,0.55,0.55,0.37200285707168257,0.37200285707168257,,2021-11-06 00:00:00+00:00,BEAR,BEAR,3,3,0.55,0.55,0.37200285707168257,0.37200285707168257,,,,,,False,SAME,
2021-11-08 00:00:00+00:00,2021-11-07 00:00:00+00:00,BEAR,BEAR,3,3,0.55,0.55,0.3769719113054705,0.3769719113054705,,2021-11-07 00:00:00+00:00,BEAR,BEAR,3,3,0.55,0.55,0.3769719113054705,0.3769719113054705,,,,,,False,SAME,
2021-11-09 00:00:00+00:00,2021-11-08 00:00:00+00:00,BEAR,BEAR,3,3,0.55,0.55,0.3870301219724491,0.3870301219724491,,2021-11-08 00:00:00+00:00,BEAR,BEAR,3,3,0.55,0.55,0.3870301219724491,0.3870301219724491,,,,,,False,SAME,
2021-11-10 00:00:00+00:00,2021-11-09 00:00:00+00:00,BEAR,BEAR,3,3,0.55,0.55,0.3833828836263001,0.3833828836263001,,2021-11-09 00:00:00+00:00,BEAR,BEAR,3,3,0.55,0.55,0.3833828836263001,0.3833828836263001,,,,,,False,SAME,
2021-11-11 00:00:00+00:00,2021-11-10 00:00:00+00:00,BEAR,BEAR,3,3,0.55,0.55,0.37810820553191,0.37810820553191,,2021-11-10 00:00:00+00:00,BEAR,BEAR,3,3,0.55,0.55,0.37810820553191,0.37810820553191,,,,,,False,SAME,
2021-11-12 00:00:00+00:00,2021-11-11 00:00:00+00:00,BEAR,BEAR,3,3,0.55,0.55,0.3824957017785871,0.3824957017785871,,2021-11-11 00:00:00+00:00,BEAR,BEAR,3,3,0.55,0.55,0.3824957017785871,0.3824957017785871,,,,,,False,SAME,
2021-11-13 00:00:00+00:00,2021-11-12 00:00:00+00:00,BEAR,BEAR,3,3,0.55,0.55,0.3798549137976677,0.3798549137976677,,2021-11-12 00:00:00+00:00,BEAR,BEAR,3,3,0.55,0.55,0.3798549137976677,0.3798549137976677,,,,,,False,SAME,
2021-11-14 00:00:00+00:00,2021-11-13 00:00:00+00:00,BEAR,BEAR,3,3,0.55,0.55,0.37890402034784376,0.37890402034784376,,2021-11-13 00:00:00+00:00,BEAR,BEAR,3,3,0.55,0.55,0.37890402034784376,0.37890402034784376,,,,,,False,SAME,
2021-11-15 00:00:00+00:00,2021-11-14 00:00:00+00:00,BEAR,BEAR,3,3,0.55,0.55,0.3782523303573971,0.3782523303573971,,2021-11-14 00:00:00+00:00,BEAR,BEAR,3,3,0.55,0.55,0.3782523303573971,0.3782523303573971,,,,,,False,SAME,
2021-11-16 00:00:00+00:00,2021-11-15 00:00:00+00:00,BEAR,BEAR,3,3,0.55,0.55,0.37492616371669696,0.37492616371669696,,2021-11-15 00:00:00+00:00,BEAR,BEAR,3,3,0.55,0.55,0.37492616371669696,0.37492616371669696,,,,,,False,SAME,
2021-11-17 00:00:00+00:00,2021-11-16 00:00:00+00:00,BEAR,BEAR,3,3,0.55,0.55,0.3564625549714571,0.3564625549714571,,2021-11-16 00:00:00+00:00,BEAR,BEAR,3,3,0.55,0.55,0.3564625549714571,0.3564625549714571,,,,,,False,SAME,
2021-11-18 00:00:00+00:00,2021-11-17 00:00:00+00:00,BEAR,BEAR,3,3,0.55,0.55,0.3606152326295894,0.3606152326295894,,2021-11-17 00:00:00+00:00,BEAR,BEAR,3,3,0.55,0.55,0.3606152326295894,0.3606152326295894,,,,,,False,SAME,
2021-11-19 00:00:00+00:00,2021-11-18 00:00:00+00:00,BEAR,BEAR,3,3,0.55,0.55,0.34471756675512377,0.34471756675512377,,2021-11-18 00:00:00+00:00,BEAR,BEAR,3,3,0.55,0.55,0.34471756675512377,0.34471756675512377,,,,,,False,SAME,
2021-11-20 00:00:00+00:00,2021-11-19 00:00:00+00:00,BEAR,BEAR,3,3,0.55,0.55,0.36066431810915695,0.36066431810915695,,2021-11-19 00:00:00+00:00,BEAR,BEAR,3,3,0.55,0.55,0.36066431810915695,0.36066431810915695,,,,,,False,SAME,
2021-11-21 00:00:00+00:00,2021-11-20 00:00:00+00:00,BEAR,BEAR,3,3,0.55,0.55,0.3669571075642542,0.3669571075642542,,2021-11-20 00:00:00+00:00,BEAR,BEAR,3,3,0.55,0.55,0.3669571075642542,0.3669571075642542,,,,,,False,SAME,
2021-11-22 00:00:00+00:00,2021-11-21 00:00:00+00:00,BEAR,BEAR,3,3,0.55,0.55,0.35902888528518095,0.35902888528518095,,2021-11-21 00:00:00+00:00,BEAR,BEAR,3,3,0.55,0.55,0.35902888528518095,0.35902888528518095,,,,,,False,SAME,
2021-11-23 00:00:00+00:00,2021-11-22 00:00:00+00:00,BEAR,BEAR,3,3,0.55,0.55,0.3495643910427166,0.3495643910427166,,2021-11-22 00:00:00+00:00,BEAR,BEAR,3,3,0.55,0.55,0.3495643910427166,0.3495643910427166,,,,,,False,SAME,
2021-11-24 00:00:00+00:00,2021-11-23 00:00:00+00:00,BEAR,BEAR,3,3,0.55,0.55,0.36302970511623406,0.36302970511623406,,2021-11-23 00:00:00+00:00,BEAR,BEAR,3,3,0.55,0.55,0.36302970511623406,0.36302970511623406,,,,,,False,SAME,
2021-11-25 00:00:00+00:00,2021-11-24 00:00:00+00:00,BEAR,BEAR,3,3,0.55,0.55,0.3594403892052745,0.3594403892052745,,2021-11-24 00:00:00+00:00,BEAR,BEAR,3,3,0.55,0.55,0.3594403892052745,0.3594403892052745,,,,,,False,SAME,
2021-11-26 00:00:00+00:00,2021-11-25 00:00:00+00:00,BEAR,BEAR,3,3,0.55,0.55,0.3726510405545607,0.3726510405545607,,2021-11-25 00:00:00+00:00,BEAR,BEAR,3,3,0.55,0.55,0.3726510405545607,0.3726510405545607,,,,,,False,SAME,
2021-11-27 00:00:00+00:00,2021-11-26 00:00:00+00:00,BEAR,BEAR,3,3,0.55,0.55,0.34687268558355167,0.34687268558355167,,2021-11-26 00:00:00+00:00,BEAR,BEAR,3,3,0.55,0.55,0.34687268558355167,0.34687268558355167,,,,,,False,SAME,
2021-11-28 00:00:00+00:00,2021-11-27 00:00:00+00:00,BEAR,BEAR,3,3,0.55,0.55,0.34998060701265393,0.34998060701265393,,2021-11-27 00:00:00+00:00,BEAR,BEAR,3,3,0.55,0.55,0.34998060701265393,0.34998060701265393,,,,,,False,SAME,
2021-11-29 00:00:00+00:00,2021-11-28 00:00:00+00:00,BEAR,BEAR,3,3,0.55,0.55,0.36089980871743094,0.36089980871743094,,2021-11-28 00:00:00+00:00,BEAR,BEAR,3,3,0.55,0.55,0.36089980871743094,0.36089980871743094,,,,,,False,SAME,
2021-11-30 00:00:00+00:00,2021-11-29 00:00:00+00:00,BEAR,BEAR,3,3,0.55,0.55,0.368632021081135,0.368632021081135,,2021-11-29 00:00:00+00:00,BEAR,BEAR,3,3,0.55,0.55,0.368632021081135,0.368632021081135,,,,,,False,SAME,
2021-12-01 00:00:00+00:00,2021-11-30 00:00:00+00:00,BEAR,BEAR,3,3,0.55,0.55,0.37771865765670276,0.37771865765670276,,2021-11-30 00:00:00+00:00,BEAR,BEAR,3,3,0.55,0.55,0.37771865765670276,0.37771865765670276,,,,,,False,SAME,
2021-12-02 00:00:00+00:00,2021-12-01 00:00:00+00:00,BEAR,BEAR,3,3,0.55,0.55,0.37548107808788095,0.37548107808788095,,2021-12-01 00:00:00+00:00,BEAR,BEAR,3,3,0.55,0.55,0.37548107808788095,0.37548107808788095,,,,,,False,SAME,
2021-12-03 00:00:00+00:00,2021-12-02 00:00:00+00:00,BEAR,BEAR,3,3,0.55,0.55,0.37186691089686574,0.37186691089686574,,2021-12-02 00:00:00+00:00,BEAR,BEAR,3,3,0.55,0.55,0.37186691089686574,0.37186691089686574,,,,,,False,SAME,
2021-12-04 00:00:00+00:00,2021-12-03 00:00:00+00:00,BEAR,BEAR,3,3,0.55,0.55,0.3563250023545337,0.3563250023545337,,2021-12-03 00:00:00+00:00,BEAR,BEAR,3,3,0.55,0.55,0.3563250023545337,0.3563250023545337,,,,,,False,SAME,
2021-12-05 00:00:00+00:00,2021-12-04 00:00:00+00:00,BEAR,BEAR,3,3,0.55,0.55,0.3504240479043065,0.3504240479043065,,2021-12-04 00:00:00+00:00,BEAR,BEAR,3,3,0.55,0.55,0.3504240479043065,0.3504240479043065,,,,,,False,SAME,
2021-12-06 00:00:00+00:00,2021-12-05 00:00:00+00:00,BEAR,BEAR,3,3,0.55,0.55,0.3546881344799511,0.3546881344799511,,2021-12-05 00:00:00+00:00,BEAR,BEAR,3,3,0.55,0.55,0.3546881344799511,0.3546881344799511,,,,,,False,SAME,
2021-12-07 00:00:00+00:00,2021-12-06 00:00:00+00:00,BEAR,BEAR,3,3,0.55,0.55,0.3627395386104438,0.3627395386104438,,2021-12-06 00:00:00+00:00,BEAR,BEAR,3,3,0.55,0.55,0.3627395386104438,0.3627395386104438,,,,,,False,SAME,
2021-12-08 00:00:00+00:00,2021-12-07 00:00:00+00:00,BEAR,BEAR,3,3,0.55,0.55,0.36069382145812695,0.36069382145812695,,2021-12-07 00:00:00+00:00,BEAR,BEAR,3,3,0.55,0.55,0.36069382145812695,0.36069382145812695,,,,,,False,SAME,
2021-12-09 00:00:00+00:00,2021-12-08 00:00:00+00:00,BEAR,BEAR,3,3,0.55,0.55,0.36735753748100136,0.36735753748100136,,2021-12-08 00:00:00+00:00,BEAR,BEAR,3,3,0.55,0.55,0.36735753748100136,0.36735753748100136,,,,,,False,SAME,
2021-12-10 00:00:00+00:00,2021-12-09 00:00:00+00:00,BEAR,BEAR,3,3,0.55,0.55,0.34971113232258927,0.34971113232258927,,2021-12-09 00:00:00+00:00,BEAR,BEAR,3,3,0.55,0.55,0.34971113232258927,0.34971113232258927,,,,,,False,SAME,
2021-12-11 00:00:00+00:00,2021-12-10 00:00:00+00:00,BEAR,BEAR,3,3,0.55,0.55,0.33844964210393863,0.33844964210393863,,2021-12-10 00:00:00+00:00,BEAR,BEAR,3,3,0.55,0.55,0.33844964210393863,0.33844964210393863,,,,,,False,SAME,
2021-12-12 00:00:00+00:00,2021-12-11 00:00:00+00:00,BEAR,BEAR,3,3,0.55,0.55,0.34929184052443396,0.34929184052443396,,2021-12-11 00:00:00+00:00,BEAR,BEAR,3,3,0.55,0.55,0.34929184052443396,0.34929184052443396,,,,,,False,SAME,
2021-12-13 00:00:00+00:00,2021-12-12 00:00:00+00:00,BEAR,BEAR,3,3,0.55,0.55,0.35159951146095836,0.35159951146095836,,2021-12-12 00:00:00+00:00,BEAR,BEAR,3,3,0.55,0.55,0.35159951146095836,0.35159951146095836,,,,,,False,SAME,
2021-12-14 00:00:00+00:00,2021-12-13 00:00:00+00:00,BEAR,BEAR,3,3,0.55,0.55,0.3320143455905268,0.3320143455905268,,2021-12-13 00:00:00+00:00,BEAR,BEAR,3,3,0.55,0.55,0.3320143455905268,0.3320143455905268,,,,,,False,SAME,
2021-12-15 00:00:00+00:00,2021-12-14 00:00:00+00:00,BEAR,BEAR,3,3,0.55,0.55,0.3366827187134029,0.3366827187134029,,2021-12-14 00:00:00+00:00,BEAR,BEAR,3,3,0.55,0.55,0.3366827187134029,0.3366827187134029,,,,,,False,SAME,
2021-12-16 00:00:00+00:00,2021-12-15 00:00:00+00:00,BEAR,BEAR,3,3,0.55,0.55,0.34560193117072646,0.34560193117072646,,2021-12-15 00:00:00+00:00,BEAR,BEAR,3,3,0.55,0.55,0.34560193117072646,0.34560193117072646,,,,,,False,SAME,
2021-12-17 00:00:00+00:00,2021-12-16 00:00:00+00:00,BEAR,BEAR,3,3,0.55,0.55,0.3421283396877287,0.3421283396877287,,2021-12-16 00:00:00+00:00,BEAR,BEAR,3,3,0.55,0.55,0.3421283396877287,0.3421283396877287,,,,,,False,SAME,
2021-12-18 00:00:00+00:00,2021-12-17 00:00:00+00:00,BEAR,BEAR,3,3,0.55,0.55,0.33728060082775824,0.33728060082775824,,2021-12-17 00:00:00+00:00,BEAR,BEAR,3,3,0.55,0.55,0.33728060082775824,0.33728060082775824,,,,,,False,SAME,
2021-12-19 00:00:00+00:00,2021-12-18 00:00:00+00:00,BEAR,BEAR,3,3,0.55,0.55,0.3421010808027523,0.3421010808027523,,2021-12-18 00:00:00+00:00,BEAR,BEAR,3,3,0.55,0.55,0.3421010808027523,0.3421010808027523,,,,,,False,SAME,
2021-12-20 00:00:00+00:00,2021-12-19 00:00:00+00:00,BEAR,BEAR,3,3,0.55,0.55,0.34015688700384,0.34015688700384,,2021-12-19 00:00:00+00:00,BEAR,BEAR,3,3,0.55,0.55,0.34015688700384,0.34015688700384,,,,,,False,SAME,
2021-12-21 00:00:00+00:00,2021-12-20 00:00:00+00:00,BEAR,BEAR,3,3,0.55,0.55,0.3413724313683499,0.3413724313683499,,2021-12-20 00:00:00+00:00,BEAR,BEAR,3,3,0.55,0.55,0.3413724313683499,0.3413724313683499,,,,,,False,SAME,
2021-12-22 00:00:00+00:00,2021-12-21 00:00:00+00:00,BEAR,BEAR,3,3,0.55,0.55,0.3455901028514117,0.3455901028514117,,2021-12-21 00:00:00+00:00,BEAR,BEAR,3,3,0.55,0.55,0.3455901028514117,0.3455901028514117,,,,,,False,SAME,
2021-12-23 00:00:00+00:00,2021-12-22 00:00:00+00:00,BEAR,BEAR,3,3,0.55,0.55,0.34368501885999975,0.34368501885999975,,2021-12-22 00:00:00+00:00,BEAR,BEAR,3,3,0.55,0.55,0.34368501885999975,0.34368501885999975,,,,,,False,SAME,
2021-12-24 00:00:00+00:00,2021-12-23 00:00:00+00:00,BEAR,BEAR,3,3,0.55,0.55,0.3512453650576516,0.3512453650576516,,2021-12-23 00:00:00+00:00,BEAR,BEAR,3,3,0.55,0.55,0.3512453650576516,0.3512453650576516,,,,,,False,SAME,
2021-12-25 00:00:00+00:00,2021-12-24 00:00:00+00:00,BEAR,BEAR,3,3,0.55,0.55,0.3478176348589564,0.3478176348589564,,2021-12-24 00:00:00+00:00,BEAR,BEAR,3,3,0.55,0.55,0.3478176348589564,0.3478176348589564,,,,,,False,SAME,
2021-12-26 00:00:00+00:00,2021-12-25 00:00:00+00:00,BEAR,BEAR,3,3,0.55,0.55,0.35033559761855365,0.35033559761855365,,2021-12-25 00:00:00+00:00,BEAR,BEAR,3,3,0.55,0.55,0.35033559761855365,0.35033559761855365,,,,,,False,SAME,
2021-12-27 00:00:00+00:00,2021-12-26 00:00:00+00:00,BEAR,BEAR,3,3,0.55,0.55,0.34881304233028176,0.34881304233028176,,2021-12-26 00:00:00+00:00,BEAR,BEAR,3,3,0.55,0.55,0.34881304233028176,0.34881304233028176,,,,,,False,SAME,
2021-12-28 00:00:00+00:00,2021-12-27 00:00:00+00:00,BEAR,BEAR,3,3,0.55,0.55,0.34742998157313953,0.34742998157313953,,2021-12-27 00:00:00+00:00,BEAR,BEAR,3,3,0.55,0.55,0.34742998157313953,0.34742998157313953,,,,,,False,SAME,
2021-12-29 00:00:00+00:00,2021-12-28 00:00:00+00:00,BEAR,BEAR,3,3,0.55,0.55,0.33343018365643073,0.33343018365643073,,2021-12-28 00:00:00+00:00,BEAR,BEAR,3,3,0.55,0.55,0.33343018365643073,0.33343018365643073,,,,,,False,SAME,
2021-12-30 00:00:00+00:00,2021-12-29 00:00:00+00:00,BEAR,BEAR,3,3,0.55,0.55,0.3240193351103472,0.3240193351103472,,2021-12-29 00:00:00+00:00,BEAR,BEAR,3,3,0.55,0.55,0.3240193351103472,0.3240193351103472,,,,,,False,SAME,
2021-12-31 00:00:00+00:00,2021-12-30 00:00:00+00:00,BEAR,BEAR,3,3,0.55,0.55,0.32872472717121304,0.32872472717121304,,2021-12-30 00:00:00+00:00,BEAR,BEAR,3,3,0.55,0.55,0.32872472717121304,0.32872472717121304,,,,,,False,SAME,
2022-01-01 00:00:00+00:00,2021-12-31 00:00:00+00:00,BEAR,BEAR,3,3,0.55,0.55,0.3266910228580628,0.3266910228580628,,2021-12-31 00:00:00+00:00,BEAR,BEAR,3,3,0.55,0.55,0.3266910228580628,0.3266910228580628,,,,,,False,SAME,
2022-01-02 00:00:00+00:00,2022-01-01 00:00:00+00:00,BEAR,BEAR,3,3,0.55,0.55,0.3321203510668038,0.3321203510668038,,2022-01-01 00:00:00+00:00,BEAR,BEAR,3,3,0.55,0.55,0.3321203510668038,0.3321203510668038,,,,,,False,SAME,
2022-01-03 00:00:00+00:00,2022-01-02 00:00:00+00:00,BEAR,BEAR,3,3,0.55,0.55,0.33556506068309694,0.33556506068309694,,2022-01-02 00:00:00+00:00,BEAR,BEAR,3,3,0.55,0.55,0.33556506068309694,0.33556506068309694,,,,,,False,SAME,
2022-01-04 00:00:00+00:00,2022-01-03 00:00:00+00:00,BEAR,DEEP_BEAR,3,4,0.55,0.25,0.3319491913269284,0.25,STAGE4_SELL:EXECUTED,2022-01-03 00:00:00+00:00,BEAR,DEEP_BEAR,3,4,0.55,0.25,0.3319491913269284,0.25,STAGE4_SELL:EXECUTED,,,STAGE4_SELL:EXECUTED,STAGE4_SELL:EXECUTED,False,SAME,
2022-01-05 00:00:00+00:00,2022-01-04 00:00:00+00:00,DEEP_BEAR,BEAR,4,3,0.25,0.55,0.25100372714045543,0.25100372714045543,DEEP_BEAR_TO_BEAR_NO_AUTO_BUY,2022-01-04 00:00:00+00:00,DEEP_BEAR,BEAR,4,3,0.25,0.55,0.25100372714045543,0.25100372714045543,DEEP_BEAR_TO_BEAR_NO_AUTO_BUY,,,DEEP_BEAR_TO_BEAR_NO_AUTO_BUY,DEEP_BEAR_TO_BEAR_NO_AUTO_BUY,False,SAME,
2022-01-06 00:00:00+00:00,2022-01-05 00:00:00+00:00,BEAR,DEEP_BEAR,3,4,0.55,0.25,0.23866851650099385,0.23866851650099385,STAGE4_SELL:EXPOSURE_GAP_BELOW_5PP,2022-01-05 00:00:00+00:00,BEAR,DEEP_BEAR,3,4,0.55,0.25,0.23866851650099385,0.23866851650099385,STAGE4_SELL:EXPOSURE_GAP_BELOW_5PP,,,STAGE4_SELL:EXPOSURE_GAP_BELOW_5PP,STAGE4_SELL:EXPOSURE_GAP_BELOW_5PP,False,SAME,
2022-01-07 00:00:00+00:00,2022-01-06 00:00:00+00:00,DEEP_BEAR,BEAR,4,3,0.25,0.55,0.2318331316987572,0.2318331316987572,DEEP_BEAR_TO_BEAR_NO_AUTO_BUY,2022-01-06 00:00:00+00:00,DEEP_BEAR,BEAR,4,3,0.25,0.55,0.2318331316987572,0.2318331316987572,DEEP_BEAR_TO_BEAR_NO_AUTO_BUY,,,DEEP_BEAR_TO_BEAR_NO_AUTO_BUY,DEEP_BEAR_TO_BEAR_NO_AUTO_BUY,False,SAME,
2022-01-08 00:00:00+00:00,2022-01-07 00:00:00+00:00,BEAR,DEEP_BEAR,3,4,0.55,0.25,0.22085384150623072,0.22085384150623072,STAGE4_SELL:EXPOSURE_GAP_BELOW_5PP,2022-01-07 00:00:00+00:00,BEAR,DEEP_BEAR,3,4,0.55,0.25,0.22085384150623072,0.22085384150623072,STAGE4_SELL:EXPOSURE_GAP_BELOW_5PP,,,STAGE4_SELL:EXPOSURE_GAP_BELOW_5PP,STAGE4_SELL:EXPOSURE_GAP_BELOW_5PP,False,SAME,
2022-01-09 00:00:00+00:00,2022-01-08 00:00:00+00:00,DEEP_BEAR,BEAR,4,3,0.25,0.55,0.2145324385120955,0.2145324385120955,DEEP_BEAR_TO_BEAR_NO_AUTO_BUY,2022-01-08 00:00:00+00:00,DEEP_BEAR,BEAR,4,3,0.25,0.55,0.2145324385120955,0.2145324385120955,DEEP_BEAR_TO_BEAR_NO_AUTO_BUY,,,DEEP_BEAR_TO_BEAR_NO_AUTO_BUY,DEEP_BEAR_TO_BEAR_NO_AUTO_BUY,False,SAME,
2022-01-10 00:00:00+00:00,2022-01-09 00:00:00+00:00,BEAR,DEEP_BEAR,3,4,0.55,0.25,0.21844412706488003,0.21844412706488003,STAGE4_SELL:EXPOSURE_GAP_BELOW_5PP,2022-01-09 00:00:00+00:00,BEAR,DEEP_BEAR,3,4,0.55,0.25,0.21844412706488003,0.21844412706488003,STAGE4_SELL:EXPOSURE_GAP_BELOW_5PP,,,STAGE4_SELL:EXPOSURE_GAP_BELOW_5PP,STAGE4_SELL:EXPOSURE_GAP_BELOW_5PP,False,SAME,
2022-01-11 00:00:00+00:00,2022-01-10 00:00:00+00:00,DEEP_BEAR,BEAR,4,3,0.25,0.55,0.21474390134903784,0.21474390134903784,DEEP_BEAR_TO_BEAR_NO_AUTO_BUY,2022-01-10 00:00:00+00:00,DEEP_BEAR,BEAR,4,3,0.25,0.55,0.21474390134903784,0.21474390134903784,DEEP_BEAR_TO_BEAR_NO_AUTO_BUY,,,DEEP_BEAR_TO_BEAR_NO_AUTO_BUY,DEEP_BEAR_TO_BEAR_NO_AUTO_BUY,False,SAME,
2022-01-12 00:00:00+00:00,2022-01-11 00:00:00+00:00,BEAR,DEEP_BEAR,3,4,0.55,0.25,0.2232736122192891,0.2232736122192891,STAGE4_SELL:EXPOSURE_GAP_BELOW_5PP,2022-01-11 00:00:00+00:00,BEAR,DEEP_BEAR,3,4,0.55,0.25,0.2232736122192891,0.2232736122192891,STAGE4_SELL:EXPOSURE_GAP_BELOW_5PP,,,STAGE4_SELL:EXPOSURE_GAP_BELOW_5PP,STAGE4_SELL:EXPOSURE_GAP_BELOW_5PP,False,SAME,
2022-01-13 00:00:00+00:00,2022-01-12 00:00:00+00:00,DEEP_BEAR,BEAR,4,3,0.25,0.55,0.23031623106699564,0.23031623106699564,DEEP_BEAR_TO_BEAR_NO_AUTO_BUY,2022-01-12 00:00:00+00:00,DEEP_BEAR,BEAR,4,3,0.25,0.55,0.23031623106699564,0.23031623106699564,DEEP_BEAR_TO_BEAR_NO_AUTO_BUY,,,DEEP_BEAR_TO_BEAR_NO_AUTO_BUY,DEEP_BEAR_TO_BEAR_NO_AUTO_BUY,False,SAME,
2022-01-14 00:00:00+00:00,2022-01-13 00:00:00+00:00,BEAR,DEEP_BEAR,3,4,0.55,0.25,0.2234227795751573,0.2234227795751573,STAGE4_SELL:EXPOSURE_GAP_BELOW_5PP,2022-01-13 00:00:00+00:00,BEAR,DEEP_BEAR,3,4,0.55,0.25,0.2234227795751573,0.2234227795751573,STAGE4_SELL:EXPOSURE_GAP_BELOW_5PP,,,STAGE4_SELL:EXPOSURE_GAP_BELOW_5PP,STAGE4_SELL:EXPOSURE_GAP_BELOW_5PP,False,SAME,
2022-01-15 00:00:00+00:00,2022-01-14 00:00:00+00:00,DEEP_BEAR,BEAR,4,3,0.25,0.55,0.22703130213332062,0.22703130213332062,DEEP_BEAR_TO_BEAR_NO_AUTO_BUY,2022-01-14 00:00:00+00:00,DEEP_BEAR,BEAR,4,3,0.25,0.55,0.22703130213332062,0.22703130213332062,DEEP_BEAR_TO_BEAR_NO_AUTO_BUY,,,DEEP_BEAR_TO_BEAR_NO_AUTO_BUY,DEEP_BEAR_TO_BEAR_NO_AUTO_BUY,False,SAME,
2022-01-16 00:00:00+00:00,2022-01-15 00:00:00+00:00,BEAR,DEEP_BEAR,3,4,0.55,0.25,0.22809165790987643,0.22809165790987643,STAGE4_SELL:EXPOSURE_GAP_BELOW_5PP,2022-01-15 00:00:00+00:00,BEAR,DEEP_BEAR,3,4,0.55,0.25,0.22809165790987643,0.22809165790987643,STAGE4_SELL:EXPOSURE_GAP_BELOW_5PP,,,STAGE4_SELL:EXPOSURE_GAP_BELOW_5PP,STAGE4_SELL:EXPOSURE_GAP_BELOW_5PP,False,SAME,
2022-01-17 00:00:00+00:00,2022-01-16 00:00:00+00:00,DEEP_BEAR,BEAR,4,3,0.25,0.55,0.22921678409380358,0.22921678409380358,DEEP_BEAR_TO_BEAR_NO_AUTO_BUY,2022-01-16 00:00:00+00:00,DEEP_BEAR,BEAR,4,3,0.25,0.55,0.22921678409380358,0.22921678409380358,DEEP_BEAR_TO_BEAR_NO_AUTO_BUY,,,DEEP_BEAR_TO_BEAR_NO_AUTO_BUY,DEEP_BEAR_TO_BEAR_NO_AUTO_BUY,False,SAME,
2022-01-18 00:00:00+00:00,2022-01-17 00:00:00+00:00,BEAR,DEEP_BEAR,3,4,0.55,0.25,0.22197185845887232,0.22197185845887232,STAGE4_SELL:EXPOSURE_GAP_BELOW_5PP,2022-01-17 00:00:00+00:00,BEAR,DEEP_BEAR,3,4,0.55,0.25,0.22197185845887232,0.22197185845887232,STAGE4_SELL:EXPOSURE_GAP_BELOW_5PP,,,STAGE4_SELL:EXPOSURE_GAP_BELOW_5PP,STAGE4_SELL:EXPOSURE_GAP_BELOW_5PP,False,SAME,
2022-01-19 00:00:00+00:00,2022-01-18 00:00:00+00:00,DEEP_BEAR,BEAR,4,3,0.25,0.55,0.21934920901693455,0.21934920901693455,DEEP_BEAR_TO_BEAR_NO_AUTO_BUY,2022-01-18 00:00:00+00:00,DEEP_BEAR,BEAR,4,3,0.25,0.55,0.21934920901693455,0.21934920901693455,DEEP_BEAR_TO_BEAR_NO_AUTO_BUY,,,DEEP_BEAR_TO_BEAR_NO_AUTO_BUY,DEEP_BEAR_TO_BEAR_NO_AUTO_BUY,False,SAME,
2022-01-20 00:00:00+00:00,2022-01-19 00:00:00+00:00,BEAR,DEEP_BEAR,3,4,0.55,0.25,0.21527814440041043,0.21527814440041043,STAGE4_SELL:EXPOSURE_GAP_BELOW_5PP,2022-01-19 00:00:00+00:00,BEAR,DEEP_BEAR,3,4,0.55,0.25,0.21527814440041043,0.21527814440041043,STAGE4_SELL:EXPOSURE_GAP_BELOW_5PP,,,STAGE4_SELL:EXPOSURE_GAP_BELOW_5PP,STAGE4_SELL:EXPOSURE_GAP_BELOW_5PP,False,SAME,
2022-01-21 00:00:00+00:00,2022-01-20 00:00:00+00:00,DEEP_BEAR,BEAR,4,3,0.25,0.55,0.21078549549693576,0.21078549549693576,DEEP_BEAR_TO_BEAR_NO_AUTO_BUY,2022-01-20 00:00:00+00:00,DEEP_BEAR,BEAR,4,3,0.25,0.55,0.21078549549693576,0.21078549549693576,DEEP_BEAR_TO_BEAR_NO_AUTO_BUY,,,DEEP_BEAR_TO_BEAR_NO_AUTO_BUY,DEEP_BEAR_TO_BEAR_NO_AUTO_BUY,False,SAME,
2022-01-22 00:00:00+00:00,2022-01-21 00:00:00+00:00,BEAR,DEEP_BEAR,3,4,0.55,0.25,0.18606708955358153,0.18606708955358153,STAGE4_SELL:NOTIONAL_BELOW_GUARD,2022-01-21 00:00:00+00:00,BEAR,DEEP_BEAR,3,4,0.55,0.25,0.18606708955358153,0.18606708955358153,STAGE4_SELL:NOTIONAL_BELOW_GUARD,,,STAGE4_SELL:NOTIONAL_BELOW_GUARD,STAGE4_SELL:NOTIONAL_BELOW_GUARD,False,SAME,
2022-01-23 00:00:00+00:00,2022-01-22 00:00:00+00:00,DEEP_BEAR,BEAR,4,3,0.25,0.55,0.17688295443992905,0.17688295443992905,DEEP_BEAR_TO_BEAR_NO_AUTO_BUY|CRASH_L1:NOTIONAL_BELOW_GUARD,2022-01-22 00:00:00+00:00,DEEP_BEAR,BEAR,4,3,0.25,0.55,0.17688295443992905,0.17688295443992905,DEEP_BEAR_TO_BEAR_NO_AUTO_BUY|CRASH_L1:NOTIONAL_BELOW_GUARD,,,DEEP_BEAR_TO_BEAR_NO_AUTO_BUY|CRASH_L1:NOTIONAL_BELOW_GUARD,DEEP_BEAR_TO_BEAR_NO_AUTO_BUY|CRASH_L1:NOTIONAL_BELOW_GUARD,False,SAME,
2022-01-24 00:00:00+00:00,2022-01-23 00:00:00+00:00,BEAR,DEEP_BEAR,3,4,0.55,0.25,0.1845093461622274,0.1845093461622274,STAGE4_SELL:NOTIONAL_BELOW_GUARD,2022-01-23 00:00:00+00:00,BEAR,DEEP_BEAR,3,4,0.55,0.25,0.1845093461622274,0.1845093461622274,STAGE4_SELL:NOTIONAL_BELOW_GUARD,,,STAGE4_SELL:NOTIONAL_BELOW_GUARD,STAGE4_SELL:NOTIONAL_BELOW_GUARD,False,SAME,
2022-01-25 00:00:00+00:00,2022-01-24 00:00:00+00:00,DEEP_BEAR,BEAR,4,3,0.25,0.55,0.17868625039812122,0.17868625039812122,DEEP_BEAR_TO_BEAR_NO_AUTO_BUY,2022-01-24 00:00:00+00:00,DEEP_BEAR,BEAR,4,3,0.25,0.55,0.17868625039812122,0.17868625039812122,DEEP_BEAR_TO_BEAR_NO_AUTO_BUY,,,DEEP_BEAR_TO_BEAR_NO_AUTO_BUY,DEEP_BEAR_TO_BEAR_NO_AUTO_BUY,False,SAME,
2022-01-26 00:00:00+00:00,2022-01-25 00:00:00+00:00,BEAR,DEEP_BEAR,3,4,0.55,0.25,0.17991599584939216,0.17991599584939216,STAGE4_SELL:NOTIONAL_BELOW_GUARD,2022-01-25 00:00:00+00:00,BEAR,DEEP_BEAR,3,4,0.55,0.25,0.17991599584939216,0.17991599584939216,STAGE4_SELL:NOTIONAL_BELOW_GUARD,,,STAGE4_SELL:NOTIONAL_BELOW_GUARD,STAGE4_SELL:NOTIONAL_BELOW_GUARD,False,SAME,
2022-01-27 00:00:00+00:00,2022-01-26 00:00:00+00:00,DEEP_BEAR,BEAR,4,3,0.25,0.55,0.180204588758576,0.180204588758576,DEEP_BEAR_TO_BEAR_NO_AUTO_BUY,2022-01-26 00:00:00+00:00,DEEP_BEAR,BEAR,4,3,0.25,0.55,0.180204588758576,0.180204588758576,DEEP_BEAR_TO_BEAR_NO_AUTO_BUY,,,DEEP_BEAR_TO_BEAR_NO_AUTO_BUY,DEEP_BEAR_TO_BEAR_NO_AUTO_BUY,False,SAME,
2022-01-28 00:00:00+00:00,2022-01-27 00:00:00+00:00,BEAR,DEEP_BEAR,3,4,0.55,0.25,0.1779515098894649,0.1779515098894649,STAGE4_SELL:NOTIONAL_BELOW_GUARD,2022-01-27 00:00:00+00:00,BEAR,DEEP_BEAR,3,4,0.55,0.25,0.1779515098894649,0.1779515098894649,STAGE4_SELL:NOTIONAL_BELOW_GUARD,,,STAGE4_SELL:NOTIONAL_BELOW_GUARD,STAGE4_SELL:NOTIONAL_BELOW_GUARD,False,SAME,
2022-01-29 00:00:00+00:00,2022-01-28 00:00:00+00:00,DEEP_BEAR,BEAR,4,3,0.25,0.55,0.185202245621289,0.185202245621289,DEEP_BEAR_TO_BEAR_NO_AUTO_BUY,2022-01-28 00:00:00+00:00,DEEP_BEAR,BEAR,4,3,0.25,0.55,0.185202245621289,0.185202245621289,DEEP_BEAR_TO_BEAR_NO_AUTO_BUY,,,DEEP_BEAR_TO_BEAR_NO_AUTO_BUY,DEEP_BEAR_TO_BEAR_NO_AUTO_BUY,False,SAME,
2022-01-30 00:00:00+00:00,2022-01-29 00:00:00+00:00,BEAR,DEEP_BEAR,3,4,0.55,0.25,0.18857939620882763,0.18857939620882763,STAGE4_SELL:NOTIONAL_BELOW_GUARD,2022-01-29 00:00:00+00:00,BEAR,DEEP_BEAR,3,4,0.55,0.25,0.18857939620882763,0.18857939620882763,STAGE4_SELL:NOTIONAL_BELOW_GUARD,,,STAGE4_SELL:NOTIONAL_BELOW_GUARD,STAGE4_SELL:NOTIONAL_BELOW_GUARD,False,SAME,
2022-01-31 00:00:00+00:00,2022-01-30 00:00:00+00:00,DEEP_BEAR,BEAR,4,3,0.25,0.55,0.18864034110458125,0.18864034110458125,DEEP_BEAR_TO_BEAR_NO_AUTO_BUY,2022-01-30 00:00:00+00:00,DEEP_BEAR,BEAR,4,3,0.25,0.55,0.18864034110458125,0.18864034110458125,DEEP_BEAR_TO_BEAR_NO_AUTO_BUY,,,DEEP_BEAR_TO_BEAR_NO_AUTO_BUY,DEEP_BEAR_TO_BEAR_NO_AUTO_BUY,False,SAME,
2022-02-01 00:00:00+00:00,2022-01-31 00:00:00+00:00,BEAR,DEEP_BEAR,3,4,0.55,0.25,0.19365880311288394,0.19365880311288394,STAGE4_SELL:NOTIONAL_BELOW_GUARD,2022-01-31 00:00:00+00:00,BEAR,DEEP_BEAR,3,4,0.55,0.25,0.19365880311288394,0.19365880311288394,STAGE4_SELL:NOTIONAL_BELOW_GUARD,,,STAGE4_SELL:NOTIONAL_BELOW_GUARD,STAGE4_SELL:NOTIONAL_BELOW_GUARD,False,SAME,
2022-02-02 00:00:00+00:00,2022-02-01 00:00:00+00:00,DEEP_BEAR,BEAR,4,3,0.25,0.55,0.19946895706982762,0.19946895706982762,DEEP_BEAR_TO_BEAR_NO_AUTO_BUY,2022-02-01 00:00:00+00:00,DEEP_BEAR,BEAR,4,3,0.25,0.55,0.19946895706982762,0.19946895706982762,DEEP_BEAR_TO_BEAR_NO_AUTO_BUY,,,DEEP_BEAR_TO_BEAR_NO_AUTO_BUY,DEEP_BEAR_TO_BEAR_NO_AUTO_BUY,False,SAME,
2022-02-03 00:00:00+00:00,2022-02-02 00:00:00+00:00,BEAR,DEEP_BEAR,3,4,0.55,0.25,0.19332135961324723,0.19332135961324723,STAGE4_SELL:NOTIONAL_BELOW_GUARD,2022-02-02 00:00:00+00:00,BEAR,DEEP_BEAR,3,4,0.55,0.25,0.19332135961324723,0.19332135961324723,STAGE4_SELL:NOTIONAL_BELOW_GUARD,,,STAGE4_SELL:NOTIONAL_BELOW_GUARD,STAGE4_SELL:NOTIONAL_BELOW_GUARD,False,SAME,
2022-02-04 00:00:00+00:00,2022-02-03 00:00:00+00:00,DEEP_BEAR,BEAR,4,3,0.25,0.55,0.19425726502694654,0.19425726502694654,DEEP_BEAR_TO_BEAR_NO_AUTO_BUY,2022-02-03 00:00:00+00:00,DEEP_BEAR,BEAR,4,3,0.25,0.55,0.19425726502694654,0.19425726502694654,DEEP_BEAR_TO_BEAR_NO_AUTO_BUY,,,DEEP_BEAR_TO_BEAR_NO_AUTO_BUY,DEEP_BEAR_TO_BEAR_NO_AUTO_BUY,False,SAME,
2022-02-05 00:00:00+00:00,2022-02-04 00:00:00+00:00,BEAR,DEEP_BEAR,3,4,0.55,0.25,0.2113606127078546,0.2113606127078546,STAGE4_SELL:EXPOSURE_GAP_BELOW_5PP,2022-02-04 00:00:00+00:00,BEAR,DEEP_BEAR,3,4,0.55,0.25,0.2113606127078546,0.2113606127078546,STAGE4_SELL:EXPOSURE_GAP_BELOW_5PP,,,STAGE4_SELL:EXPOSURE_GAP_BELOW_5PP,STAGE4_SELL:EXPOSURE_GAP_BELOW_5PP,False,SAME,
2022-02-06 00:00:00+00:00,2022-02-05 00:00:00+00:00,DEEP_BEAR,BEAR,4,3,0.25,0.55,0.21237693760625057,0.21237693760625057,DEEP_BEAR_TO_BEAR_NO_AUTO_BUY,2022-02-05 00:00:00+00:00,DEEP_BEAR,BEAR,4,3,0.25,0.55,0.21237693760625057,0.21237693760625057,DEEP_BEAR_TO_BEAR_NO_AUTO_BUY,,,DEEP_BEAR_TO_BEAR_NO_AUTO_BUY,DEEP_BEAR_TO_BEAR_NO_AUTO_BUY,False,SAME,
2022-02-07 00:00:00+00:00,2022-02-06 00:00:00+00:00,BEAR,DEEP_BEAR,3,4,0.55,0.25,0.21479519594340335,0.21479519594340335,STAGE4_SELL:EXPOSURE_GAP_BELOW_5PP,2022-02-06 00:00:00+00:00,BEAR,DEEP_BEAR,3,4,0.55,0.25,0.21479519594340335,0.21479519594340335,STAGE4_SELL:EXPOSURE_GAP_BELOW_5PP,,,STAGE4_SELL:EXPOSURE_GAP_BELOW_5PP,STAGE4_SELL:EXPOSURE_GAP_BELOW_5PP,False,SAME,
2022-02-08 00:00:00+00:00,2022-02-07 00:00:00+00:00,DEEP_BEAR,BEAR,4,3,0.25,0.55,0.2195138297295955,0.2195138297295955,DEEP_BEAR_TO_BEAR_NO_AUTO_BUY,2022-02-07 00:00:00+00:00,DEEP_BEAR,BEAR,4,3,0.25,0.55,0.2195138297295955,0.2195138297295955,DEEP_BEAR_TO_BEAR_NO_AUTO_BUY,,,DEEP_BEAR_TO_BEAR_NO_AUTO_BUY,DEEP_BEAR_TO_BEAR_NO_AUTO_BUY,False,SAME,
2022-02-09 00:00:00+00:00,2022-02-08 00:00:00+00:00,BEAR,DEEP_BEAR,3,4,0.55,0.25,0.21833036801441605,0.21833036801441605,STAGE4_SELL:EXPOSURE_GAP_BELOW_5PP,2022-02-08 00:00:00+00:00,BEAR,DEEP_BEAR,3,4,0.55,0.25,0.21833036801441605,0.21833036801441605,STAGE4_SELL:EXPOSURE_GAP_BELOW_5PP,,,STAGE4_SELL:EXPOSURE_GAP_BELOW_5PP,STAGE4_SELL:EXPOSURE_GAP_BELOW_5PP,False,SAME,
2022-02-10 00:00:00+00:00,2022-02-09 00:00:00+00:00,DEEP_BEAR,BEAR,4,3,0.25,0.55,0.22520243190111824,0.22520243190111824,DEEP_BEAR_TO_BEAR_NO_AUTO_BUY,2022-02-09 00:00:00+00:00,DEEP_BEAR,BEAR,4,3,0.25,0.55,0.22520243190111824,0.22520243190111824,DEEP_BEAR_TO_BEAR_NO_AUTO_BUY,,,DEEP_BEAR_TO_BEAR_NO_AUTO_BUY,DEEP_BEAR_TO_BEAR_NO_AUTO_BUY,False,SAME,
2022-02-11 00:00:00+00:00,2022-02-10 00:00:00+00:00,BEAR,DEEP_BEAR,3,4,0.55,0.25,0.21600488938485785,0.21600488938485785,STAGE4_SELL:EXPOSURE_GAP_BELOW_5PP,2022-02-10 00:00:00+00:00,BEAR,DEEP_BEAR,3,4,0.55,0.25,0.21600488938485785,0.21600488938485785,STAGE4_SELL:EXPOSURE_GAP_BELOW_5PP,,,STAGE4_SELL:EXPOSURE_GAP_BELOW_5PP,STAGE4_SELL:EXPOSURE_GAP_BELOW_5PP,False,SAME,
2022-02-12 00:00:00+00:00,2022-02-11 00:00:00+00:00,DEEP_BEAR,BEAR,4,3,0.25,0.55,0.208042129368653,0.208042129368653,DEEP_BEAR_TO_BEAR_NO_AUTO_BUY,2022-02-11 00:00:00+00:00,DEEP_BEAR,BEAR,4,3,0.25,0.55,0.208042129368653,0.208042129368653,DEEP_BEAR_TO_BEAR_NO_AUTO_BUY,,,DEEP_BEAR_TO_BEAR_NO_AUTO_BUY,DEEP_BEAR_TO_BEAR_NO_AUTO_BUY,False,SAME,
2022-02-13 00:00:00+00:00,2022-02-12 00:00:00+00:00,BEAR,DEEP_BEAR,3,4,0.55,0.25,0.20759078623081823,0.20759078623081823,STAGE4_SELL:EXPOSURE_GAP_BELOW_5PP,2022-02-12 00:00:00+00:00,BEAR,DEEP_BEAR,3,4,0.55,0.25,0.20759078623081823,0.20759078623081823,STAGE4_SELL:EXPOSURE_GAP_BELOW_5PP,,,STAGE4_SELL:EXPOSURE_GAP_BELOW_5PP,STAGE4_SELL:EXPOSURE_GAP_BELOW_5PP,False,SAME,
2022-02-14 00:00:00+00:00,2022-02-13 00:00:00+00:00,DEEP_BEAR,BEAR,4,3,0.25,0.55,0.20499134954004336,0.20499134954004336,DEEP_BEAR_TO_BEAR_NO_AUTO_BUY,2022-02-13 00:00:00+00:00,DEEP_BEAR,BEAR,4,3,0.25,0.55,0.20499134954004336,0.20499134954004336,DEEP_BEAR_TO_BEAR_NO_AUTO_BUY,,,DEEP_BEAR_TO_BEAR_NO_AUTO_BUY,DEEP_BEAR_TO_BEAR_NO_AUTO_BUY,False,SAME,
2022-02-15 00:00:00+00:00,2022-02-14 00:00:00+00:00,BEAR,DEEP_BEAR,3,4,0.55,0.25,0.20833860505048893,0.20833860505048893,STAGE4_SELL:EXPOSURE_GAP_BELOW_5PP,2022-02-14 00:00:00+00:00,BEAR,DEEP_BEAR,3,4,0.55,0.25,0.20833860505048893,0.20833860505048893,STAGE4_SELL:EXPOSURE_GAP_BELOW_5PP,,,STAGE4_SELL:EXPOSURE_GAP_BELOW_5PP,STAGE4_SELL:EXPOSURE_GAP_BELOW_5PP,False,SAME,
2022-02-16 00:00:00+00:00,2022-02-15 00:00:00+00:00,DEEP_BEAR,BEAR,4,3,0.25,0.55,0.22233428981136102,0.22233428981136102,DEEP_BEAR_TO_BEAR_NO_AUTO_BUY,2022-02-15 00:00:00+00:00,DEEP_BEAR,BEAR,4,3,0.25,0.55,0.22233428981136102,0.22233428981136102,DEEP_BEAR_TO_BEAR_NO_AUTO_BUY,,,DEEP_BEAR_TO_BEAR_NO_AUTO_BUY,DEEP_BEAR_TO_BEAR_NO_AUTO_BUY,False,SAME,
2022-02-17 00:00:00+00:00,2022-02-16 00:00:00+00:00,BEAR,DEEP_BEAR,3,4,0.55,0.25,0.219058376357722,0.219058376357722,STAGE4_SELL:EXPOSURE_GAP_BELOW_5PP,2022-02-16 00:00:00+00:00,BEAR,DEEP_BEAR,3,4,0.55,0.25,0.219058376357722,0.219058376357722,STAGE4_SELL:EXPOSURE_GAP_BELOW_5PP,,,STAGE4_SELL:EXPOSURE_GAP_BELOW_5PP,STAGE4_SELL:EXPOSURE_GAP_BELOW_5PP,False,SAME,
2022-02-18 00:00:00+00:00,2022-02-17 00:00:00+00:00,DEEP_BEAR,BEAR,4,3,0.25,0.55,0.20627092162743468,0.20627092162743468,DEEP_BEAR_TO_BEAR_NO_AUTO_BUY,2022-02-17 00:00:00+00:00,DEEP_BEAR,BEAR,4,3,0.25,0.55,0.20627092162743468,0.20627092162743468,DEEP_BEAR_TO_BEAR_NO_AUTO_BUY,,,DEEP_BEAR_TO_BEAR_NO_AUTO_BUY,DEEP_BEAR_TO_BEAR_NO_AUTO_BUY,False,SAME,
2022-02-19 00:00:00+00:00,2022-02-18 00:00:00+00:00,BEAR,DEEP_BEAR,3,4,0.55,0.25,0.19996480028488534,0.19996480028488534,STAGE4_SELL:NOTIONAL_BELOW_GUARD,2022-02-18 00:00:00+00:00,BEAR,DEEP_BEAR,3,4,0.55,0.25,0.19996480028488534,0.19996480028488534,STAGE4_SELL:NOTIONAL_BELOW_GUARD,,,STAGE4_SELL:NOTIONAL_BELOW_GUARD,STAGE4_SELL:NOTIONAL_BELOW_GUARD,False,SAME,
2022-02-20 00:00:00+00:00,2022-02-19 00:00:00+00:00,DEEP_BEAR,BEAR,4,3,0.25,0.55,0.1991386253750254,0.1991386253750254,DEEP_BEAR_TO_BEAR_NO_AUTO_BUY,2022-02-19 00:00:00+00:00,DEEP_BEAR,BEAR,4,3,0.25,0.55,0.1991386253750254,0.1991386253750254,DEEP_BEAR_TO_BEAR_NO_AUTO_BUY,,,DEEP_BEAR_TO_BEAR_NO_AUTO_BUY,DEEP_BEAR_TO_BEAR_NO_AUTO_BUY,False,SAME,
2022-02-21 00:00:00+00:00,2022-02-20 00:00:00+00:00,BEAR,DEEP_BEAR,3,4,0.55,0.25,0.19096134771040027,0.19096134771040027,STAGE4_SELL:NOTIONAL_BELOW_GUARD,2022-02-20 00:00:00+00:00,BEAR,DEEP_BEAR,3,4,0.55,0.25,0.19096134771040027,0.19096134771040027,STAGE4_SELL:NOTIONAL_BELOW_GUARD,,,STAGE4_SELL:NOTIONAL_BELOW_GUARD,STAGE4_SELL:NOTIONAL_BELOW_GUARD,False,SAME,
2022-02-22 00:00:00+00:00,2022-02-21 00:00:00+00:00,DEEP_BEAR,BEAR,4,3,0.25,0.55,0.18778441856069958,0.18778441856069958,DEEP_BEAR_TO_BEAR_NO_AUTO_BUY,2022-02-21 00:00:00+00:00,DEEP_BEAR,BEAR,4,3,0.25,0.55,0.18778441856069958,0.18778441856069958,DEEP_BEAR_TO_BEAR_NO_AUTO_BUY,,,DEEP_BEAR_TO_BEAR_NO_AUTO_BUY,DEEP_BEAR_TO_BEAR_NO_AUTO_BUY,False,SAME,
2022-02-23 00:00:00+00:00,2022-02-22 00:00:00+00:00,BEAR,DEEP_BEAR,3,4,0.55,0.25,0.19189250464586746,0.19189250464586746,STAGE4_SELL:NOTIONAL_BELOW_GUARD,2022-02-22 00:00:00+00:00,BEAR,DEEP_BEAR,3,4,0.55,0.25,0.19189250464586746,0.19189250464586746,STAGE4_SELL:NOTIONAL_BELOW_GUARD,,,STAGE4_SELL:NOTIONAL_BELOW_GUARD,STAGE4_SELL:NOTIONAL_BELOW_GUARD,False,SAME,
2022-02-24 00:00:00+00:00,2022-02-23 00:00:00+00:00,DEEP_BEAR,BEAR,4,3,0.25,0.55,0.18859584616745584,0.18859584616745584,DEEP_BEAR_TO_BEAR_NO_AUTO_BUY,2022-02-23 00:00:00+00:00,DEEP_BEAR,BEAR,4,3,0.25,0.55,0.18859584616745584,0.18859584616745584,DEEP_BEAR_TO_BEAR_NO_AUTO_BUY,,,DEEP_BEAR_TO_BEAR_NO_AUTO_BUY,DEEP_BEAR_TO_BEAR_NO_AUTO_BUY,False,SAME,
2022-02-25 00:00:00+00:00,2022-02-24 00:00:00+00:00,BEAR,DEEP_BEAR,3,4,0.55,0.25,0.18969815008985794,0.18969815008985794,STAGE4_SELL:NOTIONAL_BELOW_GUARD,2022-02-24 00:00:00+00:00,BEAR,DEEP_BEAR,3,4,0.55,0.25,0.18969815008985794,0.18969815008985794,STAGE4_SELL:NOTIONAL_BELOW_GUARD,,,STAGE4_SELL:NOTIONAL_BELOW_GUARD,STAGE4_SELL:NOTIONAL_BELOW_GUARD,False,SAME,
2022-02-26 00:00:00+00:00,2022-02-25 00:00:00+00:00,DEEP_BEAR,BEAR,4,3,0.25,0.55,0.19968151370347054,0.19968151370347054,DEEP_BEAR_TO_BEAR_NO_AUTO_BUY,2022-02-25 00:00:00+00:00,DEEP_BEAR,BEAR,4,3,0.25,0.55,0.19968151370347054,0.19968151370347054,DEEP_BEAR_TO_BEAR_NO_AUTO_BUY,,,DEEP_BEAR_TO_BEAR_NO_AUTO_BUY,DEEP_BEAR_TO_BEAR_NO_AUTO_BUY,False,SAME,
2022-02-27 00:00:00+00:00,2022-02-26 00:00:00+00:00,BEAR,DEEP_BEAR,3,4,0.55,0.25,0.20037661672968965,0.20037661672968965,STAGE4_SELL:EXPOSURE_GAP_BELOW_5PP,2022-02-26 00:00:00+00:00,BEAR,DEEP_BEAR,3,4,0.55,0.25,0.20037661672968965,0.20037661672968965,STAGE4_SELL:EXPOSURE_GAP_BELOW_5PP,,,STAGE4_SELL:EXPOSURE_GAP_BELOW_5PP,STAGE4_SELL:EXPOSURE_GAP_BELOW_5PP,False,SAME,
2022-02-28 00:00:00+00:00,2022-02-27 00:00:00+00:00,DEEP_BEAR,BEAR,4,3,0.25,0.55,0.19101050645219037,0.19101050645219037,DEEP_BEAR_TO_BEAR_NO_AUTO_BUY,2022-02-27 00:00:00+00:00,DEEP_BEAR,BEAR,4,3,0.25,0.55,0.19101050645219037,0.19101050645219037,DEEP_BEAR_TO_BEAR_NO_AUTO_BUY,,,DEEP_BEAR_TO_BEAR_NO_AUTO_BUY,DEEP_BEAR_TO_BEAR_NO_AUTO_BUY,False,SAME,
2022-03-01 00:00:00+00:00,2022-02-28 00:00:00+00:00,BEAR,DEEP_BEAR,3,4,0.55,0.25,0.20871463322136927,0.20871463322136927,STAGE4_SELL:EXPOSURE_GAP_BELOW_5PP,2022-02-28 00:00:00+00:00,BEAR,DEEP_BEAR,3,4,0.55,0.25,0.20871463322136927,0.20871463322136927,STAGE4_SELL:EXPOSURE_GAP_BELOW_5PP,,,STAGE4_SELL:EXPOSURE_GAP_BELOW_5PP,STAGE4_SELL:EXPOSURE_GAP_BELOW_5PP,False,SAME,
2022-03-02 00:00:00+00:00,2022-03-01 00:00:00+00:00,DEEP_BEAR,BEAR,4,3,0.25,0.55,0.21192885209945853,0.21192885209945853,DEEP_BEAR_TO_BEAR_NO_AUTO_BUY,2022-03-01 00:00:00+00:00,DEEP_BEAR,BEAR,4,3,0.25,0.55,0.21192885209945853,0.21192885209945853,DEEP_BEAR_TO_BEAR_NO_AUTO_BUY,,,DEEP_BEAR_TO_BEAR_NO_AUTO_BUY,DEEP_BEAR_TO_BEAR_NO_AUTO_BUY,False,SAME,
2022-03-03 00:00:00+00:00,2022-03-02 00:00:00+00:00,BEAR,DEEP_BEAR,3,4,0.55,0.25,0.2103442560968608,0.2103442560968608,STAGE4_SELL:EXPOSURE_GAP_BELOW_5PP,2022-03-02 00:00:00+00:00,BEAR,DEEP_BEAR,3,4,0.55,0.25,0.2103442560968608,0.2103442560968608,STAGE4_SELL:EXPOSURE_GAP_BELOW_5PP,,,STAGE4_SELL:EXPOSURE_GAP_BELOW_5PP,STAGE4_SELL:EXPOSURE_GAP_BELOW_5PP,False,SAME,
2022-03-04 00:00:00+00:00,2022-03-03 00:00:00+00:00,DEEP_BEAR,BEAR,4,3,0.25,0.55,0.20398101829929866,0.20398101829929866,DEEP_BEAR_TO_BEAR_NO_AUTO_BUY,2022-03-03 00:00:00+00:00,DEEP_BEAR,BEAR,4,3,0.25,0.55,0.20398101829929866,0.20398101829929866,DEEP_BEAR_TO_BEAR_NO_AUTO_BUY,,,DEEP_BEAR_TO_BEAR_NO_AUTO_BUY,DEEP_BEAR_TO_BEAR_NO_AUTO_BUY,False,SAME,
2022-03-05 00:00:00+00:00,2022-03-04 00:00:00+00:00,BEAR,DEEP_BEAR,3,4,0.55,0.25,0.1916969771028599,0.1916969771028599,STAGE4_SELL:NOTIONAL_BELOW_GUARD,2022-03-04 00:00:00+00:00,BEAR,DEEP_BEAR,3,4,0.55,0.25,0.1916969771028599,0.1916969771028599,STAGE4_SELL:NOTIONAL_BELOW_GUARD,,,STAGE4_SELL:NOTIONAL_BELOW_GUARD,STAGE4_SELL:NOTIONAL_BELOW_GUARD,False,SAME,
2022-03-06 00:00:00+00:00,2022-03-05 00:00:00+00:00,DEEP_BEAR,DEEP_BEAR,4,4,0.25,0.25,0.1942568528038589,0.1942568528038589,,2022-03-05 00:00:00+00:00,DEEP_BEAR,DEEP_BEAR,4,4,0.25,0.25,0.1942568528038589,0.1942568528038589,,,,,,False,SAME,
2022-03-07 00:00:00+00:00,2022-03-06 00:00:00+00:00,DEEP_BEAR,DEEP_BEAR,4,4,0.25,0.25,0.1876321465363674,0.1876321465363674,,2022-03-06 00:00:00+00:00,DEEP_BEAR,DEEP_BEAR,4,4,0.25,0.25,0.1876321465363674,0.1876321465363674,,,,,,False,SAME,
2022-03-08 00:00:00+00:00,2022-03-07 00:00:00+00:00,DEEP_BEAR,DEEP_BEAR,4,4,0.25,0.25,0.18412167540913793,0.18412167540913793,,2022-03-07 00:00:00+00:00,DEEP_BEAR,DEEP_BEAR,4,4,0.25,0.25,0.18412167540913793,0.18412167540913793,,,,,,False,SAME,
2022-03-09 00:00:00+00:00,2022-03-08 00:00:00+00:00,DEEP_BEAR,DEEP_BEAR,4,4,0.25,0.25,0.18921519383378685,0.18921519383378685,,2022-03-08 00:00:00+00:00,DEEP_BEAR,DEEP_BEAR,4,4,0.25,0.25,0.18921519383378685,0.18921519383378685,,,,,,False,SAME,
2022-03-10 00:00:00+00:00,2022-03-09 00:00:00+00:00,DEEP_BEAR,DEEP_BEAR,4,4,0.25,0.25,0.19824918692292304,0.19824918692292304,,2022-03-09 00:00:00+00:00,DEEP_BEAR,DEEP_BEAR,4,4,0.25,0.25,0.19824918692292304,0.19824918692292304,,,,,,False,SAME,
2022-03-11 00:00:00+00:00,2022-03-10 00:00:00+00:00,DEEP_BEAR,DEEP_BEAR,4,4,0.25,0.25,0.19117172240183092,0.19117172240183092,,2022-03-10 00:00:00+00:00,DEEP_BEAR,DEEP_BEAR,4,4,0.25,0.25,0.19117172240183092,0.19117172240183092,,,,,,False,SAME,
2022-03-12 00:00:00+00:00,2022-03-11 00:00:00+00:00,DEEP_BEAR,DEEP_BEAR,4,4,0.25,0.25,0.18826799291451085,0.18826799291451085,,2022-03-11 00:00:00+00:00,DEEP_BEAR,DEEP_BEAR,4,4,0.25,0.25,0.18826799291451085,0.18826799291451085,,,,,,False,SAME,
2022-03-13 00:00:00+00:00,2022-03-12 00:00:00+00:00,DEEP_BEAR,DEEP_BEAR,4,4,0.25,0.25,0.18902824047105135,0.18902824047105135,,2022-03-12 00:00:00+00:00,DEEP_BEAR,DEEP_BEAR,4,4,0.25,0.25,0.18902824047105135,0.18902824047105135,,,,,,False,SAME,
2022-03-14 00:00:00+00:00,2022-03-13 00:00:00+00:00,DEEP_BEAR,DEEP_BEAR,4,4,0.25,0.25,0.18587851379684453,0.18587851379684453,,2022-03-13 00:00:00+00:00,DEEP_BEAR,DEEP_BEAR,4,4,0.25,0.25,0.18587851379684453,0.18587851379684453,,,,,,False,SAME,
2022-03-15 00:00:00+00:00,2022-03-14 00:00:00+00:00,DEEP_BEAR,DEEP_BEAR,4,4,0.25,0.25,0.19042681058070898,0.19042681058070898,,2022-03-14 00:00:00+00:00,DEEP_BEAR,DEEP_BEAR,4,4,0.25,0.25,0.19042681058070898,0.19042681058070898,,,,,,False,SAME,
2022-03-16 00:00:00+00:00,2022-03-15 00:00:00+00:00,DEEP_BEAR,DEEP_BEAR,4,4,0.25,0.25,0.1920849740597712,0.1920849740597712,,2022-03-15 00:00:00+00:00,DEEP_BEAR,DEEP_BEAR,4,4,0.25,0.25,0.1920849740597712,0.1920849740597712,,,,,,False,SAME,
2022-03-17 00:00:00+00:00,2022-03-16 00:00:00+00:00,DEEP_BEAR,DEEP_BEAR,4,4,0.25,0.25,0.2012390301335085,0.2012390301335085,,2022-03-16 00:00:00+00:00,DEEP_BEAR,DEEP_BEAR,4,4,0.25,0.25,0.2012390301335085,0.2012390301335085,,,,,,False,SAME,
2022-03-18 00:00:00+00:00,2022-03-17 00:00:00+00:00,DEEP_BEAR,DEEP_BEAR,4,4,0.25,0.25,0.20342159742390228,0.20342159742390228,,2022-03-17 00:00:00+00:00,DEEP_BEAR,DEEP_BEAR,4,4,0.25,0.25,0.20342159742390228,0.20342159742390228,,,,,,False,SAME,
2022-03-19 00:00:00+00:00,2022-03-18 00:00:00+00:00,DEEP_BEAR,DEEP_BEAR,4,4,0.25,0.25,0.2106252800451421,0.2106252800451421,,2022-03-18 00:00:00+00:00,DEEP_BEAR,DEEP_BEAR,4,4,0.25,0.25,0.2106252800451421,0.2106252800451421,,,,,,False,SAME,
2022-03-20 00:00:00+00:00,2022-03-19 00:00:00+00:00,DEEP_BEAR,DEEP_BEAR,4,4,0.25,0.25,0.21138619067718478,0.21138619067718478,,2022-03-19 00:00:00+00:00,DEEP_BEAR,DEEP_BEAR,4,4,0.25,0.25,0.21138619067718478,0.21138619067718478,,,,,,False,SAME,
2022-03-21 00:00:00+00:00,2022-03-20 00:00:00+00:00,DEEP_BEAR,BEAR,4,3,0.25,0.55,0.20638910789484044,0.20638910789484044,DEEP_BEAR_TO_BEAR_NO_AUTO_BUY,2022-03-20 00:00:00+00:00,DEEP_BEAR,BEAR,4,3,0.25,0.55,0.20638910789484044,0.20638910789484044,DEEP_BEAR_TO_BEAR_NO_AUTO_BUY,,,DEEP_BEAR_TO_BEAR_NO_AUTO_BUY,DEEP_BEAR_TO_BEAR_NO_AUTO_BUY,False,SAME,
2022-03-22 00:00:00+00:00,2022-03-21 00:00:00+00:00,BEAR,DEEP_BEAR,3,4,0.55,0.25,0.2080102812843088,0.2080102812843088,STAGE4_SELL:EXPOSURE_GAP_BELOW_5PP,2022-03-21 00:00:00+00:00,BEAR,DEEP_BEAR,3,4,0.55,0.25,0.2080102812843088,0.2080102812843088,STAGE4_SELL:EXPOSURE_GAP_BELOW_5PP,,,STAGE4_SELL:EXPOSURE_GAP_BELOW_5PP,STAGE4_SELL:EXPOSURE_GAP_BELOW_5PP,False,SAME,
2022-03-23 00:00:00+00:00,2022-03-22 00:00:00+00:00,DEEP_BEAR,DEEP_BEAR,4,4,0.25,0.25,0.2126007961847237,0.2126007961847237,,2022-03-22 00:00:00+00:00,DEEP_BEAR,DEEP_BEAR,4,4,0.25,0.25,0.2126007961847237,0.2126007961847237,,,,,,False,SAME,
2022-03-24 00:00:00+00:00,2022-03-23 00:00:00+00:00,DEEP_BEAR,DEEP_BEAR,4,4,0.25,0.25,0.2163335295188429,0.2163335295188429,,2022-03-23 00:00:00+00:00,DEEP_BEAR,DEEP_BEAR,4,4,0.25,0.25,0.2163335295188429,0.2163335295188429,,,,,,False,SAME,
2022-03-25 00:00:00+00:00,2022-03-24 00:00:00+00:00,DEEP_BEAR,BEAR,4,3,0.25,0.55,0.22054524233217418,0.22054524233217418,DEEP_BEAR_TO_BEAR_NO_AUTO_BUY,2022-03-24 00:00:00+00:00,DEEP_BEAR,BEAR,4,3,0.25,0.55,0.22054524233217418,0.22054524233217418,DEEP_BEAR_TO_BEAR_NO_AUTO_BUY,,,DEEP_BEAR_TO_BEAR_NO_AUTO_BUY,DEEP_BEAR_TO_BEAR_NO_AUTO_BUY,False,SAME,
2022-03-26 00:00:00+00:00,2022-03-25 00:00:00+00:00,BEAR,DEEP_BEAR,3,4,0.55,0.25,0.2201685122330662,0.2201685122330662,STAGE4_SELL:EXPOSURE_GAP_BELOW_5PP,2022-03-25 00:00:00+00:00,BEAR,DEEP_BEAR,3,4,0.55,0.25,0.2201685122330662,0.2201685122330662,STAGE4_SELL:EXPOSURE_GAP_BELOW_5PP,,,STAGE4_SELL:EXPOSURE_GAP_BELOW_5PP,STAGE4_SELL:EXPOSURE_GAP_BELOW_5PP,False,SAME,
2022-03-27 00:00:00+00:00,2022-03-26 00:00:00+00:00,DEEP_BEAR,BEAR,4,3,0.25,0.55,0.2225436797271905,0.2225436797271905,DEEP_BEAR_TO_BEAR_NO_AUTO_BUY,2022-03-26 00:00:00+00:00,DEEP_BEAR,BEAR,4,3,0.25,0.55,0.2225436797271905,0.2225436797271905,DEEP_BEAR_TO_BEAR_NO_AUTO_BUY,,,DEEP_BEAR_TO_BEAR_NO_AUTO_BUY,DEEP_BEAR_TO_BEAR_NO_AUTO_BUY,False,SAME,
2022-03-28 00:00:00+00:00,2022-03-27 00:00:00+00:00,BEAR,DEEP_BEAR,3,4,0.55,0.25,0.23081683647290155,0.23081683647290155,STAGE4_SELL:EXPOSURE_GAP_BELOW_5PP,2022-03-27 00:00:00+00:00,BEAR,DEEP_BEAR,3,4,0.55,0.25,0.23081683647290155,0.23081683647290155,STAGE4_SELL:EXPOSURE_GAP_BELOW_5PP,,,STAGE4_SELL:EXPOSURE_GAP_BELOW_5PP,STAGE4_SELL:EXPOSURE_GAP_BELOW_5PP,False,SAME,
2022-03-29 00:00:00+00:00,2022-03-28 00:00:00+00:00,DEEP_BEAR,BEAR,4,3,0.25,0.55,0.23284515412859655,0.23284515412859655,DEEP_BEAR_TO_BEAR_NO_AUTO_BUY,2022-03-28 00:00:00+00:00,DEEP_BEAR,BEAR,4,3,0.25,0.55,0.23284515412859655,0.23284515412859655,DEEP_BEAR_TO_BEAR_NO_AUTO_BUY,,,DEEP_BEAR_TO_BEAR_NO_AUTO_BUY,DEEP_BEAR_TO_BEAR_NO_AUTO_BUY,False,SAME,
2022-03-30 00:00:00+00:00,2022-03-29 00:00:00+00:00,BEAR,BEAR,3,3,0.55,0.55,0.23643427141310472,0.23643427141310472,,2022-03-29 00:00:00+00:00,BEAR,BEAR,3,3,0.55,0.55,0.23643427141310472,0.23643427141310472,,,,,,False,SAME,
2022-03-31 00:00:00+00:00,2022-03-30 00:00:00+00:00,BEAR,DEEP_BEAR,3,4,0.55,0.25,0.23568613893943122,0.23568613893943122,STAGE4_SELL:EXPOSURE_GAP_BELOW_5PP,2022-03-30 00:00:00+00:00,BEAR,DEEP_BEAR,3,4,0.55,0.25,0.23568613893943122,0.23568613893943122,STAGE4_SELL:EXPOSURE_GAP_BELOW_5PP,,,STAGE4_SELL:EXPOSURE_GAP_BELOW_5PP,STAGE4_SELL:EXPOSURE_GAP_BELOW_5PP,False,SAME,
2022-04-01 00:00:00+00:00,2022-03-31 00:00:00+00:00,DEEP_BEAR,BEAR,4,3,0.25,0.55,0.23013595128254521,0.23013595128254521,DEEP_BEAR_TO_BEAR_NO_AUTO_BUY,2022-03-31 00:00:00+00:00,DEEP_BEAR,BEAR,4,3,0.25,0.55,0.23013595128254521,0.23013595128254521,DEEP_BEAR_TO_BEAR_NO_AUTO_BUY,,,DEEP_BEAR_TO_BEAR_NO_AUTO_BUY,DEEP_BEAR_TO_BEAR_NO_AUTO_BUY,False,SAME,
2022-04-02 00:00:00+00:00,2022-04-01 00:00:00+00:00,BEAR,DEEP_BEAR,3,4,0.55,0.25,0.2392758850687159,0.2392758850687159,STAGE4_SELL:EXPOSURE_GAP_BELOW_5PP,2022-04-01 00:00:00+00:00,BEAR,DEEP_BEAR,3,4,0.55,0.25,0.2392758850687159,0.2392758850687159,STAGE4_SELL:EXPOSURE_GAP_BELOW_5PP,,,STAGE4_SELL:EXPOSURE_GAP_BELOW_5PP,STAGE4_SELL:EXPOSURE_GAP_BELOW_5PP,False,SAME,
2022-04-03 00:00:00+00:00,2022-04-02 00:00:00+00:00,DEEP_BEAR,BEAR,4,3,0.25,0.55,0.23868847727528347,0.23868847727528347,DEEP_BEAR_TO_BEAR_NO_AUTO_BUY,2022-04-02 00:00:00+00:00,DEEP_BEAR,BEAR,4,3,0.25,0.55,0.23868847727528347,0.23868847727528347,DEEP_BEAR_TO_BEAR_NO_AUTO_BUY,,,DEEP_BEAR_TO_BEAR_NO_AUTO_BUY,DEEP_BEAR_TO_BEAR_NO_AUTO_BUY,False,SAME,
2022-04-04 00:00:00+00:00,2022-04-03 00:00:00+00:00,BEAR,DEEP_BEAR,3,4,0.55,0.25,0.24279078604283402,0.24279078604283402,STAGE4_SELL:EXPOSURE_GAP_BELOW_5PP,2022-04-03 00:00:00+00:00,BEAR,DEEP_BEAR,3,4,0.55,0.25,0.24279078604283402,0.24279078604283402,STAGE4_SELL:EXPOSURE_GAP_BELOW_5PP,,,STAGE4_SELL:EXPOSURE_GAP_BELOW_5PP,STAGE4_SELL:EXPOSURE_GAP_BELOW_5PP,False,SAME,
2022-04-05 00:00:00+00:00,2022-04-04 00:00:00+00:00,DEEP_BEAR,BEAR,4,3,0.25,0.55,0.2427386711070204,0.2427386711070204,DEEP_BEAR_TO_BEAR_NO_AUTO_BUY,2022-04-04 00:00:00+00:00,DEEP_BEAR,BEAR,4,3,0.25,0.55,0.2427386711070204,0.2427386711070204,DEEP_BEAR_TO_BEAR_NO_AUTO_BUY,,,DEEP_BEAR_TO_BEAR_NO_AUTO_BUY,DEEP_BEAR_TO_BEAR_NO_AUTO_BUY,False,SAME,
2022-04-06 00:00:00+00:00,2022-04-05 00:00:00+00:00,BEAR,DEEP_BEAR,3,4,0.55,0.25,0.23691277279340744,0.23691277279340744,STAGE4_SELL:EXPOSURE_GAP_BELOW_5PP,2022-04-05 00:00:00+00:00,BEAR,DEEP_BEAR,3,4,0.55,0.25,0.23691277279340744,0.23691277279340744,STAGE4_SELL:EXPOSURE_GAP_BELOW_5PP,,,STAGE4_SELL:EXPOSURE_GAP_BELOW_5PP,STAGE4_SELL:EXPOSURE_GAP_BELOW_5PP,False,SAME,
2022-04-07 00:00:00+00:00,2022-04-06 00:00:00+00:00,DEEP_BEAR,BEAR,4,3,0.25,0.55,0.22419693973259514,0.22419693973259514,DEEP_BEAR_TO_BEAR_NO_AUTO_BUY,2022-04-06 00:00:00+00:00,DEEP_BEAR,BEAR,4,3,0.25,0.55,0.22419693973259514,0.22419693973259514,DEEP_BEAR_TO_BEAR_NO_AUTO_BUY,,,DEEP_BEAR_TO_BEAR_NO_AUTO_BUY,DEEP_BEAR_TO_BEAR_NO_AUTO_BUY,False,SAME,
2022-04-08 00:00:00+00:00,2022-04-07 00:00:00+00:00,BEAR,DEEP_BEAR,3,4,0.55,0.25,0.22739495341577143,0.22739495341577143,STAGE4_SELL:EXPOSURE_GAP_BELOW_5PP,2022-04-07 00:00:00+00:00,BEAR,DEEP_BEAR,3,4,0.55,0.25,0.22739495341577143,0.22739495341577143,STAGE4_SELL:EXPOSURE_GAP_BELOW_5PP,,,STAGE4_SELL:EXPOSURE_GAP_BELOW_5PP,STAGE4_SELL:EXPOSURE_GAP_BELOW_5PP,False,SAME,
2022-04-09 00:00:00+00:00,2022-04-08 00:00:00+00:00,DEEP_BEAR,BEAR,4,3,0.25,0.55,0.22545982068164386,0.22545982068164386,DEEP_BEAR_TO_BEAR_NO_AUTO_BUY,2022-04-08 00:00:00+00:00,DEEP_BEAR,BEAR,4,3,0.25,0.55,0.22545982068164386,0.22545982068164386,DEEP_BEAR_TO_BEAR_NO_AUTO_BUY,,,DEEP_BEAR_TO_BEAR_NO_AUTO_BUY,DEEP_BEAR_TO_BEAR_NO_AUTO_BUY,False,SAME,
2022-04-10 00:00:00+00:00,2022-04-09 00:00:00+00:00,BEAR,DEEP_BEAR,3,4,0.55,0.25,0.22907051541773343,0.22907051541773343,STAGE4_SELL:EXPOSURE_GAP_BELOW_5PP,2022-04-09 00:00:00+00:00,BEAR,DEEP_BEAR,3,4,0.55,0.25,0.22907051541773343,0.22907051541773343,STAGE4_SELL:EXPOSURE_GAP_BELOW_5PP,,,STAGE4_SELL:EXPOSURE_GAP_BELOW_5PP,STAGE4_SELL:EXPOSURE_GAP_BELOW_5PP,False,SAME,
2022-04-11 00:00:00+00:00,2022-04-10 00:00:00+00:00,DEEP_BEAR,BEAR,4,3,0.25,0.55,0.22611693199360441,0.22611693199360441,DEEP_BEAR_TO_BEAR_NO_AUTO_BUY,2022-04-10 00:00:00+00:00,DEEP_BEAR,BEAR,4,3,0.25,0.55,0.22611693199360441,0.22611693199360441,DEEP_BEAR_TO_BEAR_NO_AUTO_BUY,,,DEEP_BEAR_TO_BEAR_NO_AUTO_BUY,DEEP_BEAR_TO_BEAR_NO_AUTO_BUY,False,SAME,
2022-04-12 00:00:00+00:00,2022-04-11 00:00:00+00:00,BEAR,DEEP_BEAR,3,4,0.55,0.25,0.21381420574554408,0.21381420574554408,STAGE4_SELL:EXPOSURE_GAP_BELOW_5PP,2022-04-11 00:00:00+00:00,BEAR,DEEP_BEAR,3,4,0.55,0.25,0.21381420574554408,0.21381420574554408,STAGE4_SELL:EXPOSURE_GAP_BELOW_5PP,,,STAGE4_SELL:EXPOSURE_GAP_BELOW_5PP,STAGE4_SELL:EXPOSURE_GAP_BELOW_5PP,False,SAME,
2022-04-13 00:00:00+00:00,2022-04-12 00:00:00+00:00,DEEP_BEAR,DEEP_BEAR,4,4,0.25,0.25,0.2165496039820899,0.2165496039820899,,2022-04-12 00:00:00+00:00,DEEP_BEAR,DEEP_BEAR,4,4,0.25,0.25,0.2165496039820899,0.2165496039820899,,,,,,False,SAME,
2022-04-14 00:00:00+00:00,2022-04-13 00:00:00+00:00,DEEP_BEAR,DEEP_BEAR,4,4,0.25,0.25,0.22163289973915262,0.22163289973915262,,2022-04-13 00:00:00+00:00,DEEP_BEAR,DEEP_BEAR,4,4,0.25,0.25,0.22163289973915262,0.22163289973915262,,,,,,False,SAME,
2022-04-15 00:00:00+00:00,2022-04-14 00:00:00+00:00,DEEP_BEAR,DEEP_BEAR,4,4,0.25,0.25,0.21633000156048135,0.21633000156048135,,2022-04-14 00:00:00+00:00,DEEP_BEAR,DEEP_BEAR,4,4,0.25,0.25,0.21633000156048135,0.21633000156048135,,,,,,False,SAME,
2022-04-16 00:00:00+00:00,2022-04-15 00:00:00+00:00,DEEP_BEAR,DEEP_BEAR,4,4,0.25,0.25,0.21747310376875967,0.21747310376875967,,2022-04-15 00:00:00+00:00,DEEP_BEAR,DEEP_BEAR,4,4,0.25,0.25,0.21747310376875967,0.21747310376875967,,,,,,False,SAME,
2022-04-17 00:00:00+00:00,2022-04-16 00:00:00+00:00,DEEP_BEAR,DEEP_BEAR,4,4,0.25,0.25,0.21851751477887377,0.21851751477887377,,2022-04-16 00:00:00+00:00,DEEP_BEAR,DEEP_BEAR,4,4,0.25,0.25,0.21851751477887377,0.21851751477887377,,,,,,False,SAME,
2022-04-18 00:00:00+00:00,2022-04-17 00:00:00+00:00,DEEP_BEAR,DEEP_BEAR,4,4,0.25,0.25,0.2146064999697373,0.2146064999697373,,2022-04-17 00:00:00+00:00,DEEP_BEAR,DEEP_BEAR,4,4,0.25,0.25,0.2146064999697373,0.2146064999697373,,,,,,False,SAME,
2022-04-19 00:00:00+00:00,2022-04-18 00:00:00+00:00,DEEP_BEAR,DEEP_BEAR,4,4,0.25,0.25,0.2184804070823531,0.2184804070823531,,2022-04-18 00:00:00+00:00,DEEP_BEAR,DEEP_BEAR,4,4,0.25,0.25,0.2184804070823531,0.2184804070823531,,,,,,False,SAME,
2022-04-20 00:00:00+00:00,2022-04-19 00:00:00+00:00,DEEP_BEAR,DEEP_BEAR,4,4,0.25,0.25,0.2211162451265254,0.2211162451265254,,2022-04-19 00:00:00+00:00,DEEP_BEAR,DEEP_BEAR,4,4,0.25,0.25,0.2211162451265254,0.2211162451265254,,,,,,False,SAME,
2022-04-21 00:00:00+00:00,2022-04-20 00:00:00+00:00,DEEP_BEAR,DEEP_BEAR,4,4,0.25,0.25,0.2197680014424113,0.2197680014424113,,2022-04-20 00:00:00+00:00,DEEP_BEAR,DEEP_BEAR,4,4,0.25,0.25,0.2197680014424113,0.2197680014424113,,,,,,False,SAME,
2022-04-22 00:00:00+00:00,2022-04-21 00:00:00+00:00,DEEP_BEAR,DEEP_BEAR,4,4,0.25,0.25,0.21468329823603874,0.21468329823603874,,2022-04-21 00:00:00+00:00,DEEP_BEAR,DEEP_BEAR,4,4,0.25,0.25,0.21468329823603874,0.21468329823603874,,,,,,False,SAME,
2022-04-23 00:00:00+00:00,2022-04-22 00:00:00+00:00,DEEP_BEAR,DEEP_BEAR,4,4,0.25,0.25,0.2134695443207603,0.2134695443207603,,2022-04-22 00:00:00+00:00,DEEP_BEAR,DEEP_BEAR,4,4,0.25,0.25,0.2134695443207603,0.2134695443207603,,,,,,False,SAME,
2022-04-24 00:00:00+00:00,2022-04-23 00:00:00+00:00,DEEP_BEAR,DEEP_BEAR,4,4,0.25,0.25,0.2118745633396824,0.2118745633396824,,2022-04-23 00:00:00+00:00,DEEP_BEAR,DEEP_BEAR,4,4,0.25,0.25,0.2118745633396824,0.2118745633396824,,,,,,False,SAME,
2022-04-25 00:00:00+00:00,2022-04-24 00:00:00+00:00,DEEP_BEAR,DEEP_BEAR,4,4,0.25,0.25,0.2112666893977388,0.2112666893977388,,2022-04-24 00:00:00+00:00,DEEP_BEAR,DEEP_BEAR,4,4,0.25,0.25,0.2112666893977388,0.2112666893977388,,,,,,False,SAME,
2022-04-26 00:00:00+00:00,2022-04-25 00:00:00+00:00,DEEP_BEAR,DEEP_BEAR,4,4,0.25,0.25,0.2161510758599662,0.2161510758599662,,2022-04-25 00:00:00+00:00,DEEP_BEAR,DEEP_BEAR,4,4,0.25,0.25,0.2161510758599662,0.2161510758599662,,,,,,False,SAME,
2022-04-27 00:00:00+00:00,2022-04-26 00:00:00+00:00,DEEP_BEAR,DEEP_BEAR,4,4,0.25,0.25,0.20499692556877647,0.20499692556877647,,2022-04-26 00:00:00+00:00,DEEP_BEAR,DEEP_BEAR,4,4,0.25,0.25,0.20499692556877647,0.20499692556877647,,,,,,False,SAME,
2022-04-28 00:00:00+00:00,2022-04-27 00:00:00+00:00,DEEP_BEAR,DEEP_BEAR,4,4,0.25,0.25,0.20963056160454976,0.20963056160454976,,2022-04-27 00:00:00+00:00,DEEP_BEAR,DEEP_BEAR,4,4,0.25,0.25,0.20963056160454976,0.20963056160454976,,,,,,False,SAME,
2022-04-29 00:00:00+00:00,2022-04-28 00:00:00+00:00,DEEP_BEAR,DEEP_BEAR,4,4,0.25,0.25,0.21240457700974738,0.21240457700974738,,2022-04-28 00:00:00+00:00,DEEP_BEAR,DEEP_BEAR,4,4,0.25,0.25,0.21240457700974738,0.21240457700974738,,,,,,False,SAME,
2022-04-30 00:00:00+00:00,2022-04-29 00:00:00+00:00,DEEP_BEAR,DEEP_BEAR,4,4,0.25,0.25,0.20564961966622283,0.20564961966622283,,2022-04-29 00:00:00+00:00,DEEP_BEAR,DEEP_BEAR,4,4,0.25,0.25,0.20564961966622283,0.20564961966622283,,,,,,False,SAME,
2022-05-01 00:00:00+00:00,2022-04-30 00:00:00+00:00,DEEP_BEAR,DEEP_BEAR,4,4,0.25,0.25,0.20046698812579733,0.20046698812579733,,2022-04-30 00:00:00+00:00,DEEP_BEAR,DEEP_BEAR,4,4,0.25,0.25,0.20046698812579733,0.20046698812579733,,,,,,False,SAME,
2022-05-02 00:00:00+00:00,2022-05-01 00:00:00+00:00,DEEP_BEAR,DEEP_BEAR,4,4,0.25,0.25,0.20616922232339158,0.20616922232339158,,2022-05-01 00:00:00+00:00,DEEP_BEAR,DEEP_BEAR,4,4,0.25,0.25,0.20616922232339158,0.20616922232339158,,,,,,False,SAME,
2022-05-03 00:00:00+00:00,2022-05-02 00:00:00+00:00,DEEP_BEAR,DEEP_BEAR,4,4,0.25,0.25,0.20799860838400283,0.20799860838400283,,2022-05-02 00:00:00+00:00,DEEP_BEAR,DEEP_BEAR,4,4,0.25,0.25,0.20799860838400283,0.20799860838400283,,,,,,False,SAME,
2022-05-04 00:00:00+00:00,2022-05-03 00:00:00+00:00,DEEP_BEAR,DEEP_BEAR,4,4,0.25,0.25,0.20374807044139617,0.20374807044139617,,2022-05-03 00:00:00+00:00,DEEP_BEAR,DEEP_BEAR,4,4,0.25,0.25,0.20374807044139617,0.20374807044139617,,,,,,False,SAME,
2022-05-05 00:00:00+00:00,2022-05-04 00:00:00+00:00,DEEP_BEAR,DEEP_BEAR,4,4,0.25,0.25,0.21293544877140078,0.21293544877140078,,2022-05-04 00:00:00+00:00,DEEP_BEAR,DEEP_BEAR,4,4,0.25,0.25,0.21293544877140078,0.21293544877140078,,,,,,False,SAME,
2022-05-06 00:00:00+00:00,2022-05-05 00:00:00+00:00,DEEP_BEAR,DEEP_BEAR,4,4,0.25,0.25,0.2017636326245889,0.2017636326245889,,2022-05-05 00:00:00+00:00,DEEP_BEAR,DEEP_BEAR,4,4,0.25,0.25,0.2017636326245889,0.2017636326245889,,,,,,False,SAME,
2022-05-07 00:00:00+00:00,2022-05-06 00:00:00+00:00,DEEP_BEAR,DEEP_BEAR,4,4,0.25,0.25,0.19860942437917545,0.19860942437917545,,2022-05-06 00:00:00+00:00,DEEP_BEAR,DEEP_BEAR,4,4,0.25,0.25,0.19860942437917545,0.19860942437917545,,,,,,False,SAME,
2022-05-08 00:00:00+00:00,2022-05-07 00:00:00+00:00,DEEP_BEAR,DEEP_BEAR,4,4,0.25,0.25,0.19529046247802304,0.19529046247802304,,2022-05-07 00:00:00+00:00,DEEP_BEAR,DEEP_BEAR,4,4,0.25,0.25,0.19529046247802304,0.19529046247802304,,,,,,False,SAME,
2022-05-09 00:00:00+00:00,2022-05-08 00:00:00+00:00,DEEP_BEAR,DEEP_BEAR,4,4,0.25,0.25,0.1884130118855586,0.1884130118855586,,2022-05-08 00:00:00+00:00,DEEP_BEAR,DEEP_BEAR,4,4,0.25,0.25,0.1884130118855586,0.1884130118855586,,,,,,False,SAME,
2022-05-10 00:00:00+00:00,2022-05-09 00:00:00+00:00,DEEP_BEAR,DEEP_BEAR,4,4,0.25,0.25,0.17042801488231454,0.17042801488231454,CRASH_L1:NOTIONAL_BELOW_GUARD,2022-05-09 00:00:00+00:00,DEEP_BEAR,DEEP_BEAR,4,4,0.25,0.25,0.17042801488231454,0.17042801488231454,CRASH_L1:NOTIONAL_BELOW_GUARD,,,CRASH_L1:NOTIONAL_BELOW_GUARD,CRASH_L1:NOTIONAL_BELOW_GUARD,False,SAME,
2022-05-11 00:00:00+00:00,2022-05-10 00:00:00+00:00,DEEP_BEAR,DEEP_BEAR,4,4,0.25,0.25,0.17748810620303976,0.17748810620303976,,2022-05-10 00:00:00+00:00,DEEP_BEAR,DEEP_BEAR,4,4,0.25,0.25,0.17748810620303976,0.17748810620303976,,,,,,False,SAME,
2022-05-12 00:00:00+00:00,2022-05-11 00:00:00+00:00,DEEP_BEAR,DEEP_BEAR,4,4,0.25,0.25,0.16149365673585933,0.16149365673585933,,2022-05-11 00:00:00+00:00,DEEP_BEAR,DEEP_BEAR,4,4,0.25,0.25,0.16149365673585933,0.16149365673585933,,,,,,False,SAME,
2022-05-13 00:00:00+00:00,2022-05-12 00:00:00+00:00,DEEP_BEAR,DEEP_BEAR,4,4,0.25,0.25,0.15370542104592372,0.15370542104592372,,2022-05-12 00:00:00+00:00,DEEP_BEAR,DEEP_BEAR,4,4,0.25,0.25,0.15370542104592372,0.15370542104592372,,,,,,False,SAME,
2022-05-14 00:00:00+00:00,2022-05-13 00:00:00+00:00,DEEP_BEAR,DEEP_BEAR,4,4,0.25,0.25,0.15694146146910853,0.15694146146910853,,2022-05-13 00:00:00+00:00,DEEP_BEAR,DEEP_BEAR,4,4,0.25,0.25,0.15694146146910853,0.15694146146910853,,,,,,False,SAME,
2022-05-15 00:00:00+00:00,2022-05-14 00:00:00+00:00,DEEP_BEAR,DEEP_BEAR,4,4,0.25,0.25,0.16009666829203054,0.16009666829203054,,2022-05-14 00:00:00+00:00,DEEP_BEAR,DEEP_BEAR,4,4,0.25,0.25,0.16009666829203054,0.16009666829203054,,,,,,False,SAME,
2022-05-16 00:00:00+00:00,2022-05-15 00:00:00+00:00,DEEP_BEAR,DEEP_BEAR,4,4,0.25,0.25,0.16591620573954577,0.16591620573954577,,2022-05-15 00:00:00+00:00,DEEP_BEAR,DEEP_BEAR,4,4,0.25,0.25,0.16591620573954577,0.16591620573954577,,,,,,False,SAME,
2022-05-17 00:00:00+00:00,2022-05-16 00:00:00+00:00,DEEP_BEAR,DEEP_BEAR,4,4,0.25,0.25,0.15812379251563,0.15812379251563,,2022-05-16 00:00:00+00:00,DEEP_BEAR,DEEP_BEAR,4,4,0.25,0.25,0.15812379251563,0.15812379251563,,,,,,False,SAME,
2022-05-18 00:00:00+00:00,2022-05-17 00:00:00+00:00,DEEP_BEAR,DEEP_BEAR,4,4,0.25,0.25,0.16248817785496558,0.16248817785496558,,2022-05-17 00:00:00+00:00,DEEP_BEAR,DEEP_BEAR,4,4,0.25,0.25,0.16248817785496558,0.16248817785496558,,,,,,False,SAME,
2022-05-19 00:00:00+00:00,2022-05-18 00:00:00+00:00,DEEP_BEAR,DEEP_BEAR,4,4,0.25,0.25,0.15113604057859237,0.15113604057859237,,2022-05-18 00:00:00+00:00,DEEP_BEAR,DEEP_BEAR,4,4,0.25,0.25,0.15113604057859237,0.15113604057859237,,,,,,False,SAME,
2022-05-20 00:00:00+00:00,2022-05-19 00:00:00+00:00,DEEP_BEAR,DEEP_BEAR,4,4,0.25,0.25,0.15814675662962066,0.15814675662962066,,2022-05-19 00:00:00+00:00,DEEP_BEAR,DEEP_BEAR,4,4,0.25,0.25,0.15814675662962066,0.15814675662962066,,,,,,False,SAME,
2022-05-21 00:00:00+00:00,2022-05-20 00:00:00+00:00,DEEP_BEAR,DEEP_BEAR,4,4,0.25,0.25,0.15415750757428517,0.15415750757428517,,2022-05-20 00:00:00+00:00,DEEP_BEAR,DEEP_BEAR,4,4,0.25,0.25,0.15415750757428517,0.15415750757428517,,,,,,False,SAME,
2022-05-22 00:00:00+00:00,2022-05-21 00:00:00+00:00,DEEP_BEAR,DEEP_BEAR,4,4,0.25,0.25,0.1552833614851869,0.1552833614851869,,2022-05-21 00:00:00+00:00,DEEP_BEAR,DEEP_BEAR,4,4,0.25,0.25,0.1552833614851869,0.1552833614851869,,,,,,False,SAME,
2022-05-23 00:00:00+00:00,2022-05-22 00:00:00+00:00,DEEP_BEAR,DEEP_BEAR,4,4,0.25,0.25,0.1598108689527028,0.1598108689527028,,2022-05-22 00:00:00+00:00,DEEP_BEAR,DEEP_BEAR,4,4,0.25,0.25,0.1598108689527028,0.1598108689527028,,,,,,False,SAME,
2022-05-24 00:00:00+00:00,2022-05-23 00:00:00+00:00,DEEP_BEAR,DEEP_BEAR,4,4,0.25,0.25,0.1552228077685188,0.1552228077685188,,2022-05-23 00:00:00+00:00,DEEP_BEAR,DEEP_BEAR,4,4,0.25,0.25,0.1552228077685188,0.1552228077685188,,,,,,False,SAME,
2022-05-25 00:00:00+00:00,2022-05-24 00:00:00+00:00,DEEP_BEAR,DEEP_BEAR,4,4,0.25,0.25,0.155790099711822,0.155790099711822,,2022-05-24 00:00:00+00:00,DEEP_BEAR,DEEP_BEAR,4,4,0.25,0.25,0.155790099711822,0.155790099711822,,,,,,False,SAME,
2022-05-26 00:00:00+00:00,2022-05-25 00:00:00+00:00,DEEP_BEAR,DEEP_BEAR,4,4,0.25,0.25,0.15350176813899724,0.15350176813899724,,2022-05-25 00:00:00+00:00,DEEP_BEAR,DEEP_BEAR,4,4,0.25,0.25,0.15350176813899724,0.15350176813899724,,,,,,False,SAME,
2022-05-27 00:00:00+00:00,2022-05-26 00:00:00+00:00,DEEP_BEAR,DEEP_BEAR,4,4,0.25,0.25,0.14383773633074037,0.14383773633074037,,2022-05-26 00:00:00+00:00,DEEP_BEAR,DEEP_BEAR,4,4,0.25,0.25,0.14383773633074037,0.14383773633074037,,,,,,False,SAME,
2022-05-28 00:00:00+00:00,2022-05-27 00:00:00+00:00,DEEP_BEAR,DEEP_BEAR,4,4,0.25,0.25,0.13952911609813354,0.13952911609813354,,2022-05-27 00:00:00+00:00,DEEP_BEAR,DEEP_BEAR,4,4,0.25,0.25,0.13952911609813354,0.13952911609813354,,,,,,False,SAME,
2022-05-29 00:00:00+00:00,2022-05-28 00:00:00+00:00,DEEP_BEAR,DEEP_BEAR,4,4,0.25,0.25,0.14392422090357224,0.14392422090357224,,2022-05-28 00:00:00+00:00,DEEP_BEAR,DEEP_BEAR,4,4,0.25,0.25,0.14392422090357224,0.14392422090357224,,,,,,False,SAME,
2022-05-30 00:00:00+00:00,2022-05-29 00:00:00+00:00,DEEP_BEAR,DEEP_BEAR,4,4,0.25,0.25,0.14548098905000192,0.14548098905000192,,2022-05-29 00:00:00+00:00,DEEP_BEAR,DEEP_BEAR,4,4,0.25,0.25,0.14548098905000192,0.14548098905000192,,,,,,False,SAME,
2022-05-31 00:00:00+00:00,2022-05-30 00:00:00+00:00,DEEP_BEAR,DEEP_BEAR,4,4,0.25,0.25,0.15787637345881123,0.15787637345881123,,2022-05-30 00:00:00+00:00,DEEP_BEAR,DEEP_BEAR,4,4,0.25,0.25,0.15787637345881123,0.15787637345881123,,,,,,False,SAME,
2022-06-01 00:00:00+00:00,2022-05-31 00:00:00+00:00,DEEP_BEAR,DEEP_BEAR,4,4,0.25,0.25,0.15436946921636627,0.15436946921636627,,2022-05-31 00:00:00+00:00,DEEP_BEAR,DEEP_BEAR,4,4,0.25,0.25,0.15436946921636627,0.15436946921636627,,,,,,False,SAME,
2022-06-02 00:00:00+00:00,2022-06-01 00:00:00+00:00,DEEP_BEAR,DEEP_BEAR,4,4,0.25,0.25,0.1460250830101322,0.1460250830101322,,2022-06-01 00:00:00+00:00,DEEP_BEAR,DEEP_BEAR,4,4,0.25,0.25,0.1460250830101322,0.1460250830101322,,,,,,False,SAME,
2022-06-03 00:00:00+00:00,2022-06-02 00:00:00+00:00,DEEP_BEAR,DEEP_BEAR,4,4,0.25,0.25,0.14728830182014083,0.14728830182014083,,2022-06-02 00:00:00+00:00,DEEP_BEAR,DEEP_BEAR,4,4,0.25,0.25,0.14728830182014083,0.14728830182014083,,,,,,False,SAME,
2022-06-04 00:00:00+00:00,2022-06-03 00:00:00+00:00,DEEP_BEAR,DEEP_BEAR,4,4,0.25,0.25,0.143351802189265,0.143351802189265,,2022-06-03 00:00:00+00:00,DEEP_BEAR,DEEP_BEAR,4,4,0.25,0.25,0.143351802189265,0.143351802189265,,,,,,False,SAME,
2022-06-05 00:00:00+00:00,2022-06-04 00:00:00+00:00,DEEP_BEAR,DEEP_BEAR,4,4,0.25,0.25,0.1453658369496362,0.1453658369496362,,2022-06-04 00:00:00+00:00,DEEP_BEAR,DEEP_BEAR,4,4,0.25,0.25,0.1453658369496362,0.1453658369496362,,,,,,False,SAME,
2022-06-06 00:00:00+00:00,2022-06-05 00:00:00+00:00,DEEP_BEAR,DEEP_BEAR,4,4,0.25,0.25,0.1455497435274633,0.1455497435274633,,2022-06-05 00:00:00+00:00,DEEP_BEAR,DEEP_BEAR,4,4,0.25,0.25,0.1455497435274633,0.1455497435274633,,,,,,False,SAME,
2022-06-07 00:00:00+00:00,2022-06-06 00:00:00+00:00,DEEP_BEAR,DEEP_BEAR,4,4,0.25,0.25,0.14943219898747392,0.14943219898747392,,2022-06-06 00:00:00+00:00,DEEP_BEAR,DEEP_BEAR,4,4,0.25,0.25,0.14943219898747392,0.14943219898747392,,,,,,False,SAME,
2022-06-08 00:00:00+00:00,2022-06-07 00:00:00+00:00,DEEP_BEAR,DEEP_BEAR,4,4,0.25,0.25,0.14644507124690087,0.14644507124690087,,2022-06-07 00:00:00+00:00,DEEP_BEAR,DEEP_BEAR,4,4,0.25,0.25,0.14644507124690087,0.14644507124690087,,,,,,False,SAME,
2022-06-09 00:00:00+00:00,2022-06-08 00:00:00+00:00,DEEP_BEAR,DEEP_BEAR,4,4,0.25,0.25,0.1448838436287101,0.1448838436287101,,2022-06-08 00:00:00+00:00,DEEP_BEAR,DEEP_BEAR,4,4,0.25,0.25,0.1448838436287101,0.1448838436287101,,,,,,False,SAME,
2022-06-10 00:00:00+00:00,2022-06-09 00:00:00+00:00,DEEP_BEAR,DEEP_BEAR,4,4,0.25,0.25,0.14472316880891342,0.14472316880891342,,2022-06-09 00:00:00+00:00,DEEP_BEAR,DEEP_BEAR,4,4,0.25,0.25,0.14472316880891342,0.14472316880891342,,,,,,False,SAME,
2022-06-11 00:00:00+00:00,2022-06-10 00:00:00+00:00,DEEP_BEAR,DEEP_BEAR,4,4,0.25,0.25,0.13628353380419925,0.13628353380419925,,2022-06-10 00:00:00+00:00,DEEP_BEAR,DEEP_BEAR,4,4,0.25,0.25,0.13628353380419925,0.13628353380419925,,,,,,False,SAME,
2022-06-12 00:00:00+00:00,2022-06-11 00:00:00+00:00,DEEP_BEAR,DEEP_BEAR,4,4,0.25,0.25,0.12749214873532508,0.12749214873532508,,2022-06-11 00:00:00+00:00,DEEP_BEAR,DEEP_BEAR,4,4,0.25,0.25,0.12749214873532508,0.12749214873532508,,,,,,False,SAME,
2022-06-13 00:00:00+00:00,2022-06-12 00:00:00+00:00,DEEP_BEAR,DEEP_BEAR,4,4,0.25,0.25,0.12037452694925092,0.12037452694925092,,2022-06-12 00:00:00+00:00,DEEP_BEAR,DEEP_BEAR,4,4,0.25,0.25,0.12037452694925092,0.12037452694925092,,,,,,False,SAME,
2022-06-14 00:00:00+00:00,2022-06-13 00:00:00+00:00,DEEP_BEAR,DEEP_BEAR,4,4,0.25,0.25,0.10350526833687422,0.10350526833687422,CRASH_L1:NOTIONAL_BELOW_GUARD,2022-06-13 00:00:00+00:00,DEEP_BEAR,DEEP_BEAR,4,4,0.25,0.25,0.10350526833687422,0.10350526833687422,CRASH_L1:NOTIONAL_BELOW_GUARD,,,CRASH_L1:NOTIONAL_BELOW_GUARD,CRASH_L1:NOTIONAL_BELOW_GUARD,False,SAME,
2022-06-15 00:00:00+00:00,2022-06-14 00:00:00+00:00,DEEP_BEAR,ACCUMULATION,4,4,0.25,0.35,0.10343733063594943,0.35000000000000003,AHR999_TO35:EXECUTED,2022-06-14 00:00:00+00:00,DEEP_BEAR,ACCUMULATION,4,4,0.25,0.35,0.10343733063594943,0.35000000000000003,AHR999_TO35:EXECUTED,,,AHR999_TO35:EXECUTED,AHR999_TO35:EXECUTED,False,SAME,
2022-06-16 00:00:00+00:00,2022-06-15 00:00:00+00:00,ACCUMULATION,ACCUMULATION,4,4,0.35,0.35,0.35503768295424865,0.35503768295424865,,2022-06-15 00:00:00+00:00,ACCUMULATION,ACCUMULATION,4,4,0.35,0.35,0.35503768295424865,0.35503768295424865,,,,,,False,SAME,
2022-06-17 00:00:00+00:00,2022-06-16 00:00:00+00:00,ACCUMULATION,ACCUMULATION,4,4,0.35,0.35,0.32684163195344307,0.32684163195344307,CRASH_L2:NOTIONAL_BELOW_GUARD,2022-06-16 00:00:00+00:00,ACCUMULATION,ACCUMULATION,4,4,0.35,0.35,0.32684163195344307,0.32684163195344307,CRASH_L2:NOTIONAL_BELOW_GUARD,,,CRASH_L2:NOTIONAL_BELOW_GUARD,CRASH_L2:NOTIONAL_BELOW_GUARD,False,SAME,
2022-06-18 00:00:00+00:00,2022-06-17 00:00:00+00:00,ACCUMULATION,DEEP_BEAR,4,4,0.35,0.25,0.32923678238090237,0.24999999999999994,STAGE4_SELL:EXECUTED,2022-06-17 00:00:00+00:00,ACCUMULATION,DEEP_BEAR,4,4,0.35,0.25,0.32923678238090237,0.24999999999999994,STAGE4_SELL:EXECUTED,,,STAGE4_SELL:EXECUTED,STAGE4_SELL:EXECUTED,False,SAME,
2022-06-19 00:00:00+00:00,2022-06-18 00:00:00+00:00,DEEP_BEAR,ACCUMULATION,4,4,0.25,0.35,0.23481002927054045,0.35,AHR999_TO35:EXECUTED,2022-06-18 00:00:00+00:00,DEEP_BEAR,ACCUMULATION,4,4,0.25,0.35,0.23481002927054045,0.35,AHR999_TO35:EXECUTED,,,AHR999_TO35:EXECUTED,AHR999_TO35:EXECUTED,False,SAME,
2022-06-20 00:00:00+00:00,2022-06-19 00:00:00+00:00,ACCUMULATION,ACCUMULATION,4,4,0.35,0.35,0.37411215629641853,0.37411215629641853,,2022-06-19 00:00:00+00:00,ACCUMULATION,ACCUMULATION,4,4,0.35,0.35,0.37411215629641853,0.37411215629641853,,,,,,False,SAME,
2022-06-21 00:00:00+00:00,2022-06-20 00:00:00+00:00,ACCUMULATION,ACCUMULATION,4,4,0.35,0.35,0.3741311525885524,0.3741311525885524,,2022-06-20 00:00:00+00:00,ACCUMULATION,ACCUMULATION,4,4,0.35,0.35,0.3741311525885524,0.3741311525885524,,,,,,False,SAME,
2022-06-22 00:00:00+00:00,2022-06-21 00:00:00+00:00,ACCUMULATION,ACCUMULATION,4,4,0.35,0.35,0.37473661567627287,0.37473661567627287,,2022-06-21 00:00:00+00:00,ACCUMULATION,ACCUMULATION,4,4,0.35,0.35,0.37473661567627287,0.37473661567627287,,,,,,False,SAME,
2022-06-23 00:00:00+00:00,2022-06-22 00:00:00+00:00,ACCUMULATION,ACCUMULATION,4,4,0.35,0.35,0.3623719086724514,0.3623719086724514,,2022-06-22 00:00:00+00:00,ACCUMULATION,ACCUMULATION,4,4,0.35,0.35,0.3623719086724514,0.3623719086724514,,,,,,False,SAME,
2022-06-24 00:00:00+00:00,2022-06-23 00:00:00+00:00,ACCUMULATION,ACCUMULATION,4,4,0.35,0.35,0.37894926647478067,0.37894926647478067,,2022-06-23 00:00:00+00:00,ACCUMULATION,ACCUMULATION,4,4,0.35,0.35,0.37894926647478067,0.37894926647478067,,,,,,False,SAME,
2022-06-25 00:00:00+00:00,2022-06-24 00:00:00+00:00,ACCUMULATION,ACCUMULATION,4,4,0.35,0.35,0.3881064983021235,0.3881064983021235,,2022-06-24 00:00:00+00:00,ACCUMULATION,ACCUMULATION,4,4,0.35,0.35,0.3881064983021235,0.3881064983021235,,,,,,False,SAME,
2022-06-26 00:00:00+00:00,2022-06-25 00:00:00+00:00,ACCUMULATION,DEEP_BEAR,4,4,0.35,0.25,0.39124875981884333,0.25,STAGE4_SELL:EXECUTED,2022-06-25 00:00:00+00:00,ACCUMULATION,DEEP_BEAR,4,4,0.35,0.25,0.39124875981884333,0.25,STAGE4_SELL:EXECUTED,,,STAGE4_SELL:EXECUTED,STAGE4_SELL:EXECUTED,False,SAME,
2022-06-27 00:00:00+00:00,2022-06-26 00:00:00+00:00,DEEP_BEAR,ACCUMULATION,4,4,0.25,0.35,0.244335047141769,0.35000000000000003,AHR999_TO35:EXECUTED,2022-06-26 00:00:00+00:00,DEEP_BEAR,ACCUMULATION,4,4,0.25,0.35,0.244335047141769,0.35000000000000003,AHR999_TO35:EXECUTED,,,AHR999_TO35:EXECUTED,AHR999_TO35:EXECUTED,False,SAME,
2022-06-28 00:00:00+00:00,2022-06-27 00:00:00+00:00,ACCUMULATION,ACCUMULATION,4,4,0.35,0.35,0.3480462580739979,0.3480462580739979,,2022-06-27 00:00:00+00:00,ACCUMULATION,ACCUMULATION,4,4,0.35,0.35,0.3480462580739979,0.3480462580739979,,,,,,False,SAME,
2022-06-29 00:00:00+00:00,2022-06-28 00:00:00+00:00,ACCUMULATION,ACCUMULATION,4,4,0.35,0.35,0.3406775981327482,0.3406775981327482,,2022-06-28 00:00:00+00:00,ACCUMULATION,ACCUMULATION,4,4,0.35,0.35,0.3406775981327482,0.3406775981327482,,,,,,False,SAME,
2022-06-30 00:00:00+00:00,2022-06-29 00:00:00+00:00,ACCUMULATION,ACCUMULATION,4,4,0.35,0.35,0.335204291005425,0.335204291005425,,2022-06-29 00:00:00+00:00,ACCUMULATION,ACCUMULATION,4,4,0.35,0.35,0.335204291005425,0.335204291005425,,,,,,False,SAME,
2022-07-01 00:00:00+00:00,2022-06-30 00:00:00+00:00,ACCUMULATION,ACCUMULATION,4,4,0.35,0.35,0.3311370674473277,0.3311370674473277,,2022-06-30 00:00:00+00:00,ACCUMULATION,ACCUMULATION,4,4,0.35,0.35,0.3311370674473277,0.3311370674473277,,,,,,False,SAME,
2022-07-02 00:00:00+00:00,2022-07-01 00:00:00+00:00,ACCUMULATION,ACCUMULATION,4,4,0.35,0.35,0.32646916020905115,0.32646916020905115,,2022-07-01 00:00:00+00:00,ACCUMULATION,ACCUMULATION,4,4,0.35,0.35,0.32646916020905115,0.32646916020905115,,,,,,False,SAME,
2022-07-03 00:00:00+00:00,2022-07-02 00:00:00+00:00,ACCUMULATION,ACCUMULATION,4,4,0.35,0.35,0.32719148895212946,0.32719148895212946,,2022-07-02 00:00:00+00:00,ACCUMULATION,ACCUMULATION,4,4,0.35,0.35,0.32719148895212946,0.32719148895212946,,,,,,False,SAME,
2022-07-04 00:00:00+00:00,2022-07-03 00:00:00+00:00,ACCUMULATION,DEEP_BEAR,4,4,0.35,0.25,0.3283818554444742,0.25,STAGE4_SELL:EXECUTED,2022-07-03 00:00:00+00:00,ACCUMULATION,DEEP_BEAR,4,4,0.35,0.25,0.3283818554444742,0.25,STAGE4_SELL:EXECUTED,,,STAGE4_SELL:EXECUTED,STAGE4_SELL:EXECUTED,False,SAME,
2022-07-05 00:00:00+00:00,2022-07-04 00:00:00+00:00,DEEP_BEAR,ACCUMULATION,4,4,0.25,0.35,0.26145902643982727,0.35,AHR999_TO35:EXECUTED,2022-07-04 00:00:00+00:00,DEEP_BEAR,ACCUMULATION,4,4,0.25,0.35,0.26145902643982727,0.35,AHR999_TO35:EXECUTED,,,AHR999_TO35:EXECUTED,AHR999_TO35:EXECUTED,False,SAME,
2022-07-06 00:00:00+00:00,2022-07-05 00:00:00+00:00,ACCUMULATION,ACCUMULATION,4,4,0.35,0.35,0.34775273600259166,0.34775273600259166,,2022-07-05 00:00:00+00:00,ACCUMULATION,ACCUMULATION,4,4,0.35,0.35,0.34775273600259166,0.34775273600259166,,,,,,False,SAME,
2022-07-07 00:00:00+00:00,2022-07-06 00:00:00+00:00,ACCUMULATION,ACCUMULATION,4,4,0.35,0.35,0.35554880580749615,0.35554880580749615,,2022-07-06 00:00:00+00:00,ACCUMULATION,ACCUMULATION,4,4,0.35,0.35,0.35554880580749615,0.35554880580749615,,,,,,False,SAME,
2022-07-08 00:00:00+00:00,2022-07-07 00:00:00+00:00,ACCUMULATION,ACCUMULATION,4,4,0.35,0.35,0.3661607157506054,0.3661607157506054,,2022-07-07 00:00:00+00:00,ACCUMULATION,ACCUMULATION,4,4,0.35,0.35,0.3661607157506054,0.3661607157506054,,,,,,False,SAME,
2022-07-09 00:00:00+00:00,2022-07-08 00:00:00+00:00,ACCUMULATION,ACCUMULATION,4,4,0.35,0.35,0.36366767176366666,0.36366767176366666,,2022-07-08 00:00:00+00:00,ACCUMULATION,ACCUMULATION,4,4,0.35,0.35,0.36366767176366666,0.36366767176366666,,,,,,False,SAME,
2022-07-10 00:00:00+00:00,2022-07-09 00:00:00+00:00,ACCUMULATION,ACCUMULATION,4,4,0.35,0.35,0.3640099620218377,0.3640099620218377,,2022-07-09 00:00:00+00:00,ACCUMULATION,ACCUMULATION,4,4,0.35,0.35,0.3640099620218377,0.3640099620218377,,,,,,False,SAME,
2022-07-11 00:00:00+00:00,2022-07-10 00:00:00+00:00,ACCUMULATION,ACCUMULATION,4,4,0.35,0.35,0.35534259836378407,0.35534259836378407,,2022-07-10 00:00:00+00:00,ACCUMULATION,ACCUMULATION,4,4,0.35,0.35,0.35534259836378407,0.35534259836378407,,,,,,False,SAME,
2022-07-12 00:00:00+00:00,2022-07-11 00:00:00+00:00,ACCUMULATION,DEEP_BEAR,4,4,0.35,0.25,0.3430219064196172,0.25,STAGE4_SELL:EXECUTED,2022-07-11 00:00:00+00:00,ACCUMULATION,DEEP_BEAR,4,4,0.35,0.25,0.3430219064196172,0.25,STAGE4_SELL:EXECUTED,,,STAGE4_SELL:EXECUTED,STAGE4_SELL:EXECUTED,False,SAME,
2022-07-13 00:00:00+00:00,2022-07-12 00:00:00+00:00,DEEP_BEAR,ACCUMULATION,4,4,0.25,0.35,0.2417067320529236,0.35,AHR999_TO35:EXECUTED,2022-07-12 00:00:00+00:00,DEEP_BEAR,ACCUMULATION,4,4,0.25,0.35,0.2417067320529236,0.35,AHR999_TO35:EXECUTED,,,AHR999_TO35:EXECUTED,AHR999_TO35:EXECUTED,False,SAME,
2022-07-14 00:00:00+00:00,2022-07-13 00:00:00+00:00,ACCUMULATION,ACCUMULATION,4,4,0.35,0.35,0.36356863996370253,0.36356863996370253,,2022-07-13 00:00:00+00:00,ACCUMULATION,ACCUMULATION,4,4,0.35,0.35,0.36356863996370253,0.36356863996370253,,,,,,False,SAME,
2022-07-15 00:00:00+00:00,2022-07-14 00:00:00+00:00,ACCUMULATION,ACCUMULATION,4,4,0.35,0.35,0.373916175301442,0.373916175301442,,2022-07-14 00:00:00+00:00,ACCUMULATION,ACCUMULATION,4,4,0.35,0.35,0.373916175301442,0.373916175301442,,,,,,False,SAME,
2022-07-16 00:00:00+00:00,2022-07-15 00:00:00+00:00,ACCUMULATION,ACCUMULATION,4,4,0.35,0.35,0.3791778886041162,0.3791778886041162,,2022-07-15 00:00:00+00:00,ACCUMULATION,ACCUMULATION,4,4,0.35,0.35,0.3791778886041162,0.3791778886041162,,,,,,False,SAME,
2022-07-17 00:00:00+00:00,2022-07-16 00:00:00+00:00,ACCUMULATION,ACCUMULATION,4,4,0.35,0.35,0.39369012084886945,0.39369012084886945,,2022-07-16 00:00:00+00:00,ACCUMULATION,ACCUMULATION,4,4,0.35,0.35,0.39369012084886945,0.39369012084886945,,,,,,False,SAME,
2022-07-18 00:00:00+00:00,2022-07-17 00:00:00+00:00,ACCUMULATION,ACCUMULATION,4,4,0.35,0.35,0.39005889757543183,0.39005889757543183,,2022-07-17 00:00:00+00:00,ACCUMULATION,ACCUMULATION,4,4,0.35,0.35,0.39005889757543183,0.39005889757543183,,,,,,False,SAME,
2022-07-19 00:00:00+00:00,2022-07-18 00:00:00+00:00,ACCUMULATION,ACCUMULATION,4,4,0.35,0.5,0.42088600402920434,0.5,RIGHT_TO_50:EXECUTED,2022-07-18 00:00:00+00:00,ACCUMULATION,ACCUMULATION,4,4,0.35,0.5,0.42088600402920434,0.5,RIGHT_TO_50:EXECUTED,,,RIGHT_TO_50:EXECUTED,RIGHT_TO_50:EXECUTED,False,SAME,
2022-07-20 00:00:00+00:00,2022-07-19 00:00:00+00:00,ACCUMULATION,ACCUMULATION,4,4,0.5,0.5,0.5014764939116382,0.5014764939116382,,2022-07-19 00:00:00+00:00,ACCUMULATION,ACCUMULATION,4,4,0.5,0.5,0.5014764939116382,0.5014764939116382,,,,,,False,SAME,
2022-07-21 00:00:00+00:00,2022-07-20 00:00:00+00:00,ACCUMULATION,ACCUMULATION,4,4,0.5,0.5,0.4988319830317439,0.4988319830317439,,2022-07-20 00:00:00+00:00,ACCUMULATION,ACCUMULATION,4,4,0.5,0.5,0.4988319830317439,0.4988319830317439,,,,,,False,SAME,
2022-07-22 00:00:00+00:00,2022-07-21 00:00:00+00:00,ACCUMULATION,ACCUMULATION,4,4,0.5,0.6,0.5031934520422486,0.5999999999999999,RIGHT_TO_60:EXECUTED,2022-07-21 00:00:00+00:00,ACCUMULATION,ACCUMULATION,4,4,0.5,0.6,0.5031934520422486,0.5999999999999999,RIGHT_TO_60:EXECUTED,,,RIGHT_TO_60:EXECUTED,RIGHT_TO_60:EXECUTED,False,SAME,
2022-07-23 00:00:00+00:00,2022-07-22 00:00:00+00:00,ACCUMULATION,ACCUMULATION,4,4,0.6,0.6,0.594449225739545,0.594449225739545,,2022-07-22 00:00:00+00:00,ACCUMULATION,ACCUMULATION,4,4,0.6,0.6,0.594449225739545,0.594449225739545,,,,,,False,SAME,
2022-07-24 00:00:00+00:00,2022-07-23 00:00:00+00:00,ACCUMULATION,ACCUMULATION,4,4,0.6,0.6,0.594341929863535,0.594341929863535,,2022-07-23 00:00:00+00:00,ACCUMULATION,ACCUMULATION,4,4,0.6,0.6,0.594341929863535,0.594341929863535,,,,,,False,SAME,
2022-07-25 00:00:00+00:00,2022-07-24 00:00:00+00:00,ACCUMULATION,ACCUMULATION,4,4,0.6,0.6,0.5989469299019228,0.5989469299019228,,2022-07-24 00:00:00+00:00,ACCUMULATION,ACCUMULATION,4,4,0.6,0.6,0.5989469299019228,0.5989469299019228,,,,,,False,SAME,
2022-07-26 00:00:00+00:00,2022-07-25 00:00:00+00:00,ACCUMULATION,ACCUMULATION,4,4,0.6,0.6,0.5792633675727266,0.5792633675727266,,2022-07-25 00:00:00+00:00,ACCUMULATION,ACCUMULATION,4,4,0.6,0.6,0.5792633675727266,0.5792633675727266,,,,,,False,SAME,
2022-07-27 00:00:00+00:00,2022-07-26 00:00:00+00:00,ACCUMULATION,ACCUMULATION,4,4,0.6,0.6,0.5797070974288131,0.5797070974288131,,2022-07-26 00:00:00+00:00,ACCUMULATION,ACCUMULATION,4,4,0.6,0.6,0.5797070974288131,0.5797070974288131,,,,,,False,SAME,
2022-07-28 00:00:00+00:00,2022-07-27 00:00:00+00:00,ACCUMULATION,ACCUMULATION,4,4,0.6,0.6,0.6038869166903162,0.6038869166903162,,2022-07-27 00:00:00+00:00,ACCUMULATION,ACCUMULATION,4,4,0.6,0.6,0.6038869166903162,0.6038869166903162,,,,,,False,SAME,
2022-07-29 00:00:00+00:00,2022-07-28 00:00:00+00:00,ACCUMULATION,DEEP_BEAR,4,4,0.6,0.25,0.6148384562533349,0.25,STAGE4_SELL:EXECUTED,2022-07-28 00:00:00+00:00,ACCUMULATION,DEEP_BEAR,4,4,0.6,0.25,0.6148384562533349,0.25,STAGE4_SELL:EXECUTED,,,STAGE4_SELL:EXECUTED,STAGE4_SELL:EXECUTED,False,SAME,
2022-07-30 00:00:00+00:00,2022-07-29 00:00:00+00:00,DEEP_BEAR,DEEP_BEAR,4,4,0.25,0.25,0.24968806923477196,0.24968806923477196,,2022-07-29 00:00:00+00:00,DEEP_BEAR,DEEP_BEAR,4,4,0.25,0.25,0.24968806923477196,0.24968806923477196,,,,,,False,SAME,
2022-07-31 00:00:00+00:00,2022-07-30 00:00:00+00:00,DEEP_BEAR,DEEP_BEAR,4,4,0.25,0.25,0.24744359729548998,0.24744359729548998,,2022-07-30 00:00:00+00:00,DEEP_BEAR,DEEP_BEAR,4,4,0.25,0.25,0.24744359729548998,0.24744359729548998,,,,,,False,SAME,
2022-08-01 00:00:00+00:00,2022-07-31 00:00:00+00:00,DEEP_BEAR,DEEP_BEAR,4,4,0.25,0.25,0.2452531928100709,0.2452531928100709,,2022-07-31 00:00:00+00:00,DEEP_BEAR,DEEP_BEAR,4,4,0.25,0.25,0.2452531928100709,0.2452531928100709,,,,,,False,SAME,
2022-08-02 00:00:00+00:00,2022-08-01 00:00:00+00:00,DEEP_BEAR,DEEP_BEAR,4,4,0.25,0.25,0.24123335334910256,0.24123335334910256,,2022-08-01 00:00:00+00:00,DEEP_BEAR,DEEP_BEAR,4,4,0.25,0.25,0.24123335334910256,0.24123335334910256,,,,,,False,SAME,
2022-08-03 00:00:00+00:00,2022-08-02 00:00:00+00:00,DEEP_BEAR,DEEP_BEAR,4,4,0.25,0.25,0.2407904293280251,0.2407904293280251,,2022-08-02 00:00:00+00:00,DEEP_BEAR,DEEP_BEAR,4,4,0.25,0.25,0.2407904293280251,0.2407904293280251,,,,,,False,SAME,
2022-08-04 00:00:00+00:00,2022-08-03 00:00:00+00:00,DEEP_BEAR,DEEP_BEAR,4,4,0.25,0.25,0.23943193826392675,0.23943193826392675,,2022-08-03 00:00:00+00:00,DEEP_BEAR,DEEP_BEAR,4,4,0.25,0.25,0.23943193826392675,0.23943193826392675,,,,,,False,SAME,
2022-08-05 00:00:00+00:00,2022-08-04 00:00:00+00:00,DEEP_BEAR,DEEP_BEAR,4,4,0.25,0.25,0.23823642328298408,0.23823642328298408,,2022-08-04 00:00:00+00:00,DEEP_BEAR,DEEP_BEAR,4,4,0.25,0.25,0.23823642328298408,0.23823642328298408,,,,,,False,SAME,
2022-08-06 00:00:00+00:00,2022-08-05 00:00:00+00:00,DEEP_BEAR,DEEP_BEAR,4,4,0.25,0.25,0.25041714414673577,0.25041714414673577,,2022-08-05 00:00:00+00:00,DEEP_BEAR,DEEP_BEAR,4,4,0.25,0.25,0.25041714414673577,0.25041714414673577,,,,,,False,SAME,
2022-08-07 00:00:00+00:00,2022-08-06 00:00:00+00:00,DEEP_BEAR,DEEP_BEAR,4,4,0.25,0.25,0.2459476353488929,0.2459476353488929,,2022-08-06 00:00:00+00:00,DEEP_BEAR,DEEP_BEAR,4,4,0.25,0.25,0.2459476353488929,0.2459476353488929,,,,,,False,SAME,
2022-08-08 00:00:00+00:00,2022-08-07 00:00:00+00:00,DEEP_BEAR,DEEP_BEAR,4,4,0.25,0.25,0.24722555501499574,0.24722555501499574,,2022-08-07 00:00:00+00:00,DEEP_BEAR,DEEP_BEAR,4,4,0.25,0.25,0.24722555501499574,0.24722555501499574,,,,,,False,SAME,
2022-08-09 00:00:00+00:00,2022-08-08 00:00:00+00:00,DEEP_BEAR,DEEP_BEAR,4,4,0.25,0.25,0.25481648631530934,0.25481648631530934,,2022-08-08 00:00:00+00:00,DEEP_BEAR,DEEP_BEAR,4,4,0.25,0.25,0.25481648631530934,0.25481648631530934,,,,,,False,SAME,
2022-08-10 00:00:00+00:00,2022-08-09 00:00:00+00:00,DEEP_BEAR,DEEP_BEAR,4,4,0.25,0.25,0.24749558362825932,0.24749558362825932,,2022-08-09 00:00:00+00:00,DEEP_BEAR,DEEP_BEAR,4,4,0.25,0.25,0.24749558362825932,0.24749558362825932,,,,,,False,SAME,
2022-08-11 00:00:00+00:00,2022-08-10 00:00:00+00:00,DEEP_BEAR,DEEP_BEAR,4,4,0.25,0.25,0.26136417653097255,0.26136417653097255,,2022-08-10 00:00:00+00:00,DEEP_BEAR,DEEP_BEAR,4,4,0.25,0.25,0.26136417653097255,0.26136417653097255,,,,,,False,SAME,
2022-08-12 00:00:00+00:00,2022-08-11 00:00:00+00:00,DEEP_BEAR,DEEP_BEAR,4,4,0.25,0.25,0.2634962170312728,0.2634962170312728,,2022-08-11 00:00:00+00:00,DEEP_BEAR,DEEP_BEAR,4,4,0.25,0.25,0.2634962170312728,0.2634962170312728,,,,,,False,SAME,
2022-08-13 00:00:00+00:00,2022-08-12 00:00:00+00:00,DEEP_BEAR,DEEP_BEAR,4,4,0.25,0.25,0.2705600608320791,0.2705600608320791,,2022-08-12 00:00:00+00:00,DEEP_BEAR,DEEP_BEAR,4,4,0.25,0.25,0.2705600608320791,0.2705600608320791,,,,,,False,SAME,
2022-08-14 00:00:00+00:00,2022-08-13 00:00:00+00:00,DEEP_BEAR,DEEP_BEAR,4,4,0.25,0.25,0.2726494604592945,0.2726494604592945,,2022-08-13 00:00:00+00:00,DEEP_BEAR,DEEP_BEAR,4,4,0.25,0.25,0.2726494604592945,0.2726494604592945,,,,,,False,SAME,
2022-08-15 00:00:00+00:00,2022-08-14 00:00:00+00:00,DEEP_BEAR,DEEP_BEAR,4,4,0.25,0.25,0.2686853451187492,0.2686853451187492,,2022-08-14 00:00:00+00:00,DEEP_BEAR,DEEP_BEAR,4,4,0.25,0.25,0.2686853451187492,0.2686853451187492,,,,,,False,SAME,
2022-08-16 00:00:00+00:00,2022-08-15 00:00:00+00:00,DEEP_BEAR,DEEP_BEAR,4,4,0.25,0.25,0.2654866278973837,0.2654866278973837,,2022-08-15 00:00:00+00:00,DEEP_BEAR,DEEP_BEAR,4,4,0.25,0.25,0.2654866278973837,0.2654866278973837,,,,,,False,SAME,
2022-08-17 00:00:00+00:00,2022-08-16 00:00:00+00:00,DEEP_BEAR,DEEP_BEAR,4,4,0.25,0.25,0.2633191109194501,0.2633191109194501,,2022-08-16 00:00:00+00:00,DEEP_BEAR,DEEP_BEAR,4,4,0.25,0.25,0.2633191109194501,0.2633191109194501,,,,,,False,SAME,
2022-08-18 00:00:00+00:00,2022-08-17 00:00:00+00:00,DEEP_BEAR,DEEP_BEAR,4,4,0.25,0.25,0.2590063247845411,0.2590063247845411,,2022-08-17 00:00:00+00:00,DEEP_BEAR,DEEP_BEAR,4,4,0.25,0.25,0.2590063247845411,0.2590063247845411,,,,,,False,SAME,
2022-08-19 00:00:00+00:00,2022-08-18 00:00:00+00:00,DEEP_BEAR,DEEP_BEAR,4,4,0.25,0.25,0.25974662790970365,0.25974662790970365,,2022-08-18 00:00:00+00:00,DEEP_BEAR,DEEP_BEAR,4,4,0.25,0.25,0.25974662790970365,0.25974662790970365,,,,,,False,SAME,
2022-08-20 00:00:00+00:00,2022-08-19 00:00:00+00:00,DEEP_BEAR,DEEP_BEAR,4,4,0.25,0.25,0.23548893473750307,0.23548893473750307,,2022-08-19 00:00:00+00:00,DEEP_BEAR,DEEP_BEAR,4,4,0.25,0.25,0.23548893473750307,0.23548893473750307,,,,,,False,SAME,
2022-08-21 00:00:00+00:00,2022-08-20 00:00:00+00:00,DEEP_BEAR,DEEP_BEAR,4,4,0.25,0.25,0.2333311776543921,0.2333311776543921,,2022-08-20 00:00:00+00:00,DEEP_BEAR,DEEP_BEAR,4,4,0.25,0.25,0.2333311776543921,0.2333311776543921,,,,,,False,SAME,
2022-08-22 00:00:00+00:00,2022-08-21 00:00:00+00:00,DEEP_BEAR,DEEP_BEAR,4,4,0.25,0.25,0.23775507545526137,0.23775507545526137,,2022-08-21 00:00:00+00:00,DEEP_BEAR,DEEP_BEAR,4,4,0.25,0.25,0.23775507545526137,0.23775507545526137,,,,,,False,SAME,
2022-08-23 00:00:00+00:00,2022-08-22 00:00:00+00:00,DEEP_BEAR,DEEP_BEAR,4,4,0.25,0.25,0.23813051160034288,0.23813051160034288,,2022-08-22 00:00:00+00:00,DEEP_BEAR,DEEP_BEAR,4,4,0.25,0.25,0.23813051160034288,0.23813051160034288,,,,,,False,SAME,
2022-08-24 00:00:00+00:00,2022-08-23 00:00:00+00:00,DEEP_BEAR,DEEP_BEAR,4,4,0.25,0.25,0.24189170814525146,0.24189170814525146,,2022-08-23 00:00:00+00:00,DEEP_BEAR,DEEP_BEAR,4,4,0.25,0.25,0.24189170814525146,0.24189170814525146,,,,,,False,SAME,
2022-08-25 00:00:00+00:00,2022-08-24 00:00:00+00:00,DEEP_BEAR,DEEP_BEAR,4,4,0.25,0.25,0.2408759376039799,0.2408759376039799,,2022-08-24 00:00:00+00:00,DEEP_BEAR,DEEP_BEAR,4,4,0.25,0.25,0.2408759376039799,0.2408759376039799,,,,,,False,SAME,
2022-08-26 00:00:00+00:00,2022-08-25 00:00:00+00:00,DEEP_BEAR,DEEP_BEAR,4,4,0.25,0.25,0.244550789407607,0.244550789407607,,2022-08-25 00:00:00+00:00,DEEP_BEAR,DEEP_BEAR,4,4,0.25,0.25,0.244550789407607,0.244550789407607,,,,,,False,SAME,
2022-08-27 00:00:00+00:00,2022-08-26 00:00:00+00:00,DEEP_BEAR,ACCUMULATION,4,4,0.25,0.35,0.22588501267622502,0.3499999999999999,AHR999_TO35:EXECUTED,2022-08-26 00:00:00+00:00,DEEP_BEAR,ACCUMULATION,4,4,0.25,0.35,0.22588501267622502,0.3499999999999999,AHR999_TO35:EXECUTED,,,AHR999_TO35:EXECUTED,AHR999_TO35:EXECUTED,False,SAME,
2022-08-28 00:00:00+00:00,2022-08-27 00:00:00+00:00,ACCUMULATION,ACCUMULATION,4,4,0.35,0.35,0.34757450687819624,0.34757450687819624,,2022-08-27 00:00:00+00:00,ACCUMULATION,ACCUMULATION,4,4,0.35,0.35,0.34757450687819624,0.34757450687819624,,,,,,False,SAME,
2022-08-29 00:00:00+00:00,2022-08-28 00:00:00+00:00,ACCUMULATION,DEEP_BEAR,4,4,0.35,0.25,0.3393761406013559,0.25,ACCUMULATION_LOCK_RELEASE_LOWER_LOW|STAGE4_SELL:EXECUTED,2022-08-28 00:00:00+00:00,ACCUMULATION,DEEP_BEAR,4,4,0.35,0.25,0.3393761406013559,0.25,ACCUMULATION_LOCK_RELEASE_LOWER_LOW|STAGE4_SELL:EXECUTED,,,ACCUMULATION_LOCK_RELEASE_LOWER_LOW|STAGE4_SELL:EXECUTED,ACCUMULATION_LOCK_RELEASE_LOWER_LOW|STAGE4_SELL:EXECUTED,False,SAME,
2022-08-30 00:00:00+00:00,2022-08-29 00:00:00+00:00,DEEP_BEAR,ACCUMULATION,4,4,0.25,0.35,0.26344576273727643,0.3499999999999999,AHR999_TO35:EXECUTED,2022-08-29 00:00:00+00:00,DEEP_BEAR,ACCUMULATION,4,4,0.25,0.35,0.26344576273727643,0.3499999999999999,AHR999_TO35:EXECUTED,,,AHR999_TO35:EXECUTED,AHR999_TO35:EXECUTED,False,SAME,
2022-08-31 00:00:00+00:00,2022-08-30 00:00:00+00:00,ACCUMULATION,ACCUMULATION,4,4,0.35,0.35,0.34553435717302866,0.34553435717302866,,2022-08-30 00:00:00+00:00,ACCUMULATION,ACCUMULATION,4,4,0.35,0.35,0.34553435717302866,0.34553435717302866,,,,,,False,SAME,
2022-09-01 00:00:00+00:00,2022-08-31 00:00:00+00:00,ACCUMULATION,ACCUMULATION,4,4,0.35,0.35,0.34931250571223316,0.34931250571223316,,2022-08-31 00:00:00+00:00,ACCUMULATION,ACCUMULATION,4,4,0.35,0.35,0.34931250571223316,0.34931250571223316,,,,,,False,SAME,
2022-09-02 00:00:00+00:00,2022-09-01 00:00:00+00:00,ACCUMULATION,ACCUMULATION,4,4,0.35,0.35,0.35265728099377275,0.35265728099377275,,2022-09-01 00:00:00+00:00,ACCUMULATION,ACCUMULATION,4,4,0.35,0.35,0.35265728099377275,0.35265728099377275,,,,,,False,SAME,
2022-09-03 00:00:00+00:00,2022-09-02 00:00:00+00:00,ACCUMULATION,ACCUMULATION,4,4,0.35,0.35,0.35095826360933563,0.35095826360933563,,2022-09-02 00:00:00+00:00,ACCUMULATION,ACCUMULATION,4,4,0.35,0.35,0.35095826360933563,0.35095826360933563,,,,,,False,SAME,
2022-09-04 00:00:00+00:00,2022-09-03 00:00:00+00:00,ACCUMULATION,ACCUMULATION,4,4,0.35,0.35,0.3488589342201717,0.3488589342201717,,2022-09-03 00:00:00+00:00,ACCUMULATION,ACCUMULATION,4,4,0.35,0.35,0.3488589342201717,0.3488589342201717,,,,,,False,SAME,
2022-09-05 00:00:00+00:00,2022-09-04 00:00:00+00:00,ACCUMULATION,ACCUMULATION,4,4,0.35,0.35,0.35161833774890205,0.35161833774890205,,2022-09-04 00:00:00+00:00,ACCUMULATION,ACCUMULATION,4,4,0.35,0.35,0.35161833774890205,0.35161833774890205,,,,,,False,SAME,
2022-09-06 00:00:00+00:00,2022-09-05 00:00:00+00:00,ACCUMULATION,DEEP_BEAR,4,4,0.35,0.25,0.3543374088607813,0.25,STAGE4_SELL:EXECUTED,2022-09-05 00:00:00+00:00,ACCUMULATION,DEEP_BEAR,4,4,0.35,0.25,0.3543374088607813,0.25,STAGE4_SELL:EXECUTED,,,STAGE4_SELL:EXECUTED,STAGE4_SELL:EXECUTED,False,SAME,
2022-09-07 00:00:00+00:00,2022-09-06 00:00:00+00:00,DEEP_BEAR,ACCUMULATION,4,4,0.25,0.35,0.2425038003595146,0.35,AHR999_TO35:EXECUTED,2022-09-06 00:00:00+00:00,DEEP_BEAR,ACCUMULATION,4,4,0.25,0.35,0.2425038003595146,0.35,AHR999_TO35:EXECUTED,,,AHR999_TO35:EXECUTED,AHR999_TO35:EXECUTED,False,SAME,
2022-09-08 00:00:00+00:00,2022-09-07 00:00:00+00:00,ACCUMULATION,ACCUMULATION,4,4,0.35,0.35,0.3587500412916027,0.3587500412916027,,2022-09-07 00:00:00+00:00,ACCUMULATION,ACCUMULATION,4,4,0.35,0.35,0.3587500412916027,0.3587500412916027,,,,,,False,SAME,
2022-09-09 00:00:00+00:00,2022-09-08 00:00:00+00:00,ACCUMULATION,ACCUMULATION,4,4,0.35,0.35,0.3594006802273785,0.3594006802273785,,2022-09-08 00:00:00+00:00,ACCUMULATION,ACCUMULATION,4,4,0.35,0.35,0.3594006802273785,0.3594006802273785,,,,,,False,SAME,
2022-09-10 00:00:00+00:00,2022-09-09 00:00:00+00:00,ACCUMULATION,ACCUMULATION,4,4,0.35,0.35,0.3752057931690421,0.3752057931690421,,2022-09-09 00:00:00+00:00,ACCUMULATION,ACCUMULATION,4,4,0.35,0.35,0.3752057931690421,0.3752057931690421,,,,,,False,SAME,
2022-09-11 00:00:00+00:00,2022-09-10 00:00:00+00:00,ACCUMULATION,ACCUMULATION,4,4,0.35,0.35,0.3811686000503737,0.3811686000503737,,2022-09-10 00:00:00+00:00,ACCUMULATION,ACCUMULATION,4,4,0.35,0.35,0.3811686000503737,0.3811686000503737,,,,,,False,SAME,
2022-09-12 00:00:00+00:00,2022-09-11 00:00:00+00:00,ACCUMULATION,ACCUMULATION,4,4,0.35,0.35,0.38124304679488297,0.38124304679488297,,2022-09-11 00:00:00+00:00,ACCUMULATION,ACCUMULATION,4,4,0.35,0.35,0.38124304679488297,0.38124304679488297,,,,,,False,SAME,
2022-09-13 00:00:00+00:00,2022-09-12 00:00:00+00:00,ACCUMULATION,ACCUMULATION,4,4,0.35,0.35,0.3793114262728664,0.3793114262728664,,2022-09-12 00:00:00+00:00,ACCUMULATION,ACCUMULATION,4,4,0.35,0.35,0.3793114262728664,0.3793114262728664,,,,,,False,SAME,
2022-09-14 00:00:00+00:00,2022-09-13 00:00:00+00:00,ACCUMULATION,DEEP_BEAR,4,4,0.35,0.25,0.3576794673682381,0.25,STAGE4_SELL:EXECUTED,2022-09-13 00:00:00+00:00,ACCUMULATION,DEEP_BEAR,4,4,0.35,0.25,0.3576794673682381,0.25,STAGE4_SELL:EXECUTED,,,STAGE4_SELL:EXECUTED,STAGE4_SELL:EXECUTED,False,SAME,
2022-09-15 00:00:00+00:00,2022-09-14 00:00:00+00:00,DEEP_BEAR,ACCUMULATION,4,4,0.25,0.35,0.25573376570398393,0.35000000000000003,AHR999_TO35:EXECUTED,2022-09-14 00:00:00+00:00,DEEP_BEAR,ACCUMULATION,4,4,0.25,0.35,0.25573376570398393,0.35000000000000003,AHR999_TO35:EXECUTED,,,AHR999_TO35:EXECUTED,AHR999_TO35:EXECUTED,False,SAME,
2022-09-16 00:00:00+00:00,2022-09-15 00:00:00+00:00,ACCUMULATION,ACCUMULATION,4,4,0.35,0.35,0.33271210557951303,0.33271210557951303,,2022-09-15 00:00:00+00:00,ACCUMULATION,ACCUMULATION,4,4,0.35,0.35,0.33271210557951303,0.33271210557951303,,,,,,False,SAME,
2022-09-17 00:00:00+00:00,2022-09-16 00:00:00+00:00,ACCUMULATION,ACCUMULATION,4,4,0.35,0.35,0.3295234493646516,0.3295234493646516,,2022-09-16 00:00:00+00:00,ACCUMULATION,ACCUMULATION,4,4,0.35,0.35,0.3295234493646516,0.3295234493646516,,,,,,False,SAME,
2022-09-18 00:00:00+00:00,2022-09-17 00:00:00+00:00,ACCUMULATION,ACCUMULATION,4,4,0.35,0.35,0.33417899368394033,0.33417899368394033,,2022-09-17 00:00:00+00:00,ACCUMULATION,ACCUMULATION,4,4,0.35,0.35,0.33417899368394033,0.33417899368394033,,,,,,False,SAME,
2022-09-19 00:00:00+00:00,2022-09-18 00:00:00+00:00,ACCUMULATION,ACCUMULATION,4,4,0.35,0.35,0.3183505566563192,0.3183505566563192,,2022-09-18 00:00:00+00:00,ACCUMULATION,ACCUMULATION,4,4,0.35,0.35,0.3183505566563192,0.3183505566563192,,,,,,False,SAME,
2022-09-20 00:00:00+00:00,2022-09-19 00:00:00+00:00,ACCUMULATION,ACCUMULATION,4,4,0.35,0.35,0.32296806119049465,0.32296806119049465,,2022-09-19 00:00:00+00:00,ACCUMULATION,ACCUMULATION,4,4,0.35,0.35,0.32296806119049465,0.32296806119049465,,,,,,False,SAME,
2022-09-21 00:00:00+00:00,2022-09-20 00:00:00+00:00,ACCUMULATION,ACCUMULATION,4,4,0.35,0.35,0.314888480405222,0.314888480405222,,2022-09-20 00:00:00+00:00,ACCUMULATION,ACCUMULATION,4,4,0.35,0.35,0.314888480405222,0.314888480405222,,,,,,False,SAME,
2022-09-22 00:00:00+00:00,2022-09-21 00:00:00+00:00,ACCUMULATION,DEEP_BEAR,4,4,0.35,0.25,0.3053098906482515,0.24999999999999994,STAGE4_SELL:EXECUTED,2022-09-21 00:00:00+00:00,ACCUMULATION,DEEP_BEAR,4,4,0.35,0.25,0.3053098906482515,0.24999999999999994,STAGE4_SELL:EXECUTED,,,STAGE4_SELL:EXECUTED,STAGE4_SELL:EXECUTED,False,SAME,
2022-09-23 00:00:00+00:00,2022-09-22 00:00:00+00:00,DEEP_BEAR,ACCUMULATION,4,4,0.25,0.35,0.2611190894336699,0.35,AHR999_TO35:EXECUTED,2022-09-22 00:00:00+00:00,DEEP_BEAR,ACCUMULATION,4,4,0.25,0.35,0.2611190894336699,0.35,AHR999_TO35:EXECUTED,,,AHR999_TO35:EXECUTED,AHR999_TO35:EXECUTED,False,SAME,
2022-09-24 00:00:00+00:00,2022-09-23 00:00:00+00:00,ACCUMULATION,ACCUMULATION,4,4,0.35,0.35,0.34956904062305566,0.34956904062305566,,2022-09-23 00:00:00+00:00,ACCUMULATION,ACCUMULATION,4,4,0.35,0.35,0.34956904062305566,0.34956904062305566,,,,,,False,SAME,
2022-09-25 00:00:00+00:00,2022-09-24 00:00:00+00:00,ACCUMULATION,ACCUMULATION,4,4,0.35,0.35,0.3467907516464637,0.3467907516464637,,2022-09-24 00:00:00+00:00,ACCUMULATION,ACCUMULATION,4,4,0.35,0.35,0.3467907516464637,0.3467907516464637,,,,,,False,SAME,
2022-09-26 00:00:00+00:00,2022-09-25 00:00:00+00:00,ACCUMULATION,ACCUMULATION,4,4,0.35,0.35,0.3440021581224336,0.3440021581224336,,2022-09-25 00:00:00+00:00,ACCUMULATION,ACCUMULATION,4,4,0.35,0.35,0.3440021581224336,0.3440021581224336,,,,,,False,SAME,
2022-09-27 00:00:00+00:00,2022-09-26 00:00:00+00:00,ACCUMULATION,ACCUMULATION,4,4,0.35,0.35,0.3502992701453275,0.3502992701453275,,2022-09-26 00:00:00+00:00,ACCUMULATION,ACCUMULATION,4,4,0.35,0.35,0.3502992701453275,0.3502992701453275,,,,,,False,SAME,
2022-09-28 00:00:00+00:00,2022-09-27 00:00:00+00:00,ACCUMULATION,ACCUMULATION,4,4,0.35,0.35,0.34879913049868244,0.34879913049868244,,2022-09-27 00:00:00+00:00,ACCUMULATION,ACCUMULATION,4,4,0.35,0.35,0.34879913049868244,0.34879913049868244,,,,,,False,SAME,
2022-09-29 00:00:00+00:00,2022-09-28 00:00:00+00:00,ACCUMULATION,ACCUMULATION,4,4,0.35,0.35,0.35141236505685947,0.35141236505685947,,2022-09-28 00:00:00+00:00,ACCUMULATION,ACCUMULATION,4,4,0.35,0.35,0.35141236505685947,0.35141236505685947,,,,,,False,SAME,
2022-09-30 00:00:00+00:00,2022-09-29 00:00:00+00:00,ACCUMULATION,DEEP_BEAR,4,4,0.35,0.25,0.35218295946039213,0.2500000000000001,STAGE4_SELL:EXECUTED,2022-09-29 00:00:00+00:00,ACCUMULATION,DEEP_BEAR,4,4,0.35,0.25,0.35218295946039213,0.2500000000000001,STAGE4_SELL:EXECUTED,,,STAGE4_SELL:EXECUTED,STAGE4_SELL:EXECUTED,False,SAME,
2022-10-01 00:00:00+00:00,2022-09-30 00:00:00+00:00,DEEP_BEAR,ACCUMULATION,4,4,0.25,0.35,0.24886159995316065,0.35000000000000003,AHR999_TO35:EXECUTED,2022-09-30 00:00:00+00:00,DEEP_BEAR,ACCUMULATION,4,4,0.25,0.35,0.24886159995316065,0.35000000000000003,AHR999_TO35:EXECUTED,,,AHR999_TO35:EXECUTED,AHR999_TO35:EXECUTED,False,SAME,
2022-10-02 00:00:00+00:00,2022-10-01 00:00:00+00:00,ACCUMULATION,ACCUMULATION,4,4,0.35,0.35,0.34781770921641764,0.34781770921641764,,2022-10-01 00:00:00+00:00,ACCUMULATION,ACCUMULATION,4,4,0.35,0.35,0.34781770921641764,0.34781770921641764,,,,,,False,SAME,
2022-10-03 00:00:00+00:00,2022-10-02 00:00:00+00:00,ACCUMULATION,ACCUMULATION,4,4,0.35,0.35,0.34306433749850984,0.34306433749850984,,2022-10-02 00:00:00+00:00,ACCUMULATION,ACCUMULATION,4,4,0.35,0.35,0.34306433749850984,0.34306433749850984,,,,,,False,SAME,
2022-10-04 00:00:00+00:00,2022-10-03 00:00:00+00:00,ACCUMULATION,ACCUMULATION,4,4,0.35,0.35,0.35060477075473734,0.35060477075473734,,2022-10-03 00:00:00+00:00,ACCUMULATION,ACCUMULATION,4,4,0.35,0.35,0.35060477075473734,0.35060477075473734,,,,,,False,SAME,
2022-10-05 00:00:00+00:00,2022-10-04 00:00:00+00:00,ACCUMULATION,ACCUMULATION,4,4,0.35,0.35,0.3578631654584987,0.3578631654584987,,2022-10-04 00:00:00+00:00,ACCUMULATION,ACCUMULATION,4,4,0.35,0.35,0.3578631654584987,0.3578631654584987,,,,,,False,SAME,
2022-10-06 00:00:00+00:00,2022-10-05 00:00:00+00:00,ACCUMULATION,ACCUMULATION,4,4,0.35,0.35,0.35614003664692956,0.35614003664692956,,2022-10-05 00:00:00+00:00,ACCUMULATION,ACCUMULATION,4,4,0.35,0.35,0.35614003664692956,0.35614003664692956,,,,,,False,SAME,
2022-10-07 00:00:00+00:00,2022-10-06 00:00:00+00:00,ACCUMULATION,ACCUMULATION,4,4,0.35,0.35,0.3552161984010958,0.3552161984010958,,2022-10-06 00:00:00+00:00,ACCUMULATION,ACCUMULATION,4,4,0.35,0.35,0.3552161984010958,0.3552161984010958,,,,,,False,SAME,
2022-10-08 00:00:00+00:00,2022-10-07 00:00:00+00:00,ACCUMULATION,DEEP_BEAR,4,4,0.35,0.25,0.35109683852171086,0.24999999999999994,STAGE4_SELL:EXECUTED,2022-10-07 00:00:00+00:00,ACCUMULATION,DEEP_BEAR,4,4,0.35,0.25,0.35109683852171086,0.24999999999999994,STAGE4_SELL:EXECUTED,,,STAGE4_SELL:EXECUTED,STAGE4_SELL:EXECUTED,False,SAME,
2022-10-09 00:00:00+00:00,2022-10-08 00:00:00+00:00,DEEP_BEAR,ACCUMULATION,4,4,0.25,0.35,0.24822768345202736,0.35,AHR999_TO35:EXECUTED,2022-10-08 00:00:00+00:00,DEEP_BEAR,ACCUMULATION,4,4,0.25,0.35,0.24822768345202736,0.35,AHR999_TO35:EXECUTED,,,AHR999_TO35:EXECUTED,AHR999_TO35:EXECUTED,False,SAME,
2022-10-10 00:00:00+00:00,2022-10-09 00:00:00+00:00,ACCUMULATION,ACCUMULATION,4,4,0.35,0.35,0.3509254106319423,0.3509254106319423,,2022-10-09 00:00:00+00:00,ACCUMULATION,ACCUMULATION,4,4,0.35,0.35,0.3509254106319423,0.3509254106319423,,,,,,False,SAME,
2022-10-11 00:00:00+00:00,2022-10-10 00:00:00+00:00,ACCUMULATION,ACCUMULATION,4,4,0.35,0.35,0.346122182053418,0.346122182053418,,2022-10-10 00:00:00+00:00,ACCUMULATION,ACCUMULATION,4,4,0.35,0.35,0.346122182053418,0.346122182053418,,,,,,False,SAME,
2022-10-12 00:00:00+00:00,2022-10-11 00:00:00+00:00,ACCUMULATION,ACCUMULATION,4,4,0.35,0.35,0.34480624169282353,0.34480624169282353,,2022-10-11 00:00:00+00:00,ACCUMULATION,ACCUMULATION,4,4,0.35,0.35,0.34480624169282353,0.34480624169282353,,,,,,False,SAME,
2022-10-13 00:00:00+00:00,2022-10-12 00:00:00+00:00,ACCUMULATION,ACCUMULATION,4,4,0.35,0.35,0.3467805602987147,0.3467805602987147,,2022-10-12 00:00:00+00:00,ACCUMULATION,ACCUMULATION,4,4,0.35,0.35,0.3467805602987147,0.3467805602987147,,,,,,False,SAME,
2022-10-14 00:00:00+00:00,2022-10-13 00:00:00+00:00,ACCUMULATION,ACCUMULATION,4,4,0.35,0.35,0.34719624341843397,0.34719624341843397,,2022-10-13 00:00:00+00:00,ACCUMULATION,ACCUMULATION,4,4,0.35,0.35,0.34719624341843397,0.34719624341843397,,,,,,False,SAME,
2022-10-15 00:00:00+00:00,2022-10-14 00:00:00+00:00,ACCUMULATION,ACCUMULATION,4,4,0.35,0.35,0.34716949688098236,0.34716949688098236,,2022-10-14 00:00:00+00:00,ACCUMULATION,ACCUMULATION,4,4,0.35,0.35,0.34716949688098236,0.34716949688098236,,,,,,False,SAME,
2022-10-16 00:00:00+00:00,2022-10-15 00:00:00+00:00,ACCUMULATION,DEEP_BEAR,4,4,0.35,0.25,0.34451755680406687,0.24999999999999994,STAGE4_SELL:EXECUTED,2022-10-15 00:00:00+00:00,ACCUMULATION,DEEP_BEAR,4,4,0.35,0.25,0.34451755680406687,0.24999999999999994,STAGE4_SELL:EXECUTED,,,STAGE4_SELL:EXECUTED,STAGE4_SELL:EXECUTED,False,SAME,
2022-10-17 00:00:00+00:00,2022-10-16 00:00:00+00:00,DEEP_BEAR,ACCUMULATION,4,4,0.25,0.35,0.2536651298731828,0.3499999999999999,AHR999_TO35:EXECUTED,2022-10-16 00:00:00+00:00,DEEP_BEAR,ACCUMULATION,4,4,0.25,0.35,0.2536651298731828,0.3499999999999999,AHR999_TO35:EXECUTED,,,AHR999_TO35:EXECUTED,AHR999_TO35:EXECUTED,False,SAME,
2022-10-18 00:00:00+00:00,2022-10-17 00:00:00+00:00,ACCUMULATION,ACCUMULATION,4,4,0.35,0.35,0.35400300720129896,0.35400300720129896,,2022-10-17 00:00:00+00:00,ACCUMULATION,ACCUMULATION,4,4,0.35,0.35,0.35400300720129896,0.35400300720129896,,,,,,False,SAME,
2022-10-19 00:00:00+00:00,2022-10-18 00:00:00+00:00,ACCUMULATION,ACCUMULATION,4,4,0.35,0.35,0.35089386719783916,0.35089386719783916,,2022-10-18 00:00:00+00:00,ACCUMULATION,ACCUMULATION,4,4,0.35,0.35,0.35089386719783916,0.35089386719783916,,,,,,False,SAME,
2022-10-20 00:00:00+00:00,2022-10-19 00:00:00+00:00,ACCUMULATION,ACCUMULATION,4,4,0.35,0.35,0.34734230100031266,0.34734230100031266,,2022-10-19 00:00:00+00:00,ACCUMULATION,ACCUMULATION,4,4,0.35,0.35,0.34734230100031266,0.34734230100031266,,,,,,False,SAME,
2022-10-21 00:00:00+00:00,2022-10-20 00:00:00+00:00,ACCUMULATION,ACCUMULATION,4,4,0.35,0.35,0.346722471384944,0.346722471384944,,2022-10-20 00:00:00+00:00,ACCUMULATION,ACCUMULATION,4,4,0.35,0.35,0.346722471384944,0.346722471384944,,,,,,False,SAME,
2022-10-22 00:00:00+00:00,2022-10-21 00:00:00+00:00,ACCUMULATION,ACCUMULATION,4,4,0.35,0.35,0.3491223696397912,0.3491223696397912,,2022-10-21 00:00:00+00:00,ACCUMULATION,ACCUMULATION,4,4,0.35,0.35,0.3491223696397912,0.3491223696397912,,,,,,False,SAME,
2022-10-23 00:00:00+00:00,2022-10-22 00:00:00+00:00,ACCUMULATION,ACCUMULATION,4,4,0.35,0.35,0.35075837687573064,0.35075837687573064,,2022-10-22 00:00:00+00:00,ACCUMULATION,ACCUMULATION,4,4,0.35,0.35,0.35075837687573064,0.35075837687573064,,,,,,False,SAME,
2022-10-24 00:00:00+00:00,2022-10-23 00:00:00+00:00,ACCUMULATION,DEEP_BEAR,4,4,0.35,0.25,0.35762218628060355,0.24999999999999994,STAGE4_SELL:EXECUTED,2022-10-23 00:00:00+00:00,ACCUMULATION,DEEP_BEAR,4,4,0.35,0.25,0.35762218628060355,0.24999999999999994,STAGE4_SELL:EXECUTED,,,STAGE4_SELL:EXECUTED,STAGE4_SELL:EXECUTED,False,SAME,
2022-10-25 00:00:00+00:00,2022-10-24 00:00:00+00:00,DEEP_BEAR,DEEP_BEAR,4,4,0.25,0.25,0.24739340835219725,0.24739340835219725,,2022-10-24 00:00:00+00:00,DEEP_BEAR,DEEP_BEAR,4,4,0.25,0.25,0.24739340835219725,0.24739340835219725,,,,,,False,SAME,
2022-10-26 00:00:00+00:00,2022-10-25 00:00:00+00:00,DEEP_BEAR,DEEP_BEAR,4,4,0.25,0.25,0.2603613981702964,0.2603613981702964,,2022-10-25 00:00:00+00:00,DEEP_BEAR,DEEP_BEAR,4,4,0.25,0.25,0.2603613981702964,0.2603613981702964,,,,,,False,SAME,
2022-10-27 00:00:00+00:00,2022-10-26 00:00:00+00:00,DEEP_BEAR,DEEP_BEAR,4,4,0.25,0.25,0.2718806532122448,0.2718806532122448,,2022-10-26 00:00:00+00:00,DEEP_BEAR,DEEP_BEAR,4,4,0.25,0.25,0.2718806532122448,0.2718806532122448,,,,,,False,SAME,
2022-10-28 00:00:00+00:00,2022-10-27 00:00:00+00:00,DEEP_BEAR,DEEP_BEAR,4,4,0.25,0.25,0.2659444648216917,0.2659444648216917,,2022-10-27 00:00:00+00:00,DEEP_BEAR,DEEP_BEAR,4,4,0.25,0.25,0.2659444648216917,0.2659444648216917,,,,,,False,SAME,
2022-10-29 00:00:00+00:00,2022-10-28 00:00:00+00:00,DEEP_BEAR,DEEP_BEAR,4,4,0.25,0.25,0.27042811192175276,0.27042811192175276,,2022-10-28 00:00:00+00:00,DEEP_BEAR,DEEP_BEAR,4,4,0.25,0.25,0.27042811192175276,0.27042811192175276,,,,,,False,SAME,
2022-10-30 00:00:00+00:00,2022-10-29 00:00:00+00:00,DEEP_BEAR,DEEP_BEAR,4,4,0.25,0.25,0.27674611850679554,0.27674611850679554,,2022-10-29 00:00:00+00:00,DEEP_BEAR,DEEP_BEAR,4,4,0.25,0.25,0.27674611850679554,0.27674611850679554,,,,,,False,SAME,
2022-10-31 00:00:00+00:00,2022-10-30 00:00:00+00:00,DEEP_BEAR,DEEP_BEAR,4,4,0.25,0.25,0.27375747526265837,0.27375747526265837,,2022-10-30 00:00:00+00:00,DEEP_BEAR,DEEP_BEAR,4,4,0.25,0.25,0.27375747526265837,0.27375747526265837,,,,,,False,SAME,
2022-11-01 00:00:00+00:00,2022-10-31 00:00:00+00:00,DEEP_BEAR,DEEP_BEAR,4,4,0.25,0.25,0.27186453328583243,0.27186453328583243,,2022-10-31 00:00:00+00:00,DEEP_BEAR,DEEP_BEAR,4,4,0.25,0.25,0.27186453328583243,0.27186453328583243,,,,,,False,SAME,
2022-11-02 00:00:00+00:00,2022-11-01 00:00:00+00:00,DEEP_BEAR,DEEP_BEAR,4,4,0.25,0.25,0.2723923811860043,0.2723923811860043,,2022-11-01 00:00:00+00:00,DEEP_BEAR,DEEP_BEAR,4,4,0.25,0.25,0.2723923811860043,0.2723923811860043,,,,,,False,SAME,
2022-11-03 00:00:00+00:00,2022-11-02 00:00:00+00:00,DEEP_BEAR,DEEP_BEAR,4,4,0.25,0.25,0.266194148214653,0.266194148214653,,2022-11-02 00:00:00+00:00,DEEP_BEAR,DEEP_BEAR,4,4,0.25,0.25,0.266194148214653,0.266194148214653,,,,,,False,SAME,
2022-11-04 00:00:00+00:00,2022-11-03 00:00:00+00:00,DEEP_BEAR,DEEP_BEAR,4,4,0.25,0.25,0.26752875339,0.26752875339,,2022-11-03 00:00:00+00:00,DEEP_BEAR,DEEP_BEAR,4,4,0.25,0.25,0.26752875339,0.26752875339,,,,,,False,SAME,
2022-11-05 00:00:00+00:00,2022-11-04 00:00:00+00:00,DEEP_BEAR,DEEP_BEAR,4,4,0.25,0.25,0.28020677038692593,0.28020677038692593,,2022-11-04 00:00:00+00:00,DEEP_BEAR,DEEP_BEAR,4,4,0.25,0.25,0.28020677038692593,0.28020677038692593,,,,,,False,SAME,
2022-11-06 00:00:00+00:00,2022-11-05 00:00:00+00:00,DEEP_BEAR,DEEP_BEAR,4,4,0.25,0.25,0.2791955701543477,0.2791955701543477,,2022-11-05 00:00:00+00:00,DEEP_BEAR,DEEP_BEAR,4,4,0.25,0.25,0.2791955701543477,0.2791955701543477,,,,,,False,SAME,
2022-11-07 00:00:00+00:00,2022-11-06 00:00:00+00:00,DEEP_BEAR,BEAR,4,3,0.25,0.55,0.2730417842723948,0.2730417842723948,DEEP_BEAR_TO_BEAR_NO_AUTO_BUY,2022-11-06 00:00:00+00:00,DEEP_BEAR,BEAR,4,3,0.25,0.55,0.2730417842723948,0.2730417842723948,DEEP_BEAR_TO_BEAR_NO_AUTO_BUY,,,DEEP_BEAR_TO_BEAR_NO_AUTO_BUY,DEEP_BEAR_TO_BEAR_NO_AUTO_BUY,False,SAME,
2022-11-08 00:00:00+00:00,2022-11-07 00:00:00+00:00,BEAR,DEEP_BEAR,3,4,0.55,0.25,0.27212698824495585,0.27212698824495585,STAGE4_SELL:EXPOSURE_GAP_BELOW_5PP,2022-11-07 00:00:00+00:00,BEAR,DEEP_BEAR,3,4,0.55,0.25,0.27212698824495585,0.27212698824495585,STAGE4_SELL:EXPOSURE_GAP_BELOW_5PP,,,STAGE4_SELL:EXPOSURE_GAP_BELOW_5PP,STAGE4_SELL:EXPOSURE_GAP_BELOW_5PP,False,SAME,
2022-11-09 00:00:00+00:00,2022-11-08 00:00:00+00:00,DEEP_BEAR,ACCUMULATION,4,4,0.25,0.35,0.24480399618522705,0.35000000000000003,AHR999_TO35:EXECUTED,2022-11-08 00:00:00+00:00,DEEP_BEAR,ACCUMULATION,4,4,0.25,0.35,0.24480399618522705,0.35000000000000003,AHR999_TO35:EXECUTED,,,AHR999_TO35:EXECUTED,AHR999_TO35:EXECUTED,False,SAME,
2022-11-10 00:00:00+00:00,2022-11-09 00:00:00+00:00,ACCUMULATION,ACCUMULATION,4,4,0.35,0.35,0.31140546649785333,0.31140546649785333,CRASH_L1:NOTIONAL_BELOW_GUARD,2022-11-09 00:00:00+00:00,ACCUMULATION,ACCUMULATION,4,4,0.35,0.35,0.31140546649785333,0.31140546649785333,CRASH_L1:NOTIONAL_BELOW_GUARD,,,CRASH_L1:NOTIONAL_BELOW_GUARD,CRASH_L1:NOTIONAL_BELOW_GUARD,False,SAME,
2022-11-11 00:00:00+00:00,2022-11-10 00:00:00+00:00,ACCUMULATION,ACCUMULATION,4,4,0.35,0.35,0.3416410798365637,0.3416410798365637,,2022-11-10 00:00:00+00:00,ACCUMULATION,ACCUMULATION,4,4,0.35,0.35,0.3416410798365637,0.3416410798365637,,,,,,False,SAME,
2022-11-12 00:00:00+00:00,2022-11-11 00:00:00+00:00,ACCUMULATION,ACCUMULATION,4,4,0.35,0.35,0.3378594469992856,0.3378594469992856,,2022-11-11 00:00:00+00:00,ACCUMULATION,ACCUMULATION,4,4,0.35,0.35,0.3378594469992856,0.3378594469992856,,,,,,False,SAME,
2022-11-13 00:00:00+00:00,2022-11-12 00:00:00+00:00,ACCUMULATION,ACCUMULATION,4,4,0.35,0.35,0.3332008165724806,0.3332008165724806,,2022-11-12 00:00:00+00:00,ACCUMULATION,ACCUMULATION,4,4,0.35,0.35,0.3332008165724806,0.3332008165724806,,,,,,False,SAME,
2022-11-14 00:00:00+00:00,2022-11-13 00:00:00+00:00,ACCUMULATION,ACCUMULATION,4,4,0.35,0.35,0.3268550031487272,0.3268550031487272,,2022-11-13 00:00:00+00:00,ACCUMULATION,ACCUMULATION,4,4,0.35,0.35,0.3268550031487272,0.3268550031487272,,,,,,False,SAME,
2022-11-15 00:00:00+00:00,2022-11-14 00:00:00+00:00,ACCUMULATION,ACCUMULATION,4,4,0.35,0.35,0.3307788599840421,0.3307788599840421,,2022-11-14 00:00:00+00:00,ACCUMULATION,ACCUMULATION,4,4,0.35,0.35,0.3307788599840421,0.3307788599840421,,,,,,False,SAME,
2022-11-16 00:00:00+00:00,2022-11-15 00:00:00+00:00,ACCUMULATION,DEEP_BEAR,4,4,0.35,0.25,0.3334040242469493,0.25000000000000006,STAGE4_SELL:EXECUTED,2022-11-15 00:00:00+00:00,ACCUMULATION,DEEP_BEAR,4,4,0.35,0.25,0.3334040242469493,0.25000000000000006,STAGE4_SELL:EXECUTED,,,STAGE4_SELL:EXECUTED,STAGE4_SELL:EXECUTED,False,SAME,
2022-11-17 00:00:00+00:00,2022-11-16 00:00:00+00:00,DEEP_BEAR,ACCUMULATION,4,4,0.25,0.35,0.2454656914453571,0.35,AHR999_TO35:EXECUTED,2022-11-16 00:00:00+00:00,DEEP_BEAR,ACCUMULATION,4,4,0.25,0.35,0.2454656914453571,0.35,AHR999_TO35:EXECUTED,,,AHR999_TO35:EXECUTED,AHR999_TO35:EXECUTED,False,SAME,
2022-11-18 00:00:00+00:00,2022-11-17 00:00:00+00:00,ACCUMULATION,ACCUMULATION,4,4,0.35,0.35,0.3485398658693767,0.3485398658693767,,2022-11-17 00:00:00+00:00,ACCUMULATION,ACCUMULATION,4,4,0.35,0.35,0.3485398658693767,0.3485398658693767,,,,,,False,SAME,
2022-11-19 00:00:00+00:00,2022-11-18 00:00:00+00:00,ACCUMULATION,ACCUMULATION,4,4,0.35,0.35,0.34993598931102765,0.34993598931102765,,2022-11-18 00:00:00+00:00,ACCUMULATION,ACCUMULATION,4,4,0.35,0.35,0.34993598931102765,0.34993598931102765,,,,,,False,SAME,
2022-11-20 00:00:00+00:00,2022-11-19 00:00:00+00:00,ACCUMULATION,ACCUMULATION,4,4,0.35,0.35,0.3505381233435184,0.3505381233435184,,2022-11-19 00:00:00+00:00,ACCUMULATION,ACCUMULATION,4,4,0.35,0.35,0.3505381233435184,0.3505381233435184,,,,,,False,SAME,
2022-11-21 00:00:00+00:00,2022-11-20 00:00:00+00:00,ACCUMULATION,ACCUMULATION,4,4,0.35,0.35,0.3398844786359908,0.3398844786359908,,2022-11-20 00:00:00+00:00,ACCUMULATION,ACCUMULATION,4,4,0.35,0.35,0.3398844786359908,0.3398844786359908,,,,,,False,SAME,
2022-11-22 00:00:00+00:00,2022-11-21 00:00:00+00:00,ACCUMULATION,ACCUMULATION,4,4,0.35,0.35,0.33300744650562913,0.33300744650562913,,2022-11-21 00:00:00+00:00,ACCUMULATION,ACCUMULATION,4,4,0.35,0.35,0.33300744650562913,0.33300744650562913,,,,,,False,SAME,
2022-11-23 00:00:00+00:00,2022-11-22 00:00:00+00:00,ACCUMULATION,ACCUMULATION,4,4,0.35,0.35,0.3393879150615174,0.3393879150615174,,2022-11-22 00:00:00+00:00,ACCUMULATION,ACCUMULATION,4,4,0.35,0.35,0.3393879150615174,0.3393879150615174,,,,,,False,SAME,
2022-11-24 00:00:00+00:00,2022-11-23 00:00:00+00:00,ACCUMULATION,DEEP_BEAR,4,4,0.35,0.25,0.3466002447856629,0.25,STAGE4_SELL:EXECUTED,2022-11-23 00:00:00+00:00,ACCUMULATION,DEEP_BEAR,4,4,0.35,0.25,0.3466002447856629,0.25,STAGE4_SELL:EXECUTED,,,STAGE4_SELL:EXECUTED,STAGE4_SELL:EXECUTED,False,SAME,
2022-11-25 00:00:00+00:00,2022-11-24 00:00:00+00:00,DEEP_BEAR,ACCUMULATION,4,4,0.25,0.35,0.25198428337922607,0.35,AHR999_TO35:EXECUTED,2022-11-24 00:00:00+00:00,DEEP_BEAR,ACCUMULATION,4,4,0.25,0.35,0.25198428337922607,0.35,AHR999_TO35:EXECUTED,,,AHR999_TO35:EXECUTED,AHR999_TO35:EXECUTED,False,SAME,
2022-11-26 00:00:00+00:00,2022-11-25 00:00:00+00:00,ACCUMULATION,ACCUMULATION,4,4,0.35,0.35,0.34911009309129803,0.34911009309129803,,2022-11-25 00:00:00+00:00,ACCUMULATION,ACCUMULATION,4,4,0.35,0.35,0.34911009309129803,0.34911009309129803,,,,,,False,SAME,
2022-11-27 00:00:00+00:00,2022-11-26 00:00:00+00:00,ACCUMULATION,ACCUMULATION,4,4,0.35,0.35,0.3494626355621909,0.3494626355621909,,2022-11-26 00:00:00+00:00,ACCUMULATION,ACCUMULATION,4,4,0.35,0.35,0.3494626355621909,0.3494626355621909,,,,,,False,SAME,
2022-11-28 00:00:00+00:00,2022-11-27 00:00:00+00:00,ACCUMULATION,ACCUMULATION,4,4,0.35,0.35,0.3480751353293193,0.3480751353293193,,2022-11-27 00:00:00+00:00,ACCUMULATION,ACCUMULATION,4,4,0.35,0.35,0.3480751353293193,0.3480751353293193,,,,,,False,SAME,
2022-11-29 00:00:00+00:00,2022-11-28 00:00:00+00:00,ACCUMULATION,ACCUMULATION,4,4,0.35,0.35,0.3439866034118664,0.3439866034118664,,2022-11-28 00:00:00+00:00,ACCUMULATION,ACCUMULATION,4,4,0.35,0.35,0.3439866034118664,0.3439866034118664,,,,,,False,SAME,
2022-11-30 00:00:00+00:00,2022-11-29 00:00:00+00:00,ACCUMULATION,ACCUMULATION,4,4,0.35,0.35,0.35069398290998516,0.35069398290998516,,2022-11-29 00:00:00+00:00,ACCUMULATION,ACCUMULATION,4,4,0.35,0.35,0.35069398290998516,0.35069398290998516,,,,,,False,SAME,
2022-12-01 00:00:00+00:00,2022-11-30 00:00:00+00:00,ACCUMULATION,ACCUMULATION,4,4,0.35,0.35,0.3631368499220999,0.3631368499220999,,2022-11-30 00:00:00+00:00,ACCUMULATION,ACCUMULATION,4,4,0.35,0.35,0.3631368499220999,0.3631368499220999,,,,,,False,SAME,
2022-12-02 00:00:00+00:00,2022-12-01 00:00:00+00:00,ACCUMULATION,DEEP_BEAR,4,4,0.35,0.25,0.3602403866553305,0.25000000000000006,STAGE4_SELL:EXECUTED,2022-12-01 00:00:00+00:00,ACCUMULATION,DEEP_BEAR,4,4,0.35,0.25,0.3602403866553305,0.25000000000000006,STAGE4_SELL:EXECUTED,,,STAGE4_SELL:EXECUTED,STAGE4_SELL:EXECUTED,False,SAME,
2022-12-03 00:00:00+00:00,2022-12-02 00:00:00+00:00,DEEP_BEAR,ACCUMULATION,4,4,0.25,0.35,0.25234633008237056,0.35000000000000003,AHR999_TO35:EXECUTED,2022-12-02 00:00:00+00:00,DEEP_BEAR,ACCUMULATION,4,4,0.25,0.35,0.25234633008237056,0.35000000000000003,AHR999_TO35:EXECUTED,,,AHR999_TO35:EXECUTED,AHR999_TO35:EXECUTED,False,SAME,
2022-12-04 00:00:00+00:00,2022-12-03 00:00:00+00:00,ACCUMULATION,ACCUMULATION,4,4,0.35,0.35,0.3431709654338601,0.3431709654338601,,2022-12-03 00:00:00+00:00,ACCUMULATION,ACCUMULATION,4,4,0.35,0.35,0.3431709654338601,0.3431709654338601,,,,,,False,SAME,
2022-12-05 00:00:00+00:00,2022-12-04 00:00:00+00:00,ACCUMULATION,ACCUMULATION,4,4,0.35,0.35,0.34851032999876763,0.34851032999876763,,2022-12-04 00:00:00+00:00,ACCUMULATION,ACCUMULATION,4,4,0.35,0.35,0.34851032999876763,0.34851032999876763,,,,,,False,SAME,
2022-12-06 00:00:00+00:00,2022-12-05 00:00:00+00:00,ACCUMULATION,ACCUMULATION,4,4,0.35,0.35,0.34570324691566007,0.34570324691566007,,2022-12-05 00:00:00+00:00,ACCUMULATION,ACCUMULATION,4,4,0.35,0.35,0.34570324691566007,0.34570324691566007,,,,,,False,SAME,
2022-12-07 00:00:00+00:00,2022-12-06 00:00:00+00:00,ACCUMULATION,ACCUMULATION,4,4,0.35,0.35,0.3476732456283273,0.3476732456283273,,2022-12-06 00:00:00+00:00,ACCUMULATION,ACCUMULATION,4,4,0.35,0.35,0.3476732456283273,0.3476732456283273,,,,,,False,SAME,
2022-12-08 00:00:00+00:00,2022-12-07 00:00:00+00:00,ACCUMULATION,ACCUMULATION,4,4,0.35,0.35,0.3421139874348335,0.3421139874348335,,2022-12-07 00:00:00+00:00,ACCUMULATION,ACCUMULATION,4,4,0.35,0.35,0.3421139874348335,0.3421139874348335,,,,,,False,SAME,
2022-12-09 00:00:00+00:00,2022-12-08 00:00:00+00:00,ACCUMULATION,ACCUMULATION,4,4,0.35,0.35,0.3494392417015916,0.3494392417015916,,2022-12-08 00:00:00+00:00,ACCUMULATION,ACCUMULATION,4,4,0.35,0.35,0.3494392417015916,0.3494392417015916,,,,,,False,SAME,
2022-12-10 00:00:00+00:00,2022-12-09 00:00:00+00:00,ACCUMULATION,DEEP_BEAR,4,4,0.35,0.25,0.34719195990869134,0.25,STAGE4_SELL:EXECUTED,2022-12-09 00:00:00+00:00,ACCUMULATION,DEEP_BEAR,4,4,0.35,0.25,0.34719195990869134,0.25,STAGE4_SELL:EXECUTED,,,STAGE4_SELL:EXECUTED,STAGE4_SELL:EXECUTED,False,SAME,
2022-12-11 00:00:00+00:00,2022-12-10 00:00:00+00:00,DEEP_BEAR,ACCUMULATION,4,4,0.25,0.35,0.2503682239761445,0.35000000000000003,AHR999_TO35:EXECUTED,2022-12-10 00:00:00+00:00,DEEP_BEAR,ACCUMULATION,4,4,0.25,0.35,0.2503682239761445,0.35000000000000003,AHR999_TO35:EXECUTED,,,AHR999_TO35:EXECUTED,AHR999_TO35:EXECUTED,False,SAME,
2022-12-12 00:00:00+00:00,2022-12-11 00:00:00+00:00,ACCUMULATION,ACCUMULATION,4,4,0.35,0.35,0.34946246224552596,0.34946246224552596,,2022-12-11 00:00:00+00:00,ACCUMULATION,ACCUMULATION,4,4,0.35,0.35,0.34946246224552596,0.34946246224552596,,,,,,False,SAME,
2022-12-13 00:00:00+00:00,2022-12-12 00:00:00+00:00,ACCUMULATION,ACCUMULATION,4,4,0.35,0.35,0.35149192499350707,0.35149192499350707,,2022-12-12 00:00:00+00:00,ACCUMULATION,ACCUMULATION,4,4,0.35,0.35,0.35149192499350707,0.35149192499350707,,,,,,False,SAME,
2022-12-14 00:00:00+00:00,2022-12-13 00:00:00+00:00,ACCUMULATION,ACCUMULATION,4,4,0.35,0.35,0.35929253671103367,0.35929253671103367,,2022-12-13 00:00:00+00:00,ACCUMULATION,ACCUMULATION,4,4,0.35,0.35,0.35929253671103367,0.35929253671103367,,,,,,False,SAME,
2022-12-15 00:00:00+00:00,2022-12-14 00:00:00+00:00,ACCUMULATION,ACCUMULATION,4,4,0.35,0.35,0.35815811663841646,0.35815811663841646,,2022-12-14 00:00:00+00:00,ACCUMULATION,ACCUMULATION,4,4,0.35,0.35,0.35815811663841646,0.35815811663841646,,,,,,False,SAME,
2022-12-16 00:00:00+00:00,2022-12-15 00:00:00+00:00,ACCUMULATION,ACCUMULATION,4,4,0.35,0.35,0.35154759193525914,0.35154759193525914,,2022-12-15 00:00:00+00:00,ACCUMULATION,ACCUMULATION,4,4,0.35,0.35,0.35154759193525914,0.35154759193525914,,,,,,False,SAME,
2022-12-17 00:00:00+00:00,2022-12-16 00:00:00+00:00,ACCUMULATION,ACCUMULATION,4,4,0.35,0.35,0.33691664492665246,0.33691664492665246,,2022-12-16 00:00:00+00:00,ACCUMULATION,ACCUMULATION,4,4,0.35,0.35,0.33691664492665246,0.33691664492665246,,,,,,False,SAME,
2022-12-18 00:00:00+00:00,2022-12-17 00:00:00+00:00,ACCUMULATION,DEEP_BEAR,4,4,0.35,0.25,0.3400042583313181,0.25,STAGE4_SELL:EXECUTED,2022-12-17 00:00:00+00:00,ACCUMULATION,DEEP_BEAR,4,4,0.35,0.25,0.3400042583313181,0.25,STAGE4_SELL:EXECUTED,,,STAGE4_SELL:EXECUTED,STAGE4_SELL:EXECUTED,False,SAME,
2022-12-19 00:00:00+00:00,2022-12-18 00:00:00+00:00,DEEP_BEAR,ACCUMULATION,4,4,0.25,0.35,0.24948865522124722,0.35,AHR999_TO35:EXECUTED,2022-12-18 00:00:00+00:00,DEEP_BEAR,ACCUMULATION,4,4,0.25,0.35,0.24948865522124722,0.35,AHR999_TO35:EXECUTED,,,AHR999_TO35:EXECUTED,AHR999_TO35:EXECUTED,False,SAME,
2022-12-20 00:00:00+00:00,2022-12-19 00:00:00+00:00,ACCUMULATION,ACCUMULATION,4,4,0.35,0.35,0.34659489346615974,0.34659489346615974,,2022-12-19 00:00:00+00:00,ACCUMULATION,ACCUMULATION,4,4,0.35,0.35,0.34659489346615974,0.34659489346615974,,,,,,False,SAME,
2022-12-21 00:00:00+00:00,2022-12-20 00:00:00+00:00,ACCUMULATION,ACCUMULATION,4,4,0.35,0.35,0.35465379313359513,0.35465379313359513,,2022-12-20 00:00:00+00:00,ACCUMULATION,ACCUMULATION,4,4,0.35,0.35,0.35465379313359513,0.35465379313359513,,,,,,False,SAME,
2022-12-22 00:00:00+00:00,2022-12-21 00:00:00+00:00,ACCUMULATION,ACCUMULATION,4,4,0.35,0.35,0.35394371755444826,0.35394371755444826,,2022-12-21 00:00:00+00:00,ACCUMULATION,ACCUMULATION,4,4,0.35,0.35,0.35394371755444826,0.35394371755444826,,,,,,False,SAME,
2022-12-23 00:00:00+00:00,2022-12-22 00:00:00+00:00,ACCUMULATION,ACCUMULATION,4,4,0.35,0.35,0.3543950307907661,0.3543950307907661,,2022-12-22 00:00:00+00:00,ACCUMULATION,ACCUMULATION,4,4,0.35,0.35,0.3543950307907661,0.3543950307907661,,,,,,False,SAME,
2022-12-24 00:00:00+00:00,2022-12-23 00:00:00+00:00,ACCUMULATION,ACCUMULATION,4,4,0.35,0.35,0.35442701110698344,0.35442701110698344,,2022-12-23 00:00:00+00:00,ACCUMULATION,ACCUMULATION,4,4,0.35,0.35,0.35442701110698344,0.35442701110698344,,,,,,False,SAME,
2022-12-25 00:00:00+00:00,2022-12-24 00:00:00+00:00,ACCUMULATION,ACCUMULATION,4,4,0.35,0.35,0.35486109817415007,0.35486109817415007,,2022-12-24 00:00:00+00:00,ACCUMULATION,ACCUMULATION,4,4,0.35,0.35,0.35486109817415007,0.35486109817415007,,,,,,False,SAME,
2022-12-26 00:00:00+00:00,2022-12-25 00:00:00+00:00,ACCUMULATION,DEEP_BEAR,4,4,0.35,0.25,0.3546872842032073,0.25,STAGE4_SELL:EXECUTED,2022-12-25 00:00:00+00:00,ACCUMULATION,DEEP_BEAR,4,4,0.35,0.25,0.3546872842032073,0.25,STAGE4_SELL:EXECUTED,,,STAGE4_SELL:EXECUTED,STAGE4_SELL:EXECUTED,False,SAME,
2022-12-27 00:00:00+00:00,2022-12-26 00:00:00+00:00,DEEP_BEAR,ACCUMULATION,4,4,0.25,0.35,0.25135217186968173,0.35,AHR999_TO35:EXECUTED,2022-12-26 00:00:00+00:00,DEEP_BEAR,ACCUMULATION,4,4,0.25,0.35,0.25135217186968173,0.35,AHR999_TO35:EXECUTED,,,AHR999_TO35:EXECUTED,AHR999_TO35:EXECUTED,False,SAME,
2022-12-28 00:00:00+00:00,2022-12-27 00:00:00+00:00,ACCUMULATION,ACCUMULATION,4,4,0.35,0.35,0.34705301176875014,0.34705301176875014,,2022-12-27 00:00:00+00:00,ACCUMULATION,ACCUMULATION,4,4,0.35,0.35,0.34705301176875014,0.34705301176875014,,,,,,False,SAME,
2022-12-29 00:00:00+00:00,2022-12-28 00:00:00+00:00,ACCUMULATION,ACCUMULATION,4,4,0.35,0.35,0.3438832337846085,0.3438832337846085,,2022-12-28 00:00:00+00:00,ACCUMULATION,ACCUMULATION,4,4,0.35,0.35,0.3438832337846085,0.3438832337846085,,,,,,False,SAME,
2022-12-30 00:00:00+00:00,2022-12-29 00:00:00+00:00,ACCUMULATION,ACCUMULATION,4,4,0.35,0.35,0.34554756907060974,0.34554756907060974,,2022-12-29 00:00:00+00:00,ACCUMULATION,ACCUMULATION,4,4,0.35,0.35,0.34554756907060974,0.34554756907060974,,,,,,False,SAME,
2022-12-31 00:00:00+00:00,2022-12-30 00:00:00+00:00,ACCUMULATION,ACCUMULATION,4,4,0.35,0.35,0.3453913090381399,0.3453913090381399,,2022-12-30 00:00:00+00:00,ACCUMULATION,ACCUMULATION,4,4,0.35,0.35,0.3453913090381399,0.3453913090381399,,,,,,False,SAME,
2023-01-01 00:00:00+00:00,2022-12-31 00:00:00+00:00,ACCUMULATION,ACCUMULATION,4,4,0.35,0.35,0.34464165237896155,0.34464165237896155,,2022-12-31 00:00:00+00:00,ACCUMULATION,ACCUMULATION,4,4,0.35,0.35,0.34464165237896155,0.34464165237896155,,,,,,False,SAME,
2023-01-02 00:00:00+00:00,2023-01-01 00:00:00+00:00,ACCUMULATION,ACCUMULATION,4,4,0.35,0.35,0.34558600162213343,0.34558600162213343,,2023-01-01 00:00:00+00:00,ACCUMULATION,ACCUMULATION,4,4,0.35,0.35,0.34558600162213343,0.34558600162213343,,,,,,False,SAME,
2023-01-03 00:00:00+00:00,2023-01-02 00:00:00+00:00,ACCUMULATION,DEEP_BEAR,4,4,0.35,0.25,0.3474167971824025,0.24999999999999994,STAGE4_SELL:EXECUTED,2023-01-02 00:00:00+00:00,ACCUMULATION,DEEP_BEAR,4,4,0.35,0.25,0.3474167971824025,0.24999999999999994,STAGE4_SELL:EXECUTED,,,STAGE4_SELL:EXECUTED,STAGE4_SELL:EXECUTED,False,SAME,
2023-01-04 00:00:00+00:00,2023-01-03 00:00:00+00:00,DEEP_BEAR,ACCUMULATION,4,4,0.25,0.35,0.2501251846989272,0.3499999999999999,AHR999_TO35:EXECUTED,2023-01-03 00:00:00+00:00,DEEP_BEAR,ACCUMULATION,4,4,0.25,0.35,0.2501251846989272,0.3499999999999999,AHR999_TO35:EXECUTED,,,AHR999_TO35:EXECUTED,AHR999_TO35:EXECUTED,False,SAME,
2023-01-05 00:00:00+00:00,2023-01-04 00:00:00+00:00,ACCUMULATION,ACCUMULATION,4,4,0.35,0.35,0.3555318615959671,0.3555318615959671,,2023-01-04 00:00:00+00:00,ACCUMULATION,ACCUMULATION,4,4,0.35,0.35,0.3555318615959671,0.3555318615959671,,,,,,False,SAME,
2023-01-06 00:00:00+00:00,2023-01-05 00:00:00+00:00,ACCUMULATION,ACCUMULATION,4,4,0.35,0.35,0.3548813100781892,0.3548813100781892,,2023-01-05 00:00:00+00:00,ACCUMULATION,ACCUMULATION,4,4,0.35,0.35,0.3548813100781892,0.3548813100781892,,,,,,False,SAME,
2023-01-07 00:00:00+00:00,2023-01-06 00:00:00+00:00,ACCUMULATION,ACCUMULATION,4,4,0.35,0.35,0.3574802981902471,0.3574802981902471,,2023-01-06 00:00:00+00:00,ACCUMULATION,ACCUMULATION,4,4,0.35,0.35,0.3574802981902471,0.3574802981902471,,,,,,False,SAME,
2023-01-08 00:00:00+00:00,2023-01-07 00:00:00+00:00,ACCUMULATION,ACCUMULATION,4,4,0.35,0.35,0.3569646023048299,0.3569646023048299,,2023-01-07 00:00:00+00:00,ACCUMULATION,ACCUMULATION,4,4,0.35,0.35,0.3569646023048299,0.3569646023048299,,,,,,False,SAME,
2023-01-09 00:00:00+00:00,2023-01-08 00:00:00+00:00,ACCUMULATION,ACCUMULATION,4,4,0.35,0.35,0.36076864060133923,0.36076864060133923,,2023-01-08 00:00:00+00:00,ACCUMULATION,ACCUMULATION,4,4,0.35,0.35,0.36076864060133923,0.36076864060133923,,,,,,False,SAME,
2023-01-10 00:00:00+00:00,2023-01-09 00:00:00+00:00,ACCUMULATION,ACCUMULATION,4,4,0.35,0.35,0.36419826993493926,0.36419826993493926,,2023-01-09 00:00:00+00:00,ACCUMULATION,ACCUMULATION,4,4,0.35,0.35,0.36419826993493926,0.36419826993493926,,,,,,False,SAME,
2023-01-11 00:00:00+00:00,2023-01-10 00:00:00+00:00,ACCUMULATION,ACCUMULATION,4,4,0.35,0.35,0.3672616544371847,0.3672616544371847,,2023-01-10 00:00:00+00:00,ACCUMULATION,ACCUMULATION,4,4,0.35,0.35,0.3672616544371847,0.3672616544371847,,,,,,False,SAME,
2023-01-12 00:00:00+00:00,2023-01-11 00:00:00+00:00,ACCUMULATION,ACCUMULATION,4,4,0.35,0.35,0.37543729943393284,0.37543729943393284,,2023-01-11 00:00:00+00:00,ACCUMULATION,ACCUMULATION,4,4,0.35,0.35,0.37543729943393284,0.37543729943393284,,,,,,False,SAME,
2023-01-13 00:00:00+00:00,2023-01-12 00:00:00+00:00,ACCUMULATION,ACCUMULATION,4,4,0.35,0.35,0.38293823960134415,0.38293823960134415,,2023-01-12 00:00:00+00:00,ACCUMULATION,ACCUMULATION,4,4,0.35,0.35,0.38293823960134415,0.38293823960134415,,,,,,False,SAME,
2023-01-14 00:00:00+00:00,2023-01-13 00:00:00+00:00,ACCUMULATION,ACCUMULATION,4,4,0.35,0.35,0.3920206759577169,0.3920206759577169,,2023-01-13 00:00:00+00:00,ACCUMULATION,ACCUMULATION,4,4,0.35,0.35,0.3920206759577169,0.3920206759577169,,,,,,False,SAME,
2023-01-15 00:00:00+00:00,2023-01-14 00:00:00+00:00,ACCUMULATION,ACCUMULATION,4,4,0.35,0.35,0.4062074242934262,0.4062074242934262,,2023-01-14 00:00:00+00:00,ACCUMULATION,ACCUMULATION,4,4,0.35,0.35,0.4062074242934262,0.4062074242934262,,,,,,False,SAME,
2023-01-16 00:00:00+00:00,2023-01-15 00:00:00+00:00,ACCUMULATION,ACCUMULATION,4,4,0.35,0.35,0.40608485403936834,0.40608485403936834,,2023-01-15 00:00:00+00:00,ACCUMULATION,ACCUMULATION,4,4,0.35,0.35,0.40608485403936834,0.40608485403936834,,,,,,False,SAME,
2023-01-17 00:00:00+00:00,2023-01-16 00:00:00+00:00,ACCUMULATION,ACCUMULATION,4,4,0.35,0.35,0.40981842000085517,0.40981842000085517,,2023-01-16 00:00:00+00:00,ACCUMULATION,ACCUMULATION,4,4,0.35,0.35,0.40981842000085517,0.40981842000085517,,,,,,False,SAME,
2023-01-18 00:00:00+00:00,2023-01-17 00:00:00+00:00,ACCUMULATION,ACCUMULATION,4,4,0.35,0.35,0.4085986480966856,0.4085986480966856,,2023-01-17 00:00:00+00:00,ACCUMULATION,ACCUMULATION,4,4,0.35,0.35,0.4085986480966856,0.4085986480966856,,,,,,False,SAME,
2023-01-19 00:00:00+00:00,2023-01-18 00:00:00+00:00,ACCUMULATION,ACCUMULATION,4,4,0.35,0.35,0.4015593396070126,0.4015593396070126,,2023-01-18 00:00:00+00:00,ACCUMULATION,ACCUMULATION,4,4,0.35,0.35,0.4015593396070126,0.4015593396070126,,,,,,False,SAME,
2023-01-20 00:00:00+00:00,2023-01-19 00:00:00+00:00,ACCUMULATION,ACCUMULATION,4,4,0.35,0.35,0.40710600304262595,0.40710600304262595,,2023-01-19 00:00:00+00:00,ACCUMULATION,ACCUMULATION,4,4,0.35,0.35,0.40710600304262595,0.40710600304262595,,,,,,False,SAME,
2023-01-21 00:00:00+00:00,2023-01-20 00:00:00+00:00,ACCUMULATION,ACCUMULATION,4,4,0.35,0.35,0.42403873191229724,0.42403873191229724,,2023-01-20 00:00:00+00:00,ACCUMULATION,ACCUMULATION,4,4,0.35,0.35,0.42403873191229724,0.42403873191229724,,,,,,False,SAME,
2023-01-22 00:00:00+00:00,2023-01-21 00:00:00+00:00,ACCUMULATION,ACCUMULATION,4,4,0.35,0.35,0.42195975479477194,0.42195975479477194,,2023-01-21 00:00:00+00:00,ACCUMULATION,ACCUMULATION,4,4,0.35,0.35,0.42195975479477194,0.42195975479477194,,,,,,False,SAME,
2023-01-23 00:00:00+00:00,2023-01-22 00:00:00+00:00,ACCUMULATION,ACCUMULATION,4,4,0.35,0.35,0.4216999598201506,0.4216999598201506,,2023-01-22 00:00:00+00:00,ACCUMULATION,ACCUMULATION,4,4,0.35,0.35,0.4216999598201506,0.4216999598201506,,,,,,False,SAME,
2023-01-24 00:00:00+00:00,2023-01-23 00:00:00+00:00,ACCUMULATION,ACCUMULATION,4,4,0.35,0.35,0.4226397423121126,0.4226397423121126,,2023-01-23 00:00:00+00:00,ACCUMULATION,ACCUMULATION,4,4,0.35,0.35,0.4226397423121126,0.4226397423121126,,,,,,False,SAME,
2023-01-25 00:00:00+00:00,2023-01-24 00:00:00+00:00,ACCUMULATION,ACCUMULATION,4,4,0.35,0.35,0.41535165180497186,0.41535165180497186,,2023-01-24 00:00:00+00:00,ACCUMULATION,ACCUMULATION,4,4,0.35,0.35,0.41535165180497186,0.41535165180497186,,,,,,False,SAME,
2023-01-26 00:00:00+00:00,2023-01-25 00:00:00+00:00,ACCUMULATION,ACCUMULATION,4,4,0.35,0.35,0.42218769014056806,0.42218769014056806,,2023-01-25 00:00:00+00:00,ACCUMULATION,ACCUMULATION,4,4,0.35,0.35,0.42218769014056806,0.42218769014056806,,,,,,False,SAME,
2023-01-27 00:00:00+00:00,2023-01-26 00:00:00+00:00,ACCUMULATION,ACCUMULATION,4,4,0.35,0.35,0.42107310808869036,0.42107310808869036,,2023-01-26 00:00:00+00:00,ACCUMULATION,ACCUMULATION,4,4,0.35,0.35,0.42107310808869036,0.42107310808869036,,,,,,False,SAME,
2023-01-28 00:00:00+00:00,2023-01-27 00:00:00+00:00,ACCUMULATION,NEW_BULL,4,0,0.35,0.95,0.4211250920809735,0.47557262887932106,NEW_BULL_CONFIRMED|NEW_BULL_REDEPLOY:EXECUTED,2023-01-27 00:00:00+00:00,ACCUMULATION,NEW_BULL,4,0,0.35,0.95,0.4211250920809735,0.47557262887932106,NEW_BULL_CONFIRMED|NEW_BULL_REDEPLOY:EXECUTED|STAGE3_ELIGIBILITY_ACTIVATED,,,NEW_BULL_CONFIRMED|NEW_BULL_REDEPLOY:EXECUTED,NEW_BULL_CONFIRMED|NEW_BULL_REDEPLOY:EXECUTED,False,SAME,
2023-01-29 00:00:00+00:00,2023-01-28 00:00:00+00:00,NEW_BULL,NEW_BULL,0,0,0.95,0.95,0.4732128374422276,0.5279141327105901,NEW_BULL_REDEPLOY:EXECUTED,2023-01-28 00:00:00+00:00,NEW_BULL,NEW_BULL,0,0,0.95,0.95,0.4732128374422276,0.5279141327105901,NEW_BULL_REDEPLOY:EXECUTED,,,NEW_BULL_REDEPLOY:EXECUTED,NEW_BULL_REDEPLOY:EXECUTED,False,SAME,
2023-01-30 00:00:00+00:00,2023-01-29 00:00:00+00:00,NEW_BULL,NEW_BULL,0,0,0.95,0.95,0.5374601848357866,0.5910648356537681,NEW_BULL_REDEPLOY:EXECUTED,2023-01-29 00:00:00+00:00,NEW_BULL,NEW_BULL,0,0,0.95,0.95,0.5374601848357866,0.5910648356537681,NEW_BULL_REDEPLOY:EXECUTED,,,NEW_BULL_REDEPLOY:EXECUTED,NEW_BULL_REDEPLOY:EXECUTED,False,SAME,
2023-01-31 00:00:00+00:00,2023-01-30 00:00:00+00:00,NEW_BULL,NEW_BULL,0,0,0.95,0.95,0.5803807218008622,0.6353939600849327,NEW_BULL_REDEPLOY:EXECUTED,2023-01-30 00:00:00+00:00,NEW_BULL,NEW_BULL,0,0,0.95,0.95,0.5803807218008622,0.6353939600849327,NEW_BULL_REDEPLOY:EXECUTED,,,NEW_BULL_REDEPLOY:EXECUTED,NEW_BULL_REDEPLOY:EXECUTED,False,SAME,
2023-02-01 00:00:00+00:00,2023-01-31 00:00:00+00:00,NEW_BULL,NEW_BULL,0,0,0.95,0.95,0.6383215047731633,0.6929022289969903,NEW_BULL_REDEPLOY:EXECUTED,2023-01-31 00:00:00+00:00,NEW_BULL,NEW_BULL,0,0,0.95,0.95,0.6383215047731633,0.6929022289969903,NEW_BULL_REDEPLOY:EXECUTED,,,NEW_BULL_REDEPLOY:EXECUTED,NEW_BULL_REDEPLOY:EXECUTED,False,SAME,
2023-02-02 00:00:00+00:00,2023-02-01 00:00:00+00:00,NEW_BULL,NEW_BULL,0,0,0.95,0.95,0.6993191129748094,0.7527685278412932,NEW_BULL_REDEPLOY:EXECUTED,2023-02-01 00:00:00+00:00,NEW_BULL,NEW_BULL,0,0,0.95,0.95,0.6993191129748094,0.7527685278412932,NEW_BULL_REDEPLOY:EXECUTED,,,NEW_BULL_REDEPLOY:EXECUTED,NEW_BULL_REDEPLOY:EXECUTED,False,SAME,
2023-02-03 00:00:00+00:00,2023-02-02 00:00:00+00:00,NEW_BULL,NEW_BULL,0,0,0.95,0.95,0.7518630634826737,0.805516771685817,NEW_BULL_REDEPLOY:EXECUTED,2023-02-02 00:00:00+00:00,NEW_BULL,NEW_BULL,0,0,0.95,0.95,0.7518630634826737,0.805516771685817,NEW_BULL_REDEPLOY:EXECUTED,,,NEW_BULL_REDEPLOY:EXECUTED,NEW_BULL_REDEPLOY:EXECUTED,False,SAME,
2023-02-04 00:00:00+00:00,2023-02-03 00:00:00+00:00,NEW_BULL,NEW_BULL,0,0,0.95,0.95,0.8062405461782407,0.8597032205554681,NEW_BULL_REDEPLOY:EXECUTED,2023-02-03 00:00:00+00:00,NEW_BULL,NEW_BULL,0,0,0.95,0.95,0.8062405461782407,0.8597032205554681,NEW_BULL_REDEPLOY:EXECUTED,,,NEW_BULL_REDEPLOY:EXECUTED,NEW_BULL_REDEPLOY:EXECUTED,False,SAME,
2023-02-05 00:00:00+00:00,2023-02-04 00:00:00+00:00,NEW_BULL,NEW_BULL,0,0,0.95,0.95,0.8595245768634161,0.9130638967056314,NEW_BULL_REDEPLOY:EXECUTED,2023-02-04 00:00:00+00:00,NEW_BULL,NEW_BULL,0,0,0.95,0.95,0.8595245768634161,0.9130638967056314,NEW_BULL_REDEPLOY:EXECUTED,,,NEW_BULL_REDEPLOY:EXECUTED,NEW_BULL_REDEPLOY:EXECUTED,False,SAME,
2023-02-06 00:00:00+00:00,2023-02-05 00:00:00+00:00,NEW_BULL,BULL,0,0,0.95,0.95,0.9114955003952304,0.9114955003952304,NEW_BULL_REDEPLOY:EXPOSURE_GAP_BELOW_5PP|NEW_BULL_COMPLETE_COOLDOWN_30,2023-02-05 00:00:00+00:00,NEW_BULL,BULL,0,0,0.95,0.95,0.9114955003952304,0.9114955003952304,NEW_BULL_REDEPLOY:EXPOSURE_GAP_BELOW_5PP|NEW_BULL_COMPLETE_COOLDOWN_30,,,NEW_BULL_REDEPLOY:EXPOSURE_GAP_BELOW_5PP|NEW_BULL_COMPLETE_COOLDOWN_30,NEW_BULL_REDEPLOY:EXPOSURE_GAP_BELOW_5PP|NEW_BULL_COMPLETE_COOLDOWN_30,False,SAME,
2023-02-07 00:00:00+00:00,2023-02-06 00:00:00+00:00,BULL,BULL,0,0,0.95,0.95,0.9108369845714391,0.9108369845714391,,2023-02-06 00:00:00+00:00,BULL,BULL,0,0,0.95,0.95,0.9108369845714391,0.9108369845714391,,,,,,False,SAME,
2023-02-08 00:00:00+00:00,2023-02-07 00:00:00+00:00,BULL,BULL,0,0,0.95,0.95,0.9130287050221095,0.9130287050221095,,2023-02-07 00:00:00+00:00,BULL,BULL,0,0,0.95,0.95,0.9130287050221095,0.9130287050221095,,,,,,False,SAME,
2023-02-09 00:00:00+00:00,2023-02-08 00:00:00+00:00,BULL,BULL,0,0,0.95,0.95,0.9120554418136311,0.9120554418136311,,2023-02-08 00:00:00+00:00,BULL,BULL,0,0,0.95,0.95,0.9120554418136311,0.9120554418136311,,,,,,False,SAME,
2023-02-10 00:00:00+00:00,2023-02-09 00:00:00+00:00,BULL,BULL,0,0,0.95,0.95,0.9072628466194181,0.9072628466194181,,2023-02-09 00:00:00+00:00,BULL,BULL,0,0,0.95,0.95,0.9072628466194181,0.9072628466194181,,,,,,False,SAME,
2023-02-11 00:00:00+00:00,2023-02-10 00:00:00+00:00,BULL,BULL,0,0,0.95,0.95,0.9060832089179176,0.9060832089179176,,2023-02-10 00:00:00+00:00,BULL,BULL,0,0,0.95,0.95,0.9060832089179176,0.9060832089179176,,,,,,False,SAME,
2023-02-12 00:00:00+00:00,2023-02-11 00:00:00+00:00,BULL,BULL,0,0,0.95,0.95,0.9072368615816485,0.9072368615816485,,2023-02-11 00:00:00+00:00,BULL,BULL,0,0,0.95,0.95,0.9072368615816485,0.9072368615816485,,,,,,False,SAME,
2023-02-13 00:00:00+00:00,2023-02-12 00:00:00+00:00,BULL,BULL,0,0,0.95,0.95,0.9064753666838404,0.9064753666838404,,2023-02-12 00:00:00+00:00,BULL,BULL,0,0,0.95,0.95,0.9064753666838404,0.9064753666838404,,,,,,False,SAME,
2023-02-14 00:00:00+00:00,2023-02-13 00:00:00+00:00,BULL,BULL,0,0,0.95,0.95,0.906220032587924,0.906220032587924,,2023-02-13 00:00:00+00:00,BULL,BULL,0,0,0.95,0.95,0.906220032587924,0.906220032587924,,,,,,False,SAME,
2023-02-15 00:00:00+00:00,2023-02-14 00:00:00+00:00,BULL,BULL,0,0,0.95,0.95,0.9083776109558364,0.9083776109558364,,2023-02-14 00:00:00+00:00,BULL,BULL,0,0,0.95,0.95,0.9083776109558364,0.9083776109558364,,,,,,False,SAME,
2023-02-16 00:00:00+00:00,2023-02-15 00:00:00+00:00,BULL,BULL,0,0,0.95,0.95,0.9150873811099439,0.9150873811099439,,2023-02-15 00:00:00+00:00,BULL,BULL,0,0,0.95,0.95,0.9150873811099439,0.9150873811099439,,,,,,False,SAME,
2023-02-17 00:00:00+00:00,2023-02-16 00:00:00+00:00,BULL,BULL,0,0,0.95,0.95,0.9128504012006505,0.9128504012006505,,2023-02-16 00:00:00+00:00,BULL,BULL,0,0,0.95,0.95,0.9128504012006505,0.9128504012006505,,,,,,False,SAME,
2023-02-18 00:00:00+00:00,2023-02-17 00:00:00+00:00,BULL,BULL,0,0,0.95,0.95,0.915916264625018,0.915916264625018,,2023-02-17 00:00:00+00:00,BULL,BULL,0,0,0.95,0.95,0.915916264625018,0.915916264625018,,,,,,False,SAME,
2023-02-19 00:00:00+00:00,2023-02-18 00:00:00+00:00,BULL,BULL,0,0,0.95,0.95,0.9159853069022841,0.9159853069022841,,2023-02-18 00:00:00+00:00,BULL,BULL,0,0,0.95,0.95,0.9159853069022841,0.9159853069022841,,,,,,False,SAME,
2023-02-20 00:00:00+00:00,2023-02-19 00:00:00+00:00,BULL,BULL,0,0,0.95,0.95,0.9151232966710863,0.9151232966710863,,2023-02-19 00:00:00+00:00,BULL,BULL,0,0,0.95,0.95,0.9151232966710863,0.9151232966710863,,,,,,False,SAME,
2023-02-21 00:00:00+00:00,2023-02-20 00:00:00+00:00,BULL,BULL,0,0,0.95,0.95,0.9165937419248441,0.9165937419248441,,2023-02-20 00:00:00+00:00,BULL,BULL,0,0,0.95,0.95,0.9165937419248441,0.9165937419248441,,,,,,False,SAME,
2023-02-22 00:00:00+00:00,2023-02-21 00:00:00+00:00,BULL,BULL,0,0,0.95,0.95,0.9150231431920838,0.9150231431920838,,2023-02-21 00:00:00+00:00,BULL,BULL,0,0,0.95,0.95,0.9150231431920838,0.9150231431920838,,,,,,False,SAME,
2023-02-23 00:00:00+00:00,2023-02-22 00:00:00+00:00,BULL,BULL,0,0,0.95,0.95,0.9142010203872127,0.9142010203872127,,2023-02-22 00:00:00+00:00,BULL,BULL,0,0,0.95,0.95,0.9142010203872127,0.9142010203872127,,,,,,False,SAME,
2023-02-24 00:00:00+00:00,2023-02-23 00:00:00+00:00,BULL,BULL,0,0,0.95,0.95,0.9139339090298432,0.9139339090298432,,2023-02-23 00:00:00+00:00,BULL,BULL,0,0,0.95,0.95,0.9139339090298432,0.9139339090298432,,,,,,False,SAME,
2023-02-25 00:00:00+00:00,2023-02-24 00:00:00+00:00,BULL,BULL,0,0,0.95,0.95,0.9115973526625021,0.9115973526625021,,2023-02-24 00:00:00+00:00,BULL,BULL,0,0,0.95,0.95,0.9115973526625021,0.9115973526625021,,,,,,False,SAME,
2023-02-26 00:00:00+00:00,2023-02-25 00:00:00+00:00,BULL,BULL,0,0,0.95,0.95,0.9112486356211207,0.9112486356211207,,2023-02-25 00:00:00+00:00,BULL,BULL,0,0,0.95,0.95,0.9112486356211207,0.9112486356211207,,,,,,False,SAME,
2023-02-27 00:00:00+00:00,2023-02-26 00:00:00+00:00,BULL,BULL,0,0,0.95,0.95,0.9130537217174691,0.9130537217174691,,2023-02-26 00:00:00+00:00,BULL,BULL,0,0,0.95,0.95,0.9130537217174691,0.9130537217174691,,,,,,False,SAME,
2023-02-28 00:00:00+00:00,2023-02-27 00:00:00+00:00,BULL,BULL,0,0,0.95,0.95,0.9127686202446913,0.9127686202446913,,2023-02-27 00:00:00+00:00,BULL,BULL,0,0,0.95,0.95,0.9127686202446913,0.9127686202446913,,,,,,False,SAME,
2023-03-01 00:00:00+00:00,2023-02-28 00:00:00+00:00,BULL,BULL,0,0,0.95,0.95,0.911482232750396,0.911482232750396,,2023-02-28 00:00:00+00:00,BULL,BULL,0,0,0.95,0.95,0.911482232750396,0.911482232750396,,,,,,False,SAME,
2023-03-02 00:00:00+00:00,2023-03-01 00:00:00+00:00,BULL,BULL,0,0,0.95,0.95,0.9137308793492758,0.9137308793492758,,2023-03-01 00:00:00+00:00,BULL,BULL,0,0,0.95,0.95,0.9137308793492758,0.9137308793492758,,,,,,False,SAME,
2023-03-03 00:00:00+00:00,2023-03-02 00:00:00+00:00,BULL,BULL,0,0,0.95,0.95,0.9130568640040558,0.9130568640040558,,2023-03-02 00:00:00+00:00,BULL,BULL,0,0,0.95,0.95,0.9130568640040558,0.9130568640040558,,,,,,False,SAME,
2023-03-04 00:00:00+00:00,2023-03-03 00:00:00+00:00,BULL,BULL,0,0,0.95,0.95,0.9091254336036211,0.9091254336036211,,2023-03-03 00:00:00+00:00,BULL,BULL,0,0,0.95,0.95,0.9091254336036211,0.9091254336036211,,,,,,False,SAME,
2023-03-05 00:00:00+00:00,2023-03-04 00:00:00+00:00,BULL,BULL,0,0,0.95,0.95,0.909050675812867,0.909050675812867,,2023-03-04 00:00:00+00:00,BULL,BULL,0,0,0.95,0.95,0.909050675812867,0.909050675812867,,,,,,False,SAME,
2023-03-06 00:00:00+00:00,2023-03-05 00:00:00+00:00,BULL,BULL,0,0,0.95,0.95,0.9091718588791542,0.9091718588791542,,2023-03-05 00:00:00+00:00,BULL,BULL,0,0,0.95,0.95,0.9091718588791542,0.9091718588791542,,,,,,False,SAME,
2023-03-07 00:00:00+00:00,2023-03-06 00:00:00+00:00,BULL,BULL,0,0,0.95,0.95,0.9091672460606374,0.9091672460606374,,2023-03-06 00:00:00+00:00,BULL,BULL,0,0,0.95,0.95,0.9091672460606374,0.9091672460606374,,,,,,False,SAME,
2023-03-08 00:00:00+00:00,2023-03-07 00:00:00+00:00,BULL,DISTRIBUTION,0,1,0.95,0.85,0.9086555113273062,0.8500000000000001,STAGE1_SELL:EXECUTED,2023-03-07 00:00:00+00:00,BULL,DISTRIBUTION,0,1,0.95,0.85,0.9086555113273062,0.8500000000000001,STAGE1_SELL:EXECUTED,,,STAGE1_SELL:EXECUTED,STAGE1_SELL:EXECUTED,False,SAME,
2023-03-09 00:00:00+00:00,2023-03-08 00:00:00+00:00,DISTRIBUTION,EARLY_BEAR,1,2,0.85,0.7,0.8473226319469223,0.7,STAGE2_SELL:EXECUTED,2023-03-08 00:00:00+00:00,DISTRIBUTION,EARLY_BEAR,1,2,0.85,0.7,0.8473226319469223,0.7,STAGE2_SELL:EXECUTED,,,STAGE2_SELL:EXECUTED,STAGE2_SELL:EXECUTED,False,SAME,
2023-03-10 00:00:00+00:00,2023-03-09 00:00:00+00:00,EARLY_BEAR,EARLY_BEAR,2,2,0.7,0.7,0.6864269458534591,0.6864269458534591,,2023-03-09 00:00:00+00:00,EARLY_BEAR,EARLY_BEAR,2,2,0.7,0.7,0.6864269458534591,0.6864269458534591,,,,,,False,SAME,
2023-03-11 00:00:00+00:00,2023-03-10 00:00:00+00:00,EARLY_BEAR,EARLY_BEAR,2,2,0.7,0.7,0.6844964353795747,0.6844964353795747,,2023-03-10 00:00:00+00:00,EARLY_BEAR,EARLY_BEAR,2,2,0.7,0.7,0.6844964353795747,0.6844964353795747,,,,,,False,SAME,
2023-03-12 00:00:00+00:00,2023-03-11 00:00:00+00:00,EARLY_BEAR,BEAR,2,3,0.7,0.55,0.6894692671132863,0.55,STAGE3_SELL:EXECUTED,2023-03-11 00:00:00+00:00,EARLY_BEAR,EARLY_BEAR,2,2,0.7,0.7,0.6894692671132863,0.6894692671132863,STAGE3_REENTRY_CANDIDATE:1|STAGE3_HELD_FOR_3_CLOSE_CONFIRMATION,1,1,STAGE3_SELL:EXECUTED,,True,DIRECT_STAGE3_DELAY,1
2023-03-13 00:00:00+00:00,2023-03-12 00:00:00+00:00,BEAR,BEAR,3,3,0.55,0.55,0.5677429030344344,0.5677429030344344,,2023-03-12 00:00:00+00:00,EARLY_BEAR,EARLY_BEAR,2,2,0.7,0.7,0.7046702227605313,0.7046702227605313,STAGE3_HELD_FOR_3_CLOSE_CONFIRMATION,,1,,,True,INDIRECT_PATH_DIFFERENCE,1
2023-03-14 00:00:00+00:00,2023-03-13 00:00:00+00:00,BEAR,BEAR,3,3,0.55,0.55,0.5858354809629966,0.5858354809629966,,2023-03-13 00:00:00+00:00,EARLY_BEAR,EARLY_BEAR,2,2,0.7,0.7,0.7200577650763116,0.7200577650763116,,,1,,,True,INDIRECT_PATH_DIFFERENCE,1
2023-03-15 00:00:00+00:00,2023-03-14 00:00:00+00:00,BEAR,BEAR,3,3,0.55,0.55,0.5904830629302119,0.5904830629302119,,2023-03-14 00:00:00+00:00,EARLY_BEAR,EARLY_BEAR,2,2,0.7,0.7,0.7239479979205903,0.7239479979205903,,,1,,,True,INDIRECT_PATH_DIFFERENCE,1
2023-03-16 00:00:00+00:00,2023-03-15 00:00:00+00:00,BEAR,BEAR,3,3,0.55,0.55,0.5850067299949046,0.5850067299949046,,2023-03-15 00:00:00+00:00,EARLY_BEAR,EARLY_BEAR,2,2,0.7,0.7,0.7194849282598601,0.7194849282598601,,,1,,,True,INDIRECT_PATH_DIFFERENCE,1
2023-03-17 00:00:00+00:00,2023-03-16 00:00:00+00:00,BEAR,BEAR,3,3,0.55,0.55,0.5902647033409801,0.5902647033409801,,2023-03-16 00:00:00+00:00,EARLY_BEAR,DISTRIBUTION,2,1,0.7,0.85,0.723923880869969,0.723923880869969,EARLY_BEAR_TO_DISTRIBUTION,,1,,EARLY_BEAR_TO_DISTRIBUTION,True,INDIRECT_PATH_DIFFERENCE,1
2023-03-18 00:00:00+00:00,2023-03-17 00:00:00+00:00,BEAR,BEAR,3,3,0.55,0.55,0.6092986153361889,0.6092986153361889,,2023-03-17 00:00:00+00:00,DISTRIBUTION,DISTRIBUTION,1,1,0.85,0.85,0.7396237554155782,0.7396237554155782,,,1,,,True,INDIRECT_PATH_DIFFERENCE,1
2023-03-19 00:00:00+00:00,2023-03-18 00:00:00+00:00,BEAR,BEAR,3,3,0.55,0.55,0.6051360089379649,0.6051360089379649,,2023-03-18 00:00:00+00:00,DISTRIBUTION,DISTRIBUTION,1,1,0.85,0.85,0.7362398332961805,0.7362398332961805,,,1,,,True,INDIRECT_PATH_DIFFERENCE,1
2023-03-20 00:00:00+00:00,2023-03-19 00:00:00+00:00,BEAR,BEAR,3,3,0.55,0.55,0.611310614965476,0.611310614965476,,2023-03-19 00:00:00+00:00,DISTRIBUTION,DISTRIBUTION,1,1,0.85,0.85,0.7413843833701331,0.7413843833701331,,,1,,,True,INDIRECT_PATH_DIFFERENCE,1
2023-03-21 00:00:00+00:00,2023-03-20 00:00:00+00:00,BEAR,BEAR,3,3,0.55,0.55,0.6070564636994021,0.6070564636994021,,2023-03-20 00:00:00+00:00,DISTRIBUTION,DISTRIBUTION,1,1,0.85,0.85,0.7380407830240265,0.7380407830240265,,,1,,,True,INDIRECT_PATH_DIFFERENCE,1
2023-03-22 00:00:00+00:00,2023-03-21 00:00:00+00:00,BEAR,BEAR,3,3,0.55,0.55,0.6132764871387548,0.6132764871387548,,2023-03-21 00:00:00+00:00,DISTRIBUTION,DISTRIBUTION,1,1,0.85,0.85,0.7429238857039322,0.7429238857039322,,,1,,,True,INDIRECT_PATH_DIFFERENCE,1
2023-03-23 00:00:00+00:00,2023-03-22 00:00:00+00:00,BEAR,BEAR,3,3,0.55,0.55,0.605130401058247,0.605130401058247,,2023-03-22 00:00:00+00:00,DISTRIBUTION,DISTRIBUTION,1,1,0.85,0.85,0.7363691369993601,0.7363691369993601,,,1,,,True,INDIRECT_PATH_DIFFERENCE,1
2023-03-24 00:00:00+00:00,2023-03-23 00:00:00+00:00,BEAR,BEAR,3,3,0.55,0.55,0.6149364811552304,0.6149364811552304,,2023-03-23 00:00:00+00:00,DISTRIBUTION,DISTRIBUTION,1,1,0.85,0.85,0.7442496484671315,0.7442496484671315,,,1,,,True,INDIRECT_PATH_DIFFERENCE,1
2023-03-25 00:00:00+00:00,2023-03-24 00:00:00+00:00,BEAR,BEAR,3,3,0.55,0.55,0.6071080429358485,0.6071080429358485,,2023-03-24 00:00:00+00:00,DISTRIBUTION,DISTRIBUTION,1,1,0.85,0.85,0.7379585540648377,0.7379585540648377,,,1,,,True,INDIRECT_PATH_DIFFERENCE,1
2023-03-26 00:00:00+00:00,2023-03-25 00:00:00+00:00,BEAR,BEAR,3,3,0.55,0.55,0.6066589246619726,0.6066589246619726,,2023-03-25 00:00:00+00:00,DISTRIBUTION,DISTRIBUTION,1,1,0.85,0.85,0.7376165357399296,0.7376165357399296,,,1,,,True,INDIRECT_PATH_DIFFERENCE,1
2023-03-27 00:00:00+00:00,2023-03-26 00:00:00+00:00,BEAR,BEAR,3,3,0.55,0.55,0.611021911321344,0.611021911321344,,2023-03-26 00:00:00+00:00,DISTRIBUTION,DISTRIBUTION,1,1,0.85,0.85,0.7411426902386349,0.7411426902386349,,,1,,,True,INDIRECT_PATH_DIFFERENCE,1
2023-03-28 00:00:00+00:00,2023-03-27 00:00:00+00:00,BEAR,BEAR,3,3,0.55,0.55,0.6033959280886809,0.6033959280886809,,2023-03-27 00:00:00+00:00,DISTRIBUTION,DISTRIBUTION,1,1,0.85,0.85,0.7349739609444601,0.7349739609444601,,,1,,,True,INDIRECT_PATH_DIFFERENCE,1
2023-03-29 00:00:00+00:00,2023-03-28 00:00:00+00:00,BEAR,BEAR,3,3,0.55,0.55,0.6079065757462784,0.6079065757462784,,2023-03-28 00:00:00+00:00,DISTRIBUTION,DISTRIBUTION,1,1,0.85,0.85,0.7384750770047878,0.7384750770047878,,,1,,,True,INDIRECT_PATH_DIFFERENCE,1
2023-03-30 00:00:00+00:00,2023-03-29 00:00:00+00:00,BEAR,BEAR,3,3,0.55,0.55,0.6139861561205298,0.6139861561205298,,2023-03-29 00:00:00+00:00,DISTRIBUTION,DISTRIBUTION,1,1,0.85,0.85,0.7435343437688176,0.7435343437688176,,,1,,,True,INDIRECT_PATH_DIFFERENCE,1
2023-03-31 00:00:00+00:00,2023-03-30 00:00:00+00:00,BEAR,BEAR,3,3,0.55,0.55,0.6126652122329184,0.6126652122329184,,2023-03-30 00:00:00+00:00,DISTRIBUTION,DISTRIBUTION,1,1,0.85,0.85,0.7424023828519526,0.7424023828519526,,,1,,,True,INDIRECT_PATH_DIFFERENCE,1
2023-04-01 00:00:00+00:00,2023-03-31 00:00:00+00:00,BEAR,BEAR,3,3,0.55,0.55,0.6163510094601827,0.6163510094601827,,2023-03-31 00:00:00+00:00,DISTRIBUTION,DISTRIBUTION,1,1,0.85,0.85,0.7453628099540334,0.7453628099540334,,,1,,,True,INDIRECT_PATH_DIFFERENCE,1
2023-04-02 00:00:00+00:00,2023-04-01 00:00:00+00:00,BEAR,BEAR,3,3,0.55,0.55,0.6162758855399751,0.6162758855399751,,2023-04-01 00:00:00+00:00,DISTRIBUTION,DISTRIBUTION,1,1,0.85,0.85,0.745298270371198,0.745298270371198,,,1,,,True,INDIRECT_PATH_DIFFERENCE,1
2023-04-03 00:00:00+00:00,2023-04-02 00:00:00+00:00,BEAR,BEAR,3,3,0.55,0.55,0.6134165040965904,0.6134165040965904,,2023-04-02 00:00:00+00:00,DISTRIBUTION,DISTRIBUTION,1,1,0.85,0.85,0.7430208105730701,0.7430208105730701,,,1,,,True,INDIRECT_PATH_DIFFERENCE,1
2023-04-04 00:00:00+00:00,2023-04-03 00:00:00+00:00,BEAR,BEAR,3,3,0.55,0.55,0.6128671533599936,0.6128671533599936,,2023-04-03 00:00:00+00:00,DISTRIBUTION,DISTRIBUTION,1,1,0.85,0.85,0.7424520775528081,0.7424520775528081,,,1,,,True,INDIRECT_PATH_DIFFERENCE,1
2023-04-05 00:00:00+00:00,2023-04-04 00:00:00+00:00,BEAR,BEAR,3,3,0.55,0.55,0.6182652990112806,0.6182652990112806,,2023-04-04 00:00:00+00:00,DISTRIBUTION,DISTRIBUTION,1,1,0.85,0.85,0.7466796406917967,0.7466796406917967,,,1,,,True,INDIRECT_PATH_DIFFERENCE,1
2023-04-06 00:00:00+00:00,2023-04-05 00:00:00+00:00,BEAR,BEAR,3,3,0.55,0.55,0.6206988986945846,0.6206988986945846,,2023-04-05 00:00:00+00:00,DISTRIBUTION,DISTRIBUTION,1,1,0.85,0.85,0.7485143617681455,0.7485143617681455,,,1,,,True,INDIRECT_PATH_DIFFERENCE,1
2023-04-07 00:00:00+00:00,2023-04-06 00:00:00+00:00,BEAR,BEAR,3,3,0.55,0.55,0.6178861776319525,0.6178861776319525,,2023-04-06 00:00:00+00:00,DISTRIBUTION,DISTRIBUTION,1,1,0.85,0.85,0.7463364295710515,0.7463364295710515,,,1,,,True,INDIRECT_PATH_DIFFERENCE,1
2023-04-08 00:00:00+00:00,2023-04-07 00:00:00+00:00,BEAR,BEAR,3,3,0.55,0.55,0.6168230896376432,0.6168230896376432,,2023-04-07 00:00:00+00:00,DISTRIBUTION,DISTRIBUTION,1,1,0.85,0.85,0.7454800444418136,0.7454800444418136,,,1,,,True,INDIRECT_PATH_DIFFERENCE,1
2023-04-09 00:00:00+00:00,2023-04-08 00:00:00+00:00,BEAR,BEAR,3,3,0.55,0.55,0.6160374989848876,0.6160374989848876,,2023-04-08 00:00:00+00:00,DISTRIBUTION,DISTRIBUTION,1,1,0.85,0.85,0.7448954484677839,0.7448954484677839,,,1,,,True,INDIRECT_PATH_DIFFERENCE,1
2023-04-10 00:00:00+00:00,2023-04-09 00:00:00+00:00,BEAR,BEAR,3,3,0.55,0.55,0.6183311835419303,0.6183311835419303,,2023-04-09 00:00:00+00:00,DISTRIBUTION,DISTRIBUTION,1,1,0.85,0.85,0.7467768608545188,0.7467768608545188,,,1,,,True,INDIRECT_PATH_DIFFERENCE,1
2023-04-11 00:00:00+00:00,2023-04-10 00:00:00+00:00,BEAR,BEAR,3,3,0.55,0.55,0.6269107772053604,0.6269107772053604,,2023-04-10 00:00:00+00:00,DISTRIBUTION,DISTRIBUTION,1,1,0.85,0.85,0.7537125274148709,0.7537125274148709,,,1,,,True,INDIRECT_PATH_DIFFERENCE,1
2023-04-12 00:00:00+00:00,2023-04-11 00:00:00+00:00,BEAR,BEAR,3,3,0.55,0.55,0.6279748869734684,0.6279748869734684,,2023-04-11 00:00:00+00:00,DISTRIBUTION,DISTRIBUTION,1,1,0.85,0.85,0.7547099541994275,0.7547099541994275,,,1,,,True,INDIRECT_PATH_DIFFERENCE,1
2023-04-13 00:00:00+00:00,2023-04-12 00:00:00+00:00,BEAR,BEAR,3,3,0.55,0.55,0.6283906590468838,0.6283906590468838,,2023-04-12 00:00:00+00:00,DISTRIBUTION,DISTRIBUTION,1,1,0.85,0.85,0.7549036087735528,0.7549036087735528,,,1,,,True,INDIRECT_PATH_DIFFERENCE,1
2023-04-14 00:00:00+00:00,2023-04-13 00:00:00+00:00,BEAR,BEAR,3,3,0.55,0.55,0.6358337336103743,0.6358337336103743,,2023-04-13 00:00:00+00:00,DISTRIBUTION,DISTRIBUTION,1,1,0.85,0.85,0.7606062593390402,0.7606062593390402,,,1,,,True,INDIRECT_PATH_DIFFERENCE,1
2023-04-15 00:00:00+00:00,2023-04-14 00:00:00+00:00,BEAR,BEAR,3,3,0.55,0.55,0.6411645831500634,0.6411645831500634,,2023-04-14 00:00:00+00:00,DISTRIBUTION,DISTRIBUTION,1,1,0.85,0.85,0.7645772510674892,0.7645772510674892,,,1,,,True,INDIRECT_PATH_DIFFERENCE,1
2023-04-16 00:00:00+00:00,2023-04-15 00:00:00+00:00,BEAR,BEAR,3,3,0.55,0.55,0.640021195478147,0.640021195478147,,2023-04-15 00:00:00+00:00,DISTRIBUTION,DISTRIBUTION,1,1,0.85,0.85,0.7636726776841949,0.7636726776841949,,,1,,,True,INDIRECT_PATH_DIFFERENCE,1
2023-04-17 00:00:00+00:00,2023-04-16 00:00:00+00:00,BEAR,BEAR,3,3,0.55,0.55,0.6416382009136361,0.6416382009136361,,2023-04-16 00:00:00+00:00,DISTRIBUTION,DISTRIBUTION,1,1,0.85,0.85,0.7648676237097933,0.7648676237097933,,,1,,,True,INDIRECT_PATH_DIFFERENCE,1
2023-04-18 00:00:00+00:00,2023-04-17 00:00:00+00:00,BEAR,BEAR,3,3,0.55,0.55,0.6358438479115825,0.6358438479115825,,2023-04-17 00:00:00+00:00,DISTRIBUTION,DISTRIBUTION,1,1,0.85,0.85,0.7602763059648197,0.7602763059648197,,,1,,,True,INDIRECT_PATH_DIFFERENCE,1
2023-04-19 00:00:00+00:00,2023-04-18 00:00:00+00:00,BEAR,BEAR,3,3,0.55,0.55,0.6411214897875743,0.6411214897875743,,2023-04-18 00:00:00+00:00,DISTRIBUTION,DISTRIBUTION,1,1,0.85,0.85,0.7645065378638891,0.7645065378638891,,,1,,,True,INDIRECT_PATH_DIFFERENCE,1
2023-04-20 00:00:00+00:00,2023-04-19 00:00:00+00:00,BEAR,BEAR,3,3,0.55,0.55,0.6251302688381816,0.6251302688381816,,2023-04-19 00:00:00+00:00,DISTRIBUTION,DISTRIBUTION,1,1,0.85,0.85,0.7520459874405078,0.7520459874405078,,,1,,,True,INDIRECT_PATH_DIFFERENCE,1
2023-04-21 00:00:00+00:00,2023-04-20 00:00:00+00:00,BEAR,BEAR,3,3,0.55,0.55,0.6234535176087629,0.6234535176087629,,2023-04-20 00:00:00+00:00,DISTRIBUTION,DISTRIBUTION,1,1,0.85,0.85,0.7505769624865131,0.7505769624865131,,,1,,,True,INDIRECT_PATH_DIFFERENCE,1
2023-04-22 00:00:00+00:00,2023-04-21 00:00:00+00:00,BEAR,BEAR,3,3,0.55,0.55,0.6134295100879051,0.6134295100879051,,2023-04-21 00:00:00+00:00,DISTRIBUTION,DISTRIBUTION,1,1,0.85,0.85,0.7426143800049145,0.7426143800049145,,,1,,,True,INDIRECT_PATH_DIFFERENCE,1
2023-04-23 00:00:00+00:00,2023-04-22 00:00:00+00:00,BEAR,BEAR,3,3,0.55,0.55,0.6174468800107534,0.6174468800107534,,2023-04-22 00:00:00+00:00,DISTRIBUTION,DISTRIBUTION,1,1,0.85,0.85,0.7458766567198224,0.7458766567198224,,,1,,,True,INDIRECT_PATH_DIFFERENCE,1
2023-04-24 00:00:00+00:00,2023-04-23 00:00:00+00:00,BEAR,BEAR,3,3,0.55,0.55,0.6157365961822024,0.6157365961822024,,2023-04-23 00:00:00+00:00,DISTRIBUTION,DISTRIBUTION,1,1,0.85,0.85,0.744489963684307,0.744489963684307,,,1,,,True,INDIRECT_PATH_DIFFERENCE,1
2023-04-25 00:00:00+00:00,2023-04-24 00:00:00+00:00,BEAR,BEAR,3,3,0.55,0.55,0.6141291895790163,0.6141291895790163,,2023-04-24 00:00:00+00:00,DISTRIBUTION,DISTRIBUTION,1,1,0.85,0.85,0.7432362306436127,0.7432362306436127,,,1,,,True,INDIRECT_PATH_DIFFERENCE,1
2023-04-26 00:00:00+00:00,2023-04-25 00:00:00+00:00,BEAR,BEAR,3,3,0.55,0.55,0.6190569577059086,0.6190569577059086,,2023-04-25 00:00:00+00:00,DISTRIBUTION,DISTRIBUTION,1,1,0.85,0.85,0.7472722118250165,0.7472722118250165,,,1,,,True,INDIRECT_PATH_DIFFERENCE,1
2023-04-27 00:00:00+00:00,2023-04-26 00:00:00+00:00,BEAR,BEAR,3,3,0.55,0.55,0.6195563683891963,0.6195563683891963,,2023-04-26 00:00:00+00:00,DISTRIBUTION,DISTRIBUTION,1,1,0.85,0.85,0.7476901751947063,0.7476901751947063,,,1,,,True,INDIRECT_PATH_DIFFERENCE,1
2023-04-28 00:00:00+00:00,2023-04-27 00:00:00+00:00,BEAR,BEAR,3,3,0.55,0.55,0.6265502654783366,0.6265502654783366,,2023-04-27 00:00:00+00:00,DISTRIBUTION,DISTRIBUTION,1,1,0.85,0.85,0.753336827825008,0.753336827825008,,,1,,,True,INDIRECT_PATH_DIFFERENCE,1
2023-04-29 00:00:00+00:00,2023-04-28 00:00:00+00:00,BEAR,BEAR,3,3,0.55,0.55,0.6248464233922589,0.6248464233922589,,2023-04-28 00:00:00+00:00,DISTRIBUTION,DISTRIBUTION,1,1,0.85,0.85,0.7519992911704326,0.7519992911704326,,,1,,,True,INDIRECT_PATH_DIFFERENCE,1
2023-04-30 00:00:00+00:00,2023-04-29 00:00:00+00:00,BEAR,BEAR,3,3,0.55,0.55,0.625559529440339,0.625559529440339,,2023-04-29 00:00:00+00:00,DISTRIBUTION,DISTRIBUTION,1,1,0.85,0.85,0.7525007642094553,0.7525007642094553,,,1,,,True,INDIRECT_PATH_DIFFERENCE,1
2023-05-01 00:00:00+00:00,2023-04-30 00:00:00+00:00,BEAR,BEAR,3,3,0.55,0.55,0.6233004338163234,0.6233004338163234,,2023-04-30 00:00:00+00:00,DISTRIBUTION,DISTRIBUTION,1,1,0.85,0.85,0.7508055959229765,0.7508055959229765,,,1,,,True,INDIRECT_PATH_DIFFERENCE,1
2023-05-02 00:00:00+00:00,2023-05-01 00:00:00+00:00,BEAR,BEAR,3,3,0.55,0.55,0.6159793419296214,0.6159793419296214,,2023-05-01 00:00:00+00:00,DISTRIBUTION,DISTRIBUTION,1,1,0.85,0.85,0.7448395132738291,0.7448395132738291,,,1,,,True,INDIRECT_PATH_DIFFERENCE,1
2023-05-03 00:00:00+00:00,2023-05-02 00:00:00+00:00,BEAR,BEAR,3,3,0.55,0.55,0.6210145914076264,0.6210145914076264,,2023-05-02 00:00:00+00:00,DISTRIBUTION,DISTRIBUTION,1,1,0.85,0.85,0.7488697604324128,0.7488697604324128,,,1,,,True,INDIRECT_PATH_DIFFERENCE,1
2023-05-04 00:00:00+00:00,2023-05-03 00:00:00+00:00,BEAR,BEAR,3,3,0.55,0.55,0.6246582587450398,0.6246582587450398,,2023-05-03 00:00:00+00:00,DISTRIBUTION,DISTRIBUTION,1,1,0.85,0.85,0.751738699713232,0.751738699713232,,,1,,,True,INDIRECT_PATH_DIFFERENCE,1
2023-05-05 00:00:00+00:00,2023-05-04 00:00:00+00:00,BEAR,BEAR,3,3,0.55,0.55,0.6221922414630369,0.6221922414630369,,2023-05-04 00:00:00+00:00,DISTRIBUTION,DISTRIBUTION,1,1,0.85,0.85,0.7498139068833996,0.7498139068833996,,,1,,,True,INDIRECT_PATH_DIFFERENCE,1
2023-05-06 00:00:00+00:00,2023-05-05 00:00:00+00:00,BEAR,BEAR,3,3,0.55,0.55,0.6318809107027157,0.6318809107027157,,2023-05-05 00:00:00+00:00,DISTRIBUTION,DISTRIBUTION,1,1,0.85,0.85,0.7573070151874296,0.7573070151874296,,,1,,,True,INDIRECT_PATH_DIFFERENCE,1
2023-05-07 00:00:00+00:00,2023-05-06 00:00:00+00:00,BEAR,BEAR,3,3,0.55,0.55,0.6234611124341082,0.6234611124341082,,2023-05-06 00:00:00+00:00,DISTRIBUTION,DISTRIBUTION,1,1,0.85,0.85,0.7507658232234847,0.7507658232234847,,,1,,,True,INDIRECT_PATH_DIFFERENCE,1
2023-05-08 00:00:00+00:00,2023-05-07 00:00:00+00:00,BEAR,BEAR,3,3,0.55,0.55,0.6201483045581145,0.6201483045581145,,2023-05-07 00:00:00+00:00,DISTRIBUTION,DISTRIBUTION,1,1,0.85,0.85,0.7481122795795102,0.7481122795795102,,,1,,,True,INDIRECT_PATH_DIFFERENCE,1
2023-05-09 00:00:00+00:00,2023-05-08 00:00:00+00:00,BEAR,BEAR,3,3,0.55,0.55,0.6155016939763339,0.6155016939763339,,2023-05-08 00:00:00+00:00,DISTRIBUTION,DISTRIBUTION,1,1,0.85,0.85,0.7443014592045419,0.7443014592045419,,,1,,,True,INDIRECT_PATH_DIFFERENCE,1
2023-05-10 00:00:00+00:00,2023-05-09 00:00:00+00:00,BEAR,BEAR,3,3,0.55,0.55,0.6152866231932057,0.6152866231932057,,2023-05-09 00:00:00+00:00,DISTRIBUTION,EARLY_BEAR,1,2,0.85,0.7,0.7441195793653729,0.7441195793653729,STAGE2_SELL:EXPOSURE_GAP_BELOW_5PP,,1,,STAGE2_SELL:EXPOSURE_GAP_BELOW_5PP,True,INDIRECT_PATH_DIFFERENCE,1
2023-05-11 00:00:00+00:00,2023-05-10 00:00:00+00:00,BEAR,BEAR,3,3,0.55,0.55,0.6148194584818076,0.6148194584818076,,2023-05-10 00:00:00+00:00,EARLY_BEAR,EARLY_BEAR,2,2,0.7,0.7,0.7437506850939167,0.7437506850939167,,,1,,,True,INDIRECT_PATH_DIFFERENCE,1
2023-05-12 00:00:00+00:00,2023-05-11 00:00:00+00:00,BEAR,BEAR,3,3,0.55,0.55,0.609064698262402,0.609064698262402,,2023-05-11 00:00:00+00:00,EARLY_BEAR,EARLY_BEAR,2,2,0.7,0.7,0.7391144033560895,0.7391144033560895,,,1,,,True,INDIRECT_PATH_DIFFERENCE,1
2023-05-13 00:00:00+00:00,2023-05-12 00:00:00+00:00,BEAR,BEAR,3,3,0.55,0.55,0.609184368477089,0.609184368477089,,2023-05-12 00:00:00+00:00,EARLY_BEAR,EARLY_BEAR,2,2,0.7,0.7,0.7391317830084116,0.7391317830084116,,,1,,,True,INDIRECT_PATH_DIFFERENCE,1
2023-05-14 00:00:00+00:00,2023-05-13 00:00:00+00:00,BEAR,BEAR,3,3,0.55,0.55,0.6083077159849343,0.6083077159849343,,2023-05-13 00:00:00+00:00,EARLY_BEAR,EARLY_BEAR,2,2,0.7,0.7,0.73845083203081,0.73845083203081,,,1,,,True,INDIRECT_PATH_DIFFERENCE,1
2023-05-15 00:00:00+00:00,2023-05-14 00:00:00+00:00,BEAR,BEAR,3,3,0.55,0.55,0.609235985441009,0.609235985441009,,2023-05-14 00:00:00+00:00,EARLY_BEAR,EARLY_BEAR,2,2,0.7,0.7,0.7392153721321619,0.7392153721321619,,,1,,,True,INDIRECT_PATH_DIFFERENCE,1
2023-05-16 00:00:00+00:00,2023-05-15 00:00:00+00:00,BEAR,BEAR,3,3,0.55,0.55,0.6114546655811618,0.6114546655811618,,2023-05-15 00:00:00+00:00,EARLY_BEAR,EARLY_BEAR,2,2,0.7,0.7,0.7410037665030349,0.7410037665030349,,,1,,,True,INDIRECT_PATH_DIFFERENCE,1
2023-05-17 00:00:00+00:00,2023-05-16 00:00:00+00:00,BEAR,BEAR,3,3,0.55,0.55,0.6114363188060501,0.6114363188060501,,2023-05-16 00:00:00+00:00,EARLY_BEAR,EARLY_BEAR,2,2,0.7,0.7,0.7409351943284125,0.7409351943284125,,,1,,,True,INDIRECT_PATH_DIFFERENCE,1
2023-05-18 00:00:00+00:00,2023-05-17 00:00:00+00:00,BEAR,BEAR,3,3,0.55,0.55,0.6129534649969924,0.6129534649969924,,2023-05-17 00:00:00+00:00,EARLY_BEAR,EARLY_BEAR,2,2,0.7,0.7,0.7422361695923575,0.7422361695923575,,,1,,,True,INDIRECT_PATH_DIFFERENCE,1
2023-05-19 00:00:00+00:00,2023-05-18 00:00:00+00:00,BEAR,BEAR,3,3,0.55,0.55,0.608996163237452,0.608996163237452,,2023-05-18 00:00:00+00:00,EARLY_BEAR,EARLY_BEAR,2,2,0.7,0.7,0.73898111987451,0.73898111987451,,,1,,,True,INDIRECT_PATH_DIFFERENCE,1
2023-05-20 00:00:00+00:00,2023-05-19 00:00:00+00:00,BEAR,BEAR,3,3,0.55,0.55,0.6100555503677297,0.6100555503677297,,2023-05-19 00:00:00+00:00,EARLY_BEAR,EARLY_BEAR,2,2,0.7,0.7,0.7398111905791327,0.7398111905791327,,,1,,,True,INDIRECT_PATH_DIFFERENCE,1
2023-05-21 00:00:00+00:00,2023-05-20 00:00:00+00:00,BEAR,BEAR,3,3,0.55,0.55,0.6115252760793773,0.6115252760793773,,2023-05-20 00:00:00+00:00,EARLY_BEAR,EARLY_BEAR,2,2,0.7,0.7,0.7410188612200399,0.7410188612200399,,,1,,,True,INDIRECT_PATH_DIFFERENCE,1
2023-05-22 00:00:00+00:00,2023-05-21 00:00:00+00:00,BEAR,BEAR,3,3,0.55,0.55,0.6090303100512018,0.6090303100512018,,2023-05-21 00:00:00+00:00,EARLY_BEAR,EARLY_BEAR,2,2,0.7,0.7,0.7389683333002574,0.7389683333002574,,,1,,,True,INDIRECT_PATH_DIFFERENCE,1
2023-05-23 00:00:00+00:00,2023-05-22 00:00:00+00:00,BEAR,BEAR,3,3,0.55,0.55,0.6103237756864495,0.6103237756864495,,2023-05-22 00:00:00+00:00,EARLY_BEAR,EARLY_BEAR,2,2,0.7,0.7,0.7399945442551487,0.7399945442551487,,,1,,,True,INDIRECT_PATH_DIFFERENCE,1
2023-05-24 00:00:00+00:00,2023-05-23 00:00:00+00:00,BEAR,BEAR,3,3,0.55,0.55,0.6143486448595554,0.6143486448595554,,2023-05-23 00:00:00+00:00,EARLY_BEAR,EARLY_BEAR,2,2,0.7,0.7,0.743205573415317,0.743205573415317,,,1,,,True,INDIRECT_PATH_DIFFERENCE,1
2023-05-25 00:00:00+00:00,2023-05-24 00:00:00+00:00,BEAR,BEAR,3,3,0.55,0.55,0.6068960016063251,0.6068960016063251,,2023-05-24 00:00:00+00:00,EARLY_BEAR,EARLY_BEAR,2,2,0.7,0.7,0.737153827705538,0.737153827705538,,,1,,,True,INDIRECT_PATH_DIFFERENCE,1
2023-05-26 00:00:00+00:00,2023-05-25 00:00:00+00:00,BEAR,BEAR,3,3,0.55,0.55,0.6079522967475117,0.6079522967475117,,2023-05-25 00:00:00+00:00,EARLY_BEAR,EARLY_BEAR,2,2,0.7,0.7,0.7380196719633821,0.7380196719633821,,,1,,,True,INDIRECT_PATH_DIFFERENCE,1
2023-05-27 00:00:00+00:00,2023-05-26 00:00:00+00:00,BEAR,BEAR,3,3,0.55,0.55,0.6104724886415708,0.6104724886415708,,2023-05-26 00:00:00+00:00,EARLY_BEAR,EARLY_BEAR,2,2,0.7,0.7,0.7400382264050357,0.7400382264050357,,,1,,,True,INDIRECT_PATH_DIFFERENCE,1
2023-05-28 00:00:00+00:00,2023-05-27 00:00:00+00:00,BEAR,BEAR,3,3,0.55,0.55,0.6112891883503602,0.6112891883503602,,2023-05-27 00:00:00+00:00,EARLY_BEAR,EARLY_BEAR,2,2,0.7,0.7,0.7407184285555715,0.7407184285555715,,,1,,,True,INDIRECT_PATH_DIFFERENCE,1
2023-05-29 00:00:00+00:00,2023-05-28 00:00:00+00:00,BEAR,BEAR,3,3,0.55,0.55,0.621507262694672,0.621507262694672,,2023-05-28 00:00:00+00:00,EARLY_BEAR,EARLY_BEAR,2,2,0.7,0.7,0.7489381043490156,0.7489381043490156,,,1,,,True,INDIRECT_PATH_DIFFERENCE,1
2023-05-30 00:00:00+00:00,2023-05-29 00:00:00+00:00,BEAR,BEAR,3,3,0.55,0.55,0.6191513825068179,0.6191513825068179,,2023-05-29 00:00:00+00:00,EARLY_BEAR,EARLY_BEAR,2,2,0.7,0.7,0.7470309369242587,0.7470309369242587,,,1,,,True,INDIRECT_PATH_DIFFERENCE,1
2023-05-31 00:00:00+00:00,2023-05-30 00:00:00+00:00,BEAR,BEAR,3,3,0.55,0.55,0.619495988311068,0.619495988311068,,2023-05-30 00:00:00+00:00,EARLY_BEAR,DISTRIBUTION,2,1,0.7,0.85,0.7472727500361614,0.7472727500361614,EARLY_BEAR_TO_DISTRIBUTION,,1,,EARLY_BEAR_TO_DISTRIBUTION,True,INDIRECT_PATH_DIFFERENCE,1
2023-06-01 00:00:00+00:00,2023-05-31 00:00:00+00:00,BEAR,BEAR,3,3,0.55,0.55,0.6157548355040806,0.6157548355040806,,2023-05-31 00:00:00+00:00,DISTRIBUTION,DISTRIBUTION,1,1,0.85,0.85,0.74424736804506,0.74424736804506,,,1,,,True,INDIRECT_PATH_DIFFERENCE,1
2023-06-02 00:00:00+00:00,2023-06-01 00:00:00+00:00,BEAR,BEAR,3,3,0.55,0.55,0.6133172010095773,0.6133172010095773,,2023-06-01 00:00:00+00:00,DISTRIBUTION,DISTRIBUTION,1,1,0.85,0.85,0.7422356133554792,0.7422356133554792,,,1,,,True,INDIRECT_PATH_DIFFERENCE,1
2023-06-03 00:00:00+00:00,2023-06-02 00:00:00+00:00,BEAR,BEAR,3,3,0.55,0.55,0.6180336558143423,0.6180336558143423,,2023-06-02 00:00:00+00:00,DISTRIBUTION,DISTRIBUTION,1,1,0.85,0.85,0.7459835048737387,0.7459835048737387,,,1,,,True,INDIRECT_PATH_DIFFERENCE,1
2023-06-04 00:00:00+00:00,2023-06-03 00:00:00+00:00,BEAR,BEAR,3,3,0.55,0.55,0.6163905123530271,0.6163905123530271,,2023-06-03 00:00:00+00:00,DISTRIBUTION,DISTRIBUTION,1,1,0.85,0.85,0.7446665576886395,0.7446665576886395,,,1,,,True,INDIRECT_PATH_DIFFERENCE,1
2023-06-05 00:00:00+00:00,2023-06-04 00:00:00+00:00,BEAR,BEAR,3,3,0.55,0.55,0.6164822078470428,0.6164822078470428,,2023-06-04 00:00:00+00:00,DISTRIBUTION,DISTRIBUTION,1,1,0.85,0.85,0.7447512657798139,0.7447512657798139,,,1,,,True,INDIRECT_PATH_DIFFERENCE,1
2023-06-06 00:00:00+00:00,2023-06-05 00:00:00+00:00,BEAR,BEAR,3,3,0.55,0.55,0.6051769039565866,0.6051769039565866,,2023-06-05 00:00:00+00:00,DISTRIBUTION,DISTRIBUTION,1,1,0.85,0.85,0.7355491920731494,0.7355491920731494,,,1,,,True,INDIRECT_PATH_DIFFERENCE,1
2023-06-07 00:00:00+00:00,2023-06-06 00:00:00+00:00,BEAR,BEAR,3,3,0.55,0.55,0.6166865698727547,0.6166865698727547,,2023-06-06 00:00:00+00:00,DISTRIBUTION,DISTRIBUTION,1,1,0.85,0.85,0.7449452081373847,0.7449452081373847,,,1,,,True,INDIRECT_PATH_DIFFERENCE,1
2023-06-08 00:00:00+00:00,2023-06-07 00:00:00+00:00,BEAR,BEAR,3,3,0.55,0.55,0.6094205013087257,0.6094205013087257,,2023-06-07 00:00:00+00:00,DISTRIBUTION,DISTRIBUTION,1,1,0.85,0.85,0.7390506571999581,0.7390506571999581,,,1,,,True,INDIRECT_PATH_DIFFERENCE,1
2023-06-09 00:00:00+00:00,2023-06-08 00:00:00+00:00,BEAR,BEAR,3,3,0.55,0.55,0.6110393801894416,0.6110393801894416,,2023-06-08 00:00:00+00:00,DISTRIBUTION,DISTRIBUTION,1,1,0.85,0.85,0.7403499294062098,0.7403499294062098,,,1,,,True,INDIRECT_PATH_DIFFERENCE,1
2023-06-10 00:00:00+00:00,2023-06-09 00:00:00+00:00,BEAR,BEAR,3,3,0.55,0.55,0.6106272026516762,0.6106272026516762,,2023-06-09 00:00:00+00:00,DISTRIBUTION,EARLY_BEAR,1,2,0.85,0.7,0.7400236454097092,0.7400236454097092,STAGE2_SELL:EXPOSURE_GAP_BELOW_5PP,,1,,STAGE2_SELL:EXPOSURE_GAP_BELOW_5PP,True,INDIRECT_PATH_DIFFERENCE,1
2023-06-11 00:00:00+00:00,2023-06-10 00:00:00+00:00,BEAR,BEAR,3,3,0.55,0.55,0.6018256163816662,0.6018256163816662,,2023-06-10 00:00:00+00:00,EARLY_BEAR,EARLY_BEAR,2,2,0.7,0.7,0.7330012073678365,0.7330012073678365,,,1,,,True,INDIRECT_PATH_DIFFERENCE,1
2023-06-12 00:00:00+00:00,2023-06-11 00:00:00+00:00,BEAR,BEAR,3,3,0.55,0.55,0.6023276935754264,0.6023276935754264,,2023-06-11 00:00:00+00:00,EARLY_BEAR,EARLY_BEAR,2,2,0.7,0.7,0.7334208044058851,0.7334208044058851,,,1,,,True,INDIRECT_PATH_DIFFERENCE,1
2023-06-13 00:00:00+00:00,2023-06-12 00:00:00+00:00,BEAR,BEAR,3,3,0.55,0.55,0.6015625806453438,0.6015625806453438,,2023-06-12 00:00:00+00:00,EARLY_BEAR,EARLY_BEAR,2,2,0.7,0.7,0.732819413814118,0.732819413814118,,,1,,,True,INDIRECT_PATH_DIFFERENCE,1
2023-06-14 00:00:00+00:00,2023-06-13 00:00:00+00:00,BEAR,BEAR,3,3,0.55,0.55,0.6015558276096309,0.6015558276096309,,2023-06-13 00:00:00+00:00,EARLY_BEAR,EARLY_BEAR,2,2,0.7,0.7,0.732823456691938,0.732823456691938,,,1,,,True,INDIRECT_PATH_DIFFERENCE,1
2023-06-15 00:00:00+00:00,2023-06-14 00:00:00+00:00,BEAR,BEAR,3,3,0.55,0.55,0.591483373992847,0.591483373992847,,2023-06-14 00:00:00+00:00,EARLY_BEAR,EARLY_BEAR,2,2,0.7,0.7,0.7246629422189107,0.7246629422189107,,,1,,,True,INDIRECT_PATH_DIFFERENCE,1
2023-06-16 00:00:00+00:00,2023-06-15 00:00:00+00:00,BEAR,BEAR,3,3,0.55,0.55,0.594930763879771,0.594930763879771,,2023-06-15 00:00:00+00:00,EARLY_BEAR,EARLY_BEAR,2,2,0.7,0.7,0.7275488291873051,0.7275488291873051,,,1,,,True,INDIRECT_PATH_DIFFERENCE,1
2023-06-17 00:00:00+00:00,2023-06-16 00:00:00+00:00,BEAR,BEAR,3,3,0.55,0.55,0.6020248033959399,0.6020248033959399,,2023-06-16 00:00:00+00:00,EARLY_BEAR,EARLY_BEAR,2,2,0.7,0.7,0.7333494414154823,0.7333494414154823,,,1,,,True,INDIRECT_PATH_DIFFERENCE,1
2023-06-18 00:00:00+00:00,2023-06-17 00:00:00+00:00,BEAR,BEAR,3,3,0.55,0.55,0.6035153276979781,0.6035153276979781,,2023-06-17 00:00:00+00:00,EARLY_BEAR,EARLY_BEAR,2,2,0.7,0.7,0.7345650422628426,0.7345650422628426,,,1,,,True,INDIRECT_PATH_DIFFERENCE,1
2023-06-19 00:00:00+00:00,2023-06-18 00:00:00+00:00,BEAR,BEAR,3,3,0.55,0.55,0.6022603840901337,0.6022603840901337,,2023-06-18 00:00:00+00:00,EARLY_BEAR,EARLY_BEAR,2,2,0.7,0.7,0.7335224863182273,0.7335224863182273,,,1,,,True,INDIRECT_PATH_DIFFERENCE,1
2023-06-20 00:00:00+00:00,2023-06-19 00:00:00+00:00,BEAR,BEAR,3,3,0.55,0.55,0.6056973555472462,0.6056973555472462,,2023-06-19 00:00:00+00:00,EARLY_BEAR,EARLY_BEAR,2,2,0.7,0.7,0.7363696423019614,0.7363696423019614,,,1,,,True,INDIRECT_PATH_DIFFERENCE,1
2023-06-21 00:00:00+00:00,2023-06-20 00:00:00+00:00,BEAR,BEAR,3,3,0.55,0.55,0.6158097239718608,0.6158097239718608,,2023-06-20 00:00:00+00:00,EARLY_BEAR,EARLY_BEAR,2,2,0.7,0.7,0.7446564624084799,0.7446564624084799,,,1,,,True,INDIRECT_PATH_DIFFERENCE,1
2023-06-22 00:00:00+00:00,2023-06-21 00:00:00+00:00,BEAR,BEAR,3,3,0.55,0.55,0.6288541909869062,0.6288541909869062,,2023-06-21 00:00:00+00:00,EARLY_BEAR,DISTRIBUTION,2,1,0.7,0.85,0.7550885962097493,0.7550885962097493,EARLY_BEAR_TO_DISTRIBUTION,,1,,EARLY_BEAR_TO_DISTRIBUTION,True,INDIRECT_PATH_DIFFERENCE,1
2023-06-23 00:00:00+00:00,2023-06-22 00:00:00+00:00,BEAR,BEAR,3,3,0.55,0.55,0.6274150686777007,0.6274150686777007,,2023-06-22 00:00:00+00:00,DISTRIBUTION,DISTRIBUTION,1,1,0.85,0.85,0.7539718944493649,0.7539718944493649,,,1,,,True,INDIRECT_PATH_DIFFERENCE,1
2023-06-24 00:00:00+00:00,2023-06-23 00:00:00+00:00,BEAR,BEAR,3,3,0.55,0.55,0.6318913325399786,0.6318913325399786,,2023-06-23 00:00:00+00:00,DISTRIBUTION,DISTRIBUTION,1,1,0.85,0.85,0.757591105517711,0.757591105517711,,,1,,,True,INDIRECT_PATH_DIFFERENCE,1
2023-06-25 00:00:00+00:00,2023-06-24 00:00:00+00:00,BEAR,BEAR,3,3,0.55,0.55,0.6302326303432354,0.6302326303432354,,2023-06-24 00:00:00+00:00,DISTRIBUTION,DISTRIBUTION,1,1,0.85,0.85,0.756297801702514,0.756297801702514,,,1,,,True,INDIRECT_PATH_DIFFERENCE,1
2023-06-26 00:00:00+00:00,2023-06-25 00:00:00+00:00,BEAR,BEAR,3,3,0.55,0.55,0.6313973806808417,0.6313973806808417,,2023-06-25 00:00:00+00:00,DISTRIBUTION,DISTRIBUTION,1,1,0.85,0.85,0.7571395941118311,0.7571395941118311,,,1,,,True,INDIRECT_PATH_DIFFERENCE,1
2023-06-27 00:00:00+00:00,2023-06-26 00:00:00+00:00,BEAR,BEAR,3,3,0.55,0.55,0.6282837371338437,0.6282837371338437,,2023-06-26 00:00:00+00:00,DISTRIBUTION,DISTRIBUTION,1,1,0.85,0.85,0.7547476240653498,0.7547476240653498,,,1,,,True,INDIRECT_PATH_DIFFERENCE,1
2023-06-28 00:00:00+00:00,2023-06-27 00:00:00+00:00,BEAR,BEAR,3,3,0.55,0.55,0.6318181372409366,0.6318181372409366,,2023-06-27 00:00:00+00:00,DISTRIBUTION,DISTRIBUTION,1,1,0.85,0.85,0.7575277571643915,0.7575277571643915,,,1,,,True,INDIRECT_PATH_DIFFERENCE,1
2023-06-29 00:00:00+00:00,2023-06-28 00:00:00+00:00,BEAR,BEAR,3,3,0.55,0.55,0.6256942604507304,0.6256942604507304,,2023-06-28 00:00:00+00:00,DISTRIBUTION,DISTRIBUTION,1,1,0.85,0.85,0.7527388670765689,0.7527388670765689,,,1,,,True,INDIRECT_PATH_DIFFERENCE,1
2023-06-30 00:00:00+00:00,2023-06-29 00:00:00+00:00,BEAR,BEAR,3,3,0.55,0.55,0.6286630948804034,0.6286630948804034,,2023-06-29 00:00:00+00:00,DISTRIBUTION,DISTRIBUTION,1,1,0.85,0.85,0.7550867124831881,0.7550867124831881,,,1,,,True,INDIRECT_PATH_DIFFERENCE,1
2023-07-01 00:00:00+00:00,2023-06-30 00:00:00+00:00,BEAR,BEAR,3,3,0.55,0.55,0.6335834816890864,0.6335834816890864,,2023-06-30 00:00:00+00:00,DISTRIBUTION,DISTRIBUTION,1,1,0.85,0.85,0.7587558642419893,0.7587558642419893,,,1,,,True,INDIRECT_PATH_DIFFERENCE,1
2023-07-02 00:00:00+00:00,2023-07-01 00:00:00+00:00,BEAR,BEAR,3,3,0.55,0.55,0.6335165113625486,0.6335165113625486,,2023-07-01 00:00:00+00:00,DISTRIBUTION,DISTRIBUTION,1,1,0.85,0.85,0.7587428772858372,0.7587428772858372,,,1,,,True,INDIRECT_PATH_DIFFERENCE,1
2023-07-03 00:00:00+00:00,2023-07-02 00:00:00+00:00,BEAR,BEAR,3,3,0.55,0.55,0.6344114827702476,0.6344114827702476,,2023-07-02 00:00:00+00:00,DISTRIBUTION,DISTRIBUTION,1,1,0.85,0.85,0.7594157575921128,0.7594157575921128,,,1,,,True,INDIRECT_PATH_DIFFERENCE,1
2023-07-04 00:00:00+00:00,2023-07-03 00:00:00+00:00,BEAR,BEAR,3,3,0.55,0.55,0.6375650419678396,0.6375650419678396,,2023-07-03 00:00:00+00:00,DISTRIBUTION,DISTRIBUTION,1,1,0.85,0.85,0.7619333153644866,0.7619333153644866,,,1,,,True,INDIRECT_PATH_DIFFERENCE,1
2023-07-05 00:00:00+00:00,2023-07-04 00:00:00+00:00,BEAR,BEAR,3,3,0.55,0.55,0.6349666941802403,0.6349666941802403,,2023-07-04 00:00:00+00:00,DISTRIBUTION,DISTRIBUTION,1,1,0.85,0.85,0.7598739958981758,0.7598739958981758,,,1,,,True,INDIRECT_PATH_DIFFERENCE,1
2023-07-06 00:00:00+00:00,2023-07-05 00:00:00+00:00,BEAR,BEAR,3,3,0.55,0.55,0.6324613789467152,0.6324613789467152,,2023-07-05 00:00:00+00:00,DISTRIBUTION,DISTRIBUTION,1,1,0.85,0.85,0.7579203523091695,0.7579203523091695,,,1,,,True,INDIRECT_PATH_DIFFERENCE,1
2023-07-07 00:00:00+00:00,2023-07-06 00:00:00+00:00,BEAR,BEAR,3,3,0.55,0.55,0.6262198074169691,0.6262198074169691,,2023-07-06 00:00:00+00:00,DISTRIBUTION,DISTRIBUTION,1,1,0.85,0.85,0.7530454238217021,0.7530454238217021,,,1,,,True,INDIRECT_PATH_DIFFERENCE,1
2023-07-08 00:00:00+00:00,2023-07-07 00:00:00+00:00,BEAR,BEAR,3,3,0.55,0.55,0.6295501934780366,0.6295501934780366,,2023-07-07 00:00:00+00:00,DISTRIBUTION,DISTRIBUTION,1,1,0.85,0.85,0.7556911425866907,0.7556911425866907,,,1,,,True,INDIRECT_PATH_DIFFERENCE,1
2023-07-09 00:00:00+00:00,2023-07-08 00:00:00+00:00,BEAR,BEAR,3,3,0.55,0.55,0.6289933365127198,0.6289933365127198,,2023-07-08 00:00:00+00:00,DISTRIBUTION,DISTRIBUTION,1,1,0.85,0.85,0.7552519174753962,0.7552519174753962,,,1,,,True,INDIRECT_PATH_DIFFERENCE,1
2023-07-10 00:00:00+00:00,2023-07-09 00:00:00+00:00,BEAR,BEAR,3,3,0.55,0.55,0.6283686513726406,0.6283686513726406,,2023-07-09 00:00:00+00:00,DISTRIBUTION,DISTRIBUTION,1,1,0.85,0.85,0.7547390194181249,0.7547390194181249,,,1,,,True,INDIRECT_PATH_DIFFERENCE,1
2023-07-11 00:00:00+00:00,2023-07-10 00:00:00+00:00,BEAR,BEAR,3,3,0.55,0.55,0.6304472767527195,0.6304472767527195,,2023-07-10 00:00:00+00:00,DISTRIBUTION,DISTRIBUTION,1,1,0.85,0.85,0.7563755621944952,0.7563755621944952,,,1,,,True,INDIRECT_PATH_DIFFERENCE,1
2023-07-12 00:00:00+00:00,2023-07-11 00:00:00+00:00,BEAR,BEAR,3,3,0.55,0.55,0.6311909000288595,0.6311909000288595,,2023-07-11 00:00:00+00:00,DISTRIBUTION,DISTRIBUTION,1,1,0.85,0.85,0.7570004692323749,0.7570004692323749,,,1,,,True,INDIRECT_PATH_DIFFERENCE,1
2023-07-13 00:00:00+00:00,2023-07-12 00:00:00+00:00,BEAR,BEAR,3,3,0.55,0.55,0.6298581537686293,0.6298581537686293,,2023-07-12 00:00:00+00:00,DISTRIBUTION,DISTRIBUTION,1,1,0.85,0.85,0.7559202354824429,0.7559202354824429,,,1,,,True,INDIRECT_PATH_DIFFERENCE,1
2023-07-14 00:00:00+00:00,2023-07-13 00:00:00+00:00,BEAR,BEAR,3,3,0.55,0.55,0.641663022219429,0.641663022219429,,2023-07-13 00:00:00+00:00,DISTRIBUTION,DISTRIBUTION,1,1,0.85,0.85,0.7650330179154871,0.7650330179154871,,,1,,,True,INDIRECT_PATH_DIFFERENCE,1
2023-07-15 00:00:00+00:00,2023-07-14 00:00:00+00:00,BEAR,BEAR,3,3,0.55,0.55,0.6334908010332444,0.6334908010332444,,2023-07-14 00:00:00+00:00,DISTRIBUTION,DISTRIBUTION,1,1,0.85,0.85,0.758596479851769,0.758596479851769,,,1,,,True,INDIRECT_PATH_DIFFERENCE,1
2023-07-16 00:00:00+00:00,2023-07-15 00:00:00+00:00,BEAR,BEAR,3,3,0.55,0.55,0.6330520540568895,0.6330520540568895,,2023-07-15 00:00:00+00:00,DISTRIBUTION,DISTRIBUTION,1,1,0.85,0.85,0.7582597995115244,0.7582597995115244,,,1,,,True,INDIRECT_PATH_DIFFERENCE,1
2023-07-17 00:00:00+00:00,2023-07-16 00:00:00+00:00,BEAR,BEAR,3,3,0.55,0.55,0.6323050434507101,0.6323050434507101,,2023-07-16 00:00:00+00:00,DISTRIBUTION,DISTRIBUTION,1,1,0.85,0.85,0.7576813233750034,0.7576813233750034,,,1,,,True,INDIRECT_PATH_DIFFERENCE,1
2023-07-18 00:00:00+00:00,2023-07-17 00:00:00+00:00,BEAR,BEAR,3,3,0.55,0.55,0.6313141317063874,0.6313141317063874,,2023-07-17 00:00:00+00:00,DISTRIBUTION,DISTRIBUTION,1,1,0.85,0.85,0.756907858408544,0.756907858408544,,,1,,,True,INDIRECT_PATH_DIFFERENCE,1
2023-07-19 00:00:00+00:00,2023-07-18 00:00:00+00:00,BEAR,BEAR,3,3,0.55,0.55,0.6293886519720073,0.6293886519720073,,2023-07-18 00:00:00+00:00,DISTRIBUTION,DISTRIBUTION,1,1,0.85,0.85,0.755370639673427,0.755370639673427,,,1,,,True,INDIRECT_PATH_DIFFERENCE,1
2023-07-20 00:00:00+00:00,2023-07-19 00:00:00+00:00,BEAR,BEAR,3,3,0.55,0.55,0.6291060694989039,0.6291060694989039,,2023-07-19 00:00:00+00:00,DISTRIBUTION,DISTRIBUTION,1,1,0.85,0.85,0.7551746605851869,0.7551746605851869,,,1,,,True,INDIRECT_PATH_DIFFERENCE,1
2023-07-21 00:00:00+00:00,2023-07-20 00:00:00+00:00,BEAR,BEAR,3,3,0.55,0.55,0.6288603385245944,0.6288603385245944,,2023-07-20 00:00:00+00:00,DISTRIBUTION,DISTRIBUTION,1,1,0.85,0.85,0.7549497756306663,0.7549497756306663,,,1,,,True,INDIRECT_PATH_DIFFERENCE,1
2023-07-22 00:00:00+00:00,2023-07-21 00:00:00+00:00,BEAR,BEAR,3,3,0.55,0.55,0.6293039617216318,0.6293039617216318,,2023-07-21 00:00:00+00:00,DISTRIBUTION,DISTRIBUTION,1,1,0.85,0.85,0.7553146195029471,0.7553146195029471,,,1,,,True,INDIRECT_PATH_DIFFERENCE,1
2023-07-23 00:00:00+00:00,2023-07-22 00:00:00+00:00,BEAR,BEAR,3,3,0.55,0.55,0.627386222528292,0.627386222528292,,2023-07-22 00:00:00+00:00,DISTRIBUTION,DISTRIBUTION,1,1,0.85,0.85,0.7538400241418722,0.7538400241418722,,,1,,,True,INDIRECT_PATH_DIFFERENCE,1
2023-07-24 00:00:00+00:00,2023-07-23 00:00:00+00:00,BEAR,BEAR,3,3,0.55,0.55,0.6299088730193249,0.6299088730193249,,2023-07-23 00:00:00+00:00,DISTRIBUTION,DISTRIBUTION,1,1,0.85,0.85,0.7558251994928092,0.7558251994928092,,,1,,,True,INDIRECT_PATH_DIFFERENCE,1
2023-07-25 00:00:00+00:00,2023-07-24 00:00:00+00:00,BEAR,BEAR,3,3,0.55,0.55,0.6238800216462046,0.6238800216462046,,2023-07-24 00:00:00+00:00,DISTRIBUTION,DISTRIBUTION,1,1,0.85,0.85,0.7509823543933862,0.7509823543933862,,,1,,,True,INDIRECT_PATH_DIFFERENCE,1
2023-07-26 00:00:00+00:00,2023-07-25 00:00:00+00:00,BEAR,BEAR,3,3,0.55,0.55,0.6245879605875115,0.6245879605875115,,2023-07-25 00:00:00+00:00,DISTRIBUTION,DISTRIBUTION,1,1,0.85,0.85,0.7515306165968809,0.7515306165968809,,,1,,,True,INDIRECT_PATH_DIFFERENCE,1
2023-07-27 00:00:00+00:00,2023-07-26 00:00:00+00:00,BEAR,BEAR,3,3,0.55,0.55,0.6259884898405977,0.6259884898405977,,2023-07-26 00:00:00+00:00,DISTRIBUTION,DISTRIBUTION,1,1,0.85,0.85,0.7526236253506422,0.7526236253506422,,,1,,,True,INDIRECT_PATH_DIFFERENCE,1
2023-07-28 00:00:00+00:00,2023-07-27 00:00:00+00:00,BEAR,BEAR,3,3,0.55,0.55,0.6248289708007417,0.6248289708007417,,2023-07-27 00:00:00+00:00,DISTRIBUTION,DISTRIBUTION,1,1,0.85,0.85,0.75170402180325,0.75170402180325,,,1,,,True,INDIRECT_PATH_DIFFERENCE,1
2023-07-29 00:00:00+00:00,2023-07-28 00:00:00+00:00,BEAR,BEAR,3,3,0.55,0.55,0.6260115788097043,0.6260115788097043,,2023-07-28 00:00:00+00:00,DISTRIBUTION,DISTRIBUTION,1,1,0.85,0.85,0.7526219704963957,0.7526219704963957,,,1,,,True,INDIRECT_PATH_DIFFERENCE,1
2023-07-30 00:00:00+00:00,2023-07-29 00:00:00+00:00,BEAR,BEAR,3,3,0.55,0.55,0.6265707267818074,0.6265707267818074,,2023-07-29 00:00:00+00:00,DISTRIBUTION,DISTRIBUTION,1,1,0.85,0.85,0.7530525729467163,0.7530525729467163,,,1,,,True,INDIRECT_PATH_DIFFERENCE,1
2023-07-31 00:00:00+00:00,2023-07-30 00:00:00+00:00,BEAR,BEAR,3,3,0.55,0.55,0.6251706144978206,0.6251706144978206,,2023-07-30 00:00:00+00:00,DISTRIBUTION,DISTRIBUTION,1,1,0.85,0.85,0.7519736342664725,0.7519736342664725,,,1,,,True,INDIRECT_PATH_DIFFERENCE,1
2023-08-01 00:00:00+00:00,2023-07-31 00:00:00+00:00,BEAR,BEAR,3,3,0.55,0.55,0.6246473196738974,0.6246473196738974,,2023-07-31 00:00:00+00:00,DISTRIBUTION,EARLY_BEAR,1,2,0.85,0.7,0.751560315585422,0.6999999999999998,STAGE2_SELL:EXECUTED,,1,,STAGE2_SELL:EXECUTED,True,INDIRECT_PATH_DIFFERENCE,1
2023-08-02 00:00:00+00:00,2023-08-01 00:00:00+00:00,BEAR,BEAR,3,3,0.55,0.55,0.6276726458643869,0.6276726458643869,,2023-08-01 00:00:00+00:00,EARLY_BEAR,EARLY_BEAR,2,2,0.7,0.7,0.7027345376768356,0.7027345376768356,,,1,,,True,INDIRECT_PATH_DIFFERENCE,1
2023-08-03 00:00:00+00:00,2023-08-02 00:00:00+00:00,BEAR,BEAR,3,3,0.55,0.55,0.6235114776523557,0.6235114776523557,,2023-08-02 00:00:00+00:00,EARLY_BEAR,EARLY_BEAR,2,2,0.7,0.7,0.6990089354321756,0.6990089354321756,,,1,,,True,INDIRECT_PATH_DIFFERENCE,1
2023-08-04 00:00:00+00:00,2023-08-03 00:00:00+00:00,BEAR,BEAR,3,3,0.55,0.55,0.6233167306484375,0.6233167306484375,,2023-08-03 00:00:00+00:00,EARLY_BEAR,EARLY_BEAR,2,2,0.7,0.7,0.6988426351481274,0.6988426351481274,,,1,,,True,INDIRECT_PATH_DIFFERENCE,1
2023-08-05 00:00:00+00:00,2023-08-04 00:00:00+00:00,BEAR,BEAR,3,3,0.55,0.55,0.6226639202365776,0.6226639202365776,,2023-08-04 00:00:00+00:00,EARLY_BEAR,EARLY_BEAR,2,2,0.7,0.7,0.6982557216465741,0.6982557216465741,,,1,,,True,INDIRECT_PATH_DIFFERENCE,1
2023-08-06 00:00:00+00:00,2023-08-05 00:00:00+00:00,BEAR,BEAR,3,3,0.55,0.55,0.6228939006976684,0.6228939006976684,,2023-08-05 00:00:00+00:00,EARLY_BEAR,EARLY_BEAR,2,2,0.7,0.7,0.6984369845449838,0.6984369845449838,,,1,,,True,INDIRECT_PATH_DIFFERENCE,1
2023-08-07 00:00:00+00:00,2023-08-06 00:00:00+00:00,BEAR,BEAR,3,3,0.55,0.55,0.6226053958014744,0.6226053958014744,,2023-08-06 00:00:00+00:00,EARLY_BEAR,EARLY_BEAR,2,2,0.7,0.7,0.6981931113195212,0.6981931113195212,,,1,,,True,INDIRECT_PATH_DIFFERENCE,1
2023-08-08 00:00:00+00:00,2023-08-07 00:00:00+00:00,BEAR,BEAR,3,3,0.55,0.55,0.6230724983621617,0.6230724983621617,,2023-08-07 00:00:00+00:00,EARLY_BEAR,EARLY_BEAR,2,2,0.7,0.7,0.6986308738955457,0.6986308738955457,,,1,,,True,INDIRECT_PATH_DIFFERENCE,1
2023-08-09 00:00:00+00:00,2023-08-08 00:00:00+00:00,BEAR,BEAR,3,3,0.55,0.55,0.6270708862936916,0.6270708862936916,,2023-08-08 00:00:00+00:00,EARLY_BEAR,EARLY_BEAR,2,2,0.7,0.7,0.7022267405138201,0.7022267405138201,,,1,,,True,INDIRECT_PATH_DIFFERENCE,1
2023-08-10 00:00:00+00:00,2023-08-09 00:00:00+00:00,BEAR,BEAR,3,3,0.55,0.55,0.6262599650001489,0.6262599650001489,,2023-08-09 00:00:00+00:00,EARLY_BEAR,EARLY_BEAR,2,2,0.7,0.7,0.7014722340997493,0.7014722340997493,,,1,,,True,INDIRECT_PATH_DIFFERENCE,1
2023-08-11 00:00:00+00:00,2023-08-10 00:00:00+00:00,BEAR,BEAR,3,3,0.55,0.55,0.6255856338012603,0.6255856338012603,,2023-08-10 00:00:00+00:00,EARLY_BEAR,DISTRIBUTION,2,1,0.7,0.85,0.7008535951999495,0.7008535951999495,EARLY_BEAR_TO_DISTRIBUTION,,1,,EARLY_BEAR_TO_DISTRIBUTION,True,INDIRECT_PATH_DIFFERENCE,1
2023-08-12 00:00:00+00:00,2023-08-11 00:00:00+00:00,BEAR,BEAR,3,3,0.55,0.55,0.6252655056197877,0.6252655056197877,,2023-08-11 00:00:00+00:00,DISTRIBUTION,DISTRIBUTION,1,1,0.85,0.85,0.7005683252430801,0.7005683252430801,,,1,,,True,INDIRECT_PATH_DIFFERENCE,1
2023-08-13 00:00:00+00:00,2023-08-12 00:00:00+00:00,BEAR,BEAR,3,3,0.55,0.55,0.6253724034761292,0.6253724034761292,,2023-08-12 00:00:00+00:00,DISTRIBUTION,DISTRIBUTION,1,1,0.85,0.85,0.7006590139826766,0.7006590139826766,,,1,,,True,INDIRECT_PATH_DIFFERENCE,1
2023-08-14 00:00:00+00:00,2023-08-13 00:00:00+00:00,BEAR,BEAR,3,3,0.55,0.55,0.6243098560812705,0.6243098560812705,,2023-08-13 00:00:00+00:00,DISTRIBUTION,DISTRIBUTION,1,1,0.85,0.85,0.6997075915518012,0.6997075915518012,,,1,,,True,INDIRECT_PATH_DIFFERENCE,1
2023-08-15 00:00:00+00:00,2023-08-14 00:00:00+00:00,BEAR,BEAR,3,3,0.55,0.55,0.6251527250670285,0.6251527250670285,,2023-08-14 00:00:00+00:00,DISTRIBUTION,DISTRIBUTION,1,1,0.85,0.85,0.7004673021284896,0.7004673021284896,,,1,,,True,INDIRECT_PATH_DIFFERENCE,1
2023-08-16 00:00:00+00:00,2023-08-15 00:00:00+00:00,BEAR,BEAR,3,3,0.55,0.55,0.6232034093454022,0.6232034093454022,,2023-08-15 00:00:00+00:00,DISTRIBUTION,DISTRIBUTION,1,1,0.85,0.85,0.6987229197023708,0.6987229197023708,,,1,,,True,INDIRECT_PATH_DIFFERENCE,1
2023-08-17 00:00:00+00:00,2023-08-16 00:00:00+00:00,BEAR,BEAR,3,3,0.55,0.55,0.6199267411243731,0.6199267411243731,,2023-08-16 00:00:00+00:00,DISTRIBUTION,DISTRIBUTION,1,1,0.85,0.85,0.6957586743135319,0.6957586743135319,,,1,,,True,INDIRECT_PATH_DIFFERENCE,1
2023-08-18 00:00:00+00:00,2023-08-17 00:00:00+00:00,BEAR,BEAR,3,3,0.55,0.55,0.6022756864289214,0.6022756864289214,,2023-08-17 00:00:00+00:00,DISTRIBUTION,EARLY_BEAR,1,2,0.85,0.7,0.6797897935570182,0.6797897935570182,STAGE2_SELL:EXPOSURE_GAP_BELOW_5PP,,1,,STAGE2_SELL:EXPOSURE_GAP_BELOW_5PP,True,INDIRECT_PATH_DIFFERENCE,1
2023-08-19 00:00:00+00:00,2023-08-18 00:00:00+00:00,BEAR,BEAR,3,3,0.55,0.55,0.598233837356301,0.598233837356301,,2023-08-18 00:00:00+00:00,EARLY_BEAR,EARLY_BEAR,2,2,0.7,0.7,0.676063039494894,0.676063039494894,STAGE3_REENTRY_CANDIDATE:2|STAGE3_HELD_FOR_3_CLOSE_CONFIRMATION,2,2,,,True,INDIRECT_PATH_DIFFERENCE,2
2023-08-20 00:00:00+00:00,2023-08-19 00:00:00+00:00,BEAR,BEAR,3,3,0.55,0.55,0.5990413237085879,0.5990413237085879,,2023-08-19 00:00:00+00:00,EARLY_BEAR,BEAR,2,3,0.7,0.55,0.6767806947177673,0.55,STAGE3_ELIGIBILITY_EXIT:SMA200_HARD_FAILURE_3_CLOSES|STAGE3_SELL:EXECUTED,,2,,STAGE3_SELL:EXECUTED,True,INDIRECT_PATH_DIFFERENCE,2
2023-08-21 00:00:00+00:00,2023-08-20 00:00:00+00:00,BEAR,BEAR,3,3,0.55,0.55,0.6005689039394287,0.6005689039394287,,2023-08-20 00:00:00+00:00,BEAR,BEAR,3,3,0.55,0.55,0.5515735888867346,0.5515735888867346,,,2,,,True,INDIRECT_PATH_DIFFERENCE,2
2023-08-22 00:00:00+00:00,2023-08-21 00:00:00+00:00,BEAR,BEAR,3,3,0.55,0.55,0.5990754679759586,0.5990754679759586,,2023-08-21 00:00:00+00:00,BEAR,BEAR,3,3,0.55,0.55,0.5500390610770499,0.5500390610770499,,,2,,,True,INDIRECT_PATH_DIFFERENCE,2
2023-08-23 00:00:00+00:00,2023-08-22 00:00:00+00:00,BEAR,BEAR,3,3,0.55,0.55,0.5964904628598755,0.5964904628598755,,2023-08-22 00:00:00+00:00,BEAR,BEAR,3,3,0.55,0.55,0.5473853372800778,0.5473853372800778,,,2,,,True,INDIRECT_PATH_DIFFERENCE,2
2023-08-24 00:00:00+00:00,2023-08-23 00:00:00+00:00,BEAR,BEAR,3,3,0.55,0.55,0.6014086950032814,0.6014086950032814,,2023-08-23 00:00:00+00:00,BEAR,BEAR,3,3,0.55,0.55,0.5524492295485485,0.5524492295485485,,,2,,,True,INDIRECT_PATH_DIFFERENCE,2
2023-08-25 00:00:00+00:00,2023-08-24 00:00:00+00:00,BEAR,BEAR,3,3,0.55,0.55,0.5989643283829549,0.5989643283829549,,2023-08-24 00:00:00+00:00,BEAR,BEAR,3,3,0.55,0.55,0.5499313659797408,0.5499313659797408,,,2,,,True,INDIRECT_PATH_DIFFERENCE,2
2023-08-26 00:00:00+00:00,2023-08-25 00:00:00+00:00,BEAR,BEAR,3,3,0.55,0.55,0.5979036521461377,0.5979036521461377,,2023-08-25 00:00:00+00:00,BEAR,BEAR,3,3,0.55,0.55,0.5488400953834134,0.5488400953834134,,,2,,,True,INDIRECT_PATH_DIFFERENCE,2
2023-08-27 00:00:00+00:00,2023-08-26 00:00:00+00:00,BEAR,BEAR,3,3,0.55,0.55,0.5972531879372638,0.5972531879372638,,2023-08-26 00:00:00+00:00,BEAR,BEAR,3,3,0.55,0.55,0.5481727402511692,0.5481727402511692,,,2,,,True,INDIRECT_PATH_DIFFERENCE,2
2023-08-28 00:00:00+00:00,2023-08-27 00:00:00+00:00,BEAR,BEAR,3,3,0.55,0.55,0.5984730248740784,0.5984730248740784,,2023-08-27 00:00:00+00:00,BEAR,BEAR,3,3,0.55,0.55,0.54942903600279,0.54942903600279,,,2,,,True,INDIRECT_PATH_DIFFERENCE,2
2023-08-29 00:00:00+00:00,2023-08-28 00:00:00+00:00,BEAR,BEAR,3,3,0.55,0.55,0.5982217731209266,0.5982217731209266,,2023-08-28 00:00:00+00:00,BEAR,BEAR,3,3,0.55,0.55,0.54917331238934,0.54917331238934,,,2,,,True,INDIRECT_PATH_DIFFERENCE,2
2023-08-30 00:00:00+00:00,2023-08-29 00:00:00+00:00,BEAR,BEAR,3,3,0.55,0.55,0.6108119586084408,0.6108119586084408,,2023-08-29 00:00:00+00:00,BEAR,BEAR,3,3,0.55,0.55,0.5621829616317833,0.5621829616317833,,,2,,,True,INDIRECT_PATH_DIFFERENCE,2
2023-08-31 00:00:00+00:00,2023-08-30 00:00:00+00:00,BEAR,BEAR,3,3,0.55,0.55,0.6073527891945064,0.6073527891945064,,2023-08-30 00:00:00+00:00,BEAR,BEAR,3,3,0.55,0.55,0.5586048673078284,0.5586048673078284,,,2,,,True,INDIRECT_PATH_DIFFERENCE,2
2023-09-01 00:00:00+00:00,2023-08-31 00:00:00+00:00,BEAR,BEAR,3,3,0.55,0.55,0.5969254395018826,0.5969254395018826,,2023-08-31 00:00:00+00:00,BEAR,BEAR,3,3,0.55,0.55,0.5478415507588164,0.5478415507588164,,,2,,,True,INDIRECT_PATH_DIFFERENCE,2
2023-09-02 00:00:00+00:00,2023-09-01 00:00:00+00:00,BEAR,BEAR,3,3,0.55,0.55,0.5951226790771389,0.5951226790771389,,2023-09-01 00:00:00+00:00,BEAR,BEAR,3,3,0.55,0.55,0.5459897976341934,0.5459897976341934,,,2,,,True,INDIRECT_PATH_DIFFERENCE,2
2023-09-03 00:00:00+00:00,2023-09-02 00:00:00+00:00,BEAR,BEAR,3,3,0.55,0.55,0.5960196317818942,0.5960196317818942,,2023-09-02 00:00:00+00:00,BEAR,BEAR,3,3,0.55,0.55,0.5469132166904467,0.5469132166904467,,,2,,,True,INDIRECT_PATH_DIFFERENCE,2
2023-09-04 00:00:00+00:00,2023-09-03 00:00:00+00:00,BEAR,BEAR,3,3,0.55,0.55,0.5964565382499408,0.5964565382499408,,2023-09-03 00:00:00+00:00,BEAR,BEAR,3,3,0.55,0.55,0.5473663449036597,0.5473663449036597,,,2,,,True,INDIRECT_PATH_DIFFERENCE,2
2023-09-05 00:00:00+00:00,2023-09-04 00:00:00+00:00,BEAR,BEAR,3,3,0.55,0.55,0.5954034136569437,0.5954034136569437,,2023-09-04 00:00:00+00:00,BEAR,BEAR,3,3,0.55,0.55,0.5462830363074329,0.5462830363074329,,,2,,,True,INDIRECT_PATH_DIFFERENCE,2
2023-09-06 00:00:00+00:00,2023-09-05 00:00:00+00:00,BEAR,BEAR,3,3,0.55,0.55,0.5955431318831993,0.5955431318831993,,2023-09-05 00:00:00+00:00,BEAR,BEAR,3,3,0.55,0.55,0.5464266893419071,0.5464266893419071,,,2,,,True,INDIRECT_PATH_DIFFERENCE,2
2023-09-07 00:00:00+00:00,2023-09-06 00:00:00+00:00,BEAR,BEAR,3,3,0.55,0.55,0.5953208840803249,0.5953208840803249,,2023-09-06 00:00:00+00:00,BEAR,BEAR,3,3,0.55,0.55,0.5461993107587695,0.5461993107587695,,,2,,,True,INDIRECT_PATH_DIFFERENCE,2
2023-09-08 00:00:00+00:00,2023-09-07 00:00:00+00:00,BEAR,BEAR,3,3,0.55,0.55,0.5987882376495731,0.5987882376495731,,2023-09-07 00:00:00+00:00,BEAR,BEAR,3,3,0.55,0.55,0.5497749570103655,0.5497749570103655,,,2,,,True,INDIRECT_PATH_DIFFERENCE,2
2023-09-09 00:00:00+00:00,2023-09-08 00:00:00+00:00,BEAR,BEAR,3,3,0.55,0.55,0.5963375673374889,0.5963375673374889,,2023-09-08 00:00:00+00:00,BEAR,BEAR,3,3,0.55,0.55,0.5472501236532655,0.5472501236532655,,,2,,,True,INDIRECT_PATH_DIFFERENCE,2
2023-09-10 00:00:00+00:00,2023-09-09 00:00:00+00:00,BEAR,BEAR,3,3,0.55,0.55,0.5962578618627854,0.5962578618627854,,2023-09-09 00:00:00+00:00,BEAR,BEAR,3,3,0.55,0.55,0.547169648968477,0.547169648968477,,,2,,,True,INDIRECT_PATH_DIFFERENCE,2
2023-09-11 00:00:00+00:00,2023-09-10 00:00:00+00:00,BEAR,BEAR,3,3,0.55,0.55,0.5947145103630409,0.5947145103630409,,2023-09-10 00:00:00+00:00,BEAR,BEAR,3,3,0.55,0.55,0.5455869316589906,0.5455869316589906,,,2,,,True,INDIRECT_PATH_DIFFERENCE,2
2023-09-12 00:00:00+00:00,2023-09-11 00:00:00+00:00,BEAR,BEAR,3,3,0.55,0.55,0.5866142699013855,0.5866142699013855,,2023-09-11 00:00:00+00:00,BEAR,BEAR,3,3,0.55,0.55,0.5372766714716327,0.5372766714716327,,,2,,,True,INDIRECT_PATH_DIFFERENCE,2
2023-09-13 00:00:00+00:00,2023-09-12 00:00:00+00:00,BEAR,BEAR,3,3,0.55,0.55,0.5930227318576509,0.5930227318576509,,2023-09-12 00:00:00+00:00,BEAR,BEAR,3,3,0.55,0.55,0.5438569096444296,0.5438569096444296,,,2,,,True,INDIRECT_PATH_DIFFERENCE,2
2023-09-14 00:00:00+00:00,2023-09-13 00:00:00+00:00,BEAR,BEAR,3,3,0.55,0.55,0.5959598925789837,0.5959598925789837,,2023-09-13 00:00:00+00:00,BEAR,BEAR,3,3,0.55,0.55,0.5468816437675125,0.5468816437675125,,,2,,,True,INDIRECT_PATH_DIFFERENCE,2
2023-09-15 00:00:00+00:00,2023-09-14 00:00:00+00:00,BEAR,BEAR,3,3,0.55,0.55,0.5987591562762442,0.5987591562762442,,2023-09-14 00:00:00+00:00,BEAR,BEAR,3,3,0.55,0.55,0.549765389995846,0.549765389995846,,,2,,,True,INDIRECT_PATH_DIFFERENCE,2
2023-09-16 00:00:00+00:00,2023-09-15 00:00:00+00:00,BEAR,BEAR,3,3,0.55,0.55,0.600180300508526,0.600180300508526,,2023-09-15 00:00:00+00:00,BEAR,BEAR,3,3,0.55,0.55,0.5512287961976273,0.5512287961976273,,,2,,,True,INDIRECT_PATH_DIFFERENCE,2
2023-09-17 00:00:00+00:00,2023-09-16 00:00:00+00:00,BEAR,BEAR,3,3,0.55,0.55,0.5995376780775917,0.5995376780775917,,2023-09-16 00:00:00+00:00,BEAR,BEAR,3,3,0.55,0.55,0.5505690288792409,0.5505690288792409,,,2,,,True,INDIRECT_PATH_DIFFERENCE,2
2023-09-18 00:00:00+00:00,2023-09-17 00:00:00+00:00,BEAR,BEAR,3,3,0.55,0.55,0.5985835758986406,0.5985835758986406,,2023-09-17 00:00:00+00:00,BEAR,BEAR,3,3,0.55,0.55,0.5495900085575898,0.5495900085575898,,,2,,,True,INDIRECT_PATH_DIFFERENCE,2
2023-09-19 00:00:00+00:00,2023-09-18 00:00:00+00:00,BEAR,BEAR,3,3,0.55,0.55,0.6007137943961853,0.6007137943961853,,2023-09-18 00:00:00+00:00,BEAR,BEAR,3,3,0.55,0.55,0.5517870319470087,0.5517870319470087,,,2,,,True,INDIRECT_PATH_DIFFERENCE,2
2023-09-20 00:00:00+00:00,2023-09-19 00:00:00+00:00,BEAR,BEAR,3,3,0.55,0.55,0.6032986768077179,0.6032986768077179,,2023-09-19 00:00:00+00:00,BEAR,BEAR,3,3,0.55,0.55,0.554460639707873,0.554460639707873,,,2,,,True,INDIRECT_PATH_DIFFERENCE,2
2023-09-21 00:00:00+00:00,2023-09-20 00:00:00+00:00,BEAR,BEAR,3,3,0.55,0.55,0.601500565015601,0.601500565015601,,2023-09-20 00:00:00+00:00,BEAR,BEAR,3,3,0.55,0.55,0.5526109425425618,0.5526109425425618,,,2,,,True,INDIRECT_PATH_DIFFERENCE,2
2023-09-22 00:00:00+00:00,2023-09-21 00:00:00+00:00,BEAR,BEAR,3,3,0.55,0.55,0.5961912741079098,0.5961912741079098,,2023-09-21 00:00:00+00:00,BEAR,BEAR,3,3,0.55,0.55,0.5471435211190536,0.5471435211190536,,,2,,,True,INDIRECT_PATH_DIFFERENCE,2
2023-09-23 00:00:00+00:00,2023-09-22 00:00:00+00:00,BEAR,BEAR,3,3,0.55,0.55,0.5969173018250254,0.5969173018250254,,2023-09-22 00:00:00+00:00,BEAR,BEAR,3,3,0.55,0.55,0.5478900172328789,0.5478900172328789,,,2,,,True,INDIRECT_PATH_DIFFERENCE,2
2023-09-24 00:00:00+00:00,2023-09-23 00:00:00+00:00,BEAR,BEAR,3,3,0.55,0.55,0.5969783070853091,0.5969783070853091,,2023-09-23 00:00:00+00:00,BEAR,BEAR,3,3,0.55,0.55,0.5479540035615202,0.5479540035615202,,,2,,,True,INDIRECT_PATH_DIFFERENCE,2
2023-09-25 00:00:00+00:00,2023-09-24 00:00:00+00:00,BEAR,BEAR,3,3,0.55,0.55,0.5944792951649016,0.5944792951649016,,2023-09-24 00:00:00+00:00,BEAR,BEAR,3,3,0.55,0.55,0.5453821623876182,0.5453821623876182,,,2,,,True,INDIRECT_PATH_DIFFERENCE,2
2023-09-26 00:00:00+00:00,2023-09-25 00:00:00+00:00,BEAR,BEAR,3,3,0.55,0.55,0.5953227587792785,0.5953227587792785,,2023-09-25 00:00:00+00:00,BEAR,BEAR,3,3,0.55,0.55,0.54625010852919,0.54625010852919,,,2,,,True,INDIRECT_PATH_DIFFERENCE,2
2023-09-27 00:00:00+00:00,2023-09-26 00:00:00+00:00,BEAR,BEAR,3,3,0.55,0.55,0.5953437551549077,0.5953437551549077,,2023-09-26 00:00:00+00:00,BEAR,BEAR,3,3,0.55,0.55,0.5462702276442306,0.5462702276442306,,,2,,,True,INDIRECT_PATH_DIFFERENCE,2
2023-09-28 00:00:00+00:00,2023-09-27 00:00:00+00:00,BEAR,BEAR,3,3,0.55,0.55,0.596434031839736,0.596434031839736,,2023-09-27 00:00:00+00:00,BEAR,BEAR,3,3,0.55,0.55,0.5473949372960233,0.5473949372960233,,,2,,,True,INDIRECT_PATH_DIFFERENCE,2
2023-09-29 00:00:00+00:00,2023-09-28 00:00:00+00:00,BEAR,BEAR,3,3,0.55,0.55,0.6033172923076291,0.6033172923076291,,2023-09-28 00:00:00+00:00,BEAR,BEAR,3,3,0.55,0.55,0.5544872643611742,0.5544872643611742,,,2,,,True,INDIRECT_PATH_DIFFERENCE,2
2023-09-30 00:00:00+00:00,2023-09-29 00:00:00+00:00,BEAR,BEAR,3,3,0.55,0.55,0.6037842372754979,0.6037842372754979,,2023-09-29 00:00:00+00:00,BEAR,BEAR,3,3,0.55,0.55,0.5549650090968091,0.5549650090968091,,,2,,,True,INDIRECT_PATH_DIFFERENCE,2
2023-10-01 00:00:00+00:00,2023-09-30 00:00:00+00:00,BEAR,BEAR,3,3,0.55,0.55,0.6043032831075918,0.6043032831075918,,2023-09-30 00:00:00+00:00,BEAR,BEAR,3,3,0.55,0.55,0.5555023429728335,0.5555023429728335,,,2,,,True,INDIRECT_PATH_DIFFERENCE,2
2023-10-02 00:00:00+00:00,2023-10-01 00:00:00+00:00,BEAR,BEAR,3,3,0.55,0.55,0.6131978830593924,0.6131978830593924,,2023-10-01 00:00:00+00:00,BEAR,BEAR,3,3,0.55,0.55,0.5647053680961875,0.5647053680961875,,,2,,,True,INDIRECT_PATH_DIFFERENCE,2
2023-10-03 00:00:00+00:00,2023-10-02 00:00:00+00:00,BEAR,BEAR,3,3,0.55,0.55,0.6062642497062077,0.6062642497062077,,2023-10-02 00:00:00+00:00,BEAR,BEAR,3,3,0.55,0.55,0.5575417043797627,0.5575417043797627,,,2,,,True,INDIRECT_PATH_DIFFERENCE,2
2023-10-04 00:00:00+00:00,2023-10-03 00:00:00+00:00,BEAR,BEAR,3,3,0.55,0.55,0.6056030989367691,0.6056030989367691,,2023-10-03 00:00:00+00:00,BEAR,BEAR,3,3,0.55,0.55,0.5568603233323844,0.5568603233323844,,,2,,,True,INDIRECT_PATH_DIFFERENCE,2
2023-10-05 00:00:00+00:00,2023-10-04 00:00:00+00:00,BEAR,BEAR,3,3,0.55,0.55,0.6065754405620118,0.6065754405620118,,2023-10-04 00:00:00+00:00,BEAR,BEAR,3,3,0.55,0.55,0.5578748915963794,0.5578748915963794,,,2,,,True,INDIRECT_PATH_DIFFERENCE,2
2023-10-06 00:00:00+00:00,2023-10-05 00:00:00+00:00,BEAR,BEAR,3,3,0.55,0.55,0.6025312411371325,0.6025312411371325,,2023-10-05 00:00:00+00:00,BEAR,BEAR,3,3,0.55,0.55,0.5537033753336044,0.5537033753336044,,,2,,,True,INDIRECT_PATH_DIFFERENCE,2
2023-10-07 00:00:00+00:00,2023-10-06 00:00:00+00:00,BEAR,BEAR,3,3,0.55,0.55,0.6072291121563094,0.6072291121563094,,2023-10-06 00:00:00+00:00,BEAR,BEAR,3,3,0.55,0.55,0.5585562346676377,0.5585562346676377,,,2,,,True,INDIRECT_PATH_DIFFERENCE,2
2023-10-08 00:00:00+00:00,2023-10-07 00:00:00+00:00,BEAR,BEAR,3,3,0.55,0.55,0.6066087251782905,0.6066087251782905,,2023-10-07 00:00:00+00:00,BEAR,BEAR,3,3,0.55,0.55,0.5579198387419125,0.5579198387419125,,,2,,,True,INDIRECT_PATH_DIFFERENCE,2
2023-10-09 00:00:00+00:00,2023-10-08 00:00:00+00:00,BEAR,BEAR,3,3,0.55,0.55,0.6064029555987291,0.6064029555987291,,2023-10-08 00:00:00+00:00,BEAR,BEAR,3,3,0.55,0.55,0.5577081336862924,0.5577081336862924,,,2,,,True,INDIRECT_PATH_DIFFERENCE,2
2023-10-10 00:00:00+00:00,2023-10-09 00:00:00+00:00,BEAR,BEAR,3,3,0.55,0.55,0.6013241667432637,0.6013241667432637,,2023-10-09 00:00:00+00:00,BEAR,BEAR,3,3,0.55,0.55,0.5524754959123497,0.5524754959123497,,,2,,,True,INDIRECT_PATH_DIFFERENCE,2
2023-10-11 00:00:00+00:00,2023-10-10 00:00:00+00:00,BEAR,BEAR,3,3,0.55,0.55,0.5995319050953686,0.5995319050953686,,2023-10-10 00:00:00+00:00,BEAR,BEAR,3,3,0.55,0.55,0.5506294755475697,0.5506294755475697,,,2,,,True,INDIRECT_PATH_DIFFERENCE,2
2023-10-12 00:00:00+00:00,2023-10-11 00:00:00+00:00,BEAR,BEAR,3,3,0.55,0.55,0.5970156565088495,0.5970156565088495,,2023-10-11 00:00:00+00:00,BEAR,BEAR,3,3,0.55,0.55,0.5480308127068331,0.5480308127068331,,,2,,,True,INDIRECT_PATH_DIFFERENCE,2
2023-10-13 00:00:00+00:00,2023-10-12 00:00:00+00:00,BEAR,BEAR,3,3,0.55,0.55,0.5945549389463316,0.5945549389463316,,2023-10-12 00:00:00+00:00,BEAR,BEAR,3,3,0.55,0.55,0.5455060790201978,0.5455060790201978,,,2,,,True,INDIRECT_PATH_DIFFERENCE,2
2023-10-14 00:00:00+00:00,2023-10-13 00:00:00+00:00,BEAR,BEAR,3,3,0.55,0.55,0.5959711959774331,0.5959711959774331,,2023-10-13 00:00:00+00:00,BEAR,BEAR,3,3,0.55,0.55,0.5469626607388062,0.5469626607388062,,,2,,,True,INDIRECT_PATH_DIFFERENCE,2
2023-10-15 00:00:00+00:00,2023-10-14 00:00:00+00:00,BEAR,BEAR,3,3,0.55,0.55,0.5961469104923991,0.5961469104923991,,2023-10-14 00:00:00+00:00,BEAR,BEAR,3,3,0.55,0.55,0.5471439960285626,0.5471439960285626,,,2,,,True,INDIRECT_PATH_DIFFERENCE,2
2023-10-16 00:00:00+00:00,2023-10-15 00:00:00+00:00,BEAR,BEAR,3,3,0.55,0.55,0.5978426417126502,0.5978426417126502,,2023-10-15 00:00:00+00:00,BEAR,BEAR,3,3,0.55,0.55,0.5488954362992536,0.5488954362992536,,,2,,,True,INDIRECT_PATH_DIFFERENCE,2
2023-10-17 00:00:00+00:00,2023-10-16 00:00:00+00:00,BEAR,BEAR,3,3,0.55,0.55,0.6070909171237752,0.6070909171237752,,2023-10-16 00:00:00+00:00,BEAR,BEAR,3,3,0.55,0.55,0.5584491927905384,0.5584491927905384,,,2,,,True,INDIRECT_PATH_DIFFERENCE,2
2023-10-18 00:00:00+00:00,2023-10-17 00:00:00+00:00,BEAR,BEAR,3,3,0.55,0.55,0.6043210941108639,0.6043210941108639,,2023-10-17 00:00:00+00:00,BEAR,BEAR,3,3,0.55,0.55,0.5555969471585209,0.5555969471585209,,,2,,,True,INDIRECT_PATH_DIFFERENCE,2
2023-10-19 00:00:00+00:00,2023-10-18 00:00:00+00:00,BEAR,BEAR,3,3,0.55,0.55,0.6038841168154342,0.6038841168154342,,2023-10-18 00:00:00+00:00,BEAR,BEAR,3,3,0.55,0.55,0.5551464275929345,0.5551464275929345,,,2,,,True,INDIRECT_PATH_DIFFERENCE,2
2023-10-20 00:00:00+00:00,2023-10-19 00:00:00+00:00,BEAR,BEAR,3,3,0.55,0.55,0.6059651216775822,0.6059651216775822,,2023-10-19 00:00:00+00:00,BEAR,BEAR,3,3,0.55,0.55,0.5573024496939831,0.5573024496939831,,,2,,,True,INDIRECT_PATH_DIFFERENCE,2
2023-10-21 00:00:00+00:00,2023-10-20 00:00:00+00:00,BEAR,BEAR,3,3,0.55,0.55,0.6128220204491036,0.6128220204491036,,2023-10-20 00:00:00+00:00,BEAR,BEAR,3,3,0.55,0.55,0.5644028764963073,0.5644028764963073,,,2,,,True,INDIRECT_PATH_DIFFERENCE,2
2023-10-22 00:00:00+00:00,2023-10-21 00:00:00+00:00,BEAR,BEAR,3,3,0.55,0.55,0.6155313814629497,0.6155313814629497,,2023-10-21 00:00:00+00:00,BEAR,BEAR,3,3,0.55,0.55,0.5672098083929894,0.5672098083929894,,,2,,,True,INDIRECT_PATH_DIFFERENCE,2
2023-10-23 00:00:00+00:00,2023-10-22 00:00:00+00:00,BEAR,BEAR,3,3,0.55,0.55,0.6181200451928052,0.6181200451928052,,2023-10-22 00:00:00+00:00,BEAR,BEAR,3,3,0.55,0.55,0.5698896385006391,0.5698896385006391,,,2,,,True,INDIRECT_PATH_DIFFERENCE,2
2023-10-24 00:00:00+00:00,2023-10-23 00:00:00+00:00,BEAR,BEAR,3,3,0.55,0.55,0.6370453810479717,0.6370453810479717,,2023-10-23 00:00:00+00:00,BEAR,BEAR,3,3,0.55,0.55,0.5896363966059112,0.5896363966059112,,,2,,,True,INDIRECT_PATH_DIFFERENCE,2
2023-10-25 00:00:00+00:00,2023-10-24 00:00:00+00:00,BEAR,BEAR,3,3,0.55,0.55,0.6414962937719932,0.6414962937719932,,2023-10-24 00:00:00+00:00,BEAR,BEAR,3,3,0.55,0.55,0.5943059299975426,0.5943059299975426,,,2,,,True,INDIRECT_PATH_DIFFERENCE,2
2023-10-26 00:00:00+00:00,2023-10-25 00:00:00+00:00,BEAR,BEAR,3,3,0.55,0.55,0.6438374084118439,0.6438374084118439,,2023-10-25 00:00:00+00:00,BEAR,BEAR,3,3,0.55,0.55,0.5967694335945753,0.5967694335945753,,,2,,,True,INDIRECT_PATH_DIFFERENCE,2
2023-10-27 00:00:00+00:00,2023-10-26 00:00:00+00:00,BEAR,BEAR,3,3,0.55,0.55,0.6434324037446655,0.6434324037446655,,2023-10-26 00:00:00+00:00,BEAR,BEAR,3,3,0.55,0.55,0.5963372878077791,0.5963372878077791,,,2,,,True,INDIRECT_PATH_DIFFERENCE,2
2023-10-28 00:00:00+00:00,2023-10-27 00:00:00+00:00,BEAR,BEAR,3,3,0.55,0.55,0.6411312927620282,0.6411312927620282,,2023-10-27 00:00:00+00:00,BEAR,BEAR,3,3,0.55,0.55,0.5939277550960556,0.5939277550960556,,,2,,,True,INDIRECT_PATH_DIFFERENCE,2
2023-10-29 00:00:00+00:00,2023-10-28 00:00:00+00:00,BEAR,BEAR,3,3,0.55,0.55,0.6417058431094942,0.6417058431094942,,2023-10-28 00:00:00+00:00,BEAR,BEAR,3,3,0.55,0.55,0.5945344750710949,0.5945344750710949,,,2,,,True,INDIRECT_PATH_DIFFERENCE,2
2023-10-30 00:00:00+00:00,2023-10-29 00:00:00+00:00,BEAR,BEAR,3,3,0.55,0.55,0.6444711727368718,0.6444711727368718,,2023-10-29 00:00:00+00:00,BEAR,BEAR,3,3,0.55,0.55,0.5974376735063011,0.5974376735063011,,,2,,,True,INDIRECT_PATH_DIFFERENCE,2
2023-10-31 00:00:00+00:00,2023-10-30 00:00:00+00:00,BEAR,BEAR,3,3,0.55,0.55,0.645053567211149,0.645053567211149,,2023-10-30 00:00:00+00:00,BEAR,BEAR,3,3,0.55,0.55,0.5980461930192508,0.5980461930192508,,,2,,,True,INDIRECT_PATH_DIFFERENCE,2
2023-11-01 00:00:00+00:00,2023-10-31 00:00:00+00:00,BEAR,BEAR,3,3,0.55,0.55,0.6460038699478633,0.6460038699478633,,2023-10-31 00:00:00+00:00,BEAR,BEAR,3,3,0.55,0.55,0.5990460001006924,0.5990460001006924,,,2,,,True,INDIRECT_PATH_DIFFERENCE,2
2023-11-02 00:00:00+00:00,2023-11-01 00:00:00+00:00,BEAR,BEAR,3,3,0.55,0.55,0.6506570377641167,0.55,DRIFT_SELL:EXECUTED,2023-11-01 00:00:00+00:00,BEAR,BEAR,3,3,0.55,0.55,0.6039411598803908,0.6039411598803908,,,2,DRIFT_SELL:EXECUTED,,True,INDIRECT_PATH_DIFFERENCE,2
2023-11-03 00:00:00+00:00,2023-11-02 00:00:00+00:00,BEAR,BEAR,3,3,0.55,0.55,0.5453851267836217,0.5453851267836217,,2023-11-02 00:00:00+00:00,BEAR,BEAR,3,3,0.55,0.55,0.5995059712554869,0.5995059712554869,,,2,,,True,INDIRECT_PATH_DIFFERENCE,2
2023-11-04 00:00:00+00:00,2023-11-03 00:00:00+00:00,BEAR,BEAR,3,3,0.55,0.55,0.5464148882421068,0.5464148882421068,,2023-11-03 00:00:00+00:00,BEAR,BEAR,3,3,0.55,0.55,0.6004341524873528,0.6004341524873528,,,2,,,True,INDIRECT_PATH_DIFFERENCE,2
2023-11-05 00:00:00+00:00,2023-11-04 00:00:00+00:00,BEAR,BEAR,3,3,0.55,0.55,0.5491640849872805,0.5491640849872805,,2023-11-04 00:00:00+00:00,BEAR,BEAR,3,3,0.55,0.55,0.6030841579148523,0.6030841579148523,,,2,,,True,INDIRECT_PATH_DIFFERENCE,2
2023-11-06 00:00:00+00:00,2023-11-05 00:00:00+00:00,BEAR,BEAR,3,3,0.55,0.55,0.551110278854229,0.551110278854229,,2023-11-05 00:00:00+00:00,BEAR,BEAR,3,3,0.55,0.55,0.6049054373769581,0.6049054373769581,,,2,,,True,INDIRECT_PATH_DIFFERENCE,2
2023-11-07 00:00:00+00:00,2023-11-06 00:00:00+00:00,BEAR,BEAR,3,3,0.55,0.55,0.5518074840805194,0.5518074840805194,,2023-11-06 00:00:00+00:00,BEAR,BEAR,3,3,0.55,0.55,0.605565483731671,0.605565483731671,,,2,,,True,INDIRECT_PATH_DIFFERENCE,2
2023-11-08 00:00:00+00:00,2023-11-07 00:00:00+00:00,BEAR,BEAR,3,3,0.55,0.55,0.5522992734597643,0.5522992734597643,,2023-11-07 00:00:00+00:00,BEAR,BEAR,3,3,0.55,0.55,0.6060878245979033,0.6060878245979033,,,2,,,True,INDIRECT_PATH_DIFFERENCE,2
2023-11-09 00:00:00+00:00,2023-11-08 00:00:00+00:00,BEAR,BEAR,3,3,0.55,0.55,0.5533667060177154,0.5533667060177154,,2023-11-08 00:00:00+00:00,BEAR,BEAR,3,3,0.55,0.55,0.6071287531947344,0.6071287531947344,,,2,,,True,INDIRECT_PATH_DIFFERENCE,2
2023-11-10 00:00:00+00:00,2023-11-09 00:00:00+00:00,BEAR,BEAR,3,3,0.55,0.55,0.5703554468426626,0.5703554468426626,,2023-11-09 00:00:00+00:00,BEAR,BEAR,3,3,0.55,0.55,0.6232275423564198,0.6232275423564198,,,2,,,True,INDIRECT_PATH_DIFFERENCE,2
2023-11-11 00:00:00+00:00,2023-11-10 00:00:00+00:00,BEAR,BEAR,3,3,0.55,0.55,0.5702060876236262,0.5702060876236262,,2023-11-10 00:00:00+00:00,BEAR,BEAR,3,3,0.55,0.55,0.6231820287282888,0.6231820287282888,,,2,,,True,INDIRECT_PATH_DIFFERENCE,2
2023-11-12 00:00:00+00:00,2023-11-11 00:00:00+00:00,BEAR,BEAR,3,3,0.55,0.55,0.5682918486696972,0.5682918486696972,,2023-11-11 00:00:00+00:00,BEAR,BEAR,3,3,0.55,0.55,0.6213642357962836,0.6213642357962836,,,2,,,True,INDIRECT_PATH_DIFFERENCE,2
2023-11-13 00:00:00+00:00,2023-11-12 00:00:00+00:00,BEAR,BEAR,3,3,0.55,0.55,0.5676189827507947,0.5676189827507947,,2023-11-12 00:00:00+00:00,BEAR,BEAR,3,3,0.55,0.55,0.6207227601030844,0.6207227601030844,,,2,,,True,INDIRECT_PATH_DIFFERENCE,2
2023-11-14 00:00:00+00:00,2023-11-13 00:00:00+00:00,BEAR,BEAR,3,3,0.55,0.55,0.5659335054379201,0.5659335054379201,,2023-11-13 00:00:00+00:00,BEAR,BEAR,3,3,0.55,0.55,0.6190467715531588,0.6190467715531588,,,2,,,True,INDIRECT_PATH_DIFFERENCE,2
2023-11-15 00:00:00+00:00,2023-11-14 00:00:00+00:00,BEAR,BEAR,3,3,0.55,0.55,0.5584393412337013,0.5584393412337013,,2023-11-14 00:00:00+00:00,BEAR,BEAR,3,3,0.55,0.55,0.6118694460139821,0.6118694460139821,,,2,,,True,INDIRECT_PATH_DIFFERENCE,2
2023-11-16 00:00:00+00:00,2023-11-15 00:00:00+00:00,BEAR,BEAR,3,3,0.55,0.55,0.5712966793194962,0.5712966793194962,,2023-11-15 00:00:00+00:00,BEAR,BEAR,3,3,0.55,0.55,0.624279032807209,0.624279032807209,,,2,,,True,INDIRECT_PATH_DIFFERENCE,2
2023-11-17 00:00:00+00:00,2023-11-16 00:00:00+00:00,BEAR,BEAR,3,3,0.55,0.55,0.5598135185204489,0.5598135185204489,,2023-11-16 00:00:00+00:00,BEAR,BEAR,3,3,0.55,0.55,0.6132580685398734,0.6132580685398734,,,2,,,True,INDIRECT_PATH_DIFFERENCE,2
2023-11-18 00:00:00+00:00,2023-11-17 00:00:00+00:00,BEAR,BEAR,3,3,0.55,0.55,0.5614782251350301,0.5614782251350301,,2023-11-17 00:00:00+00:00,BEAR,BEAR,3,3,0.55,0.55,0.6148918737712409,0.6148918737712409,,,2,,,True,INDIRECT_PATH_DIFFERENCE,2
2023-11-19 00:00:00+00:00,2023-11-18 00:00:00+00:00,BEAR,BEAR,3,3,0.55,0.55,0.5614296497692775,0.5614296497692775,,2023-11-18 00:00:00+00:00,BEAR,BEAR,3,3,0.55,0.55,0.6148367567355796,0.6148367567355796,,,2,,,True,INDIRECT_PATH_DIFFERENCE,2
2023-11-20 00:00:00+00:00,2023-11-19 00:00:00+00:00,BEAR,BEAR,3,3,0.55,0.55,0.5670676331878333,0.5670676331878333,,2023-11-19 00:00:00+00:00,BEAR,BEAR,3,3,0.55,0.55,0.6202414727229418,0.6202414727229418,,,2,,,True,INDIRECT_PATH_DIFFERENCE,2
2023-11-21 00:00:00+00:00,2023-11-20 00:00:00+00:00,BEAR,BEAR,3,3,0.55,0.55,0.5679534917970358,0.5679534917970358,,2023-11-20 00:00:00+00:00,BEAR,BEAR,3,3,0.55,0.55,0.6210818844166052,0.6210818844166052,,,2,,,True,INDIRECT_PATH_DIFFERENCE,2
2023-11-22 00:00:00+00:00,2023-11-21 00:00:00+00:00,BEAR,BEAR,3,3,0.55,0.55,0.5567074701937068,0.5567074701937068,,2023-11-21 00:00:00+00:00,BEAR,BEAR,3,3,0.55,0.55,0.6102620172828386,0.6102620172828386,,,2,,,True,INDIRECT_PATH_DIFFERENCE,2
2023-11-23 00:00:00+00:00,2023-11-22 00:00:00+00:00,BEAR,BEAR,3,3,0.55,0.55,0.5701016442417427,0.5701016442417427,,2023-11-22 00:00:00+00:00,BEAR,BEAR,3,3,0.55,0.55,0.6230784252819064,0.6230784252819064,,,2,,,True,INDIRECT_PATH_DIFFERENCE,2
2023-11-24 00:00:00+00:00,2023-11-23 00:00:00+00:00,BEAR,BEAR,3,3,0.55,0.55,0.5696597037873227,0.5696597037873227,,2023-11-23 00:00:00+00:00,BEAR,BEAR,3,3,0.55,0.55,0.6226455536752171,0.6226455536752171,,,2,,,True,INDIRECT_PATH_DIFFERENCE,2
2023-11-25 00:00:00+00:00,2023-11-24 00:00:00+00:00,BEAR,BEAR,3,3,0.55,0.55,0.572180583348687,0.572180583348687,,2023-11-24 00:00:00+00:00,BEAR,BEAR,3,3,0.55,0.55,0.6250637418026885,0.6250637418026885,,,2,,,True,INDIRECT_PATH_DIFFERENCE,2
2023-11-26 00:00:00+00:00,2023-11-25 00:00:00+00:00,BEAR,BEAR,3,3,0.55,0.55,0.5725626774406253,0.5725626774406253,,2023-11-25 00:00:00+00:00,BEAR,BEAR,3,3,0.55,0.55,0.6254289407943536,0.6254289407943536,,,2,,,True,INDIRECT_PATH_DIFFERENCE,2
2023-11-27 00:00:00+00:00,2023-11-26 00:00:00+00:00,BEAR,BEAR,3,3,0.55,0.55,0.5702889920352365,0.5702889920352365,,2023-11-26 00:00:00+00:00,BEAR,BEAR,3,3,0.55,0.55,0.6232520691965446,0.6232520691965446,,,2,,,True,INDIRECT_PATH_DIFFERENCE,2
2023-11-28 00:00:00+00:00,2023-11-27 00:00:00+00:00,BEAR,BEAR,3,3,0.55,0.55,0.5676984415569164,0.5676984415569164,,2023-11-27 00:00:00+00:00,BEAR,BEAR,3,3,0.55,0.55,0.6207969363151589,0.6207969363151589,,,2,,,True,INDIRECT_PATH_DIFFERENCE,2
2023-11-29 00:00:00+00:00,2023-11-28 00:00:00+00:00,BEAR,BEAR,3,3,0.55,0.55,0.5709150713032726,0.5709150713032726,,2023-11-28 00:00:00+00:00,BEAR,BEAR,3,3,0.55,0.55,0.6238916934042288,0.6238916934042288,,,2,,,True,INDIRECT_PATH_DIFFERENCE,2
2023-11-30 00:00:00+00:00,2023-11-29 00:00:00+00:00,BEAR,BEAR,3,3,0.55,0.55,0.5700349524518782,0.5700349524518782,,2023-11-29 00:00:00+00:00,BEAR,BEAR,3,3,0.55,0.55,0.623073830551915,0.623073830551915,,,2,,,True,INDIRECT_PATH_DIFFERENCE,2
2023-12-01 00:00:00+00:00,2023-11-30 00:00:00+00:00,BEAR,BEAR,3,3,0.55,0.55,0.5708236873624986,0.5708236873624986,,2023-11-30 00:00:00+00:00,BEAR,BEAR,3,3,0.55,0.55,0.6237876130122583,0.6237876130122583,,,2,,,True,INDIRECT_PATH_DIFFERENCE,2
2023-12-02 00:00:00+00:00,2023-12-01 00:00:00+00:00,BEAR,BEAR,3,3,0.55,0.55,0.5761083735837617,0.5761083735837617,,2023-12-01 00:00:00+00:00,BEAR,BEAR,3,3,0.55,0.55,0.6288630553739927,0.6288630553739927,,,2,,,True,INDIRECT_PATH_DIFFERENCE,2
2023-12-03 00:00:00+00:00,2023-12-02 00:00:00+00:00,BEAR,BEAR,3,3,0.55,0.55,0.5827488224547743,0.5827488224547743,,2023-12-02 00:00:00+00:00,BEAR,BEAR,3,3,0.55,0.55,0.6351538744368549,0.6351538744368549,,,2,,,True,INDIRECT_PATH_DIFFERENCE,2
2023-12-04 00:00:00+00:00,2023-12-03 00:00:00+00:00,BEAR,BEAR,3,3,0.55,0.55,0.5859418168590348,0.5859418168590348,,2023-12-03 00:00:00+00:00,BEAR,BEAR,3,3,0.55,0.55,0.6381930395117779,0.6381930395117779,,,2,,,True,INDIRECT_PATH_DIFFERENCE,2
2023-12-05 00:00:00+00:00,2023-12-04 00:00:00+00:00,BEAR,BEAR,3,3,0.55,0.55,0.5950199323346063,0.5950199323346063,,2023-12-04 00:00:00+00:00,BEAR,BEAR,3,3,0.55,0.55,0.6468825850356991,0.6468825850356991,,,2,,,True,INDIRECT_PATH_DIFFERENCE,2
2023-12-06 00:00:00+00:00,2023-12-05 00:00:00+00:00,BEAR,BEAR,3,3,0.55,0.55,0.6038863660019939,0.6038863660019939,,2023-12-05 00:00:00+00:00,BEAR,BEAR,3,3,0.55,0.55,0.6553364768401785,0.55,DRIFT_SELL:EXECUTED,,2,,DRIFT_SELL:EXECUTED,True,INDIRECT_PATH_DIFFERENCE,2
2023-12-07 00:00:00+00:00,2023-12-06 00:00:00+00:00,BEAR,BEAR,3,3,0.55,0.55,0.6001656452781824,0.6001656452781824,,2023-12-06 00:00:00+00:00,BEAR,BEAR,3,3,0.55,0.55,0.546163925504879,0.546163925504879,,,2,,,True,INDIRECT_PATH_DIFFERENCE,2
2023-12-08 00:00:00+00:00,2023-12-07 00:00:00+00:00,BEAR,BEAR,3,3,0.55,0.55,0.6043042732729286,0.6043042732729286,,2023-12-07 00:00:00+00:00,BEAR,BEAR,3,3,0.55,0.55,0.5504139436028288,0.5504139436028288,,,2,,,True,INDIRECT_PATH_DIFFERENCE,2
2023-12-09 00:00:00+00:00,2023-12-08 00:00:00+00:00,BEAR,BEAR,3,3,0.55,0.55,0.6071851287261204,0.6071851287261204,,2023-12-08 00:00:00+00:00,BEAR,BEAR,3,3,0.55,0.55,0.5534074172029403,0.5534074172029403,,,2,,,True,INDIRECT_PATH_DIFFERENCE,2
2023-12-10 00:00:00+00:00,2023-12-09 00:00:00+00:00,BEAR,BEAR,3,3,0.55,0.55,0.6049992105676673,0.6049992105676673,,2023-12-09 00:00:00+00:00,BEAR,BEAR,3,3,0.55,0.55,0.5511434711834476,0.5511434711834476,,,2,,,True,INDIRECT_PATH_DIFFERENCE,2
2023-12-11 00:00:00+00:00,2023-12-10 00:00:00+00:00,BEAR,BEAR,3,3,0.55,0.55,0.6057865999640746,0.6057865999640746,,2023-12-10 00:00:00+00:00,BEAR,BEAR,3,3,0.55,0.55,0.5519583980473722,0.5519583980473722,,,2,,,True,INDIRECT_PATH_DIFFERENCE,2
2023-12-12 00:00:00+00:00,2023-12-11 00:00:00+00:00,BEAR,BEAR,3,3,0.55,0.55,0.5919062705571414,0.5919062705571414,,2023-12-11 00:00:00+00:00,BEAR,BEAR,3,3,0.55,0.55,0.537628795467778,0.537628795467778,,,2,,,True,INDIRECT_PATH_DIFFERENCE,2
2023-12-13 00:00:00+00:00,2023-12-12 00:00:00+00:00,BEAR,BEAR,3,3,0.55,0.55,0.5916628382744716,0.5916628382744716,,2023-12-12 00:00:00+00:00,BEAR,BEAR,3,3,0.55,0.55,0.53738692597854,0.53738692597854,,,2,,,True,INDIRECT_PATH_DIFFERENCE,2
2023-12-14 00:00:00+00:00,2023-12-13 00:00:00+00:00,BEAR,BEAR,3,3,0.55,0.55,0.5987820642128442,0.5987820642128442,,2023-12-13 00:00:00+00:00,BEAR,BEAR,3,3,0.55,0.55,0.5447289923501217,0.5447289923501217,,,2,,,True,INDIRECT_PATH_DIFFERENCE,2
2023-12-15 00:00:00+00:00,2023-12-14 00:00:00+00:00,BEAR,BEAR,3,3,0.55,0.55,0.6018306431919932,0.6018306431919932,,2023-12-14 00:00:00+00:00,BEAR,BEAR,3,3,0.55,0.55,0.5478698014083102,0.5478698014083102,,,2,,,True,INDIRECT_PATH_DIFFERENCE,2
2023-12-16 00:00:00+00:00,2023-12-15 00:00:00+00:00,BEAR,BEAR,3,3,0.55,0.55,0.5939949713539927,0.5939949713539927,,2023-12-15 00:00:00+00:00,BEAR,BEAR,3,3,0.55,0.55,0.5397932522290442,0.5397932522290442,,,2,,,True,INDIRECT_PATH_DIFFERENCE,2
2023-12-17 00:00:00+00:00,2023-12-16 00:00:00+00:00,BEAR,BEAR,3,3,0.55,0.55,0.5955025724664028,0.5955025724664028,,2023-12-16 00:00:00+00:00,BEAR,BEAR,3,3,0.55,0.55,0.5413500040150021,0.5413500040150021,,,2,,,True,INDIRECT_PATH_DIFFERENCE,2
2023-12-18 00:00:00+00:00,2023-12-17 00:00:00+00:00,BEAR,BEAR,3,3,0.55,0.55,0.5910469387713165,0.5910469387713165,,2023-12-17 00:00:00+00:00,BEAR,BEAR,3,3,0.55,0.55,0.5367599184240305,0.5367599184240305,,,2,,,True,INDIRECT_PATH_DIFFERENCE,2
2023-12-19 00:00:00+00:00,2023-12-18 00:00:00+00:00,BEAR,BEAR,3,3,0.55,0.55,0.596308902290198,0.596308902290198,,2023-12-18 00:00:00+00:00,BEAR,BEAR,3,3,0.55,0.55,0.5421901742200577,0.5421901742200577,,,2,,,True,INDIRECT_PATH_DIFFERENCE,2
2023-12-20 00:00:00+00:00,2023-12-19 00:00:00+00:00,BEAR,BEAR,3,3,0.55,0.55,0.5931280246449236,0.5931280246449236,,2023-12-19 00:00:00+00:00,BEAR,BEAR,3,3,0.55,0.55,0.538918572041407,0.538918572041407,,,2,,,True,INDIRECT_PATH_DIFFERENCE,2
2023-12-21 00:00:00+00:00,2023-12-20 00:00:00+00:00,BEAR,BEAR,3,3,0.55,0.55,0.5987474845131179,0.5987474845131179,,2023-12-20 00:00:00+00:00,BEAR,BEAR,3,3,0.55,0.55,0.5447233499685097,0.5447233499685097,,,2,,,True,INDIRECT_PATH_DIFFERENCE,2
2023-12-22 00:00:00+00:00,2023-12-21 00:00:00+00:00,BEAR,BEAR,3,3,0.55,0.55,0.6011056782669623,0.6011056782669623,,2023-12-21 00:00:00+00:00,BEAR,BEAR,3,3,0.55,0.55,0.5471543431696165,0.5471543431696165,,,2,,,True,INDIRECT_PATH_DIFFERENCE,2
2023-12-23 00:00:00+00:00,2023-12-22 00:00:00+00:00,BEAR,BEAR,3,3,0.55,0.55,0.6053253792786454,0.6053253792786454,,2023-12-22 00:00:00+00:00,BEAR,BEAR,3,3,0.55,0.55,0.5515038281917962,0.5515038281917962,,,2,,,True,INDIRECT_PATH_DIFFERENCE,2
2023-12-24 00:00:00+00:00,2023-12-23 00:00:00+00:00,BEAR,BEAR,3,3,0.55,0.55,0.6037886195008519,0.6037886195008519,,2023-12-23 00:00:00+00:00,BEAR,BEAR,3,3,0.55,0.55,0.5499150388771245,0.5499150388771245,,,2,,,True,INDIRECT_PATH_DIFFERENCE,2
2023-12-25 00:00:00+00:00,2023-12-24 00:00:00+00:00,BEAR,BEAR,3,3,0.55,0.55,0.599572852720107,0.599572852720107,,2023-12-24 00:00:00+00:00,BEAR,BEAR,3,3,0.55,0.55,0.5455601328014982,0.5455601328014982,,,2,,,True,INDIRECT_PATH_DIFFERENCE,2
2023-12-26 00:00:00+00:00,2023-12-25 00:00:00+00:00,BEAR,BEAR,3,3,0.55,0.55,0.6017575424003851,0.6017575424003851,,2023-12-25 00:00:00+00:00,BEAR,BEAR,3,3,0.55,0.55,0.5478234084847758,0.5478234084847758,,,2,,,True,INDIRECT_PATH_DIFFERENCE,2
2023-12-27 00:00:00+00:00,2023-12-26 00:00:00+00:00,BEAR,BEAR,3,3,0.55,0.55,0.5965361881478414,0.5965361881478414,,2023-12-26 00:00:00+00:00,BEAR,BEAR,3,3,0.55,0.55,0.5424306783335003,0.5424306783335003,,,2,,,True,INDIRECT_PATH_DIFFERENCE,2
2023-12-28 00:00:00+00:00,2023-12-27 00:00:00+00:00,BEAR,BEAR,3,3,0.55,0.55,0.6062000892191877,0.6062000892191877,,2023-12-27 00:00:00+00:00,BEAR,BEAR,3,3,0.55,0.55,0.5523991913245434,0.5523991913245434,,,2,,,True,INDIRECT_PATH_DIFFERENCE,2
2023-12-29 00:00:00+00:00,2023-12-28 00:00:00+00:00,BEAR,BEAR,3,3,0.55,0.55,0.6020114908304044,0.6020114908304044,,2023-12-28 00:00:00+00:00,BEAR,BEAR,3,3,0.55,0.55,0.548063534238124,0.548063534238124,,,2,,,True,INDIRECT_PATH_DIFFERENCE,2
2023-12-30 00:00:00+00:00,2023-12-29 00:00:00+00:00,BEAR,BEAR,3,3,0.55,0.55,0.5983964246408034,0.5983964246408034,,2023-12-29 00:00:00+00:00,BEAR,BEAR,3,3,0.55,0.55,0.5443342844208455,0.5443342844208455,,,2,,,True,INDIRECT_PATH_DIFFERENCE,2
2023-12-31 00:00:00+00:00,2023-12-30 00:00:00+00:00,BEAR,BEAR,3,3,0.55,0.55,0.5982979828034263,0.5982979828034263,,2023-12-30 00:00:00+00:00,BEAR,BEAR,3,3,0.55,0.55,0.5442363775124311,0.5442363775124311,,,2,,,True,INDIRECT_PATH_DIFFERENCE,2
2024-01-01 00:00:00+00:00,2023-12-31 00:00:00+00:00,BEAR,BEAR,3,3,0.55,0.55,0.5983138275872573,0.5983138275872573,,2023-12-31 00:00:00+00:00,BEAR,BEAR,3,3,0.55,0.55,0.5442576942301364,0.5442576942301364,,,2,,,True,INDIRECT_PATH_DIFFERENCE,2
2024-01-02 00:00:00+00:00,2024-01-01 00:00:00+00:00,BEAR,BEAR,3,3,0.55,0.55,0.6074008168630283,0.6074008168630283,,2024-01-01 00:00:00+00:00,BEAR,BEAR,3,3,0.55,0.55,0.5536630366413104,0.5536630366413104,,,2,,,True,INDIRECT_PATH_DIFFERENCE,2
2024-01-03 00:00:00+00:00,2024-01-02 00:00:00+00:00,BEAR,BEAR,3,3,0.55,0.55,0.6098719664094404,0.6098719664094404,,2024-01-02 00:00:00+00:00,BEAR,BEAR,3,3,0.55,0.55,0.5562340579421541,0.5562340579421541,,,2,,,True,INDIRECT_PATH_DIFFERENCE,2
2024-01-04 00:00:00+00:00,2024-01-03 00:00:00+00:00,BEAR,BEAR,3,3,0.55,0.55,0.596777348520608,0.596777348520608,,2024-01-03 00:00:00+00:00,BEAR,BEAR,3,3,0.55,0.55,0.5426979754650996,0.5426979754650996,,,2,,,True,INDIRECT_PATH_DIFFERENCE,2
2024-01-05 00:00:00+00:00,2024-01-04 00:00:00+00:00,BEAR,BEAR,3,3,0.55,0.55,0.6035485185784578,0.6035485185784578,,2024-01-04 00:00:00+00:00,BEAR,BEAR,3,3,0.55,0.55,0.5496954037465205,0.5496954037465205,,,2,,,True,INDIRECT_PATH_DIFFERENCE,2
2024-01-06 00:00:00+00:00,2024-01-05 00:00:00+00:00,BEAR,BEAR,3,3,0.55,0.55,0.6036262100728672,0.6036262100728672,,2024-01-05 00:00:00+00:00,BEAR,BEAR,3,3,0.55,0.55,0.5497766273490207,0.5497766273490207,,,2,,,True,INDIRECT_PATH_DIFFERENCE,2
2024-01-07 00:00:00+00:00,2024-01-06 00:00:00+00:00,BEAR,BEAR,3,3,0.55,0.55,0.6018196901442326,0.6018196901442326,,2024-01-06 00:00:00+00:00,BEAR,BEAR,3,3,0.55,0.55,0.5479137889362663,0.5479137889362663,,,2,,,True,INDIRECT_PATH_DIFFERENCE,2
2024-01-08 00:00:00+00:00,2024-01-07 00:00:00+00:00,BEAR,BEAR,3,3,0.55,0.55,0.6008273581951575,0.6008273581951575,,2024-01-07 00:00:00+00:00,BEAR,BEAR,3,3,0.55,0.55,0.5468932468591806,0.5468932468591806,,,2,,,True,INDIRECT_PATH_DIFFERENCE,2
2024-01-09 00:00:00+00:00,2024-01-08 00:00:00+00:00,BEAR,BEAR,3,3,0.55,0.55,0.6148194801697454,0.6148194801697454,,2024-01-08 00:00:00+00:00,BEAR,BEAR,3,3,0.55,0.55,0.5614058912388874,0.5614058912388874,,,2,,,True,INDIRECT_PATH_DIFFERENCE,2
2024-01-10 00:00:00+00:00,2024-01-09 00:00:00+00:00,BEAR,BEAR,3,3,0.55,0.55,0.6129743697181579,0.6129743697181579,,2024-01-09 00:00:00+00:00,BEAR,BEAR,3,3,0.55,0.55,0.5594779887641019,0.5594779887641019,,,2,,,True,INDIRECT_PATH_DIFFERENCE,2
2024-01-11 00:00:00+00:00,2024-01-10 00:00:00+00:00,BEAR,BEAR,3,3,0.55,0.55,0.624635408248407,0.624635408248407,,2024-01-10 00:00:00+00:00,BEAR,BEAR,3,3,0.55,0.55,0.5715846681113695,0.5715846681113695,,,2,,,True,INDIRECT_PATH_DIFFERENCE,2
2024-01-12 00:00:00+00:00,2024-01-11 00:00:00+00:00,BEAR,BEAR,3,3,0.55,0.55,0.6251525770488973,0.6251525770488973,,2024-01-11 00:00:00+00:00,BEAR,BEAR,3,3,0.55,0.55,0.5721165312841984,0.5721165312841984,,,2,,,True,INDIRECT_PATH_DIFFERENCE,2
2024-01-13 00:00:00+00:00,2024-01-12 00:00:00+00:00,BEAR,BEAR,3,3,0.55,0.55,0.6109540992952592,0.6109540992952592,,2024-01-12 00:00:00+00:00,BEAR,BEAR,3,3,0.55,0.55,0.5573120606670595,0.5573120606670595,,,2,,,True,INDIRECT_PATH_DIFFERENCE,2
2024-01-14 00:00:00+00:00,2024-01-13 00:00:00+00:00,BEAR,BEAR,3,3,0.55,0.55,0.6135854647363602,0.6135854647363602,,2024-01-13 00:00:00+00:00,BEAR,BEAR,3,3,0.55,0.55,0.5600362944476601,0.5600362944476601,,,2,,,True,INDIRECT_PATH_DIFFERENCE,2
2024-01-15 00:00:00+00:00,2024-01-14 00:00:00+00:00,BEAR,BEAR,3,3,0.55,0.55,0.6056203247256396,0.6056203247256396,,2024-01-14 00:00:00+00:00,BEAR,BEAR,3,3,0.55,0.55,0.5517823973234606,0.5517823973234606,,,2,,,True,INDIRECT_PATH_DIFFERENCE,2
2024-01-16 00:00:00+00:00,2024-01-15 00:00:00+00:00,BEAR,BEAR,3,3,0.55,0.55,0.6097285666179618,0.6097285666179618,,2024-01-15 00:00:00+00:00,BEAR,BEAR,3,3,0.55,0.55,0.5560429617262298,0.5560429617262298,,,2,,,True,INDIRECT_PATH_DIFFERENCE,2
2024-01-17 00:00:00+00:00,2024-01-16 00:00:00+00:00,BEAR,BEAR,3,3,0.55,0.55,0.6148878907483935,0.6148878907483935,,2024-01-16 00:00:00+00:00,BEAR,BEAR,3,3,0.55,0.55,0.5613953440904456,0.5613953440904456,,,2,,,True,INDIRECT_PATH_DIFFERENCE,2
2024-01-18 00:00:00+00:00,2024-01-17 00:00:00+00:00,BEAR,BEAR,3,3,0.55,0.55,0.6113650354705076,0.6113650354705076,,2024-01-17 00:00:00+00:00,BEAR,BEAR,3,3,0.55,0.55,0.5577431567513617,0.5577431567513617,,,2,,,True,INDIRECT_PATH_DIFFERENCE,2
2024-01-19 00:00:00+00:00,2024-01-18 00:00:00+00:00,BEAR,BEAR,3,3,0.55,0.55,0.604362923762553,0.604362923762553,,2024-01-18 00:00:00+00:00,BEAR,BEAR,3,3,0.55,0.55,0.5504812566435454,0.5504812566435454,,,2,,,True,INDIRECT_PATH_DIFFERENCE,2
2024-01-20 00:00:00+00:00,2024-01-19 00:00:00+00:00,BEAR,BEAR,3,3,0.55,0.55,0.6063524932439169,0.6063524932439169,,2024-01-19 00:00:00+00:00,BEAR,BEAR,3,3,0.55,0.55,0.5525421509072043,0.5525421509072043,,,2,,,True,INDIRECT_PATH_DIFFERENCE,2
2024-01-21 00:00:00+00:00,2024-01-20 00:00:00+00:00,BEAR,BEAR,3,3,0.55,0.55,0.6055883000068278,0.6055883000068278,,2024-01-20 00:00:00+00:00,BEAR,BEAR,3,3,0.55,0.55,0.5517563689992185,0.5517563689992185,,,2,,,True,INDIRECT_PATH_DIFFERENCE,2
2024-01-22 00:00:00+00:00,2024-01-21 00:00:00+00:00,BEAR,BEAR,3,3,0.55,0.55,0.6045780295700798,0.6045780295700798,,2024-01-21 00:00:00+00:00,BEAR,BEAR,3,3,0.55,0.55,0.5507133830469549,0.5507133830469549,,,2,,,True,INDIRECT_PATH_DIFFERENCE,2
2024-01-23 00:00:00+00:00,2024-01-22 00:00:00+00:00,BEAR,BEAR,3,3,0.55,0.55,0.5915270848804483,0.5915270848804483,,2024-01-22 00:00:00+00:00,BEAR,BEAR,3,3,0.55,0.55,0.5372518021361765,0.5372518021361765,,,2,,,True,INDIRECT_PATH_DIFFERENCE,2
2024-01-24 00:00:00+00:00,2024-01-23 00:00:00+00:00,BEAR,BEAR,3,3,0.55,0.55,0.5891611834390571,0.5891611834390571,,2024-01-23 00:00:00+00:00,BEAR,BEAR,3,3,0.55,0.55,0.5348397937348286,0.5348397937348286,,,2,,,True,INDIRECT_PATH_DIFFERENCE,2
2024-01-25 00:00:00+00:00,2024-01-24 00:00:00+00:00,BEAR,BEAR,3,3,0.55,0.55,0.5894346320990645,0.5894346320990645,,2024-01-24 00:00:00+00:00,BEAR,BEAR,3,3,0.55,0.55,0.5351262091271805,0.5351262091271805,,,2,,,True,INDIRECT_PATH_DIFFERENCE,2
2024-01-26 00:00:00+00:00,2024-01-25 00:00:00+00:00,BEAR,BEAR,3,3,0.55,0.55,0.5882429884007697,0.5882429884007697,,2024-01-25 00:00:00+00:00,BEAR,BEAR,3,3,0.55,0.55,0.5339050369103717,0.5339050369103717,,,2,,,True,INDIRECT_PATH_DIFFERENCE,2
2024-01-27 00:00:00+00:00,2024-01-26 00:00:00+00:00,BEAR,BEAR,3,3,0.55,0.55,0.5967088290582924,0.5967088290582924,,2024-01-26 00:00:00+00:00,BEAR,BEAR,3,3,0.55,0.55,0.5426324381174603,0.5426324381174603,,,2,,,True,INDIRECT_PATH_DIFFERENCE,2
2024-01-28 00:00:00+00:00,2024-01-27 00:00:00+00:00,BEAR,BEAR,3,3,0.55,0.55,0.5976915271349283,0.5976915271349283,,2024-01-27 00:00:00+00:00,BEAR,BEAR,3,3,0.55,0.55,0.5436508623031909,0.5436508623031909,,,2,,,True,INDIRECT_PATH_DIFFERENCE,2
2024-01-29 00:00:00+00:00,2024-01-28 00:00:00+00:00,BEAR,BEAR,3,3,0.55,0.55,0.5969080842027473,0.5969080842027473,,2024-01-28 00:00:00+00:00,BEAR,BEAR,3,3,0.55,0.55,0.5428453246493176,0.5428453246493176,,,2,,,True,INDIRECT_PATH_DIFFERENCE,2
2024-01-30 00:00:00+00:00,2024-01-29 00:00:00+00:00,BEAR,BEAR,3,3,0.55,0.55,0.603735201970735,0.603735201970735,,2024-01-29 00:00:00+00:00,BEAR,BEAR,3,3,0.55,0.55,0.5499005256322016,0.5499005256322016,,,2,,,True,INDIRECT_PATH_DIFFERENCE,2
2024-01-31 00:00:00+00:00,2024-01-30 00:00:00+00:00,BEAR,BEAR,3,3,0.55,0.55,0.603789824266252,0.603789824266252,,2024-01-30 00:00:00+00:00,BEAR,BEAR,3,3,0.55,0.55,0.549948753746133,0.549948753746133,,,2,,,True,INDIRECT_PATH_DIFFERENCE,2
2024-02-01 00:00:00+00:00,2024-01-31 00:00:00+00:00,BEAR,BEAR,3,3,0.55,0.55,0.599937327742029,0.599937327742029,,2024-01-31 00:00:00+00:00,BEAR,BEAR,3,3,0.55,0.55,0.5459762989733231,0.5459762989733231,,,2,,,True,INDIRECT_PATH_DIFFERENCE,2
2024-02-02 00:00:00+00:00,2024-02-01 00:00:00+00:00,BEAR,BEAR,3,3,0.55,0.55,0.6025059409201386,0.6025059409201386,,2024-02-01 00:00:00+00:00,BEAR,BEAR,3,3,0.55,0.55,0.548633231369168,0.548633231369168,,,2,,,True,INDIRECT_PATH_DIFFERENCE,2
2024-02-03 00:00:00+00:00,2024-02-02 00:00:00+00:00,BEAR,BEAR,3,3,0.55,0.55,0.6031086135737881,0.6031086135737881,,2024-02-02 00:00:00+00:00,BEAR,BEAR,3,3,0.55,0.55,0.5492580528495189,0.5492580528495189,,,2,,,True,INDIRECT_PATH_DIFFERENCE,2
2024-02-04 00:00:00+00:00,2024-02-03 00:00:00+00:00,BEAR,BEAR,3,3,0.55,0.55,0.6019659965375325,0.6019659965375325,,2024-02-03 00:00:00+00:00,BEAR,BEAR,3,3,0.55,0.55,0.5480783677804453,0.5480783677804453,,,2,,,True,INDIRECT_PATH_DIFFERENCE,2
2024-02-05 00:00:00+00:00,2024-02-04 00:00:00+00:00,BEAR,BEAR,3,3,0.55,0.55,0.6003343735318212,0.6003343735318212,,2024-02-04 00:00:00+00:00,BEAR,BEAR,3,3,0.55,0.55,0.5463900552443303,0.5463900552443303,,,2,,,True,INDIRECT_PATH_DIFFERENCE,2
2024-02-06 00:00:00+00:00,2024-02-05 00:00:00+00:00,BEAR,BEAR,3,3,0.55,0.55,0.6013053763416079,0.6013053763416079,,2024-02-05 00:00:00+00:00,BEAR,BEAR,3,3,0.55,0.55,0.5473934263084655,0.5473934263084655,,,2,,,True,INDIRECT_PATH_DIFFERENCE,2
2024-02-07 00:00:00+00:00,2024-02-06 00:00:00+00:00,BEAR,BEAR,3,3,0.55,0.55,0.6057542963469079,0.6057542963469079,,2024-02-06 00:00:00+00:00,BEAR,BEAR,3,3,0.55,0.55,0.5519864186074392,0.5519864186074392,,,2,,,True,INDIRECT_PATH_DIFFERENCE,2
2024-02-08 00:00:00+00:00,2024-02-07 00:00:00+00:00,BEAR,BEAR,3,3,0.55,0.55,0.6118711392205677,0.6118711392205677,,2024-02-07 00:00:00+00:00,BEAR,BEAR,3,3,0.55,0.55,0.5583338157927461,0.5583338157927461,,,2,,,True,INDIRECT_PATH_DIFFERENCE,2
2024-02-09 00:00:00+00:00,2024-02-08 00:00:00+00:00,BEAR,BEAR,3,3,0.55,0.55,0.6144231160802761,0.6144231160802761,,2024-02-08 00:00:00+00:00,BEAR,BEAR,3,3,0.55,0.55,0.5609979633786529,0.5609979633786529,,,2,,,True,INDIRECT_PATH_DIFFERENCE,2
2024-02-10 00:00:00+00:00,2024-02-09 00:00:00+00:00,BEAR,BEAR,3,3,0.55,0.55,0.6225576656002924,0.6225576656002924,,2024-02-09 00:00:00+00:00,BEAR,BEAR,3,3,0.55,0.55,0.569477215626512,0.569477215626512,,,2,,,True,INDIRECT_PATH_DIFFERENCE,2
2024-02-11 00:00:00+00:00,2024-02-10 00:00:00+00:00,BEAR,BEAR,3,3,0.55,0.55,0.6248636876455991,0.6248636876455991,,2024-02-10 00:00:00+00:00,BEAR,BEAR,3,3,0.55,0.55,0.5718893821958466,0.5718893821958466,,,2,,,True,INDIRECT_PATH_DIFFERENCE,2
2024-02-12 00:00:00+00:00,2024-02-11 00:00:00+00:00,BEAR,BEAR,3,3,0.55,0.55,0.6266814068062848,0.6266814068062848,,2024-02-11 00:00:00+00:00,BEAR,BEAR,3,3,0.55,0.55,0.5737940769751166,0.5737940769751166,,,2,,,True,INDIRECT_PATH_DIFFERENCE,2
2024-02-13 00:00:00+00:00,2024-02-12 00:00:00+00:00,BEAR,BEAR,3,3,0.55,0.55,0.6370138750887296,0.6370138750887296,,2024-02-12 00:00:00+00:00,BEAR,BEAR,3,3,0.55,0.55,0.584608361472461,0.584608361472461,,,2,,,True,INDIRECT_PATH_DIFFERENCE,2
2024-02-14 00:00:00+00:00,2024-02-13 00:00:00+00:00,BEAR,BEAR,3,3,0.55,0.55,0.6356973968720429,0.6356973968720429,,2024-02-13 00:00:00+00:00,BEAR,BEAR,3,3,0.55,0.55,0.5832288070574299,0.5832288070574299,,,2,,,True,INDIRECT_PATH_DIFFERENCE,2
2024-02-15 00:00:00+00:00,2024-02-14 00:00:00+00:00,BEAR,BEAR,3,3,0.55,0.55,0.6460771476669858,0.6460771476669858,,2024-02-14 00:00:00+00:00,BEAR,BEAR,3,3,0.55,0.55,0.594145970223158,0.594145970223158,,,2,,,True,INDIRECT_PATH_DIFFERENCE,2
2024-02-16 00:00:00+00:00,2024-02-15 00:00:00+00:00,BEAR,BEAR,3,3,0.55,0.55,0.6480236992489571,0.6480236992489571,,2024-02-15 00:00:00+00:00,BEAR,BEAR,3,3,0.55,0.55,0.5961931041455589,0.5961931041455589,,,2,,,True,INDIRECT_PATH_DIFFERENCE,2
2024-02-17 00:00:00+00:00,2024-02-16 00:00:00+00:00,BEAR,BEAR,3,3,0.55,0.55,0.6478922351499987,0.6478922351499987,,2024-02-16 00:00:00+00:00,BEAR,BEAR,3,3,0.55,0.55,0.5960612639388781,0.5960612639388781,,,2,,,True,INDIRECT_PATH_DIFFERENCE,2
2024-02-18 00:00:00+00:00,2024-02-17 00:00:00+00:00,BEAR,BEAR,3,3,0.55,0.55,0.6461505921234354,0.6461505921234354,,2024-02-17 00:00:00+00:00,BEAR,BEAR,3,3,0.55,0.55,0.5942230738587336,0.5942230738587336,,,2,,,True,INDIRECT_PATH_DIFFERENCE,2
2024-02-19 00:00:00+00:00,2024-02-18 00:00:00+00:00,BEAR,BEAR,3,3,0.55,0.55,0.6507810822661695,0.55,DRIFT_SELL:EXECUTED,2024-02-18 00:00:00+00:00,BEAR,BEAR,3,3,0.55,0.55,0.5991007266665799,0.5991007266665799,,,2,DRIFT_SELL:EXECUTED,,True,INDIRECT_PATH_DIFFERENCE,2
2024-02-20 00:00:00+00:00,2024-02-19 00:00:00+00:00,BEAR,BEAR,3,3,0.55,0.55,0.5516010404177847,0.5516010404177847,,2024-02-19 00:00:00+00:00,BEAR,BEAR,3,3,0.55,0.55,0.6005460182032573,0.6005460182032573,,,2,,,True,INDIRECT_PATH_DIFFERENCE,2
2024-02-21 00:00:00+00:00,2024-02-20 00:00:00+00:00,BEAR,BEAR,3,3,0.55,0.55,0.5555667754610755,0.5555667754610755,,2024-02-20 00:00:00+00:00,BEAR,BEAR,3,3,0.55,0.55,0.6043353182234921,0.6043353182234921,,,2,,,True,INDIRECT_PATH_DIFFERENCE,2
2024-02-22 00:00:00+00:00,2024-02-21 00:00:00+00:00,BEAR,BEAR,3,3,0.55,0.55,0.5527356737430229,0.5527356737430229,,2024-02-21 00:00:00+00:00,BEAR,BEAR,3,3,0.55,0.55,0.6016188264379687,0.6016188264379687,,,2,,,True,INDIRECT_PATH_DIFFERENCE,2
2024-02-23 00:00:00+00:00,2024-02-22 00:00:00+00:00,BEAR,BEAR,3,3,0.55,0.55,0.551468435648534,0.551468435648534,,2024-02-22 00:00:00+00:00,BEAR,BEAR,3,3,0.55,0.55,0.6003436242675602,0.6003436242675602,,,2,,,True,INDIRECT_PATH_DIFFERENCE,2
2024-02-24 00:00:00+00:00,2024-02-23 00:00:00+00:00,BEAR,BEAR,3,3,0.55,0.55,0.5481464270098987,0.5481464270098987,,2024-02-23 00:00:00+00:00,BEAR,BEAR,3,3,0.55,0.55,0.5971393166087869,0.5971393166087869,,,2,,,True,INDIRECT_PATH_DIFFERENCE,2
2024-02-25 00:00:00+00:00,2024-02-24 00:00:00+00:00,BEAR,BEAR,3,3,0.55,0.55,0.5530492017837414,0.5530492017837414,,2024-02-24 00:00:00+00:00,BEAR,BEAR,3,3,0.55,0.55,0.601866356358836,0.601866356358836,,,2,,,True,INDIRECT_PATH_DIFFERENCE,2
2024-02-26 00:00:00+00:00,2024-02-25 00:00:00+00:00,BEAR,BEAR,3,3,0.55,0.55,0.5581001346144163,0.5581001346144163,,2024-02-25 00:00:00+00:00,BEAR,BEAR,3,3,0.55,0.55,0.6066233678844094,0.6066233678844094,,,2,,,True,INDIRECT_PATH_DIFFERENCE,2
2024-02-27 00:00:00+00:00,2024-02-26 00:00:00+00:00,BEAR,BEAR,3,3,0.55,0.55,0.5671401950692762,0.5671401950692762,,2024-02-26 00:00:00+00:00,BEAR,BEAR,3,3,0.55,0.55,0.615467828667507,0.615467828667507,,,2,,,True,INDIRECT_PATH_DIFFERENCE,2
2024-02-28 00:00:00+00:00,2024-02-27 00:00:00+00:00,BEAR,BEAR,3,3,0.55,0.55,0.5754998181445937,0.5754998181445937,,2024-02-27 00:00:00+00:00,BEAR,BEAR,3,3,0.55,0.55,0.6236026690181359,0.6236026690181359,,,2,,,True,INDIRECT_PATH_DIFFERENCE,2
2024-02-29 00:00:00+00:00,2024-02-28 00:00:00+00:00,BEAR,BEAR,3,3,0.55,0.55,0.5921076317356042,0.5921076317356042,,2024-02-28 00:00:00+00:00,BEAR,BEAR,3,3,0.55,0.55,0.6396741155182252,0.6396741155182252,,,2,,,True,INDIRECT_PATH_DIFFERENCE,2
2024-03-01 00:00:00+00:00,2024-02-29 00:00:00+00:00,BEAR,BEAR,3,3,0.55,0.55,0.587942140377661,0.587942140377661,,2024-02-29 00:00:00+00:00,BEAR,BEAR,3,3,0.55,0.55,0.6356647193897651,0.6356647193897651,,,2,,,True,INDIRECT_PATH_DIFFERENCE,2
2024-03-02 00:00:00+00:00,2024-03-01 00:00:00+00:00,BEAR,BEAR,3,3,0.55,0.55,0.5936768847635852,0.5936768847635852,,2024-03-01 00:00:00+00:00,BEAR,BEAR,3,3,0.55,0.55,0.6411137961264424,0.6411137961264424,,,2,,,True,INDIRECT_PATH_DIFFERENCE,2
2024-03-03 00:00:00+00:00,2024-03-02 00:00:00+00:00,BEAR,BEAR,3,3,0.55,0.55,0.5924636817557124,0.5924636817557124,,2024-03-02 00:00:00+00:00,BEAR,BEAR,3,3,0.55,0.55,0.6399444137833252,0.6399444137833252,,,2,,,True,INDIRECT_PATH_DIFFERENCE,2
2024-03-04 00:00:00+00:00,2024-03-03 00:00:00+00:00,BEAR,BEAR,3,3,0.55,0.55,0.5969559215109137,0.5969559215109137,,2024-03-03 00:00:00+00:00,BEAR,BEAR,3,3,0.55,0.55,0.6442217221924357,0.6442217221924357,,,2,,,True,INDIRECT_PATH_DIFFERENCE,2
2024-03-05 00:00:00+00:00,2024-03-04 00:00:00+00:00,BEAR,BEAR,3,3,0.55,0.55,0.6114370091029006,0.6114370091029006,,2024-03-04 00:00:00+00:00,BEAR,BEAR,3,3,0.55,0.55,0.6581089079184047,0.5500000000000002,DRIFT_SELL:EXECUTED,,2,,DRIFT_SELL:EXECUTED,True,INDIRECT_PATH_DIFFERENCE,2
2024-03-06 00:00:00+00:00,2024-03-05 00:00:00+00:00,BEAR,BEAR,3,3,0.55,0.55,0.6003053474030372,0.6003053474030372,,2024-03-05 00:00:00+00:00,BEAR,BEAR,3,3,0.55,0.55,0.5383985296956121,0.5383985296956121,,,2,,,True,INDIRECT_PATH_DIFFERENCE,2
2024-03-07 00:00:00+00:00,2024-03-06 00:00:00+00:00,BEAR,BEAR,3,3,0.55,0.55,0.6129357041680998,0.6129357041680998,,2024-03-06 00:00:00+00:00,BEAR,BEAR,3,3,0.55,0.55,0.5514953241442492,0.5514953241442492,,,2,,,True,INDIRECT_PATH_DIFFERENCE,2
2024-03-08 00:00:00+00:00,2024-03-07 00:00:00+00:00,BEAR,BEAR,3,3,0.55,0.55,0.6158202261552735,0.6158202261552735,,2024-03-07 00:00:00+00:00,BEAR,BEAR,3,3,0.55,0.55,0.5545045552840205,0.5545045552840205,,,2,,,True,INDIRECT_PATH_DIFFERENCE,2
2024-03-09 00:00:00+00:00,2024-03-08 00:00:00+00:00,BEAR,BEAR,3,3,0.55,0.55,0.6186690153138426,0.6186690153138426,,2024-03-08 00:00:00+00:00,BEAR,BEAR,3,3,0.55,0.55,0.5574951729698303,0.5574951729698303,,,2,,,True,INDIRECT_PATH_DIFFERENCE,2
2024-03-10 00:00:00+00:00,2024-03-09 00:00:00+00:00,BEAR,BEAR,3,3,0.55,0.55,0.6196496419841592,0.6196496419841592,,2024-03-09 00:00:00+00:00,BEAR,BEAR,3,3,0.55,0.55,0.5585196007476587,0.5585196007476587,,,2,,,True,INDIRECT_PATH_DIFFERENCE,2
2024-03-11 00:00:00+00:00,2024-03-10 00:00:00+00:00,BEAR,BEAR,3,3,0.55,0.55,0.6200865417835373,0.6200865417835373,,2024-03-10 00:00:00+00:00,BEAR,BEAR,3,3,0.55,0.55,0.558991188635889,0.558991188635889,,,2,,,True,INDIRECT_PATH_DIFFERENCE,2
2024-03-12 00:00:00+00:00,2024-03-11 00:00:00+00:00,BEAR,BEAR,3,3,0.55,0.55,0.6307612490150034,0.6307612490150034,,2024-03-11 00:00:00+00:00,BEAR,BEAR,3,3,0.55,0.55,0.5701915310132002,0.5701915310132002,,,2,,,True,INDIRECT_PATH_DIFFERENCE,2
2024-03-13 00:00:00+00:00,2024-03-12 00:00:00+00:00,BEAR,BEAR,3,3,0.55,0.55,0.6274021921632046,0.6274021921632046,,2024-03-12 00:00:00+00:00,BEAR,BEAR,3,3,0.55,0.55,0.5666711995676724,0.5666711995676724,,,2,,,True,INDIRECT_PATH_DIFFERENCE,2
2024-03-14 00:00:00+00:00,2024-03-13 00:00:00+00:00,BEAR,BEAR,3,3,0.55,0.55,0.6309090728046836,0.6309090728046836,,2024-03-13 00:00:00+00:00,BEAR,BEAR,3,3,0.55,0.55,0.5703725426625568,0.5703725426625568,,,2,,,True,INDIRECT_PATH_DIFFERENCE,2
2024-03-15 00:00:00+00:00,2024-03-14 00:00:00+00:00,BEAR,BEAR,3,3,0.55,0.55,0.6246320934230609,0.6246320934230609,,2024-03-14 00:00:00+00:00,BEAR,BEAR,3,3,0.55,0.55,0.5637854248311076,0.5637854248311076,,,2,,,True,INDIRECT_PATH_DIFFERENCE,2
2024-03-16 00:00:00+00:00,2024-03-15 00:00:00+00:00,BEAR,BEAR,3,3,0.55,0.55,0.6172881934821114,0.6172881934821114,,2024-03-15 00:00:00+00:00,BEAR,BEAR,3,3,0.55,0.55,0.5561062498268307,0.5561062498268307,,,2,,,True,INDIRECT_PATH_DIFFERENCE,2
2024-03-17 00:00:00+00:00,2024-03-16 00:00:00+00:00,BEAR,BEAR,3,3,0.55,0.55,0.6026923921442874,0.6026923921442874,,2024-03-16 00:00:00+00:00,BEAR,BEAR,3,3,0.55,0.55,0.5409119162606961,0.5409119162606961,,,2,,,True,INDIRECT_PATH_DIFFERENCE,2
2024-03-18 00:00:00+00:00,2024-03-17 00:00:00+00:00,BEAR,BEAR,3,3,0.55,0.55,0.612410233030892,0.612410233030892,,2024-03-17 00:00:00+00:00,BEAR,BEAR,3,3,0.55,0.55,0.5510264708543404,0.5510264708543404,,,2,,,True,INDIRECT_PATH_DIFFERENCE,2
2024-03-19 00:00:00+00:00,2024-03-18 00:00:00+00:00,BEAR,BEAR,3,3,0.55,0.55,0.6072165171716009,0.6072165171716009,,2024-03-18 00:00:00+00:00,BEAR,BEAR,3,3,0.55,0.55,0.5456407864694481,0.5456407864694481,,,2,,,True,INDIRECT_PATH_DIFFERENCE,2
2024-03-20 00:00:00+00:00,2024-03-19 00:00:00+00:00,BEAR,BEAR,3,3,0.55,0.55,0.583912094145688,0.583912094145688,,2024-03-19 00:00:00+00:00,BEAR,BEAR,3,3,0.55,0.55,0.5215800588941147,0.5215800588941147,,,2,,,True,INDIRECT_PATH_DIFFERENCE,2
2024-03-21 00:00:00+00:00,2024-03-20 00:00:00+00:00,BEAR,BEAR,3,3,0.55,0.55,0.6075808714326193,0.6075808714326193,,2024-03-20 00:00:00+00:00,BEAR,BEAR,3,3,0.55,0.55,0.5460256835003583,0.5460256835003583,,,2,,,True,INDIRECT_PATH_DIFFERENCE,2
2024-03-22 00:00:00+00:00,2024-03-21 00:00:00+00:00,BEAR,BEAR,3,3,0.55,0.55,0.6022383239245596,0.6022383239245596,,2024-03-21 00:00:00+00:00,BEAR,BEAR,3,3,0.55,0.55,0.5404565719193445,0.5404565719193445,,,2,,,True,INDIRECT_PATH_DIFFERENCE,2
2024-03-23 00:00:00+00:00,2024-03-22 00:00:00+00:00,BEAR,BEAR,3,3,0.55,0.55,0.5938174829089671,0.5938174829089671,,2024-03-22 00:00:00+00:00,BEAR,BEAR,3,3,0.55,0.55,0.5317621375843703,0.5317621375843703,,,2,,,True,INDIRECT_PATH_DIFFERENCE,2
2024-03-24 00:00:00+00:00,2024-03-23 00:00:00+00:00,BEAR,BEAR,3,3,0.55,0.55,0.5940187906390793,0.5940187906390793,,2024-03-23 00:00:00+00:00,BEAR,BEAR,3,3,0.55,0.55,0.5319753737198367,0.5319753737198367,,,2,,,True,INDIRECT_PATH_DIFFERENCE,2
2024-03-25 00:00:00+00:00,2024-03-24 00:00:00+00:00,BEAR,BEAR,3,3,0.55,0.55,0.604535943610836,0.604535943610836,,2024-03-24 00:00:00+00:00,BEAR,BEAR,3,3,0.55,0.55,0.5428741140776654,0.5428741140776654,,,2,,,True,INDIRECT_PATH_DIFFERENCE,2
2024-03-26 00:00:00+00:00,2024-03-25 00:00:00+00:00,BEAR,BEAR,3,3,0.55,0.55,0.6137727458438309,0.6137727458438309,,2024-03-25 00:00:00+00:00,BEAR,BEAR,3,3,0.55,0.55,0.5524865351397814,0.5524865351397814,,,2,,,True,INDIRECT_PATH_DIFFERENCE,2
2024-03-27 00:00:00+00:00,2024-03-26 00:00:00+00:00,BEAR,BEAR,3,3,0.55,0.55,0.6139014283269625,0.6139014283269625,,2024-03-26 00:00:00+00:00,BEAR,BEAR,3,3,0.55,0.55,0.5526238465761935,0.5526238465761935,,,2,,,True,INDIRECT_PATH_DIFFERENCE,2
2024-03-28 00:00:00+00:00,2024-03-27 00:00:00+00:00,BEAR,BEAR,3,3,0.55,0.55,0.610395397551467,0.610395397551467,,2024-03-27 00:00:00+00:00,BEAR,BEAR,3,3,0.55,0.55,0.5489852555397725,0.5489852555397725,,,2,,,True,INDIRECT_PATH_DIFFERENCE,2
2024-03-29 00:00:00+00:00,2024-03-28 00:00:00+00:00,BEAR,BEAR,3,3,0.55,0.55,0.614649438646549,0.614649438646549,,2024-03-28 00:00:00+00:00,BEAR,BEAR,3,3,0.55,0.55,0.5534219143438326,0.5534219143438326,,,2,,,True,INDIRECT_PATH_DIFFERENCE,2
2024-03-30 00:00:00+00:00,2024-03-29 00:00:00+00:00,BEAR,BEAR,3,3,0.55,0.55,0.6114097789835867,0.6114097789835867,,2024-03-29 00:00:00+00:00,BEAR,BEAR,3,3,0.55,0.55,0.5500463788757286,0.5500463788757286,,,2,,,True,INDIRECT_PATH_DIFFERENCE,2
2024-03-31 00:00:00+00:00,2024-03-30 00:00:00+00:00,BEAR,BEAR,3,3,0.55,0.55,0.610787996015252,0.610787996015252,,2024-03-30 00:00:00+00:00,BEAR,BEAR,3,3,0.55,0.55,0.5493976661292502,0.5493976661292502,,,2,,,True,INDIRECT_PATH_DIFFERENCE,2
2024-04-01 00:00:00+00:00,2024-03-31 00:00:00+00:00,BEAR,BEAR,3,3,0.55,0.55,0.6180662128751152,0.6180662128751152,,2024-03-31 00:00:00+00:00,BEAR,BEAR,3,3,0.55,0.55,0.5569799798458293,0.5569799798458293,,,2,,,True,INDIRECT_PATH_DIFFERENCE,2
2024-04-02 00:00:00+00:00,2024-04-01 00:00:00+00:00,BEAR,BEAR,3,3,0.55,0.55,0.6108931644369341,0.6108931644369341,,2024-04-01 00:00:00+00:00,BEAR,BEAR,3,3,0.55,0.55,0.5495106455873342,0.5495106455873342,,,2,,,True,INDIRECT_PATH_DIFFERENCE,2
2024-04-03 00:00:00+00:00,2024-04-02 00:00:00+00:00,BEAR,BEAR,3,3,0.55,0.55,0.5956238384132932,0.5956238384132932,,2024-04-02 00:00:00+00:00,BEAR,BEAR,3,3,0.55,0.55,0.5336760923172489,0.5336760923172489,,,2,,,True,INDIRECT_PATH_DIFFERENCE,2
2024-04-04 00:00:00+00:00,2024-04-03 00:00:00+00:00,BEAR,BEAR,3,3,0.55,0.55,0.5976856142274097,0.5976856142274097,,2024-04-03 00:00:00+00:00,BEAR,BEAR,3,3,0.55,0.55,0.53580702378157,0.53580702378157,,,2,,,True,INDIRECT_PATH_DIFFERENCE,2
2024-04-05 00:00:00+00:00,2024-04-04 00:00:00+00:00,BEAR,BEAR,3,3,0.55,0.55,0.6033406757875088,0.6033406757875088,,2024-04-04 00:00:00+00:00,BEAR,BEAR,3,3,0.55,0.55,0.5416930473255264,0.5416930473255264,,,2,,,True,INDIRECT_PATH_DIFFERENCE,2
2024-04-06 00:00:00+00:00,2024-04-05 00:00:00+00:00,BEAR,BEAR,3,3,0.55,0.55,0.6017215992392423,0.6017215992392423,,2024-04-05 00:00:00+00:00,BEAR,BEAR,3,3,0.55,0.55,0.5400096256860075,0.5400096256860075,,,2,,,True,INDIRECT_PATH_DIFFERENCE,2
2024-04-07 00:00:00+00:00,2024-04-06 00:00:00+00:00,BEAR,BEAR,3,3,0.55,0.55,0.6049266428301543,0.6049266428301543,,2024-04-06 00:00:00+00:00,BEAR,BEAR,3,3,0.55,0.55,0.5433401923998232,0.5433401923998232,,,2,,,True,INDIRECT_PATH_DIFFERENCE,2
2024-04-08 00:00:00+00:00,2024-04-07 00:00:00+00:00,BEAR,BEAR,3,3,0.55,0.55,0.6089517191092314,0.6089517191092314,,2024-04-07 00:00:00+00:00,BEAR,BEAR,3,3,0.55,0.55,0.5475051130913157,0.5475051130913157,,,2,,,True,INDIRECT_PATH_DIFFERENCE,2
2024-04-09 00:00:00+00:00,2024-04-08 00:00:00+00:00,BEAR,BEAR,3,3,0.55,0.55,0.6202114803535431,0.6202114803535431,,2024-04-08 00:00:00+00:00,BEAR,BEAR,3,3,0.55,0.55,0.5592255075971493,0.5592255075971493,,,2,,,True,INDIRECT_PATH_DIFFERENCE,2
2024-04-10 00:00:00+00:00,2024-04-09 00:00:00+00:00,BEAR,BEAR,3,3,0.55,0.55,0.6101203970560248,0.6101203970560248,,2024-04-09 00:00:00+00:00,BEAR,BEAR,3,3,0.55,0.55,0.5487085101458045,0.5487085101458045,,,2,,,True,INDIRECT_PATH_DIFFERENCE,2
2024-04-11 00:00:00+00:00,2024-04-10 00:00:00+00:00,BEAR,BEAR,3,3,0.55,0.55,0.6141316490208993,0.6141316490208993,,2024-04-10 00:00:00+00:00,BEAR,BEAR,3,3,0.55,0.55,0.5528980905289065,0.5528980905289065,,,2,,,True,INDIRECT_PATH_DIFFERENCE,2
2024-04-12 00:00:00+00:00,2024-04-11 00:00:00+00:00,BEAR,BEAR,3,3,0.55,0.55,0.6116925659412558,0.6116925659412558,,2024-04-11 00:00:00+00:00,BEAR,BEAR,3,3,0.55,0.55,0.5503592245646818,0.5503592245646818,,,2,,,True,INDIRECT_PATH_DIFFERENCE,2
2024-04-13 00:00:00+00:00,2024-04-12 00:00:00+00:00,BEAR,BEAR,3,3,0.55,0.55,0.5978774243986001,0.5978774243986001,,2024-04-12 00:00:00+00:00,BEAR,BEAR,3,3,0.55,0.55,0.5360487641532142,0.5360487641532142,,,2,,,True,INDIRECT_PATH_DIFFERENCE,2
2024-04-14 00:00:00+00:00,2024-04-13 00:00:00+00:00,BEAR,BEAR,3,3,0.55,0.55,0.5835508557244423,0.5835508557244423,,2024-04-13 00:00:00+00:00,BEAR,BEAR,3,3,0.55,0.55,0.5213052823186192,0.5213052823186192,,,2,,,True,INDIRECT_PATH_DIFFERENCE,2
2024-04-15 00:00:00+00:00,2024-04-14 00:00:00+00:00,BEAR,BEAR,3,3,0.55,0.55,0.5922371420465673,0.5922371420465673,,2024-04-14 00:00:00+00:00,BEAR,BEAR,3,3,0.55,0.55,0.530228308069678,0.530228308069678,,,2,,,True,INDIRECT_PATH_DIFFERENCE,2
2024-04-16 00:00:00+00:00,2024-04-15 00:00:00+00:00,BEAR,BEAR,3,3,0.55,0.55,0.5856783900242613,0.5856783900242613,,2024-04-15 00:00:00+00:00,BEAR,BEAR,3,3,0.55,0.55,0.5234610643641473,0.5234610643641473,,,2,,,True,INDIRECT_PATH_DIFFERENCE,2
2024-04-17 00:00:00+00:00,2024-04-16 00:00:00+00:00,BEAR,BEAR,3,3,0.55,0.55,0.5859149269166517,0.5859149269166517,,2024-04-16 00:00:00+00:00,BEAR,BEAR,3,3,0.55,0.55,0.5237152126262411,0.5237152126262411,,,2,,,True,INDIRECT_PATH_DIFFERENCE,2
2024-04-18 00:00:00+00:00,2024-04-17 00:00:00+00:00,BEAR,BEAR,3,3,0.55,0.55,0.5769374231984932,0.5769374231984932,,2024-04-17 00:00:00+00:00,BEAR,BEAR,3,3,0.55,0.55,0.5145014254872842,0.5145014254872842,,,2,,,True,INDIRECT_PATH_DIFFERENCE,2
2024-04-19 00:00:00+00:00,2024-04-18 00:00:00+00:00,BEAR,BEAR,3,3,0.55,0.55,0.5845755552061981,0.5845755552061981,,2024-04-18 00:00:00+00:00,BEAR,BEAR,3,3,0.55,0.55,0.5223423623398974,0.5223423623398974,,,2,,,True,INDIRECT_PATH_DIFFERENCE,2
2024-04-20 00:00:00+00:00,2024-04-19 00:00:00+00:00,BEAR,BEAR,3,3,0.55,0.55,0.5850885621342368,0.5850885621342368,,2024-04-19 00:00:00+00:00,BEAR,BEAR,3,3,0.55,0.55,0.5228774761477484,0.5228774761477484,,,2,,,True,INDIRECT_PATH_DIFFERENCE,2
2024-04-21 00:00:00+00:00,2024-04-20 00:00:00+00:00,BEAR,BEAR,3,3,0.55,0.55,0.59082832152429,0.59082832152429,,2024-04-20 00:00:00+00:00,BEAR,BEAR,3,3,0.55,0.55,0.5287737942530338,0.5287737942530338,,,2,,,True,INDIRECT_PATH_DIFFERENCE,2
2024-04-22 00:00:00+00:00,2024-04-21 00:00:00+00:00,BEAR,BEAR,3,3,0.55,0.55,0.5905800156826063,0.5905800156826063,,2024-04-21 00:00:00+00:00,BEAR,BEAR,3,3,0.55,0.55,0.5285212705899033,0.5285212705899033,,,2,,,True,INDIRECT_PATH_DIFFERENCE,2
2024-04-23 00:00:00+00:00,2024-04-22 00:00:00+00:00,BEAR,BEAR,3,3,0.55,0.55,0.5962491031334781,0.5962491031334781,,2024-04-22 00:00:00+00:00,BEAR,BEAR,3,3,0.55,0.55,0.5343833612258411,0.5343833612258411,,,2,,,True,INDIRECT_PATH_DIFFERENCE,2
2024-04-24 00:00:00+00:00,2024-04-23 00:00:00+00:00,BEAR,BEAR,3,3,0.55,0.55,0.5960368385413828,0.5960368385413828,,2024-04-23 00:00:00+00:00,BEAR,BEAR,3,3,0.55,0.55,0.534155064981494,0.534155064981494,,,2,,,True,INDIRECT_PATH_DIFFERENCE,2
2024-04-25 00:00:00+00:00,2024-04-24 00:00:00+00:00,BEAR,BEAR,3,3,0.55,0.55,0.5890057235499564,0.5890057235499564,,2024-04-24 00:00:00+00:00,BEAR,BEAR,3,3,0.55,0.55,0.5268964776187636,0.5268964776187636,,,2,,,True,INDIRECT_PATH_DIFFERENCE,2
2024-04-26 00:00:00+00:00,2024-04-25 00:00:00+00:00,BEAR,BEAR,3,3,0.55,0.55,0.5899653577764773,0.5899653577764773,,2024-04-25 00:00:00+00:00,BEAR,BEAR,3,3,0.55,0.55,0.5278848314209248,0.5278848314209248,,,2,,,True,INDIRECT_PATH_DIFFERENCE,2
2024-04-27 00:00:00+00:00,2024-04-26 00:00:00+00:00,BEAR,BEAR,3,3,0.55,0.55,0.5876021772526223,0.5876021772526223,,2024-04-26 00:00:00+00:00,BEAR,BEAR,3,3,0.55,0.55,0.5254498896180073,0.5254498896180073,,,2,,,True,INDIRECT_PATH_DIFFERENCE,2
2024-04-28 00:00:00+00:00,2024-04-27 00:00:00+00:00,BEAR,BEAR,3,3,0.55,0.55,0.5910506650626254,0.5910506650626254,,2024-04-27 00:00:00+00:00,BEAR,BEAR,3,3,0.55,0.55,0.5289657975176043,0.5289657975176043,,,2,,,True,INDIRECT_PATH_DIFFERENCE,2
2024-04-29 00:00:00+00:00,2024-04-28 00:00:00+00:00,BEAR,BEAR,3,3,0.55,0.55,0.5905920628261244,0.5905920628261244,,2024-04-28 00:00:00+00:00,BEAR,BEAR,3,3,0.55,0.55,0.5284876724975092,0.5284876724975092,,,2,,,True,INDIRECT_PATH_DIFFERENCE,2
2024-04-30 00:00:00+00:00,2024-04-29 00:00:00+00:00,BEAR,BEAR,3,3,0.55,0.55,0.5906771694115013,0.5906771694115013,,2024-04-29 00:00:00+00:00,BEAR,BEAR,3,3,0.55,0.55,0.5285988080263901,0.5285988080263901,,,2,,,True,INDIRECT_PATH_DIFFERENCE,2
2024-05-01 00:00:00+00:00,2024-04-30 00:00:00+00:00,BEAR,BEAR,3,3,0.55,0.55,0.576776290783802,0.576776290783802,,2024-04-30 00:00:00+00:00,BEAR,BEAR,3,3,0.55,0.55,0.5143361298989002,0.5143361298989002,,,2,,,True,INDIRECT_PATH_DIFFERENCE,2
2024-05-02 00:00:00+00:00,2024-05-01 00:00:00+00:00,BEAR,BEAR,3,3,0.55,0.55,0.5699599031878788,0.5699599031878788,,2024-05-01 00:00:00+00:00,BEAR,BEAR,3,3,0.55,0.55,0.5073532608048519,0.5073532608048519,,,2,,,True,INDIRECT_PATH_DIFFERENCE,2
2024-05-03 00:00:00+00:00,2024-05-02 00:00:00+00:00,BEAR,BEAR,3,3,0.55,0.55,0.572104936381109,0.572104936381109,,2024-05-02 00:00:00+00:00,BEAR,BEAR,3,3,0.55,0.55,0.509549343575898,0.509549343575898,,,2,,,True,INDIRECT_PATH_DIFFERENCE,2
2024-05-04 00:00:00+00:00,2024-05-03 00:00:00+00:00,BEAR,BEAR,3,3,0.55,0.55,0.5848261428778057,0.5848261428778057,,2024-05-03 00:00:00+00:00,BEAR,BEAR,3,3,0.55,0.55,0.5226003655709355,0.5226003655709355,,,2,,,True,INDIRECT_PATH_DIFFERENCE,2
2024-05-05 00:00:00+00:00,2024-05-04 00:00:00+00:00,BEAR,BEAR,3,3,0.55,0.55,0.58753981617081,0.58753981617081,,2024-05-04 00:00:00+00:00,BEAR,BEAR,3,3,0.55,0.55,0.5254014305700297,0.5254014305700297,,,2,,,True,INDIRECT_PATH_DIFFERENCE,2
2024-05-06 00:00:00+00:00,2024-05-05 00:00:00+00:00,BEAR,BEAR,3,3,0.55,0.55,0.5884519815755385,0.5884519815755385,,2024-05-05 00:00:00+00:00,BEAR,BEAR,3,3,0.55,0.55,0.5263378704256036,0.5263378704256036,,,2,,,True,INDIRECT_PATH_DIFFERENCE,2
2024-05-07 00:00:00+00:00,2024-05-06 00:00:00+00:00,BEAR,BEAR,3,3,0.55,0.55,0.5841508144755416,0.5841508144755416,,2024-05-06 00:00:00+00:00,BEAR,BEAR,3,3,0.55,0.55,0.5219250717010923,0.5219250717010923,,,2,,,True,INDIRECT_PATH_DIFFERENCE,2
2024-05-08 00:00:00+00:00,2024-05-07 00:00:00+00:00,BEAR,BEAR,3,3,0.55,0.55,0.5803269800178905,0.5803269800178905,,2024-05-07 00:00:00+00:00,BEAR,BEAR,3,3,0.55,0.55,0.5180067932922073,0.5180067932922073,,,2,,,True,INDIRECT_PATH_DIFFERENCE,2
2024-05-09 00:00:00+00:00,2024-05-08 00:00:00+00:00,BEAR,BEAR,3,3,0.55,0.55,0.5767132991747149,0.5767132991747149,,2024-05-08 00:00:00+00:00,BEAR,BEAR,3,3,0.55,0.55,0.514300447328462,0.514300447328462,,,2,,,True,INDIRECT_PATH_DIFFERENCE,2
2024-05-10 00:00:00+00:00,2024-05-09 00:00:00+00:00,BEAR,BEAR,3,3,0.55,0.55,0.5831083906643614,0.5831083906643614,,2024-05-09 00:00:00+00:00,BEAR,BEAR,3,3,0.55,0.55,0.5208645045537977,0.5208645045537977,,,2,,,True,INDIRECT_PATH_DIFFERENCE,2
2024-05-11 00:00:00+00:00,2024-05-10 00:00:00+00:00,BEAR,BEAR,3,3,0.55,0.55,0.5735777334212256,0.5735777334212256,,2024-05-10 00:00:00+00:00,BEAR,BEAR,3,3,0.55,0.55,0.5111101013713929,0.5111101013713929,,,2,,,True,INDIRECT_PATH_DIFFERENCE,2
2024-05-12 00:00:00+00:00,2024-05-11 00:00:00+00:00,BEAR,BEAR,3,3,0.55,0.55,0.5737436903433738,0.5737436903433738,,2024-05-11 00:00:00+00:00,BEAR,BEAR,3,3,0.55,0.55,0.5112806002135255,0.5112806002135255,,,2,,,True,INDIRECT_PATH_DIFFERENCE,2
2024-05-13 00:00:00+00:00,2024-05-12 00:00:00+00:00,BEAR,BEAR,3,3,0.55,0.55,0.5758763781280541,0.5758763781280541,,2024-05-12 00:00:00+00:00,BEAR,BEAR,3,3,0.55,0.55,0.5134663221330464,0.5134663221330464,,,2,,,True,INDIRECT_PATH_DIFFERENCE,2
2024-05-14 00:00:00+00:00,2024-05-13 00:00:00+00:00,BEAR,BEAR,3,3,0.55,0.55,0.5799629082732991,0.5799629082732991,,2024-05-13 00:00:00+00:00,BEAR,BEAR,3,3,0.55,0.55,0.5176653528499899,0.5176653528499899,,,2,,,True,INDIRECT_PATH_DIFFERENCE,2
2024-05-15 00:00:00+00:00,2024-05-14 00:00:00+00:00,BEAR,BEAR,3,3,0.55,0.55,0.5744568281410906,0.5744568281410906,,2024-05-14 00:00:00+00:00,BEAR,BEAR,3,3,0.55,0.55,0.5120325541106436,0.5120325541106436,,,2,,,True,INDIRECT_PATH_DIFFERENCE,2
2024-05-16 00:00:00+00:00,2024-05-15 00:00:00+00:00,BEAR,BEAR,3,3,0.55,0.55,0.5899320284249591,0.5899320284249591,,2024-05-15 00:00:00+00:00,BEAR,BEAR,3,3,0.55,0.55,0.5279316967002131,0.5279316967002131,,,2,,,True,INDIRECT_PATH_DIFFERENCE,2
2024-05-17 00:00:00+00:00,2024-05-16 00:00:00+00:00,BEAR,BEAR,3,3,0.55,0.55,0.5849142937666789,0.5849142937666789,,2024-05-16 00:00:00+00:00,BEAR,BEAR,3,3,0.55,0.55,0.5227825580451694,0.5227825580451694,,,2,,,True,INDIRECT_PATH_DIFFERENCE,2
2024-05-18 00:00:00+00:00,2024-05-17 00:00:00+00:00,BEAR,BEAR,3,3,0.55,0.55,0.5936417927376453,0.5936417927376453,,2024-05-17 00:00:00+00:00,BEAR,BEAR,3,3,0.55,0.55,0.5317535788948867,0.5317535788948867,,,2,,,True,INDIRECT_PATH_DIFFERENCE,2
2024-05-19 00:00:00+00:00,2024-05-18 00:00:00+00:00,BEAR,BEAR,3,3,0.55,0.55,0.5944251220416412,0.5944251220416412,,2024-05-18 00:00:00+00:00,BEAR,BEAR,3,3,0.55,0.55,0.5325536987180879,0.5325536987180879,,,2,,,True,INDIRECT_PATH_DIFFERENCE,2
2024-05-20 00:00:00+00:00,2024-05-19 00:00:00+00:00,BEAR,BEAR,3,3,0.55,0.55,0.5914077699187502,0.5914077699187502,,2024-05-19 00:00:00+00:00,BEAR,BEAR,3,3,0.55,0.55,0.5294476099272527,0.5294476099272527,,,2,,,True,INDIRECT_PATH_DIFFERENCE,2
2024-05-21 00:00:00+00:00,2024-05-20 00:00:00+00:00,BEAR,BEAR,3,3,0.55,0.55,0.6196353902981276,0.6196353902981276,,2024-05-20 00:00:00+00:00,BEAR,BEAR,3,3,0.55,0.55,0.558678384240474,0.558678384240474,,,2,,,True,INDIRECT_PATH_DIFFERENCE,2
2024-05-22 00:00:00+00:00,2024-05-21 00:00:00+00:00,BEAR,BEAR,3,3,0.55,0.55,0.6208563306548209,0.6208563306548209,,2024-05-21 00:00:00+00:00,BEAR,BEAR,3,3,0.55,0.55,0.559912296362579,0.559912296362579,,,2,,,True,INDIRECT_PATH_DIFFERENCE,2
2024-05-23 00:00:00+00:00,2024-05-22 00:00:00+00:00,BEAR,BEAR,3,3,0.55,0.55,0.6175807744578794,0.6175807744578794,,2024-05-22 00:00:00+00:00,BEAR,BEAR,3,3,0.55,0.55,0.5564871523794971,0.5564871523794971,,,2,,,True,INDIRECT_PATH_DIFFERENCE,2
2024-05-24 00:00:00+00:00,2024-05-23 00:00:00+00:00,BEAR,BEAR,3,3,0.55,0.55,0.6166649127307555,0.6166649127307555,,2024-05-23 00:00:00+00:00,BEAR,BEAR,3,3,0.55,0.55,0.5555059317929686,0.5555059317929686,,,2,,,True,INDIRECT_PATH_DIFFERENCE,2
2024-05-25 00:00:00+00:00,2024-05-24 00:00:00+00:00,BEAR,BEAR,3,3,0.55,0.55,0.6161815327515261,0.6161815327515261,,2024-05-24 00:00:00+00:00,BEAR,BEAR,3,3,0.55,0.55,0.5550221176763178,0.5550221176763178,,,2,,,True,INDIRECT_PATH_DIFFERENCE,2
2024-05-26 00:00:00+00:00,2024-05-25 00:00:00+00:00,BEAR,BEAR,3,3,0.55,0.55,0.6181849319665106,0.6181849319665106,,2024-05-25 00:00:00+00:00,BEAR,BEAR,3,3,0.55,0.55,0.5571207834278002,0.5571207834278002,,,2,,,True,INDIRECT_PATH_DIFFERENCE,2
2024-05-27 00:00:00+00:00,2024-05-26 00:00:00+00:00,BEAR,BEAR,3,3,0.55,0.55,0.6189368632142874,0.6189368632142874,,2024-05-26 00:00:00+00:00,BEAR,BEAR,3,3,0.55,0.55,0.5578807983470451,0.5578807983470451,,,2,,,True,INDIRECT_PATH_DIFFERENCE,2
2024-05-28 00:00:00+00:00,2024-05-27 00:00:00+00:00,BEAR,BEAR,3,3,0.55,0.55,0.6225640128334284,0.6225640128334284,,2024-05-27 00:00:00+00:00,BEAR,BEAR,3,3,0.55,0.55,0.5616751021715857,0.5616751021715857,,,2,,,True,INDIRECT_PATH_DIFFERENCE,2
2024-05-29 00:00:00+00:00,2024-05-28 00:00:00+00:00,BEAR,BEAR,3,3,0.55,0.55,0.6192790756685049,0.6192790756685049,,2024-05-28 00:00:00+00:00,BEAR,BEAR,3,3,0.55,0.55,0.5582353983958849,0.5582353983958849,,,2,,,True,INDIRECT_PATH_DIFFERENCE,2
2024-05-30 00:00:00+00:00,2024-05-29 00:00:00+00:00,BEAR,BEAR,3,3,0.55,0.55,0.615688206762691,0.615688206762691,,2024-05-29 00:00:00+00:00,BEAR,BEAR,3,3,0.55,0.55,0.554492117396303,0.554492117396303,,,2,,,True,INDIRECT_PATH_DIFFERENCE,2
2024-05-31 00:00:00+00:00,2024-05-30 00:00:00+00:00,BEAR,BEAR,3,3,0.55,0.55,0.6164603885178095,0.6164603885178095,,2024-05-30 00:00:00+00:00,BEAR,BEAR,3,3,0.55,0.55,0.5553128778338917,0.5553128778338917,,,2,,,True,INDIRECT_PATH_DIFFERENCE,2
2024-06-01 00:00:00+00:00,2024-05-31 00:00:00+00:00,BEAR,BEAR,3,3,0.55,0.55,0.6153557825942912,0.6153557825942912,,2024-05-31 00:00:00+00:00,BEAR,BEAR,3,3,0.55,0.55,0.5541470115207178,0.5541470115207178,,,2,,,True,INDIRECT_PATH_DIFFERENCE,2
2024-06-02 00:00:00+00:00,2024-06-01 00:00:00+00:00,BEAR,BEAR,3,3,0.55,0.55,0.6173371838018578,0.6173371838018578,,2024-06-01 00:00:00+00:00,BEAR,BEAR,3,3,0.55,0.55,0.5562081158879589,0.5562081158879589,,,2,,,True,INDIRECT_PATH_DIFFERENCE,2
2024-06-03 00:00:00+00:00,2024-06-02 00:00:00+00:00,BEAR,BEAR,3,3,0.55,0.55,0.616348359258628,0.616348359258628,,2024-06-02 00:00:00+00:00,BEAR,BEAR,3,3,0.55,0.55,0.5551841586820203,0.5551841586820203,,,2,,,True,INDIRECT_PATH_DIFFERENCE,2
2024-06-04 00:00:00+00:00,2024-06-03 00:00:00+00:00,BEAR,BEAR,3,3,0.55,0.55,0.61792642903189,0.61792642903189,,2024-06-03 00:00:00+00:00,BEAR,BEAR,3,3,0.55,0.55,0.5568503466620196,0.5568503466620196,,,2,,,True,INDIRECT_PATH_DIFFERENCE,2
2024-06-05 00:00:00+00:00,2024-06-04 00:00:00+00:00,BEAR,BEAR,3,3,0.55,0.55,0.6223508452031078,0.6223508452031078,,2024-06-04 00:00:00+00:00,BEAR,BEAR,3,3,0.55,0.55,0.5614927021353283,0.5614927021353283,,,2,,,True,INDIRECT_PATH_DIFFERENCE,2
2024-06-06 00:00:00+00:00,2024-06-05 00:00:00+00:00,BEAR,BEAR,3,3,0.55,0.55,0.6249425988866222,0.6249425988866222,,2024-06-05 00:00:00+00:00,BEAR,BEAR,3,3,0.55,0.55,0.5642051362724801,0.5642051362724801,,,2,,,True,INDIRECT_PATH_DIFFERENCE,2
2024-06-07 00:00:00+00:00,2024-06-06 00:00:00+00:00,BEAR,BEAR,3,3,0.55,0.55,0.6229455093999584,0.6229455093999584,,2024-06-06 00:00:00+00:00,BEAR,BEAR,3,3,0.55,0.55,0.5621203176562263,0.5621203176562263,,,2,,,True,INDIRECT_PATH_DIFFERENCE,2
2024-06-08 00:00:00+00:00,2024-06-07 00:00:00+00:00,BEAR,BEAR,3,3,0.55,0.55,0.6164664082494901,0.6164664082494901,,2024-06-07 00:00:00+00:00,BEAR,BEAR,3,3,0.55,0.55,0.5553565027762191,0.5553565027762191,,,2,,,True,INDIRECT_PATH_DIFFERENCE,2
2024-06-09 00:00:00+00:00,2024-06-08 00:00:00+00:00,BEAR,BEAR,3,3,0.55,0.55,0.6164897913904508,0.6164897913904508,,2024-06-08 00:00:00+00:00,BEAR,BEAR,3,3,0.55,0.55,0.5553806802467652,0.5553806802467652,,,2,,,True,INDIRECT_PATH_DIFFERENCE,2
2024-06-10 00:00:00+00:00,2024-06-09 00:00:00+00:00,BEAR,BEAR,3,3,0.55,0.55,0.6178492204950443,0.6178492204950443,,2024-06-09 00:00:00+00:00,BEAR,BEAR,3,3,0.55,0.55,0.5568004772748187,0.5568004772748187,,,2,,,True,INDIRECT_PATH_DIFFERENCE,2
2024-06-11 00:00:00+00:00,2024-06-10 00:00:00+00:00,BEAR,BEAR,3,3,0.55,0.55,0.6165569655569255,0.6165569655569255,,2024-06-10 00:00:00+00:00,BEAR,BEAR,3,3,0.55,0.55,0.5554590806128685,0.5554590806128685,,,2,,,True,INDIRECT_PATH_DIFFERENCE,2
2024-06-12 00:00:00+00:00,2024-06-11 00:00:00+00:00,BEAR,BEAR,3,3,0.55,0.55,0.6072583586459168,0.6072583586459168,,2024-06-11 00:00:00+00:00,BEAR,BEAR,3,3,0.55,0.55,0.5457845536371136,0.5457845536371136,,,2,,,True,INDIRECT_PATH_DIFFERENCE,2
2024-06-13 00:00:00+00:00,2024-06-12 00:00:00+00:00,BEAR,BEAR,3,3,0.55,0.55,0.6110081018054546,0.6110081018054546,,2024-06-12 00:00:00+00:00,BEAR,BEAR,3,3,0.55,0.55,0.5496838420927252,0.5496838420927252,,,2,,,True,INDIRECT_PATH_DIFFERENCE,2
2024-06-14 00:00:00+00:00,2024-06-13 00:00:00+00:00,BEAR,BEAR,3,3,0.55,0.55,0.6053676737432203,0.6053676737432203,,2024-06-13 00:00:00+00:00,BEAR,BEAR,3,3,0.55,0.55,0.5438224591105973,0.5438224591105973,,,2,,,True,INDIRECT_PATH_DIFFERENCE,2
2024-06-15 00:00:00+00:00,2024-06-14 00:00:00+00:00,BEAR,BEAR,3,3,0.55,0.55,0.6043017138745478,0.6043017138745478,,2024-06-14 00:00:00+00:00,BEAR,BEAR,3,3,0.55,0.55,0.5427043648800975,0.5427043648800975,,,2,,,True,INDIRECT_PATH_DIFFERENCE,2
2024-06-16 00:00:00+00:00,2024-06-15 00:00:00+00:00,BEAR,BEAR,3,3,0.55,0.55,0.6073238534082873,0.6073238534082873,,2024-06-15 00:00:00+00:00,BEAR,BEAR,3,3,0.55,0.55,0.5458255270583664,0.5458255270583664,,,2,,,True,INDIRECT_PATH_DIFFERENCE,2
2024-06-17 00:00:00+00:00,2024-06-16 00:00:00+00:00,BEAR,BEAR,3,3,0.55,0.55,0.6098862764710937,0.6098862764710937,,2024-06-16 00:00:00+00:00,BEAR,BEAR,3,3,0.55,0.55,0.5484844493313382,0.5484844493313382,,,2,,,True,INDIRECT_PATH_DIFFERENCE,2
2024-06-18 00:00:00+00:00,2024-06-17 00:00:00+00:00,BEAR,BEAR,3,3,0.55,0.55,0.6061713214821587,0.6061713214821587,,2024-06-17 00:00:00+00:00,BEAR,BEAR,3,3,0.55,0.55,0.5446477938210152,0.5446477938210152,,,2,,,True,INDIRECT_PATH_DIFFERENCE,2
2024-06-19 00:00:00+00:00,2024-06-18 00:00:00+00:00,BEAR,BEAR,3,3,0.55,0.55,0.6026614291199996,0.6026614291199996,,2024-06-18 00:00:00+00:00,BEAR,BEAR,3,3,0.55,0.55,0.5409953370407945,0.5409953370407945,,,2,,,True,INDIRECT_PATH_DIFFERENCE,2
2024-06-20 00:00:00+00:00,2024-06-19 00:00:00+00:00,BEAR,BEAR,3,3,0.55,0.55,0.6046379850550427,0.6046379850550427,,2024-06-19 00:00:00+00:00,BEAR,BEAR,3,3,0.55,0.55,0.5430254129247608,0.5430254129247608,,,2,,,True,INDIRECT_PATH_DIFFERENCE,2
2024-06-21 00:00:00+00:00,2024-06-20 00:00:00+00:00,BEAR,BEAR,3,3,0.55,0.55,0.602988596431592,0.602988596431592,,2024-06-20 00:00:00+00:00,BEAR,BEAR,3,3,0.55,0.55,0.5413254393190021,0.5413254393190021,,,2,,,True,INDIRECT_PATH_DIFFERENCE,2
2024-06-22 00:00:00+00:00,2024-06-21 00:00:00+00:00,BEAR,BEAR,3,3,0.55,0.55,0.6016975699739647,0.6016975699739647,,2024-06-21 00:00:00+00:00,BEAR,BEAR,3,3,0.55,0.55,0.5399768279106624,0.5399768279106624,,,2,,,True,INDIRECT_PATH_DIFFERENCE,2
2024-06-23 00:00:00+00:00,2024-06-22 00:00:00+00:00,BEAR,BEAR,3,3,0.55,0.55,0.6012490337979486,0.6012490337979486,,2024-06-22 00:00:00+00:00,BEAR,BEAR,3,3,0.55,0.55,0.5395204352574069,0.5395204352574069,,,2,,,True,INDIRECT_PATH_DIFFERENCE,2
2024-06-24 00:00:00+00:00,2024-06-23 00:00:00+00:00,BEAR,BEAR,3,3,0.55,0.55,0.596741844850774,0.596741844850774,,2024-06-23 00:00:00+00:00,BEAR,BEAR,3,3,0.55,0.55,0.5348609737914269,0.5348609737914269,,,2,,,True,INDIRECT_PATH_DIFFERENCE,2
2024-06-25 00:00:00+00:00,2024-06-24 00:00:00+00:00,BEAR,BEAR,3,3,0.55,0.55,0.5883313279851679,0.5883313279851679,,2024-06-24 00:00:00+00:00,BEAR,BEAR,3,3,0.55,0.55,0.5261619591435184,0.5261619591435184,,,2,,,True,INDIRECT_PATH_DIFFERENCE,2
2024-06-26 00:00:00+00:00,2024-06-25 00:00:00+00:00,BEAR,BEAR,3,3,0.55,0.55,0.5929826727867158,0.5929826727867158,,2024-06-25 00:00:00+00:00,BEAR,BEAR,3,3,0.55,0.55,0.5309677532316431,0.5309677532316431,,,2,,,True,INDIRECT_PATH_DIFFERENCE,2
2024-06-27 00:00:00+00:00,2024-06-26 00:00:00+00:00,BEAR,BEAR,3,3,0.55,0.55,0.5902297113848592,0.5902297113848592,,2024-06-26 00:00:00+00:00,BEAR,BEAR,3,3,0.55,0.55,0.5281228438915669,0.5281228438915669,,,2,,,True,INDIRECT_PATH_DIFFERENCE,2
2024-06-28 00:00:00+00:00,2024-06-27 00:00:00+00:00,BEAR,BEAR,3,3,0.55,0.55,0.594594806808824,0.594594806808824,,2024-06-27 00:00:00+00:00,BEAR,BEAR,3,3,0.55,0.55,0.5326186365395261,0.5326186365395261,,,2,,,True,INDIRECT_PATH_DIFFERENCE,2
2024-06-29 00:00:00+00:00,2024-06-28 00:00:00+00:00,BEAR,BEAR,3,3,0.55,0.55,0.5895939328254086,0.5895939328254086,,2024-06-28 00:00:00+00:00,BEAR,BEAR,3,3,0.55,0.55,0.5274617344038404,0.5274617344038404,,,2,,,True,INDIRECT_PATH_DIFFERENCE,2
2024-06-30 00:00:00+00:00,2024-06-29 00:00:00+00:00,BEAR,BEAR,3,3,0.55,0.55,0.5907718193258182,0.5907718193258182,,2024-06-29 00:00:00+00:00,BEAR,BEAR,3,3,0.55,0.55,0.5286850936836475,0.5286850936836475,,,2,,,True,INDIRECT_PATH_DIFFERENCE,2
2024-07-01 00:00:00+00:00,2024-06-30 00:00:00+00:00,BEAR,BEAR,3,3,0.55,0.55,0.5964908005414159,0.5964908005414159,,2024-06-30 00:00:00+00:00,BEAR,BEAR,3,3,0.55,0.55,0.5345994821059578,0.5345994821059578,,,2,,,True,INDIRECT_PATH_DIFFERENCE,2
2024-07-02 00:00:00+00:00,2024-07-01 00:00:00+00:00,BEAR,BEAR,3,3,0.55,0.55,0.5969026432986655,0.5969026432986655,,2024-07-01 00:00:00+00:00,BEAR,BEAR,3,3,0.55,0.55,0.5350271934469031,0.5350271934469031,,,2,,,True,INDIRECT_PATH_DIFFERENCE,2
2024-07-03 00:00:00+00:00,2024-07-02 00:00:00+00:00,BEAR,BEAR,3,3,0.55,0.55,0.5946478740688681,0.5946478740688681,,2024-07-02 00:00:00+00:00,BEAR,BEAR,3,3,0.55,0.55,0.5326930422253104,0.5326930422253104,,,2,,,True,INDIRECT_PATH_DIFFERENCE,2
2024-07-04 00:00:00+00:00,2024-07-03 00:00:00+00:00,BEAR,BEAR,3,3,0.55,0.55,0.586389891532038,0.586389891532038,,2024-07-03 00:00:00+00:00,BEAR,BEAR,3,3,0.55,0.55,0.5241893678438426,0.5241893678438426,,,2,,,True,INDIRECT_PATH_DIFFERENCE,2
2024-07-05 00:00:00+00:00,2024-07-04 00:00:00+00:00,BEAR,BEAR,3,3,0.55,0.55,0.5710303418496528,0.5710303418496528,,2024-07-04 00:00:00+00:00,BEAR,BEAR,3,3,0.55,0.55,0.5084755415605953,0.5084755415605953,,,2,,,True,INDIRECT_PATH_DIFFERENCE,2
2024-07-06 00:00:00+00:00,2024-07-05 00:00:00+00:00,BEAR,BEAR,3,3,0.55,0.55,0.5672178716093355,0.5672178716093355,,2024-07-05 00:00:00+00:00,BEAR,BEAR,3,3,0.55,0.55,0.5046070884330417,0.5046070884330417,,,2,,,True,INDIRECT_PATH_DIFFERENCE,2
2024-07-07 00:00:00+00:00,2024-07-06 00:00:00+00:00,BEAR,BEAR,3,3,0.55,0.55,0.5740937865239703,0.5740937865239703,,2024-07-06 00:00:00+00:00,BEAR,BEAR,3,3,0.55,0.55,0.5116223868456481,0.5116223868456481,,,2,,,True,INDIRECT_PATH_DIFFERENCE,2
2024-07-08 00:00:00+00:00,2024-07-07 00:00:00+00:00,BEAR,BEAR,3,3,0.55,0.55,0.5635068791272934,0.5635068791272934,,2024-07-07 00:00:00+00:00,BEAR,BEAR,3,3,0.55,0.55,0.5008374245661106,0.5008374245661106,,,2,,,True,INDIRECT_PATH_DIFFERENCE,2
2024-07-09 00:00:00+00:00,2024-07-08 00:00:00+00:00,BEAR,BEAR,3,3,0.55,0.55,0.5688358417546452,0.5688358417546452,,2024-07-08 00:00:00+00:00,BEAR,BEAR,3,3,0.55,0.55,0.5062497374273943,0.5062497374273943,,,2,,,True,INDIRECT_PATH_DIFFERENCE,2
2024-07-10 00:00:00+00:00,2024-07-09 00:00:00+00:00,BEAR,BEAR,3,3,0.55,0.55,0.57372171689416,0.57372171689416,,2024-07-09 00:00:00+00:00,BEAR,BEAR,3,3,0.55,0.55,0.5112435168391379,0.5112435168391379,,,2,,,True,INDIRECT_PATH_DIFFERENCE,2
2024-07-11 00:00:00+00:00,2024-07-10 00:00:00+00:00,BEAR,BEAR,3,3,0.55,0.55,0.5742029312087511,0.5742029312087511,,2024-07-10 00:00:00+00:00,BEAR,BEAR,3,3,0.55,0.55,0.5117216631901869,0.5117216631901869,,,2,,,True,INDIRECT_PATH_DIFFERENCE,2
2024-07-12 00:00:00+00:00,2024-07-11 00:00:00+00:00,BEAR,BEAR,3,3,0.55,0.55,0.573265605656499,0.573265605656499,,2024-07-11 00:00:00+00:00,BEAR,BEAR,3,3,0.55,0.55,0.5107597504586118,0.5107597504586118,,,2,,,True,INDIRECT_PATH_DIFFERENCE,2
2024-07-13 00:00:00+00:00,2024-07-12 00:00:00+00:00,BEAR,BEAR,3,3,0.55,0.55,0.5757767960375654,0.5757767960375654,,2024-07-12 00:00:00+00:00,BEAR,BEAR,3,3,0.55,0.55,0.513326496359781,0.513326496359781,,,2,,,True,INDIRECT_PATH_DIFFERENCE,2
2024-07-14 00:00:00+00:00,2024-07-13 00:00:00+00:00,BEAR,BEAR,3,3,0.55,0.55,0.5802701477655763,0.5802701477655763,,2024-07-13 00:00:00+00:00,BEAR,BEAR,3,3,0.55,0.55,0.5179369140665698,0.5179369140665698,,,2,,,True,INDIRECT_PATH_DIFFERENCE,2
2024-07-15 00:00:00+00:00,2024-07-14 00:00:00+00:00,BEAR,BEAR,3,3,0.55,0.55,0.5862011111594811,0.5862011111594811,,2024-07-14 00:00:00+00:00,BEAR,BEAR,3,3,0.55,0.55,0.5240318798128012,0.5240318798128012,,,2,,,True,INDIRECT_PATH_DIFFERENCE,2
2024-07-16 00:00:00+00:00,2024-07-15 00:00:00+00:00,BEAR,BEAR,3,3,0.55,0.55,0.6021913928570742,0.6021913928570742,,2024-07-15 00:00:00+00:00,BEAR,BEAR,3,3,0.55,0.55,0.5405355129883072,0.5405355129883072,,,2,,,True,INDIRECT_PATH_DIFFERENCE,2
2024-07-17 00:00:00+00:00,2024-07-16 00:00:00+00:00,BEAR,BEAR,3,3,0.55,0.55,0.6016506648769054,0.6016506648769054,,2024-07-16 00:00:00+00:00,BEAR,BEAR,3,3,0.55,0.55,0.5399905279191788,0.5399905279191788,,,2,,,True,INDIRECT_PATH_DIFFERENCE,2
2024-07-18 00:00:00+00:00,2024-07-17 00:00:00+00:00,BEAR,BEAR,3,3,0.55,0.55,0.5979081642861487,0.5979081642861487,,2024-07-17 00:00:00+00:00,BEAR,BEAR,3,3,0.55,0.55,0.5361182330881366,0.5361182330881366,,,2,,,True,INDIRECT_PATH_DIFFERENCE,2
2024-07-19 00:00:00+00:00,2024-07-18 00:00:00+00:00,BEAR,BEAR,3,3,0.55,0.55,0.5989588547821129,0.5989588547821129,,2024-07-18 00:00:00+00:00,BEAR,BEAR,3,3,0.55,0.55,0.537194929636842,0.537194929636842,,,2,,,True,INDIRECT_PATH_DIFFERENCE,2
2024-07-20 00:00:00+00:00,2024-07-19 00:00:00+00:00,BEAR,BEAR,3,3,0.55,0.55,0.6067751300646632,0.6067751300646632,,2024-07-19 00:00:00+00:00,BEAR,BEAR,3,3,0.55,0.55,0.5453188096627363,0.5453188096627363,,,2,,,True,INDIRECT_PATH_DIFFERENCE,2
2024-07-21 00:00:00+00:00,2024-07-20 00:00:00+00:00,BEAR,BEAR,3,3,0.55,0.55,0.6081634418560468,0.6081634418560468,,2024-07-20 00:00:00+00:00,BEAR,BEAR,3,3,0.55,0.55,0.5467659753236264,0.5467659753236264,,,2,,,True,INDIRECT_PATH_DIFFERENCE,2
2024-07-22 00:00:00+00:00,2024-07-21 00:00:00+00:00,BEAR,BEAR,3,3,0.55,0.55,0.61074254950154,0.61074254950154,,2024-07-21 00:00:00+00:00,BEAR,BEAR,3,3,0.55,0.55,0.5494597068594982,0.5494597068594982,,,2,,,True,INDIRECT_PATH_DIFFERENCE,2
2024-07-23 00:00:00+00:00,2024-07-22 00:00:00+00:00,BEAR,BEAR,3,3,0.55,0.55,0.6066266698632368,0.6066266698632368,,2024-07-22 00:00:00+00:00,BEAR,BEAR,3,3,0.55,0.55,0.5451956617820946,0.5451956617820946,,,2,,,True,INDIRECT_PATH_DIFFERENCE,2
2024-07-24 00:00:00+00:00,2024-07-23 00:00:00+00:00,BEAR,BEAR,3,3,0.55,0.55,0.6047480073013015,0.6047480073013015,,2024-07-23 00:00:00+00:00,BEAR,BEAR,3,3,0.55,0.55,0.5432135355760072,0.5432135355760072,,,2,,,True,INDIRECT_PATH_DIFFERENCE,2
2024-07-25 00:00:00+00:00,2024-07-24 00:00:00+00:00,BEAR,BEAR,3,3,0.55,0.55,0.5990785038830204,0.5990785038830204,,2024-07-24 00:00:00+00:00,BEAR,BEAR,3,3,0.55,0.55,0.5373684158501201,0.5373684158501201,,,2,,,True,INDIRECT_PATH_DIFFERENCE,2
2024-07-26 00:00:00+00:00,2024-07-25 00:00:00+00:00,BEAR,BEAR,3,3,0.55,0.55,0.5948939622021504,0.5948939622021504,,2024-07-25 00:00:00+00:00,BEAR,BEAR,3,3,0.55,0.55,0.5330922463248141,0.5330922463248141,,,2,,,True,INDIRECT_PATH_DIFFERENCE,2
2024-07-27 00:00:00+00:00,2024-07-26 00:00:00+00:00,BEAR,BEAR,3,3,0.55,0.55,0.6024057183016326,0.6024057183016326,,2024-07-26 00:00:00+00:00,BEAR,BEAR,3,3,0.55,0.55,0.5408673755920776,0.5408673755920776,,,2,,,True,INDIRECT_PATH_DIFFERENCE,2
2024-07-28 00:00:00+00:00,2024-07-27 00:00:00+00:00,BEAR,BEAR,3,3,0.55,0.55,0.6016055503466936,0.6016055503466936,,2024-07-27 00:00:00+00:00,BEAR,BEAR,3,3,0.55,0.55,0.5400458107035765,0.5400458107035765,,,2,,,True,INDIRECT_PATH_DIFFERENCE,2
2024-07-29 00:00:00+00:00,2024-07-28 00:00:00+00:00,BEAR,BEAR,3,3,0.55,0.55,0.6029957088084733,0.6029957088084733,,2024-07-28 00:00:00+00:00,BEAR,BEAR,3,3,0.55,0.55,0.5414870720794587,0.5414870720794587,,,2,,,True,INDIRECT_PATH_DIFFERENCE,2
2024-07-30 00:00:00+00:00,2024-07-29 00:00:00+00:00,BEAR,BEAR,3,3,0.55,0.55,0.6014904873388996,0.6014904873388996,,2024-07-29 00:00:00+00:00,BEAR,BEAR,3,3,0.55,0.55,0.5398958885026827,0.5398958885026827,,,2,,,True,INDIRECT_PATH_DIFFERENCE,2
2024-07-31 00:00:00+00:00,2024-07-30 00:00:00+00:00,BEAR,BEAR,3,3,0.55,0.55,0.5990763847524373,0.5990763847524373,,2024-07-30 00:00:00+00:00,BEAR,BEAR,3,3,0.55,0.55,0.5373991659903267,0.5373991659903267,,,2,,,True,INDIRECT_PATH_DIFFERENCE,2
2024-08-01 00:00:00+00:00,2024-07-31 00:00:00+00:00,BEAR,BEAR,3,3,0.55,0.55,0.5943440150498643,0.5943440150498643,,2024-07-31 00:00:00+00:00,BEAR,BEAR,3,3,0.55,0.55,0.5324995729402987,0.5324995729402987,,,2,,,True,INDIRECT_PATH_DIFFERENCE,2
2024-08-02 00:00:00+00:00,2024-08-01 00:00:00+00:00,BEAR,BEAR,3,3,0.55,0.55,0.5949572841660019,0.5949572841660019,,2024-08-01 00:00:00+00:00,BEAR,BEAR,3,3,0.55,0.55,0.533152081471801,0.533152081471801,,,2,,,True,INDIRECT_PATH_DIFFERENCE,2
2024-08-03 00:00:00+00:00,2024-08-02 00:00:00+00:00,BEAR,BEAR,3,3,0.55,0.55,0.5793842757921196,0.5793842757921196,,2024-08-02 00:00:00+00:00,BEAR,BEAR,3,3,0.55,0.55,0.5171399491414498,0.5171399491414498,,,2,,,True,INDIRECT_PATH_DIFFERENCE,2
2024-08-04 00:00:00+00:00,2024-08-03 00:00:00+00:00,BEAR,BEAR,3,3,0.55,0.55,0.574548788379359,0.574548788379359,,2024-08-03 00:00:00+00:00,BEAR,BEAR,3,3,0.55,0.55,0.5122068998516468,0.5122068998516468,,,2,,,True,INDIRECT_PATH_DIFFERENCE,2
2024-08-05 00:00:00+00:00,2024-08-04 00:00:00+00:00,BEAR,BEAR,3,3,0.55,0.55,0.5606044552399877,0.5606044552399877,,2024-08-04 00:00:00+00:00,BEAR,BEAR,3,3,0.55,0.55,0.49803604391751977,0.49803604391751977,,,2,,,True,INDIRECT_PATH_DIFFERENCE,2
2024-08-06 00:00:00+00:00,2024-08-05 00:00:00+00:00,BEAR,BEAR,3,3,0.55,0.55,0.5391531768533621,0.5391531768533621,,2024-08-05 00:00:00+00:00,BEAR,BEAR,3,3,0.55,0.55,0.4764124457434222,0.4764124457434222,,,2,,,True,INDIRECT_PATH_DIFFERENCE,2
2024-08-07 00:00:00+00:00,2024-08-06 00:00:00+00:00,BEAR,BEAR,3,3,0.55,0.55,0.5462776188349848,0.5462776188349848,,2024-08-06 00:00:00+00:00,BEAR,BEAR,3,3,0.55,0.55,0.48359615935877737,0.48359615935877737,,,2,,,True,INDIRECT_PATH_DIFFERENCE,2
2024-08-08 00:00:00+00:00,2024-08-07 00:00:00+00:00,BEAR,BEAR,3,3,0.55,0.55,0.5390565531684146,0.5390565531684146,,2024-08-07 00:00:00+00:00,BEAR,BEAR,3,3,0.55,0.55,0.4763642729273225,0.4763642729273225,,,2,,,True,INDIRECT_PATH_DIFFERENCE,2
2024-08-09 00:00:00+00:00,2024-08-08 00:00:00+00:00,BEAR,BEAR,3,3,0.55,0.55,0.5690628862350021,0.5690628862350021,,2024-08-08 00:00:00+00:00,BEAR,BEAR,3,3,0.55,0.55,0.5066984300382177,0.5066984300382177,,,2,,,True,INDIRECT_PATH_DIFFERENCE,2
2024-08-10 00:00:00+00:00,2024-08-09 00:00:00+00:00,BEAR,BEAR,3,3,0.55,0.55,0.563950850660743,0.563950850660743,,2024-08-09 00:00:00+00:00,BEAR,BEAR,3,3,0.55,0.55,0.5015115781685361,0.5015115781685361,,,2,,,True,INDIRECT_PATH_DIFFERENCE,2
2024-08-11 00:00:00+00:00,2024-08-10 00:00:00+00:00,BEAR,BEAR,3,3,0.55,0.55,0.5645921199626228,0.5645921199626228,,2024-08-10 00:00:00+00:00,BEAR,BEAR,3,3,0.55,0.55,0.5021624555043037,0.5021624555043037,,,2,,,True,INDIRECT_PATH_DIFFERENCE,2
2024-08-12 00:00:00+00:00,2024-08-11 00:00:00+00:00,BEAR,BEAR,3,3,0.55,0.55,0.5570487743642256,0.5570487743642256,,2024-08-11 00:00:00+00:00,BEAR,BEAR,3,3,0.55,0.55,0.49449341189725,0.49449341189725,,,2,,,True,INDIRECT_PATH_DIFFERENCE,2
2024-08-13 00:00:00+00:00,2024-08-12 00:00:00+00:00,BEAR,BEAR,3,3,0.55,0.55,0.5649310233120661,0.5649310233120661,,2024-08-12 00:00:00+00:00,BEAR,BEAR,3,3,0.55,0.55,0.5024498067395703,0.5024498067395703,,,2,,,True,INDIRECT_PATH_DIFFERENCE,2
2024-08-14 00:00:00+00:00,2024-08-13 00:00:00+00:00,BEAR,BEAR,3,3,0.55,0.55,0.5672363445904431,0.5672363445904431,,2024-08-13 00:00:00+00:00,BEAR,BEAR,3,3,0.55,0.55,0.5048220331420633,0.5048220331420633,,,2,,,True,INDIRECT_PATH_DIFFERENCE,2
2024-08-15 00:00:00+00:00,2024-08-14 00:00:00+00:00,BEAR,BEAR,3,3,0.55,0.55,0.5610614572696032,0.5610614572696032,,2024-08-14 00:00:00+00:00,BEAR,BEAR,3,3,0.55,0.55,0.4985305378761276,0.4985305378761276,,,2,,,True,INDIRECT_PATH_DIFFERENCE,2
2024-08-16 00:00:00+00:00,2024-08-15 00:00:00+00:00,BEAR,BEAR,3,3,0.55,0.55,0.5546996510989255,0.5546996510989255,,2024-08-15 00:00:00+00:00,BEAR,BEAR,3,3,0.55,0.55,0.4920978162709403,0.4920978162709403,,,2,,,True,INDIRECT_PATH_DIFFERENCE,2
2024-08-17 00:00:00+00:00,2024-08-16 00:00:00+00:00,BEAR,BEAR,3,3,0.55,0.55,0.5589788589872974,0.5589788589872974,,2024-08-16 00:00:00+00:00,BEAR,BEAR,3,3,0.55,0.55,0.49644622789898235,0.49644622789898235,,,2,,,True,INDIRECT_PATH_DIFFERENCE,2
2024-08-18 00:00:00+00:00,2024-08-17 00:00:00+00:00,BEAR,BEAR,3,3,0.55,0.55,0.5613651603910713,0.5613651603910713,,2024-08-17 00:00:00+00:00,BEAR,BEAR,3,3,0.55,0.55,0.4988707200154975,0.4988707200154975,,,2,,,True,INDIRECT_PATH_DIFFERENCE,2
2024-08-19 00:00:00+00:00,2024-08-18 00:00:00+00:00,BEAR,BEAR,3,3,0.55,0.55,0.5586304208863198,0.5586304208863198,,2024-08-18 00:00:00+00:00,BEAR,BEAR,3,3,0.55,0.55,0.4960823359738843,0.4960823359738843,,,2,,,True,INDIRECT_PATH_DIFFERENCE,2
2024-08-20 00:00:00+00:00,2024-08-19 00:00:00+00:00,BEAR,BEAR,3,3,0.55,0.55,0.5620904629684145,0.5620904629684145,,2024-08-19 00:00:00+00:00,BEAR,BEAR,3,3,0.55,0.55,0.49960185343774377,0.49960185343774377,,,2,,,True,INDIRECT_PATH_DIFFERENCE,2
2024-08-21 00:00:00+00:00,2024-08-20 00:00:00+00:00,BEAR,BEAR,3,3,0.55,0.55,0.5586482052883731,0.5586482052883731,,2024-08-20 00:00:00+00:00,BEAR,BEAR,3,3,0.55,0.55,0.4961252500605351,0.4961252500605351,,,2,,,True,INDIRECT_PATH_DIFFERENCE,2
2024-08-22 00:00:00+00:00,2024-08-21 00:00:00+00:00,BEAR,BEAR,3,3,0.55,0.55,0.5661377586175819,0.5661377586175819,,2024-08-21 00:00:00+00:00,BEAR,BEAR,3,3,0.55,0.55,0.5037463881463801,0.5037463881463801,,,2,,,True,INDIRECT_PATH_DIFFERENCE,2
2024-08-23 00:00:00+00:00,2024-08-22 00:00:00+00:00,BEAR,BEAR,3,3,0.55,0.55,0.5639584920512053,0.5639584920512053,,2024-08-22 00:00:00+00:00,BEAR,BEAR,3,3,0.55,0.55,0.5015223409994104,0.5015223409994104,,,2,,,True,INDIRECT_PATH_DIFFERENCE,2
2024-08-24 00:00:00+00:00,2024-08-23 00:00:00+00:00,BEAR,BEAR,3,3,0.55,0.55,0.5777192586552895,0.5777192586552895,,2024-08-23 00:00:00+00:00,BEAR,BEAR,3,3,0.55,0.55,0.5155684036143284,0.5155684036143284,,,2,,,True,INDIRECT_PATH_DIFFERENCE,2
2024-08-25 00:00:00+00:00,2024-08-24 00:00:00+00:00,BEAR,BEAR,3,3,0.55,0.55,0.5782048986969591,0.5782048986969591,,2024-08-24 00:00:00+00:00,BEAR,BEAR,3,3,0.55,0.55,0.5160667986953205,0.5160667986953205,,,2,,,True,INDIRECT_PATH_DIFFERENCE,2
2024-08-26 00:00:00+00:00,2024-08-25 00:00:00+00:00,BEAR,BEAR,3,3,0.55,0.55,0.5776057225585542,0.5776057225585542,,2024-08-25 00:00:00+00:00,BEAR,BEAR,3,3,0.55,0.55,0.5154624239821458,0.5154624239821458,,,2,,,True,INDIRECT_PATH_DIFFERENCE,2
2024-08-27 00:00:00+00:00,2024-08-26 00:00:00+00:00,BEAR,BEAR,3,3,0.55,0.55,0.5720640850702823,0.5720640850702823,,2024-08-26 00:00:00+00:00,BEAR,BEAR,3,3,0.55,0.55,0.5098007812167359,0.5098007812167359,,,2,,,True,INDIRECT_PATH_DIFFERENCE,2
2024-08-28 00:00:00+00:00,2024-08-27 00:00:00+00:00,BEAR,BEAR,3,3,0.55,0.55,0.5553676444957739,0.5553676444957739,,2024-08-27 00:00:00+00:00,BEAR,BEAR,3,3,0.55,0.55,0.4928571809833413,0.4928571809833413,,,2,,,True,INDIRECT_PATH_DIFFERENCE,2
2024-08-29 00:00:00+00:00,2024-08-28 00:00:00+00:00,BEAR,BEAR,3,3,0.55,0.55,0.5571499939465172,0.5571499939465172,,2024-08-28 00:00:00+00:00,BEAR,BEAR,3,3,0.55,0.55,0.49463293350205756,0.49463293350205756,,,2,,,True,INDIRECT_PATH_DIFFERENCE,2
2024-08-30 00:00:00+00:00,2024-08-29 00:00:00+00:00,BEAR,BEAR,3,3,0.55,0.55,0.5579625927003917,0.5579625927003917,,2024-08-29 00:00:00+00:00,BEAR,BEAR,3,3,0.55,0.55,0.49546280229718037,0.49546280229718037,,,2,,,True,INDIRECT_PATH_DIFFERENCE,2
2024-08-31 00:00:00+00:00,2024-08-30 00:00:00+00:00,BEAR,BEAR,3,3,0.55,0.55,0.5573251094722719,0.5573251094722719,,2024-08-30 00:00:00+00:00,BEAR,BEAR,3,3,0.55,0.55,0.49481524731444776,0.49481524731444776,,,2,,,True,INDIRECT_PATH_DIFFERENCE,2
2024-09-01 00:00:00+00:00,2024-08-31 00:00:00+00:00,BEAR,BEAR,3,3,0.55,0.55,0.5564649212405754,0.5564649212405754,,2024-08-31 00:00:00+00:00,BEAR,BEAR,3,3,0.55,0.55,0.49394756853339594,0.49394756853339594,,,2,,,True,INDIRECT_PATH_DIFFERENCE,2
2024-09-02 00:00:00+00:00,2024-09-01 00:00:00+00:00,BEAR,BEAR,3,3,0.55,0.55,0.5487369458353235,0.5487369458353235,,2024-09-01 00:00:00+00:00,BEAR,BEAR,3,3,0.55,0.55,0.48614338565773213,0.48614338565773213,,,2,,,True,INDIRECT_PATH_DIFFERENCE,2
2024-09-03 00:00:00+00:00,2024-09-02 00:00:00+00:00,BEAR,BEAR,3,3,0.55,0.55,0.55786361430182,0.55786361430182,,2024-09-02 00:00:00+00:00,BEAR,BEAR,3,3,0.55,0.55,0.4953610580058338,0.4953610580058338,,,2,,,True,INDIRECT_PATH_DIFFERENCE,2
2024-09-04 00:00:00+00:00,2024-09-03 00:00:00+00:00,BEAR,BEAR,3,3,0.55,0.55,0.5492493755028592,0.5492493755028592,,2024-09-03 00:00:00+00:00,BEAR,BEAR,3,3,0.55,0.55,0.4866662061887988,0.4866662061887988,,,2,,,True,INDIRECT_PATH_DIFFERENCE,2
2024-09-05 00:00:00+00:00,2024-09-04 00:00:00+00:00,BEAR,BEAR,3,3,0.55,0.55,0.5515390432929438,0.5515390432929438,,2024-09-04 00:00:00+00:00,BEAR,BEAR,3,3,0.55,0.55,0.48897761060146056,0.48897761060146056,,,2,,,True,INDIRECT_PATH_DIFFERENCE,2
2024-09-06 00:00:00+00:00,2024-09-05 00:00:00+00:00,BEAR,BEAR,3,3,0.55,0.55,0.543533936498856,0.543533936498856,,2024-09-05 00:00:00+00:00,BEAR,BEAR,3,3,0.55,0.55,0.4809105446198871,0.4809105446198871,,,2,,,True,INDIRECT_PATH_DIFFERENCE,2
2024-09-07 00:00:00+00:00,2024-09-06 00:00:00+00:00,BEAR,BEAR,3,3,0.55,0.55,0.5314105501247548,0.5314105501247548,,2024-09-06 00:00:00+00:00,BEAR,BEAR,3,3,0.55,0.55,0.4687705392968122,0.4687705392968122,,,2,,,True,INDIRECT_PATH_DIFFERENCE,2
2024-09-08 00:00:00+00:00,2024-09-07 00:00:00+00:00,BEAR,BEAR,3,3,0.55,0.55,0.5340540514136137,0.5340540514136137,,2024-09-07 00:00:00+00:00,BEAR,BEAR,3,3,0.55,0.55,0.47140181725017655,0.47140181725017655,,,2,,,True,INDIRECT_PATH_DIFFERENCE,2
2024-09-09 00:00:00+00:00,2024-09-08 00:00:00+00:00,BEAR,BEAR,3,3,0.55,0.55,0.5370576204574813,0.5370576204574813,,2024-09-08 00:00:00+00:00,BEAR,BEAR,3,3,0.55,0.55,0.4744155979756016,0.4744155979756016,,,2,,,True,INDIRECT_PATH_DIFFERENCE,2
2024-09-10 00:00:00+00:00,2024-09-09 00:00:00+00:00,BEAR,BEAR,3,3,0.55,0.55,0.5455591823942357,0.5455591823942357,,2024-09-09 00:00:00+00:00,BEAR,BEAR,3,3,0.55,0.55,0.4829721308422897,0.4829721308422897,,,2,,,True,INDIRECT_PATH_DIFFERENCE,2
2024-09-11 00:00:00+00:00,2024-09-10 00:00:00+00:00,BEAR,BEAR,3,3,0.55,0.55,0.5483234888696134,0.5483234888696134,,2024-09-10 00:00:00+00:00,BEAR,BEAR,3,3,0.55,0.55,0.4857580841874713,0.4857580841874713,,,2,,,True,INDIRECT_PATH_DIFFERENCE,2
2024-09-12 00:00:00+00:00,2024-09-11 00:00:00+00:00,BEAR,BEAR,3,3,0.55,0.55,0.5456270126586836,0.5456270126586836,,2024-09-11 00:00:00+00:00,BEAR,BEAR,3,3,0.55,0.55,0.4830549307654115,0.4830549307654115,,,2,,,True,INDIRECT_PATH_DIFFERENCE,2
2024-09-13 00:00:00+00:00,2024-09-12 00:00:00+00:00,BEAR,BEAR,3,3,0.55,0.55,0.5486097664709457,0.5486097664709457,,2024-09-12 00:00:00+00:00,BEAR,BEAR,3,3,0.55,0.55,0.486067104483233,0.486067104483233,,,2,,,True,INDIRECT_PATH_DIFFERENCE,2
2024-09-14 00:00:00+00:00,2024-09-13 00:00:00+00:00,BEAR,BEAR,3,3,0.55,0.55,0.5577747620353716,0.5577747620353716,,2024-09-13 00:00:00+00:00,BEAR,BEAR,3,3,0.55,0.55,0.4953418949539623,0.4953418949539623,,,2,,,True,INDIRECT_PATH_DIFFERENCE,2
2024-09-15 00:00:00+00:00,2024-09-14 00:00:00+00:00,BEAR,BEAR,3,3,0.55,0.55,0.5556860384015997,0.5556860384015997,,2024-09-14 00:00:00+00:00,BEAR,BEAR,3,3,0.55,0.55,0.4932279623561416,0.4932279623561416,,,2,,,True,INDIRECT_PATH_DIFFERENCE,2
2024-09-16 00:00:00+00:00,2024-09-15 00:00:00+00:00,BEAR,BEAR,3,3,0.55,0.55,0.5494920018152706,0.5494920018152706,,2024-09-15 00:00:00+00:00,BEAR,BEAR,3,3,0.55,0.55,0.4869933373300875,0.4869933373300875,,,2,,,True,INDIRECT_PATH_DIFFERENCE,2
2024-09-17 00:00:00+00:00,2024-09-16 00:00:00+00:00,BEAR,BEAR,3,3,0.55,0.55,0.5462619031792671,0.5462619031792671,,2024-09-16 00:00:00+00:00,BEAR,BEAR,3,3,0.55,0.55,0.4837316659471691,0.4837316659471691,,,2,,,True,INDIRECT_PATH_DIFFERENCE,2
2024-09-18 00:00:00+00:00,2024-09-17 00:00:00+00:00,BEAR,BEAR,3,3,0.55,0.55,0.553626368351431,0.553626368351431,,2024-09-17 00:00:00+00:00,BEAR,BEAR,3,3,0.55,0.55,0.4911805943342943,0.4911805943342943,,,2,,,True,INDIRECT_PATH_DIFFERENCE,2
2024-09-19 00:00:00+00:00,2024-09-18 00:00:00+00:00,BEAR,BEAR,3,3,0.55,0.55,0.5586120078003789,0.5586120078003789,,2024-09-18 00:00:00+00:00,BEAR,BEAR,3,3,0.55,0.55,0.49623886396015443,0.49623886396015443,,,2,,,True,INDIRECT_PATH_DIFFERENCE,2
2024-09-20 00:00:00+00:00,2024-09-19 00:00:00+00:00,BEAR,BEAR,3,3,0.55,0.55,0.5649857493620489,0.5649857493620489,,2024-09-19 00:00:00+00:00,BEAR,BEAR,3,3,0.55,0.55,0.5026968917612352,0.5026968917612352,,,2,,,True,INDIRECT_PATH_DIFFERENCE,2
2024-09-21 00:00:00+00:00,2024-09-20 00:00:00+00:00,BEAR,BEAR,3,3,0.55,0.55,0.5691423661368626,0.5691423661368626,,2024-09-20 00:00:00+00:00,BEAR,BEAR,3,3,0.55,0.55,0.5069006056066447,0.5069006056066447,,,2,,,True,INDIRECT_PATH_DIFFERENCE,2
2024-09-22 00:00:00+00:00,2024-09-21 00:00:00+00:00,BEAR,BEAR,3,3,0.55,0.55,0.57135557380639,0.57135557380639,,2024-09-21 00:00:00+00:00,BEAR,BEAR,3,3,0.55,0.55,0.5091437977885732,0.5091437977885732,,,2,,,True,INDIRECT_PATH_DIFFERENCE,2
2024-09-23 00:00:00+00:00,2024-09-22 00:00:00+00:00,BEAR,BEAR,3,3,0.55,0.55,0.5707937926666201,0.5707937926666201,,2024-09-22 00:00:00+00:00,BEAR,BEAR,3,3,0.55,0.55,0.5085857698943832,0.5085857698943832,,,2,,,True,INDIRECT_PATH_DIFFERENCE,2
2024-09-24 00:00:00+00:00,2024-09-23 00:00:00+00:00,BEAR,BEAR,3,3,0.55,0.55,0.5726081848424829,0.5726081848424829,,2024-09-23 00:00:00+00:00,BEAR,BEAR,3,3,0.55,0.55,0.510413263641428,0.510413263641428,,,2,,,True,INDIRECT_PATH_DIFFERENCE,2
2024-09-25 00:00:00+00:00,2024-09-24 00:00:00+00:00,BEAR,BEAR,3,3,0.55,0.55,0.5750235292891418,0.5750235292891418,,2024-09-24 00:00:00+00:00,BEAR,BEAR,3,3,0.55,0.55,0.5128930883492928,0.5128930883492928,,,2,,,True,INDIRECT_PATH_DIFFERENCE,2
2024-09-26 00:00:00+00:00,2024-09-25 00:00:00+00:00,BEAR,BEAR,3,3,0.55,0.55,0.5697923879979092,0.5697923879979092,,2024-09-25 00:00:00+00:00,BEAR,BEAR,3,3,0.55,0.55,0.5075626998177859,0.5075626998177859,,,2,,,True,INDIRECT_PATH_DIFFERENCE,2
2024-09-27 00:00:00+00:00,2024-09-26 00:00:00+00:00,BEAR,BEAR,3,3,0.55,0.55,0.5764536032612598,0.5764536032612598,,2024-09-26 00:00:00+00:00,BEAR,BEAR,3,3,0.55,0.55,0.5143776472878505,0.5143776472878505,,,2,,,True,INDIRECT_PATH_DIFFERENCE,2
2024-09-28 00:00:00+00:00,2024-09-27 00:00:00+00:00,BEAR,BEAR,3,3,0.55,0.55,0.5800095871940519,0.5800095871940519,,2024-09-27 00:00:00+00:00,BEAR,BEAR,3,3,0.55,0.55,0.518007745075016,0.518007745075016,,,2,,,True,INDIRECT_PATH_DIFFERENCE,2
2024-09-29 00:00:00+00:00,2024-09-28 00:00:00+00:00,BEAR,BEAR,3,3,0.55,0.55,0.5795659938644487,0.5795659938644487,,2024-09-28 00:00:00+00:00,BEAR,BEAR,3,3,0.55,0.55,0.5175618849900354,0.5175618849900354,,,2,,,True,INDIRECT_PATH_DIFFERENCE,2
2024-09-30 00:00:00+00:00,2024-09-29 00:00:00+00:00,BEAR,BEAR,3,3,0.55,0.55,0.5783846097437366,0.5783846097437366,,2024-09-29 00:00:00+00:00,BEAR,BEAR,3,3,0.55,0.55,0.5163553035501248,0.5163553035501248,,,2,,,True,INDIRECT_PATH_DIFFERENCE,2
2024-10-01 00:00:00+00:00,2024-09-30 00:00:00+00:00,BEAR,BEAR,3,3,0.55,0.55,0.5711004833964991,0.5711004833964991,,2024-09-30 00:00:00+00:00,BEAR,BEAR,3,3,0.55,0.55,0.5088981416236626,0.5088981416236626,,,2,,,True,INDIRECT_PATH_DIFFERENCE,2
2024-10-02 00:00:00+00:00,2024-10-01 00:00:00+00:00,BEAR,BEAR,3,3,0.55,0.55,0.5592143324948412,0.5592143324948412,,2024-10-01 00:00:00+00:00,BEAR,BEAR,3,3,0.55,0.55,0.4968264877310327,0.4968264877310327,,,2,,,True,INDIRECT_PATH_DIFFERENCE,2
2024-10-03 00:00:00+00:00,2024-10-02 00:00:00+00:00,BEAR,BEAR,3,3,0.55,0.55,0.5556345796093872,0.5556345796093872,,2024-10-02 00:00:00+00:00,BEAR,BEAR,3,3,0.55,0.55,0.49322892105224486,0.49322892105224486,,,2,,,True,INDIRECT_PATH_DIFFERENCE,2
2024-10-04 00:00:00+00:00,2024-10-03 00:00:00+00:00,BEAR,BEAR,3,3,0.55,0.55,0.555368134193068,0.555368134193068,,2024-10-03 00:00:00+00:00,BEAR,BEAR,3,3,0.55,0.55,0.4929673656746759,0.4929673656746759,,,2,,,True,INDIRECT_PATH_DIFFERENCE,2
2024-10-05 00:00:00+00:00,2024-10-04 00:00:00+00:00,BEAR,BEAR,3,3,0.55,0.55,0.5612322968089696,0.5612322968089696,,2024-10-04 00:00:00+00:00,BEAR,BEAR,3,3,0.55,0.55,0.4989085785216926,0.4989085785216926,,,2,,,True,INDIRECT_PATH_DIFFERENCE,2
2024-10-06 00:00:00+00:00,2024-10-05 00:00:00+00:00,BEAR,BEAR,3,3,0.55,0.55,0.5611906683090571,0.5611906683090571,,2024-10-05 00:00:00+00:00,BEAR,BEAR,3,3,0.55,0.55,0.49886717940851233,0.49886717940851233,,,2,,,True,INDIRECT_PATH_DIFFERENCE,2
2024-10-07 00:00:00+00:00,2024-10-06 00:00:00+00:00,BEAR,BEAR,3,3,0.55,0.55,0.5640531761036547,0.5640531761036547,,2024-10-06 00:00:00+00:00,BEAR,BEAR,3,3,0.55,0.55,0.5017781818320687,0.5017781818320687,,,2,,,True,INDIRECT_PATH_DIFFERENCE,2
2024-10-08 00:00:00+00:00,2024-10-07 00:00:00+00:00,BEAR,BEAR,3,3,0.55,0.55,0.5619452126426085,0.5619452126426085,,2024-10-07 00:00:00+00:00,BEAR,BEAR,3,3,0.55,0.55,0.4996354231197774,0.4996354231197774,,,2,,,True,INDIRECT_PATH_DIFFERENCE,2
2024-10-09 00:00:00+00:00,2024-10-08 00:00:00+00:00,BEAR,BEAR,3,3,0.55,0.55,0.5624865096489104,0.5624865096489104,,2024-10-08 00:00:00+00:00,BEAR,BEAR,3,3,0.55,0.55,0.5001791081325017,0.5001791081325017,,,2,,,True,INDIRECT_PATH_DIFFERENCE,2
2024-10-10 00:00:00+00:00,2024-10-09 00:00:00+00:00,BEAR,BEAR,3,3,0.55,0.55,0.5559797989910523,0.5559797989910523,,2024-10-09 00:00:00+00:00,BEAR,BEAR,3,3,0.55,0.55,0.49358528738592705,0.49358528738592705,,,2,,,True,INDIRECT_PATH_DIFFERENCE,2
2024-10-11 00:00:00+00:00,2024-10-10 00:00:00+00:00,BEAR,BEAR,3,3,0.55,0.55,0.555822021738697,0.555822021738697,,2024-10-10 00:00:00+00:00,BEAR,BEAR,3,3,0.55,0.55,0.49341648291990564,0.49341648291990564,,,2,,,True,INDIRECT_PATH_DIFFERENCE,2
2024-10-12 00:00:00+00:00,2024-10-11 00:00:00+00:00,BEAR,BEAR,3,3,0.55,0.55,0.563435485774919,0.563435485774919,,2024-10-11 00:00:00+00:00,BEAR,BEAR,3,3,0.55,0.55,0.501153305211177,0.501153305211177,,,2,,,True,INDIRECT_PATH_DIFFERENCE,2
2024-10-13 00:00:00+00:00,2024-10-12 00:00:00+00:00,BEAR,BEAR,3,3,0.55,0.55,0.566460391704276,0.566460391704276,,2024-10-12 00:00:00+00:00,BEAR,BEAR,3,3,0.55,0.55,0.5042274728246626,0.5042274728246626,,,2,,,True,INDIRECT_PATH_DIFFERENCE,2
2024-10-14 00:00:00+00:00,2024-10-13 00:00:00+00:00,BEAR,BEAR,3,3,0.55,0.55,0.5653790195395832,0.5653790195395832,,2024-10-13 00:00:00+00:00,BEAR,BEAR,3,3,0.55,0.55,0.5031263228645025,0.5031263228645025,,,2,,,True,INDIRECT_PATH_DIFFERENCE,2
2024-10-15 00:00:00+00:00,2024-10-14 00:00:00+00:00,BEAR,BEAR,3,3,0.55,0.55,0.5788103599102588,0.5788103599102588,,2024-10-14 00:00:00+00:00,BEAR,BEAR,3,3,0.55,0.55,0.5168269877580441,0.5168269877580441,,,2,,,True,INDIRECT_PATH_DIFFERENCE,2
2024-10-16 00:00:00+00:00,2024-10-15 00:00:00+00:00,BEAR,BEAR,3,3,0.55,0.55,0.5803338866155469,0.5803338866155469,,2024-10-15 00:00:00+00:00,BEAR,BEAR,3,3,0.55,0.55,0.518410058467307,0.518410058467307,,,2,,,True,INDIRECT_PATH_DIFFERENCE,2
2024-10-17 00:00:00+00:00,2024-10-16 00:00:00+00:00,BEAR,BEAR,3,3,0.55,0.55,0.5817255584104201,0.5817255584104201,,2024-10-16 00:00:00+00:00,BEAR,BEAR,3,3,0.55,0.55,0.5198442886231672,0.5198442886231672,,,2,,,True,INDIRECT_PATH_DIFFERENCE,2
2024-10-18 00:00:00+00:00,2024-10-17 00:00:00+00:00,BEAR,BEAR,3,3,0.55,0.55,0.5811088838489964,0.5811088838489964,,2024-10-17 00:00:00+00:00,BEAR,BEAR,3,3,0.55,0.55,0.5192122377415468,0.5192122377415468,,,2,,,True,INDIRECT_PATH_DIFFERENCE,2
2024-10-19 00:00:00+00:00,2024-10-18 00:00:00+00:00,BEAR,BEAR,3,3,0.55,0.55,0.5846430105568347,0.5846430105568347,,2024-10-18 00:00:00+00:00,BEAR,BEAR,3,3,0.55,0.55,0.5228418320141445,0.5228418320141445,,,2,,,True,INDIRECT_PATH_DIFFERENCE,2
2024-10-20 00:00:00+00:00,2024-10-19 00:00:00+00:00,BEAR,BEAR,3,3,0.55,0.55,0.5847509407065888,0.5847509407065888,,2024-10-19 00:00:00+00:00,BEAR,BEAR,3,3,0.55,0.55,0.5229512940073769,0.5229512940073769,,,2,,,True,INDIRECT_PATH_DIFFERENCE,2
2024-10-21 00:00:00+00:00,2024-10-20 00:00:00+00:00,BEAR,BEAR,3,3,0.55,0.55,0.5895076034687644,0.5895076034687644,,2024-10-20 00:00:00+00:00,BEAR,BEAR,3,3,0.55,0.55,0.5278216122047232,0.5278216122047232,,,2,,,True,INDIRECT_PATH_DIFFERENCE,2
2024-10-22 00:00:00+00:00,2024-10-21 00:00:00+00:00,BEAR,BEAR,3,3,0.55,0.55,0.5831545652539055,0.5831545652539055,,2024-10-21 00:00:00+00:00,BEAR,BEAR,3,3,0.55,0.55,0.5212951113170626,0.5212951113170626,,,2,,,True,INDIRECT_PATH_DIFFERENCE,2
2024-10-23 00:00:00+00:00,2024-10-22 00:00:00+00:00,BEAR,BEAR,3,3,0.55,0.55,0.5817867382158196,0.5817867382158196,,2024-10-22 00:00:00+00:00,BEAR,BEAR,3,3,0.55,0.55,0.5199079453846633,0.5199079453846633,,,2,,,True,INDIRECT_PATH_DIFFERENCE,2
2024-10-24 00:00:00+00:00,2024-10-23 00:00:00+00:00,BEAR,BEAR,3,3,0.55,0.55,0.5766596469706715,0.5766596469706715,,2024-10-23 00:00:00+00:00,BEAR,BEAR,3,3,0.55,0.55,0.5146799770658339,0.5146799770658339,,,2,,,True,INDIRECT_PATH_DIFFERENCE,2
2024-10-25 00:00:00+00:00,2024-10-24 00:00:00+00:00,BEAR,BEAR,3,3,0.55,0.55,0.5806060982272699,0.5806060982272699,,2024-10-24 00:00:00+00:00,BEAR,BEAR,3,3,0.55,0.55,0.5187391814325463,0.5187391814325463,,,2,,,True,INDIRECT_PATH_DIFFERENCE,2
2024-10-26 00:00:00+00:00,2024-10-25 00:00:00+00:00,BEAR,BEAR,3,3,0.55,0.55,0.5738046392103825,0.5738046392103825,,2024-10-25 00:00:00+00:00,BEAR,BEAR,3,3,0.55,0.55,0.5117932824384626,0.5117932824384626,,,2,,,True,INDIRECT_PATH_DIFFERENCE,2
2024-10-27 00:00:00+00:00,2024-10-26 00:00:00+00:00,BEAR,BEAR,3,3,0.55,0.55,0.5762289940267505,0.5762289940267505,,2024-10-26 00:00:00+00:00,BEAR,BEAR,3,3,0.55,0.55,0.514263371464589,0.514263371464589,,,2,,,True,INDIRECT_PATH_DIFFERENCE,2
2024-10-28 00:00:00+00:00,2024-10-27 00:00:00+00:00,BEAR,BEAR,3,3,0.55,0.55,0.5792869139285887,0.5792869139285887,,2024-10-27 00:00:00+00:00,BEAR,BEAR,3,3,0.55,0.55,0.5173983404925779,0.5173983404925779,,,2,,,True,INDIRECT_PATH_DIFFERENCE,2
2024-10-29 00:00:00+00:00,2024-10-28 00:00:00+00:00,BEAR,BEAR,3,3,0.55,0.55,0.5857466813638733,0.5857466813638733,,2024-10-28 00:00:00+00:00,BEAR,BEAR,3,3,0.55,0.55,0.5240328123032733,0.5240328123032733,,,2,,,True,INDIRECT_PATH_DIFFERENCE,2
2024-10-30 00:00:00+00:00,2024-10-29 00:00:00+00:00,BEAR,BEAR,3,3,0.55,0.55,0.5941874194427649,0.5941874194427649,,2024-10-29 00:00:00+00:00,BEAR,BEAR,3,3,0.55,0.55,0.532739017135549,0.532739017135549,,,2,,,True,INDIRECT_PATH_DIFFERENCE,2
2024-10-31 00:00:00+00:00,2024-10-30 00:00:00+00:00,BEAR,BEAR,3,3,0.55,0.55,0.5940185338784993,0.5940185338784993,,2024-10-30 00:00:00+00:00,BEAR,BEAR,3,3,0.55,0.55,0.5325545014417473,0.5325545014417473,,,2,,,True,INDIRECT_PATH_DIFFERENCE,2
2024-11-01 00:00:00+00:00,2024-10-31 00:00:00+00:00,BEAR,BEAR,3,3,0.55,0.55,0.5848940087416196,0.5848940087416196,,2024-10-31 00:00:00+00:00,BEAR,BEAR,3,3,0.55,0.55,0.5231808043310392,0.5231808043310392,,,2,,,True,INDIRECT_PATH_DIFFERENCE,2
2024-11-02 00:00:00+00:00,2024-11-01 00:00:00+00:00,BEAR,BEAR,3,3,0.55,0.55,0.582872323771829,0.582872323771829,,2024-11-01 00:00:00+00:00,BEAR,BEAR,3,3,0.55,0.55,0.5210984701483256,0.5210984701483256,,,2,,,True,INDIRECT_PATH_DIFFERENCE,2
2024-11-03 00:00:00+00:00,2024-11-02 00:00:00+00:00,BEAR,BEAR,3,3,0.55,0.55,0.582025719223469,0.582025719223469,,2024-11-02 00:00:00+00:00,BEAR,BEAR,3,3,0.55,0.55,0.5202353706029751,0.5202353706029751,,,2,,,True,INDIRECT_PATH_DIFFERENCE,2
2024-11-04 00:00:00+00:00,2024-11-03 00:00:00+00:00,BEAR,BEAR,3,3,0.55,0.55,0.5794161732381082,0.5794161732381082,,2024-11-03 00:00:00+00:00,BEAR,BEAR,3,3,0.55,0.55,0.5175663183632558,0.5175663183632558,,,2,,,True,INDIRECT_PATH_DIFFERENCE,2
2024-11-05 00:00:00+00:00,2024-11-04 00:00:00+00:00,BEAR,BEAR,3,3,0.55,0.55,0.5751972098214638,0.5751972098214638,,2024-11-04 00:00:00+00:00,BEAR,BEAR,3,3,0.55,0.55,0.513258856148816,0.513258856148816,,,2,,,True,INDIRECT_PATH_DIFFERENCE,2
2024-11-06 00:00:00+00:00,2024-11-05 00:00:00+00:00,BEAR,BEAR,3,3,0.55,0.55,0.5796130928555647,0.5796130928555647,,2024-11-05 00:00:00+00:00,BEAR,BEAR,3,3,0.55,0.55,0.5177904446416557,0.5177904446416557,,,2,,,True,INDIRECT_PATH_DIFFERENCE,2
2024-11-07 00:00:00+00:00,2024-11-06 00:00:00+00:00,BEAR,BEAR,3,3,0.55,0.55,0.6028997001440234,0.6028997001440234,,2024-11-06 00:00:00+00:00,BEAR,BEAR,3,3,0.55,0.55,0.5417689839726122,0.5417689839726122,,,2,,,True,INDIRECT_PATH_DIFFERENCE,2
2024-11-08 00:00:00+00:00,2024-11-07 00:00:00+00:00,BEAR,BEAR,3,3,0.55,0.55,0.6087639922724819,0.6087639922724819,,2024-11-07 00:00:00+00:00,BEAR,BEAR,3,3,0.55,0.55,0.5478096842373545,0.5478096842373545,,,2,,,True,INDIRECT_PATH_DIFFERENCE,2
2024-11-09 00:00:00+00:00,2024-11-08 00:00:00+00:00,BEAR,BEAR,3,3,0.55,0.55,0.6120362575276356,0.6120362575276356,,2024-11-08 00:00:00+00:00,BEAR,BEAR,3,3,0.55,0.55,0.5512046610989028,0.5512046610989028,,,2,,,True,INDIRECT_PATH_DIFFERENCE,2
2024-11-10 00:00:00+00:00,2024-11-09 00:00:00+00:00,BEAR,BEAR,3,3,0.55,0.55,0.6171484687130862,0.6171484687130862,,2024-11-09 00:00:00+00:00,BEAR,BEAR,3,3,0.55,0.55,0.5564929405694505,0.5564929405694505,,,2,,,True,INDIRECT_PATH_DIFFERENCE,2
2024-11-11 00:00:00+00:00,2024-11-10 00:00:00+00:00,BEAR,BEAR,3,3,0.55,0.55,0.6256685768842511,0.6256685768842511,,2024-11-10 00:00:00+00:00,BEAR,BEAR,3,3,0.55,0.55,0.5654389178642917,0.5654389178642917,,,2,,,True,INDIRECT_PATH_DIFFERENCE,2
2024-11-12 00:00:00+00:00,2024-11-11 00:00:00+00:00,BEAR,BEAR,3,3,0.55,0.55,0.6449417003451106,0.6449417003451106,,2024-11-11 00:00:00+00:00,BEAR,BEAR,3,3,0.55,0.55,0.5857959179901934,0.5857959179901934,,,2,,,True,INDIRECT_PATH_DIFFERENCE,2
2024-11-13 00:00:00+00:00,2024-11-12 00:00:00+00:00,BEAR,BEAR,3,3,0.55,0.55,0.6406081220316385,0.6406081220316385,,2024-11-12 00:00:00+00:00,BEAR,BEAR,3,3,0.55,0.55,0.5812365158895113,0.5812365158895113,,,2,,,True,INDIRECT_PATH_DIFFERENCE,2
2024-11-14 00:00:00+00:00,2024-11-13 00:00:00+00:00,BEAR,BEAR,3,3,0.55,0.55,0.6432601668425191,0.6432601668425191,,2024-11-13 00:00:00+00:00,BEAR,BEAR,3,3,0.55,0.55,0.5840810711317238,0.5840810711317238,,,2,,,True,INDIRECT_PATH_DIFFERENCE,2
2024-11-15 00:00:00+00:00,2024-11-14 00:00:00+00:00,BEAR,BEAR,3,3,0.55,0.55,0.6348164207768987,0.6348164207768987,,2024-11-14 00:00:00+00:00,BEAR,BEAR,3,3,0.55,0.55,0.5751683633903276,0.5751683633903276,,,2,,,True,INDIRECT_PATH_DIFFERENCE,2
2024-11-16 00:00:00+00:00,2024-11-15 00:00:00+00:00,BEAR,BEAR,3,3,0.55,0.55,0.6419573301960312,0.6419573301960312,,2024-11-15 00:00:00+00:00,BEAR,BEAR,3,3,0.55,0.55,0.5827361670177569,0.5827361670177569,,,2,,,True,INDIRECT_PATH_DIFFERENCE,2
2024-11-17 00:00:00+00:00,2024-11-16 00:00:00+00:00,BEAR,BEAR,3,3,0.55,0.55,0.6422995754139563,0.6422995754139563,,2024-11-16 00:00:00+00:00,BEAR,BEAR,3,3,0.55,0.55,0.5830835922669398,0.5830835922669398,,,2,,,True,INDIRECT_PATH_DIFFERENCE,2
2024-11-18 00:00:00+00:00,2024-11-17 00:00:00+00:00,BEAR,BEAR,3,3,0.55,0.55,0.6396467979105644,0.6396467979105644,,2024-11-17 00:00:00+00:00,BEAR,BEAR,3,3,0.55,0.55,0.5802881181737731,0.5802881181737731,,,2,,,True,INDIRECT_PATH_DIFFERENCE,2
2024-11-19 00:00:00+00:00,2024-11-18 00:00:00+00:00,BEAR,BEAR,3,3,0.55,0.55,0.6439828148633637,0.6439828148633637,,2024-11-18 00:00:00+00:00,BEAR,BEAR,3,3,0.55,0.55,0.5848462126248366,0.5848462126248366,,,2,,,True,INDIRECT_PATH_DIFFERENCE,2
2024-11-20 00:00:00+00:00,2024-11-19 00:00:00+00:00,BEAR,BEAR,3,3,0.55,0.55,0.6445677357347596,0.6445677357347596,,2024-11-19 00:00:00+00:00,BEAR,BEAR,3,3,0.55,0.55,0.5855101478268692,0.5855101478268692,,,2,,,True,INDIRECT_PATH_DIFFERENCE,2
2024-11-21 00:00:00+00:00,2024-11-20 00:00:00+00:00,BEAR,BEAR,3,3,0.55,0.55,0.6469148092871453,0.6469148092871453,,2024-11-20 00:00:00+00:00,BEAR,BEAR,3,3,0.55,0.55,0.5880251015041383,0.5880251015041383,,,2,,,True,INDIRECT_PATH_DIFFERENCE,2
2024-11-22 00:00:00+00:00,2024-11-21 00:00:00+00:00,BEAR,BEAR,3,3,0.55,0.55,0.6599393741505986,0.550016812474224,DRIFT_SELL:EXECUTED,2024-11-21 00:00:00+00:00,BEAR,BEAR,3,3,0.55,0.55,0.6018492741033353,0.601865662834291,,,2,DRIFT_SELL:EXECUTED,,True,INDIRECT_PATH_DIFFERENCE,2
2024-11-23 00:00:00+00:00,2024-11-22 00:00:00+00:00,BEAR,BEAR,3,3,0.55,0.55,0.550299116439071,0.5503159177455238,,2024-11-22 00:00:00+00:00,BEAR,BEAR,3,3,0.55,0.55,0.6021236631012038,0.602140040544461,,,2,,,True,INDIRECT_PATH_DIFFERENCE,2
2024-11-24 00:00:00+00:00,2024-11-23 00:00:00+00:00,BEAR,BEAR,3,3,0.55,0.55,0.5498700415538992,0.549886858880231,,2024-11-23 00:00:00+00:00,BEAR,BEAR,3,3,0.55,0.55,0.601737410945452,0.6017538042781841,,,2,,,True,INDIRECT_PATH_DIFFERENCE,2
2024-11-25 00:00:00+00:00,2024-11-24 00:00:00+00:00,BEAR,BEAR,3,3,0.55,0.55,0.5494714981890879,0.5494883303953597,,2024-11-24 00:00:00+00:00,BEAR,BEAR,3,3,0.55,0.55,0.601338329595083,0.6013547393450328,,,2,,,True,INDIRECT_PATH_DIFFERENCE,2
2024-11-26 00:00:00+00:00,2024-11-25 00:00:00+00:00,BEAR,BEAR,3,3,0.55,0.55,0.5424147076883568,0.5424318033626823,,2024-11-25 00:00:00+00:00,BEAR,BEAR,3,3,0.55,0.55,0.5945582295963558,0.594574918259808,,,2,,,True,INDIRECT_PATH_DIFFERENCE,2
2024-11-27 00:00:00+00:00,2024-11-26 00:00:00+00:00,BEAR,BEAR,3,3,0.55,0.55,0.5383104574303984,0.5383277063359586,,2024-11-26 00:00:00+00:00,BEAR,BEAR,3,3,0.55,0.55,0.5905518039398205,0.590568657413251,,,2,,,True,INDIRECT_PATH_DIFFERENCE,2
2024-11-28 00:00:00+00:00,2024-11-27 00:00:00+00:00,BEAR,BEAR,3,3,0.55,0.55,0.5531790421140671,0.5531957358954904,,2024-11-27 00:00:00+00:00,BEAR,BEAR,3,3,0.55,0.55,0.6050227479537746,0.6050390061351396,,,2,,,True,INDIRECT_PATH_DIFFERENCE,2
2024-11-29 00:00:00+00:00,2024-11-28 00:00:00+00:00,BEAR,BEAR,3,3,0.55,0.55,0.5510299909327874,0.5510467649513665,,2024-11-28 00:00:00+00:00,BEAR,BEAR,3,3,0.55,0.55,0.6029243520531947,0.6029406965579961,,,2,,,True,INDIRECT_PATH_DIFFERENCE,2
2024-11-30 00:00:00+00:00,2024-11-29 00:00:00+00:00,BEAR,BEAR,3,3,0.55,0.55,0.5543942620865604,0.5544109104961995,,2024-11-29 00:00:00+00:00,BEAR,BEAR,3,3,0.55,0.55,0.6061612888061767,0.6061775001502239,,,2,,,True,INDIRECT_PATH_DIFFERENCE,2
2024-12-01 00:00:00+00:00,2024-11-30 00:00:00+00:00,BEAR,BEAR,3,3,0.55,0.55,0.5553284602387264,0.5553450737687761,,2024-11-30 00:00:00+00:00,BEAR,BEAR,3,3,0.55,0.55,0.6071031442085666,0.6071193168064252,,,2,,,True,INDIRECT_PATH_DIFFERENCE,2
2024-12-02 00:00:00+00:00,2024-12-01 00:00:00+00:00,BEAR,BEAR,3,3,0.55,0.55,0.5567147975832274,0.5567313593522609,,2024-12-01 00:00:00+00:00,BEAR,BEAR,3,3,0.55,0.55,0.6084334409334615,0.6084495588051879,,,2,,,True,INDIRECT_PATH_DIFFERENCE,2
2024-12-03 00:00:00+00:00,2024-12-02 00:00:00+00:00,BEAR,BEAR,3,3,0.55,0.55,0.5529792310678282,0.5529959323094354,,2024-12-02 00:00:00+00:00,BEAR,BEAR,3,3,0.55,0.55,0.6048192573538855,0.6048355239064344,,,2,,,True,INDIRECT_PATH_DIFFERENCE,2
2024-12-04 00:00:00+00:00,2024-12-03 00:00:00+00:00,BEAR,BEAR,3,3,0.55,0.55,0.5523128450511886,0.5523295711730806,,2024-12-03 00:00:00+00:00,BEAR,BEAR,3,3,0.55,0.55,0.6041652399122345,0.6041815333696782,,,2,,,True,INDIRECT_PATH_DIFFERENCE,2
2024-12-05 00:00:00+00:00,2024-12-04 00:00:00+00:00,BEAR,BEAR,3,3,0.55,0.55,0.5620689189764579,0.5620852808391933,,2024-12-04 00:00:00+00:00,BEAR,BEAR,3,3,0.55,0.55,0.6136117421222657,0.6136276469654568,,,2,,,True,INDIRECT_PATH_DIFFERENCE,2
2024-12-06 00:00:00+00:00,2024-12-05 00:00:00+00:00,BEAR,BEAR,3,3,0.55,0.55,0.5582113826489856,0.5582278885404948,,2024-12-05 00:00:00+00:00,BEAR,BEAR,3,3,0.55,0.55,0.6098946067652676,0.6099106645268787,,,2,,,True,INDIRECT_PATH_DIFFERENCE,2
2024-12-07 00:00:00+00:00,2024-12-06 00:00:00+00:00,BEAR,BEAR,3,3,0.55,0.55,0.5675885844751841,0.5676047402473559,,2024-12-06 00:00:00+00:00,BEAR,BEAR,3,3,0.55,0.55,0.6189484703420993,0.6189641556358119,,,2,,,True,INDIRECT_PATH_DIFFERENCE,2
2024-12-08 00:00:00+00:00,2024-12-07 00:00:00+00:00,BEAR,BEAR,3,3,0.55,0.55,0.5676849686685953,0.5677011208419909,,2024-12-07 00:00:00+00:00,BEAR,BEAR,3,3,0.55,0.55,0.6190380467626234,0.6190537283711911,,,2,,,True,INDIRECT_PATH_DIFFERENCE,2
2024-12-09 00:00:00+00:00,2024-12-08 00:00:00+00:00,BEAR,BEAR,3,3,0.55,0.55,0.569856953802975,0.5698730248788955,,2024-12-08 00:00:00+00:00,BEAR,BEAR,3,3,0.55,0.55,0.6211120932046659,0.6211276894873596,,,2,,,True,INDIRECT_PATH_DIFFERENCE,2
2024-12-10 00:00:00+00:00,2024-12-09 00:00:00+00:00,BEAR,BEAR,3,3,0.55,0.55,0.5570842418072445,0.5571007897824789,,2024-12-09 00:00:00+00:00,BEAR,BEAR,3,3,0.55,0.55,0.6087780139621176,0.6087941176586631,,,2,,,True,INDIRECT_PATH_DIFFERENCE,2
2024-12-11 00:00:00+00:00,2024-12-10 00:00:00+00:00,BEAR,BEAR,3,3,0.55,0.55,0.5539817614148445,0.5539984252257396,,2024-12-10 00:00:00+00:00,BEAR,BEAR,3,3,0.55,0.55,0.6057641558830693,0.6057803835643975,,,2,,,True,INDIRECT_PATH_DIFFERENCE,2
2024-12-12 00:00:00+00:00,2024-12-11 00:00:00+00:00,BEAR,BEAR,3,3,0.55,0.55,0.566052714119661,0.5660689272377495,,2024-12-11 00:00:00+00:00,BEAR,BEAR,3,3,0.55,0.55,0.6174086086332237,0.6174243572761919,,,2,,,True,INDIRECT_PATH_DIFFERENCE,2
2024-12-13 00:00:00+00:00,2024-12-12 00:00:00+00:00,BEAR,BEAR,3,3,0.55,0.55,0.5654341032538364,0.5654503394693775,,2024-12-12 00:00:00+00:00,BEAR,BEAR,3,3,0.55,0.55,0.6168359508756592,0.6168517230774494,,,2,,,True,INDIRECT_PATH_DIFFERENCE,2
2024-12-14 00:00:00+00:00,2024-12-13 00:00:00+00:00,BEAR,BEAR,3,3,0.55,0.55,0.5682391978122627,0.568255329291928,,2024-12-13 00:00:00+00:00,BEAR,BEAR,3,3,0.55,0.55,0.6195234824117083,0.6195391440495938,,,2,,,True,INDIRECT_PATH_DIFFERENCE,2
2024-12-15 00:00:00+00:00,2024-12-14 00:00:00+00:00,BEAR,BEAR,3,3,0.55,0.55,0.5674260993774607,0.5674422612164699,,2024-12-14 00:00:00+00:00,BEAR,BEAR,3,3,0.55,0.55,0.6187314653910592,0.6187471596122809,,,2,,,True,INDIRECT_PATH_DIFFERENCE,2
2024-12-16 00:00:00+00:00,2024-12-15 00:00:00+00:00,BEAR,BEAR,3,3,0.55,0.55,0.5740868008629797,0.5741027140035602,,2024-12-15 00:00:00+00:00,BEAR,BEAR,3,3,0.55,0.55,0.6251158890850564,0.625131320650852,,,2,,,True,INDIRECT_PATH_DIFFERENCE,2
2024-12-17 00:00:00+00:00,2024-12-16 00:00:00+00:00,BEAR,BEAR,3,3,0.55,0.55,0.5770851534212867,0.5771009546072364,,2024-12-16 00:00:00+00:00,BEAR,BEAR,3,3,0.55,0.55,0.6279782635711818,0.6279935773771524,,,2,,,True,INDIRECT_PATH_DIFFERENCE,2
2024-12-18 00:00:00+00:00,2024-12-17 00:00:00+00:00,BEAR,BEAR,3,3,0.55,0.55,0.5751953026639081,0.5752111744145734,,2024-12-17 00:00:00+00:00,BEAR,BEAR,3,3,0.55,0.55,0.6261434072863894,0.6261587965795783,,,2,,,True,INDIRECT_PATH_DIFFERENCE,2
2024-12-19 00:00:00+00:00,2024-12-18 00:00:00+00:00,BEAR,BEAR,3,3,0.55,0.55,0.5599719321748955,0.5599883723330011,,2024-12-18 00:00:00+00:00,BEAR,BEAR,3,3,0.55,0.55,0.6114981448546418,0.6115141366488588,,,2,,,True,INDIRECT_PATH_DIFFERENCE,2
2024-12-20 00:00:00+00:00,2024-12-19 00:00:00+00:00,BEAR,BEAR,3,3,0.55,0.55,0.5504659576420892,0.5504827527193771,,2024-12-19 00:00:00+00:00,BEAR,BEAR,3,3,0.55,0.55,0.6022819312040842,0.6022983021365713,,,2,,,True,INDIRECT_PATH_DIFFERENCE,2
2024-12-21 00:00:00+00:00,2024-12-20 00:00:00+00:00,BEAR,BEAR,3,3,0.55,0.55,0.5523947902709875,0.5524115133333635,,2024-12-20 00:00:00+00:00,BEAR,BEAR,3,3,0.55,0.55,0.604158931738989,0.6041752254559374,,,2,,,True,INDIRECT_PATH_DIFFERENCE,2
2024-12-22 00:00:00+00:00,2024-12-21 00:00:00+00:00,BEAR,BEAR,3,3,0.55,0.55,0.5483003887017882,0.5483172646322803,,2024-12-21 00:00:00+00:00,BEAR,BEAR,3,3,0.55,0.55,0.6001605474621521,0.6001770056630245,,,2,,,True,INDIRECT_PATH_DIFFERENCE,2
2024-12-23 00:00:00+00:00,2024-12-22 00:00:00+00:00,BEAR,BEAR,3,3,0.55,0.55,0.5432722494527576,0.5432893131107214,,2024-12-22 00:00:00+00:00,BEAR,BEAR,3,3,0.55,0.55,0.595286505127786,0.5953031638323828,,,2,,,True,INDIRECT_PATH_DIFFERENCE,2
2024-12-24 00:00:00+00:00,2024-12-23 00:00:00+00:00,BEAR,BEAR,3,3,0.55,0.55,0.5462694378837408,0.5462863896408872,,2024-12-23 00:00:00+00:00,BEAR,BEAR,3,3,0.55,0.55,0.5982377161166796,0.5982542534175118,,,2,,,True,INDIRECT_PATH_DIFFERENCE,2
2024-12-25 00:00:00+00:00,2024-12-24 00:00:00+00:00,BEAR,BEAR,3,3,0.55,0.55,0.5543876150176893,0.5544042636755057,,2024-12-24 00:00:00+00:00,BEAR,BEAR,3,3,0.55,0.55,0.6060765682282189,0.6060927830575085,,,2,,,True,INDIRECT_PATH_DIFFERENCE,2
2024-12-26 00:00:00+00:00,2024-12-25 00:00:00+00:00,BEAR,BEAR,3,3,0.55,0.55,0.5557598157492437,0.5557764131740016,,2024-12-25 00:00:00+00:00,BEAR,BEAR,3,3,0.55,0.55,0.6073942488145788,0.6074104094369106,,,2,,,True,INDIRECT_PATH_DIFFERENCE,2
2024-12-27 00:00:00+00:00,2024-12-26 00:00:00+00:00,BEAR,BEAR,3,3,0.55,0.55,0.5457108204892485,0.5457277931025983,,2024-12-26 00:00:00+00:00,BEAR,BEAR,3,3,0.55,0.55,0.5976561088384296,0.5976726700648857,,,2,,,True,INDIRECT_PATH_DIFFERENCE,2
2024-12-28 00:00:00+00:00,2024-12-27 00:00:00+00:00,BEAR,BEAR,3,3,0.55,0.55,0.5431008607880603,0.5431179308448343,,2024-12-27 00:00:00+00:00,BEAR,BEAR,3,3,0.55,0.55,0.5951366138166078,0.5951532786872444,,,2,,,True,INDIRECT_PATH_DIFFERENCE,2
2024-12-29 00:00:00+00:00,2024-12-28 00:00:00+00:00,BEAR,BEAR,3,3,0.55,0.55,0.5466057010534605,0.5466226402560703,,2024-12-28 00:00:00+00:00,BEAR,BEAR,3,3,0.55,0.55,0.5985459808906096,0.5985625055103131,,,2,,,True,INDIRECT_PATH_DIFFERENCE,2
2024-12-30 00:00:00+00:00,2024-12-29 00:00:00+00:00,BEAR,BEAR,3,3,0.55,0.55,0.542730744714344,0.5427478285894219,,2024-12-29 00:00:00+00:00,BEAR,BEAR,3,3,0.55,0.55,0.5947866723567791,0.594803351622856,,,2,,,True,INDIRECT_PATH_DIFFERENCE,2
2024-12-31 00:00:00+00:00,2024-12-30 00:00:00+00:00,BEAR,BEAR,3,3,0.55,0.55,0.5412234635405045,0.5412406036898492,,2024-12-30 00:00:00+00:00,BEAR,BEAR,3,3,0.55,0.55,0.5933324852106726,0.5933492242970618,,,2,,,True,INDIRECT_PATH_DIFFERENCE,2
2025-01-01 00:00:00+00:00,2024-12-31 00:00:00+00:00,BEAR,BEAR,3,3,0.55,0.55,0.5420069587801589,0.54202406967778,,2024-12-31 00:00:00+00:00,BEAR,BEAR,3,3,0.55,0.55,0.5940764976054366,0.5940932060857196,,,2,,,True,INDIRECT_PATH_DIFFERENCE,2
2025-01-02 00:00:00+00:00,2025-01-01 00:00:00+00:00,BEAR,BEAR,3,3,0.55,0.55,0.5443613858787842,0.5443784088736697,,2025-01-01 00:00:00+00:00,BEAR,BEAR,3,3,0.55,0.55,0.5963569060201196,0.5963735206918325,,,2,,,True,INDIRECT_PATH_DIFFERENCE,2
2025-01-03 00:00:00+00:00,2025-01-02 00:00:00+00:00,BEAR,BEAR,3,3,0.55,0.55,0.5508159358725496,0.5508327178830782,,2025-01-02 00:00:00+00:00,BEAR,BEAR,3,3,0.55,0.55,0.6026139215442817,0.6026302788194717,,,2,,,True,INDIRECT_PATH_DIFFERENCE,2
2025-01-04 00:00:00+00:00,2025-01-03 00:00:00+00:00,BEAR,BEAR,3,3,0.55,0.55,0.5564868340183561,0.5565034042987713,,2025-01-03 00:00:00+00:00,BEAR,BEAR,3,3,0.55,0.55,0.608125508529381,0.6081416390689394,,,2,,,True,INDIRECT_PATH_DIFFERENCE,2
2025-01-05 00:00:00+00:00,2025-01-04 00:00:00+00:00,BEAR,BEAR,3,3,0.55,0.55,0.5577078195721383,0.5577243442650512,,2025-01-04 00:00:00+00:00,BEAR,BEAR,3,3,0.55,0.55,0.6093152607207791,0.609331342315827,,,2,,,True,INDIRECT_PATH_DIFFERENCE,2
2025-01-06 00:00:00+00:00,2025-01-05 00:00:00+00:00,BEAR,BEAR,3,3,0.55,0.55,0.557464725324724,0.5574812590939733,,2025-01-05 00:00:00+00:00,BEAR,BEAR,3,3,0.55,0.55,0.6090719322123737,0.609088023817583,,,2,,,True,INDIRECT_PATH_DIFFERENCE,2
2025-01-07 00:00:00+00:00,2025-01-06 00:00:00+00:00,BEAR,BEAR,3,3,0.55,0.55,0.5649027482114193,0.5649190042664547,,2025-01-06 00:00:00+00:00,BEAR,BEAR,3,3,0.55,0.55,0.616213897307138,0.6162296950998203,,,2,,,True,INDIRECT_PATH_DIFFERENCE,2
2025-01-08 00:00:00+00:00,2025-01-07 00:00:00+00:00,BEAR,BEAR,3,3,0.55,0.55,0.5490261079572686,0.5490429567925251,,2025-01-07 00:00:00+00:00,BEAR,BEAR,3,3,0.55,0.55,0.6008518512223966,0.6008682809848339,,,2,,,True,INDIRECT_PATH_DIFFERENCE,2
2025-01-09 00:00:00+00:00,2025-01-08 00:00:00+00:00,BEAR,BEAR,3,3,0.55,0.55,0.5444530096461803,0.5444700292202721,,2025-01-08 00:00:00+00:00,BEAR,BEAR,3,3,0.55,0.55,0.5964199442848552,0.5964365563633702,,,2,,,True,INDIRECT_PATH_DIFFERENCE,2
2025-01-10 00:00:00+00:00,2025-01-09 00:00:00+00:00,BEAR,BEAR,3,3,0.55,0.55,0.5373068521086213,0.537324138483267,,2025-01-09 00:00:00+00:00,BEAR,BEAR,3,3,0.55,0.55,0.5894663815191399,0.5894832796426136,,,2,,,True,INDIRECT_PATH_DIFFERENCE,2
2025-01-11 00:00:00+00:00,2025-01-10 00:00:00+00:00,BEAR,BEAR,3,3,0.55,0.55,0.5423900664811421,0.542407163075447,,2025-01-10 00:00:00+00:00,BEAR,BEAR,3,3,0.55,0.55,0.594399064664406,0.5944157598753703,,,2,,,True,INDIRECT_PATH_DIFFERENCE,2
2025-01-12 00:00:00+00:00,2025-01-11 00:00:00+00:00,BEAR,BEAR,3,3,0.55,0.55,0.5425824733629548,0.5425995627737475,,2025-01-11 00:00:00+00:00,BEAR,BEAR,3,3,0.55,0.55,0.5945903936033554,0.5946070809436879,,,2,,,True,INDIRECT_PATH_DIFFERENCE,2
2025-01-13 00:00:00+00:00,2025-01-12 00:00:00+00:00,BEAR,BEAR,3,3,0.55,0.55,0.5421104763027177,0.5421275833355166,,2025-01-12 00:00:00+00:00,BEAR,BEAR,3,3,0.55,0.55,0.5941261292126793,0.5941428356512863,,,2,,,True,INDIRECT_PATH_DIFFERENCE,2
2025-01-14 00:00:00+00:00,2025-01-13 00:00:00+00:00,BEAR,BEAR,3,3,0.55,0.55,0.5388121877857536,0.5388121877857536,,2025-01-13 00:00:00+00:00,BEAR,BEAR,3,3,0.55,0.55,0.5908781147832883,0.5908781147832883,,,2,,,True,INDIRECT_PATH_DIFFERENCE,2
2025-01-15 00:00:00+00:00,2025-01-14 00:00:00+00:00,BEAR,BEAR,3,3,0.55,0.55,0.5446134761970113,0.5446134761970113,,2025-01-14 00:00:00+00:00,BEAR,BEAR,3,3,0.55,0.55,0.5965196332723636,0.5965196332723636,,,2,,,True,INDIRECT_PATH_DIFFERENCE,2
2025-01-16 00:00:00+00:00,2025-01-15 00:00:00+00:00,BEAR,BEAR,3,3,0.55,0.55,0.5567753847594608,0.5567753847594608,,2025-01-15 00:00:00+00:00,BEAR,BEAR,3,3,0.55,0.55,0.6083178373975626,0.6083178373975626,,,2,,,True,INDIRECT_PATH_DIFFERENCE,2
2025-01-17 00:00:00+00:00,2025-01-16 00:00:00+00:00,BEAR,BEAR,3,3,0.55,0.55,0.5525190350909639,0.5525190350909639,,2025-01-16 00:00:00+00:00,BEAR,BEAR,3,3,0.55,0.55,0.6041665146632939,0.6041665146632939,,,2,,,True,INDIRECT_PATH_DIFFERENCE,2
2025-01-18 00:00:00+00:00,2025-01-17 00:00:00+00:00,BEAR,BEAR,3,3,0.55,0.55,0.5631164872891229,0.5631164872891229,,2025-01-17 00:00:00+00:00,BEAR,BEAR,3,3,0.55,0.55,0.6144013439787939,0.6144013439787939,,,2,,,True,INDIRECT_PATH_DIFFERENCE,2
2025-01-19 00:00:00+00:00,2025-01-18 00:00:00+00:00,BEAR,BEAR,3,3,0.55,0.55,0.5600595728457191,0.5600732704639294,,2025-01-18 00:00:00+00:00,BEAR,BEAR,3,3,0.55,0.55,0.6114027936578406,0.6114161236505827,,,2,,,True,INDIRECT_PATH_DIFFERENCE,2
2025-01-20 00:00:00+00:00,2025-01-19 00:00:00+00:00,BEAR,BEAR,3,3,0.55,0.55,0.5525792776499352,0.5525792776499352,,2025-01-19 00:00:00+00:00,BEAR,BEAR,3,3,0.55,0.55,0.6041799131257468,0.6041799131257468,,,2,,,True,INDIRECT_PATH_DIFFERENCE,2
2025-01-21 00:00:00+00:00,2025-01-20 00:00:00+00:00,BEAR,BEAR,3,3,0.55,0.55,0.5557645485997029,0.5557929020114485,,2025-01-20 00:00:00+00:00,BEAR,BEAR,3,3,0.55,0.55,0.6072687692074411,0.6072963855192016,,,2,,,True,INDIRECT_PATH_DIFFERENCE,2
2025-01-22 00:00:00+00:00,2025-01-21 00:00:00+00:00,BEAR,BEAR,3,3,0.55,0.55,0.5631139317924706,0.5631139317924706,,2025-01-21 00:00:00+00:00,BEAR,BEAR,3,3,0.55,0.55,0.6143330361488735,0.6143330361488735,,,2,,,True,INDIRECT_PATH_DIFFERENCE,2
2025-01-23 00:00:00+00:00,2025-01-22 00:00:00+00:00,BEAR,BEAR,3,3,0.55,0.55,0.5571993137426671,0.5572131001631144,,2025-01-22 00:00:00+00:00,BEAR,BEAR,3,3,0.55,0.55,0.6086258602107569,0.6086392851969986,,,2,,,True,INDIRECT_PATH_DIFFERENCE,2
2025-01-24 00:00:00+00:00,2025-01-23 00:00:00+00:00,BEAR,BEAR,3,3,0.55,0.55,0.5597990591455164,0.5597990591455164,,2025-01-23 00:00:00+00:00,BEAR,BEAR,3,3,0.55,0.55,0.6111586740385904,0.6111586740385904,,,2,,,True,INDIRECT_PATH_DIFFERENCE,2
2025-01-25 00:00:00+00:00,2025-01-24 00:00:00+00:00,BEAR,BEAR,3,3,0.55,0.55,0.5607078385878994,0.5607215159716218,,2025-01-24 00:00:00+00:00,BEAR,BEAR,3,3,0.55,0.55,0.6120165900234105,0.6120298989049123,,,2,,,True,INDIRECT_PATH_DIFFERENCE,2
2025-01-26 00:00:00+00:00,2025-01-25 00:00:00+00:00,BEAR,BEAR,3,3,0.55,0.55,0.5607326065281178,0.5607326065281178,,2025-01-25 00:00:00+00:00,BEAR,BEAR,3,3,0.55,0.55,0.612042638154434,0.612042638154434,,,2,,,True,INDIRECT_PATH_DIFFERENCE,2
2025-01-27 00:00:00+00:00,2025-01-26 00:00:00+00:00,BEAR,BEAR,3,3,0.55,0.55,0.555236732553795,0.5552505802965291,,2025-01-26 00:00:00+00:00,BEAR,BEAR,3,3,0.55,0.55,0.6067314345351514,0.6067449247438228,,,2,,,True,INDIRECT_PATH_DIFFERENCE,2
2025-01-28 00:00:00+00:00,2025-01-27 00:00:00+00:00,BEAR,BEAR,3,3,0.55,0.55,0.5531514550476377,0.5531660631213636,,2025-01-27 00:00:00+00:00,BEAR,BEAR,3,3,0.55,0.55,0.6047042207488326,0.6047184582452558,,,2,,,True,INDIRECT_PATH_DIFFERENCE,2
2025-01-29 00:00:00+00:00,2025-01-28 00:00:00+00:00,BEAR,BEAR,3,3,0.55,0.55,0.5493618014547041,0.5493758316625048,,2025-01-28 00:00:00+00:00,BEAR,BEAR,3,3,0.55,0.55,0.6010101079315769,0.6010237939280144,,,2,,,True,INDIRECT_PATH_DIFFERENCE,2
2025-01-30 00:00:00+00:00,2025-01-29 00:00:00+00:00,BEAR,BEAR,3,3,0.55,0.55,0.5542932349334858,0.5542932349334858,,2025-01-29 00:00:00+00:00,BEAR,BEAR,3,3,0.55,0.55,0.6057694660340953,0.6057694660340953,,,2,,,True,INDIRECT_PATH_DIFFERENCE,2
2025-01-31 00:00:00+00:00,2025-01-30 00:00:00+00:00,BEAR,BEAR,3,3,0.55,0.55,0.5590913386339731,0.5591050662500814,,2025-01-30 00:00:00+00:00,BEAR,BEAR,3,3,0.55,0.55,0.6104317422242664,0.6104451053697919,,,2,,,True,INDIRECT_PATH_DIFFERENCE,2
2025-02-01 00:00:00+00:00,2025-01-31 00:00:00+00:00,BEAR,BEAR,3,3,0.55,0.55,0.5566232090729548,0.5566232090729548,,2025-01-31 00:00:00+00:00,BEAR,BEAR,3,3,0.55,0.55,0.6080847060434759,0.6080847060434759,,,2,,,True,INDIRECT_PATH_DIFFERENCE,2
2025-02-02 00:00:00+00:00,2025-02-01 00:00:00+00:00,BEAR,BEAR,3,3,0.55,0.55,0.5492130479879627,0.5492270830862954,,2025-02-01 00:00:00+00:00,BEAR,BEAR,3,3,0.55,0.55,0.6008786128403305,0.6008923036265011,,,2,,,True,INDIRECT_PATH_DIFFERENCE,2
2025-02-03 00:00:00+00:00,2025-02-02 00:00:00+00:00,BEAR,BEAR,3,3,0.55,0.55,0.5378962560426132,0.5378962560426132,,2025-02-02 00:00:00+00:00,BEAR,BEAR,3,3,0.55,0.55,0.5898383164177712,0.5898383164177712,,,2,,,True,INDIRECT_PATH_DIFFERENCE,2
2025-02-04 00:00:00+00:00,2025-02-03 00:00:00+00:00,BEAR,BEAR,3,3,0.55,0.55,0.5445512814081498,0.5445512814081498,,2025-02-03 00:00:00+00:00,BEAR,BEAR,3,3,0.55,0.55,0.5962744038376049,0.5962744038376049,,,2,,,True,INDIRECT_PATH_DIFFERENCE,2
2025-02-05 00:00:00+00:00,2025-02-04 00:00:00+00:00,BEAR,BEAR,3,3,0.55,0.55,0.5344472182699505,0.5344472182699505,,2025-02-04 00:00:00+00:00,BEAR,BEAR,3,3,0.55,0.55,0.5864289040478555,0.5864289040478555,,,2,,,True,INDIRECT_PATH_DIFFERENCE,2
2025-02-06 00:00:00+00:00,2025-02-05 00:00:00+00:00,BEAR,BEAR,3,3,0.55,0.55,0.5338588858904267,0.5338733987012896,,2025-02-05 00:00:00+00:00,BEAR,BEAR,3,3,0.55,0.55,0.5858837135089027,0.585897918335467,,,2,,,True,INDIRECT_PATH_DIFFERENCE,2
2025-02-07 00:00:00+00:00,2025-02-06 00:00:00+00:00,BEAR,BEAR,3,3,0.55,0.55,0.5311020756503765,0.5311020756503765,,2025-02-06 00:00:00+00:00,BEAR,BEAR,3,3,0.55,0.55,0.5831588570428813,0.5831588570428813,,,2,,,True,INDIRECT_PATH_DIFFERENCE,2
2025-02-08 00:00:00+00:00,2025-02-07 00:00:00+00:00,BEAR,BEAR,3,3,0.55,0.55,0.5292944594347843,0.5293142431018084,,2025-02-07 00:00:00+00:00,BEAR,BEAR,3,3,0.55,0.55,0.5813701837123152,0.5813895687395954,,,2,,,True,INDIRECT_PATH_DIFFERENCE,2
2025-02-09 00:00:00+00:00,2025-02-08 00:00:00+00:00,BEAR,BEAR,3,3,0.55,0.55,0.5294745868955302,0.5294921657346372,,2025-02-08 00:00:00+00:00,BEAR,BEAR,3,3,0.55,0.55,0.5815485627635875,0.5815657866499488,,,2,,,True,INDIRECT_PATH_DIFFERENCE,2
2025-02-10 00:00:00+00:00,2025-02-09 00:00:00+00:00,BEAR,BEAR,3,3,0.55,0.55,0.5293833875344612,0.5294009697783741,,2025-02-09 00:00:00+00:00,BEAR,BEAR,3,3,0.55,0.55,0.5814557486272361,0.5814729763315246,,,2,,,True,INDIRECT_PATH_DIFFERENCE,2
2025-02-11 00:00:00+00:00,2025-02-10 00:00:00+00:00,BEAR,BEAR,3,3,0.55,0.55,0.5320889174077144,0.5321063986438979,,2025-02-10 00:00:00+00:00,BEAR,BEAR,3,3,0.55,0.55,0.5840979791989288,0.5841150982141461,,,2,,,True,INDIRECT_PATH_DIFFERENCE,2
2025-02-12 00:00:00+00:00,2025-02-11 00:00:00+00:00,BEAR,BEAR,3,3,0.55,0.55,0.5274812028266929,0.5274988560859112,,2025-02-11 00:00:00+00:00,BEAR,BEAR,3,3,0.55,0.55,0.5795913782086859,0.5796086826039797,,,2,,,True,INDIRECT_PATH_DIFFERENCE,2
2025-02-13 00:00:00+00:00,2025-02-12 00:00:00+00:00,BEAR,BEAR,3,3,0.55,0.55,0.5349468332124483,0.5349468332124483,,2025-02-12 00:00:00+00:00,BEAR,BEAR,3,3,0.55,0.55,0.5869032162328357,0.5869032162328357,,,2,,,True,INDIRECT_PATH_DIFFERENCE,2
2025-02-14 00:00:00+00:00,2025-02-13 00:00:00+00:00,BEAR,BEAR,3,3,0.55,0.55,0.5310302262268424,0.5310302262268424,,2025-02-13 00:00:00+00:00,BEAR,BEAR,3,3,0.55,0.55,0.5830723038947996,0.5830723038947996,,,2,,,True,INDIRECT_PATH_DIFFERENCE,2
2025-02-15 00:00:00+00:00,2025-02-14 00:00:00+00:00,BEAR,BEAR,3,3,0.55,0.55,0.5340009673782395,0.5340009673782395,,2025-02-14 00:00:00+00:00,BEAR,BEAR,3,3,0.55,0.55,0.585977179781774,0.585977179781774,,,2,,,True,INDIRECT_PATH_DIFFERENCE,2
2025-02-16 00:00:00+00:00,2025-02-15 00:00:00+00:00,BEAR,BEAR,3,3,0.55,0.55,0.5332795716896312,0.5332795716896312,,2025-02-15 00:00:00+00:00,BEAR,BEAR,3,3,0.55,0.55,0.585260379150088,0.585260379150088,,,2,,,True,INDIRECT_PATH_DIFFERENCE,2
2025-02-17 00:00:00+00:00,2025-02-16 00:00:00+00:00,BEAR,BEAR,3,3,0.55,0.55,0.5297889013636328,0.5297889013636328,,2025-02-16 00:00:00+00:00,BEAR,BEAR,3,3,0.55,0.55,0.5818547979612693,0.5818547979612693,,,2,,,True,INDIRECT_PATH_DIFFERENCE,2
2025-02-18 00:00:00+00:00,2025-02-17 00:00:00+00:00,BEAR,BEAR,3,3,0.55,0.55,0.5313770689883954,0.5313770689883954,,2025-02-17 00:00:00+00:00,BEAR,BEAR,3,3,0.55,0.55,0.5834347328580083,0.5834347328580083,,,2,,,True,INDIRECT_PATH_DIFFERENCE,2
2025-02-19 00:00:00+00:00,2025-02-18 00:00:00+00:00,BEAR,BEAR,3,3,0.55,0.55,0.5292678065673555,0.5292824622157417,,2025-02-18 00:00:00+00:00,BEAR,BEAR,3,3,0.55,0.55,0.5813501413873224,0.5813645016247956,,,2,,,True,INDIRECT_PATH_DIFFERENCE,2
2025-02-20 00:00:00+00:00,2025-02-19 00:00:00+00:00,BEAR,BEAR,3,3,0.55,0.55,0.532245690453473,0.532245690453473,,2025-02-19 00:00:00+00:00,BEAR,BEAR,3,3,0.55,0.55,0.5842611354082137,0.5842611354082137,,,2,,,True,INDIRECT_PATH_DIFFERENCE,2
2025-02-21 00:00:00+00:00,2025-02-20 00:00:00+00:00,BEAR,BEAR,3,3,0.55,0.55,0.5358533163191301,0.5358721018677607,,2025-02-20 00:00:00+00:00,BEAR,BEAR,3,3,0.55,0.55,0.5877685620365043,0.5877869438407392,,,2,,,True,INDIRECT_PATH_DIFFERENCE,2
2025-02-22 00:00:00+00:00,2025-02-21 00:00:00+00:00,BEAR,BEAR,3,3,0.55,0.55,0.5300277974757334,0.5300277974757334,,2025-02-21 00:00:00+00:00,BEAR,BEAR,3,3,0.55,0.55,0.5820794058198484,0.5820794058198484,,,2,,,True,INDIRECT_PATH_DIFFERENCE,2
2025-02-23 00:00:00+00:00,2025-02-22 00:00:00+00:00,BEAR,BEAR,3,3,0.55,0.55,0.5333767379778009,0.5333767379778009,,2025-02-22 00:00:00+00:00,BEAR,BEAR,3,3,0.55,0.55,0.5853759303569023,0.5853759303569023,,,2,,,True,INDIRECT_PATH_DIFFERENCE,2
2025-02-24 00:00:00+00:00,2025-02-23 00:00:00+00:00,BEAR,BEAR,3,3,0.55,0.55,0.5343379835924514,0.5343524814297738,,2025-02-23 00:00:00+00:00,BEAR,BEAR,3,3,0.55,0.55,0.5863327596246258,0.586346948984716,,,2,,,True,INDIRECT_PATH_DIFFERENCE,2
2025-02-25 00:00:00+00:00,2025-02-24 00:00:00+00:00,BEAR,BEAR,3,3,0.55,0.55,0.5171758280437584,0.5171758280437584,,2025-02-24 00:00:00+00:00,BEAR,BEAR,3,3,0.55,0.55,0.5694818233845367,0.5694818233845367,,,2,,,True,INDIRECT_PATH_DIFFERENCE,2
2025-02-26 00:00:00+00:00,2025-02-25 00:00:00+00:00,BEAR,BEAR,3,3,0.55,0.55,0.5109858239360288,0.5110025705082089,,2025-02-25 00:00:00+00:00,BEAR,BEAR,3,3,0.55,0.55,0.563416986914992,0.5634334590661403,,,2,,,True,INDIRECT_PATH_DIFFERENCE,2
2025-02-27 00:00:00+00:00,2025-02-26 00:00:00+00:00,BEAR,BEAR,3,3,0.55,0.55,0.49714848454710475,0.49714848454710475,,2025-02-26 00:00:00+00:00,BEAR,BEAR,3,3,0.55,0.55,0.549740527824602,0.549740527824602,,,2,,,True,INDIRECT_PATH_DIFFERENCE,2
2025-02-28 00:00:00+00:00,2025-02-27 00:00:00+00:00,BEAR,BEAR,3,3,0.55,0.55,0.4972619956460537,0.4972619956460537,,2025-02-27 00:00:00+00:00,BEAR,BEAR,3,3,0.55,0.55,0.5498346809628285,0.5498346809628285,,,2,,,True,INDIRECT_PATH_DIFFERENCE,2
2025-03-01 00:00:00+00:00,2025-02-28 00:00:00+00:00,BEAR,BEAR,3,3,0.55,0.55,0.49436028483195976,0.49436028483195976,,2025-02-28 00:00:00+00:00,BEAR,BEAR,3,3,0.55,0.55,0.5469337885500607,0.5469337885500607,,,2,,,True,INDIRECT_PATH_DIFFERENCE,2
2025-03-02 00:00:00+00:00,2025-03-01 00:00:00+00:00,BEAR,BEAR,3,3,0.55,0.55,0.4974096415322831,0.4974096415322831,,2025-03-01 00:00:00+00:00,BEAR,BEAR,3,3,0.55,0.55,0.5499267118056655,0.5499267118056655,,,2,,,True,INDIRECT_PATH_DIFFERENCE,2
2025-03-03 00:00:00+00:00,2025-03-02 00:00:00+00:00,BEAR,BEAR,3,3,0.55,0.55,0.5226610908424708,0.5226610908424708,,2025-03-02 00:00:00+00:00,BEAR,BEAR,3,3,0.55,0.55,0.5748248667033762,0.5748248667033762,,,2,,,True,INDIRECT_PATH_DIFFERENCE,2
2025-03-04 00:00:00+00:00,2025-03-03 00:00:00+00:00,BEAR,BEAR,3,3,0.55,0.55,0.49567936575055577,0.49567936575055577,,2025-03-03 00:00:00+00:00,BEAR,BEAR,3,3,0.55,0.55,0.5481801437291495,0.5481801437291495,,,2,,,True,INDIRECT_PATH_DIFFERENCE,2
2025-03-05 00:00:00+00:00,2025-03-04 00:00:00+00:00,BEAR,BEAR,3,3,0.55,0.55,0.49863543036985675,0.49863543036985675,,2025-03-04 00:00:00+00:00,BEAR,BEAR,3,3,0.55,0.55,0.5511034925890408,0.5511034925890408,,,2,,,True,INDIRECT_PATH_DIFFERENCE,2
2025-03-06 00:00:00+00:00,2025-03-05 00:00:00+00:00,BEAR,BEAR,3,3,0.55,0.55,0.5076273690451278,0.5076273690451278,,2025-03-05 00:00:00+00:00,BEAR,BEAR,3,3,0.55,0.55,0.5599780030321266,0.5599780030321266,,,2,,,True,INDIRECT_PATH_DIFFERENCE,2
2025-03-07 00:00:00+00:00,2025-03-06 00:00:00+00:00,BEAR,BEAR,3,3,0.55,0.55,0.5051053506693489,0.5051053506693489,,2025-03-06 00:00:00+00:00,BEAR,BEAR,3,3,0.55,0.55,0.5574797223887474,0.5574797223887474,,,2,,,True,INDIRECT_PATH_DIFFERENCE,2
2025-03-08 00:00:00+00:00,2025-03-07 00:00:00+00:00,BEAR,BEAR,3,3,0.55,0.55,0.4967607304775707,0.4967607304775707,,2025-03-07 00:00:00+00:00,BEAR,BEAR,3,3,0.55,0.55,0.5492345654819547,0.5492345654819547,,,2,,,True,INDIRECT_PATH_DIFFERENCE,2
2025-03-09 00:00:00+00:00,2025-03-08 00:00:00+00:00,BEAR,BEAR,3,3,0.55,0.55,0.49745298674254756,0.49745298674254756,,2025-03-08 00:00:00+00:00,BEAR,BEAR,3,3,0.55,0.55,0.5499484228687943,0.5499484228687943,,,2,,,True,INDIRECT_PATH_DIFFERENCE,2
2025-03-10 00:00:00+00:00,2025-03-09 00:00:00+00:00,BEAR,BEAR,3,3,0.55,0.55,0.4796349358495919,0.4796349358495919,,2025-03-09 00:00:00+00:00,BEAR,BEAR,3,3,0.55,0.55,0.5322211461411512,0.5322211461411512,,,2,,,True,INDIRECT_PATH_DIFFERENCE,2
2025-03-11 00:00:00+00:00,2025-03-10 00:00:00+00:00,BEAR,BEAR,3,3,0.55,0.55,0.4695036366518669,0.4695036366518669,,2025-03-10 00:00:00+00:00,BEAR,BEAR,3,3,0.55,0.55,0.5220459858227543,0.5220459858227543,,,2,,,True,INDIRECT_PATH_DIFFERENCE,2
2025-03-12 00:00:00+00:00,2025-03-11 00:00:00+00:00,BEAR,BEAR,3,3,0.55,0.55,0.4814693981595773,0.4814693981595773,,2025-03-11 00:00:00+00:00,BEAR,BEAR,3,3,0.55,0.55,0.5339815223280107,0.5339815223280107,,,2,,,True,INDIRECT_PATH_DIFFERENCE,2
2025-03-13 00:00:00+00:00,2025-03-12 00:00:00+00:00,BEAR,BEAR,3,3,0.55,0.55,0.48267361276760956,0.48267361276760956,,2025-03-12 00:00:00+00:00,BEAR,BEAR,3,3,0.55,0.55,0.5351653650768181,0.5351653650768181,,,2,,,True,INDIRECT_PATH_DIFFERENCE,2
2025-03-14 00:00:00+00:00,2025-03-13 00:00:00+00:00,BEAR,BEAR,3,3,0.55,0.55,0.4754245422748236,0.4754245422748236,,2025-03-13 00:00:00+00:00,BEAR,BEAR,3,3,0.55,0.55,0.5279368729672751,0.5279368729672751,,,2,,,True,INDIRECT_PATH_DIFFERENCE,2
2025-03-15 00:00:00+00:00,2025-03-14 00:00:00+00:00,BEAR,BEAR,3,3,0.55,0.55,0.4835041514294844,0.4835041514294844,,2025-03-14 00:00:00+00:00,BEAR,BEAR,3,3,0.55,0.55,0.5359868614754,0.5359868614754,,,2,,,True,INDIRECT_PATH_DIFFERENCE,2
2025-03-16 00:00:00+00:00,2025-03-15 00:00:00+00:00,BEAR,BEAR,3,3,0.55,0.55,0.48514120315350123,0.48514120315350123,,2025-03-15 00:00:00+00:00,BEAR,BEAR,3,3,0.55,0.55,0.5376219322628828,0.5376219322628828,,,2,,,True,INDIRECT_PATH_DIFFERENCE,2
2025-03-17 00:00:00+00:00,2025-03-16 00:00:00+00:00,BEAR,BEAR,3,3,0.55,0.55,0.4795657979046417,0.4795657979046417,,2025-03-16 00:00:00+00:00,BEAR,BEAR,3,3,0.55,0.55,0.5320603715439743,0.5320603715439743,,,2,,,True,INDIRECT_PATH_DIFFERENCE,2
2025-03-18 00:00:00+00:00,2025-03-17 00:00:00+00:00,BEAR,BEAR,3,3,0.55,0.55,0.4840987756294584,0.4840987756294584,,2025-03-17 00:00:00+00:00,BEAR,BEAR,3,3,0.55,0.55,0.5365785740298581,0.5365785740298581,,,2,,,True,INDIRECT_PATH_DIFFERENCE,2
2025-03-19 00:00:00+00:00,2025-03-18 00:00:00+00:00,BEAR,BEAR,3,3,0.55,0.55,0.4813862313116161,0.4813862313116161,,2025-03-18 00:00:00+00:00,BEAR,BEAR,3,3,0.55,0.55,0.5338890314216301,0.5338890314216301,,,2,,,True,INDIRECT_PATH_DIFFERENCE,2
2025-03-20 00:00:00+00:00,2025-03-19 00:00:00+00:00,BEAR,BEAR,3,3,0.55,0.55,0.4944551423934776,0.4944551423934776,,2025-03-19 00:00:00+00:00,BEAR,BEAR,3,3,0.55,0.55,0.5468894266533364,0.5468894266533364,,,2,,,True,INDIRECT_PATH_DIFFERENCE,2
2025-03-21 00:00:00+00:00,2025-03-20 00:00:00+00:00,BEAR,BEAR,3,3,0.55,0.55,0.4864854313612939,0.4864854313612939,,2025-03-20 00:00:00+00:00,BEAR,BEAR,3,3,0.55,0.55,0.5389693093700137,0.5389693093700137,,,2,,,True,INDIRECT_PATH_DIFFERENCE,2
2025-03-22 00:00:00+00:00,2025-03-21 00:00:00+00:00,BEAR,BEAR,3,3,0.55,0.55,0.48562668410629367,0.48562668410629367,,2025-03-21 00:00:00+00:00,BEAR,BEAR,3,3,0.55,0.55,0.5381067167617423,0.5381067167617423,,,2,,,True,INDIRECT_PATH_DIFFERENCE,2
2025-03-23 00:00:00+00:00,2025-03-22 00:00:00+00:00,BEAR,BEAR,3,3,0.55,0.55,0.48557756348340886,0.48557756348340886,,2025-03-22 00:00:00+00:00,BEAR,BEAR,3,3,0.55,0.55,0.5380643465398622,0.5380643465398622,,,2,,,True,INDIRECT_PATH_DIFFERENCE,2
2025-03-24 00:00:00+00:00,2025-03-23 00:00:00+00:00,BEAR,BEAR,3,3,0.55,0.55,0.4913202707601768,0.4913202707601768,,2025-03-23 00:00:00+00:00,BEAR,BEAR,3,3,0.55,0.55,0.5437584406441164,0.5437584406441164,,,2,,,True,INDIRECT_PATH_DIFFERENCE,2
2025-03-25 00:00:00+00:00,2025-03-24 00:00:00+00:00,BEAR,BEAR,3,3,0.55,0.55,0.4967235317204616,0.4967235317204616,,2025-03-24 00:00:00+00:00,BEAR,BEAR,3,3,0.55,0.55,0.5491304653433956,0.5491304653433956,,,2,,,True,INDIRECT_PATH_DIFFERENCE,2
2025-03-26 00:00:00+00:00,2025-03-25 00:00:00+00:00,BEAR,BEAR,3,3,0.55,0.55,0.4960537394727355,0.4960537394727355,,2025-03-25 00:00:00+00:00,BEAR,BEAR,3,3,0.55,0.55,0.5484600723395618,0.5484600723395618,,,2,,,True,INDIRECT_PATH_DIFFERENCE,2
2025-03-27 00:00:00+00:00,2025-03-26 00:00:00+00:00,BEAR,BEAR,3,3,0.55,0.55,0.49327353673840896,0.49327353673840896,,2025-03-26 00:00:00+00:00,BEAR,BEAR,3,3,0.55,0.55,0.5456842324123767,0.5456842324123767,,,2,,,True,INDIRECT_PATH_DIFFERENCE,2
2025-03-28 00:00:00+00:00,2025-03-27 00:00:00+00:00,BEAR,BEAR,3,3,0.55,0.55,0.49380343890390066,0.49380343890390066,,2025-03-27 00:00:00+00:00,BEAR,BEAR,3,3,0.55,0.55,0.5462024322123683,0.5462024322123683,,,2,,,True,INDIRECT_PATH_DIFFERENCE,2
2025-03-29 00:00:00+00:00,2025-03-28 00:00:00+00:00,BEAR,BEAR,3,3,0.55,0.55,0.4842790546247267,0.4842790546247267,,2025-03-28 00:00:00+00:00,BEAR,BEAR,3,3,0.55,0.55,0.5367194236300348,0.5367194236300348,,,2,,,True,INDIRECT_PATH_DIFFERENCE,2
2025-03-30 00:00:00+00:00,2025-03-29 00:00:00+00:00,BEAR,BEAR,3,3,0.55,0.55,0.4780316166021321,0.4780316166021321,,2025-03-29 00:00:00+00:00,BEAR,BEAR,3,3,0.55,0.55,0.5304768826449167,0.5304768826449167,,,2,,,True,INDIRECT_PATH_DIFFERENCE,2
2025-03-31 00:00:00+00:00,2025-03-30 00:00:00+00:00,BEAR,BEAR,3,3,0.55,0.55,0.4767815071845606,0.4767815071845606,,2025-03-30 00:00:00+00:00,BEAR,BEAR,3,3,0.55,0.55,0.5292202191422647,0.5292202191422647,,,2,,,True,INDIRECT_PATH_DIFFERENCE,2
2025-04-01 00:00:00+00:00,2025-03-31 00:00:00+00:00,BEAR,BEAR,3,3,0.55,0.55,0.47765878329431266,0.47765878329431266,,2025-03-31 00:00:00+00:00,BEAR,BEAR,3,3,0.55,0.55,0.5300988410606684,0.5300988410606684,,,2,,,True,INDIRECT_PATH_DIFFERENCE,2
2025-04-02 00:00:00+00:00,2025-04-01 00:00:00+00:00,BEAR,BEAR,3,3,0.55,0.55,0.4862516242864153,0.4862516242864153,,2025-04-01 00:00:00+00:00,BEAR,BEAR,3,3,0.55,0.55,0.5386703550810695,0.5386703550810695,,,2,,,True,INDIRECT_PATH_DIFFERENCE,2
2025-04-03 00:00:00+00:00,2025-04-02 00:00:00+00:00,BEAR,BEAR,3,3,0.55,0.55,0.4767113480334697,0.4767113480334697,,2025-04-02 00:00:00+00:00,BEAR,BEAR,3,3,0.55,0.55,0.529137239829772,0.529137239829772,,,2,,,True,INDIRECT_PATH_DIFFERENCE,2
2025-04-04 00:00:00+00:00,2025-04-03 00:00:00+00:00,BEAR,BEAR,3,3,0.55,0.55,0.4790576279666901,0.4790576279666901,,2025-04-03 00:00:00+00:00,BEAR,BEAR,3,3,0.55,0.55,0.5314802138355559,0.5314802138355559,,,2,,,True,INDIRECT_PATH_DIFFERENCE,2
2025-04-05 00:00:00+00:00,2025-04-04 00:00:00+00:00,BEAR,BEAR,3,3,0.55,0.55,0.4806010654164612,0.4806010654164612,,2025-04-04 00:00:00+00:00,BEAR,BEAR,3,3,0.55,0.55,0.533011200919857,0.533011200919857,,,2,,,True,INDIRECT_PATH_DIFFERENCE,2
2025-04-06 00:00:00+00:00,2025-04-05 00:00:00+00:00,BEAR,BEAR,3,3,0.55,0.55,0.47946486945909156,0.47946486945909156,,2025-04-05 00:00:00+00:00,BEAR,BEAR,3,3,0.55,0.55,0.5318744442750266,0.5318744442750266,,,2,,,True,INDIRECT_PATH_DIFFERENCE,2
2025-04-07 00:00:00+00:00,2025-04-06 00:00:00+00:00,BEAR,BEAR,3,3,0.55,0.55,0.45969059274053636,0.45969059274053636,,2025-04-06 00:00:00+00:00,BEAR,BEAR,3,3,0.55,0.55,0.5120103212458766,0.5120103212458766,,,2,,,True,INDIRECT_PATH_DIFFERENCE,2
2025-04-08 00:00:00+00:00,2025-04-07 00:00:00+00:00,BEAR,BEAR,3,3,0.55,0.55,0.4605138194939158,0.4605138194939158,,2025-04-07 00:00:00+00:00,BEAR,BEAR,3,3,0.55,0.55,0.5128162882075737,0.5128162882075737,,,2,,,True,INDIRECT_PATH_DIFFERENCE,2
2025-04-09 00:00:00+00:00,2025-04-08 00:00:00+00:00,BEAR,BEAR,3,3,0.55,0.55,0.45058764819891034,0.45058764819891034,,2025-04-08 00:00:00+00:00,BEAR,BEAR,3,3,0.55,0.55,0.5027996179071899,0.5027996179071899,,,2,,,True,INDIRECT_PATH_DIFFERENCE,2
2025-04-10 00:00:00+00:00,2025-04-09 00:00:00+00:00,BEAR,BEAR,3,3,0.55,0.55,0.47284494910832525,0.47284494910832525,,2025-04-09 00:00:00+00:00,BEAR,BEAR,3,3,0.55,0.55,0.5252011500447996,0.5252011500447996,,,2,,,True,INDIRECT_PATH_DIFFERENCE,2
2025-04-11 00:00:00+00:00,2025-04-10 00:00:00+00:00,BEAR,BEAR,3,3,0.55,0.55,0.4605641949046288,0.4605641949046288,,2025-04-10 00:00:00+00:00,BEAR,BEAR,3,3,0.55,0.55,0.5128415818407489,0.5128415818407489,,,2,,,True,INDIRECT_PATH_DIFFERENCE,2
2025-04-12 00:00:00+00:00,2025-04-11 00:00:00+00:00,BEAR,BEAR,3,3,0.55,0.55,0.4712679755778233,0.4712679755778233,,2025-04-11 00:00:00+00:00,BEAR,BEAR,3,3,0.55,0.55,0.5235662440768676,0.5235662440768676,,,2,,,True,INDIRECT_PATH_DIFFERENCE,2
2025-04-13 00:00:00+00:00,2025-04-12 00:00:00+00:00,BEAR,BEAR,3,3,0.55,0.55,0.4781912138423106,0.4781912138423106,,2025-04-12 00:00:00+00:00,BEAR,BEAR,3,3,0.55,0.55,0.5305030671340298,0.5305030671340298,,,2,,,True,INDIRECT_PATH_DIFFERENCE,2
2025-04-14 00:00:00+00:00,2025-04-13 00:00:00+00:00,BEAR,BEAR,3,3,0.55,0.55,0.47315046528423543,0.47315046528423543,,2025-04-13 00:00:00+00:00,BEAR,BEAR,3,3,0.55,0.55,0.5254564746348862,0.5254564746348862,,,2,,,True,INDIRECT_PATH_DIFFERENCE,2
2025-04-15 00:00:00+00:00,2025-04-14 00:00:00+00:00,BEAR,BEAR,3,3,0.55,0.55,0.47597689736226945,0.47597689736226945,,2025-04-14 00:00:00+00:00,BEAR,BEAR,3,3,0.55,0.55,0.5282842692108084,0.5282842692108084,,,2,,,True,INDIRECT_PATH_DIFFERENCE,2
2025-04-16 00:00:00+00:00,2025-04-15 00:00:00+00:00,BEAR,BEAR,3,3,0.55,0.55,0.472614132526892,0.472614132526892,,2025-04-15 00:00:00+00:00,BEAR,BEAR,3,3,0.55,0.55,0.5249126401123471,0.5249126401123471,,,2,,,True,INDIRECT_PATH_DIFFERENCE,2
2025-04-17 00:00:00+00:00,2025-04-16 00:00:00+00:00,BEAR,BEAR,3,3,0.55,0.55,0.4731377001421166,0.4731377001421166,,2025-04-16 00:00:00+00:00,BEAR,BEAR,3,3,0.55,0.55,0.5254259785942978,0.5254259785942978,,,2,,,True,INDIRECT_PATH_DIFFERENCE,2
2025-04-18 00:00:00+00:00,2025-04-17 00:00:00+00:00,BEAR,BEAR,3,3,0.55,0.55,0.4755031880177478,0.4755031880177478,,2025-04-17 00:00:00+00:00,BEAR,BEAR,3,3,0.55,0.55,0.5277841907784903,0.5277841907784903,,,2,,,True,INDIRECT_PATH_DIFFERENCE,2
2025-04-19 00:00:00+00:00,2025-04-18 00:00:00+00:00,BEAR,BEAR,3,3,0.55,0.55,0.47459942568963165,0.47459942568963165,,2025-04-18 00:00:00+00:00,BEAR,BEAR,3,3,0.55,0.55,0.5268846437176374,0.5268846437176374,,,2,,,True,INDIRECT_PATH_DIFFERENCE,2
2025-04-20 00:00:00+00:00,2025-04-19 00:00:00+00:00,BEAR,BEAR,3,3,0.55,0.55,0.47684119464398694,0.47684119464398694,,2025-04-19 00:00:00+00:00,BEAR,BEAR,3,3,0.55,0.55,0.5291281605764141,0.5291281605764141,,,2,,,True,INDIRECT_PATH_DIFFERENCE,2
2025-04-21 00:00:00+00:00,2025-04-20 00:00:00+00:00,BEAR,BEAR,3,3,0.55,0.55,0.47622304243337776,0.47622304243337776,,2025-04-20 00:00:00+00:00,BEAR,BEAR,3,3,0.55,0.55,0.5284966808808985,0.5284966808808985,,,2,,,True,INDIRECT_PATH_DIFFERENCE,2
2025-04-22 00:00:00+00:00,2025-04-21 00:00:00+00:00,BEAR,BEAR,3,3,0.55,0.55,0.48130279402856035,0.48130279402856035,,2025-04-21 00:00:00+00:00,BEAR,BEAR,3,3,0.55,0.55,0.5335425306792377,0.5335425306792377,,,2,,,True,INDIRECT_PATH_DIFFERENCE,2
2025-04-23 00:00:00+00:00,2025-04-22 00:00:00+00:00,BEAR,BEAR,3,3,0.55,0.55,0.499852719505115,0.499852719505115,,2025-04-22 00:00:00+00:00,BEAR,BEAR,3,3,0.55,0.55,0.5519881671713234,0.5519881671713234,,,2,,,True,INDIRECT_PATH_DIFFERENCE,2
2025-04-24 00:00:00+00:00,2025-04-23 00:00:00+00:00,BEAR,BEAR,3,3,0.55,0.55,0.5015820181331969,0.5015820181331969,,2025-04-23 00:00:00+00:00,BEAR,BEAR,3,3,0.55,0.55,0.5537091623333471,0.5537091623333471,,,2,,,True,INDIRECT_PATH_DIFFERENCE,2
2025-04-25 00:00:00+00:00,2025-04-24 00:00:00+00:00,BEAR,BEAR,3,3,0.55,0.55,0.5014242053013649,0.5014242053013649,,2025-04-24 00:00:00+00:00,BEAR,BEAR,3,3,0.55,0.55,0.5535395227477308,0.5535395227477308,,,2,,,True,INDIRECT_PATH_DIFFERENCE,2
2025-04-26 00:00:00+00:00,2025-04-25 00:00:00+00:00,BEAR,BEAR,3,3,0.55,0.55,0.5032654910326646,0.5032654910326646,,2025-04-25 00:00:00+00:00,BEAR,BEAR,3,3,0.55,0.55,0.5553580369864475,0.5553580369864475,,,2,,,True,INDIRECT_PATH_DIFFERENCE,2
2025-04-27 00:00:00+00:00,2025-04-26 00:00:00+00:00,BEAR,BEAR,3,3,0.55,0.55,0.5043632446833114,0.5043632446833114,,2025-04-26 00:00:00+00:00,BEAR,BEAR,3,3,0.55,0.55,0.5564537437422029,0.5564537437422029,,,2,,,True,INDIRECT_PATH_DIFFERENCE,2
2025-04-28 00:00:00+00:00,2025-04-27 00:00:00+00:00,BEAR,BEAR,3,3,0.55,0.55,0.5016615292223287,0.5016615292223287,,2025-04-27 00:00:00+00:00,BEAR,BEAR,3,3,0.55,0.55,0.5537780886840764,0.5537780886840764,,,2,,,True,INDIRECT_PATH_DIFFERENCE,2
2025-04-29 00:00:00+00:00,2025-04-28 00:00:00+00:00,BEAR,BEAR,3,3,0.55,0.55,0.5045528467235898,0.5045528467235898,,2025-04-28 00:00:00+00:00,BEAR,BEAR,3,3,0.55,0.55,0.5566265910538917,0.5566265910538917,,,2,,,True,INDIRECT_PATH_DIFFERENCE,2
2025-04-30 00:00:00+00:00,2025-04-29 00:00:00+00:00,BEAR,BEAR,3,3,0.55,0.55,0.5029514408503009,0.5029514408503009,,2025-04-29 00:00:00+00:00,BEAR,BEAR,3,3,0.55,0.55,0.5550476768846869,0.5550476768846869,,,2,,,True,INDIRECT_PATH_DIFFERENCE,2
2025-05-01 00:00:00+00:00,2025-04-30 00:00:00+00:00,BEAR,BEAR,3,3,0.55,0.55,0.5026663627953933,0.5026663627953933,,2025-04-30 00:00:00+00:00,BEAR,BEAR,3,3,0.55,0.55,0.5547631265498818,0.5547631265498818,,,2,,,True,INDIRECT_PATH_DIFFERENCE,2
2025-05-02 00:00:00+00:00,2025-05-01 00:00:00+00:00,BEAR,BEAR,3,3,0.55,0.55,0.5087723717789362,0.5087723717789362,,2025-05-01 00:00:00+00:00,BEAR,BEAR,3,3,0.55,0.55,0.5607866156059893,0.5607866156059893,,,2,,,True,INDIRECT_PATH_DIFFERENCE,2
2025-05-03 00:00:00+00:00,2025-05-02 00:00:00+00:00,BEAR,BEAR,3,3,0.55,0.55,0.5097140632906332,0.5097140632906332,,2025-05-02 00:00:00+00:00,BEAR,BEAR,3,3,0.55,0.55,0.5617113755397404,0.5617113755397404,,,2,,,True,INDIRECT_PATH_DIFFERENCE,2
2025-05-04 00:00:00+00:00,2025-05-03 00:00:00+00:00,BEAR,BEAR,3,3,0.55,0.55,0.5073868409001203,0.5073868409001203,,2025-05-03 00:00:00+00:00,BEAR,BEAR,3,3,0.55,0.55,0.5594196645958892,0.5594196645958892,,,2,,,True,INDIRECT_PATH_DIFFERENCE,2
2025-05-05 00:00:00+00:00,2025-05-04 00:00:00+00:00,BEAR,BEAR,3,3,0.55,0.55,0.5034225469305031,0.5034225469305031,,2025-05-04 00:00:00+00:00,BEAR,BEAR,3,3,0.55,0.55,0.5555073901901804,0.5555073901901804,,,2,,,True,INDIRECT_PATH_DIFFERENCE,2
2025-05-06 00:00:00+00:00,2025-05-05 00:00:00+00:00,BEAR,BEAR,3,3,0.55,0.55,0.5047257604694925,0.5047257604694925,,2025-05-05 00:00:00+00:00,BEAR,BEAR,3,3,0.55,0.55,0.556793241459568,0.556793241459568,,,2,,,True,INDIRECT_PATH_DIFFERENCE,2
2025-05-07 00:00:00+00:00,2025-05-06 00:00:00+00:00,BEAR,BEAR,3,3,0.55,0.55,0.5089290256881148,0.5089290256881148,,2025-05-06 00:00:00+00:00,BEAR,BEAR,3,3,0.55,0.55,0.5609216531492958,0.5609216531492958,,,2,,,True,INDIRECT_PATH_DIFFERENCE,2
2025-05-08 00:00:00+00:00,2025-05-07 00:00:00+00:00,BEAR,BEAR,3,3,0.55,0.55,0.5091680628329349,0.5091680628329349,,2025-05-07 00:00:00+00:00,BEAR,BEAR,3,3,0.55,0.55,0.5611519288466055,0.5611519288466055,,,2,,,True,INDIRECT_PATH_DIFFERENCE,2
2025-05-09 00:00:00+00:00,2025-05-08 00:00:00+00:00,BEAR,BEAR,3,3,0.55,0.55,0.532431058226384,0.532431058226384,,2025-05-08 00:00:00+00:00,BEAR,BEAR,3,3,0.55,0.55,0.5840516839061688,0.5840516839061688,,,2,,,True,INDIRECT_PATH_DIFFERENCE,2
2025-05-10 00:00:00+00:00,2025-05-09 00:00:00+00:00,BEAR,BEAR,3,3,0.55,0.55,0.5356225599994644,0.5356225599994644,,2025-05-09 00:00:00+00:00,BEAR,BEAR,3,3,0.55,0.55,0.5872060146786068,0.5872060146786068,,,2,,,True,INDIRECT_PATH_DIFFERENCE,2
2025-05-11 00:00:00+00:00,2025-05-10 00:00:00+00:00,BEAR,BEAR,3,3,0.55,0.55,0.5451251192513017,0.5451251192513017,,2025-05-10 00:00:00+00:00,BEAR,BEAR,3,3,0.55,0.55,0.5965025961574024,0.5965025961574024,,,2,,,True,INDIRECT_PATH_DIFFERENCE,2
2025-05-12 00:00:00+00:00,2025-05-11 00:00:00+00:00,BEAR,BEAR,3,3,0.55,0.55,0.5421625484648737,0.5421625484648737,,2025-05-11 00:00:00+00:00,BEAR,BEAR,3,3,0.55,0.55,0.5936089546292885,0.5936089546292885,,,2,,,True,INDIRECT_PATH_DIFFERENCE,2
2025-05-13 00:00:00+00:00,2025-05-12 00:00:00+00:00,BEAR,BEAR,3,3,0.55,0.55,0.539334129393754,0.539334129393754,,2025-05-12 00:00:00+00:00,BEAR,BEAR,3,3,0.55,0.55,0.5908605987264921,0.5908605987264921,,,2,,,True,INDIRECT_PATH_DIFFERENCE,2
2025-05-14 00:00:00+00:00,2025-05-13 00:00:00+00:00,BEAR,BEAR,3,3,0.55,0.55,0.5464212317353314,0.5464212317353314,,2025-05-13 00:00:00+00:00,BEAR,BEAR,3,3,0.55,0.55,0.5977867895134488,0.5977867895134488,,,2,,,True,INDIRECT_PATH_DIFFERENCE,2
2025-05-15 00:00:00+00:00,2025-05-14 00:00:00+00:00,BEAR,BEAR,3,3,0.55,0.55,0.5436070113627217,0.5436070113627217,,2025-05-14 00:00:00+00:00,BEAR,BEAR,3,3,0.55,0.55,0.5950383793957195,0.5950383793957195,,,2,,,True,INDIRECT_PATH_DIFFERENCE,2
2025-05-16 00:00:00+00:00,2025-05-15 00:00:00+00:00,BEAR,BEAR,3,3,0.55,0.55,0.5424891028136188,0.5424891028136188,,2025-05-15 00:00:00+00:00,BEAR,BEAR,3,3,0.55,0.55,0.5939319046630119,0.5939319046630119,,,2,,,True,INDIRECT_PATH_DIFFERENCE,2
2025-05-17 00:00:00+00:00,2025-05-16 00:00:00+00:00,BEAR,BEAR,3,3,0.55,0.55,0.5416766409711034,0.5416766409711034,,2025-05-16 00:00:00+00:00,BEAR,BEAR,3,3,0.55,0.55,0.5931395006397193,0.5931395006397193,,,2,,,True,INDIRECT_PATH_DIFFERENCE,2
2025-05-18 00:00:00+00:00,2025-05-17 00:00:00+00:00,BEAR,BEAR,3,3,0.55,0.55,0.5394708611181784,0.5394708611181784,,2025-05-17 00:00:00+00:00,BEAR,BEAR,3,3,0.55,0.55,0.5909774581632478,0.5909774581632478,,,2,,,True,INDIRECT_PATH_DIFFERENCE,2
2025-05-19 00:00:00+00:00,2025-05-18 00:00:00+00:00,BEAR,BEAR,3,3,0.55,0.55,0.5459067701433955,0.5459067701433955,,2025-05-18 00:00:00+00:00,BEAR,BEAR,3,3,0.55,0.55,0.597213567018402,0.597213567018402,,,2,,,True,INDIRECT_PATH_DIFFERENCE,2
2025-05-20 00:00:00+00:00,2025-05-19 00:00:00+00:00,BEAR,BEAR,3,3,0.55,0.55,0.5451773128592081,0.5451773128592081,,2025-05-19 00:00:00+00:00,BEAR,BEAR,3,3,0.55,0.55,0.596518172415415,0.596518172415415,,,2,,,True,INDIRECT_PATH_DIFFERENCE,2
2025-05-21 00:00:00+00:00,2025-05-20 00:00:00+00:00,BEAR,BEAR,3,3,0.55,0.55,0.547293880642925,0.547293880642925,,2025-05-20 00:00:00+00:00,BEAR,BEAR,3,3,0.55,0.55,0.5985606927171304,0.5985606927171304,,,2,,,True,INDIRECT_PATH_DIFFERENCE,2
2025-05-22 00:00:00+00:00,2025-05-21 00:00:00+00:00,BEAR,BEAR,3,3,0.55,0.55,0.5527241819634464,0.5527241819634464,,2025-05-21 00:00:00+00:00,BEAR,BEAR,3,3,0.55,0.55,0.6038091716035744,0.6038091716035744,,,2,,,True,INDIRECT_PATH_DIFFERENCE,2
2025-05-23 00:00:00+00:00,2025-05-22 00:00:00+00:00,BEAR,BEAR,3,3,0.55,0.55,0.5589218773264109,0.5589218773264109,,2025-05-22 00:00:00+00:00,BEAR,BEAR,3,3,0.55,0.55,0.6098144067718304,0.6098144067718304,,,2,,,True,INDIRECT_PATH_DIFFERENCE,2
2025-05-24 00:00:00+00:00,2025-05-23 00:00:00+00:00,BEAR,BEAR,3,3,0.55,0.55,0.5481992456746988,0.5481992456746988,,2025-05-23 00:00:00+00:00,BEAR,BEAR,3,3,0.55,0.55,0.5994315997744067,0.5994315997744067,,,2,,,True,INDIRECT_PATH_DIFFERENCE,2
2025-05-25 00:00:00+00:00,2025-05-24 00:00:00+00:00,BEAR,BEAR,3,3,0.55,0.55,0.5490709323077388,0.5490709323077388,,2025-05-24 00:00:00+00:00,BEAR,BEAR,3,3,0.55,0.55,0.6002731887966753,0.6002731887966753,,,2,,,True,INDIRECT_PATH_DIFFERENCE,2
2025-05-26 00:00:00+00:00,2025-05-25 00:00:00+00:00,BEAR,BEAR,3,3,0.55,0.55,0.551713691363578,0.551713691363578,,2025-05-25 00:00:00+00:00,BEAR,BEAR,3,3,0.55,0.55,0.6028291177487308,0.6028291177487308,,,2,,,True,INDIRECT_PATH_DIFFERENCE,2
2025-05-27 00:00:00+00:00,2025-05-26 00:00:00+00:00,BEAR,BEAR,3,3,0.55,0.55,0.5527632390631896,0.5527632390631896,,2025-05-26 00:00:00+00:00,BEAR,BEAR,3,3,0.55,0.55,0.6038440190590761,0.6038440190590761,,,2,,,True,INDIRECT_PATH_DIFFERENCE,2
2025-05-28 00:00:00+00:00,2025-05-27 00:00:00+00:00,BEAR,BEAR,3,3,0.55,0.55,0.5543564178626053,0.5543564178626053,,2025-05-27 00:00:00+00:00,BEAR,BEAR,3,3,0.55,0.55,0.6054122084736858,0.6054122084736858,,,2,,,True,INDIRECT_PATH_DIFFERENCE,2
2025-05-29 00:00:00+00:00,2025-05-28 00:00:00+00:00,BEAR,BEAR,3,3,0.55,0.55,0.5529565132884796,0.5529565132884796,,2025-05-28 00:00:00+00:00,BEAR,BEAR,3,3,0.55,0.55,0.6040694050267236,0.6040694050267236,,,2,,,True,INDIRECT_PATH_DIFFERENCE,2
2025-05-30 00:00:00+00:00,2025-05-29 00:00:00+00:00,BEAR,BEAR,3,3,0.55,0.55,0.5479966160116724,0.5479966160116724,,2025-05-29 00:00:00+00:00,BEAR,BEAR,3,3,0.55,0.55,0.599265232173888,0.599265232173888,,,2,,,True,INDIRECT_PATH_DIFFERENCE,2
2025-05-31 00:00:00+00:00,2025-05-30 00:00:00+00:00,BEAR,BEAR,3,3,0.55,0.55,0.5426583788167508,0.5426583788167508,,2025-05-30 00:00:00+00:00,BEAR,BEAR,3,3,0.55,0.55,0.5940660292161899,0.5940660292161899,,,2,,,True,INDIRECT_PATH_DIFFERENCE,2
2025-06-01 00:00:00+00:00,2025-05-31 00:00:00+00:00,BEAR,BEAR,3,3,0.55,0.55,0.5436490949027477,0.5436490949027477,,2025-05-31 00:00:00+00:00,BEAR,BEAR,3,3,0.55,0.55,0.5950219511896555,0.5950219511896555,,,2,,,True,INDIRECT_PATH_DIFFERENCE,2
2025-06-02 00:00:00+00:00,2025-06-01 00:00:00+00:00,BEAR,BEAR,3,3,0.55,0.55,0.5457779821221387,0.5457779821221387,,2025-06-01 00:00:00+00:00,BEAR,BEAR,3,3,0.55,0.55,0.5970833359332087,0.5970833359332087,,,2,,,True,INDIRECT_PATH_DIFFERENCE,2
2025-06-03 00:00:00+00:00,2025-06-02 00:00:00+00:00,BEAR,BEAR,3,3,0.55,0.55,0.5479088560932583,0.5479088560932583,,2025-06-02 00:00:00+00:00,BEAR,BEAR,3,3,0.55,0.55,0.5991655100259935,0.5991655100259935,,,2,,,True,INDIRECT_PATH_DIFFERENCE,2
2025-06-04 00:00:00+00:00,2025-06-03 00:00:00+00:00,BEAR,BEAR,3,3,0.55,0.55,0.5467386907624242,0.5467386907624242,,2025-06-03 00:00:00+00:00,BEAR,BEAR,3,3,0.55,0.55,0.5980285136308794,0.5980285136308794,,,2,,,True,INDIRECT_PATH_DIFFERENCE,2
2025-06-05 00:00:00+00:00,2025-06-04 00:00:00+00:00,BEAR,BEAR,3,3,0.55,0.55,0.5459485064852738,0.5459485064852738,,2025-06-04 00:00:00+00:00,BEAR,BEAR,3,3,0.55,0.55,0.5972686073841087,0.5972686073841087,,,2,,,True,INDIRECT_PATH_DIFFERENCE,2
2025-06-06 00:00:00+00:00,2025-06-05 00:00:00+00:00,BEAR,BEAR,3,3,0.55,0.55,0.5352311354611735,0.5352311354611735,,2025-06-05 00:00:00+00:00,BEAR,BEAR,3,3,0.55,0.55,0.5868123595552265,0.5868123595552265,,,2,,,True,INDIRECT_PATH_DIFFERENCE,2
2025-06-07 00:00:00+00:00,2025-06-06 00:00:00+00:00,BEAR,BEAR,3,3,0.55,0.55,0.5418551001479374,0.5418551001479374,,2025-06-06 00:00:00+00:00,BEAR,BEAR,3,3,0.55,0.55,0.5932571162731078,0.5932571162731078,,,2,,,True,INDIRECT_PATH_DIFFERENCE,2
2025-06-08 00:00:00+00:00,2025-06-07 00:00:00+00:00,BEAR,BEAR,3,3,0.55,0.55,0.5453375480571233,0.5453375480571233,,2025-06-07 00:00:00+00:00,BEAR,BEAR,3,3,0.55,0.55,0.59664307693409,0.59664307693409,,,2,,,True,INDIRECT_PATH_DIFFERENCE,2
2025-06-09 00:00:00+00:00,2025-06-08 00:00:00+00:00,BEAR,BEAR,3,3,0.55,0.55,0.5452863862553741,0.5452863862553741,,2025-06-08 00:00:00+00:00,BEAR,BEAR,3,3,0.55,0.55,0.59658668453738,0.59658668453738,,,2,,,True,INDIRECT_PATH_DIFFERENCE,2
2025-06-10 00:00:00+00:00,2025-06-09 00:00:00+00:00,BEAR,BEAR,3,3,0.55,0.55,0.5572213607106867,0.5572213607106867,,2025-06-09 00:00:00+00:00,BEAR,BEAR,3,3,0.55,0.55,0.6081570774401657,0.6081570774401657,,,2,,,True,INDIRECT_PATH_DIFFERENCE,2
2025-06-11 00:00:00+00:00,2025-06-10 00:00:00+00:00,BEAR,BEAR,3,3,0.55,0.55,0.5605640010441806,0.5605640010441806,,2025-06-10 00:00:00+00:00,BEAR,BEAR,3,3,0.55,0.55,0.6114154138126271,0.6114154138126271,,,2,,,True,INDIRECT_PATH_DIFFERENCE,2
2025-06-12 00:00:00+00:00,2025-06-11 00:00:00+00:00,BEAR,BEAR,3,3,0.55,0.55,0.5568301192117564,0.5568301192117564,,2025-06-11 00:00:00+00:00,BEAR,BEAR,3,3,0.55,0.55,0.6078090398529064,0.6078090398529064,,,2,,,True,INDIRECT_PATH_DIFFERENCE,2
2025-06-13 00:00:00+00:00,2025-06-12 00:00:00+00:00,BEAR,BEAR,3,3,0.55,0.55,0.5486403941773866,0.5486403941773866,,2025-06-12 00:00:00+00:00,BEAR,BEAR,3,3,0.55,0.55,0.5998692621515976,0.5998692621515976,,,2,,,True,INDIRECT_PATH_DIFFERENCE,2
2025-06-14 00:00:00+00:00,2025-06-13 00:00:00+00:00,BEAR,BEAR,3,3,0.55,0.55,0.5477134287428141,0.5477134287428141,,2025-06-13 00:00:00+00:00,BEAR,BEAR,3,3,0.55,0.55,0.5989499396513964,0.5989499396513964,,,2,,,True,INDIRECT_PATH_DIFFERENCE,2
2025-06-15 00:00:00+00:00,2025-06-14 00:00:00+00:00,BEAR,BEAR,3,3,0.55,0.55,0.5453617525956181,0.5453617525956181,,2025-06-14 00:00:00+00:00,BEAR,BEAR,3,3,0.55,0.55,0.5966582871773662,0.5966582871773662,,,2,,,True,INDIRECT_PATH_DIFFERENCE,2
2025-06-16 00:00:00+00:00,2025-06-15 00:00:00+00:00,BEAR,BEAR,3,3,0.55,0.55,0.5461218218037711,0.5461218218037711,,2025-06-15 00:00:00+00:00,BEAR,BEAR,3,3,0.55,0.55,0.5973976167874169,0.5973976167874169,,,2,,,True,INDIRECT_PATH_DIFFERENCE,2
2025-06-17 00:00:00+00:00,2025-06-16 00:00:00+00:00,BEAR,BEAR,3,3,0.55,0.55,0.5481117793306169,0.5481117793306169,,2025-06-16 00:00:00+00:00,BEAR,BEAR,3,3,0.55,0.55,0.5993177151540957,0.5993177151540957,,,2,,,True,INDIRECT_PATH_DIFFERENCE,2
2025-06-18 00:00:00+00:00,2025-06-17 00:00:00+00:00,BEAR,BEAR,3,3,0.55,0.55,0.5433651264221939,0.5433651264221939,,2025-06-17 00:00:00+00:00,BEAR,BEAR,3,3,0.55,0.55,0.5947147609498233,0.5947147609498233,,,2,,,True,INDIRECT_PATH_DIFFERENCE,2
2025-06-19 00:00:00+00:00,2025-06-18 00:00:00+00:00,BEAR,BEAR,3,3,0.55,0.55,0.5443573540115934,0.5443573540115934,,2025-06-18 00:00:00+00:00,BEAR,BEAR,3,3,0.55,0.55,0.5956786774205403,0.5956786774205403,,,2,,,True,INDIRECT_PATH_DIFFERENCE,2
2025-06-20 00:00:00+00:00,2025-06-19 00:00:00+00:00,BEAR,BEAR,3,3,0.55,0.55,0.543874930242885,0.543874930242885,,2025-06-19 00:00:00+00:00,BEAR,BEAR,3,3,0.55,0.55,0.5952089981388167,0.5952089981388167,,,2,,,True,INDIRECT_PATH_DIFFERENCE,2
2025-06-21 00:00:00+00:00,2025-06-20 00:00:00+00:00,BEAR,BEAR,3,3,0.55,0.55,0.5384711837013089,0.5384711837013089,,2025-06-20 00:00:00+00:00,BEAR,BEAR,3,3,0.55,0.55,0.5899311303546009,0.5899311303546009,,,2,,,True,INDIRECT_PATH_DIFFERENCE,2
2025-06-22 00:00:00+00:00,2025-06-21 00:00:00+00:00,BEAR,BEAR,3,3,0.55,0.55,0.5333760044931837,0.5333760044931837,,2025-06-21 00:00:00+00:00,BEAR,BEAR,3,3,0.55,0.55,0.5849412880116692,0.5849412880116692,,,2,,,True,INDIRECT_PATH_DIFFERENCE,2
2025-06-23 00:00:00+00:00,2025-06-22 00:00:00+00:00,BEAR,BEAR,3,3,0.55,0.55,0.5293957200049068,0.5293957200049068,,2025-06-22 00:00:00+00:00,BEAR,BEAR,3,3,0.55,0.55,0.5810415844489392,0.5810415844489392,,,2,,,True,INDIRECT_PATH_DIFFERENCE,2
2025-06-24 00:00:00+00:00,2025-06-23 00:00:00+00:00,BEAR,BEAR,3,3,0.55,0.55,0.5422620155215189,0.5422620155215189,,2025-06-23 00:00:00+00:00,BEAR,BEAR,3,3,0.55,0.55,0.5936018365182274,0.5936018365182274,,,2,,,True,INDIRECT_PATH_DIFFERENCE,2
2025-06-25 00:00:00+00:00,2025-06-24 00:00:00+00:00,BEAR,BEAR,3,3,0.55,0.55,0.5445470015813505,0.5445470015813505,,2025-06-24 00:00:00+00:00,BEAR,BEAR,3,3,0.55,0.55,0.595825141620587,0.595825141620587,,,2,,,True,INDIRECT_PATH_DIFFERENCE,2
2025-06-26 00:00:00+00:00,2025-06-25 00:00:00+00:00,BEAR,BEAR,3,3,0.55,0.55,0.5459658045135387,0.5459658045135387,,2025-06-25 00:00:00+00:00,BEAR,BEAR,3,3,0.55,0.55,0.5971853285446721,0.5971853285446721,,,2,,,True,INDIRECT_PATH_DIFFERENCE,2
2025-06-27 00:00:00+00:00,2025-06-26 00:00:00+00:00,BEAR,BEAR,3,3,0.55,0.55,0.5452343172283044,0.5452343172283044,,2025-06-26 00:00:00+00:00,BEAR,BEAR,3,3,0.55,0.55,0.5964754735834957,0.5964754735834957,,,2,,,True,INDIRECT_PATH_DIFFERENCE,2
2025-06-28 00:00:00+00:00,2025-06-27 00:00:00+00:00,BEAR,BEAR,3,3,0.55,0.55,0.5456103673174955,0.5456103673174955,,2025-06-27 00:00:00+00:00,BEAR,BEAR,3,3,0.55,0.55,0.5968402007227457,0.5968402007227457,,,2,,,True,INDIRECT_PATH_DIFFERENCE,2
2025-06-29 00:00:00+00:00,2025-06-28 00:00:00+00:00,BEAR,BEAR,3,3,0.55,0.55,0.5463778814667415,0.5463778814667415,,2025-06-28 00:00:00+00:00,BEAR,BEAR,3,3,0.55,0.55,0.5975851915360499,0.5975851915360499,,,2,,,True,INDIRECT_PATH_DIFFERENCE,2
2025-06-30 00:00:00+00:00,2025-06-29 00:00:00+00:00,BEAR,BEAR,3,3,0.55,0.55,0.549857894467261,0.549857894467261,,2025-06-29 00:00:00+00:00,BEAR,BEAR,3,3,0.55,0.55,0.6009680178225517,0.6009680178225517,,,2,,,True,INDIRECT_PATH_DIFFERENCE,2
2025-07-01 00:00:00+00:00,2025-06-30 00:00:00+00:00,BEAR,BEAR,3,3,0.55,0.55,0.547433237644073,0.547433237644073,,2025-06-30 00:00:00+00:00,BEAR,BEAR,3,3,0.55,0.55,0.5986195498029677,0.5986195498029677,,,2,,,True,INDIRECT_PATH_DIFFERENCE,2
2025-07-02 00:00:00+00:00,2025-07-01 00:00:00+00:00,BEAR,BEAR,3,3,0.55,0.55,0.5428196714478015,0.5428196714478015,,2025-07-01 00:00:00+00:00,BEAR,BEAR,3,3,0.55,0.55,0.5941271447636499,0.5941271447636499,,,2,,,True,INDIRECT_PATH_DIFFERENCE,2
2025-07-03 00:00:00+00:00,2025-07-02 00:00:00+00:00,BEAR,BEAR,3,3,0.55,0.55,0.5525126095951437,0.5525126095951437,,2025-07-02 00:00:00+00:00,BEAR,BEAR,3,3,0.55,0.55,0.6035486498724782,0.6035486498724782,,,2,,,True,INDIRECT_PATH_DIFFERENCE,2
2025-07-04 00:00:00+00:00,2025-07-03 00:00:00+00:00,BEAR,BEAR,3,3,0.55,0.55,0.5542782844225964,0.5542782844225964,,2025-07-03 00:00:00+00:00,BEAR,BEAR,3,3,0.55,0.55,0.6052561385145081,0.6052561385145081,,,2,,,True,INDIRECT_PATH_DIFFERENCE,2
2025-07-05 00:00:00+00:00,2025-07-04 00:00:00+00:00,BEAR,BEAR,3,3,0.55,0.55,0.5495026314293165,0.5495026314293165,,2025-07-04 00:00:00+00:00,BEAR,BEAR,3,3,0.55,0.55,0.6006201768131096,0.6006201768131096,,,2,,,True,INDIRECT_PATH_DIFFERENCE,2
2025-07-06 00:00:00+00:00,2025-07-05 00:00:00+00:00,BEAR,BEAR,3,3,0.55,0.55,0.5500942623479081,0.5500942623479081,,2025-07-05 00:00:00+00:00,BEAR,BEAR,3,3,0.55,0.55,0.6011926951955402,0.6011926951955402,,,2,,,True,INDIRECT_PATH_DIFFERENCE,2
2025-07-07 00:00:00+00:00,2025-07-06 00:00:00+00:00,BEAR,BEAR,3,3,0.55,0.55,0.5531651755091241,0.5531651755091241,,2025-07-06 00:00:00+00:00,BEAR,BEAR,3,3,0.55,0.55,0.6041717988486092,0.6041717988486092,,,2,,,True,INDIRECT_PATH_DIFFERENCE,2
2025-07-08 00:00:00+00:00,2025-07-07 00:00:00+00:00,BEAR,BEAR,3,3,0.55,0.55,0.5508907737724095,0.5508907737724095,,2025-07-07 00:00:00+00:00,BEAR,BEAR,3,3,0.55,0.55,0.601967194781516,0.601967194781516,,,2,,,True,INDIRECT_PATH_DIFFERENCE,2
2025-07-09 00:00:00+00:00,2025-07-08 00:00:00+00:00,BEAR,BEAR,3,3,0.55,0.55,0.553850691397853,0.553850691397853,,2025-07-08 00:00:00+00:00,BEAR,BEAR,3,3,0.55,0.55,0.604844463126777,0.604844463126777,,,2,,,True,INDIRECT_PATH_DIFFERENCE,2
2025-07-10 00:00:00+00:00,2025-07-09 00:00:00+00:00,BEAR,BEAR,3,3,0.55,0.55,0.5614293329583332,0.5614293329583332,,2025-07-09 00:00:00+00:00,BEAR,BEAR,3,3,0.55,0.55,0.6121848539413967,0.6121848539413967,,,2,,,True,INDIRECT_PATH_DIFFERENCE,2
2025-07-11 00:00:00+00:00,2025-07-10 00:00:00+00:00,BEAR,BEAR,3,3,0.55,0.55,0.5732296624534977,0.5732296624534977,,2025-07-10 00:00:00+00:00,BEAR,BEAR,3,3,0.55,0.55,0.6235476767102667,0.6235476767102667,,,2,,,True,INDIRECT_PATH_DIFFERENCE,2
2025-07-12 00:00:00+00:00,2025-07-11 00:00:00+00:00,BEAR,BEAR,3,3,0.55,0.55,0.5757036289310663,0.5757036289310663,,2025-07-11 00:00:00+00:00,BEAR,BEAR,3,3,0.55,0.55,0.625912157452747,0.625912157452747,,,2,,,True,INDIRECT_PATH_DIFFERENCE,2
2025-07-13 00:00:00+00:00,2025-07-12 00:00:00+00:00,BEAR,BEAR,3,3,0.55,0.55,0.5752163717377224,0.5752163717377224,,2025-07-12 00:00:00+00:00,BEAR,BEAR,3,3,0.55,0.55,0.6254410474551789,0.6254410474551789,,,2,,,True,INDIRECT_PATH_DIFFERENCE,2
2025-07-14 00:00:00+00:00,2025-07-13 00:00:00+00:00,BEAR,BEAR,3,3,0.55,0.55,0.5783784583318737,0.5783784583318737,,2025-07-13 00:00:00+00:00,BEAR,BEAR,3,3,0.55,0.55,0.6284666384696,0.6284666384696,,,2,,,True,INDIRECT_PATH_DIFFERENCE,2
2025-07-15 00:00:00+00:00,2025-07-14 00:00:00+00:00,BEAR,BEAR,3,3,0.55,0.55,0.5804353407139898,0.5804353407139898,,2025-07-14 00:00:00+00:00,BEAR,BEAR,3,3,0.55,0.55,0.6304387140026271,0.6304387140026271,,,2,,,True,INDIRECT_PATH_DIFFERENCE,2
2025-07-16 00:00:00+00:00,2025-07-15 00:00:00+00:00,BEAR,BEAR,3,3,0.55,0.55,0.5801286468437413,0.5801286468437413,,2025-07-15 00:00:00+00:00,BEAR,BEAR,3,3,0.55,0.55,0.630180675134058,0.630180675134058,,,2,,,True,INDIRECT_PATH_DIFFERENCE,2
2025-07-17 00:00:00+00:00,2025-07-16 00:00:00+00:00,BEAR,BEAR,3,3,0.55,0.55,0.5865117083111515,0.5865117083111515,,2025-07-16 00:00:00+00:00,BEAR,BEAR,3,3,0.55,0.55,0.6363201082688378,0.6363201082688378,,,2,,,True,INDIRECT_PATH_DIFFERENCE,2
2025-07-18 00:00:00+00:00,2025-07-17 00:00:00+00:00,BEAR,BEAR,3,3,0.55,0.55,0.5895651110206702,0.5895651110206702,,2025-07-17 00:00:00+00:00,BEAR,BEAR,3,3,0.55,0.55,0.6392479420907398,0.6392479420907398,,,2,,,True,INDIRECT_PATH_DIFFERENCE,2
2025-07-19 00:00:00+00:00,2025-07-18 00:00:00+00:00,BEAR,BEAR,3,3,0.55,0.55,0.5892761074968785,0.589289535230234,,2025-07-18 00:00:00+00:00,BEAR,BEAR,3,3,0.55,0.55,0.6389911490938273,0.6390041522235651,,,2,,,True,INDIRECT_PATH_DIFFERENCE,2
2025-07-20 00:00:00+00:00,2025-07-19 00:00:00+00:00,BEAR,BEAR,3,3,0.55,0.55,0.5901325405882814,0.5901325405882814,,2025-07-19 00:00:00+00:00,BEAR,BEAR,3,3,0.55,0.55,0.6398150315864858,0.6398150315864858,,,2,,,True,INDIRECT_PATH_DIFFERENCE,2
2025-07-21 00:00:00+00:00,2025-07-20 00:00:00+00:00,BEAR,BEAR,3,3,0.55,0.55,0.5927964573710728,0.5927964573710728,,2025-07-20 00:00:00+00:00,BEAR,BEAR,3,3,0.55,0.55,0.6423838332137279,0.6423838332137279,,,2,,,True,INDIRECT_PATH_DIFFERENCE,2
2025-07-22 00:00:00+00:00,2025-07-21 00:00:00+00:00,BEAR,BEAR,3,3,0.55,0.55,0.5930945039298784,0.5930945039298784,,2025-07-21 00:00:00+00:00,BEAR,BEAR,3,3,0.55,0.55,0.642666688443311,0.642666688443311,,,2,,,True,INDIRECT_PATH_DIFFERENCE,2
2025-07-23 00:00:00+00:00,2025-07-22 00:00:00+00:00,BEAR,BEAR,3,3,0.55,0.55,0.5963134517251726,0.5963134517251726,,2025-07-22 00:00:00+00:00,BEAR,BEAR,3,3,0.55,0.55,0.6457089332007188,0.6457089332007188,,,2,,,True,INDIRECT_PATH_DIFFERENCE,2
2025-07-24 00:00:00+00:00,2025-07-23 00:00:00+00:00,BEAR,BEAR,3,3,0.55,0.55,0.5922364018554109,0.5922364018554109,,2025-07-23 00:00:00+00:00,BEAR,BEAR,3,3,0.55,0.55,0.6418152839041001,0.6418152839041001,,,2,,,True,INDIRECT_PATH_DIFFERENCE,2
2025-07-25 00:00:00+00:00,2025-07-24 00:00:00+00:00,BEAR,BEAR,3,3,0.55,0.55,0.5933098482418356,0.5933098482418356,,2025-07-24 00:00:00+00:00,BEAR,BEAR,3,3,0.55,0.55,0.6428522947906277,0.6428522947906277,,,2,,,True,INDIRECT_PATH_DIFFERENCE,2
2025-07-26 00:00:00+00:00,2025-07-25 00:00:00+00:00,BEAR,BEAR,3,3,0.55,0.55,0.5926840553321884,0.5926973719254998,,2025-07-25 00:00:00+00:00,BEAR,BEAR,3,3,0.55,0.55,0.64226282875822,0.6422757143300875,,,2,,,True,INDIRECT_PATH_DIFFERENCE,2
2025-07-27 00:00:00+00:00,2025-07-26 00:00:00+00:00,BEAR,BEAR,3,3,0.55,0.55,0.5934529278633919,0.5934529278633919,,2025-07-26 00:00:00+00:00,BEAR,BEAR,3,3,0.55,0.55,0.642994320917355,0.642994320917355,,,2,,,True,INDIRECT_PATH_DIFFERENCE,2
2025-07-28 00:00:00+00:00,2025-07-27 00:00:00+00:00,BEAR,BEAR,3,3,0.55,0.55,0.5982163254976447,0.5982163254976447,,2025-07-27 00:00:00+00:00,BEAR,BEAR,3,3,0.55,0.55,0.6475356025407902,0.6475356025407902,,,2,,,True,INDIRECT_PATH_DIFFERENCE,2
2025-07-29 00:00:00+00:00,2025-07-28 00:00:00+00:00,BEAR,BEAR,3,3,0.55,0.55,0.5948791220220412,0.5948936283109225,,2025-07-28 00:00:00+00:00,BEAR,BEAR,3,3,0.55,0.55,0.644358009774941,0.6443720399331065,,,2,,,True,INDIRECT_PATH_DIFFERENCE,2
2025-07-30 00:00:00+00:00,2025-07-29 00:00:00+00:00,BEAR,BEAR,3,3,0.55,0.55,0.5946287518979078,0.5946287518979078,,2025-07-29 00:00:00+00:00,BEAR,BEAR,3,3,0.55,0.55,0.6441183629575897,0.6441183629575897,,,2,,,True,INDIRECT_PATH_DIFFERENCE,2
2025-07-31 00:00:00+00:00,2025-07-30 00:00:00+00:00,BEAR,BEAR,3,3,0.55,0.55,0.5948197735269398,0.5948323893610731,,2025-07-30 00:00:00+00:00,BEAR,BEAR,3,3,0.55,0.55,0.6443022201012191,0.6443144219630788,,,2,,,True,INDIRECT_PATH_DIFFERENCE,2
2025-08-01 00:00:00+00:00,2025-07-31 00:00:00+00:00,BEAR,BEAR,3,3,0.55,0.55,0.5896080993325125,0.5896080993325125,,2025-07-31 00:00:00+00:00,BEAR,BEAR,3,3,0.55,0.55,0.6393318520953258,0.6393318520953258,,,2,,,True,INDIRECT_PATH_DIFFERENCE,2
2025-08-02 00:00:00+00:00,2025-08-01 00:00:00+00:00,BEAR,BEAR,3,3,0.55,0.55,0.5815304354194621,0.5815304354194621,,2025-08-01 00:00:00+00:00,BEAR,BEAR,3,3,0.55,0.55,0.6315950220446807,0.6315950220446807,,,2,,,True,INDIRECT_PATH_DIFFERENCE,2
2025-08-03 00:00:00+00:00,2025-08-02 00:00:00+00:00,BEAR,BEAR,3,3,0.55,0.55,0.5783173561256422,0.5783311419052949,,2025-08-02 00:00:00+00:00,BEAR,BEAR,3,3,0.55,0.55,0.6285051684775097,0.6285185490900598,,,2,,,True,INDIRECT_PATH_DIFFERENCE,2
2025-08-04 00:00:00+00:00,2025-08-03 00:00:00+00:00,BEAR,BEAR,3,3,0.55,0.55,0.5830675431673814,0.5830675431673814,,2025-08-03 00:00:00+00:00,BEAR,BEAR,3,3,0.55,0.55,0.6330577028877747,0.6330577028877747,,,2,,,True,INDIRECT_PATH_DIFFERENCE,2
2025-08-05 00:00:00+00:00,2025-08-04 00:00:00+00:00,BEAR,BEAR,3,3,0.55,0.55,0.5891314502528303,0.5891314502528303,,2025-08-04 00:00:00+00:00,BEAR,BEAR,3,3,0.55,0.55,0.6388805449386151,0.6388805449386151,,,2,,,True,INDIRECT_PATH_DIFFERENCE,2
2025-08-06 00:00:00+00:00,2025-08-05 00:00:00+00:00,BEAR,BEAR,3,3,0.55,0.55,0.5854922827083849,0.5854922827083849,,2025-08-05 00:00:00+00:00,BEAR,BEAR,3,3,0.55,0.55,0.6353933513115078,0.6353933513115078,,,2,,,True,INDIRECT_PATH_DIFFERENCE,2
2025-08-07 00:00:00+00:00,2025-08-06 00:00:00+00:00,BEAR,BEAR,3,3,0.55,0.55,0.5882687252249523,0.5882687252249523,,2025-08-06 00:00:00+00:00,BEAR,BEAR,3,3,0.55,0.55,0.6380489731756247,0.6380489731756247,,,2,,,True,INDIRECT_PATH_DIFFERENCE,2
2025-08-08 00:00:00+00:00,2025-08-07 00:00:00+00:00,BEAR,BEAR,3,3,0.55,0.55,0.596484978619438,0.596484978619438,,2025-08-07 00:00:00+00:00,BEAR,BEAR,3,3,0.55,0.55,0.6458946145599288,0.6458946145599288,,,2,,,True,INDIRECT_PATH_DIFFERENCE,2
2025-08-09 00:00:00+00:00,2025-08-08 00:00:00+00:00,BEAR,BEAR,3,3,0.55,0.55,0.5974413972457691,0.5974413972457691,,2025-08-08 00:00:00+00:00,BEAR,BEAR,3,3,0.55,0.55,0.6468238865842743,0.6468238865842743,,,2,,,True,INDIRECT_PATH_DIFFERENCE,2
2025-08-10 00:00:00+00:00,2025-08-09 00:00:00+00:00,BEAR,BEAR,3,3,0.55,0.55,0.6022348098304542,0.6022348098304542,,2025-08-09 00:00:00+00:00,BEAR,BEAR,3,3,0.55,0.55,0.6514145244182714,0.5500000000000002,DRIFT_SELL:EXECUTED,,2,,DRIFT_SELL:EXECUTED,True,INDIRECT_PATH_DIFFERENCE,2
2025-08-11 00:00:00+00:00,2025-08-10 00:00:00+00:00,BEAR,BEAR,3,3,0.55,0.55,0.6057740478460029,0.6057740478460029,,2025-08-10 00:00:00+00:00,BEAR,BEAR,3,3,0.55,0.55,0.5536610060118105,0.5536610060118105,,,2,,,True,INDIRECT_PATH_DIFFERENCE,2
2025-08-12 00:00:00+00:00,2025-08-11 00:00:00+00:00,BEAR,BEAR,3,3,0.55,0.55,0.6044519624740056,0.6044519624740056,,2025-08-11 00:00:00+00:00,BEAR,BEAR,3,3,0.55,0.55,0.552294035723992,0.552294035723992,,,2,,,True,INDIRECT_PATH_DIFFERENCE,2
2025-08-13 00:00:00+00:00,2025-08-12 00:00:00+00:00,BEAR,BEAR,3,3,0.55,0.55,0.6133993701851481,0.6133993701851481,,2025-08-12 00:00:00+00:00,BEAR,BEAR,3,3,0.55,0.55,0.5615640556064233,0.5615640556064233,,,2,,,True,INDIRECT_PATH_DIFFERENCE,2
2025-08-14 00:00:00+00:00,2025-08-13 00:00:00+00:00,BEAR,BEAR,3,3,0.55,0.55,0.6202566661458109,0.6202566661458109,,2025-08-13 00:00:00+00:00,BEAR,BEAR,3,3,0.55,0.55,0.5686947126590972,0.5686947126590972,,,2,,,True,INDIRECT_PATH_DIFFERENCE,2
2025-08-15 00:00:00+00:00,2025-08-14 00:00:00+00:00,BEAR,BEAR,3,3,0.55,0.55,0.610266790737801,0.610266790737801,,2025-08-14 00:00:00+00:00,BEAR,BEAR,3,3,0.55,0.55,0.5583150444674254,0.5583150444674254,,,2,,,True,INDIRECT_PATH_DIFFERENCE,2
2025-08-16 00:00:00+00:00,2025-08-15 00:00:00+00:00,BEAR,BEAR,3,3,0.55,0.55,0.6069804669754206,0.6069804669754206,,2025-08-15 00:00:00+00:00,BEAR,BEAR,3,3,0.55,0.55,0.5549113149494846,0.5549113149494846,,,2,,,True,INDIRECT_PATH_DIFFERENCE,2
2025-08-17 00:00:00+00:00,2025-08-16 00:00:00+00:00,BEAR,BEAR,3,3,0.55,0.55,0.6067018200720292,0.6067018200720292,,2025-08-16 00:00:00+00:00,BEAR,BEAR,3,3,0.55,0.55,0.5546236547313551,0.5546236547313551,,,2,,,True,INDIRECT_PATH_DIFFERENCE,2
2025-08-18 00:00:00+00:00,2025-08-17 00:00:00+00:00,BEAR,BEAR,3,3,0.55,0.55,0.6077234893873686,0.6077234893873686,,2025-08-17 00:00:00+00:00,BEAR,BEAR,3,3,0.55,0.55,0.555681865824838,0.555681865824838,,,2,,,True,INDIRECT_PATH_DIFFERENCE,2
2025-08-19 00:00:00+00:00,2025-08-18 00:00:00+00:00,BEAR,BEAR,3,3,0.55,0.55,0.6030687491122181,0.6030687491122181,,2025-08-18 00:00:00+00:00,BEAR,BEAR,3,3,0.55,0.55,0.5508674976962338,0.5508674976962338,,,2,,,True,INDIRECT_PATH_DIFFERENCE,2
2025-08-20 00:00:00+00:00,2025-08-19 00:00:00+00:00,BEAR,BEAR,3,3,0.55,0.55,0.5937146638887056,0.5937146638887056,,2025-08-19 00:00:00+00:00,BEAR,BEAR,3,3,0.55,0.55,0.5412206619486137,0.5412206619486137,,,2,,,True,INDIRECT_PATH_DIFFERENCE,2
2025-08-21 00:00:00+00:00,2025-08-20 00:00:00+00:00,BEAR,BEAR,3,3,0.55,0.55,0.6009539418874302,0.6009539418874302,,2025-08-20 00:00:00+00:00,BEAR,BEAR,3,3,0.55,0.55,0.5486834125872193,0.5486834125872193,,,2,,,True,INDIRECT_PATH_DIFFERENCE,2
2025-08-22 00:00:00+00:00,2025-08-21 00:00:00+00:00,BEAR,BEAR,3,3,0.55,0.55,0.5963196155415812,0.5963196155415812,,2025-08-21 00:00:00+00:00,BEAR,BEAR,3,3,0.55,0.55,0.5439038046419667,0.5439038046419667,,,2,,,True,INDIRECT_PATH_DIFFERENCE,2
2025-08-23 00:00:00+00:00,2025-08-22 00:00:00+00:00,BEAR,BEAR,3,3,0.55,0.55,0.6140481182720056,0.6140481182720056,,2025-08-22 00:00:00+00:00,BEAR,BEAR,3,3,0.55,0.55,0.5622419743454127,0.5622419743454127,,,2,,,True,INDIRECT_PATH_DIFFERENCE,2
2025-08-24 00:00:00+00:00,2025-08-23 00:00:00+00:00,BEAR,BEAR,3,3,0.55,0.55,0.6111563485526514,0.6111563485526514,,2025-08-23 00:00:00+00:00,BEAR,BEAR,3,3,0.55,0.55,0.5592412776273342,0.5592412776273342,,,2,,,True,INDIRECT_PATH_DIFFERENCE,2
2025-08-25 00:00:00+00:00,2025-08-24 00:00:00+00:00,BEAR,BEAR,3,3,0.55,0.55,0.6087162293661597,0.6087162293661597,,2025-08-24 00:00:00+00:00,BEAR,BEAR,3,3,0.55,0.55,0.5567117623445329,0.5567117623445329,,,2,,,True,INDIRECT_PATH_DIFFERENCE,2
2025-08-26 00:00:00+00:00,2025-08-25 00:00:00+00:00,BEAR,BEAR,3,3,0.55,0.55,0.5961964620815118,0.5961964620815118,,2025-08-25 00:00:00+00:00,BEAR,BEAR,3,3,0.55,0.55,0.5437778188366252,0.5437778188366252,,,2,,,True,INDIRECT_PATH_DIFFERENCE,2
2025-08-27 00:00:00+00:00,2025-08-26 00:00:00+00:00,BEAR,BEAR,3,3,0.55,0.55,0.6029672050582686,0.6029672050582686,,2025-08-26 00:00:00+00:00,BEAR,BEAR,3,3,0.55,0.55,0.5507647318021436,0.5507647318021436,,,2,,,True,INDIRECT_PATH_DIFFERENCE,2
2025-08-28 00:00:00+00:00,2025-08-27 00:00:00+00:00,BEAR,BEAR,3,3,0.55,0.55,0.6004334885686038,0.6004334885686038,,2025-08-27 00:00:00+00:00,BEAR,BEAR,3,3,0.55,0.55,0.5481487808925495,0.5481487808925495,,,2,,,True,INDIRECT_PATH_DIFFERENCE,2
2025-08-29 00:00:00+00:00,2025-08-28 00:00:00+00:00,BEAR,BEAR,3,3,0.55,0.55,0.6022775915386445,0.6022775915386445,,2025-08-28 00:00:00+00:00,BEAR,BEAR,3,3,0.55,0.55,0.5500544305033754,0.5500544305033754,,,2,,,True,INDIRECT_PATH_DIFFERENCE,2
2025-08-30 00:00:00+00:00,2025-08-29 00:00:00+00:00,BEAR,BEAR,3,3,0.55,0.55,0.593521892939661,0.593521892939661,,2025-08-29 00:00:00+00:00,BEAR,BEAR,3,3,0.55,0.55,0.541025766072564,0.541025766072564,,,2,,,True,INDIRECT_PATH_DIFFERENCE,2
2025-08-31 00:00:00+00:00,2025-08-30 00:00:00+00:00,BEAR,BEAR,3,3,0.55,0.55,0.5944231553687487,0.5944231553687487,,2025-08-30 00:00:00+00:00,BEAR,BEAR,3,3,0.55,0.55,0.5419543551519979,0.5419543551519979,,,2,,,True,INDIRECT_PATH_DIFFERENCE,2
2025-09-01 00:00:00+00:00,2025-08-31 00:00:00+00:00,BEAR,BEAR,3,3,0.55,0.55,0.5940228283636083,0.5940228283636083,,2025-08-31 00:00:00+00:00,BEAR,BEAR,3,3,0.55,0.55,0.5415425698191098,0.5415425698191098,,,2,,,True,INDIRECT_PATH_DIFFERENCE,2
2025-09-02 00:00:00+00:00,2025-09-01 00:00:00+00:00,BEAR,BEAR,3,3,0.55,0.55,0.5938019442047756,0.5938019442047756,,2025-09-01 00:00:00+00:00,BEAR,BEAR,3,3,0.55,0.55,0.5413168696672773,0.5413168696672773,,,2,,,True,INDIRECT_PATH_DIFFERENCE,2
2025-09-03 00:00:00+00:00,2025-09-02 00:00:00+00:00,BEAR,BEAR,3,3,0.55,0.55,0.5968183510886258,0.5968183510886258,,2025-09-02 00:00:00+00:00,BEAR,BEAR,3,3,0.55,0.55,0.5444252721905819,0.5444252721905819,,,2,,,True,INDIRECT_PATH_DIFFERENCE,2
2025-09-04 00:00:00+00:00,2025-09-03 00:00:00+00:00,BEAR,BEAR,3,3,0.55,0.55,0.5999812253520057,0.5999812253520057,,2025-09-03 00:00:00+00:00,BEAR,BEAR,3,3,0.55,0.55,0.5476875059588474,0.5476875059588474,,,2,,,True,INDIRECT_PATH_DIFFERENCE,2
2025-09-05 00:00:00+00:00,2025-09-04 00:00:00+00:00,BEAR,BEAR,3,3,0.55,0.55,0.5955502877336863,0.5955502877336863,,2025-09-04 00:00:00+00:00,BEAR,BEAR,3,3,0.55,0.55,0.5431200847841222,0.5431200847841222,,,2,,,True,INDIRECT_PATH_DIFFERENCE,2
2025-09-06 00:00:00+00:00,2025-09-05 00:00:00+00:00,BEAR,BEAR,3,3,0.55,0.55,0.5956690280244566,0.5956690280244566,,2025-09-05 00:00:00+00:00,BEAR,BEAR,3,3,0.55,0.55,0.5432430227353425,0.5432430227353425,,,2,,,True,INDIRECT_PATH_DIFFERENCE,2
2025-09-07 00:00:00+00:00,2025-09-06 00:00:00+00:00,BEAR,BEAR,3,3,0.55,0.55,0.5943210568056659,0.5943210568056659,,2025-09-06 00:00:00+00:00,BEAR,BEAR,3,3,0.55,0.55,0.5418555564960623,0.5418555564960623,,,2,,,True,INDIRECT_PATH_DIFFERENCE,2
2025-09-08 00:00:00+00:00,2025-09-07 00:00:00+00:00,BEAR,BEAR,3,3,0.55,0.55,0.5963224358882651,0.5963224358882651,,2025-09-07 00:00:00+00:00,BEAR,BEAR,3,3,0.55,0.55,0.5439178906583405,0.5439178906583405,,,2,,,True,INDIRECT_PATH_DIFFERENCE,2
2025-09-09 00:00:00+00:00,2025-09-08 00:00:00+00:00,BEAR,BEAR,3,3,0.55,0.55,0.5976055541511699,0.5976055541511699,,2025-09-08 00:00:00+00:00,BEAR,BEAR,3,3,0.55,0.55,0.5452415731709485,0.5452415731709485,,,2,,,True,INDIRECT_PATH_DIFFERENCE,2
2025-09-10 00:00:00+00:00,2025-09-09 00:00:00+00:00,BEAR,BEAR,3,3,0.55,0.55,0.5969860675418354,0.5969860675418354,,2025-09-09 00:00:00+00:00,BEAR,BEAR,3,3,0.55,0.55,0.5446034147565699,0.5446034147565699,,,2,,,True,INDIRECT_PATH_DIFFERENCE,2
2025-09-11 00:00:00+00:00,2025-09-10 00:00:00+00:00,BEAR,BEAR,3,3,0.55,0.55,0.6010572843285968,0.6010572843285968,,2025-09-10 00:00:00+00:00,BEAR,BEAR,3,3,0.55,0.55,0.5488050314214586,0.5488050314214586,,,2,,,True,INDIRECT_PATH_DIFFERENCE,2
2025-09-12 00:00:00+00:00,2025-09-11 00:00:00+00:00,BEAR,BEAR,3,3,0.55,0.55,0.6052590731440485,0.6052590731440485,,2025-09-11 00:00:00+00:00,BEAR,BEAR,3,3,0.55,0.55,0.5531482721355229,0.5531482721355229,,,2,,,True,INDIRECT_PATH_DIFFERENCE,2
2025-09-13 00:00:00+00:00,2025-09-12 00:00:00+00:00,BEAR,BEAR,3,3,0.55,0.55,0.6108803630658891,0.6108803630658891,,2025-09-12 00:00:00+00:00,BEAR,BEAR,3,3,0.55,0.55,0.5589696667636749,0.5589696667636749,,,2,,,True,INDIRECT_PATH_DIFFERENCE,2
2025-09-14 00:00:00+00:00,2025-09-13 00:00:00+00:00,BEAR,BEAR,3,3,0.55,0.55,0.6098771271065624,0.6098771271065624,,2025-09-13 00:00:00+00:00,BEAR,BEAR,3,3,0.55,0.55,0.5579304590888067,0.5579304590888067,,,2,,,True,INDIRECT_PATH_DIFFERENCE,2
2025-09-15 00:00:00+00:00,2025-09-14 00:00:00+00:00,BEAR,BEAR,3,3,0.55,0.55,0.6078551715771718,0.6078551715771718,,2025-09-14 00:00:00+00:00,BEAR,BEAR,3,3,0.55,0.55,0.5558363294582922,0.5558363294582922,,,2,,,True,INDIRECT_PATH_DIFFERENCE,2
2025-09-16 00:00:00+00:00,2025-09-15 00:00:00+00:00,BEAR,BEAR,3,3,0.55,0.55,0.6064024708695539,0.6064024708695539,,2025-09-15 00:00:00+00:00,BEAR,BEAR,3,3,0.55,0.55,0.5543336143409598,0.5543336143409598,,,2,,,True,INDIRECT_PATH_DIFFERENCE,2
2025-09-17 00:00:00+00:00,2025-09-16 00:00:00+00:00,BEAR,BEAR,3,3,0.55,0.55,0.6078469609196403,0.6078469609196403,,2025-09-16 00:00:00+00:00,BEAR,BEAR,3,3,0.55,0.55,0.5558305917637054,0.5558305917637054,,,2,,,True,INDIRECT_PATH_DIFFERENCE,2
2025-09-18 00:00:00+00:00,2025-09-17 00:00:00+00:00,BEAR,BEAR,3,3,0.55,0.55,0.6091417526176949,0.6091417526176949,,2025-09-17 00:00:00+00:00,BEAR,BEAR,3,3,0.55,0.55,0.557171801577148,0.557171801577148,,,2,,,True,INDIRECT_PATH_DIFFERENCE,2
2025-09-19 00:00:00+00:00,2025-09-18 00:00:00+00:00,BEAR,BEAR,3,3,0.55,0.55,0.6099009493961356,0.6099009493961356,,2025-09-18 00:00:00+00:00,BEAR,BEAR,3,3,0.55,0.55,0.5579595974768456,0.5579595974768456,,,2,,,True,INDIRECT_PATH_DIFFERENCE,2
2025-09-20 00:00:00+00:00,2025-09-19 00:00:00+00:00,BEAR,BEAR,3,3,0.55,0.55,0.6057391920256452,0.6057391920256452,,2025-09-19 00:00:00+00:00,BEAR,BEAR,3,3,0.55,0.55,0.5536504797044114,0.5536504797044114,,,2,,,True,INDIRECT_PATH_DIFFERENCE,2
2025-09-21 00:00:00+00:00,2025-09-20 00:00:00+00:00,BEAR,BEAR,3,3,0.55,0.55,0.6060517270994213,0.6060517270994213,,2025-09-20 00:00:00+00:00,BEAR,BEAR,3,3,0.55,0.55,0.5539745002524877,0.5539745002524877,,,2,,,True,INDIRECT_PATH_DIFFERENCE,2
2025-09-22 00:00:00+00:00,2025-09-21 00:00:00+00:00,BEAR,BEAR,3,3,0.55,0.55,0.6047740195014465,0.6047740195014465,,2025-09-21 00:00:00+00:00,BEAR,BEAR,3,3,0.55,0.55,0.5526534113967592,0.5526534113967592,,,2,,,True,INDIRECT_PATH_DIFFERENCE,2
2025-09-23 00:00:00+00:00,2025-09-22 00:00:00+00:00,BEAR,BEAR,3,3,0.55,0.55,0.5963765143797064,0.5963765143797064,,2025-09-22 00:00:00+00:00,BEAR,BEAR,3,3,0.55,0.55,0.5439856044925382,0.5439856044925382,,,2,,,True,INDIRECT_PATH_DIFFERENCE,2
2025-09-24 00:00:00+00:00,2025-09-23 00:00:00+00:00,BEAR,BEAR,3,3,0.55,0.55,0.5947725128292068,0.5947725128292068,,2025-09-23 00:00:00+00:00,BEAR,BEAR,3,3,0.55,0.55,0.5423339978933759,0.5423339978933759,,,2,,,True,INDIRECT_PATH_DIFFERENCE,2
2025-09-25 00:00:00+00:00,2025-09-24 00:00:00+00:00,BEAR,BEAR,3,3,0.55,0.55,0.5963507174876064,0.5963507174876064,,2025-09-24 00:00:00+00:00,BEAR,BEAR,3,3,0.55,0.55,0.5439611441914458,0.5439611441914458,,,2,,,True,INDIRECT_PATH_DIFFERENCE,2
2025-09-26 00:00:00+00:00,2025-09-25 00:00:00+00:00,BEAR,BEAR,3,3,0.55,0.55,0.5843842082137322,0.5843842082137322,,2025-09-25 00:00:00+00:00,BEAR,BEAR,3,3,0.55,0.55,0.531663223429686,0.531663223429686,,,2,,,True,INDIRECT_PATH_DIFFERENCE,2
2025-09-27 00:00:00+00:00,2025-09-26 00:00:00+00:00,BEAR,BEAR,3,3,0.55,0.55,0.588731939932208,0.588731939932208,,2025-09-26 00:00:00+00:00,BEAR,BEAR,3,3,0.55,0.55,0.5361240354832952,0.5361240354832952,,,2,,,True,INDIRECT_PATH_DIFFERENCE,2
2025-09-28 00:00:00+00:00,2025-09-27 00:00:00+00:00,BEAR,BEAR,3,3,0.55,0.55,0.5884383425440755,0.5884383425440755,,2025-09-27 00:00:00+00:00,BEAR,BEAR,3,3,0.55,0.55,0.5358233755967617,0.5358233755967617,,,2,,,True,INDIRECT_PATH_DIFFERENCE,2
2025-09-29 00:00:00+00:00,2025-09-28 00:00:00+00:00,BEAR,BEAR,3,3,0.55,0.55,0.5946058734959194,0.5946058734959194,,2025-09-28 00:00:00+00:00,BEAR,BEAR,3,3,0.55,0.55,0.5421663324520379,0.5421663324520379,,,2,,,True,INDIRECT_PATH_DIFFERENCE,2
2025-09-30 00:00:00+00:00,2025-09-29 00:00:00+00:00,BEAR,BEAR,3,3,0.55,0.55,0.5990523975176639,0.5990523975176639,,2025-09-29 00:00:00+00:00,BEAR,BEAR,3,3,0.55,0.55,0.5467503739172964,0.5467503739172964,,,2,,,True,INDIRECT_PATH_DIFFERENCE,2
2025-10-01 00:00:00+00:00,2025-09-30 00:00:00+00:00,BEAR,BEAR,3,3,0.55,0.55,0.5972840744703997,0.5972840744703997,,2025-09-30 00:00:00+00:00,BEAR,BEAR,3,3,0.55,0.55,0.5449279319566435,0.5449279319566435,,,2,,,True,INDIRECT_PATH_DIFFERENCE,2
2025-10-02 00:00:00+00:00,2025-10-01 00:00:00+00:00,BEAR,BEAR,3,3,0.55,0.55,0.6073935229246561,0.6073935229246561,,2025-10-01 00:00:00+00:00,BEAR,BEAR,3,3,0.55,0.55,0.555373629890583,0.555373629890583,,,2,,,True,INDIRECT_PATH_DIFFERENCE,2
2025-10-03 00:00:00+00:00,2025-10-02 00:00:00+00:00,BEAR,BEAR,3,3,0.55,0.55,0.6124977573070227,0.6124977573070227,,2025-10-02 00:00:00+00:00,BEAR,BEAR,3,3,0.55,0.55,0.5606650390545767,0.5606650390545767,,,2,,,True,INDIRECT_PATH_DIFFERENCE,2
2025-10-04 00:00:00+00:00,2025-10-03 00:00:00+00:00,BEAR,BEAR,3,3,0.55,0.55,0.6151845868518139,0.6151845868518139,,2025-10-03 00:00:00+00:00,BEAR,BEAR,3,3,0.55,0.55,0.5634561008938493,0.5634561008938493,,,2,,,True,INDIRECT_PATH_DIFFERENCE,2
2025-10-05 00:00:00+00:00,2025-10-04 00:00:00+00:00,BEAR,BEAR,3,3,0.55,0.55,0.6149136759678828,0.6149136759678828,,2025-10-04 00:00:00+00:00,BEAR,BEAR,3,3,0.55,0.55,0.5631755905123348,0.5631755905123348,,,2,,,True,INDIRECT_PATH_DIFFERENCE,2
2025-10-06 00:00:00+00:00,2025-10-05 00:00:00+00:00,BEAR,BEAR,3,3,0.55,0.55,0.6167869128805485,0.6167869128805485,,2025-10-05 00:00:00+00:00,BEAR,BEAR,3,3,0.55,0.55,0.5651232884692726,0.5651232884692726,,,2,,,True,INDIRECT_PATH_DIFFERENCE,2
2025-10-07 00:00:00+00:00,2025-10-06 00:00:00+00:00,BEAR,BEAR,3,3,0.55,0.55,0.6213391724679539,0.6213391724679539,,2025-10-06 00:00:00+00:00,BEAR,BEAR,3,3,0.55,0.55,0.5698607246821181,0.5698607246821181,,,2,,,True,INDIRECT_PATH_DIFFERENCE,2
2025-10-08 00:00:00+00:00,2025-10-07 00:00:00+00:00,BEAR,BEAR,3,3,0.55,0.55,0.6128760255745641,0.6128760255745641,,2025-10-07 00:00:00+00:00,BEAR,BEAR,3,3,0.55,0.55,0.5610615550934728,0.5610615550934728,,,2,,,True,INDIRECT_PATH_DIFFERENCE,2
2025-10-09 00:00:00+00:00,2025-10-08 00:00:00+00:00,BEAR,BEAR,3,3,0.55,0.55,0.616812616698291,0.616812616698291,,2025-10-08 00:00:00+00:00,BEAR,BEAR,3,3,0.55,0.55,0.5651518012362653,0.5651518012362653,,,2,,,True,INDIRECT_PATH_DIFFERENCE,2
2025-10-10 00:00:00+00:00,2025-10-09 00:00:00+00:00,BEAR,BEAR,3,3,0.55,0.55,0.6118082140443122,0.6118082140443122,,2025-10-09 00:00:00+00:00,BEAR,BEAR,3,3,0.55,0.55,0.5599556776393183,0.5599556776393183,,,2,,,True,INDIRECT_PATH_DIFFERENCE,2
2025-10-11 00:00:00+00:00,2025-10-10 00:00:00+00:00,BEAR,BEAR,3,3,0.55,0.55,0.589043977384563,0.589043977384563,,2025-10-10 00:00:00+00:00,BEAR,BEAR,3,3,0.55,0.55,0.5364577043867974,0.5364577043867974,,,2,,,True,INDIRECT_PATH_DIFFERENCE,2
2025-10-12 00:00:00+00:00,2025-10-11 00:00:00+00:00,BEAR,BEAR,3,3,0.55,0.55,0.5842025619975086,0.5842025619975086,,2025-10-11 00:00:00+00:00,BEAR,BEAR,3,3,0.55,0.55,0.5314903905485187,0.5314903905485187,,,2,,,True,INDIRECT_PATH_DIFFERENCE,2
2025-10-13 00:00:00+00:00,2025-10-12 00:00:00+00:00,BEAR,BEAR,3,3,0.55,0.55,0.598807057807634,0.598807057807634,,2025-10-12 00:00:00+00:00,BEAR,BEAR,3,3,0.55,0.55,0.5465070138905528,0.5465070138905528,,,2,,,True,INDIRECT_PATH_DIFFERENCE,2
2025-10-14 00:00:00+00:00,2025-10-13 00:00:00+00:00,BEAR,BEAR,3,3,0.55,0.55,0.6008858963137018,0.6008858963137018,,2025-10-13 00:00:00+00:00,BEAR,BEAR,3,3,0.55,0.55,0.5486524234556214,0.5486524234556214,,,2,,,True,INDIRECT_PATH_DIFFERENCE,2
2025-10-15 00:00:00+00:00,2025-10-14 00:00:00+00:00,BEAR,BEAR,3,3,0.55,0.55,0.5956324126165226,0.5956324126165226,,2025-10-14 00:00:00+00:00,BEAR,BEAR,3,3,0.55,0.55,0.54323515984387,0.54323515984387,,,2,,,True,INDIRECT_PATH_DIFFERENCE,2
2025-10-16 00:00:00+00:00,2025-10-15 00:00:00+00:00,BEAR,BEAR,3,3,0.55,0.55,0.5895592997288779,0.5895592997288779,,2025-10-15 00:00:00+00:00,BEAR,BEAR,3,3,0.55,0.55,0.5369882102388518,0.5369882102388518,,,2,,,True,INDIRECT_PATH_DIFFERENCE,2
2025-10-17 00:00:00+00:00,2025-10-16 00:00:00+00:00,BEAR,BEAR,3,3,0.55,0.55,0.5839108661561905,0.5839108661561905,,2025-10-16 00:00:00+00:00,BEAR,BEAR,3,3,0.55,0.55,0.5311923262330666,0.5311923262330666,,,2,,,True,INDIRECT_PATH_DIFFERENCE,2
2025-10-18 00:00:00+00:00,2025-10-17 00:00:00+00:00,BEAR,BEAR,3,3,0.55,0.55,0.5799394802132205,0.5799394802132205,,2025-10-17 00:00:00+00:00,BEAR,BEAR,3,3,0.55,0.55,0.5271260090367728,0.5271260090367728,,,2,,,True,INDIRECT_PATH_DIFFERENCE,2
2025-10-19 00:00:00+00:00,2025-10-18 00:00:00+00:00,BEAR,BEAR,3,3,0.55,0.55,0.582341288843488,0.582341288843488,,2025-10-18 00:00:00+00:00,BEAR,BEAR,3,3,0.55,0.55,0.52958524419571,0.52958524419571,,,2,,,True,INDIRECT_PATH_DIFFERENCE,2
2025-10-20 00:00:00+00:00,2025-10-19 00:00:00+00:00,BEAR,BEAR,3,3,0.55,0.55,0.5865101929281218,0.5865101929281218,,2025-10-19 00:00:00+00:00,BEAR,BEAR,3,3,0.55,0.55,0.5338594991433757,0.5338594991433757,,,2,,,True,INDIRECT_PATH_DIFFERENCE,2
2025-10-21 00:00:00+00:00,2025-10-20 00:00:00+00:00,BEAR,BEAR,3,3,0.55,0.55,0.589158753206694,0.589158753206694,,2025-10-20 00:00:00+00:00,BEAR,BEAR,3,3,0.55,0.55,0.5365804240444441,0.5365804240444441,,,2,,,True,INDIRECT_PATH_DIFFERENCE,2
2025-10-22 00:00:00+00:00,2025-10-21 00:00:00+00:00,BEAR,BEAR,3,3,0.55,0.55,0.5836577782512901,0.5836577782512901,,2025-10-21 00:00:00+00:00,BEAR,BEAR,3,3,0.55,0.55,0.5309369944604234,0.5309369944604234,,,2,,,True,INDIRECT_PATH_DIFFERENCE,2
2025-10-23 00:00:00+00:00,2025-10-22 00:00:00+00:00,BEAR,BEAR,3,3,0.55,0.55,0.5811125025621723,0.5811125025621723,,2025-10-22 00:00:00+00:00,BEAR,BEAR,3,3,0.55,0.55,0.528331149074121,0.528331149074121,,,2,,,True,INDIRECT_PATH_DIFFERENCE,2
2025-10-24 00:00:00+00:00,2025-10-23 00:00:00+00:00,BEAR,BEAR,3,3,0.55,0.55,0.5859212033894752,0.5859212033894752,,2025-10-23 00:00:00+00:00,BEAR,BEAR,3,3,0.55,0.55,0.5332603172356416,0.5332603172356416,,,2,,,True,INDIRECT_PATH_DIFFERENCE,2
2025-10-25 00:00:00+00:00,2025-10-24 00:00:00+00:00,BEAR,BEAR,3,3,0.55,0.55,0.5889399066796275,0.5889399066796275,,2025-10-24 00:00:00+00:00,BEAR,BEAR,3,3,0.55,0.55,0.5363593310181195,0.5363593310181195,,,2,,,True,INDIRECT_PATH_DIFFERENCE,2
2025-10-26 00:00:00+00:00,2025-10-25 00:00:00+00:00,BEAR,BEAR,3,3,0.55,0.55,0.5902660188315336,0.5902660188315336,,2025-10-25 00:00:00+00:00,BEAR,BEAR,3,3,0.55,0.55,0.5377227089027686,0.5377227089027686,,,2,,,True,INDIRECT_PATH_DIFFERENCE,2
2025-10-27 00:00:00+00:00,2025-10-26 00:00:00+00:00,BEAR,BEAR,3,3,0.55,0.55,0.5985646851650319,0.5985646851650319,,2025-10-26 00:00:00+00:00,BEAR,BEAR,3,3,0.55,0.55,0.546267065548764,0.546267065548764,,,2,,,True,INDIRECT_PATH_DIFFERENCE,2
2025-10-28 00:00:00+00:00,2025-10-27 00:00:00+00:00,BEAR,BEAR,3,3,0.55,0.55,0.5971795682091561,0.5971795682091561,,2025-10-27 00:00:00+00:00,BEAR,BEAR,3,3,0.55,0.55,0.5448396818240101,0.5448396818240101,,,2,,,True,INDIRECT_PATH_DIFFERENCE,2
2025-10-29 00:00:00+00:00,2025-10-28 00:00:00+00:00,BEAR,BEAR,3,3,0.55,0.55,0.5926012204352431,0.5926012204352431,,2025-10-28 00:00:00+00:00,BEAR,BEAR,3,3,0.55,0.55,0.5401264531781604,0.5401264531781604,,,2,,,True,INDIRECT_PATH_DIFFERENCE,2
2025-10-30 00:00:00+00:00,2025-10-29 00:00:00+00:00,BEAR,BEAR,3,3,0.55,0.55,0.5869098254506759,0.5869098254506759,,2025-10-29 00:00:00+00:00,BEAR,BEAR,3,3,0.55,0.55,0.5342785180379359,0.5342785180379359,,,2,,,True,INDIRECT_PATH_DIFFERENCE,2
2025-10-31 00:00:00+00:00,2025-10-30 00:00:00+00:00,BEAR,BEAR,3,3,0.55,0.55,0.5823164557492545,0.5823164557492545,,2025-10-30 00:00:00+00:00,BEAR,BEAR,3,3,0.55,0.55,0.5295702426292214,0.5295702426292214,,,2,,,True,INDIRECT_PATH_DIFFERENCE,2
2025-11-01 00:00:00+00:00,2025-10-31 00:00:00+00:00,BEAR,BEAR,3,3,0.55,0.55,0.5851497356259375,0.5851497356259375,,2025-10-31 00:00:00+00:00,BEAR,BEAR,3,3,0.55,0.55,0.5324748312395513,0.5324748312395513,,,2,,,True,INDIRECT_PATH_DIFFERENCE,2
2025-11-02 00:00:00+00:00,2025-11-01 00:00:00+00:00,BEAR,BEAR,3,3,0.55,0.55,0.5864299576190163,0.5864299576190163,,2025-11-01 00:00:00+00:00,BEAR,BEAR,3,3,0.55,0.55,0.5337887304298731,0.5337887304298731,,,2,,,True,INDIRECT_PATH_DIFFERENCE,2
2025-11-03 00:00:00+00:00,2025-11-02 00:00:00+00:00,BEAR,BEAR,3,3,0.55,0.55,0.5877845934749792,0.5877845934749792,,2025-11-02 00:00:00+00:00,BEAR,BEAR,3,3,0.55,0.55,0.5351796479790667,0.5351796479790667,,,2,,,True,INDIRECT_PATH_DIFFERENCE,2
2025-11-04 00:00:00+00:00,2025-11-03 00:00:00+00:00,BEAR,BEAR,3,3,0.55,0.55,0.5752660806419453,0.5752660806419453,,2025-11-03 00:00:00+00:00,BEAR,BEAR,3,3,0.55,0.55,0.5223647555849902,0.5223647555849902,,,2,,,True,INDIRECT_PATH_DIFFERENCE,2
2025-11-05 00:00:00+00:00,2025-11-04 00:00:00+00:00,BEAR,BEAR,3,3,0.55,0.55,0.5597834126384807,0.559797804047773,,2025-11-04 00:00:00+00:00,BEAR,BEAR,3,3,0.55,0.55,0.5066105774284423,0.5066243431915555,,,2,,,True,INDIRECT_PATH_DIFFERENCE,2
2025-11-06 00:00:00+00:00,2025-11-05 00:00:00+00:00,BEAR,BEAR,3,3,0.55,0.55,0.5669540301751194,0.5669540301751194,,2025-11-05 00:00:00+00:00,BEAR,BEAR,3,3,0.55,0.55,0.513894351924492,0.513894351924492,,,2,,,True,INDIRECT_PATH_DIFFERENCE,2
2025-11-07 00:00:00+00:00,2025-11-06 00:00:00+00:00,BEAR,BEAR,3,3,0.55,0.55,0.5602616464227009,0.5602616464227009,,2025-11-06 00:00:00+00:00,BEAR,BEAR,3,3,0.55,0.55,0.5070961964901309,0.5070961964901309,,,2,,,True,INDIRECT_PATH_DIFFERENCE,2
2025-11-08 00:00:00+00:00,2025-11-07 00:00:00+00:00,BEAR,BEAR,3,3,0.55,0.55,0.566390003284343,0.566390003284343,,2025-11-07 00:00:00+00:00,BEAR,BEAR,3,3,0.55,0.55,0.513321987729942,0.513321987729942,,,2,,,True,INDIRECT_PATH_DIFFERENCE,2
2025-11-09 00:00:00+00:00,2025-11-08 00:00:00+00:00,BEAR,BEAR,3,3,0.55,0.55,0.5639418939067966,0.5639418939067966,,2025-11-08 00:00:00+00:00,BEAR,BEAR,3,3,0.55,0.55,0.5108338575295001,0.5108338575295001,,,2,,,True,INDIRECT_PATH_DIFFERENCE,2
2025-11-10 00:00:00+00:00,2025-11-09 00:00:00+00:00,BEAR,BEAR,3,3,0.55,0.55,0.5720357635069923,0.5720357635069923,,2025-11-09 00:00:00+00:00,BEAR,BEAR,3,3,0.55,0.55,0.5190721744209333,0.5190721744209333,,,2,,,True,INDIRECT_PATH_DIFFERENCE,2
2025-11-11 00:00:00+00:00,2025-11-10 00:00:00+00:00,BEAR,BEAR,3,3,0.55,0.55,0.5736767508848329,0.5736767508848329,,2025-11-10 00:00:00+00:00,BEAR,BEAR,3,3,0.55,0.55,0.5207477394667243,0.5207477394667243,,,2,,,True,INDIRECT_PATH_DIFFERENCE,2
2025-11-12 00:00:00+00:00,2025-11-11 00:00:00+00:00,BEAR,BEAR,3,3,0.55,0.55,0.5655660243514746,0.5655660243514746,,2025-11-11 00:00:00+00:00,BEAR,BEAR,3,3,0.55,0.55,0.5124873385561455,0.5124873385561455,,,2,,,True,INDIRECT_PATH_DIFFERENCE,2
2025-11-13 00:00:00+00:00,2025-11-12 00:00:00+00:00,BEAR,BEAR,3,3,0.55,0.55,0.5632592590252643,0.5632592590252643,,2025-11-12 00:00:00+00:00,BEAR,BEAR,3,3,0.55,0.55,0.5101430010091769,0.5101430010091769,,,2,,,True,INDIRECT_PATH_DIFFERENCE,2
2025-11-14 00:00:00+00:00,2025-11-13 00:00:00+00:00,BEAR,BEAR,3,3,0.55,0.55,0.5555663897824629,0.5555663897824629,,2025-11-13 00:00:00+00:00,BEAR,BEAR,3,3,0.55,0.55,0.5023439660396481,0.5023439660396481,,,2,,,True,INDIRECT_PATH_DIFFERENCE,2
2025-11-15 00:00:00+00:00,2025-11-14 00:00:00+00:00,BEAR,BEAR,3,3,0.55,0.55,0.5437829126580092,0.543799957090992,,2025-11-14 00:00:00+00:00,BEAR,BEAR,3,3,0.55,0.55,0.4904445842285284,0.4904608313695091,,,2,,,True,INDIRECT_PATH_DIFFERENCE,2
2025-11-16 00:00:00+00:00,2025-11-15 00:00:00+00:00,BEAR,BEAR,3,3,0.55,0.55,0.5469942063151574,0.5470111308545466,,2025-11-15 00:00:00+00:00,BEAR,BEAR,3,3,0.55,0.55,0.4936822586677175,0.49369840265403026,,,2,,,True,INDIRECT_PATH_DIFFERENCE,2
2025-11-17 00:00:00+00:00,2025-11-16 00:00:00+00:00,BEAR,BEAR,3,3,0.55,0.55,0.5427774840661825,0.5427945660365874,,2025-11-16 00:00:00+00:00,BEAR,BEAR,3,3,0.55,0.55,0.48943384890281266,0.4894501282463524,,,2,,,True,INDIRECT_PATH_DIFFERENCE,2
2025-11-18 00:00:00+00:00,2025-11-17 00:00:00+00:00,BEAR,BEAR,3,3,0.55,0.55,0.5374467370023732,0.5374618583637633,,2025-11-17 00:00:00+00:00,BEAR,BEAR,3,3,0.55,0.55,0.48407237648817675,0.48408677078111256,,,2,,,True,INDIRECT_PATH_DIFFERENCE,2
2025-11-19 00:00:00+00:00,2025-11-18 00:00:00+00:00,BEAR,BEAR,3,3,0.55,0.55,0.5412646824568026,0.5412818213876248,,2025-11-18 00:00:00+00:00,BEAR,BEAR,3,3,0.55,0.55,0.4879109785821166,0.48792730683568836,,,2,,,True,INDIRECT_PATH_DIFFERENCE,2
2025-11-20 00:00:00+00:00,2025-11-19 00:00:00+00:00,BEAR,BEAR,3,3,0.55,0.55,0.5361173291665078,0.5361324938865675,,2025-11-19 00:00:00+00:00,BEAR,BEAR,3,3,0.55,0.55,0.4827388758513818,0.4827533072623406,,,2,,,True,INDIRECT_PATH_DIFFERENCE,2
2025-11-21 00:00:00+00:00,2025-11-20 00:00:00+00:00,BEAR,DEEP_BEAR,3,4,0.55,0.25,0.5215485067381412,0.2500178749437004,STAGE4_SELL:EXECUTED,2025-11-20 00:00:00+00:00,BEAR,DEEP_BEAR,3,4,0.55,0.25,0.46815825336889116,0.2500169575130018,STAGE4_SELL:EXECUTED,,2,STAGE4_SELL:EXECUTED,STAGE4_SELL:EXECUTED,True,INDIRECT_PATH_DIFFERENCE,2
2025-11-22 00:00:00+00:00,2025-11-21 00:00:00+00:00,DEEP_BEAR,BEAR,4,3,0.25,0.55,0.2463966525852057,0.2463966525852057,DEEP_BEAR_TO_BEAR_NO_AUTO_BUY,2025-11-21 00:00:00+00:00,DEEP_BEAR,BEAR,4,3,0.25,0.55,0.24638302377956042,0.24638302377956042,DEEP_BEAR_TO_BEAR_NO_AUTO_BUY,,2,DEEP_BEAR_TO_BEAR_NO_AUTO_BUY,DEEP_BEAR_TO_BEAR_NO_AUTO_BUY,True,INDIRECT_PATH_DIFFERENCE,2
2025-11-23 00:00:00+00:00,2025-11-22 00:00:00+00:00,BEAR,DEEP_BEAR,3,4,0.55,0.25,0.2458978226298557,0.2458978226298557,STAGE4_SELL:EXPOSURE_GAP_BELOW_5PP,2025-11-22 00:00:00+00:00,BEAR,DEEP_BEAR,3,4,0.55,0.25,0.2458932169672971,0.2458932169672971,STAGE4_SELL:EXPOSURE_GAP_BELOW_5PP,,2,STAGE4_SELL:EXPOSURE_GAP_BELOW_5PP,STAGE4_SELL:EXPOSURE_GAP_BELOW_5PP,True,INDIRECT_PATH_DIFFERENCE,2
2025-11-24 00:00:00+00:00,2025-11-23 00:00:00+00:00,DEEP_BEAR,BEAR,4,3,0.25,0.55,0.2497879001671304,0.24981844473069395,DEEP_BEAR_TO_BEAR_NO_AUTO_BUY,2025-11-23 00:00:00+00:00,DEEP_BEAR,BEAR,4,3,0.25,0.55,0.24975954670520162,0.24978852468497428,DEEP_BEAR_TO_BEAR_NO_AUTO_BUY,,2,DEEP_BEAR_TO_BEAR_NO_AUTO_BUY,DEEP_BEAR_TO_BEAR_NO_AUTO_BUY,True,INDIRECT_PATH_DIFFERENCE,2
2025-11-25 00:00:00+00:00,2025-11-24 00:00:00+00:00,BEAR,BEAR,3,3,0.55,0.55,0.2548661560784817,0.2548661560784817,,2025-11-24 00:00:00+00:00,BEAR,BEAR,3,3,0.55,0.55,0.25490139844579285,0.25490139844579285,,,2,,,True,INDIRECT_PATH_DIFFERENCE,2
2025-11-26 00:00:00+00:00,2025-11-25 00:00:00+00:00,BEAR,BEAR,3,3,0.55,0.55,0.2535593952947102,0.2535593952947102,,2025-11-25 00:00:00+00:00,BEAR,BEAR,3,3,0.55,0.55,0.25361662086633713,0.25361662086633713,,,2,,,True,INDIRECT_PATH_DIFFERENCE,2
2025-11-27 00:00:00+00:00,2025-11-26 00:00:00+00:00,BEAR,BEAR,3,3,0.55,0.55,0.2595904657370168,0.2595904657370168,,2025-11-26 00:00:00+00:00,BEAR,BEAR,3,3,0.55,0.55,0.25962342431297564,0.25962342431297564,,,2,,,True,INDIRECT_PATH_DIFFERENCE,2
2025-11-28 00:00:00+00:00,2025-11-27 00:00:00+00:00,BEAR,BEAR,3,3,0.55,0.55,0.26071187378024097,0.26071187378024097,,2025-11-27 00:00:00+00:00,BEAR,BEAR,3,3,0.55,0.55,0.26071888721125736,0.26071888721125736,,,2,,,True,INDIRECT_PATH_DIFFERENCE,2
2025-11-29 00:00:00+00:00,2025-11-28 00:00:00+00:00,BEAR,DEEP_BEAR,3,4,0.55,0.25,0.26034474909893474,0.26034474909893474,STAGE4_SELL:EXPOSURE_GAP_BELOW_5PP,2025-11-28 00:00:00+00:00,BEAR,DEEP_BEAR,3,4,0.55,0.25,0.260369490747162,0.260369490747162,STAGE4_SELL:EXPOSURE_GAP_BELOW_5PP,,2,STAGE4_SELL:EXPOSURE_GAP_BELOW_5PP,STAGE4_SELL:EXPOSURE_GAP_BELOW_5PP,True,INDIRECT_PATH_DIFFERENCE,2
2025-11-30 00:00:00+00:00,2025-11-29 00:00:00+00:00,DEEP_BEAR,DEEP_BEAR,4,4,0.25,0.25,0.2594887721505924,0.2594887721505924,,2025-11-29 00:00:00+00:00,DEEP_BEAR,DEEP_BEAR,4,4,0.25,0.25,0.2594877701455991,0.2594877701455991,,,2,,,True,INDIRECT_PATH_DIFFERENCE,2
2025-12-01 00:00:00+00:00,2025-11-30 00:00:00+00:00,DEEP_BEAR,DEEP_BEAR,4,4,0.25,0.25,0.258874581404457,0.258874581404457,,2025-11-30 00:00:00+00:00,DEEP_BEAR,DEEP_BEAR,4,4,0.25,0.25,0.2588826910930936,0.2588826910930936,,,2,,,True,INDIRECT_PATH_DIFFERENCE,2
2025-12-02 00:00:00+00:00,2025-12-01 00:00:00+00:00,DEEP_BEAR,DEEP_BEAR,4,4,0.25,0.25,0.24909797202953135,0.24909797202953135,,2025-12-01 00:00:00+00:00,DEEP_BEAR,DEEP_BEAR,4,4,0.25,0.25,0.24906774115855546,0.24906774115855546,,,2,,,True,INDIRECT_PATH_DIFFERENCE,2
2025-12-03 00:00:00+00:00,2025-12-02 00:00:00+00:00,DEEP_BEAR,DEEP_BEAR,4,4,0.25,0.25,0.2604270950175267,0.2604270950175267,,2025-12-02 00:00:00+00:00,DEEP_BEAR,DEEP_BEAR,4,4,0.25,0.25,0.26041604796166296,0.26041604796166296,,,2,,,True,INDIRECT_PATH_DIFFERENCE,2
2025-12-04 00:00:00+00:00,2025-12-03 00:00:00+00:00,DEEP_BEAR,DEEP_BEAR,4,4,0.25,0.25,0.2670975851807638,0.2670975851807638,,2025-12-03 00:00:00+00:00,DEEP_BEAR,DEEP_BEAR,4,4,0.25,0.25,0.2671597679267527,0.2671597679267527,,,2,,,True,INDIRECT_PATH_DIFFERENCE,2
2025-12-05 00:00:00+00:00,2025-12-04 00:00:00+00:00,DEEP_BEAR,DEEP_BEAR,4,4,0.25,0.25,0.2641213671096429,0.2641213671096429,,2025-12-04 00:00:00+00:00,DEEP_BEAR,DEEP_BEAR,4,4,0.25,0.25,0.2641762735939289,0.2641762735939289,,,2,,,True,INDIRECT_PATH_DIFFERENCE,2
2025-12-06 00:00:00+00:00,2025-12-05 00:00:00+00:00,DEEP_BEAR,DEEP_BEAR,4,4,0.25,0.25,0.2579787014897842,0.2579787014897842,,2025-12-05 00:00:00+00:00,DEEP_BEAR,DEEP_BEAR,4,4,0.25,0.25,0.2580202404546733,0.2580202404546733,,,2,,,True,INDIRECT_PATH_DIFFERENCE,2
2025-12-07 00:00:00+00:00,2025-12-06 00:00:00+00:00,DEEP_BEAR,DEEP_BEAR,4,4,0.25,0.25,0.2581530959290135,0.2581530959290135,,2025-12-06 00:00:00+00:00,DEEP_BEAR,DEEP_BEAR,4,4,0.25,0.25,0.25820544408824775,0.25820544408824775,,,2,,,True,INDIRECT_PATH_DIFFERENCE,2
2025-12-08 00:00:00+00:00,2025-12-07 00:00:00+00:00,DEEP_BEAR,DEEP_BEAR,4,4,0.25,0.25,0.26034345164918044,0.26034345164918044,,2025-12-07 00:00:00+00:00,DEEP_BEAR,DEEP_BEAR,4,4,0.25,0.25,0.26038381245511794,0.26038381245511794,,,2,,,True,INDIRECT_PATH_DIFFERENCE,2
2025-12-09 00:00:00+00:00,2025-12-08 00:00:00+00:00,DEEP_BEAR,DEEP_BEAR,4,4,0.25,0.25,0.2618753092123277,0.2618753092123277,,2025-12-08 00:00:00+00:00,DEEP_BEAR,DEEP_BEAR,4,4,0.25,0.25,0.2619492334328826,0.2619492334328826,,,2,,,True,INDIRECT_PATH_DIFFERENCE,2
2025-12-10 00:00:00+00:00,2025-12-09 00:00:00+00:00,DEEP_BEAR,DEEP_BEAR,4,4,0.25,0.25,0.26838972627645136,0.26838972627645136,,2025-12-09 00:00:00+00:00,DEEP_BEAR,DEEP_BEAR,4,4,0.25,0.25,0.2685380538174603,0.2685380538174603,,,2,,,True,INDIRECT_PATH_DIFFERENCE,2
2025-12-11 00:00:00+00:00,2025-12-10 00:00:00+00:00,DEEP_BEAR,DEEP_BEAR,4,4,0.25,0.25,0.2675278944116411,0.2675278944116411,,2025-12-10 00:00:00+00:00,DEEP_BEAR,DEEP_BEAR,4,4,0.25,0.25,0.267692483094537,0.267692483094537,,,2,,,True,INDIRECT_PATH_DIFFERENCE,2
2025-12-12 00:00:00+00:00,2025-12-11 00:00:00+00:00,DEEP_BEAR,DEEP_BEAR,4,4,0.25,0.25,0.26678654294513454,0.26678654294513454,,2025-12-11 00:00:00+00:00,DEEP_BEAR,DEEP_BEAR,4,4,0.25,0.25,0.2668867528976435,0.2668867528976435,,,2,,,True,INDIRECT_PATH_DIFFERENCE,2
2025-12-13 00:00:00+00:00,2025-12-12 00:00:00+00:00,DEEP_BEAR,DEEP_BEAR,4,4,0.25,0.25,0.2607225954018726,0.2607225954018726,,2025-12-12 00:00:00+00:00,DEEP_BEAR,DEEP_BEAR,4,4,0.25,0.25,0.2607745426355691,0.2607745426355691,,,2,,,True,INDIRECT_PATH_DIFFERENCE,2
2025-12-14 00:00:00+00:00,2025-12-13 00:00:00+00:00,DEEP_BEAR,DEEP_BEAR,4,4,0.25,0.25,0.26123401629915594,0.26123401629915594,,2025-12-13 00:00:00+00:00,DEEP_BEAR,DEEP_BEAR,4,4,0.25,0.25,0.26130369686455207,0.26130369686455207,,,2,,,True,INDIRECT_PATH_DIFFERENCE,2
2025-12-15 00:00:00+00:00,2025-12-14 00:00:00+00:00,DEEP_BEAR,DEEP_BEAR,4,4,0.25,0.25,0.2571739320576064,0.2571739320576064,,2025-12-14 00:00:00+00:00,DEEP_BEAR,DEEP_BEAR,4,4,0.25,0.25,0.25725417120049576,0.25725417120049576,,,2,,,True,INDIRECT_PATH_DIFFERENCE,2
2025-12-16 00:00:00+00:00,2025-12-15 00:00:00+00:00,DEEP_BEAR,DEEP_BEAR,4,4,0.25,0.25,0.25271811540389966,0.25271811540389966,,2025-12-15 00:00:00+00:00,DEEP_BEAR,DEEP_BEAR,4,4,0.25,0.25,0.25277203960288847,0.25277203960288847,,,2,,,True,INDIRECT_PATH_DIFFERENCE,2
2025-12-17 00:00:00+00:00,2025-12-16 00:00:00+00:00,DEEP_BEAR,DEEP_BEAR,4,4,0.25,0.25,0.25492819041933035,0.25492819041933035,,2025-12-16 00:00:00+00:00,DEEP_BEAR,DEEP_BEAR,4,4,0.25,0.25,0.2549485825213179,0.2549485825213179,,,2,,,True,INDIRECT_PATH_DIFFERENCE,2
2025-12-18 00:00:00+00:00,2025-12-17 00:00:00+00:00,DEEP_BEAR,DEEP_BEAR,4,4,0.25,0.25,0.25008194464746153,0.25008194464746153,,2025-12-17 00:00:00+00:00,DEEP_BEAR,DEEP_BEAR,4,4,0.25,0.25,0.2500532317730313,0.2500532317730313,,,2,,,True,INDIRECT_PATH_DIFFERENCE,2
2025-12-19 00:00:00+00:00,2025-12-18 00:00:00+00:00,DEEP_BEAR,DEEP_BEAR,4,4,0.25,0.25,0.24885587837314357,0.24887378044748254,,2025-12-18 00:00:00+00:00,DEEP_BEAR,DEEP_BEAR,4,4,0.25,0.25,0.24883899156661934,0.24885597520435837,,,2,,,True,INDIRECT_PATH_DIFFERENCE,2
2025-12-20 00:00:00+00:00,2025-12-19 00:00:00+00:00,DEEP_BEAR,DEEP_BEAR,4,4,0.25,0.25,0.25572652560327136,0.25574426411175727,,2025-12-19 00:00:00+00:00,DEEP_BEAR,DEEP_BEAR,4,4,0.25,0.25,0.25574869343951445,0.25576552102432815,,,2,,,True,INDIRECT_PATH_DIFFERENCE,2
2025-12-21 00:00:00+00:00,2025-12-20 00:00:00+00:00,DEEP_BEAR,DEEP_BEAR,4,4,0.25,0.25,0.25607199280268295,0.2560897230867254,,2025-12-20 00:00:00+00:00,DEEP_BEAR,DEEP_BEAR,4,4,0.25,0.25,0.2560870722107669,0.2561038921533447,,,2,,,True,INDIRECT_PATH_DIFFERENCE,2
2025-12-22 00:00:00+00:00,2025-12-21 00:00:00+00:00,DEEP_BEAR,DEEP_BEAR,4,4,0.25,0.25,0.25699260853876527,0.25701031690591813,,2025-12-21 00:00:00+00:00,DEEP_BEAR,DEEP_BEAR,4,4,0.25,0.25,0.2570152077564328,0.25703200673716275,,,2,,,True,INDIRECT_PATH_DIFFERENCE,2
2025-12-23 00:00:00+00:00,2025-12-22 00:00:00+00:00,DEEP_BEAR,DEEP_BEAR,4,4,0.25,0.25,0.2570935492717359,0.257111255235812,,2025-12-22 00:00:00+00:00,DEEP_BEAR,DEEP_BEAR,4,4,0.25,0.25,0.2571202990182047,0.2571370956254555,,,2,,,True,INDIRECT_PATH_DIFFERENCE,2
2025-12-24 00:00:00+00:00,2025-12-23 00:00:00+00:00,DEEP_BEAR,DEEP_BEAR,4,4,0.25,0.25,0.25455918158341645,0.25457694788248,,2025-12-23 00:00:00+00:00,DEEP_BEAR,DEEP_BEAR,4,4,0.25,0.25,0.2545806710133343,0.25459752497770693,,,2,,,True,INDIRECT_PATH_DIFFERENCE,2
2025-12-25 00:00:00+00:00,2025-12-24 00:00:00+00:00,DEEP_BEAR,DEEP_BEAR,4,4,0.25,0.25,0.25455424974334734,0.2545720161598214,,2025-12-24 00:00:00+00:00,DEEP_BEAR,DEEP_BEAR,4,4,0.25,0.25,0.25455934446619644,0.25457619891222416,,,2,,,True,INDIRECT_PATH_DIFFERENCE,2
2025-12-26 00:00:00+00:00,2025-12-25 00:00:00+00:00,DEEP_BEAR,DEEP_BEAR,4,4,0.25,0.25,0.2530988338416105,0.25311663490655845,,2025-12-25 00:00:00+00:00,DEEP_BEAR,DEEP_BEAR,4,4,0.25,0.25,0.25308432065259967,0.2531012084116186,,,2,,,True,INDIRECT_PATH_DIFFERENCE,2
2025-12-27 00:00:00+00:00,2025-12-26 00:00:00+00:00,DEEP_BEAR,DEEP_BEAR,4,4,0.25,0.25,0.2537873289087263,0.25380511358298075,,2025-12-26 00:00:00+00:00,DEEP_BEAR,DEEP_BEAR,4,4,0.25,0.25,0.25378373064016513,0.2538006026032278,,,2,,,True,INDIRECT_PATH_DIFFERENCE,2
2025-12-28 00:00:00+00:00,2025-12-27 00:00:00+00:00,DEEP_BEAR,DEEP_BEAR,4,4,0.25,0.25,0.25498520064728375,0.25500295680426194,,2025-12-27 00:00:00+00:00,DEEP_BEAR,DEEP_BEAR,4,4,0.25,0.25,0.2549827911673941,0.25499963604997183,,,2,,,True,INDIRECT_PATH_DIFFERENCE,2
2025-12-29 00:00:00+00:00,2025-12-28 00:00:00+00:00,DEEP_BEAR,DEEP_BEAR,4,4,0.25,0.25,0.2551630082391056,0.2551807601630773,,2025-12-28 00:00:00+00:00,DEEP_BEAR,DEEP_BEAR,4,4,0.25,0.25,0.2551588088360771,0.25517564974333123,,,2,,,True,INDIRECT_PATH_DIFFERENCE,2
2025-12-30 00:00:00+00:00,2025-12-29 00:00:00+00:00,DEEP_BEAR,DEEP_BEAR,4,4,0.25,0.25,0.25383922268316134,0.25385700612200257,,2025-12-29 00:00:00+00:00,DEEP_BEAR,DEEP_BEAR,4,4,0.25,0.25,0.25384068583019703,0.25385755650694297,,,2,,,True,INDIRECT_PATH_DIFFERENCE,2
2025-12-31 00:00:00+00:00,2025-12-30 00:00:00+00:00,DEEP_BEAR,DEEP_BEAR,4,4,0.25,0.25,0.2564538853137621,0.2564716065061837,,2025-12-30 00:00:00+00:00,DEEP_BEAR,DEEP_BEAR,4,4,0.25,0.25,0.2564500409106654,0.2564668526556386,,,2,,,True,INDIRECT_PATH_DIFFERENCE,2
2026-01-01 00:00:00+00:00,2025-12-31 00:00:00+00:00,DEEP_BEAR,DEEP_BEAR,4,4,0.25,0.25,0.2551423601575108,0.25516011257304466,,2025-12-31 00:00:00+00:00,DEEP_BEAR,DEEP_BEAR,4,4,0.25,0.25,0.2551537279352831,0.2551705689572884,,,2,,,True,INDIRECT_PATH_DIFFERENCE,2
2026-01-02 00:00:00+00:00,2026-01-01 00:00:00+00:00,DEEP_BEAR,DEEP_BEAR,4,4,0.25,0.25,0.2576016865821789,0.25761938044911603,,2026-01-01 00:00:00+00:00,DEEP_BEAR,DEEP_BEAR,4,4,0.25,0.25,0.25760684041165205,0.25762362603038763,,,2,,,True,INDIRECT_PATH_DIFFERENCE,2
2026-01-03 00:00:00+00:00,2026-01-02 00:00:00+00:00,DEEP_BEAR,DEEP_BEAR,4,4,0.25,0.25,0.26156813804752244,0.2615857374851856,,2026-01-02 00:00:00+00:00,DEEP_BEAR,DEEP_BEAR,4,4,0.25,0.25,0.26162310511909026,0.2616398000300576,,,2,,,True,INDIRECT_PATH_DIFFERENCE,2
2026-01-04 00:00:00+00:00,2026-01-03 00:00:00+00:00,DEEP_BEAR,DEEP_BEAR,4,4,0.25,0.25,0.2625907987299472,0.2626083738209545,,2026-01-03 00:00:00+00:00,DEEP_BEAR,DEEP_BEAR,4,4,0.25,0.25,0.2626320407696548,0.2626487128935305,,,2,,,True,INDIRECT_PATH_DIFFERENCE,2
2026-01-05 00:00:00+00:00,2026-01-04 00:00:00+00:00,DEEP_BEAR,DEEP_BEAR,4,4,0.25,0.25,0.26430062081142014,0.26431815519623675,,2026-01-04 00:00:00+00:00,DEEP_BEAR,DEEP_BEAR,4,4,0.25,0.25,0.26433239934296493,0.26434903306361424,,,2,,,True,INDIRECT_PATH_DIFFERENCE,2
2026-01-06 00:00:00+00:00,2026-01-05 00:00:00+00:00,DEEP_BEAR,DEEP_BEAR,4,4,0.25,0.25,0.26924716803098414,0.2692645846508539,,2026-01-05 00:00:00+00:00,DEEP_BEAR,DEEP_BEAR,4,4,0.25,0.25,0.269278130607539,0.2692946526259064,,,2,,,True,INDIRECT_PATH_DIFFERENCE,2
2026-01-07 00:00:00+00:00,2026-01-06 00:00:00+00:00,DEEP_BEAR,BEAR,4,3,0.25,0.55,0.27035060792724264,0.2703679982767231,DEEP_BEAR_TO_BEAR_NO_AUTO_BUY,2026-01-06 00:00:00+00:00,DEEP_BEAR,BEAR,4,3,0.25,0.55,0.2704261273970113,0.27044262348695114,DEEP_BEAR_TO_BEAR_NO_AUTO_BUY,,2,DEEP_BEAR_TO_BEAR_NO_AUTO_BUY,DEEP_BEAR_TO_BEAR_NO_AUTO_BUY,True,INDIRECT_PATH_DIFFERENCE,2
2026-01-08 00:00:00+00:00,2026-01-07 00:00:00+00:00,BEAR,BEAR,3,3,0.55,0.55,0.2645473976840517,0.26456492619376826,,2026-01-07 00:00:00+00:00,BEAR,BEAR,3,3,0.55,0.55,0.26459353618781584,0.26461016401057563,,,2,,,True,INDIRECT_PATH_DIFFERENCE,2
2026-01-09 00:00:00+00:00,2026-01-08 00:00:00+00:00,BEAR,BEAR,3,3,0.55,0.55,0.2630775319066754,0.2630950954099173,,2026-01-08 00:00:00+00:00,BEAR,BEAR,3,3,0.55,0.55,0.2630895981357071,0.2631062599254999,,,2,,,True,INDIRECT_PATH_DIFFERENCE,2
2026-01-10 00:00:00+00:00,2026-01-09 00:00:00+00:00,BEAR,BEAR,3,3,0.55,0.55,0.26207960769577515,0.2620971949568032,,2026-01-09 00:00:00+00:00,BEAR,BEAR,3,3,0.55,0.55,0.2620886897042595,0.26210537409987833,,,2,,,True,INDIRECT_PATH_DIFFERENCE,2
2026-01-11 00:00:00+00:00,2026-01-10 00:00:00+00:00,BEAR,BEAR,3,3,0.55,0.55,0.26186669260295314,0.26188428493288535,,2026-01-10 00:00:00+00:00,BEAR,BEAR,3,3,0.55,0.55,0.2618762856362648,0.26189297482908624,,,2,,,True,INDIRECT_PATH_DIFFERENCE,2
2026-01-12 00:00:00+00:00,2026-01-11 00:00:00+00:00,BEAR,BEAR,3,3,0.55,0.55,0.263320220637706,0.26333777836319683,,2026-01-11 00:00:00+00:00,BEAR,BEAR,3,3,0.55,0.55,0.2633405036777122,0.26335715980071533,,,2,,,True,INDIRECT_PATH_DIFFERENCE,2
2026-01-13 00:00:00+00:00,2026-01-12 00:00:00+00:00,BEAR,BEAR,3,3,0.55,0.55,0.2632883901783548,0.26330594866164153,,2026-01-12 00:00:00+00:00,BEAR,BEAR,3,3,0.55,0.55,0.2632842282325123,0.2633008856265164,,,2,,,True,INDIRECT_PATH_DIFFERENCE,2
2026-01-14 00:00:00+00:00,2026-01-13 00:00:00+00:00,BEAR,BEAR,3,3,0.55,0.55,0.2735160627790767,0.2735333777658077,,2026-01-13 00:00:00+00:00,BEAR,BEAR,3,3,0.55,0.55,0.27356498137763663,0.2735814065735876,,,2,,,True,INDIRECT_PATH_DIFFERENCE,2
2026-01-15 00:00:00+00:00,2026-01-14 00:00:00+00:00,BEAR,BEAR,3,3,0.55,0.55,0.2763128036531492,0.2763300520548306,,2026-01-14 00:00:00+00:00,BEAR,BEAR,3,3,0.55,0.55,0.2763461697821276,0.27636253216174705,,,2,,,True,INDIRECT_PATH_DIFFERENCE,2
2026-01-16 00:00:00+00:00,2026-01-15 00:00:00+00:00,BEAR,BEAR,3,3,0.55,0.55,0.2737270398757252,0.2737443498395147,,2026-01-15 00:00:00+00:00,BEAR,BEAR,3,3,0.55,0.55,0.2737651595985184,0.273781580273232,,,2,,,True,INDIRECT_PATH_DIFFERENCE,2
2026-01-17 00:00:00+00:00,2026-01-16 00:00:00+00:00,BEAR,BEAR,3,3,0.55,0.55,0.2732874754247636,0.27330479585369755,,2026-01-16 00:00:00+00:00,BEAR,BEAR,3,3,0.55,0.55,0.27331194005342657,0.2733283709645802,,,2,,,True,INDIRECT_PATH_DIFFERENCE,2
2026-01-18 00:00:00+00:00,2026-01-17 00:00:00+00:00,BEAR,BEAR,3,3,0.55,0.55,0.2729584335219482,0.27297576178469823,,2026-01-17 00:00:00+00:00,BEAR,BEAR,3,3,0.55,0.55,0.27299853610815145,0.2730149740978546,,,2,,,True,INDIRECT_PATH_DIFFERENCE,2
2026-01-19 00:00:00+00:00,2026-01-18 00:00:00+00:00,BEAR,BEAR,3,3,0.55,0.55,0.27032404724884485,0.2703414382306755,,2026-01-18 00:00:00+00:00,BEAR,BEAR,3,3,0.55,0.55,0.27037759752718016,0.27039409471320786,,,2,,,True,INDIRECT_PATH_DIFFERENCE,2
2026-01-20 00:00:00+00:00,2026-01-19 00:00:00+00:00,BEAR,BEAR,3,3,0.55,0.55,0.267137832287837,0.2671552991259416,,2026-01-19 00:00:00+00:00,BEAR,BEAR,3,3,0.55,0.55,0.26715442545660517,0.2671709954403196,,,2,,,True,INDIRECT_PATH_DIFFERENCE,2
2026-01-21 00:00:00+00:00,2026-01-20 00:00:00+00:00,BEAR,BEAR,3,3,0.55,0.55,0.2562878446689093,0.25630556981422087,,2026-01-20 00:00:00+00:00,BEAR,BEAR,3,3,0.55,0.55,0.25623658921433146,0.2562534057800867,,,2,,,True,INDIRECT_PATH_DIFFERENCE,2
2026-01-22 00:00:00+00:00,2026-01-21 00:00:00+00:00,BEAR,BEAR,3,3,0.55,0.55,0.2586690644935515,0.258686732949543,,2026-01-21 00:00:00+00:00,BEAR,BEAR,3,3,0.55,0.55,0.2586213670623619,0.25863812976800776,,,2,,,True,INDIRECT_PATH_DIFFERENCE,2
2026-01-23 00:00:00+00:00,2026-01-22 00:00:00+00:00,BEAR,DEEP_BEAR,3,4,0.55,0.25,0.25832897572114494,0.2583466522736003,STAGE4_SELL:EXPOSURE_GAP_BELOW_5PP,2026-01-22 00:00:00+00:00,BEAR,DEEP_BEAR,3,4,0.55,0.25,0.2582590602217438,0.25827583111009955,STAGE4_SELL:EXPOSURE_GAP_BELOW_5PP,,2,STAGE4_SELL:EXPOSURE_GAP_BELOW_5PP,STAGE4_SELL:EXPOSURE_GAP_BELOW_5PP,True,INDIRECT_PATH_DIFFERENCE,2
2026-01-24 00:00:00+00:00,2026-01-23 00:00:00+00:00,DEEP_BEAR,DEEP_BEAR,4,4,0.25,0.25,0.2584844544936168,0.25850212734460354,,2026-01-23 00:00:00+00:00,DEEP_BEAR,DEEP_BEAR,4,4,0.25,0.25,0.2584146776197724,0.258431444993506,,,2,,,True,INDIRECT_PATH_DIFFERENCE,2
2026-01-25 00:00:00+00:00,2026-01-24 00:00:00+00:00,DEEP_BEAR,DEEP_BEAR,4,4,0.25,0.25,0.25787232352549305,0.2578900109494146,,2026-01-24 00:00:00+00:00,DEEP_BEAR,DEEP_BEAR,4,4,0.25,0.25,0.257807161723179,0.2578239428176623,,,2,,,True,INDIRECT_PATH_DIFFERENCE,2
2026-01-26 00:00:00+00:00,2026-01-25 00:00:00+00:00,DEEP_BEAR,DEEP_BEAR,4,4,0.25,0.25,0.2514356272552075,0.2514356272552075,,2026-01-25 00:00:00+00:00,DEEP_BEAR,DEEP_BEAR,4,4,0.25,0.25,0.2513367734943234,0.2513367734943234,,,2,,,True,INDIRECT_PATH_DIFFERENCE,2
2026-01-27 00:00:00+00:00,2026-01-26 00:00:00+00:00,DEEP_BEAR,DEEP_BEAR,4,4,0.25,0.25,0.25614726695198536,0.25614726695198536,,2026-01-26 00:00:00+00:00,DEEP_BEAR,DEEP_BEAR,4,4,0.25,0.25,0.2560836824855427,0.2560836824855427,,,2,,,True,INDIRECT_PATH_DIFFERENCE,2
2026-01-28 00:00:00+00:00,2026-01-27 00:00:00+00:00,DEEP_BEAR,DEEP_BEAR,4,4,0.25,0.25,0.259303525945846,0.259303525945846,,2026-01-27 00:00:00+00:00,DEEP_BEAR,DEEP_BEAR,4,4,0.25,0.25,0.25928011672839196,0.25928011672839196,,,2,,,True,INDIRECT_PATH_DIFFERENCE,2
2026-01-29 00:00:00+00:00,2026-01-28 00:00:00+00:00,DEEP_BEAR,DEEP_BEAR,4,4,0.25,0.25,0.2591217696258753,0.2591217696258753,,2026-01-28 00:00:00+00:00,DEEP_BEAR,DEEP_BEAR,4,4,0.25,0.25,0.2590859104292646,0.2590859104292646,,,2,,,True,INDIRECT_PATH_DIFFERENCE,2
2026-01-30 00:00:00+00:00,2026-01-29 00:00:00+00:00,DEEP_BEAR,DEEP_BEAR,4,4,0.25,0.25,0.24843873449283796,0.24843873449283796,,2026-01-29 00:00:00+00:00,DEEP_BEAR,DEEP_BEAR,4,4,0.25,0.25,0.24838214762187336,0.24838214762187336,,,2,,,True,INDIRECT_PATH_DIFFERENCE,2
2026-01-31 00:00:00+00:00,2026-01-30 00:00:00+00:00,DEEP_BEAR,DEEP_BEAR,4,4,0.25,0.25,0.24573487079539724,0.24573487079539724,,2026-01-30 00:00:00+00:00,DEEP_BEAR,DEEP_BEAR,4,4,0.25,0.25,0.24560950586674468,0.24560950586674468,,,2,,,True,INDIRECT_PATH_DIFFERENCE,2
2026-02-01 00:00:00+00:00,2026-01-31 00:00:00+00:00,DEEP_BEAR,DEEP_BEAR,4,4,0.25,0.25,0.23190629153746886,0.23193756330431303,,2026-01-31 00:00:00+00:00,DEEP_BEAR,DEEP_BEAR,4,4,0.25,0.25,0.23173191878458552,0.23176159227772772,,,2,,,True,INDIRECT_PATH_DIFFERENCE,2
2026-02-02 00:00:00+00:00,2026-02-01 00:00:00+00:00,DEEP_BEAR,DEEP_BEAR,4,4,0.25,0.25,0.22544979779867455,0.22544979779867455,,2026-02-01 00:00:00+00:00,DEEP_BEAR,DEEP_BEAR,4,4,0.25,0.25,0.22518783881542545,0.22518783881542545,,,2,,,True,INDIRECT_PATH_DIFFERENCE,2
2026-02-03 00:00:00+00:00,2026-02-02 00:00:00+00:00,DEEP_BEAR,DEEP_BEAR,4,4,0.25,0.25,0.22994493066512786,0.2299602241844895,,2026-02-02 00:00:00+00:00,DEEP_BEAR,DEEP_BEAR,4,4,0.25,0.25,0.22969549834287353,0.22971001162306998,,,2,,,True,INDIRECT_PATH_DIFFERENCE,2
2026-02-04 00:00:00+00:00,2026-02-03 00:00:00+00:00,DEEP_BEAR,DEEP_BEAR,4,4,0.25,0.25,0.2227612527490362,0.2227612527490362,,2026-02-03 00:00:00+00:00,DEEP_BEAR,DEEP_BEAR,4,4,0.25,0.25,0.22249769626399707,0.22249769626399707,,,2,,,True,INDIRECT_PATH_DIFFERENCE,2
2026-02-05 00:00:00+00:00,2026-02-04 00:00:00+00:00,DEEP_BEAR,DEEP_BEAR,4,4,0.25,0.25,0.21661327907283504,0.21662883714439118,,2026-02-04 00:00:00+00:00,DEEP_BEAR,DEEP_BEAR,4,4,0.25,0.25,0.21634749540519657,0.2163622599625885,,,2,,,True,INDIRECT_PATH_DIFFERENCE,2
2026-02-06 00:00:00+00:00,2026-02-05 00:00:00+00:00,DEEP_BEAR,ACCUMULATION,4,4,0.25,0.35,0.19168848761479726,0.35,AHR999_TO35:EXECUTED|CRASH_L1:NOTIONAL_BELOW_GUARD,2026-02-05 00:00:00+00:00,DEEP_BEAR,ACCUMULATION,4,4,0.25,0.35,0.19142813103168752,0.35000000000000003,AHR999_TO35:EXECUTED|CRASH_L1:NOTIONAL_BELOW_GUARD,,2,AHR999_TO35:EXECUTED|CRASH_L1:NOTIONAL_BELOW_GUARD,AHR999_TO35:EXECUTED|CRASH_L1:NOTIONAL_BELOW_GUARD,True,INDIRECT_PATH_DIFFERENCE,2
2026-02-07 00:00:00+00:00,2026-02-06 00:00:00+00:00,ACCUMULATION,ACCUMULATION,4,4,0.35,0.35,0.37710643987574416,0.3771218309284145,,2026-02-06 00:00:00+00:00,ACCUMULATION,ACCUMULATION,4,4,0.35,0.35,0.3771135959491825,0.37712820159607713,,,2,,,True,INDIRECT_PATH_DIFFERENCE,2
2026-02-08 00:00:00+00:00,2026-02-07 00:00:00+00:00,ACCUMULATION,ACCUMULATION,4,4,0.35,0.35,0.3749774286600059,0.37499364428907583,,2026-02-07 00:00:00+00:00,ACCUMULATION,ACCUMULATION,4,4,0.35,0.35,0.3750199260112192,0.3750353132954262,,,2,,,True,INDIRECT_PATH_DIFFERENCE,2
2026-02-09 00:00:00+00:00,2026-02-08 00:00:00+00:00,ACCUMULATION,ACCUMULATION,4,4,0.35,0.35,0.37749138132602744,0.3775067625907661,,2026-02-08 00:00:00+00:00,ACCUMULATION,ACCUMULATION,4,4,0.35,0.35,0.3775164549930923,0.37753105094550476,,,2,,,True,INDIRECT_PATH_DIFFERENCE,2
2026-02-10 00:00:00+00:00,2026-02-09 00:00:00+00:00,ACCUMULATION,ACCUMULATION,4,4,0.35,0.35,0.37761840594461854,0.37761840594461854,,2026-02-09 00:00:00+00:00,ACCUMULATION,ACCUMULATION,4,4,0.35,0.35,0.37765401015625305,0.37765401015625305,,,2,,,True,INDIRECT_PATH_DIFFERENCE,2
2026-02-11 00:00:00+00:00,2026-02-10 00:00:00+00:00,ACCUMULATION,ACCUMULATION,4,4,0.35,0.35,0.37171244601287684,0.3717279700471826,,2026-02-10 00:00:00+00:00,ACCUMULATION,ACCUMULATION,4,4,0.35,0.35,0.3717212465416417,0.3717359783554109,,,2,,,True,INDIRECT_PATH_DIFFERENCE,2
2026-02-12 00:00:00+00:00,2026-02-11 00:00:00+00:00,ACCUMULATION,ACCUMULATION,4,4,0.35,0.35,0.36463498682206363,0.36463498682206363,,2026-02-11 00:00:00+00:00,ACCUMULATION,ACCUMULATION,4,4,0.35,0.35,0.36462386311127964,0.36462386311127964,,,2,,,True,INDIRECT_PATH_DIFFERENCE,2
2026-02-13 00:00:00+00:00,2026-02-12 00:00:00+00:00,ACCUMULATION,DEEP_BEAR,4,4,0.35,0.25,0.3629508726180662,0.25001574043016506,STAGE4_SELL:EXECUTED,2026-02-12 00:00:00+00:00,ACCUMULATION,DEEP_BEAR,4,4,0.35,0.25,0.3629573247645697,0.25001493721877743,STAGE4_SELL:EXECUTED,,2,STAGE4_SELL:EXECUTED,STAGE4_SELL:EXECUTED,True,INDIRECT_PATH_DIFFERENCE,2
2026-02-14 00:00:00+00:00,2026-02-13 00:00:00+00:00,DEEP_BEAR,ACCUMULATION,4,4,0.25,0.35,0.2579324940722363,0.35000000000000003,AHR999_TO35:EXECUTED,2026-02-13 00:00:00+00:00,DEEP_BEAR,ACCUMULATION,4,4,0.25,0.35,0.2579481378667858,0.35,AHR999_TO35:EXECUTED,,2,AHR999_TO35:EXECUTED,AHR999_TO35:EXECUTED,True,INDIRECT_PATH_DIFFERENCE,2
2026-02-15 00:00:00+00:00,2026-02-14 00:00:00+00:00,ACCUMULATION,ACCUMULATION,4,4,0.35,0.35,0.3534931584012261,0.3535249221033226,,2026-02-14 00:00:00+00:00,ACCUMULATION,ACCUMULATION,4,4,0.35,0.35,0.35349852770017104,0.35352866969087127,,,2,,,True,INDIRECT_PATH_DIFFERENCE,2
2026-02-16 00:00:00+00:00,2026-02-15 00:00:00+00:00,ACCUMULATION,ACCUMULATION,4,4,0.35,0.35,0.3471761583325186,0.3471761583325186,,2026-02-15 00:00:00+00:00,ACCUMULATION,ACCUMULATION,4,4,0.35,0.35,0.34712379609051697,0.34712379609051697,,,2,,,True,INDIRECT_PATH_DIFFERENCE,2
2026-02-17 00:00:00+00:00,2026-02-16 00:00:00+00:00,ACCUMULATION,ACCUMULATION,4,4,0.35,0.35,0.34842282417395665,0.34843844017407777,,2026-02-16 00:00:00+00:00,ACCUMULATION,ACCUMULATION,4,4,0.35,0.35,0.3483881759194023,0.34840299554173737,,,2,,,True,INDIRECT_PATH_DIFFERENCE,2
2026-02-18 00:00:00+00:00,2026-02-17 00:00:00+00:00,ACCUMULATION,ACCUMULATION,4,4,0.35,0.35,0.3450139785730576,0.3450139785730576,,2026-02-17 00:00:00+00:00,ACCUMULATION,ACCUMULATION,4,4,0.35,0.35,0.34499885534045593,0.34499885534045593,,,2,,,True,INDIRECT_PATH_DIFFERENCE,2
2026-02-19 00:00:00+00:00,2026-02-18 00:00:00+00:00,ACCUMULATION,ACCUMULATION,4,4,0.35,0.35,0.3413489251967251,0.341364710679328,,2026-02-18 00:00:00+00:00,ACCUMULATION,ACCUMULATION,4,4,0.35,0.35,0.341329740562501,0.3413447206587265,,,2,,,True,INDIRECT_PATH_DIFFERENCE,2
2026-02-20 00:00:00+00:00,2026-02-19 00:00:00+00:00,ACCUMULATION,ACCUMULATION,4,4,0.35,0.35,0.3424207107203882,0.3424207107203882,,2026-02-19 00:00:00+00:00,ACCUMULATION,ACCUMULATION,4,4,0.35,0.35,0.3423853171574888,0.3423853171574888,,,2,,,True,INDIRECT_PATH_DIFFERENCE,2
2026-02-21 00:00:00+00:00,2026-02-20 00:00:00+00:00,ACCUMULATION,DEEP_BEAR,4,4,0.35,0.25,0.34550007044283343,0.2500156862057299,STAGE4_SELL:EXECUTED,2026-02-20 00:00:00+00:00,ACCUMULATION,DEEP_BEAR,4,4,0.35,0.25,0.34545742816274083,0.25001488641478775,STAGE4_SELL:EXECUTED,,2,STAGE4_SELL:EXECUTED,STAGE4_SELL:EXECUTED,True,INDIRECT_PATH_DIFFERENCE,2
2026-02-22 00:00:00+00:00,2026-02-21 00:00:00+00:00,DEEP_BEAR,ACCUMULATION,4,4,0.25,0.35,0.2500496520103038,0.35001647422743026,AHR999_TO35:EXECUTED,2026-02-21 00:00:00+00:00,DEEP_BEAR,ACCUMULATION,4,4,0.25,0.35,0.25005267918593743,0.3500156342012042,AHR999_TO35:EXECUTED,,2,AHR999_TO35:EXECUTED,AHR999_TO35:EXECUTED,True,INDIRECT_PATH_DIFFERENCE,2
2026-02-23 00:00:00+00:00,2026-02-22 00:00:00+00:00,ACCUMULATION,ACCUMULATION,4,4,0.35,0.35,0.348698436120377,0.34871415711436615,,2026-02-22 00:00:00+00:00,ACCUMULATION,ACCUMULATION,4,4,0.35,0.35,0.3486937887982356,0.34870870828640377,,,2,,,True,INDIRECT_PATH_DIFFERENCE,2
2026-02-24 00:00:00+00:00,2026-02-23 00:00:00+00:00,ACCUMULATION,ACCUMULATION,4,4,0.35,0.35,0.3380026038057545,0.3380026038057545,,2026-02-23 00:00:00+00:00,ACCUMULATION,ACCUMULATION,4,4,0.35,0.35,0.3379864813336108,0.3379864813336108,,,2,,,True,INDIRECT_PATH_DIFFERENCE,2
2026-02-25 00:00:00+00:00,2026-02-24 00:00:00+00:00,ACCUMULATION,ACCUMULATION,4,4,0.35,0.35,0.33641343730042206,0.3364294546483903,,2026-02-24 00:00:00+00:00,ACCUMULATION,ACCUMULATION,4,4,0.35,0.35,0.3364046865757492,0.3364198873951122,,,2,,,True,INDIRECT_PATH_DIFFERENCE,2
2026-02-26 00:00:00+00:00,2026-02-25 00:00:00+00:00,ACCUMULATION,ACCUMULATION,4,4,0.35,0.35,0.35305976617237406,0.35305976617237406,,2026-02-25 00:00:00+00:00,ACCUMULATION,ACCUMULATION,4,4,0.35,0.35,0.3531058642466924,0.3531058642466924,,,2,,,True,INDIRECT_PATH_DIFFERENCE,2
2026-02-27 00:00:00+00:00,2026-02-26 00:00:00+00:00,ACCUMULATION,ACCUMULATION,4,4,0.35,0.35,0.3508778306022019,0.35089349926873575,,2026-02-26 00:00:00+00:00,ACCUMULATION,ACCUMULATION,4,4,0.35,0.35,0.3509138769800338,0.3509287458666495,,,2,,,True,INDIRECT_PATH_DIFFERENCE,2
2026-02-28 00:00:00+00:00,2026-02-27 00:00:00+00:00,ACCUMULATION,ACCUMULATION,4,4,0.35,0.35,0.3436706707440096,0.3436706707440096,,2026-02-27 00:00:00+00:00,ACCUMULATION,ACCUMULATION,4,4,0.35,0.35,0.34367350964495513,0.34367350964495513,,,2,,,True,INDIRECT_PATH_DIFFERENCE,2
2026-03-01 00:00:00+00:00,2026-02-28 00:00:00+00:00,ACCUMULATION,DEEP_BEAR,4,4,0.35,0.25,0.3475076347786218,0.2500322867887324,STAGE4_SELL:EXECUTED,2026-02-28 00:00:00+00:00,ACCUMULATION,DEEP_BEAR,4,4,0.35,0.25,0.34751184003944025,0.25003064029640687,STAGE4_SELL:EXECUTED,,2,STAGE4_SELL:EXECUTED,STAGE4_SELL:EXECUTED,True,INDIRECT_PATH_DIFFERENCE,2
2026-03-02 00:00:00+00:00,2026-03-01 00:00:00+00:00,DEEP_BEAR,ACCUMULATION,4,4,0.25,0.35,0.2469477273021032,0.35000000000000003,AHR999_TO35:EXECUTED,2026-03-01 00:00:00+00:00,DEEP_BEAR,ACCUMULATION,4,4,0.25,0.35,0.24695325741529972,0.35,AHR999_TO35:EXECUTED,,2,AHR999_TO35:EXECUTED,AHR999_TO35:EXECUTED,True,INDIRECT_PATH_DIFFERENCE,2
2026-03-03 00:00:00+00:00,2026-03-02 00:00:00+00:00,ACCUMULATION,ACCUMULATION,4,4,0.35,0.35,0.360327402979725,0.36034297053618536,,2026-03-02 00:00:00+00:00,ACCUMULATION,ACCUMULATION,4,4,0.35,0.35,0.3603249605779096,0.3603397341974402,,,2,,,True,INDIRECT_PATH_DIFFERENCE,2
2026-03-04 00:00:00+00:00,2026-03-03 00:00:00+00:00,ACCUMULATION,ACCUMULATION,4,4,0.35,0.35,0.3576556931406375,0.3576556931406375,,2026-03-03 00:00:00+00:00,ACCUMULATION,ACCUMULATION,4,4,0.35,0.35,0.3576331565408109,0.3576331565408109,,,2,,,True,INDIRECT_PATH_DIFFERENCE,2
2026-03-05 00:00:00+00:00,2026-03-04 00:00:00+00:00,ACCUMULATION,ACCUMULATION,4,4,0.35,0.35,0.37253772632371895,0.3725529971117283,,2026-03-04 00:00:00+00:00,ACCUMULATION,ACCUMULATION,4,4,0.35,0.35,0.372524914069035,0.3725394062900977,,,2,,,True,INDIRECT_PATH_DIFFERENCE,2
2026-03-06 00:00:00+00:00,2026-03-05 00:00:00+00:00,ACCUMULATION,ACCUMULATION,4,4,0.35,0.5,0.3667228369080059,0.5000000000000001,RIGHT_TO_50:EXECUTED,2026-03-05 00:00:00+00:00,ACCUMULATION,ACCUMULATION,4,4,0.35,0.5,0.3667069757651789,0.5,RIGHT_TO_50:EXECUTED,,2,RIGHT_TO_50:EXECUTED,RIGHT_TO_50:EXECUTED,True,INDIRECT_PATH_DIFFERENCE,2
2026-03-07 00:00:00+00:00,2026-03-06 00:00:00+00:00,ACCUMULATION,ACCUMULATION,4,4,0.5,0.5,0.4894968911743763,0.4895126332209334,,2026-03-06 00:00:00+00:00,ACCUMULATION,ACCUMULATION,4,4,0.5,0.5,0.48948984357369696,0.48950478329863906,,,2,,,True,INDIRECT_PATH_DIFFERENCE,2
2026-03-08 00:00:00+00:00,2026-03-07 00:00:00+00:00,ACCUMULATION,ACCUMULATION,4,4,0.5,0.5,0.48701187883313196,0.48702848817524075,,2026-03-07 00:00:00+00:00,ACCUMULATION,ACCUMULATION,4,4,0.5,0.5,0.48701193262742426,0.4870276952354728,,,2,,,True,INDIRECT_PATH_DIFFERENCE,2
2026-03-09 00:00:00+00:00,2026-03-08 00:00:00+00:00,ACCUMULATION,ACCUMULATION,4,4,0.5,0.5,0.4824060152837588,0.48242197544787657,,2026-03-08 00:00:00+00:00,ACCUMULATION,ACCUMULATION,4,4,0.5,0.5,0.48240804678073207,0.4824231932560105,,,2,,,True,INDIRECT_PATH_DIFFERENCE,2
2026-03-10 00:00:00+00:00,2026-03-09 00:00:00+00:00,ACCUMULATION,ACCUMULATION,4,4,0.5,0.5,0.4909223896170605,0.4909223896170605,,2026-03-09 00:00:00+00:00,ACCUMULATION,ACCUMULATION,4,4,0.5,0.5,0.4909149246463632,0.4909149246463632,,,2,,,True,INDIRECT_PATH_DIFFERENCE,2
2026-03-11 00:00:00+00:00,2026-03-10 00:00:00+00:00,ACCUMULATION,ACCUMULATION,4,4,0.5,0.5,0.4963891090369379,0.4964046384975562,,2026-03-10 00:00:00+00:00,ACCUMULATION,ACCUMULATION,4,4,0.5,0.5,0.49638066560887634,0.4963954036367383,,,2,,,True,INDIRECT_PATH_DIFFERENCE,2
2026-03-12 00:00:00+00:00,2026-03-11 00:00:00+00:00,ACCUMULATION,ACCUMULATION,4,4,0.5,0.5,0.4976167134741332,0.4976167134741332,,2026-03-11 00:00:00+00:00,ACCUMULATION,ACCUMULATION,4,4,0.5,0.5,0.49761078523305385,0.49761078523305385,,,2,,,True,INDIRECT_PATH_DIFFERENCE,2
2026-03-13 00:00:00+00:00,2026-03-12 00:00:00+00:00,ACCUMULATION,DEEP_BEAR,4,4,0.5,0.25,0.49931541947708896,0.2500154394375569,STAGE4_SELL:EXECUTED,2026-03-12 00:00:00+00:00,ACCUMULATION,DEEP_BEAR,4,4,0.5,0.25,0.499314156625827,0.2500146523772153,STAGE4_SELL:EXECUTED,,2,STAGE4_SELL:EXECUTED,STAGE4_SELL:EXECUTED,True,INDIRECT_PATH_DIFFERENCE,2
2026-03-14 00:00:00+00:00,2026-03-13 00:00:00+00:00,DEEP_BEAR,DEEP_BEAR,4,4,0.25,0.25,0.25124946874613463,0.25124946874613463,,2026-03-13 00:00:00+00:00,DEEP_BEAR,DEEP_BEAR,4,4,0.25,0.25,0.2512526672746074,0.2512526672746074,,,2,,,True,INDIRECT_PATH_DIFFERENCE,2
2026-03-15 00:00:00+00:00,2026-03-14 00:00:00+00:00,DEEP_BEAR,DEEP_BEAR,4,4,0.25,0.25,0.251894718679596,0.2519262891698278,,2026-03-14 00:00:00+00:00,DEEP_BEAR,DEEP_BEAR,4,4,0.25,0.25,0.2518945470343439,0.2519245081776805,,,2,,,True,INDIRECT_PATH_DIFFERENCE,2
2026-03-16 00:00:00+00:00,2026-03-15 00:00:00+00:00,DEEP_BEAR,DEEP_BEAR,4,4,0.25,0.25,0.25700481842956335,0.25700481842956335,,2026-03-15 00:00:00+00:00,DEEP_BEAR,DEEP_BEAR,4,4,0.25,0.25,0.25702686999781593,0.25702686999781593,,,2,,,True,INDIRECT_PATH_DIFFERENCE,2
2026-03-17 00:00:00+00:00,2026-03-16 00:00:00+00:00,DEEP_BEAR,DEEP_BEAR,4,4,0.25,0.25,0.2651161565651669,0.26513128502548095,,2026-03-16 00:00:00+00:00,DEEP_BEAR,DEEP_BEAR,4,4,0.25,0.25,0.2652134885047156,0.2652278438647897,,,2,,,True,INDIRECT_PATH_DIFFERENCE,2
2026-03-18 00:00:00+00:00,2026-03-17 00:00:00+00:00,DEEP_BEAR,DEEP_BEAR,4,4,0.25,0.25,0.2624875529474233,0.2624875529474233,,2026-03-17 00:00:00+00:00,DEEP_BEAR,DEEP_BEAR,4,4,0.25,0.25,0.2625790781028484,0.2625790781028484,,,2,,,True,INDIRECT_PATH_DIFFERENCE,2
2026-03-19 00:00:00+00:00,2026-03-18 00:00:00+00:00,DEEP_BEAR,DEEP_BEAR,4,4,0.25,0.25,0.2547193863082232,0.25473472865406027,,2026-03-18 00:00:00+00:00,DEEP_BEAR,DEEP_BEAR,4,4,0.25,0.25,0.2547871966878262,0.2548017556017844,,,2,,,True,INDIRECT_PATH_DIFFERENCE,2
2026-03-20 00:00:00+00:00,2026-03-19 00:00:00+00:00,DEEP_BEAR,DEEP_BEAR,4,4,0.25,0.25,0.2506158233395125,0.2506158233395125,,2026-03-19 00:00:00+00:00,DEEP_BEAR,DEEP_BEAR,4,4,0.25,0.25,0.2506637313860329,0.2506637313860329,,,2,,,True,INDIRECT_PATH_DIFFERENCE,2
2026-03-21 00:00:00+00:00,2026-03-20 00:00:00+00:00,DEEP_BEAR,DEEP_BEAR,4,4,0.25,0.25,0.251962776657094,0.2519781757820328,,2026-03-20 00:00:00+00:00,DEEP_BEAR,DEEP_BEAR,4,4,0.25,0.25,0.2520032220836304,0.2520178354116714,,,2,,,True,INDIRECT_PATH_DIFFERENCE,2
2026-03-22 00:00:00+00:00,2026-03-21 00:00:00+00:00,DEEP_BEAR,ACCUMULATION,4,4,0.25,0.35,0.24738003597907346,0.35001627290121556,AHR999_TO35:EXECUTED,2026-03-21 00:00:00+00:00,DEEP_BEAR,ACCUMULATION,4,4,0.25,0.35,0.24740985552880299,0.3500154427446571,AHR999_TO35:EXECUTED,,2,AHR999_TO35:EXECUTED,AHR999_TO35:EXECUTED,True,INDIRECT_PATH_DIFFERENCE,2
2026-03-23 00:00:00+00:00,2026-03-22 00:00:00+00:00,ACCUMULATION,ACCUMULATION,4,4,0.35,0.35,0.34654028593719255,0.3465558662175827,,2026-03-22 00:00:00+00:00,ACCUMULATION,ACCUMULATION,4,4,0.35,0.35,0.3465399970497843,0.34655478252026495,,,2,,,True,INDIRECT_PATH_DIFFERENCE,2
2026-03-24 00:00:00+00:00,2026-03-23 00:00:00+00:00,ACCUMULATION,ACCUMULATION,4,4,0.35,0.35,0.35678288931123486,0.35678288931123486,,2026-03-23 00:00:00+00:00,ACCUMULATION,ACCUMULATION,4,4,0.35,0.35,0.3567843302011667,0.3567843302011667,,,2,,,True,INDIRECT_PATH_DIFFERENCE,2
2026-03-25 00:00:00+00:00,2026-03-24 00:00:00+00:00,ACCUMULATION,ACCUMULATION,4,4,0.35,0.35,0.356156405236247,0.3561717565731451,,2026-03-24 00:00:00+00:00,ACCUMULATION,ACCUMULATION,4,4,0.35,0.35,0.3561657270508203,0.35618029503462,,,2,,,True,INDIRECT_PATH_DIFFERENCE,2
2026-03-26 00:00:00+00:00,2026-03-25 00:00:00+00:00,ACCUMULATION,ACCUMULATION,4,4,0.35,0.35,0.3583527888748955,0.3583527888748955,,2026-03-25 00:00:00+00:00,ACCUMULATION,ACCUMULATION,4,4,0.35,0.35,0.35835391659492444,0.35835391659492444,,,2,,,True,INDIRECT_PATH_DIFFERENCE,2
2026-03-27 00:00:00+00:00,2026-03-26 00:00:00+00:00,ACCUMULATION,ACCUMULATION,4,4,0.35,0.35,0.3490758393786104,0.3490913594856765,,2026-03-26 00:00:00+00:00,ACCUMULATION,ACCUMULATION,4,4,0.35,0.35,0.34905650461617294,0.34907123340279494,,,2,,,True,INDIRECT_PATH_DIFFERENCE,2
2026-03-28 00:00:00+00:00,2026-03-27 00:00:00+00:00,ACCUMULATION,ACCUMULATION,4,4,0.35,0.35,0.34120306238750786,0.34120306238750786,,2026-03-27 00:00:00+00:00,ACCUMULATION,ACCUMULATION,4,4,0.35,0.35,0.341185027734663,0.341185027734663,,,2,,,True,INDIRECT_PATH_DIFFERENCE,2
2026-03-29 00:00:00+00:00,2026-03-28 00:00:00+00:00,ACCUMULATION,DEEP_BEAR,4,4,0.35,0.25,0.34120337804548423,0.25003220005908366,STAGE4_SELL:EXECUTED,2026-03-28 00:00:00+00:00,ACCUMULATION,DEEP_BEAR,4,4,0.35,0.25,0.34118700590948753,0.25003055816116104,STAGE4_SELL:EXECUTED,,2,STAGE4_SELL:EXECUTED,STAGE4_SELL:EXECUTED,True,INDIRECT_PATH_DIFFERENCE,2
2026-03-30 00:00:00+00:00,2026-03-29 00:00:00+00:00,DEEP_BEAR,ACCUMULATION,4,4,0.25,0.35,0.24902699032990533,0.3500000000000001,AHR999_TO35:EXECUTED,2026-03-29 00:00:00+00:00,DEEP_BEAR,ACCUMULATION,4,4,0.25,0.35,0.24902568635151143,0.35,AHR999_TO35:EXECUTED,,2,AHR999_TO35:EXECUTED,AHR999_TO35:EXECUTED,True,INDIRECT_PATH_DIFFERENCE,2
2026-03-31 00:00:00+00:00,2026-03-30 00:00:00+00:00,ACCUMULATION,ACCUMULATION,4,4,0.35,0.35,0.35335585220482246,0.35337150360463326,,2026-03-30 00:00:00+00:00,ACCUMULATION,ACCUMULATION,4,4,0.35,0.35,0.35336602007657575,0.3533808731919015,,,2,,,True,INDIRECT_PATH_DIFFERENCE,2
2026-04-01 00:00:00+00:00,2026-03-31 00:00:00+00:00,ACCUMULATION,ACCUMULATION,4,4,0.35,0.35,0.3596032485807208,0.3596032485807208,,2026-03-31 00:00:00+00:00,ACCUMULATION,ACCUMULATION,4,4,0.35,0.35,0.3596319580187711,0.3596319580187711,,,2,,,True,INDIRECT_PATH_DIFFERENCE,2
2026-04-02 00:00:00+00:00,2026-04-01 00:00:00+00:00,ACCUMULATION,ACCUMULATION,4,4,0.35,0.35,0.3604269034325001,0.36044238396098777,,2026-04-01 00:00:00+00:00,ACCUMULATION,ACCUMULATION,4,4,0.35,0.35,0.36047854168872967,0.3604932316881868,,,2,,,True,INDIRECT_PATH_DIFFERENCE,2
2026-04-03 00:00:00+00:00,2026-04-02 00:00:00+00:00,ACCUMULATION,ACCUMULATION,4,4,0.35,0.35,0.35476251973227996,0.35476251973227996,,2026-04-02 00:00:00+00:00,ACCUMULATION,ACCUMULATION,4,4,0.35,0.35,0.35478499408146735,0.35478499408146735,,,2,,,True,INDIRECT_PATH_DIFFERENCE,2
2026-04-04 00:00:00+00:00,2026-04-03 00:00:00+00:00,ACCUMULATION,ACCUMULATION,4,4,0.35,0.35,0.35481050362179667,0.35482612007424397,,2026-04-03 00:00:00+00:00,ACCUMULATION,ACCUMULATION,4,4,0.35,0.35,0.3548288430356707,0.35484366278705837,,,2,,,True,INDIRECT_PATH_DIFFERENCE,2
2026-04-05 00:00:00+00:00,2026-04-04 00:00:00+00:00,ACCUMULATION,ACCUMULATION,4,4,0.35,0.35,0.35602310569138607,0.35603947201975306,,2026-04-04 00:00:00+00:00,ACCUMULATION,ACCUMULATION,4,4,0.35,0.35,0.35604138537045227,0.35605691674978956,,,2,,,True,INDIRECT_PATH_DIFFERENCE,2
2026-04-06 00:00:00+00:00,2026-04-05 00:00:00+00:00,ACCUMULATION,DEEP_BEAR,4,4,0.35,0.25,0.3616023827851096,0.25001545193605534,STAGE4_SELL:EXECUTED,2026-04-05 00:00:00+00:00,ACCUMULATION,DEEP_BEAR,4,4,0.35,0.25,0.3616147669496112,0.25001466377390524,STAGE4_SELL:EXECUTED,,2,STAGE4_SELL:EXECUTED,STAGE4_SELL:EXECUTED,True,INDIRECT_PATH_DIFFERENCE,2
2026-04-07 00:00:00+00:00,2026-04-06 00:00:00+00:00,DEEP_BEAR,DEEP_BEAR,4,4,0.25,0.25,0.2496104312036213,0.2496104312036213,,2026-04-06 00:00:00+00:00,DEEP_BEAR,DEEP_BEAR,4,4,0.25,0.25,0.24961026365193764,0.24961026365193764,,,2,,,True,INDIRECT_PATH_DIFFERENCE,2
2026-04-08 00:00:00+00:00,2026-04-07 00:00:00+00:00,DEEP_BEAR,DEEP_BEAR,4,4,0.25,0.25,0.2588563975827085,0.25887166735143297,,2026-04-07 00:00:00+00:00,DEEP_BEAR,DEEP_BEAR,4,4,0.25,0.25,0.25888145836857496,0.25889594877300115,,,2,,,True,INDIRECT_PATH_DIFFERENCE,2
2026-04-09 00:00:00+00:00,2026-04-08 00:00:00+00:00,DEEP_BEAR,DEEP_BEAR,4,4,0.25,0.25,0.2560251357083756,0.2560251357083756,,2026-04-08 00:00:00+00:00,DEEP_BEAR,DEEP_BEAR,4,4,0.25,0.25,0.25603219642457153,0.25603219642457153,,,2,,,True,INDIRECT_PATH_DIFFERENCE,2
2026-04-10 00:00:00+00:00,2026-04-09 00:00:00+00:00,DEEP_BEAR,DEEP_BEAR,4,4,0.25,0.25,0.2574220963805996,0.2574373957619625,,2026-04-09 00:00:00+00:00,DEEP_BEAR,DEEP_BEAR,4,4,0.25,0.25,0.2574131249231698,0.25742764408984253,,,2,,,True,INDIRECT_PATH_DIFFERENCE,2
2026-04-11 00:00:00+00:00,2026-04-10 00:00:00+00:00,DEEP_BEAR,DEEP_BEAR,4,4,0.25,0.25,0.2610426580246917,0.2610426580246917,,2026-04-10 00:00:00+00:00,DEEP_BEAR,DEEP_BEAR,4,4,0.25,0.25,0.26104458498057487,0.26104458498057487,,,2,,,True,INDIRECT_PATH_DIFFERENCE,2
2026-04-12 00:00:00+00:00,2026-04-11 00:00:00+00:00,DEEP_BEAR,DEEP_BEAR,4,4,0.25,0.25,0.26218021910107575,0.2622113816085189,,2026-04-11 00:00:00+00:00,DEEP_BEAR,DEEP_BEAR,4,4,0.25,0.25,0.26220703241026616,0.26223660433220913,,,2,,,True,INDIRECT_PATH_DIFFERENCE,2
2026-04-13 00:00:00+00:00,2026-04-12 00:00:00+00:00,DEEP_BEAR,DEEP_BEAR,4,4,0.25,0.25,0.25553800966680634,0.25553800966680634,,2026-04-12 00:00:00+00:00,DEEP_BEAR,DEEP_BEAR,4,4,0.25,0.25,0.2555479711040665,0.2555479711040665,,,2,,,True,INDIRECT_PATH_DIFFERENCE,2
2026-04-14 00:00:00+00:00,2026-04-13 00:00:00+00:00,DEEP_BEAR,DEEP_BEAR,4,4,0.25,0.25,0.2668681397144761,0.26688324455219314,,2026-04-13 00:00:00+00:00,DEEP_BEAR,DEEP_BEAR,4,4,0.25,0.25,0.26691953982582156,0.26693387319980677,,,2,,,True,INDIRECT_PATH_DIFFERENCE,2
2026-04-15 00:00:00+00:00,2026-04-14 00:00:00+00:00,DEEP_BEAR,DEEP_BEAR,4,4,0.25,0.25,0.26522990290418463,0.26522990290418463,,2026-04-14 00:00:00+00:00,DEEP_BEAR,DEEP_BEAR,4,4,0.25,0.25,0.2652542555939319,0.2652542555939319,,,2,,,True,INDIRECT_PATH_DIFFERENCE,2
2026-04-16 00:00:00+00:00,2026-04-15 00:00:00+00:00,DEEP_BEAR,DEEP_BEAR,4,4,0.25,0.25,0.2674235860607359,0.2674386795604686,,2026-04-15 00:00:00+00:00,DEEP_BEAR,DEEP_BEAR,4,4,0.25,0.25,0.2674576684037939,0.26747199135182,,,2,,,True,INDIRECT_PATH_DIFFERENCE,2
2026-04-17 00:00:00+00:00,2026-04-16 00:00:00+00:00,DEEP_BEAR,DEEP_BEAR,4,4,0.25,0.25,0.26781406789717255,0.26781406789717255,,2026-04-16 00:00:00+00:00,DEEP_BEAR,DEEP_BEAR,4,4,0.25,0.25,0.26783144878389664,0.26783144878389664,,,2,,,True,INDIRECT_PATH_DIFFERENCE,2
2026-04-18 00:00:00+00:00,2026-04-17 00:00:00+00:00,DEEP_BEAR,BEAR,4,3,0.25,0.55,0.2730650775091254,0.27308005499486226,DEEP_BEAR_TO_BEAR_NO_AUTO_BUY,2026-04-17 00:00:00+00:00,DEEP_BEAR,BEAR,4,3,0.25,0.55,0.27308868095958966,0.27310289401140303,DEEP_BEAR_TO_BEAR_NO_AUTO_BUY,,2,DEEP_BEAR_TO_BEAR_NO_AUTO_BUY,DEEP_BEAR_TO_BEAR_NO_AUTO_BUY,True,INDIRECT_PATH_DIFFERENCE,2
2026-04-19 00:00:00+00:00,2026-04-18 00:00:00+00:00,BEAR,DEEP_BEAR,3,4,0.55,0.25,0.26890266848348826,0.26891848466299506,STAGE4_SELL:EXPOSURE_GAP_BELOW_5PP,2026-04-18 00:00:00+00:00,BEAR,DEEP_BEAR,3,4,0.55,0.25,0.2689083988833547,0.2689234081985785,STAGE4_SELL:EXPOSURE_GAP_BELOW_5PP,,2,STAGE4_SELL:EXPOSURE_GAP_BELOW_5PP,STAGE4_SELL:EXPOSURE_GAP_BELOW_5PP,True,INDIRECT_PATH_DIFFERENCE,2
2026-04-20 00:00:00+00:00,2026-04-19 00:00:00+00:00,DEEP_BEAR,BEAR,4,3,0.25,0.55,0.26328832892627857,0.2633035073909752,DEEP_BEAR_TO_BEAR_NO_AUTO_BUY,2026-04-19 00:00:00+00:00,DEEP_BEAR,BEAR,4,3,0.25,0.55,0.2632739742159818,0.2632883787479295,DEEP_BEAR_TO_BEAR_NO_AUTO_BUY,,2,DEEP_BEAR_TO_BEAR_NO_AUTO_BUY,DEEP_BEAR_TO_BEAR_NO_AUTO_BUY,True,INDIRECT_PATH_DIFFERENCE,2
2026-04-21 00:00:00+00:00,2026-04-20 00:00:00+00:00,BEAR,DEEP_BEAR,3,4,0.55,0.25,0.2683568414283563,0.2683568414283563,STAGE4_SELL:EXPOSURE_GAP_BELOW_5PP,2026-04-20 00:00:00+00:00,BEAR,DEEP_BEAR,3,4,0.55,0.25,0.26833252498311333,0.26833252498311333,STAGE4_SELL:EXPOSURE_GAP_BELOW_5PP,,2,STAGE4_SELL:EXPOSURE_GAP_BELOW_5PP,STAGE4_SELL:EXPOSURE_GAP_BELOW_5PP,True,INDIRECT_PATH_DIFFERENCE,2
2026-04-22 00:00:00+00:00,2026-04-21 00:00:00+00:00,DEEP_BEAR,BEAR,4,3,0.25,0.55,0.2696144756810357,0.2696295240440795,DEEP_BEAR_TO_BEAR_NO_AUTO_BUY,2026-04-21 00:00:00+00:00,DEEP_BEAR,BEAR,4,3,0.25,0.55,0.2695878240729213,0.2696021053750255,DEEP_BEAR_TO_BEAR_NO_AUTO_BUY,,2,DEEP_BEAR_TO_BEAR_NO_AUTO_BUY,DEEP_BEAR_TO_BEAR_NO_AUTO_BUY,True,INDIRECT_PATH_DIFFERENCE,2
2026-04-23 00:00:00+00:00,2026-04-22 00:00:00+00:00,BEAR,DEEP_BEAR,3,4,0.55,0.25,0.274152297338977,0.274152297338977,STAGE4_SELL:EXPOSURE_GAP_BELOW_5PP,2026-04-22 00:00:00+00:00,BEAR,DEEP_BEAR,3,4,0.55,0.25,0.27411753426311564,0.27411753426311564,STAGE4_SELL:EXPOSURE_GAP_BELOW_5PP,,2,STAGE4_SELL:EXPOSURE_GAP_BELOW_5PP,STAGE4_SELL:EXPOSURE_GAP_BELOW_5PP,True,INDIRECT_PATH_DIFFERENCE,2
2026-04-24 00:00:00+00:00,2026-04-23 00:00:00+00:00,DEEP_BEAR,BEAR,4,3,0.25,0.55,0.2732754354261528,0.2732904085361552,DEEP_BEAR_TO_BEAR_NO_AUTO_BUY,2026-04-23 00:00:00+00:00,DEEP_BEAR,BEAR,4,3,0.25,0.55,0.2732094628444038,0.2732236734954602,DEEP_BEAR_TO_BEAR_NO_AUTO_BUY,,2,DEEP_BEAR_TO_BEAR_NO_AUTO_BUY,DEEP_BEAR_TO_BEAR_NO_AUTO_BUY,True,INDIRECT_PATH_DIFFERENCE,2
2026-04-25 00:00:00+00:00,2026-04-24 00:00:00+00:00,BEAR,DEEP_BEAR,3,4,0.55,0.25,0.2714423105233213,0.2714423105233213,STAGE4_SELL:EXPOSURE_GAP_BELOW_5PP,2026-04-24 00:00:00+00:00,BEAR,DEEP_BEAR,3,4,0.55,0.25,0.27138083883645797,0.27138083883645797,STAGE4_SELL:EXPOSURE_GAP_BELOW_5PP,,2,STAGE4_SELL:EXPOSURE_GAP_BELOW_5PP,STAGE4_SELL:EXPOSURE_GAP_BELOW_5PP,True,INDIRECT_PATH_DIFFERENCE,2
2026-04-26 00:00:00+00:00,2026-04-25 00:00:00+00:00,DEEP_BEAR,BEAR,4,3,0.25,0.55,0.27190053456286134,0.2719312869720362,DEEP_BEAR_TO_BEAR_NO_AUTO_BUY,2026-04-25 00:00:00+00:00,DEEP_BEAR,BEAR,4,3,0.25,0.55,0.2718380057276588,0.27186719204638105,DEEP_BEAR_TO_BEAR_NO_AUTO_BUY,,2,DEEP_BEAR_TO_BEAR_NO_AUTO_BUY,DEEP_BEAR_TO_BEAR_NO_AUTO_BUY,True,INDIRECT_PATH_DIFFERENCE,2
2026-04-27 00:00:00+00:00,2026-04-26 00:00:00+00:00,BEAR,DEEP_BEAR,3,4,0.55,0.25,0.2750140794200206,0.2750140794200206,STAGE4_SELL:EXPOSURE_GAP_BELOW_5PP,2026-04-26 00:00:00+00:00,BEAR,DEEP_BEAR,3,4,0.55,0.25,0.2749617586378389,0.2749617586378389,STAGE4_SELL:EXPOSURE_GAP_BELOW_5PP,,2,STAGE4_SELL:EXPOSURE_GAP_BELOW_5PP,STAGE4_SELL:EXPOSURE_GAP_BELOW_5PP,True,INDIRECT_PATH_DIFFERENCE,2
2026-04-28 00:00:00+00:00,2026-04-27 00:00:00+00:00,DEEP_BEAR,BEAR,4,3,0.25,0.55,0.27111157272877984,0.27112659023392005,DEEP_BEAR_TO_BEAR_NO_AUTO_BUY,2026-04-27 00:00:00+00:00,DEEP_BEAR,BEAR,4,3,0.25,0.55,0.27104085037706727,0.27105510325825216,DEEP_BEAR_TO_BEAR_NO_AUTO_BUY,,2,DEEP_BEAR_TO_BEAR_NO_AUTO_BUY,DEEP_BEAR_TO_BEAR_NO_AUTO_BUY,True,INDIRECT_PATH_DIFFERENCE,2
2026-04-29 00:00:00+00:00,2026-04-28 00:00:00+00:00,BEAR,DEEP_BEAR,3,4,0.55,0.25,0.2689068341026205,0.2689068341026205,STAGE4_SELL:EXPOSURE_GAP_BELOW_5PP,2026-04-28 00:00:00+00:00,BEAR,DEEP_BEAR,3,4,0.55,0.25,0.2688455425912599,0.2688455425912599,STAGE4_SELL:EXPOSURE_GAP_BELOW_5PP,,2,STAGE4_SELL:EXPOSURE_GAP_BELOW_5PP,STAGE4_SELL:EXPOSURE_GAP_BELOW_5PP,True,INDIRECT_PATH_DIFFERENCE,2
2026-04-30 00:00:00+00:00,2026-04-29 00:00:00+00:00,DEEP_BEAR,BEAR,4,3,0.25,0.55,0.26699911455594105,0.2670142167915773,DEEP_BEAR_TO_BEAR_NO_AUTO_BUY,2026-04-29 00:00:00+00:00,DEEP_BEAR,BEAR,4,3,0.25,0.55,0.2669239432620558,0.266938276634206,DEEP_BEAR_TO_BEAR_NO_AUTO_BUY,,2,DEEP_BEAR_TO_BEAR_NO_AUTO_BUY,DEEP_BEAR_TO_BEAR_NO_AUTO_BUY,True,INDIRECT_PATH_DIFFERENCE,2
2026-05-01 00:00:00+00:00,2026-04-30 00:00:00+00:00,BEAR,DEEP_BEAR,3,4,0.55,0.25,0.2681999398772623,0.2681999398772623,STAGE4_SELL:EXPOSURE_GAP_BELOW_5PP,2026-04-30 00:00:00+00:00,BEAR,DEEP_BEAR,3,4,0.55,0.25,0.26811456012612894,0.26811456012612894,STAGE4_SELL:EXPOSURE_GAP_BELOW_5PP,,2,STAGE4_SELL:EXPOSURE_GAP_BELOW_5PP,STAGE4_SELL:EXPOSURE_GAP_BELOW_5PP,True,INDIRECT_PATH_DIFFERENCE,2
2026-05-02 00:00:00+00:00,2026-05-01 00:00:00+00:00,DEEP_BEAR,BEAR,4,3,0.25,0.55,0.27261326615758147,0.27262825294210874,DEEP_BEAR_TO_BEAR_NO_AUTO_BUY,2026-05-01 00:00:00+00:00,DEEP_BEAR,BEAR,4,3,0.25,0.55,0.2725143308284406,0.2725285550980749,DEEP_BEAR_TO_BEAR_NO_AUTO_BUY,,2,DEEP_BEAR_TO_BEAR_NO_AUTO_BUY,DEEP_BEAR_TO_BEAR_NO_AUTO_BUY,True,INDIRECT_PATH_DIFFERENCE,2
2026-05-03 00:00:00+00:00,2026-05-02 00:00:00+00:00,BEAR,DEEP_BEAR,3,4,0.55,0.25,0.2739765203896747,0.27399222692363473,STAGE4_SELL:EXPOSURE_GAP_BELOW_5PP,2026-05-02 00:00:00+00:00,BEAR,DEEP_BEAR,3,4,0.55,0.25,0.2738815043657341,0.2738964116942634,STAGE4_SELL:EXPOSURE_GAP_BELOW_5PP,,2,STAGE4_SELL:EXPOSURE_GAP_BELOW_5PP,STAGE4_SELL:EXPOSURE_GAP_BELOW_5PP,True,INDIRECT_PATH_DIFFERENCE,2
2026-05-04 00:00:00+00:00,2026-05-03 00:00:00+00:00,DEEP_BEAR,BEAR,4,3,0.25,0.55,0.27391664962760875,0.2739316093555703,DEEP_BEAR_TO_BEAR_NO_AUTO_BUY,2026-05-03 00:00:00+00:00,DEEP_BEAR,BEAR,4,3,0.25,0.55,0.2738266203794742,0.2738408188098822,DEEP_BEAR_TO_BEAR_NO_AUTO_BUY,,2,DEEP_BEAR_TO_BEAR_NO_AUTO_BUY,DEEP_BEAR_TO_BEAR_NO_AUTO_BUY,True,INDIRECT_PATH_DIFFERENCE,2
2026-05-05 00:00:00+00:00,2026-05-04 00:00:00+00:00,BEAR,DEEP_BEAR,3,4,0.55,0.25,0.2768857864161783,0.2768857864161783,STAGE4_SELL:EXPOSURE_GAP_BELOW_5PP,2026-05-04 00:00:00+00:00,BEAR,DEEP_BEAR,3,4,0.55,0.25,0.2767844358249109,0.2767844358249109,STAGE4_SELL:EXPOSURE_GAP_BELOW_5PP,,2,STAGE4_SELL:EXPOSURE_GAP_BELOW_5PP,STAGE4_SELL:EXPOSURE_GAP_BELOW_5PP,True,INDIRECT_PATH_DIFFERENCE,2
2026-05-06 00:00:00+00:00,2026-05-05 00:00:00+00:00,DEEP_BEAR,BEAR,4,3,0.25,0.55,0.27911376679297767,0.2791286196507492,DEEP_BEAR_TO_BEAR_NO_AUTO_BUY,2026-05-05 00:00:00+00:00,DEEP_BEAR,BEAR,4,3,0.25,0.55,0.27899978509075307,0.27901388256555215,DEEP_BEAR_TO_BEAR_NO_AUTO_BUY,,2,DEEP_BEAR_TO_BEAR_NO_AUTO_BUY,DEEP_BEAR_TO_BEAR_NO_AUTO_BUY,True,INDIRECT_PATH_DIFFERENCE,2
2026-05-07 00:00:00+00:00,2026-05-06 00:00:00+00:00,BEAR,DEEP_BEAR,3,4,0.55,0.25,0.2798904009095035,0.2798904009095035,STAGE4_SELL:EXPOSURE_GAP_BELOW_5PP,2026-05-06 00:00:00+00:00,BEAR,DEEP_BEAR,3,4,0.55,0.25,0.27975777336071,0.27975777336071,STAGE4_SELL:EXPOSURE_GAP_BELOW_5PP,,2,STAGE4_SELL:EXPOSURE_GAP_BELOW_5PP,STAGE4_SELL:EXPOSURE_GAP_BELOW_5PP,True,INDIRECT_PATH_DIFFERENCE,2
2026-05-08 00:00:00+00:00,2026-05-07 00:00:00+00:00,DEEP_BEAR,BEAR,4,3,0.25,0.55,0.27589616326043215,0.2759110824327655,DEEP_BEAR_TO_BEAR_NO_AUTO_BUY,2026-05-07 00:00:00+00:00,DEEP_BEAR,BEAR,4,3,0.25,0.55,0.27575170990232495,0.2757658708998148,DEEP_BEAR_TO_BEAR_NO_AUTO_BUY,,2,DEEP_BEAR_TO_BEAR_NO_AUTO_BUY,DEEP_BEAR_TO_BEAR_NO_AUTO_BUY,True,INDIRECT_PATH_DIFFERENCE,2
2026-05-09 00:00:00+00:00,2026-05-08 00:00:00+00:00,BEAR,DEEP_BEAR,3,4,0.55,0.25,0.27665094074943314,0.27665094074943314,STAGE4_SELL:EXPOSURE_GAP_BELOW_5PP,2026-05-08 00:00:00+00:00,BEAR,DEEP_BEAR,3,4,0.55,0.25,0.2765114581323811,0.2765114581323811,STAGE4_SELL:EXPOSURE_GAP_BELOW_5PP,,2,STAGE4_SELL:EXPOSURE_GAP_BELOW_5PP,STAGE4_SELL:EXPOSURE_GAP_BELOW_5PP,True,INDIRECT_PATH_DIFFERENCE,2
2026-05-10 00:00:00+00:00,2026-05-09 00:00:00+00:00,DEEP_BEAR,BEAR,4,3,0.25,0.55,0.2779921495783217,0.2780226449773111,DEEP_BEAR_TO_BEAR_NO_AUTO_BUY,2026-05-09 00:00:00+00:00,DEEP_BEAR,BEAR,4,3,0.25,0.55,0.2778555366136302,0.2778844819978452,DEEP_BEAR_TO_BEAR_NO_AUTO_BUY,,2,DEEP_BEAR_TO_BEAR_NO_AUTO_BUY,DEEP_BEAR_TO_BEAR_NO_AUTO_BUY,True,INDIRECT_PATH_DIFFERENCE,2
2026-05-11 00:00:00+00:00,2026-05-10 00:00:00+00:00,BEAR,DEEP_BEAR,3,4,0.55,0.25,0.2818337332928158,0.2818337332928158,STAGE4_SELL:EXPOSURE_GAP_BELOW_5PP,2026-05-10 00:00:00+00:00,BEAR,DEEP_BEAR,3,4,0.55,0.25,0.28169460260390533,0.28169460260390533,STAGE4_SELL:EXPOSURE_GAP_BELOW_5PP,,2,STAGE4_SELL:EXPOSURE_GAP_BELOW_5PP,STAGE4_SELL:EXPOSURE_GAP_BELOW_5PP,True,INDIRECT_PATH_DIFFERENCE,2
2026-05-12 00:00:00+00:00,2026-05-11 00:00:00+00:00,DEEP_BEAR,BEAR,4,3,0.25,0.55,0.28028782003334407,0.2803026486816158,DEEP_BEAR_TO_BEAR_NO_AUTO_BUY,2026-05-11 00:00:00+00:00,DEEP_BEAR,BEAR,4,3,0.25,0.55,0.2801364329378874,0.28015050817086273,DEEP_BEAR_TO_BEAR_NO_AUTO_BUY,,2,DEEP_BEAR_TO_BEAR_NO_AUTO_BUY,DEEP_BEAR_TO_BEAR_NO_AUTO_BUY,True,INDIRECT_PATH_DIFFERENCE,2
2026-05-13 00:00:00+00:00,2026-05-12 00:00:00+00:00,BEAR,DEEP_BEAR,3,4,0.55,0.25,0.27655176974138485,0.27655176974138485,STAGE4_SELL:EXPOSURE_GAP_BELOW_5PP,2026-05-12 00:00:00+00:00,BEAR,DEEP_BEAR,3,4,0.55,0.25,0.2763805187522899,0.2763805187522899,STAGE4_SELL:EXPOSURE_GAP_BELOW_5PP,,2,STAGE4_SELL:EXPOSURE_GAP_BELOW_5PP,STAGE4_SELL:EXPOSURE_GAP_BELOW_5PP,True,INDIRECT_PATH_DIFFERENCE,2
2026-05-14 00:00:00+00:00,2026-05-13 00:00:00+00:00,DEEP_BEAR,BEAR,4,3,0.25,0.55,0.2740144556542315,0.27402941350809107,DEEP_BEAR_TO_BEAR_NO_AUTO_BUY,2026-05-13 00:00:00+00:00,DEEP_BEAR,BEAR,4,3,0.25,0.55,0.27385468804905283,0.2738688860563267,DEEP_BEAR_TO_BEAR_NO_AUTO_BUY,,2,DEEP_BEAR_TO_BEAR_NO_AUTO_BUY,DEEP_BEAR_TO_BEAR_NO_AUTO_BUY,True,INDIRECT_PATH_DIFFERENCE,2
2026-05-15 00:00:00+00:00,2026-05-14 00:00:00+00:00,BEAR,DEEP_BEAR,3,4,0.55,0.25,0.2778652168703314,0.2778652168703314,STAGE4_SELL:EXPOSURE_GAP_BELOW_5PP,2026-05-14 00:00:00+00:00,BEAR,DEEP_BEAR,3,4,0.55,0.25,0.2776852198072541,0.2776852198072541,STAGE4_SELL:EXPOSURE_GAP_BELOW_5PP,,2,STAGE4_SELL:EXPOSURE_GAP_BELOW_5PP,STAGE4_SELL:EXPOSURE_GAP_BELOW_5PP,True,INDIRECT_PATH_DIFFERENCE,2
2026-05-16 00:00:00+00:00,2026-05-15 00:00:00+00:00,DEEP_BEAR,BEAR,4,3,0.25,0.55,0.2728903556832239,0.2729053367649357,DEEP_BEAR_TO_BEAR_NO_AUTO_BUY,2026-05-15 00:00:00+00:00,DEEP_BEAR,BEAR,4,3,0.25,0.55,0.27270936146102676,0.2727235819214559,DEEP_BEAR_TO_BEAR_NO_AUTO_BUY,,2,DEEP_BEAR_TO_BEAR_NO_AUTO_BUY,DEEP_BEAR_TO_BEAR_NO_AUTO_BUY,True,INDIRECT_PATH_DIFFERENCE,2
2026-05-17 00:00:00+00:00,2026-05-16 00:00:00+00:00,BEAR,DEEP_BEAR,3,4,0.55,0.25,0.2700780029470095,0.27009379372777825,STAGE4_SELL:EXPOSURE_GAP_BELOW_5PP,2026-05-16 00:00:00+00:00,BEAR,DEEP_BEAR,3,4,0.55,0.25,0.26988591278549257,0.26990090205432604,STAGE4_SELL:EXPOSURE_GAP_BELOW_5PP,,2,STAGE4_SELL:EXPOSURE_GAP_BELOW_5PP,STAGE4_SELL:EXPOSURE_GAP_BELOW_5PP,True,INDIRECT_PATH_DIFFERENCE,2
2026-05-18 00:00:00+00:00,2026-05-17 00:00:00+00:00,DEEP_BEAR,BEAR,4,3,0.25,0.55,0.2676127376720588,0.2676300905589475,DEEP_BEAR_TO_BEAR_NO_AUTO_BUY,2026-05-17 00:00:00+00:00,DEEP_BEAR,BEAR,4,3,0.25,0.55,0.2674000124484022,0.26741648498857473,DEEP_BEAR_TO_BEAR_NO_AUTO_BUY,,2,DEEP_BEAR_TO_BEAR_NO_AUTO_BUY,DEEP_BEAR_TO_BEAR_NO_AUTO_BUY,True,INDIRECT_PATH_DIFFERENCE,2
2026-05-19 00:00:00+00:00,2026-05-18 00:00:00+00:00,BEAR,DEEP_BEAR,3,4,0.55,0.25,0.26676654002462247,0.2667816468909945,STAGE4_SELL:EXPOSURE_GAP_BELOW_5PP,2026-05-18 00:00:00+00:00,BEAR,DEEP_BEAR,3,4,0.55,0.25,0.26656088744919754,0.2665752277717915,STAGE4_SELL:EXPOSURE_GAP_BELOW_5PP,,2,STAGE4_SELL:EXPOSURE_GAP_BELOW_5PP,STAGE4_SELL:EXPOSURE_GAP_BELOW_5PP,True,INDIRECT_PATH_DIFFERENCE,2
2026-05-20 00:00:00+00:00,2026-05-19 00:00:00+00:00,DEEP_BEAR,BEAR,4,3,0.25,0.55,0.26605321491655154,0.26605321491655154,DEEP_BEAR_TO_BEAR_NO_AUTO_BUY,2026-05-19 00:00:00+00:00,DEEP_BEAR,BEAR,4,3,0.25,0.55,0.26583656507037345,0.26583656507037345,DEEP_BEAR_TO_BEAR_NO_AUTO_BUY,,2,DEEP_BEAR_TO_BEAR_NO_AUTO_BUY,DEEP_BEAR_TO_BEAR_NO_AUTO_BUY,True,INDIRECT_PATH_DIFFERENCE,2
2026-05-21 00:00:00+00:00,2026-05-20 00:00:00+00:00,BEAR,DEEP_BEAR,3,4,0.55,0.25,0.2678455423304437,0.2678455423304437,STAGE4_SELL:EXPOSURE_GAP_BELOW_5PP,2026-05-20 00:00:00+00:00,BEAR,DEEP_BEAR,3,4,0.55,0.25,0.267625134111122,0.267625134111122,STAGE4_SELL:EXPOSURE_GAP_BELOW_5PP,,2,STAGE4_SELL:EXPOSURE_GAP_BELOW_5PP,STAGE4_SELL:EXPOSURE_GAP_BELOW_5PP,True,INDIRECT_PATH_DIFFERENCE,2
2026-05-22 00:00:00+00:00,2026-05-21 00:00:00+00:00,DEEP_BEAR,BEAR,4,3,0.25,0.55,0.26809496019088086,0.26809496019088086,DEEP_BEAR_TO_BEAR_NO_AUTO_BUY,2026-05-21 00:00:00+00:00,DEEP_BEAR,BEAR,4,3,0.25,0.55,0.26787486447175024,0.26787486447175024,DEEP_BEAR_TO_BEAR_NO_AUTO_BUY,,2,DEEP_BEAR_TO_BEAR_NO_AUTO_BUY,DEEP_BEAR_TO_BEAR_NO_AUTO_BUY,True,INDIRECT_PATH_DIFFERENCE,2
2026-05-23 00:00:00+00:00,2026-05-22 00:00:00+00:00,BEAR,DEEP_BEAR,3,4,0.55,0.25,0.2625676840389925,0.2625676840389925,STAGE4_SELL:EXPOSURE_GAP_BELOW_5PP,2026-05-22 00:00:00+00:00,BEAR,DEEP_BEAR,3,4,0.55,0.25,0.2623417114095858,0.2623417114095858,STAGE4_SELL:EXPOSURE_GAP_BELOW_5PP,,2,STAGE4_SELL:EXPOSURE_GAP_BELOW_5PP,STAGE4_SELL:EXPOSURE_GAP_BELOW_5PP,True,INDIRECT_PATH_DIFFERENCE,2
2026-05-24 00:00:00+00:00,2026-05-23 00:00:00+00:00,DEEP_BEAR,BEAR,4,3,0.25,0.55,0.2661470530407891,0.2661470530407891,DEEP_BEAR_TO_BEAR_NO_AUTO_BUY,2026-05-23 00:00:00+00:00,DEEP_BEAR,BEAR,4,3,0.25,0.55,0.2659304882902964,0.2659304882902964,DEEP_BEAR_TO_BEAR_NO_AUTO_BUY,,2,DEEP_BEAR_TO_BEAR_NO_AUTO_BUY,DEEP_BEAR_TO_BEAR_NO_AUTO_BUY,True,INDIRECT_PATH_DIFFERENCE,2
2026-05-25 00:00:00+00:00,2026-05-24 00:00:00+00:00,BEAR,DEEP_BEAR,3,4,0.55,0.25,0.2663221808997529,0.2663221808997529,STAGE4_SELL:EXPOSURE_GAP_BELOW_5PP,2026-05-24 00:00:00+00:00,BEAR,DEEP_BEAR,3,4,0.55,0.25,0.26608619820206997,0.26608619820206997,STAGE4_SELL:EXPOSURE_GAP_BELOW_5PP,,2,STAGE4_SELL:EXPOSURE_GAP_BELOW_5PP,STAGE4_SELL:EXPOSURE_GAP_BELOW_5PP,True,INDIRECT_PATH_DIFFERENCE,2
2026-05-26 00:00:00+00:00,2026-05-25 00:00:00+00:00,DEEP_BEAR,BEAR,4,3,0.25,0.55,0.267149939580163,0.267149939580163,DEEP_BEAR_TO_BEAR_NO_AUTO_BUY,2026-05-25 00:00:00+00:00,DEEP_BEAR,BEAR,4,3,0.25,0.55,0.26691635407332703,0.26691635407332703,DEEP_BEAR_TO_BEAR_NO_AUTO_BUY,,2,DEEP_BEAR_TO_BEAR_NO_AUTO_BUY,DEEP_BEAR_TO_BEAR_NO_AUTO_BUY,True,INDIRECT_PATH_DIFFERENCE,2
2026-05-27 00:00:00+00:00,2026-05-26 00:00:00+00:00,BEAR,DEEP_BEAR,3,4,0.55,0.25,0.26360538680749845,0.26360538680749845,STAGE4_SELL:EXPOSURE_GAP_BELOW_5PP,2026-05-26 00:00:00+00:00,BEAR,DEEP_BEAR,3,4,0.55,0.25,0.2633716340990929,0.2633716340990929,STAGE4_SELL:EXPOSURE_GAP_BELOW_5PP,,2,STAGE4_SELL:EXPOSURE_GAP_BELOW_5PP,STAGE4_SELL:EXPOSURE_GAP_BELOW_5PP,True,INDIRECT_PATH_DIFFERENCE,2
2026-05-28 00:00:00+00:00,2026-05-27 00:00:00+00:00,DEEP_BEAR,BEAR,4,3,0.25,0.55,0.25961484073390856,0.25961484073390856,DEEP_BEAR_TO_BEAR_NO_AUTO_BUY,2026-05-27 00:00:00+00:00,DEEP_BEAR,BEAR,4,3,0.25,0.55,0.25937616672561126,0.25937616672561126,DEEP_BEAR_TO_BEAR_NO_AUTO_BUY,,2,DEEP_BEAR_TO_BEAR_NO_AUTO_BUY,DEEP_BEAR_TO_BEAR_NO_AUTO_BUY,True,INDIRECT_PATH_DIFFERENCE,2
2026-05-29 00:00:00+00:00,2026-05-28 00:00:00+00:00,BEAR,DEEP_BEAR,3,4,0.55,0.25,0.257681213649608,0.257681213649608,STAGE4_SELL:EXPOSURE_GAP_BELOW_5PP,2026-05-28 00:00:00+00:00,BEAR,DEEP_BEAR,3,4,0.55,0.25,0.2574476959921422,0.2574476959921422,STAGE4_SELL:EXPOSURE_GAP_BELOW_5PP,,2,STAGE4_SELL:EXPOSURE_GAP_BELOW_5PP,STAGE4_SELL:EXPOSURE_GAP_BELOW_5PP,True,INDIRECT_PATH_DIFFERENCE,2
2026-05-30 00:00:00+00:00,2026-05-29 00:00:00+00:00,DEEP_BEAR,BEAR,4,3,0.25,0.55,0.2575253817468159,0.2575253817468159,DEEP_BEAR_TO_BEAR_NO_AUTO_BUY,2026-05-29 00:00:00+00:00,DEEP_BEAR,BEAR,4,3,0.25,0.55,0.25729681489023243,0.25729681489023243,DEEP_BEAR_TO_BEAR_NO_AUTO_BUY,,2,DEEP_BEAR_TO_BEAR_NO_AUTO_BUY,DEEP_BEAR_TO_BEAR_NO_AUTO_BUY,True,INDIRECT_PATH_DIFFERENCE,2
2026-05-31 00:00:00+00:00,2026-05-30 00:00:00+00:00,BEAR,DEEP_BEAR,3,4,0.55,0.25,0.2585603412359657,0.2585603412359657,STAGE4_SELL:EXPOSURE_GAP_BELOW_5PP,2026-05-30 00:00:00+00:00,BEAR,DEEP_BEAR,3,4,0.55,0.25,0.25832724528138334,0.25832724528138334,STAGE4_SELL:EXPOSURE_GAP_BELOW_5PP,,2,STAGE4_SELL:EXPOSURE_GAP_BELOW_5PP,STAGE4_SELL:EXPOSURE_GAP_BELOW_5PP,True,INDIRECT_PATH_DIFFERENCE,2
2026-06-01 00:00:00+00:00,2026-05-31 00:00:00+00:00,DEEP_BEAR,BEAR,4,3,0.25,0.55,0.2577992862113923,0.2577992862113923,DEEP_BEAR_TO_BEAR_NO_AUTO_BUY,2026-05-31 00:00:00+00:00,DEEP_BEAR,BEAR,4,3,0.25,0.55,0.2575585689472123,0.2575585689472123,DEEP_BEAR_TO_BEAR_NO_AUTO_BUY,,2,DEEP_BEAR_TO_BEAR_NO_AUTO_BUY,DEEP_BEAR_TO_BEAR_NO_AUTO_BUY,True,INDIRECT_PATH_DIFFERENCE,2
2026-06-02 00:00:00+00:00,2026-06-01 00:00:00+00:00,BEAR,DEEP_BEAR,3,4,0.55,0.25,0.2534590035598257,0.2534590035598257,STAGE4_SELL:EXPOSURE_GAP_BELOW_5PP,2026-06-01 00:00:00+00:00,BEAR,DEEP_BEAR,3,4,0.55,0.25,0.2532629021059241,0.2532629021059241,STAGE4_SELL:EXPOSURE_GAP_BELOW_5PP,,2,STAGE4_SELL:EXPOSURE_GAP_BELOW_5PP,STAGE4_SELL:EXPOSURE_GAP_BELOW_5PP,True,INDIRECT_PATH_DIFFERENCE,2
2026-06-03 00:00:00+00:00,2026-06-02 00:00:00+00:00,DEEP_BEAR,DEEP_BEAR,4,4,0.25,0.25,0.24052882757259153,0.24052882757259153,,2026-06-02 00:00:00+00:00,DEEP_BEAR,DEEP_BEAR,4,4,0.25,0.25,0.24032673097731252,0.24032673097731252,,,2,,,True,INDIRECT_PATH_DIFFERENCE,2
2026-06-04 00:00:00+00:00,2026-06-03 00:00:00+00:00,DEEP_BEAR,ACCUMULATION,4,4,0.25,0.35,0.2340206872299203,0.3500157862803029,AHR999_TO35:EXECUTED,2026-06-03 00:00:00+00:00,DEEP_BEAR,ACCUMULATION,4,4,0.25,0.35,0.23384046226276362,0.35001498459225394,AHR999_TO35:EXECUTED,,2,AHR999_TO35:EXECUTED,AHR999_TO35:EXECUTED,True,INDIRECT_PATH_DIFFERENCE,2
2026-06-05 00:00:00+00:00,2026-06-04 00:00:00+00:00,ACCUMULATION,DEEP_BEAR,4,4,0.35,0.25,0.34777271853934444,0.25,ACCUMULATION_LOCK_RELEASE_LOWER_LOW|STAGE4_SELL:EXECUTED,2026-06-04 00:00:00+00:00,ACCUMULATION,DEEP_BEAR,4,4,0.35,0.25,0.34774884138272893,0.25,ACCUMULATION_LOCK_RELEASE_LOWER_LOW|STAGE4_SELL:EXECUTED,,2,ACCUMULATION_LOCK_RELEASE_LOWER_LOW|STAGE4_SELL:EXECUTED,ACCUMULATION_LOCK_RELEASE_LOWER_LOW|STAGE4_SELL:EXECUTED,True,INDIRECT_PATH_DIFFERENCE,2
2026-06-06 00:00:00+00:00,2026-06-05 00:00:00+00:00,DEEP_BEAR,ACCUMULATION,4,4,0.25,0.35,0.23840230445993682,0.35,AHR999_TO35:EXECUTED,2026-06-05 00:00:00+00:00,DEEP_BEAR,ACCUMULATION,4,4,0.25,0.35,0.23831866037231744,0.35,AHR999_TO35:EXECUTED,,2,AHR999_TO35:EXECUTED,AHR999_TO35:EXECUTED,True,INDIRECT_PATH_DIFFERENCE,2
2026-06-07 00:00:00+00:00,2026-06-06 00:00:00+00:00,ACCUMULATION,ACCUMULATION,4,4,0.35,0.35,0.34898882358710775,0.34898882358710775,,2026-06-06 00:00:00+00:00,ACCUMULATION,ACCUMULATION,4,4,0.35,0.35,0.3489814147181218,0.3489814147181218,,,2,,,True,INDIRECT_PATH_DIFFERENCE,2
2026-06-08 00:00:00+00:00,2026-06-07 00:00:00+00:00,ACCUMULATION,ACCUMULATION,4,4,0.35,0.35,0.3604106906088782,0.3604106906088782,,2026-06-07 00:00:00+00:00,ACCUMULATION,ACCUMULATION,4,4,0.35,0.35,0.36043877236935856,0.36043877236935856,,,2,,,True,INDIRECT_PATH_DIFFERENCE,2
2026-06-09 00:00:00+00:00,2026-06-08 00:00:00+00:00,ACCUMULATION,ACCUMULATION,4,4,0.35,0.35,0.3598092029584499,0.3598092029584499,,2026-06-08 00:00:00+00:00,ACCUMULATION,ACCUMULATION,4,4,0.35,0.35,0.35984016983499645,0.35984016983499645,,,2,,,True,INDIRECT_PATH_DIFFERENCE,2
2026-06-10 00:00:00+00:00,2026-06-09 00:00:00+00:00,ACCUMULATION,ACCUMULATION,4,4,0.35,0.35,0.3542291576285813,0.3542291576285813,,2026-06-09 00:00:00+00:00,ACCUMULATION,ACCUMULATION,4,4,0.35,0.35,0.35424926125452216,0.35424926125452216,,,2,,,True,INDIRECT_PATH_DIFFERENCE,2
2026-06-11 00:00:00+00:00,2026-06-10 00:00:00+00:00,ACCUMULATION,ACCUMULATION,4,4,0.35,0.35,0.35292990461794355,0.35292990461794355,,2026-06-10 00:00:00+00:00,ACCUMULATION,ACCUMULATION,4,4,0.35,0.35,0.3529409038814903,0.3529409038814903,,,2,,,True,INDIRECT_PATH_DIFFERENCE,2
2026-06-12 00:00:00+00:00,2026-06-11 00:00:00+00:00,ACCUMULATION,ACCUMULATION,4,4,0.35,0.35,0.3605518350673737,0.3605518350673737,,2026-06-11 00:00:00+00:00,ACCUMULATION,ACCUMULATION,4,4,0.35,0.35,0.3605592260126023,0.3605592260126023,,,2,,,True,INDIRECT_PATH_DIFFERENCE,2
2026-06-13 00:00:00+00:00,2026-06-12 00:00:00+00:00,ACCUMULATION,DEEP_BEAR,4,4,0.35,0.25,0.36016838697384834,0.25,STAGE4_SELL:EXECUTED,2026-06-12 00:00:00+00:00,ACCUMULATION,DEEP_BEAR,4,4,0.35,0.25,0.3601708514668898,0.25000000000000006,STAGE4_SELL:EXECUTED,,2,STAGE4_SELL:EXECUTED,STAGE4_SELL:EXECUTED,True,INDIRECT_PATH_DIFFERENCE,2
2026-06-14 00:00:00+00:00,2026-06-13 00:00:00+00:00,DEEP_BEAR,ACCUMULATION,4,4,0.25,0.35,0.25236402390355006,0.35,AHR999_TO35:EXECUTED,2026-06-13 00:00:00+00:00,DEEP_BEAR,ACCUMULATION,4,4,0.25,0.35,0.25235650253155045,0.3499999999999999,AHR999_TO35:EXECUTED,,2,AHR999_TO35:EXECUTED,AHR999_TO35:EXECUTED,True,INDIRECT_PATH_DIFFERENCE,2
2026-06-15 00:00:00+00:00,2026-06-14 00:00:00+00:00,ACCUMULATION,ACCUMULATION,4,4,0.35,0.35,0.35496797464652496,0.35496797464652496,,2026-06-14 00:00:00+00:00,ACCUMULATION,ACCUMULATION,4,4,0.35,0.35,0.3549735582047463,0.3549735582047463,,,2,,,True,INDIRECT_PATH_DIFFERENCE,2
2026-06-16 00:00:00+00:00,2026-06-15 00:00:00+00:00,ACCUMULATION,ACCUMULATION,4,4,0.35,0.35,0.3591688295888201,0.3591688295888201,,2026-06-15 00:00:00+00:00,ACCUMULATION,ACCUMULATION,4,4,0.35,0.35,0.35920759050236756,0.35920759050236756,,,2,,,True,INDIRECT_PATH_DIFFERENCE,2
2026-06-17 00:00:00+00:00,2026-06-16 00:00:00+00:00,ACCUMULATION,ACCUMULATION,4,4,0.35,0.35,0.35748659816759776,0.35748659816759776,,2026-06-16 00:00:00+00:00,ACCUMULATION,ACCUMULATION,4,4,0.35,0.35,0.3575330661949554,0.3575330661949554,,,2,,,True,INDIRECT_PATH_DIFFERENCE,2
2026-06-18 00:00:00+00:00,2026-06-17 00:00:00+00:00,ACCUMULATION,ACCUMULATION,4,4,0.35,0.35,0.35298892628413775,0.35298892628413775,,2026-06-17 00:00:00+00:00,ACCUMULATION,ACCUMULATION,4,4,0.35,0.35,0.3530272989280491,0.3530272989280491,,,2,,,True,INDIRECT_PATH_DIFFERENCE,2
2026-06-19 00:00:00+00:00,2026-06-18 00:00:00+00:00,ACCUMULATION,ACCUMULATION,4,4,0.35,0.35,0.3475791413175699,0.3475791413175699,,2026-06-18 00:00:00+00:00,ACCUMULATION,ACCUMULATION,4,4,0.35,0.35,0.34761763948298274,0.34761763948298274,,,2,,,True,INDIRECT_PATH_DIFFERENCE,2
2026-06-20 00:00:00+00:00,2026-06-19 00:00:00+00:00,ACCUMULATION,ACCUMULATION,4,4,0.35,0.35,0.34907100522451584,0.34907100522451584,,2026-06-19 00:00:00+00:00,ACCUMULATION,ACCUMULATION,4,4,0.35,0.35,0.349098277172644,0.349098277172644,,,2,,,True,INDIRECT_PATH_DIFFERENCE,2
2026-06-21 00:00:00+00:00,2026-06-20 00:00:00+00:00,ACCUMULATION,DEEP_BEAR,4,4,0.35,0.25,0.3521633181146019,0.25000000000000006,STAGE4_SELL:EXECUTED,2026-06-20 00:00:00+00:00,ACCUMULATION,DEEP_BEAR,4,4,0.35,0.25,0.3521954778980421,0.25,STAGE4_SELL:EXECUTED,,2,STAGE4_SELL:EXECUTED,STAGE4_SELL:EXECUTED,True,INDIRECT_PATH_DIFFERENCE,2
2026-06-22 00:00:00+00:00,2026-06-21 00:00:00+00:00,DEEP_BEAR,ACCUMULATION,4,4,0.25,0.35,0.24691967849488652,0.35,AHR999_TO35:EXECUTED,2026-06-21 00:00:00+00:00,DEEP_BEAR,ACCUMULATION,4,4,0.25,0.35,0.2469128136365558,0.35,AHR999_TO35:EXECUTED,,2,AHR999_TO35:EXECUTED,AHR999_TO35:EXECUTED,True,INDIRECT_PATH_DIFFERENCE,2
2026-06-23 00:00:00+00:00,2026-06-22 00:00:00+00:00,ACCUMULATION,ACCUMULATION,4,4,0.35,0.35,0.35264534951104776,0.35264534951104776,,2026-06-22 00:00:00+00:00,ACCUMULATION,ACCUMULATION,4,4,0.35,0.35,0.3526454711513051,0.3526454711513051,,,2,,,True,INDIRECT_PATH_DIFFERENCE,2
2026-06-24 00:00:00+00:00,2026-06-23 00:00:00+00:00,ACCUMULATION,ACCUMULATION,4,4,0.35,0.35,0.34697731193508385,0.34697731193508385,,2026-06-23 00:00:00+00:00,ACCUMULATION,ACCUMULATION,4,4,0.35,0.35,0.3469594048202072,0.3469594048202072,,,2,,,True,INDIRECT_PATH_DIFFERENCE,2
2026-06-25 00:00:00+00:00,2026-06-24 00:00:00+00:00,ACCUMULATION,ACCUMULATION,4,4,0.35,0.35,0.340925188333648,0.340925188333648,,2026-06-24 00:00:00+00:00,ACCUMULATION,ACCUMULATION,4,4,0.35,0.35,0.34090555928671007,0.34090555928671007,,,2,,,True,INDIRECT_PATH_DIFFERENCE,2
2026-06-26 00:00:00+00:00,2026-06-25 00:00:00+00:00,ACCUMULATION,ACCUMULATION,4,4,0.35,0.35,0.33533849365999985,0.33533849365999985,,2026-06-25 00:00:00+00:00,ACCUMULATION,ACCUMULATION,4,4,0.35,0.35,0.33530434606854465,0.33530434606854465,,,2,,,True,INDIRECT_PATH_DIFFERENCE,2
2026-06-27 00:00:00+00:00,2026-06-26 00:00:00+00:00,ACCUMULATION,ACCUMULATION,4,4,0.35,0.35,0.33661238157951556,0.33661238157951556,,2026-06-26 00:00:00+00:00,ACCUMULATION,ACCUMULATION,4,4,0.35,0.35,0.33657877235124917,0.33657877235124917,,,2,,,True,INDIRECT_PATH_DIFFERENCE,2
2026-06-28 00:00:00+00:00,2026-06-27 00:00:00+00:00,ACCUMULATION,ACCUMULATION,4,4,0.35,0.35,0.3362619319257913,0.3362619319257913,,2026-06-27 00:00:00+00:00,ACCUMULATION,ACCUMULATION,4,4,0.35,0.35,0.3362251479210169,0.3362251479210169,,,2,,,True,INDIRECT_PATH_DIFFERENCE,2
2026-06-29 00:00:00+00:00,2026-06-28 00:00:00+00:00,ACCUMULATION,DEEP_BEAR,4,4,0.35,0.25,0.3350199096896362,0.25,STAGE4_SELL:EXECUTED,2026-06-28 00:00:00+00:00,ACCUMULATION,DEEP_BEAR,4,4,0.35,0.25,0.33498840358685855,0.25000000000000006,STAGE4_SELL:EXECUTED,,2,STAGE4_SELL:EXECUTED,STAGE4_SELL:EXECUTED,True,INDIRECT_PATH_DIFFERENCE,2
2026-06-30 00:00:00+00:00,2026-06-29 00:00:00+00:00,DEEP_BEAR,ACCUMULATION,4,4,0.25,0.35,0.2529235613303893,0.3499999999999999,AHR999_TO35:EXECUTED,2026-06-29 00:00:00+00:00,DEEP_BEAR,ACCUMULATION,4,4,0.25,0.35,0.2529391879532211,0.35000000000000003,AHR999_TO35:EXECUTED,,2,AHR999_TO35:EXECUTED,AHR999_TO35:EXECUTED,True,INDIRECT_PATH_DIFFERENCE,2
2026-07-01 00:00:00+00:00,2026-06-30 00:00:00+00:00,ACCUMULATION,ACCUMULATION,4,4,0.35,0.35,0.34391039448808,0.34391039448808,,2026-06-30 00:00:00+00:00,ACCUMULATION,ACCUMULATION,4,4,0.35,0.35,0.34391087191237174,0.34391087191237174,,,2,,,True,INDIRECT_PATH_DIFFERENCE,2
2026-07-02 00:00:00+00:00,2026-07-01 00:00:00+00:00,ACCUMULATION,ACCUMULATION,4,4,0.35,0.35,0.3492803339103303,0.3492803339103303,,2026-07-01 00:00:00+00:00,ACCUMULATION,ACCUMULATION,4,4,0.35,0.35,0.3492795813491525,0.3492795813491525,,,2,,,True,INDIRECT_PATH_DIFFERENCE,2
2026-07-03 00:00:00+00:00,2026-07-02 00:00:00+00:00,ACCUMULATION,ACCUMULATION,4,4,0.35,0.35,0.3571833593345003,0.3571833593345003,,2026-07-02 00:00:00+00:00,ACCUMULATION,ACCUMULATION,4,4,0.35,0.35,0.3572117708691671,0.3572117708691671,,,2,,,True,INDIRECT_PATH_DIFFERENCE,2
2026-07-04 00:00:00+00:00,2026-07-03 00:00:00+00:00,ACCUMULATION,ACCUMULATION,4,4,0.35,0.35,0.36219756370866,0.36221416863506795,,2026-07-03 00:00:00+00:00,ACCUMULATION,ACCUMULATION,4,4,0.35,0.35,0.36224396767709127,0.36225973038042353,,,2,,,True,INDIRECT_PATH_DIFFERENCE,2
2026-07-05 00:00:00+00:00,2026-07-04 00:00:00+00:00,ACCUMULATION,ACCUMULATION,4,4,0.35,0.35,0.3645691011824432,0.3645691011824432,,2026-07-04 00:00:00+00:00,ACCUMULATION,ACCUMULATION,4,4,0.35,0.35,0.3646179010010077,0.3646179010010077,,,2,,,True,INDIRECT_PATH_DIFFERENCE,2
2026-07-06 00:00:00+00:00,2026-07-05 00:00:00+00:00,ACCUMULATION,ACCUMULATION,4,4,0.35,0.35,0.36606045255857717,0.36606045255857717,,2026-07-05 00:00:00+00:00,ACCUMULATION,ACCUMULATION,4,4,0.35,0.35,0.3661028397169506,0.3661028397169506,,,2,,,True,INDIRECT_PATH_DIFFERENCE,2
2026-07-07 00:00:00+00:00,2026-07-06 00:00:00+00:00,ACCUMULATION,ACCUMULATION,4,4,0.35,0.35,0.3676415480711203,0.3676415480711203,,2026-07-06 00:00:00+00:00,ACCUMULATION,ACCUMULATION,4,4,0.35,0.35,0.36768399244241484,0.36768399244241484,,,2,,,True,INDIRECT_PATH_DIFFERENCE,2
2026-07-08 00:00:00+00:00,2026-07-07 00:00:00+00:00,ACCUMULATION,ACCUMULATION,4,4,0.35,0.35,0.3648151210470626,0.3648151210470626,,2026-07-07 00:00:00+00:00,ACCUMULATION,ACCUMULATION,4,4,0.35,0.35,0.36485105423246,0.36485105423246,,,2,,,True,INDIRECT_PATH_DIFFERENCE,2
2026-07-09 00:00:00+00:00,2026-07-08 00:00:00+00:00,ACCUMULATION,ACCUMULATION,4,4,0.35,0.35,0.36098603249093236,0.36098603249093236,,2026-07-08 00:00:00+00:00,ACCUMULATION,ACCUMULATION,4,4,0.35,0.35,0.3610213401782856,0.3610213401782856,,,2,,,True,INDIRECT_PATH_DIFFERENCE,2
2026-07-10 00:00:00+00:00,2026-07-09 00:00:00+00:00,ACCUMULATION,ACCUMULATION,4,4,0.35,0.35,0.36345005223909144,0.36345005223909144,,2026-07-09 00:00:00+00:00,ACCUMULATION,ACCUMULATION,4,4,0.35,0.35,0.36346957720139206,0.36346957720139206,,,2,,,True,INDIRECT_PATH_DIFFERENCE,2
2026-07-11 00:00:00+00:00,2026-07-10 00:00:00+00:00,ACCUMULATION,ACCUMULATION,4,4,0.35,0.35,0.36791638484017536,0.3679328412247489,,2026-07-10 00:00:00+00:00,ACCUMULATION,ACCUMULATION,4,4,0.35,0.35,0.367950675485101,0.3679662974598412,,,2,,,True,INDIRECT_PATH_DIFFERENCE,2
2026-07-12 00:00:00+00:00,2026-07-11 00:00:00+00:00,ACCUMULATION,ACCUMULATION,4,4,0.35,0.35,0.36671076001925246,0.36671076001925246,,2026-07-11 00:00:00+00:00,ACCUMULATION,ACCUMULATION,4,4,0.35,0.35,0.3667443803920252,0.3667443803920252,,,2,,,True,INDIRECT_PATH_DIFFERENCE,2
2026-07-13 00:00:00+00:00,2026-07-12 00:00:00+00:00,ACCUMULATION,ACCUMULATION,4,4,0.35,0.35,0.3674239856843103,0.3674239856843103,,2026-07-12 00:00:00+00:00,ACCUMULATION,ACCUMULATION,4,4,0.35,0.35,0.36746794138939926,0.36746794138939926,,,2,,,True,INDIRECT_PATH_DIFFERENCE,2
2026-07-14 00:00:00+00:00,2026-07-13 00:00:00+00:00,ACCUMULATION,ACCUMULATION,4,4,0.35,0.35,0.36258029210005344,0.36258029210005344,,2026-07-13 00:00:00+00:00,ACCUMULATION,ACCUMULATION,4,4,0.35,0.35,0.3626296227286327,0.3626296227286327,,,2,,,True,INDIRECT_PATH_DIFFERENCE,2
2026-07-15 00:00:00+00:00,2026-07-14 00:00:00+00:00,ACCUMULATION,ACCUMULATION,4,4,0.35,0.35,0.374022238467648,0.374022238467648,,2026-07-14 00:00:00+00:00,ACCUMULATION,ACCUMULATION,4,4,0.35,0.35,0.3740925241779928,0.3740925241779928,,,2,,,True,INDIRECT_PATH_DIFFERENCE,2
2026-07-16 00:00:00+00:00,2026-07-15 00:00:00+00:00,ACCUMULATION,ACCUMULATION,4,4,0.35,0.35,0.37437556765671576,0.37437556765671576,,2026-07-15 00:00:00+00:00,ACCUMULATION,ACCUMULATION,4,4,0.35,0.35,0.3744648011226653,0.3744648011226653,,,2,,,True,INDIRECT_PATH_DIFFERENCE,2
2026-07-17 00:00:00+00:00,2026-07-16 00:00:00+00:00,ACCUMULATION,ACCUMULATION,4,4,0.35,0.35,0.37000306089601354,0.37000306089601354,,2026-07-16 00:00:00+00:00,ACCUMULATION,ACCUMULATION,4,4,0.35,0.35,0.3700751984063488,0.3700751984063488,,,2,,,True,INDIRECT_PATH_DIFFERENCE,2
2026-07-18 00:00:00+00:00,2026-07-17 00:00:00+00:00,ACCUMULATION,ACCUMULATION,4,4,0.35,0.35,0.3693341037127806,0.3693505230180011,,2026-07-17 00:00:00+00:00,ACCUMULATION,ACCUMULATION,4,4,0.35,0.35,0.36939102291203246,0.36940660913663775,,,2,,,True,INDIRECT_PATH_DIFFERENCE,2
2026-07-19 00:00:00+00:00,2026-07-18 00:00:00+00:00,ACCUMULATION,ACCUMULATION,4,4,0.35,0.35,0.3724251999802582,0.3724251999802582,,2026-07-18 00:00:00+00:00,ACCUMULATION,ACCUMULATION,4,4,0.35,0.35,0.372477487569067,0.372477487569067,,,2,,,True,INDIRECT_PATH_DIFFERENCE,2
2026-07-20 00:00:00+00:00,2026-07-19 00:00:00+00:00,ACCUMULATION,ACCUMULATION,4,4,0.35,0.35,0.37255591161586976,0.37255591161586976,,2026-07-19 00:00:00+00:00,ACCUMULATION,ACCUMULATION,4,4,0.35,0.35,0.372614769829819,0.372614769829819,,,2,,,True,INDIRECT_PATH_DIFFERENCE,2
2026-07-21 00:00:00+00:00,2026-07-20 00:00:00+00:00,ACCUMULATION,ACCUMULATION,4,4,0.35,0.35,0.37519016332603217,0.37519016332603217,,2026-07-20 00:00:00+00:00,ACCUMULATION,ACCUMULATION,4,4,0.35,0.35,0.3752573455175982,0.3752573455175982,,,2,,,True,INDIRECT_PATH_DIFFERENCE,2
2026-07-22 00:00:00+00:00,2026-07-21 00:00:00+00:00,ACCUMULATION,ACCUMULATION,4,4,0.35,0.35,0.37934928432200066,0.37934928432200066,,2026-07-21 00:00:00+00:00,ACCUMULATION,ACCUMULATION,4,4,0.35,0.35,0.3794086943946096,0.3794086943946096,,,2,,,True,INDIRECT_PATH_DIFFERENCE,2
2026-07-23 00:00:00+00:00,2026-07-22 00:00:00+00:00,ACCUMULATION,ACCUMULATION,4,4,0.35,0.35,0.3784852908818662,0.3784852908818662,,2026-07-22 00:00:00+00:00,ACCUMULATION,ACCUMULATION,4,4,0.35,0.35,0.3785526459670509,0.3785526459670509,,,2,,,True,INDIRECT_PATH_DIFFERENCE,2
2026-07-24 00:00:00+00:00,2026-07-23 00:00:00+00:00,ACCUMULATION,ACCUMULATION,4,4,0.35,0.35,0.37382430619618595,0.37382430619618595,,2026-07-23 00:00:00+00:00,ACCUMULATION,ACCUMULATION,4,4,0.35,0.35,0.37387532837118415,0.37387532837118415,,,2,,,True,INDIRECT_PATH_DIFFERENCE,2
2026-07-25 00:00:00+00:00,2026-07-24 00:00:00+00:00,ACCUMULATION,ACCUMULATION,4,4,0.35,0.35,0.3708075476551509,0.37082392883892296,,2026-07-24 00:00:00+00:00,ACCUMULATION,ACCUMULATION,4,4,0.35,0.35,0.370863807587323,0.3708793576278995,,,2,,,True,INDIRECT_PATH_DIFFERENCE,2
2026-07-26 00:00:00+00:00,2026-07-25 00:00:00+00:00,ACCUMULATION,ACCUMULATION,4,4,0.35,0.35,0.3719457493624562,0.3719457493624562,,2026-07-25 00:00:00+00:00,ACCUMULATION,ACCUMULATION,4,4,0.35,0.35,0.37200500808399095,0.37200500808399095,,,2,,,True,INDIRECT_PATH_DIFFERENCE,2
2026-07-27 00:00:00+00:00,2026-07-26 00:00:00+00:00,ACCUMULATION,ACCUMULATION,4,4,0.35,0.35,0.37765792035156204,0.37765792035156204,,2026-07-26 00:00:00+00:00,ACCUMULATION,ACCUMULATION,4,4,0.35,0.35,0.3777443457213479,0.3777443457213479,,,2,,,True,INDIRECT_PATH_DIFFERENCE,2
2026-07-28 00:00:00+00:00,2026-07-27 00:00:00+00:00,ACCUMULATION,ACCUMULATION,4,4,0.35,0.35,0.37118425669420574,0.37118425669420574,,2026-07-27 00:00:00+00:00,ACCUMULATION,ACCUMULATION,4,4,0.35,0.35,0.3712616564846997,0.3712616564846997,,,2,,,True,INDIRECT_PATH_DIFFERENCE,2
2026-07-29 00:00:00+00:00,2026-07-28 00:00:00+00:00,ACCUMULATION,ACCUMULATION,4,4,0.35,0.35,0.3728037083428919,0.3728037083428919,,2026-07-28 00:00:00+00:00,ACCUMULATION,ACCUMULATION,4,4,0.35,0.35,0.3728938952215965,0.3728938952215965,,,2,,,True,INDIRECT_PATH_DIFFERENCE,2
2026-07-30 00:00:00+00:00,2026-07-29 00:00:00+00:00,ACCUMULATION,ACCUMULATION,4,4,0.35,0.35,0.3725298779282704,0.3725298779282704,,2026-07-29 00:00:00+00:00,ACCUMULATION,ACCUMULATION,4,4,0.35,0.35,0.37261132558548954,0.37261132558548954,,,2,,,True,INDIRECT_PATH_DIFFERENCE,2
2026-07-31 00:00:00+00:00,2026-07-30 00:00:00+00:00,ACCUMULATION,ACCUMULATION,4,4,0.35,0.35,0.37481289915975735,0.37481289915975735,,2026-07-30 00:00:00+00:00,ACCUMULATION,ACCUMULATION,4,4,0.35,0.35,0.3748836207360491,0.3748836207360491,,,2,,,True,INDIRECT_PATH_DIFFERENCE,2
2026-08-01 00:00:00+00:00,2026-07-31 00:00:00+00:00,ACCUMULATION,ACCUMULATION,4,4,0.35,0.35,0.3679070783926659,0.36792353481508955,,2026-07-31 00:00:00+00:00,ACCUMULATION,ACCUMULATION,4,4,0.35,0.35,0.3679773585567573,0.3679929796885831,,,2,,,True,INDIRECT_PATH_DIFFERENCE,2
2026-08-02 00:00:00+00:00,2026-08-01 00:00:00+00:00,ACCUMULATION,ACCUMULATION,4,4,0.35,0.35,0.3670602120868888,0.3670602120868888,,2026-08-01 00:00:00+00:00,ACCUMULATION,ACCUMULATION,4,4,0.35,0.35,0.36711945650202316,0.36711945650202316,,,2,,,True,INDIRECT_PATH_DIFFERENCE,2
2026-08-03 00:00:00+00:00,2026-08-02 00:00:00+00:00,ACCUMULATION,ACCUMULATION,4,4,0.35,0.35,0.3705752040004478,0.3705752040004478,,2026-08-02 00:00:00+00:00,ACCUMULATION,ACCUMULATION,4,4,0.35,0.35,0.37064451401991855,0.37064451401991855,,,2,,,True,INDIRECT_PATH_DIFFERENCE,2
2026-08-04 00:00:00+00:00,2026-08-03 00:00:00+00:00,ACCUMULATION,ACCUMULATION,4,4,0.35,0.35,0.3694782585655747,0.3694782585655747,,2026-08-03 00:00:00+00:00,ACCUMULATION,ACCUMULATION,4,4,0.35,0.35,0.36953215288907054,0.36953215288907054,,,2,,,True,INDIRECT_PATH_DIFFERENCE,2
2026-08-05 00:00:00+00:00,2026-08-04 00:00:00+00:00,ACCUMULATION,ACCUMULATION,4,4,0.35,0.35,0.37131997471429196,0.37131997471429196,,2026-08-04 00:00:00+00:00,ACCUMULATION,ACCUMULATION,4,4,0.35,0.35,0.37136844813246056,0.37136844813246056,,,2,,,True,INDIRECT_PATH_DIFFERENCE,2
2026-08-06 00:00:00+00:00,2026-08-05 00:00:00+00:00,ACCUMULATION,ACCUMULATION,4,4,0.35,0.35,0.3742973393691542,0.3742973393691542,,2026-08-05 00:00:00+00:00,ACCUMULATION,ACCUMULATION,4,4,0.35,0.35,0.3743574390254404,0.3743574390254404,,,2,,,True,INDIRECT_PATH_DIFFERENCE,2
2026-08-07 00:00:00+00:00,2026-08-06 00:00:00+00:00,ACCUMULATION,ACCUMULATION,4,4,0.35,0.35,0.37328710810831206,0.37328710810831206,,2026-08-06 00:00:00+00:00,ACCUMULATION,ACCUMULATION,4,4,0.35,0.35,0.3733492698666806,0.3733492698666806,,,2,,,True,INDIRECT_PATH_DIFFERENCE,2
2026-08-08 00:00:00+00:00,2026-08-07 00:00:00+00:00,ACCUMULATION,ACCUMULATION,4,4,0.35,0.35,0.3751720934727713,0.37518836113096926,,2026-08-07 00:00:00+00:00,ACCUMULATION,ACCUMULATION,4,4,0.35,0.35,0.37522913195968305,0.37524457420583807,,,2,,,True,INDIRECT_PATH_DIFFERENCE,2
2026-08-09 00:00:00+00:00,2026-08-08 00:00:00+00:00,ACCUMULATION,ACCUMULATION,4,4,0.35,0.35,0.37538784593423064,0.37538784593423064,,2026-08-08 00:00:00+00:00,ACCUMULATION,ACCUMULATION,4,4,0.35,0.35,0.3754447913895101,0.3754447913895101,,,2,,,True,INDIRECT_PATH_DIFFERENCE,2
2026-08-10 00:00:00+00:00,2026-08-09 00:00:00+00:00,ACCUMULATION,ACCUMULATION,4,4,0.35,0.35,0.3750293013634939,0.3750293013634939,,2026-08-09 00:00:00+00:00,ACCUMULATION,ACCUMULATION,4,4,0.35,0.35,0.3750820717641401,0.3750820717641401,,,2,,,True,INDIRECT_PATH_DIFFERENCE,2
2026-08-11 00:00:00+00:00,2026-08-10 00:00:00+00:00,ACCUMULATION,ACCUMULATION,4,4,0.35,0.35,0.3712581884923596,0.3712581884923596,,2026-08-10 00:00:00+00:00,ACCUMULATION,ACCUMULATION,4,4,0.35,0.35,0.3713040114773537,0.3713040114773537,,,2,,,True,INDIRECT_PATH_DIFFERENCE,2
2026-08-12 00:00:00+00:00,2026-08-11 00:00:00+00:00,ACCUMULATION,ACCUMULATION,4,4,0.35,0.35,0.3707592666425369,0.3707592666425369,,2026-08-11 00:00:00+00:00,ACCUMULATION,ACCUMULATION,4,4,0.35,0.35,0.37081514038991287,0.37081514038991287,,,2,,,True,INDIRECT_PATH_DIFFERENCE,2
2026-08-13 00:00:00+00:00,2026-08-12 00:00:00+00:00,ACCUMULATION,ACCUMULATION,4,4,0.35,0.35,0.3703679344357904,0.3703679344357904,,2026-08-12 00:00:00+00:00,ACCUMULATION,ACCUMULATION,4,4,0.35,0.35,0.37042331961748276,0.37042331961748276,,,2,,,True,INDIRECT_PATH_DIFFERENCE,2
2026-08-14 00:00:00+00:00,2026-08-13 00:00:00+00:00,ACCUMULATION,ACCUMULATION,4,4,0.35,0.35,0.3706860629127959,0.3706860629127959,,2026-08-13 00:00:00+00:00,ACCUMULATION,ACCUMULATION,4,4,0.35,0.35,0.3707432543440347,0.3707432543440347,,,2,,,True,INDIRECT_PATH_DIFFERENCE,2
2026-08-15 00:00:00+00:00,2026-08-14 00:00:00+00:00,ACCUMULATION,ACCUMULATION,4,4,0.35,0.35,0.36941945403273785,0.3694358711179751,,2026-08-14 00:00:00+00:00,ACCUMULATION,ACCUMULATION,4,4,0.35,0.35,0.36948189405653015,0.3694974780372745,,,2,,,True,INDIRECT_PATH_DIFFERENCE,2
2026-08-16 00:00:00+00:00,2026-08-15 00:00:00+00:00,ACCUMULATION,ACCUMULATION,4,4,0.35,0.35,0.3695764586919095,0.3695764586919095,,2026-08-15 00:00:00+00:00,ACCUMULATION,ACCUMULATION,4,4,0.35,0.35,0.3696367099066986,0.3696367099066986,,,2,,,True,INDIRECT_PATH_DIFFERENCE,2
2026-08-17 00:00:00+00:00,2026-08-16 00:00:00+00:00,ACCUMULATION,ACCUMULATION,4,4,0.35,0.35,0.3688629541321496,0.3688629541321496,,2026-08-16 00:00:00+00:00,ACCUMULATION,ACCUMULATION,4,4,0.35,0.35,0.36892160497483767,0.36892160497483767,,,2,,,True,INDIRECT_PATH_DIFFERENCE,2
2026-08-18 00:00:00+00:00,2026-08-17 00:00:00+00:00,ACCUMULATION,ACCUMULATION,4,4,0.35,0.35,0.3744362419977081,0.3744362419977081,,2026-08-17 00:00:00+00:00,ACCUMULATION,ACCUMULATION,4,4,0.35,0.35,0.37448720221020315,0.37448720221020315,,,2,,,True,INDIRECT_PATH_DIFFERENCE,2
2026-08-19 00:00:00+00:00,2026-08-18 00:00:00+00:00,ACCUMULATION,ACCUMULATION,4,4,0.35,0.35,0.37509626671426954,0.37509626671426954,,2026-08-18 00:00:00+00:00,ACCUMULATION,ACCUMULATION,4,4,0.35,0.35,0.3751455091940251,0.3751455091940251,,,2,,,True,INDIRECT_PATH_DIFFERENCE,2
2026-08-20 00:00:00+00:00,2026-08-19 00:00:00+00:00,ACCUMULATION,ACCUMULATION,4,4,0.35,0.35,0.3988114879578706,0.3988114879578706,,2026-08-19 00:00:00+00:00,ACCUMULATION,ACCUMULATION,4,4,0.35,0.35,0.3989650558411502,0.3989650558411502,,,2,,,True,INDIRECT_PATH_DIFFERENCE,2
2026-08-21 00:00:00+00:00,2026-08-20 00:00:00+00:00,ACCUMULATION,ACCUMULATION,4,4,0.35,0.35,0.4096963305520891,0.4096963305520891,,2026-08-20 00:00:00+00:00,ACCUMULATION,ACCUMULATION,4,4,0.35,0.35,0.4098277276292206,0.4098277276292206,,,2,,,True,INDIRECT_PATH_DIFFERENCE,2
2026-08-22 00:00:00+00:00,2026-08-21 00:00:00+00:00,ACCUMULATION,ACCUMULATION,4,4,0.35,0.35,0.4274704929684021,0.4274854001847464,,2026-08-21 00:00:00+00:00,ACCUMULATION,ACCUMULATION,4,4,0.35,0.35,0.4276121998552998,0.4276263484785773,,,2,,,True,INDIRECT_PATH_DIFFERENCE,2
2026-08-23 00:00:00+00:00,2026-08-22 00:00:00+00:00,ACCUMULATION,ACCUMULATION,4,4,0.35,0.35,0.4216993020126823,0.4216993020126823,,2026-08-22 00:00:00+00:00,ACCUMULATION,ACCUMULATION,4,4,0.35,0.35,0.42181446413351686,0.42181446413351686,,,2,,,True,INDIRECT_PATH_DIFFERENCE,2
2026-08-24 00:00:00+00:00,2026-08-23 00:00:00+00:00,ACCUMULATION,ACCUMULATION,4,4,0.35,0.35,0.42448849648385717,0.42448849648385717,,2026-08-23 00:00:00+00:00,ACCUMULATION,ACCUMULATION,4,4,0.35,0.35,0.4246119147916154,0.4246119147916154,,,2,,,True,INDIRECT_PATH_DIFFERENCE,2
2026-08-25 00:00:00+00:00,2026-08-24 00:00:00+00:00,ACCUMULATION,ACCUMULATION,4,4,0.35,0.35,0.4277292574504687,0.4277292574504687,,2026-08-24 00:00:00+00:00,ACCUMULATION,ACCUMULATION,4,4,0.35,0.35,0.4278423324556531,0.4278423324556531,,,2,,,True,INDIRECT_PATH_DIFFERENCE,2
2026-08-26 00:00:00+00:00,2026-08-25 00:00:00+00:00,ACCUMULATION,ACCUMULATION,4,4,0.35,0.35,0.4254918330177897,0.4254918330177897,,2026-08-25 00:00:00+00:00,ACCUMULATION,ACCUMULATION,4,4,0.35,0.35,0.42559127688594073,0.42559127688594073,,,2,,,True,INDIRECT_PATH_DIFFERENCE,2
2026-08-27 00:00:00+00:00,2026-08-26 00:00:00+00:00,ACCUMULATION,ACCUMULATION,4,4,0.35,0.35,0.42865460415117923,0.42865460415117923,,2026-08-26 00:00:00+00:00,ACCUMULATION,ACCUMULATION,4,4,0.35,0.35,0.4287765266294023,0.4287765266294023,,,2,,,True,INDIRECT_PATH_DIFFERENCE,2
2026-08-28 00:00:00+00:00,2026-08-27 00:00:00+00:00,ACCUMULATION,ACCUMULATION,4,4,0.35,0.35,0.43131002100564175,0.43131002100564175,,2026-08-27 00:00:00+00:00,ACCUMULATION,ACCUMULATION,4,4,0.35,0.35,0.43141461726327124,0.43141461726327124,,,2,,,True,INDIRECT_PATH_DIFFERENCE,2
2026-08-29 00:00:00+00:00,2026-08-28 00:00:00+00:00,ACCUMULATION,ACCUMULATION,4,4,0.35,0.35,0.4241062828033623,0.42412127735349,,2026-08-28 00:00:00+00:00,ACCUMULATION,ACCUMULATION,4,4,0.35,0.35,0.4242138165468918,0.4242280489332386,,,2,,,True,INDIRECT_PATH_DIFFERENCE,2
2026-08-30 00:00:00+00:00,2026-08-29 00:00:00+00:00,ACCUMULATION,ACCUMULATION,4,4,0.35,0.35,0.42543349687633686,0.42543349687633686,,2026-08-29 00:00:00+00:00,ACCUMULATION,ACCUMULATION,4,4,0.35,0.35,0.42554097601331864,0.42554097601331864,,,2,,,True,INDIRECT_PATH_DIFFERENCE,2
2026-08-31 00:00:00+00:00,2026-08-30 00:00:00+00:00,ACCUMULATION,ACCUMULATION,4,4,0.35,0.35,0.42292846699911457,0.42292846699911457,,2026-08-30 00:00:00+00:00,ACCUMULATION,ACCUMULATION,4,4,0.35,0.35,0.4230237796750055,0.4230237796750055,,,2,,,True,INDIRECT_PATH_DIFFERENCE,2
2026-09-01 00:00:00+00:00,2026-08-31 00:00:00+00:00,ACCUMULATION,ACCUMULATION,4,4,0.35,0.35,0.4265367995894997,0.4265367995894997,,2026-08-31 00:00:00+00:00,ACCUMULATION,ACCUMULATION,4,4,0.35,0.35,0.42664162078202356,0.42664162078202356,,,2,,,True,INDIRECT_PATH_DIFFERENCE,2
2026-09-02 00:00:00+00:00,2026-09-01 00:00:00+00:00,ACCUMULATION,ACCUMULATION,4,4,0.35,0.35,0.42252354981300855,0.42252354981300855,,2026-09-01 00:00:00+00:00,ACCUMULATION,ACCUMULATION,4,4,0.35,0.35,0.4226210573303311,0.4226210573303311,,,2,,,True,INDIRECT_PATH_DIFFERENCE,2
2026-09-03 00:00:00+00:00,2026-09-02 00:00:00+00:00,ACCUMULATION,ACCUMULATION,4,4,0.35,0.35,0.42143351827936537,0.42143351827936537,,2026-09-02 00:00:00+00:00,ACCUMULATION,ACCUMULATION,4,4,0.35,0.35,0.42151813026330337,0.42151813026330337,,,2,,,True,INDIRECT_PATH_DIFFERENCE,2
