baseline_final_value,counterfactual_final_value,final_wealth_contribution,final_wealth_contribution_fraction,delta_twr_cagr_pp,delta_xirr_pp,delta_sharpe,delta_sortino,delta_calmar,baseline_max_dd,counterfactual_max_dd,dd_protection_contribution_pp,baseline_tactical_events,counterfactual_tactical_events,tactical_events_removed_direct,tactical_events_removed_indirect,tactical_trade_rows_removed,gross_notional_saved,turnover_saved,fees_saved,slippage_saved,total_trading_cost_saved,next_major_transition_date,observed_date_7d,baseline_value_7d,counterfactual_value_7d,portfolio_value_contribution_7d,observed_date_30d,baseline_value_30d,counterfactual_value_30d,portfolio_value_contribution_30d,observed_date_60d,baseline_value_60d,counterfactual_value_60d,portfolio_value_contribution_60d,observed_date_90d,baseline_value_90d,counterfactual_value_90d,portfolio_value_contribution_90d,observed_date_180d,baseline_value_180d,counterfactual_value_180d,portfolio_value_contribution_180d,baseline_value_next_transition,counterfactual_value_next_transition,portfolio_value_contribution_next_transition,baseline_local_dd_7d,counterfactual_local_dd_7d,local_dd_protection_7d_pp,baseline_local_dd_30d,counterfactual_local_dd_30d,local_dd_protection_30d_pp,baseline_local_dd_60d,counterfactual_local_dd_60d,local_dd_protection_60d_pp,baseline_local_dd_90d,counterfactual_local_dd_90d,local_dd_protection_90d_pp,baseline_local_dd_next_transition,counterfactual_local_dd_next_transition,local_dd_protection_next_transition_pp,max_local_dd_protection_pp,first_resync_date,days_to_resync,resync_status,net_crypto_exposure_day_difference,absolute_crypto_exposure_day_difference,tactical_event_id,timestamp,action,side,ledger,reason,cycle_id,signal_date,target_exposure,exposure_before,exposure_after,btc_notional,eth_notional,gross_notional,fee,slippage,cost,temporary_lot_id,trade_rows,shadow_state,shadow_stage,signal_type,opposite_action_within_3_closes,opposite_action_within_7_days,opposite_action_within_14_days,classification_loose,classification_base,classification_strict,classification,robust_classification,classification_direction_note,btc_completed_daily_close,ahr999,sma10,sma20,sma50,sma200,bb_upper,bb_middle,bb_lower,bb_band_width,distance_to_sma20,distance_to_sma50,distance_to_sma200,return_20d,return_60d,realized_volatility_20d,distance_to_20d_low,distance_to_60d_low,sma20_slope_3d,btc_execution_price,eth_execution_price,ex_post_btc_forward_return_3d,ex_post_eth_forward_return_3d,ex_post_btc_forward_return_7d,ex_post_eth_forward_return_7d,ex_post_btc_forward_return_14d,ex_post_eth_forward_return_14d,ex_post_btc_forward_return_30d,ex_post_eth_forward_return_30d,ex_post_btc_forward_return_60d,ex_post_eth_forward_return_60d,ex_post_btc_forward_return_90d,ex_post_eth_forward_return_90d,forward_outcome_usage,ahr_environment,event_turnover_fraction
348746.8528777533,347864.88107585214,881.971801901178,0.002528974224780565,0.07008303383480019,0.06141350890727093,0.001379747396875075,0.0013958596743088858,0.007234102352964289,-0.3951313419600695,-0.39692971842632185,0.17983764662523605,106,105,1,0,2,5424.445826214971,0.0005481335875803239,5.424187251955345,2.7122229131068707,8.136410165061989,2020-03-01 00:00:00+00:00,2020-03-06 00:00:00+00:00,26864.17563333676,26784.560561982158,79.61507135460124,2020-03-29 00:00:00+00:00,20884.87107549262,20823.827492727614,61.04358276500716,2020-04-28 00:00:00+00:00,24732.110681980237,24660.720296361065,71.39038561917187,2020-05-28 00:00:00+00:00,27133.270721934212,27056.136528815154,77.13419311905818,2020-08-26 00:00:00+00:00,37865.33830303095,37758.26055600024,107.07774703070754,26267.910996909002,26189.86142462628,78.04957228272178,-0.030613896808549645,-0.03391785689750926,0.3303960088959612,-0.3120444471267412,-0.31203440184283626,-0.001004528390491366,-0.3120444471267412,-0.31203440184283626,-0.001004528390491366,-0.3120444471267412,-0.31203440184283626,-0.001004528390491366,-0.030366328206352766,-0.033571573820947664,0.3205245614594898,0.3303960088959612,2020-03-03 00:00:00+00:00,4.0,RESYNCED,0.1521155005443966,0.1521155005443966,1,2020-02-28 00:00:00+00:00,TACTICAL_SELL_STAGE2,SELL,tactical_bear,EARLY_BEAR_STAGE2,1,2020-02-27 00:00:00+00:00,0.7,0.7752047896042183,0.6999999999999998,1256.605846060611,753.9635076363666,2010.5693536969775,2.0095640690201293,1.0052846768482404,3.01484874586837,,2,EARLY_BEAR,2,STAGE_RISK_SELL,False,False,False,REDUNDANT,MIXED_UNCERTAIN,MIXED_UNCERTAIN,MIXED_UNCERTAIN,False,Positive final contribution means baseline event helped wealth; positive DD contribution means it protected drawdown,8823.21,0.7531830031536808,9519.966,9787.4905,9233.4938,8771.5299,10637.764711498274,9787.4905,8937.216288501726,0.17374713395599697,-0.09852173036591971,-0.04443429636569429,0.005891800015411119,-0.10093206150974199,,0.5679089041531651,0.00432087874562459,,-0.011480821850845091,8823.25,227.73,-0.025076927436035512,-0.03921310323628846,0.023839288244127843,0.00627936591577738,-0.41435865469073185,-0.45444166337329295,-0.29697673759669063,-0.4293241997101831,-0.12715949338395716,-0.1456110306064199,0.039629388263961784,-0.09370746058929436,EX_POST_DIAGNOSTIC_ONLY,BELOW_SMA20_FALLING,0.009396064626217901
348746.8528777533,322745.94243522023,26000.910442533088,0.07455525470117208,2.1396735467648087,1.8714032264981029,0.045903878247974594,0.053484055905505645,0.19103179271097437,-0.3951313419600695,-0.4483683550405879,5.3237013080518425,106,105,1,0,2,159946.50132068293,0.017879390485335378,159.93887841597598,79.97325066033375,239.91212907630916,2020-03-13 00:00:00+00:00,2020-03-08 00:00:00+00:00,26716.24982687319,26873.51104045725,-157.2612135840609,2020-03-31 00:00:00+00:00,21241.447449769417,19394.626434738166,1846.8210150312516,2020-04-30 00:00:00+00:00,27570.331648466745,25207.660448482216,2362.6711999845284,2020-05-30 00:00:00+00:00,28144.53653536889,25738.425286942176,2406.111248426714,2020-08-28 00:00:00+00:00,37950.02402246507,34766.53683771289,3183.487184752179,19904.53609821831,18152.827305542756,1751.708792675552,-0.02900801748724524,-0.03566448275183953,0.6656465264594291,-0.3120444471267412,-0.38040596650333414,6.836151937659296,-0.3120444471267412,-0.38040596650333414,6.836151937659296,-0.3120444471267412,-0.38040596650333414,6.836151937659296,-0.2964342625457387,-0.36626754442861453,6.983328188287585,6.983328188287585,2020-03-15 00:00:00+00:00,14.0,RESYNCED,1.7037014057990787,1.7037014057990787,2,2020-03-01 00:00:00+00:00,TACTICAL_SELL_STAGE3,SELL,tactical_bear,BEAR_STAGE3,1,2020-02-29 00:00:00+00:00,0.55,0.6917508138584276,0.55,2304.3670022306396,1382.6202013383836,3686.987203569023,3.685143709967239,1.8434936017845096,5.528637311751748,,2,BEAR,3,STAGE_RISK_SELL,False,False,False,RISK_ESSENTIAL,RISK_ESSENTIAL,RISK_ESSENTIAL,RISK_ESSENTIAL,True,Positive final contribution means baseline event helped wealth; positive DD contribution means it protected drawdown,8523.61,0.7029209930888335,9265.768,9645.9765,9257.5286,8746.16855,10729.078830313723,9645.9765,8562.874169686278,0.22457080012868008,-0.1163559231146789,-0.07927802675111362,-0.025446405329108357,-0.16038023000960422,0.18461953266261144,0.5498974422950127,0.0,0.22365272168953343,-0.01942052247243853,8523.61,217.29,0.031274307482392905,0.04022274379861024,0.02627642512972783,0.06594873210916297,-0.39243583411254157,-0.4424041603387179,-0.2445137682273122,-0.39187261263748907,0.08979411305773022,0.03810575728289378,0.10237094376678413,0.02489760228266369,EX_POST_DIAGNOSTIC_ONLY,BELOW_SMA20_FALLING,0.017230527251930947
348746.8528777533,357676.9327979094,-8930.079920156102,-0.025606194999231648,-0.7024303388985409,-0.6141661748101268,-0.009623625549413095,-0.01039575151446459,-0.031738194284246735,-0.3951313419600695,-0.3906779778160465,-0.44533641440229754,106,104,1,1,4,-52391.049329224974,0.007171101560624393,-52.38843313013513,-26.195524664610275,-78.58395779474495,2020-03-14 00:00:00+00:00,2020-03-20 00:00:00+00:00,20827.0410603418,21512.476624285697,-685.4355639438982,2020-04-12 00:00:00+00:00,22347.295356404007,23089.667846312885,-742.3724899088775,2020-05-12 00:00:00+00:00,25719.649817583027,26559.88044299191,-840.2306254088835,2020-06-11 00:00:00+00:00,30031.376312161294,31022.406943574366,-991.0306314130721,2020-09-09 00:00:00+00:00,34491.320319858736,35563.6600106844,-1072.3396908256618,20320.98431793809,20867.210523155343,-546.2262052172518,-0.06950349633372244,-0.08737962021293422,1.787612387921178,-0.06950349633372244,-0.08737962021293422,1.787612387921178,-0.09389516092381323,-0.09413879421479232,0.024363329097909503,-0.09389516092381323,-0.09413879421479232,0.024363329097909503,-0.009070925436120092,-0.014180072527993914,0.5109147091873822,1.787612387921178,2020-03-30 00:00:00+00:00,17.0,RESYNCED,1.4196132633457768,1.4197936307210575,3,2020-03-13 00:00:00+00:00,TACTICAL_SELL_STAGE4,SELL,tactical_bear,FSM_BEAR_ACCELERATION,1,2020-03-12 00:00:00+00:00,0.25,0.3959048111316347,0.25000000000000006,1765.6920186791176,1059.4152112074707,2825.1072298865884,2.8236946762716455,1.4125536149430382,4.236248291214683,,2,DEEP_BEAR,4,STAGE_RISK_SELL,True,True,True,MIXED_UNCERTAIN,MIXED_UNCERTAIN,MIXED_UNCERTAIN,MIXED_UNCERTAIN,True,Positive final contribution means baseline event helped wealth; positive DD contribution means it protected drawdown,4800.0,0.22231780864780484,8117.642,8600.3875,9164.830600000001,8620.3676,10673.628445426999,8600.3875,6527.1465545730025,0.48212733331538793,-0.44188561271221793,-0.47625873193990087,-0.443179198065753,-0.5039810686107853,-0.4135599598288572,1.7516395376508809,0.0,0.0,-0.04570522063937865,4800.01,107.67,0.0986102112287266,0.13736416829200326,0.28257024464532376,0.2518807467261075,0.4152053849887811,0.2937679947989227,0.41801579580042536,0.44506362032135227,0.8158441336580546,0.7507197919569053,1.060239457834463,1.3050060369647998,EX_POST_DIAGNOSTIC_ONLY,BELOW_SMA20_FALLING,0.013202673192645573
348746.8528777533,347108.0249550197,1638.827922733617,0.004699190571070408,0.1317882686221683,0.11422540070123999,0.0026783186649101953,0.0026942986682425563,0.003335302837998766,-0.3951313419600695,-0.3951313419600695,0.0,106,104,1,1,4,14901.39661766612,0.02320510047630897,14.900912533738165,7.450698308832216,22.351610842570608,2020-03-30 00:00:00+00:00,2020-04-04 00:00:00+00:00,21637.97819460436,21484.11405328788,153.8641413164769,2020-04-27 00:00:00+00:00,24845.890232345162,24676.00077066654,169.88946167862377,2020-05-27 00:00:00+00:00,26454.814298059788,26274.60875934636,180.2055387134278,2020-06-26 00:00:00+00:00,28659.15089371074,28465.256500127638,193.8943935831012,2020-09-24 00:00:00+00:00,34668.86097345816,34449.06685567556,219.79411778259964,20799.326804892546,20640.265260750017,159.06154414252887,-0.017884798387310052,-0.019150188905964982,0.12653905186549297,-0.055262207141622666,-0.05525645290289527,-0.0005754238727395666,-0.09389516092381323,-0.093823954214867,-0.007120670894622538,-0.09389516092381323,-0.093823954214867,-0.007120670894622538,-0.012720717377378454,-0.019150188905964982,0.6429471528586528,0.6429471528586528,2020-04-01 00:00:00+00:00,4.0,RESYNCED,0.24907263853966233,0.24907263853966233,5,2020-03-28 00:00:00+00:00,TACTICAL_SELL_STAGE4,SELL,tactical_bear,ACCUMULATION_BEARISH_REBREAK,1,2020-03-27 00:00:00+00:00,0.25,0.3695146883691283,0.25,1567.0442346217806,940.2265407730683,2507.270775394849,2.5060171400071516,1.2536353876973216,3.759652527704473,,2,DEEP_BEAR,4,BEARISH_REBREAK_SELL,True,True,True,RISK_ESSENTIAL,MIXED_UNCERTAIN,MIXED_UNCERTAIN,MIXED_UNCERTAIN,False,Positive final contribution means baseline event helped wealth; positive DD contribution means it protected drawdown,6359.11,0.39642015793687346,6275.287,6289.9349999999995,8212.200799999999,8305.40265,8292.287311772352,6289.9349999999995,4287.582688227646,0.6366845799749451,0.010997728911348092,-0.2256509363482685,-0.23434055301340506,-0.2844206934888923,-0.28610047409113826,2.1734878330831076,0.32481458333333335,0.32481458333333335,-0.054841687351923074,6359.11,131.33,0.012636988509398428,0.006167669230183304,0.05300741770467887,0.06396101423893996,0.086287232018317,0.2184573212518084,0.21605067375780584,0.501408665194548,0.38838611063497885,0.5354450620574125,0.4541075716570402,0.7689789080941138,EX_POST_DIAGNOSTIC_ONLY,ABOVE_SMA20_NOT_NEAR_LOW,0.01171731688723834
348746.8528777533,357327.28354231536,-8580.430664562038,-0.02460360744121108,-0.6257718033308768,-0.5903766501299645,-0.007254642142639822,-0.006910509690473576,-0.015837058134307913,-0.3951313419600695,-0.3951313419600695,0.0,106,105,1,0,2,-51804.04660281283,-0.004442418927393277,-51.80153174040697,-25.902023301403915,-77.70355504181089,2020-07-15 00:00:00+00:00,2020-06-28 00:00:00+00:00,27856.17543952288,27752.82553656499,103.34990295789248,2020-07-21 00:00:00+00:00,29055.16564450874,29062.761422293726,-7.595777784987149,2020-08-20 00:00:00+00:00,39005.51775482667,40166.62704729132,-1161.1092924646437,2020-09-19 00:00:00+00:00,37448.48360489539,38295.3456632378,-846.8620583424126,2020-12-18 00:00:00+00:00,62341.4016205967,63602.98234226536,-1261.580721668659,29134.98135489011,29161.37204329103,-26.390688400919316,-0.06323275599640976,-0.07110986556889987,0.7877109572490104,-0.06323275599640976,-0.07110986556889987,0.7877109572490104,-0.07286900000470908,-0.07928072936781183,0.6411729363102747,-0.19869570419040328,-0.2095011567567302,1.0805452566326923,-0.06323275599640976,-0.07110986556889987,0.7877109572490104,1.0805452566326923,2020-09-07 00:00:00+00:00,78.0,RESYNCED,6.060165275228733,6.061279005098126,19,2020-06-21 00:00:00+00:00,TACTICAL_SELL_STAGE2,SELL,tactical_bear,EARLY_BEAR_STAGE2,2,2020-06-20 00:00:00+00:00,0.7,0.7901699532378177,0.7,1614.1161987071819,968.4697192243092,2582.585917931491,2.581294624972526,1.2912929589654611,3.872587583937987,,2,EARLY_BEAR,2,STAGE_RISK_SELL,False,False,False,MIXED_UNCERTAIN,MIXED_UNCERTAIN,MIXED_UNCERTAIN,MIXED_UNCERTAIN,True,Positive final contribution means baseline event helped wealth; positive DD contribution means it protected drawdown,9358.95,0.7670872967689386,9403.322,9584.061,9394.7538,8247.11395,10035.246086273906,9584.061,9132.875913726093,0.09415321673639318,-0.023488060019651313,-0.00381104186040504,0.13481516767450508,-0.009453582507697122,0.36799354515250604,0.5629207864829024,0.008464074824361179,0.31351103276567205,-0.00269283707211887,9358.95,228.88,0.03122251962025646,0.07222125131073054,-0.041366819995833026,-0.0417686123732961,-0.024484584274945487,-0.0027962250961202084,-0.01903204953547144,0.03556448794127931,0.25011780167647,0.778049632995456,0.1727811346358299,0.6727979727368054,EX_POST_DIAGNOSTIC_ONLY,BELOW_SMA20_FALLING,0.01206928979745199
348746.8528777533,368479.6077675936,-19732.75488984026,-0.056581886623525195,-1.3784143549809391,-1.33917469319621,-0.013531590723592224,-0.014488182797696147,-0.03488496630369142,-0.3951313419600695,-0.3951313419600695,0.0,106,105,1,0,2,-119135.80959719326,-0.010161267473060676,-119.13002606890859,-59.56790479859092,-178.6979308674995,2020-09-18 00:00:00+00:00,2020-09-12 00:00:00+00:00,36141.54192897413,36091.84827480658,49.69365416755318,2020-10-05 00:00:00+00:00,36186.149219722865,36142.73571817191,43.41350155095279,2020-11-04 00:00:00+00:00,41663.14105830878,42173.48407394432,-510.3430156355389,2020-12-04 00:00:00+00:00,56157.90151095196,57953.41795628933,-1795.5164453373727,2021-03-04 00:00:00+00:00,129365.8179927959,137875.10687754228,-8509.288884746376,37533.1511161535,37611.57022217582,-78.41910602231656,-0.07537203298989326,-0.08129700943494178,0.5924976445048524,-0.08826557853477901,-0.09562469780468241,0.7359119269903402,-0.08826557853477901,-0.09562469780468241,0.7359119269903402,-0.1313991187960667,-0.1389570654846829,0.7557946688616202,-0.07537203298989326,-0.08129700943494178,0.5924976445048524,0.7557946688616202,2021-04-23 00:00:00+00:00,230.0,RESYNCED,9.378397641906712,9.37967322485687,20,2020-09-05 00:00:00+00:00,TACTICAL_SELL_STAGE2,SELL,tactical_bear,EARLY_BEAR_STAGE2,2,2020-09-04 00:00:00+00:00,0.7,0.7664510685268818,0.7,1527.7753681651711,916.6652208991027,2444.440589064274,2.443218368769742,1.2222202945318343,3.6654386633015763,,2,EARLY_BEAR,2,STAGE_RISK_SELL,False,False,False,MIXED_UNCERTAIN,MIXED_UNCERTAIN,MIXED_UNCERTAIN,MIXED_UNCERTAIN,True,Positive final contribution means baseline event helped wealth; positive DD contribution means it protected drawdown,10446.25,0.7818678798921365,11304.284,11534.8585,11092.316400000002,9074.964549999999,12487.112327910805,11534.8585,10582.604672089195,0.16510888762281822,-0.09437554002071202,-0.05824449796617792,0.15110642498322502,-0.11863841922311091,0.11793947047366271,0.6238531722901703,0.03011581869369917,0.1437015805170292,-0.014596705620118167,10446.25,385.3,-0.01373124326911579,-0.09473137814689847,-0.009948067488333101,-0.041629898780171315,0.05071197798252958,-0.006306773942382549,0.021024769654182096,-0.08640020763041789,0.330382673208089,0.002102257980794109,0.8344018188345099,0.5640799377108745,EX_POST_DIAGNOSTIC_ONLY,BELOW_SMA20_FALLING,0.011423690362913842
348746.8528777533,359163.8768027987,-10417.023925045389,-0.029869872198379038,-0.7237360638636225,-0.7151051264749686,-0.0015851289505077748,-0.0019824104860866054,-0.009926654213162633,-0.3951313419600695,-0.3978554912014389,0.27241492413694335,106,105,1,0,2,-62892.41344312066,-0.015942633441021314,-62.889360288462285,-31.446206721557246,-94.33556701001999,2021-05-04 00:00:00+00:00,2021-04-28 00:00:00+00:00,173325.22513587418,174529.7071392353,-1204.4820033611322,2021-05-21 00:00:00+00:00,167454.52740663016,173152.64610541734,-5698.118698787177,2021-06-20 00:00:00+00:00,156127.51755157742,161402.34271090236,-5274.825159324944,2021-07-20 00:00:00+00:00,149398.89056111162,154436.8336654626,-5037.9431043509685,2021-10-18 00:00:00+00:00,184191.48763502933,190335.83176740352,-6144.344132374186,191565.20653126668,196842.51694436086,-5277.310413094179,-0.11384821346339935,-0.14698051700621761,3.3132303542818264,-0.3053593050639388,-0.3218117875273262,1.6452482463387375,-0.3700123277657674,-0.3868523827545606,1.6840054988793152,-0.3700123277657674,-0.3868523827545606,1.6840054988793152,-0.11384821346339935,-0.14698051700621761,3.3132303542818264,3.3132303542818264,2021-05-17 00:00:00+00:00,26.0,RESYNCED,5.015662343251506,5.0187758632709,21,2021-04-21 00:00:00+00:00,TACTICAL_SELL_STAGE2,SELL,tactical_bear,EARLY_BEAR_STAGE2,2,2021-04-20 00:00:00+00:00,0.7,0.93361025714673,0.7,24274.180073215142,14564.508043929087,38838.68811714423,38.81926877308567,19.419344058568754,58.23861283165442,,2,EARLY_BEAR,2,STAGE_RISK_SELL,False,False,False,MIXED_UNCERTAIN,MIXED_UNCERTAIN,MIXED_UNCERTAIN,MIXED_UNCERTAIN,True,Positive final contribution means baseline event helped wealth; positive DD contribution means it protected drawdown,56425.0,4.503594967753186,59910.655000000006,59054.7365,56628.8558,33905.11165,63640.7639633768,59054.7365,54468.7090366232,0.15531446705809274,-0.04453049248640706,-0.0035998573010193047,0.6642033384957162,-0.039419957763419,0.009283440060100956,0.5403522743733635,0.01423360248945138,0.2501201932130823,-0.005820190765025934,56425.0,2330.26,-0.11191971643774923,-0.014354621372722476,-0.0292591936198493,0.12746646296979725,-0.028884536996012344,0.41458034725738746,-0.2792749667700487,0.1976603469140783,-0.37036349136021274,-0.06303159304111994,-0.475401683650864,-0.25819865594397207,EX_POST_DIAGNOSTIC_ONLY,BELOW_SMA20_FALLING,0.18150621010669643
348746.8528777533,340340.1574031768,8406.695474576496,0.02410543752640918,0.5985209187120422,0.5910793665765302,0.01320825655885427,0.014118251736509269,0.03151286375736628,-0.3951313419600695,-0.4006325803140913,0.5501238354021831,106,105,1,0,2,50755.12653919356,0.015448228148798648,50.75266259732007,25.37756326959459,76.13022586691477,2021-05-23 00:00:00+00:00,2021-05-22 00:00:00+00:00,154073.00015616918,149826.9614324203,4246.038723748876,2021-06-14 00:00:00+00:00,160621.9680034978,156241.12040445063,4380.847599047178,2021-07-14 00:00:00+00:00,151766.13640235315,147634.97622544836,4131.160176904785,2021-08-13 00:00:00+00:00,170946.94788304484,166309.74203242583,4637.205850619008,2021-11-11 00:00:00+00:00,196664.81742663495,191376.72861833748,5288.088808297471,153981.08835139763,149729.67843236472,4251.409919032914,-0.26562938145313475,-0.2856002486018867,1.9970867148751958,-0.32245358327039064,-0.3410337765510433,1.8580193280652635,-0.32245358327039064,-0.3410337765510433,1.8580193280652635,-0.32245358327039064,-0.3410337765510433,1.8580193280652635,-0.27695379198657377,-0.2966507808637038,1.9696988877130006,1.9970867148751958,2021-05-22 00:00:00+00:00,7.0,RESYNCED,0.35349676894343546,0.353797352562021,22,2021-05-15 00:00:00+00:00,TACTICAL_SELL_STAGE2,SELL,tactical_bear,EARLY_BEAR_STAGE2,2,2021-05-14 00:00:00+00:00,0.7,0.7643388263005042,0.6999999999999998,8507.592799154685,5104.555679492811,13612.148478647496,13.605342404408173,6.806074239322744,20.411416643730917,,2,EARLY_BEAR,2,STAGE_RISK_SELL,False,False,False,RISK_ESSENTIAL,RISK_ESSENTIAL,RETURN_ESSENTIAL,RISK_ESSENTIAL,False,Positive final contribution means baseline event helped wealth; positive DD contribution means it protected drawdown,49841.45,2.9586141531835373,54987.73299999999,54940.04650000001,56565.80360000001,39034.940950000004,61099.900194172216,54940.04650000001,48780.192805827806,0.2242391146928572,-0.09280291562913068,-0.11887665642568557,0.27684194690705666,-0.004123854296209428,-0.1036548740045895,0.9598842962091259,0.015788281967612727,0.015788281967612727,-0.0033742663961460195,49844.16,4075.02,-0.1016032770940467,-0.16943475124048468,-0.2586523676996464,-0.4282261191356117,-0.26854480043399276,-0.38029997398785775,-0.21806004956247638,-0.39182138983366954,-0.3614094409455392,-0.5375899995582845,-0.10025046063570942,-0.2421583206953586,EX_POST_DIAGNOSTIC_ONLY,BELOW_SMA20_FALLING,0.06361413326621414
348746.8528777533,350684.8306210111,-1937.9777432577685,-0.005556975574879497,-0.13597500314932454,-0.13446193422889108,0.00016308433468603667,0.0003788707822258708,-0.0034412608849201387,-0.3951313419600695,-0.3951313419600695,0.0,106,105,1,0,2,-11700.472068561707,-0.003557202041255536,-11.699904061248162,-5.850236034281011,-17.550140095528604,2021-05-23 00:00:00+00:00,2021-05-27 00:00:00+00:00,163481.11928457877,164510.4960888847,-1029.376804305939,2021-06-19 00:00:00+00:00,156190.37990115164,157172.19790056467,-981.8179994130332,2021-07-19 00:00:00+00:00,151839.86659413046,152792.33631473762,-952.4697206071578,2021-08-18 00:00:00+00:00,170420.5869334644,171485.87606189697,-1065.2891284325742,2021-11-16 00:00:00+00:00,191505.15851608722,192692.51427473908,-1187.3557586518582,153981.08835139763,153916.1640404062,64.92431099142414,-0.16710799601992765,-0.18988807854626577,2.278008252633812,-0.16710799601992765,-0.18988807854626577,2.278008252633812,-0.16710799601992765,-0.18988807854626577,2.278008252633812,-0.16710799601992765,-0.18988807854626577,2.278008252633812,-0.11117616403419872,-0.12603742563398979,1.4861261599791065,2.278008252633812,2021-05-27 00:00:00+00:00,7.0,RESYNCED,0.4786562104050238,0.4786603758164011,23,2021-05-20 00:00:00+00:00,TACTICAL_SELL_CRASH_L2,SELL,temporary_hedge,CRASH_BRAKE_LEVEL2,2,2021-05-19 00:00:00+00:00,0.5,0.5954901799541082,0.4999999999999999,9360.782426130598,5616.469455678359,14977.251881808956,14.969763255868052,7.488625940903075,22.45838919677113,1,2,EARLY_BEAR,2,CRASH_SELL,False,False,False,MIXED_UNCERTAIN,MIXED_UNCERTAIN,MIXED_UNCERTAIN,MIXED_UNCERTAIN,True,Positive final contribution means baseline event helped wealth; positive DD contribution means it protected drawdown,36690.09,1.5631836367388172,47790.229999999996,52429.599,55231.2036,39777.7561,64878.406948146396,52429.599,39980.79105185361,0.4748770994089195,-0.30020273471860814,-0.3356999737735211,-0.07762293308445323,-0.31490822518905803,-0.3685258134448425,1.0676083192103947,0.0,0.0,-0.03704129879161988,36671.23,2438.92,0.020461817070220878,-0.04966132550473157,0.025914865686261335,0.09854361766683617,0.026269639714838977,0.11762583438571173,-0.042752588336960606,-0.10269299526019715,-0.1398824091801667,-0.22687501025043877,0.22864109003161315,0.25050022140947625,EX_POST_DIAGNOSTIC_ONLY,BELOW_SMA20_FALLING,0.06999371911536174
348746.8528777533,373812.4277521132,-25065.57487435988,-0.07187326471200056,-1.69416502753017,-1.6901504718875637,0.014490230506699842,0.012180566322578468,-0.027477667852062737,-0.3951313419600695,-0.4000601257869906,0.49287838269210793,106,105,1,0,2,-151332.52160413796,-0.058695519858869005,-151.3251750647387,-75.66626080206424,-226.99143586680339,2021-05-26 00:00:00+00:00,2021-06-01 00:00:00+00:00,162795.09656999176,161757.87506429775,1037.221505694004,2021-06-24 00:00:00+00:00,151865.97895815014,141662.8542272963,10203.12473085383,2021-07-24 00:00:00+00:00,155837.6004056735,148476.93931750822,7360.661088165274,2021-08-23 00:00:00+00:00,175097.60841358057,187227.53996787587,-12129.931554295297,2021-11-21 00:00:00+00:00,191974.87416554656,217976.14858498314,-26001.27441943658,165950.5330017702,168271.8439445285,-2321.310942758282,-0.05918196460463632,-0.11306703282942066,5.388506822478433,-0.0933381316232208,-0.1759407488140049,8.260261719078411,-0.10391921857665143,-0.1993283788580248,9.540916028137335,-0.10391921857665143,-0.1993283788580248,9.540916028137335,-0.025240079002050053,-0.04839855961623685,2.3158480614186794,9.540916028137335,2022-01-06 00:00:00+00:00,226.0,RESYNCED,60.77792884424081,60.77797342854448,24,2021-05-25 00:00:00+00:00,TACTICAL_SELL_STAGE4,SELL,tactical_bear,FSM_BEAR_ACCELERATION,2,2021-05-24 00:00:00+00:00,0.25,0.5194293745903589,0.25000000000000006,17132.543114035456,26812.107255866118,43944.650369901574,43.92267804471663,21.972325184947493,65.89500322966413,,2,DEEP_BEAR,4,STAGE_RISK_SELL,False,False,False,MIXED_UNCERTAIN,MIXED_UNCERTAIN,MIXED_UNCERTAIN,MIXED_UNCERTAIN,True,Positive final contribution means baseline event helped wealth; positive DD contribution means it protected drawdown,38796.29,1.7112549681982372,40495.232,47741.4825,53171.503,40365.81355,64091.98106176971,47741.4825,31390.98393823029,0.6849598171472664,-0.18736729635490468,-0.2703555887822091,-0.03888249516031361,-0.2707465656491418,-0.2436453308763752,1.2974657455594374,0.1194924289970496,0.1194924289970496,-0.055443338801626996,38810.99,2647.92,-0.01478472978916534,0.025737182392217228,-0.05426298066604329,-0.006469228677603578,-0.15443821453665574,-0.059276715308619554,-0.16031000497539483,-0.28056361219372183,-0.13246273800281816,-0.19234342427263662,0.29499402102342676,0.2614504969938667,EX_POST_DIAGNOSTIC_ONLY,BELOW_SMA20_FALLING,0.2053680834699407
348746.8528777533,324081.92755744496,24664.925320308364,0.07072443841938895,1.731611127865329,1.7720308686726804,0.03906332638460386,0.038912614755733266,0.1222291389740755,-0.3951313419600695,-0.423691379007039,2.856003704696952,106,105,1,0,2,144784.2873036845,0.16603105734690793,144.77679487779506,72.39214365183557,217.16893852963085,2022-01-05 00:00:00+00:00,2022-01-11 00:00:00+00:00,175185.67163793455,172864.32237683458,2321.3492610999674,2022-02-03 00:00:00+00:00,169816.01393985286,165667.1856364028,4148.828303450049,2022-03-05 00:00:00+00:00,169788.04877602158,165668.71659978054,4119.332176241034,2022-04-04 00:00:00+00:00,180806.5273692719,179908.33885965272,898.1885096191836,2022-07-03 00:00:00+00:00,148569.17327174416,139183.6945217375,9385.478750006674,183486.25890891312,183648.56890174476,-162.30999283163692,-0.055300755487281306,-0.07197599439286062,1.6675238905579315,-0.10532236900933911,-0.13779500767351172,3.2472638664172604,-0.10532236900933911,-0.13779500767351172,3.2472638664172604,-0.10532236900933911,-0.13779500767351172,3.2472638664172604,-0.004231360782798954,-0.005713480886306632,0.1482120103507678,3.2472638664172604,2022-06-17 00:00:00+00:00,164.0,RESYNCED,11.342000796818201,11.343504715359984,25,2022-01-04 00:00:00+00:00,TACTICAL_SELL_STAGE4,SELL,tactical_bear,FSM_BEAR_ACCELERATION,2,2022-01-03 00:00:00+00:00,0.25,0.3319491913269284,0.25,2789.7164319820554,12209.96211226633,14999.678544248385,14.992178704976261,7.499839272123692,22.49201797709995,,2,DEEP_BEAR,4,STAGE_RISK_SELL,False,False,False,RISK_ESSENTIAL,RISK_ESSENTIAL,RISK_ESSENTIAL,RISK_ESSENTIAL,True,Positive final contribution means baseline event helped wealth; positive DD contribution means it protected drawdown,46446.1,1.5572569979987783,48067.772000000004,48143.65,51939.7118,47941.946899999995,51480.323517111676,48143.65,44806.97648288833,0.13861323423179067,-0.035260101799510446,-0.10576900813685297,-0.03120121306546264,-0.03924392387111508,-0.2434873778829909,0.4894695920934456,0.006826182713651541,0.006826182713651541,-0.003771269650435949,46446.1,3765.89,-0.09996512086052434,-0.13998019060567357,-0.08974101162422665,-0.1714574775152753,-0.09485317389404058,-0.15495938543080123,-0.2072352684078964,-0.2942836885835751,-0.15922714716628517,-0.30283677961916033,-0.00948755654403699,-0.07323633988247125,EX_POST_DIAGNOSTIC_ONLY,BELOW_SMA20_FALLING,0.07009852642740187
348746.8528777533,345030.89789564005,3715.9549821132678,0.010655164201340696,0.25595817609556093,0.259690888897679,0.004582048709456998,0.004532309657135913,0.006477799883599866,-0.3951313419600695,-0.3951313419600695,0.0,106,104,1,1,4,55045.78955699876,0.1740057486010187,55.044683485549285,27.522894778497175,82.56757826404646,2022-06-19 00:00:00+00:00,2022-06-25 00:00:00+00:00,154357.72607769922,152528.55474895122,1829.1713287479943,2022-07-18 00:00:00+00:00,160007.99882648664,158041.1384778284,1966.8603486582288,2022-08-17 00:00:00+00:00,176957.67826750118,174767.65409114148,2190.0241763597005,2022-09-16 00:00:00+00:00,166522.54885360424,164471.52466511348,2051.024188490759,2022-12-15 00:00:00+00:00,160828.91194503242,158862.11074863333,1966.8011963990866,143302.6289106654,142656.7484982111,645.8804124543094,-0.034179530340572306,-0.04447961182505533,1.0300081484483026,-0.055402946764519845,-0.055362602614271506,-0.004034415024833926,-0.08719005308419392,-0.0871605382705728,-0.002951481362112318,-0.08719005308419392,-0.0871605382705728,-0.002951481362112318,-0.034179530340572306,-0.04447961182505533,1.0300081484483026,1.0300081484483026,2022-06-28 00:00:00+00:00,10.0,RESYNCED,-0.20273793862450357,0.35582533343786416,27,2022-06-18 00:00:00+00:00,TACTICAL_SELL_STAGE4,SELL,tactical_bear,ACCUMULATION_BEARISH_REBREAK,2,2022-06-17 00:00:00+00:00,0.25,0.32923678238090237,0.24999999999999994,7344.375047471349,4406.625028482809,11751.000075954158,11.745124575916183,5.875500037976682,17.620624613892865,,2,DEEP_BEAR,4,BEARISH_REBREAK_SELL,True,True,True,RISK_ESSENTIAL,RISK_ESSENTIAL,MIXED_UNCERTAIN,RISK_ESSENTIAL,False,Positive final contribution means baseline event helped wealth; positive DD contribution means it protected drawdown,20468.81,0.29733660674917,25248.347,27886.358499999995,30476.7142,39945.8536,35528.9053009226,27886.358499999995,20243.811699077396,0.5481208169164578,-0.2659920082430266,-0.32837871347692715,-0.487586115821543,-0.29494067271461555,-0.49832737475653244,0.969781603670301,0.0033086110646816103,0.0033086110646816103,-0.04028084244197583,20468.81,1086.93,0.007095185308769736,0.04044418683815887,0.04063792667966526,0.12588667163478773,-0.0653633503852935,-0.04501669840744116,0.03963151741601001,0.2940207741068881,0.17284102006907087,0.7443625624465235,-0.03537284287655218,0.3557082792820143,EX_POST_DIAGNOSTIC_ONLY,BELOW_SMA20_FALLING,0.054916362836891046
348746.8528777533,346733.64795472345,2013.2049230298726,0.005772682696395726,0.13828526019994403,0.1403865220098055,0.0026667637725847904,0.0024523956976254535,0.003499728963892723,-0.3951313419600695,-0.3951313419600695,0.0,106,104,1,1,4,44028.95153551665,0.16068338441593966,44.02834196754884,22.01447576775638,66.04281773530556,2022-06-27 00:00:00+00:00,2022-07-03 00:00:00+00:00,148569.17327174416,147562.43585730914,1006.7374144350179,2022-07-26 00:00:00+00:00,158203.84418064603,157145.61144997206,1058.2327306739753,2022-08-25 00:00:00+00:00,171599.63805918663,170446.3332086816,1153.3048505050247,2022-09-24 00:00:00+00:00,161812.28591940162,160732.3053211745,1079.980598227121,2022-12-23 00:00:00+00:00,157972.96260503418,156923.09613189814,1049.8664731360332,154582.73889936093,154111.02861473337,471.7102846275666,-0.055402946764519845,-0.06472667520017661,0.9323728435656764,-0.06993463601663008,-0.06992558577836305,-0.0009050238267027666,-0.08719005308419392,-0.08717313255251113,-0.0016920531682784734,-0.10980938751805824,-0.10974213008719302,-0.0067257430865219625,-0.011876734348916007,-0.0176358248164441,0.5759090467528094,0.9323728435656764,2022-07-06 00:00:00+00:00,10.0,RESYNCED,0.3758961023205358,0.3759086390692617,29,2022-06-26 00:00:00+00:00,TACTICAL_SELL_STAGE4,SELL,tactical_bear,ACCUMULATION_BEARISH_REBREAK,2,2022-06-25 00:00:00+00:00,0.25,0.39124875981884333,0.25,13697.82126718204,8218.692760309223,21916.514027491263,21.90555577047752,10.958257013745051,32.863812784222574,,2,DEEP_BEAR,4,BEARISH_REBREAK_SELL,True,True,True,RISK_ESSENTIAL,MIXED_UNCERTAIN,MIXED_UNCERTAIN,MIXED_UNCERTAIN,False,Positive final contribution means baseline event helped wealth; positive DD contribution means it protected drawdown,21491.19,0.33556549105008915,20553.932,23982.555,27705.976000000002,38650.22115,32516.643488926216,23982.555,15448.466511073784,0.7116913513948965,-0.1038823845082395,-0.22431211230385828,-0.44395686853657235,-0.28169259816686343,-0.43611399364777836,1.033250795729765,0.13285688155316655,0.13285688155316655,-0.05075138698530013,21491.18,1242.31,-0.056219342074283585,-0.07841843018248251,-0.10361878686977632,-0.1447786784296995,-0.009129326542330451,-0.043620352408014096,-0.0162694649619054,0.1535365568980367,-0.0010353084381592437,0.3440526116669753,-0.1102433649525062,0.06386489684539298,EX_POST_DIAGNOSTIC_ONLY,BELOW_SMA20_FALLING,0.10242321748566532
348746.8528777533,350216.45839411265,-1469.6055163593264,-0.004213960654361716,-0.10043008470359549,-0.10202567934757267,-0.0017865633791156466,-0.001784952503473436,-0.00254168864978932,-0.3951313419600695,-0.3951313419600695,0.0,106,104,1,1,4,18549.2913128254,0.1196795551797063,18.549698062467087,9.27464565641219,27.824343718878936,2022-07-05 00:00:00+00:00,2022-07-11 00:00:00+00:00,151728.51779849397,152415.15473539833,-686.6369369043678,2022-08-03 00:00:00+00:00,171020.2295823695,171859.31450775638,-839.0849253868801,2022-09-02 00:00:00+00:00,169172.82703033573,170005.84882392333,-833.021793587599,2022-10-02 00:00:00+00:00,161912.78578015947,162702.90522711113,-790.1194469516631,2022-12-31 00:00:00+00:00,156776.13451768958,157538.4164998071,-762.2819821175071,151348.5859492822,152043.70677921717,-695.1208299349819,-0.02865702578594731,-0.027998804720784087,-0.06582210651632225,-0.08719005308419392,-0.08720290233501748,0.0012849250823565583,-0.08719005308419392,-0.08720290233501748,0.0012849250823565583,-0.10980938751805824,-0.10986010493809728,0.005071742003903701,-1.8851690585908187e-05,0.0,-0.0018851690585908187,0.005071742003903701,2022-07-14 00:00:00+00:00,10.0,RESYNCED,0.02017178072263834,0.1399771502537213,31,2022-07-04 00:00:00+00:00,TACTICAL_SELL_STAGE4,SELL,tactical_bear,ACCUMULATION_BEARISH_REBREAK,2,2022-07-03 00:00:00+00:00,0.25,0.3283818554444742,0.25,7298.682214900624,4379.209328940375,11677.891543840999,11.67205259806908,5.8389457719201445,17.510998369989224,,2,DEEP_BEAR,4,BEARISH_REBREAK_SELL,True,True,True,HARMFUL,HARMFUL,MIXED_UNCERTAIN,HARMFUL,False,Positive final contribution means baseline event helped wealth; positive DD contribution means it protected drawdown,19315.83,0.2766920579998825,20270.446,20511.7515,25943.254,37507.53795,22349.368645723072,20511.7515,18674.134354276925,0.1791770094058593,-0.05830421161254795,-0.25545847101523955,-0.4850147182214608,-0.14103802972418777,-0.5133325774754346,0.7414602663671187,0.01818796159780378,0.01818796159780378,-0.045683700750567824,19315.83,1074.26,0.06030183533402389,0.09486530262692461,0.06341223752745795,0.07476774710032941,0.1016880972756542,0.30928266900005585,0.1836260725011558,0.5079682758363897,0.04354873696858985,0.4855063020125481,-0.0002588550427291558,0.21902518943272575,EX_POST_DIAGNOSTIC_ONLY,BELOW_SMA20_FALLING,0.05457470215694481
348746.8528777533,346649.53979947953,2097.3130782737862,0.006013855210355002,0.14471205716981572,0.14626737689681368,0.0024097153002973215,0.0024344854393332227,0.0036623786018077364,-0.3951313419600695,-0.3951313419600695,0.0,106,104,1,1,4,38535.70177275594,0.1310871613076383,38.53508524893141,19.26785088637598,57.802936135307846,2022-07-13 00:00:00+00:00,2022-07-19 00:00:00+00:00,163248.8742743658,161956.9176975073,1291.9565768585016,2022-08-11 00:00:00+00:00,176730.2704213352,175308.8506982349,1421.41972310032,2022-09-10 00:00:00+00:00,174691.11755520804,173280.50766081404,1410.6098943940015,2022-10-10 00:00:00+00:00,162604.31083641504,161324.15112679574,1280.1597096193,2023-01-08 00:00:00+00:00,159137.67955665092,157877.56479678673,1260.1147598641983,148456.85119300062,147925.29905254958,531.5521404510364,-0.016699916259756087,-0.016704303449195823,0.0004387189439736261,-0.08719005308419392,-0.08713172658122736,-0.005832650296655473,-0.08719005308419392,-0.08713172658122736,-0.005832650296655473,-0.10980938751805824,-0.10959994709617027,-0.020944042188797418,-0.009495168844701585,-0.012805369521574073,0.3310200676872488,0.3310200676872488,2022-07-21 00:00:00+00:00,9.0,RESYNCED,-0.011813992643993992,0.1951680847708018,33,2022-07-12 00:00:00+00:00,TACTICAL_SELL_STAGE4,SELL,tactical_bear,ACCUMULATION_BEARISH_REBREAK,2,2022-07-11 00:00:00+00:00,0.25,0.3430219064196172,0.25,8700.707110115101,5220.424266069062,13921.131376184163,13.914170810496072,6.960565688091247,20.874736498587318,,2,DEEP_BEAR,4,BEARISH_REBREAK_SELL,True,True,True,RETURN_ESSENTIAL,MIXED_UNCERTAIN,MIXED_UNCERTAIN,MIXED_UNCERTAIN,False,Positive final contribution means baseline event helped wealth; positive DD contribution means it protected drawdown,19963.61,0.3014514999853473,20518.333000000002,20520.8635,24483.1,36428.0599,22050.715722031724,20520.8635,18991.011277968275,0.14910212935549466,-0.02715546058770868,-0.18459631337534865,-0.4519716379405646,-0.03666896357375582,-0.312305135249184,0.5414762464654574,0.036919286067851775,0.05233414106634471,0.0013333470937679781,19963.61,1096.37,0.032470079309303346,0.09444804217554315,0.09717380774318873,0.38296378047556945,0.0590033566073469,0.30708611144048104,0.21843594420047285,0.7150870600253565,0.067095079497145,0.5811268093800452,-0.025577538330993188,0.20687359194432564,EX_POST_DIAGNOSTIC_ONLY,BELOW_SMA20_NOT_FALLING,0.0650581139318461
348746.8528777533,326416.37217618607,22330.480701567256,0.0640306300036915,1.559069888711928,1.5992643368668569,0.03446617881502467,0.034651098313268625,0.039457003865552176,-0.3951313419600695,-0.3951313419600695,0.0,106,104,1,1,4,149882.31551636895,0.24242083946416493,149.8756476452911,74.94115775817875,224.81680540346997,2022-08-27 00:00:00+00:00,2022-08-05 00:00:00+00:00,171939.26511407708,170029.26312436908,1910.001989707991,2022-08-28 00:00:00+00:00,167288.4126506158,158055.44635284753,9232.96629776826,2022-09-27 00:00:00+00:00,164641.59781301263,154373.76165152335,10267.836161489278,2022-10-27 00:00:00+00:00,168319.32210169832,157936.78571081132,10382.536390886991,2023-01-25 00:00:00+00:00,174841.04355214332,164020.04795692442,10820.995595218905,167761.5890021206,158833.76887150973,8927.820130610868,-0.02155049808984555,-0.05185439823568638,3.0303900145840834,-0.07164227839638027,-0.15166236505337882,8.002008665699856,-0.10980938751805824,-0.19168018259108877,8.187079507303052,-0.11041424460827554,-0.19223300867970639,8.181876407143085,-0.06598515337781086,-0.14346705560557016,7.74819022277593,8.187079507303052,2022-08-31 00:00:00+00:00,33.0,RESYNCED,10.941692188777466,10.941692188777466,37,2022-07-29 00:00:00+00:00,TACTICAL_SELL_STAGE4,SELL,tactical_bear,ACCUMULATION_BEARISH_REBREAK,2,2022-07-28 00:00:00+00:00,0.25,0.6148384562533349,0.25,39572.851995508594,23743.711197305154,63316.563192813745,63.28490491121735,31.658281596403945,94.9431865076213,,2,DEEP_BEAR,4,BEARISH_REBREAK_SELL,False,True,True,RISK_ESSENTIAL,RISK_ESSENTIAL,RISK_ESSENTIAL,RISK_ESSENTIAL,True,Positive final contribution means baseline event helped wealth; positive DD contribution means it protected drawdown,23842.93,0.44701210499416705,22684.864,21733.769500000002,21715.912999999997,34344.47725,24231.64445367219,21733.769500000002,19235.894546327814,0.22986118019446078,0.09704531466573241,0.097947390008424,-0.30577106105174456,0.10410771136503083,-0.19089014900858892,0.7118862751511837,0.23354743581452508,0.2568232530116037,0.00991104798364395,23845.25,1724.52,-0.019694907790859806,-0.01899079164057249,-0.0280949035971525,-0.0376162642358453,0.006913745924240766,0.10406373947533232,-0.16165357880500297,-0.13513325447080926,-0.1571050838217255,-0.1964952566511261,-0.12958220190603986,-0.09825922575557255,EX_POST_DIAGNOSTIC_ONLY,ABOVE_SMA20_NOT_NEAR_LOW,0.295899526457893
348746.8528777533,350147.91714151565,-1401.0642637623241,-0.004017424823195296,-0.09571772269458823,-0.09727574816048579,-0.001615272401791712,-0.0016117366431405156,-0.0024224280012761223,-0.3951313419600695,-0.3951313419600695,0.0,106,104,1,1,4,21734.92652897723,0.1332492649828989,21.73530479803253,10.867463264487242,32.60276806251977,2022-08-30 00:00:00+00:00,2022-09-05 00:00:00+00:00,168429.95456700603,169304.05721401496,-874.1026470089273,2022-09-28 00:00:00+00:00,160541.35498644886,161364.05345024355,-822.698463794688,2022-10-28 00:00:00+00:00,167061.39090729618,167924.04977083084,-862.6588635346561,2022-11-27 00:00:00+00:00,157244.4815616351,158053.27100667046,-808.7894450353633,2023-02-25 00:00:00+00:00,176101.47086968285,176993.83121266836,-892.3603429855139,168029.49896316428,168901.40059701505,-871.9016338507645,-0.017198607964829415,-0.01740236297316944,0.020375500834002302,-0.09320094443821358,-0.09328476716926015,0.008382273104656779,-0.09381708645371933,-0.09391741956767952,0.010033311396018263,-0.13330788346573919,-0.13339327418325064,0.008539071751145766,-0.0012792705445265895,-0.0014033128960813102,0.012404235155472065,0.020375500834002302,2022-09-01 00:00:00+00:00,3.0,RESYNCED,0.10414160932238481,0.10414160932238481,39,2022-08-29 00:00:00+00:00,TACTICAL_SELL_STAGE4,SELL,tactical_bear,ACCUMULATION_BEARISH_REBREAK,2,2022-08-28 00:00:00+00:00,0.25,0.3393761406013559,0.25,9234.526595998963,5540.715957599377,14775.24255359834,14.767854932321542,7.38762127679785,22.155476209119392,,2,DEEP_BEAR,4,BEARISH_REBREAK_SELL,True,True,True,HARMFUL,HARMFUL,MIXED_UNCERTAIN,HARMFUL,False,Positive final contribution means baseline event helped wealth; positive DD contribution means it protected drawdown,19555.61,0.314772172884524,20918.04,22392.625500000002,22331.8964,31636.02085,25565.323318170304,22392.625500000002,19219.9276818297,0.2833698815862661,-0.12669418778070496,-0.12431933008609164,-0.38185620458648795,-0.1786808063838723,-0.028196576953447683,0.5682407319691524,0.0,0.015727574312528914,-0.02206395646227366,19555.61,1426.76,0.023899024372034505,0.08631444671843913,0.016839157663708804,0.10423617146541808,0.10745049630259551,0.21029465362079125,-0.041418293778613835,-0.09779500406515462,0.03769762231911966,0.05677198687936302,-0.15486042112723664,-0.14736185483192688,EX_POST_DIAGNOSTIC_ONLY,BELOW_SMA20_FALLING,0.06904966180170795
348746.8528777533,346871.6356396073,1875.2172381459968,0.005377015513322264,0.12698442688987566,0.1307411486046406,0.0025378696484894547,0.0025915155281386326,0.0032137270169450005,-0.3951313419600695,-0.3951313419600695,0.0,106,104,1,1,4,44589.02620439534,0.17065526279297494,44.58843691234483,22.294513102195083,66.8829500145398,2022-09-07 00:00:00+00:00,2022-09-13 00:00:00+00:00,175352.07149926765,174425.87130481744,926.2001944502117,2022-10-06 00:00:00+00:00,164812.60119056364,164010.8741930509,801.726997512742,2022-11-05 00:00:00+00:00,170748.43414631073,169939.73656855832,808.6975777524058,2022-12-05 00:00:00+00:00,160001.92354301794,159240.8828614852,761.0406815327296,2023-03-05 00:00:00+00:00,172178.49350014963,171355.9075181926,822.5859819570323,166403.50534977386,165668.6843879689,734.8209618049441,-0.023453494101522643,-0.029490675966579394,0.6037181865056751,-0.09320094443821358,-0.092807257886527,-0.03936865516865895,-0.09381708645371933,-0.09342941700530316,-0.038766944841617246,-0.13330788346573919,-0.13289246424963386,-0.04154192161053283,-0.023453494101522643,-0.029490675966579394,0.6037181865056751,0.6037181865056751,2022-09-16 00:00:00+00:00,10.0,RESYNCED,0.06428257830830475,0.14026808922886136,41,2022-09-06 00:00:00+00:00,TACTICAL_SELL_STAGE4,SELL,tactical_bear,ACCUMULATION_BEARISH_REBREAK,2,2022-09-05 00:00:00+00:00,0.25,0.3543374088607813,0.25,11047.97650235254,6628.785901411524,17676.762403764063,17.667924022562183,8.838381201881154,26.506305224443338,,2,DEEP_BEAR,4,BEARISH_REBREAK_SELL,True,True,True,RISK_ESSENTIAL,MIXED_UNCERTAIN,MIXED_UNCERTAIN,MIXED_UNCERTAIN,False,Positive final contribution means baseline event helped wealth; positive DD contribution means it protected drawdown,19796.84,0.3290305942168055,19945.298000000003,20778.7015,22253.045,30727.2659,22904.184087756385,20778.7015,18653.218912243614,0.2045828116599476,-0.04725326556137299,-0.11037613054752726,-0.35572399886056894,-0.1701087498752869,-0.08453834408170546,0.5684470362119806,0.012335590656594064,0.024217292892711573,-0.029485675366632158,19795.34,1617.8,0.007849827282582655,0.03409568549882569,0.12307138952905095,0.06077389046853754,-0.021780378614360774,-0.1624428235875881,0.02830716724239135,-0.1515885770799852,0.08331607337888625,0.017894671776486515,-0.13126624751077776,-0.20209543824947462,EX_POST_DIAGNOSTIC_ONLY,BELOW_SMA20_FALLING,0.08260943678598344
348746.8528777533,348579.5575498966,167.29532785672927,0.00047970419367589684,0.011068680225401195,0.011638500066624147,0.00030784557896490483,0.00031729023388593625,0.0002801266072818276,-0.3951313419600695,-0.3951313419600695,0.0,106,104,1,1,4,32843.839874394005,0.15074840081866725,32.843761800756965,16.42191993719655,49.2656817379534,2022-09-15 00:00:00+00:00,2022-09-21 00:00:00+00:00,162618.3262017115,162695.2770914599,-76.95088974840473,2022-10-14 00:00:00+00:00,163269.12440591917,163242.82086254813,26.303543371031992,2022-11-13 00:00:00+00:00,158889.62219583563,158869.40128611683,20.22090971880243,2022-12-13 00:00:00+00:00,159440.61542325193,159419.6745224546,20.94090079734451,2023-03-13 00:00:00+00:00,169852.1024537695,169828.11557971832,23.98687405118835,169899.65722800768,170224.20974502282,-324.5525170151377,-0.05685673734703067,-0.058615095506493575,0.17583581594629027,-0.06509857971112143,-0.06708628121868099,0.19877015075595583,-0.10258794498992407,-0.1044828035907347,0.18948586008106227,-0.10584090850917105,-0.1077295295876678,0.1888621078496744,-0.0058961615009273105,-0.00595118711071374,0.00550256097864299,0.19877015075595583,2022-09-24 00:00:00+00:00,10.0,RESYNCED,0.20212670384323317,0.20212670384323317,43,2022-09-14 00:00:00+00:00,TACTICAL_SELL_STAGE4,SELL,tactical_bear,ACCUMULATION_BEARISH_REBREAK,2,2022-09-13 00:00:00+00:00,0.25,0.3576794673682381,0.25,11420.364160608988,6852.218496365393,18272.58265697438,18.263446365645894,9.136291328487516,27.39973769413341,,2,DEEP_BEAR,4,BEARISH_REBREAK_SELL,True,True,True,REDUNDANT,REDUNDANT,MIXED_UNCERTAIN,REDUNDANT,False,Positive final contribution means baseline event helped wealth; positive DD contribution means it protected drawdown,20173.57,0.34659556680311576,20460.499000000003,20303.046000000002,21924.578600000004,30008.928249999997,22155.563363335863,20303.046000000002,18450.52863666414,0.18248664395833616,-0.006377171188993169,-0.07986509715630308,-0.3277477345429688,-0.05590160650839948,-0.03151554197687578,0.7847061805208623,0.0735984622106467,0.0735984622106467,0.00024423482043656186,20173.62,1574.4,-0.014310272524217238,-0.08500381097560983,-0.057126584123226354,-0.15065421747967478,-0.0707840238886227,-0.18239964430894318,-0.01768497671711866,-0.15538617886178863,-0.1615485966326321,-0.19197789634146345,-0.14976241249711253,-0.1935658028455285,EX_POST_DIAGNOSTIC_ONLY,BELOW_SMA20_NOT_FALLING,0.08539390457590551
348746.8528777533,349726.402210834,-979.5493330807076,-0.0028087689537490113,-0.06641712708379544,-0.0680464460687813,-0.0012749675429757357,-0.001341259271894435,-0.0016808873412654801,-0.3951313419600695,-0.3951313419600695,0.0,106,104,1,1,4,24322.03776642913,0.1344120651566989,24.322302872128148,12.161018883214638,36.483321755342786,2022-09-23 00:00:00+00:00,2022-09-29 00:00:00+00:00,162852.71170011302,163344.68900539394,-491.9773052809178,2022-10-22 00:00:00+00:00,161483.57725700602,161973.8993466471,-490.32208964106394,2022-11-21 00:00:00+00:00,154293.80281291768,154761.18430604815,-467.38149313046597,2022-12-21 00:00:00+00:00,157612.53081109276,158088.81055039563,-476.2797393028741,2023-03-21 00:00:00+00:00,186594.40369563462,187153.93779004266,-559.5340944080381,162610.30576728348,163122.63447041385,-512.3287031303626,-0.02633819904436463,-0.023939658961894983,-0.23985400824696468,-0.030946444566261944,-0.030527263377676306,-0.04191811885856378,-0.10202749888977747,-0.10202629359394122,-0.000120529583624851,-0.1052824939292254,-0.10528385814060826,0.00013642113828593594,-0.0059185691831110665,-0.006963847602434181,0.10452784193231146,0.10452784193231146,2022-10-02 00:00:00+00:00,10.0,RESYNCED,-0.1687843065014602,0.2819380846013065,45,2022-09-22 00:00:00+00:00,TACTICAL_SELL_STAGE4,SELL,tactical_bear,ACCUMULATION_BEARISH_REBREAK,2,2022-09-21 00:00:00+00:00,0.25,0.3053098906482515,0.24999999999999994,5529.342405645519,3317.605443387311,8846.94784903283,8.842524375108315,4.423473924516511,13.265998299624826,,2,DEEP_BEAR,4,BEARISH_REBREAK_SELL,True,True,True,HARMFUL,HARMFUL,MIXED_UNCERTAIN,HARMFUL,False,Positive final contribution means baseline event helped wealth; positive DD contribution means it protected drawdown,18461.36,0.29610439668811445,19870.438000000002,20026.191,21346.951399999998,29143.15065,22052.898892055735,20026.191,17999.483107944263,0.20240572878344526,-0.07813922278080732,-0.1351758078205021,-0.3665283406823414,-0.08295970585342538,-0.17770689771133397,0.7477106023115679,0.0,0.0,-0.007728996953202949,18461.36,1245.79,0.032083768476428576,0.06709798601690498,0.056666464442489684,0.07722810425513127,0.10261053356849104,0.10175872338034497,0.03736777788851953,0.04255933985663707,-0.12933012519121023,-0.09686223199736721,-0.08798160048880488,-0.028303325600622875,EX_POST_DIAGNOSTIC_ONLY,BELOW_SMA20_FALLING,0.0413447532070661
348746.8528777533,348562.1351113927,184.7177663606126,0.0005296614574049273,0.012436033696050508,0.012850839970302008,0.00026436634985826934,0.0003433332292810398,0.00031473164427708866,-0.3951313419600695,-0.3951313419600695,0.0,106,104,1,1,4,33684.47791237733,0.1538050822429291,33.68439739661426,16.842238956187657,50.52663635280169,2022-10-01 00:00:00+00:00,2022-10-07 00:00:00+00:00,163932.24716094544,163862.27208873056,69.97507221487467,2022-10-30 00:00:00+00:00,169714.6954296319,169642.51257132934,72.182858302549,2022-11-29 00:00:00+00:00,156099.35189570667,156031.67099025275,67.68090545391897,2022-12-29 00:00:00+00:00,156774.02511923586,156706.09385750498,67.93126173087512,2023-03-29 00:00:00+00:00,186812.48198834388,186729.55792838504,82.92405995883746,162528.18360355665,162456.0329865655,72.15061699115904,-0.014846324305377245,-0.01641823694470268,0.15719126393254346,-0.030526019297000606,-0.030554608251599058,0.00285889545984519,-0.1052824939292254,-0.10529387545896607,0.0011381529740672747,-0.1052824939292254,-0.10529387545896607,0.0011381529740672747,-0.004227520162187193,-0.005893185706012938,0.1665665543825745,0.1665665543825745,2022-10-03 00:00:00+00:00,3.0,RESYNCED,0.1039857634870821,0.1039857634870821,47,2022-09-30 00:00:00+00:00,TACTICAL_SELL_STAGE4,SELL,tactical_bear,ACCUMULATION_BEARISH_REBREAK,2,2022-09-29 00:00:00+00:00,0.25,0.35218295946039213,0.2500000000000001,10401.669239562805,6241.001543737682,16642.670783300488,16.63434944790884,8.321335391649292,24.955684839558128,,2,DEEP_BEAR,4,BEARISH_REBREAK_SELL,True,True,True,REDUNDANT,REDUNDANT,MIXED_UNCERTAIN,REDUNDANT,False,Positive final contribution means baseline event helped wealth; positive DD contribution means it protected drawdown,19591.51,0.3395842869145858,19106.706,19795.514499999997,20705.638,28352.71705,21833.839393009974,19795.514499999997,17757.18960699002,0.20593805662489617,-0.010305592208780356,-0.053807953176811085,-0.3090076705717345,-0.0827991990677952,-0.15892152771695922,0.5928182003660948,0.061217050098150816,0.061217050098150816,-0.004749276362932209,19590.54,1335.69,-0.02155377034017436,-0.03285942097342953,0.01997596799271495,0.014599195921209285,0.011552004181609954,-0.004439652913475478,0.060486336772748395,0.21448839176755086,-0.16859565892517514,-0.11306515733441136,-0.15477929653802291,-0.10536876071543544,EX_POST_DIAGNOSTIC_ONLY,BELOW_SMA20_FALLING,0.0777767799679334
348746.8528777533,348631.4792226207,115.3736551326001,0.0003308235018626596,0.007919544358103714,0.008025851297899234,0.0001311372956800394,0.00012515445058713937,0.00020042814925336216,-0.3951313419600695,-0.3951313419600695,0.0,106,104,1,1,4,33656.7585765603,0.15460040004849773,33.65670175789319,16.82837928827894,50.48508104617213,2022-10-09 00:00:00+00:00,2022-10-15 00:00:00+00:00,161780.98790678376,161700.28116512657,80.70674165719538,2022-11-07 00:00:00+00:00,169212.74758590717,169128.46716381476,84.28042209241539,2022-12-07 00:00:00+00:00,159069.0117277329,158990.50605202484,78.50567570806015,2023-01-06 00:00:00+00:00,158651.321701737,158573.1543077312,78.16739400580991,2023-04-06 00:00:00+00:00,192319.31412651326,192227.5346871186,91.77943939465331,162174.2566360183,162092.02053244016,82.2361035781505,-0.01844541236218533,-0.018790463421313186,0.03450510591278544,-0.01844541236218533,-0.018790463421313186,0.03450510591278544,-0.1052824939292254,-0.10527084070273673,-0.0011653226488661517,-0.1052824939292254,-0.10527084070273673,-0.0011653226488661517,-0.003506981005167331,-0.004137317430708776,0.06303364255414445,0.06303364255414445,2022-10-11 00:00:00+00:00,3.0,RESYNCED,0.09792067123503698,0.10369812091597094,49,2022-10-08 00:00:00+00:00,TACTICAL_SELL_STAGE4,SELL,tactical_bear,ACCUMULATION_BEARISH_REBREAK,2,2022-10-07 00:00:00+00:00,0.25,0.35109683852171086,0.24999999999999994,10289.741168387254,6173.8447010323525,16463.585869419607,16.4553540764849,8.231792934709574,24.687147011194472,,2,DEEP_BEAR,4,BEARISH_REBREAK_SELL,True,True,True,REDUNDANT,REDUNDANT,REDUNDANT,REDUNDANT,True,Positive final contribution means baseline event helped wealth; positive DD contribution means it protected drawdown,19530.09,0.3446533443939338,19641.060999999998,19371.327,20022.401400000002,27503.715450000003,20252.960990162235,19371.327,18489.693009837767,0.09102463555152769,0.00819577306190733,-0.02458802968559015,-0.2899108472997237,-0.029011684619675515,-0.179752624947501,0.4372382466838532,0.05789010127097893,0.05789010127097893,7.800796868706605e-05,19530.09,1331.1,-0.02485139597410957,-0.03961385320411692,-0.016850920809888703,-0.023168807752986242,-0.019399296162997626,-0.024258132371722585,0.07085118399351975,0.19262264292690268,-0.12826669001525348,-0.05170911276387946,-0.13807053628529098,-0.06016076928855829,EX_POST_DIAGNOSTIC_ONLY,ABOVE_SMA20_NOT_NEAR_LOW,0.07693985612777274
348746.8528777533,349223.03186890006,-476.1789911467349,-0.0013654001096137505,-0.03241924570900334,-0.03309995886182637,-0.0005656155203259683,-0.000550741575541247,-0.0008204675829608377,-0.3951313419600695,-0.3951313419600695,0.0,106,104,1,1,4,29024.09336342872,0.14609309263428294,29.024206043865206,14.512046681712832,43.536252725577924,2022-10-17 00:00:00+00:00,2022-10-23 00:00:00+00:00,161912.37280629313,162195.0506023196,-282.67779602645896,2022-11-15 00:00:00+00:00,158408.81970731012,158682.217498984,-273.397791673895,2022-12-15 00:00:00+00:00,160828.91194503242,161105.16504109383,-276.25309606140945,2023-01-14 00:00:00+00:00,172536.06463408412,172832.39992899192,-296.3352949077962,2023-04-14 00:00:00+00:00,204452.7419600637,204797.6403958699,-344.8984358062153,161537.18437234726,161819.8743268195,-282.68995447224006,-0.014641191534165321,-0.014589829438891977,-0.005136209527334401,-0.10202749888977747,-0.10204729394190803,0.001979505213056676,-0.1052824939292254,-0.10530416375410279,0.0021669824877390553,-0.1052824939292254,-0.10530416375410279,0.0021669824877390553,-0.0021704092767341754,-0.0024236647498611097,0.02532554731269343,0.02532554731269343,2022-10-19 00:00:00+00:00,3.0,RESYNCED,0.09101362606791269,0.09899940111813393,51,2022-10-16 00:00:00+00:00,TACTICAL_SELL_STAGE4,SELL,tactical_bear,ACCUMULATION_BEARISH_REBREAK,2,2022-10-15 00:00:00+00:00,0.25,0.34451755680406687,0.24999999999999994,9514.247229752733,5708.54833785164,15222.795567604373,15.21518416982057,7.6113977838013955,22.826581953621968,,2,DEEP_BEAR,4,BEARISH_REBREAK_SELL,True,True,True,HARMFUL,REDUNDANT,MIXED_UNCERTAIN,REDUNDANT,False,Positive final contribution means baseline event helped wealth; positive DD contribution means it protected drawdown,19069.39,0.3381881646537407,19331.659,19427.169499999996,19707.174199999998,26475.606849999996,20138.212432448065,19427.169499999996,18716.126567551928,0.07320087802271642,-0.018416450219369218,-0.032363046752791114,-0.2797373783332183,0.013931233377535657,-0.2006037374542754,0.29908234588979865,0.0006606565635363104,0.03293527670767471,0.0015560664539304714,19068.4,1274.93,0.01118237502884356,0.023711105707764357,0.00677508338402788,0.03003302142078379,0.08952507813974941,0.27236789470794465,-0.1177518826959787,-0.014424321335289036,-0.07021249816450248,0.013420344646372762,0.09957993329277737,0.2205219110068788,EX_POST_DIAGNOSTIC_ONLY,BELOW_SMA20_NOT_FALLING,0.07114122707675147
348746.8528777533,346972.35740343225,1774.4954743210692,0.005088204982148141,0.119204829640851,0.1237028256145134,0.0029932054428094546,0.003137730840769404,0.0030168406547941284,-0.3951313419600695,-0.3951313419600695,0.0,106,104,1,1,4,41216.69555017399,0.1588912179666533,41.21613316295952,20.60834777508319,61.8244809380426,2022-11-07 00:00:00+00:00,2022-10-31 00:00:00+00:00,168755.28125021426,170372.41097256538,-1617.129722351121,2022-11-23 00:00:00+00:00,156230.3879501629,155582.81567111806,647.5722790448344,2022-12-23 00:00:00+00:00,157972.96260503418,157324.51053709438,648.4520679397974,2023-01-22 00:00:00+00:00,176922.9135088168,176194.05597443186,728.857534384937,2023-04-22 00:00:00+00:00,189563.01727988786,188775.93210513418,787.0851747536799,169212.74758590717,171076.75344167216,-1864.00585576499,-0.011823490164589057,-0.016336109160340007,0.451261899575095,-0.1052824939292254,-0.12155016971275834,1.6267675783532942,-0.1052824939292254,-0.12155016971275834,1.6267675783532942,-0.1052824939292254,-0.12155016971275834,1.6267675783532942,-0.01630764532207385,-0.021842444949428885,0.5534799627355036,1.6267675783532942,2022-11-11 00:00:00+00:00,18.0,RESYNCED,1.756400481231982,1.756400481231982,53,2022-10-24 00:00:00+00:00,TACTICAL_SELL_STAGE4,SELL,tactical_bear,ACCUMULATION_BEARISH_REBREAK,2,2022-10-23 00:00:00+00:00,0.25,0.35762218628060355,0.24999999999999994,11012.597868619221,6607.558721171532,17620.156589790753,17.61134651149586,8.810078294893966,26.42142480638983,,2,DEEP_BEAR,4,BEARISH_REBREAK_SELL,False,True,True,RISK_ESSENTIAL,RISK_ESSENTIAL,MIXED_UNCERTAIN,RISK_ESSENTIAL,False,Positive final contribution means baseline event helped wealth; positive DD contribution means it protected drawdown,19570.4,0.36762795993323605,19249.161,19402.898,19598.963200000002,25415.1898,20119.57154673475,19402.898,18686.22445326525,0.07387283556659936,0.008632834126118816,-0.001457383215046848,-0.22997230577439942,-0.002989442194947456,-0.08412922452555405,0.2603534836433743,0.027753503848351624,0.06007358071128022,-0.00014869278532347874,19570.4,1364.19,0.06054705064791732,0.13992185839215932,0.048321444630666566,0.16020495678754432,0.06864550545722103,0.16369420681869817,-0.152467501941708,-0.14176177805144452,-0.14011823979070437,-0.10277160806046082,0.16289396231042796,0.18935045704777198,EX_POST_DIAGNOSTIC_ONLY,ABOVE_SMA20_NEAR_20D_LOW,0.08234489884038365
348746.8528777533,348444.73149100115,302.12138675217284,0.0008663057007085763,0.020535275610567005,0.02102177228404667,0.0003450461029352869,0.0004301246835400896,0.0005197075865635004,-0.3951313419600695,-0.3951313419600695,0.0,106,104,1,1,4,34260.072190511506,0.15357795053276924,34.259961222249785,17.13003609525356,51.38999731750346,2022-11-17 00:00:00+00:00,2022-11-23 00:00:00+00:00,156230.3879501629,156071.7928629565,158.5950872063986,2022-12-16 00:00:00+00:00,159907.22461449297,159732.5711915475,174.65342294547008,2023-01-15 00:00:00+00:00,171401.81663994212,171214.8325551151,186.98408482701052,2023-02-14 00:00:00+00:00,166182.0369114615,166002.99633681437,179.04057464713696,2023-05-15 00:00:00+00:00,188580.698804329,188379.44848483359,201.2503194954188,156935.60486904028,156747.60273400988,188.0021350304014,-0.037159868172301436,-0.037485630385489355,0.0325762213187919,-0.037159868172301436,-0.037485630385489355,0.0325762213187919,-0.040267942147446445,-0.0402630201730344,-0.0004921974412042118,-0.09513471577921162,-0.09512730949170933,-0.0007406287502287334,-0.01220830183154964,-0.015665066474212064,0.34567646426624243,0.34567646426624243,2022-11-26 00:00:00+00:00,10.0,RESYNCED,-0.06846343833093504,0.23403991440820815,55,2022-11-16 00:00:00+00:00,TACTICAL_SELL_STAGE4,SELL,tactical_bear,ACCUMULATION_BEARISH_REBREAK,2,2022-11-15 00:00:00+00:00,0.25,0.3334040242469493,0.25000000000000006,8262.064602894814,4957.238761736888,13219.303364631702,13.212693712949385,6.609651682315464,19.82234539526485,,2,DEEP_BEAR,4,BEARISH_REBREAK_SELL,True,True,True,REDUNDANT,MIXED_UNCERTAIN,MIXED_UNCERTAIN,MIXED_UNCERTAIN,False,Positive final contribution means baseline event helped wealth; positive DD contribution means it protected drawdown,16900.57,0.29527191229087774,17730.017,19170.309,19342.968399999998,22979.3308,22916.66143379498,19170.309,15423.956566205023,0.3908494572304472,-0.11839866535275989,-0.1262680240949987,-0.26453167208855355,-0.18636127518403744,-0.1465780955699303,0.9396497678784128,0.06140624676172113,0.06140624676172113,-0.02623955116513088,16900.57,1253.22,-0.01608643968812884,-0.035652160035748004,-0.0185804384112489,-0.06576658527632828,-0.0032732623810912687,0.009471601155423448,0.03107528325967701,0.014817829271795757,0.22594030852213853,0.21718453264390924,0.28400521402532575,0.19550438071527743,EX_POST_DIAGNOSTIC_ONLY,BELOW_SMA20_FALLING,0.06177823634845845
348746.8528777533,348874.224494253,-127.37161649967311,-0.00036522656892425305,-0.008873692489119733,-0.008857736981049413,-0.00011546003954654438,-0.00019227420539991158,-0.00022457576878354146,-0.3951313419600695,-0.3951313419600695,0.0,106,104,1,1,4,30156.301542386413,0.1443432470238406,30.156310105654484,15.078150771191417,45.23446087684579,2022-11-25 00:00:00+00:00,2022-12-01 00:00:00+00:00,160042.01964052324,160172.55363118293,-130.5339906596928,2022-12-24 00:00:00+00:00,157869.03883738513,157998.1009952742,-129.0621578890714,2023-01-23 00:00:00+00:00,176998.01505918225,177141.9169423016,-143.901883119368,2023-02-22 00:00:00+00:00,182639.21887800313,182783.82884438592,-144.60996638279175,2023-05-23 00:00:00+00:00,190220.34596688405,190369.40917575383,-149.06320886977483,156372.94342761248,156509.76899483163,-136.82556721914443,-0.013376301193264717,-0.013338742701357376,-0.0037558491907341285,-0.040267942147446445,-0.04028062686065137,0.0012684713204924591,-0.040267942147446445,-0.04028062686065137,0.0012684713204924591,-0.09513471577921162,-0.09514695179481603,0.001223601560440546,-0.004558015468277721,-0.004579938029062647,0.002192256078492605,0.002192256078492605,2022-11-27 00:00:00+00:00,3.0,RESYNCED,0.09283470495336094,0.10060081283191308,57,2022-11-24 00:00:00+00:00,TACTICAL_SELL_STAGE4,SELL,tactical_bear,ACCUMULATION_BEARISH_REBREAK,2,2022-11-23 00:00:00+00:00,0.25,0.3466002447856629,0.25,9459.627594389969,5675.776556633981,15135.404151023951,15.12783644894844,7.567702075510447,22.69553852445889,,2,DEEP_BEAR,4,BEARISH_REBREAK_SELL,True,True,True,REDUNDANT,REDUNDANT,REDUNDANT,REDUNDANT,True,Positive final contribution means baseline event helped wealth; positive DD contribution means it protected drawdown,16603.11,0.2930962196710837,16516.805,17569.804,18859.1144,22137.15895,21176.92954187164,17569.804,13962.678458128363,0.4106050974583027,-0.05502019259861979,-0.11962409008982933,-0.24998912292672493,-0.17838193333076002,-0.12248037842551729,0.9604399475795513,0.0520755907787005,0.0520755907787005,-0.03363860683783393,16603.11,1184.52,-0.004570830404665105,0.027006720021612196,0.032998034705546075,0.08737716543409979,0.013925704280703943,0.03996555566811866,0.014306958154225446,0.028965319285448876,0.36486597992785685,0.37643095937594984,0.45766967754836285,0.3923361361564177,EX_POST_DIAGNOSTIC_ONLY,BELOW_SMA20_FALLING,0.07073281768940232
348746.8528777533,349138.2435098417,-391.3906320883543,-0.0011222771728510736,-0.026448182662974773,-0.027209121789939505,-0.00046822137082647153,-0.00045531138502297175,-0.0006693516776414832,-0.3951313419600695,-0.3951313419600695,0.0,106,104,1,1,4,29714.299939916935,0.14699404635998192,29.714390123135217,14.857149969955685,44.57154009309079,2022-12-03 00:00:00+00:00,2022-12-09 00:00:00+00:00,159884.42746801296,160108.20230603602,-223.77483802306233,2023-01-01 00:00:00+00:00,156750.89326122537,156948.74307256288,-197.8498113375099,2023-01-31 00:00:00+00:00,175131.34534221696,175351.4350721009,-220.0897298839409,2023-03-02 00:00:00+00:00,180000.11393577003,180226.14473435638,-226.03079858634737,2023-05-31 00:00:00+00:00,191937.11233572153,192176.09687773953,-238.98454201800632,159612.3452759834,159823.41206195537,-211.06678597198334,-0.01595902350744216,-0.016490475831900886,0.05314523244587255,-0.040267942147446445,-0.040269855975559765,0.0001913828113320193,-0.040267942147446445,-0.040269855975559765,0.0001913828113320193,-0.09513471577921162,-0.09514046669457821,0.0005750915366586895,-0.0022819750433845654,-0.0022090998415270624,-0.007287520185750296,0.05314523244587255,2022-12-12 00:00:00+00:00,10.0,RESYNCED,0.20089050109711554,0.20089079760681922,59,2022-12-02 00:00:00+00:00,TACTICAL_SELL_STAGE4,SELL,tactical_bear,ACCUMULATION_BEARISH_REBREAK,2,2022-12-01 00:00:00+00:00,0.25,0.3602403866553305,0.25000000000000006,10994.027939625328,6596.416763775196,17590.444703400524,17.581649481048828,8.795222351698138,26.376871832746964,,2,DEEP_BEAR,4,BEARISH_REBREAK_SELL,True,True,True,HARMFUL,REDUNDANT,MIXED_UNCERTAIN,REDUNDANT,False,Positive final contribution means baseline event helped wealth; positive DD contribution means it protected drawdown,16977.37,0.31147148283039733,16563.494,16555.7435,18398.1442,21581.3425,17156.422790352637,16555.7435,15955.064209647366,0.07256445962123485,0.025467083372003207,-0.07722377781993905,-0.21333114471446812,-0.005444540843136503,-0.10911748037445956,0.3724309869297429,0.07579101581683112,0.07579101581683112,-3.24046222944796e-05,16978.0,1276.4,0.012891977853693115,0.011320902538389133,0.013232418423842596,0.005938577248511434,0.02637295323359634,-0.0036117204638045353,-0.02620803392625748,-0.06452522720150433,0.34497644009895145,0.2291366342839234,0.3838078690069502,0.2910842995926042,EX_POST_DIAGNOSTIC_ONLY,ABOVE_SMA20_NOT_NEAR_LOW,0.0822060452344754
348746.8528777533,348878.3870377449,-131.53415999159915,-0.0003771622852112331,-0.008917092323068587,-0.00914716203598287,-0.00015890487649961038,-0.00015493109844433306,-0.00022567413353824506,-0.3951313419600695,-0.3951313419600695,0.0,106,104,1,1,4,31253.044916628394,0.1488723960665137,31.253058570531266,15.626522458312479,46.87958102884386,2022-12-11 00:00:00+00:00,2022-12-17 00:00:00+00:00,156433.42181867224,156510.1749265524,-76.75310788015486,2023-01-09 00:00:00+00:00,160735.46703334944,160812.51296861365,-77.04593526420649,2023-02-08 00:00:00+00:00,180344.37368928245,180430.14636288054,-85.7726735980832,2023-03-10 00:00:00+00:00,159621.0848947492,159696.55404876434,-75.46915401515434,2023-06-08 00:00:00+00:00,187250.92974405142,187338.6959656357,-87.76622158428654,159495.26057966132,159555.57670449547,-60.31612483414938,-0.03879642185714283,-0.03855800660206199,-0.023841525508083716,-0.040267942147446445,-0.04005342796763278,-0.021451417981366294,-0.040267942147446445,-0.04005342796763278,-0.021451417981366294,-0.15674934609611635,-0.15674951328102926,1.67184912913676e-05,-0.0019211826389365916,-0.002545928407072018,0.062474576813542626,0.062474576813542626,2022-12-13 00:00:00+00:00,3.0,RESYNCED,0.08988886613833014,0.10451898907648494,61,2022-12-10 00:00:00+00:00,TACTICAL_SELL_STAGE4,SELL,tactical_bear,ACCUMULATION_BEARISH_REBREAK,2,2022-12-09 00:00:00+00:00,0.25,0.34719195990869134,0.25,9678.313199230486,5806.987919538291,15485.301118768777,15.477558468209395,7.742650559383348,23.220209027592745,,2,DEEP_BEAR,4,BEARISH_REBREAK_SELL,True,True,True,REDUNDANT,REDUNDANT,REDUNDANT,REDUNDANT,True,Positive final contribution means baseline event helped wealth; positive DD contribution means it protected drawdown,17128.56,0.32167628550148336,17046.926,16701.2355,18046.1568,21075.970500000003,17485.441963800466,16701.2355,15917.029036199532,0.093909994119952,0.025586400479174376,-0.050847214183576184,-0.1872943644516869,0.02562051365573148,-0.10471062159632061,0.3557135814198039,0.08537134796965273,0.08537134796965273,0.0032908207783579613,17128.56,1263.11,0.001390075990042261,0.005177696320985747,-0.026371744034524913,-0.06951888592442457,-0.016808768512939776,-0.035056329219149585,0.003995665718542485,0.037415585340944135,0.3576938166430803,0.3308183768634563,0.17068043081263107,0.1292286499196429,EX_POST_DIAGNOSTIC_ONLY,ABOVE_SMA20_NOT_NEAR_LOW,0.07236800352141692
348746.8528777533,348749.2653918107,-2.412514057359658,-6.917665456913298e-06,-9.93211325850396e-05,-0.00016779889556728378,-1.6384649308642807e-05,-1.7759976753684015e-05,-2.5136232446598683e-06,-0.3951313419600695,-0.3951313419600695,0.0,106,104,1,1,4,31558.536691524554,0.14734093023544226,31.55851515226277,15.779268345760897,47.33778349802333,2022-12-19 00:00:00+00:00,2022-12-25 00:00:00+00:00,157934.5910400031,157914.78528522621,19.80575477689854,2023-01-17 00:00:00+00:00,172991.77532446326,172974.18337473593,17.59194972732803,2023-02-16 00:00:00+00:00,186503.21766433492,186485.6480427765,17.569621558417566,2023-03-18 00:00:00+00:00,187580.17040694942,187563.26755101522,16.90285593419685,2023-06-16 00:00:00+00:00,180382.5349519404,180366.62069988527,15.914252055139514,156552.78116583783,156564.57841307757,-11.797247239737771,-0.007435990593422037,-0.007224464349396387,-0.021152624402565046,-0.010320403482739215,-0.010319892886117343,-5.105966218721392e-05,-0.09513471577921162,-0.09513200263580635,-0.00027131434052751757,-0.16924779159866188,-0.1692489156403827,0.00011240417208124853,-0.002030266002076675,-0.002596155666698019,0.056588966462134405,0.056588966462134405,2022-12-28 00:00:00+00:00,10.0,RESYNCED,0.015539332820753565,0.16426757640603315,63,2022-12-18 00:00:00+00:00,TACTICAL_SELL_STAGE4,SELL,tactical_bear,ACCUMULATION_BEARISH_REBREAK,2,2022-12-17 00:00:00+00:00,0.25,0.3400042583313181,0.25,8828.555875610713,5297.133525366427,14125.68940097714,14.118626556276652,7.062844700487271,21.18147125676392,,2,DEEP_BEAR,4,BEARISH_REBREAK_SELL,True,True,True,REDUNDANT,REDUNDANT,REDUNDANT,REDUNDANT,True,Positive final contribution means baseline event helped wealth; positive DD contribution means it protected drawdown,16776.52,0.3133001184857121,17211.786,17044.495,17621.3118,20569.48365,17776.39581217825,17044.495,16312.59418782175,0.08588119650106958,-0.015722085048574197,-0.047941481859483326,-0.18439761126429632,0.021166513885997773,-0.13198437040808297,0.37283677050381053,0.03476303760398358,0.06306391936273892,0.003992202145284507,16777.54,1187.16,0.0035499840858670417,0.019685636308500953,0.0032543507570239605,0.0288166717207452,-0.014573054214145786,0.005795343508878226,0.2590981752986432,0.3170844705010274,0.47413864011052853,0.424761615957411,0.6276247888546234,0.5251271943124767,EX_POST_DIAGNOSTIC_ONLY,BELOW_SMA20_NOT_FALLING,0.06601408215907095
348746.8528777533,349018.4879233495,-271.6350455961656,-0.0007788888798700706,-0.018313189835250654,-0.018886701689768692,-0.00033341620730231725,-0.00032453982682811855,-0.000463470949796152,-0.3951313419600695,-0.3951313419600695,0.0,106,104,1,1,4,30232.394655916374,0.14683775445970682,30.232450275565043,15.116197327954637,45.34864760351911,2022-12-27 00:00:00+00:00,2023-01-02 00:00:00+00:00,157147.69768558742,157279.96445101802,-132.26676543059875,2023-01-25 00:00:00+00:00,174841.04355214332,174990.65840816585,-149.6148560225265,2023-02-24 00:00:00+00:00,181721.24541524012,181876.54879440457,-155.3033791644557,2023-03-26 00:00:00+00:00,186219.14467803438,186377.3360454441,-158.1913674097159,2023-06-24 00:00:00+00:00,198707.74632416462,198875.38902066892,-167.6426965043065,157935.5230830315,158083.05947617174,-147.53639314023894,-0.010320403482739215,-0.01035307780244954,0.0032674319710324085,-0.0216199517963922,-0.021620787381434803,8.355850426022826e-05,-0.09513471577921162,-0.09513825435947998,0.00035385802683585155,-0.16924779159866188,-0.16925099571469038,0.00032041160284990156,-0.0012343106003845916,-0.001647937007007938,0.04136264066233464,0.04136264066233464,2023-01-05 00:00:00+00:00,10.0,RESYNCED,0.14853276225849343,0.1485328595116835,65,2022-12-26 00:00:00+00:00,TACTICAL_SELL_STAGE4,SELL,tactical_bear,ACCUMULATION_BEARISH_REBREAK,2,2022-12-25 00:00:00+00:00,0.25,0.3546872842032073,0.25,10333.407900852326,6200.0447405113955,16533.45264136372,16.52518591504304,8.266726320680293,24.79191223572333,,2,DEEP_BEAR,4,BEARISH_REBREAK_SELL,True,True,True,REDUNDANT,REDUNDANT,REDUNDANT,REDUNDANT,True,Positive final contribution means baseline event helped wealth; positive DD contribution means it protected drawdown,16832.11,0.32095149043733917,16757.412,17010.446999999996,17000.2402,20028.0855,17686.49141946606,17010.446999999996,16334.402580533935,0.0794857912277158,-0.010483969057367815,-0.009889872026631719,-0.15957468825465126,-0.007912131955311374,-0.18965712302235893,0.326570590835161,0.02392072939275658,0.06658644508782241,-0.001498358796413024,16832.11,1218.52,-0.0162653404712777,-0.01934313757673234,-0.010109843626259662,-0.013606670387026787,0.02167820908965057,0.0753783278075042,0.34526271513197093,0.2692692774841612,0.4231162937979849,0.35339592292289024,0.6355204427727716,0.4358155795555263,EX_POST_DIAGNOSTIC_ONLY,BELOW_SMA20_FALLING,0.0772663669756602
348746.8528777533,348564.627830897,182.22504685632885,0.0005225138100965298,0.0122162315638219,0.012677380847569975,0.00021201241459412046,0.00021874991655068676,0.00030916888301546486,-0.3951313419600695,-0.3951313419600695,0.0,106,104,1,1,4,31278.758057250176,0.142656613715058,31.278680774129498,15.639379028623466,46.91805980275376,2023-01-04 00:00:00+00:00,2023-01-10 00:00:00+00:00,161128.88105769386,161160.01605562482,-31.1349979309598,2023-02-02 00:00:00+00:00,181680.6209655961,181588.11012546942,92.51084012669162,2023-03-04 00:00:00+00:00,172150.56265098942,172067.94062652468,82.62202446474112,2023-04-03 00:00:00+00:00,187694.150377745,187603.23830050154,90.91207724346896,2023-07-02 00:00:00+00:00,198957.84024396515,198861.64078434807,96.19945961708436,158660.9032086234,158705.178111598,-44.27490297460463,-0.0032131824449033175,-0.003194139156148079,-0.0019043288755238308,-0.031361125432369685,-0.03126547011611913,-0.009565531625055357,-0.09513471577921162,-0.09509748625505099,-0.00372295241606313,-0.16924779159866188,-0.1692196197738085,-0.002817182485337355,-0.0013651819847567692,-0.0018936453544172727,0.052846336966050345,0.052846336966050345,2023-01-06 00:00:00+00:00,3.0,RESYNCED,0.09001622412482962,0.1048214729516928,67,2023-01-03 00:00:00+00:00,TACTICAL_SELL_STAGE4,SELL,tactical_bear,ACCUMULATION_BEARISH_REBREAK,2,2023-01-02 00:00:00+00:00,0.25,0.3474167971824025,0.24999999999999994,9592.066586740686,5755.239952044412,15347.306538785098,15.339632885515707,7.673653269392158,23.013286154907863,,2,DEEP_BEAR,4,BEARISH_REBREAK_SELL,True,True,True,REDUNDANT,REDUNDANT,REDUNDANT,REDUNDANT,True,Positive final contribution means baseline event helped wealth; positive DD contribution means it protected drawdown,16672.87,0.31747453822442073,16691.426,16798.982,16789.557999999997,19685.266200000002,17392.199125065814,16798.982,16205.764874934186,0.07062536587821976,-0.0075071215624852305,-0.0069500340628382284,-0.15302796362489635,-0.06198866928837066,-0.1749298044024541,0.26820928684463524,0.01423393807850637,0.05649601521802072,-0.0066157486963996925,16672.78,1213.99,0.00964326285118644,0.030502722427697027,0.03196467535707925,0.09120338717781862,0.2670094609297311,0.28797601298198505,0.4303913324592539,0.3765599387144871,0.3403079750347573,0.29394805558530135,0.6646204172309598,0.464872033542286,EX_POST_DIAGNOSTIC_ONLY,BELOW_SMA20_FALLING,0.0717231085869496
348746.8528777533,348285.4318832099,461.42099454341223,0.001323082891604343,0.030882941050758284,0.032112450531518455,0.0006030415096172081,0.0006922554470039088,0.0007815867224696404,-0.3951313419600695,-0.3951313419600695,0.0,106,105,1,0,2,1382.1049024299718,-0.002488583664430166,1.3819682294497397,0.6910524512145457,2.0730206806642855,2023-03-09 00:00:00+00:00,2023-03-15 00:00:00+00:00,178669.92782892392,178444.90293585917,225.02489306475036,2023-04-07 00:00:00+00:00,191443.75210966318,191202.07988397413,241.6722256890498,2023-05-07 00:00:00+00:00,193915.24918728363,193670.33790639535,244.91128088827827,2023-06-06 00:00:00+00:00,185186.48429899628,184955.0287906463,231.4555083499872,2023-09-04 00:00:00+00:00,181232.3568781839,181004.09139467037,228.26548351353267,168707.11077922498,168495.29569868537,211.81508053961443,-0.0807536598603723,-0.08192469713014405,0.11710372697717464,-0.0807536598603723,-0.08192469713014405,0.11710372697717464,-0.08202577680101475,-0.08202923161578024,0.0003454814765491143,-0.0996205918211458,-0.0996221329068282,0.00015410856823994123,-0.01668888081410691,-0.01785095923998936,0.11620784258824512,0.11710372697717464,2023-03-11 00:00:00+00:00,3.0,RESYNCED,0.05958638408539363,0.05958638408539363,78,2023-03-08 00:00:00+00:00,TACTICAL_SELL_STAGE1,SELL,temporary_hedge,DISTRIBUTION_STAGE1,3,2023-03-07 00:00:00+00:00,0.85,0.9086555113273062,0.8500000000000001,6285.270707998932,3771.162424799359,10056.43313279829,10.051404916231894,5.028216566398489,15.079621482630383,2,2,DISTRIBUTION,1,STAGE_RISK_SELL,False,False,False,REDUNDANT,REDUNDANT,MIXED_UNCERTAIN,REDUNDANT,False,Positive final contribution means baseline event helped wealth; positive DD contribution means it protected drawdown,22197.96,0.5225063057227042,22902.191,23488.622,22989.398800000003,19715.512450000002,25127.129592837584,23488.622,21850.114407162415,0.13951500371861614,-0.05494839160849885,-0.03442625041590919,0.12591341748258733,-0.08740690797790662,0.3095639400258985,0.3999491282471419,0.0,0.31011115130990685,-0.0026742551091528677,22198.56,1561.95,-0.08129716522152786,-0.06635295624059678,0.11347988337982273,0.08950990748743548,0.26828677175456406,0.15214315439034531,0.2630846325167038,0.2015301386087902,0.2973165826972559,0.21186337590831972,0.15912158266121756,0.1599603060277217,EX_POST_DIAGNOSTIC_ONLY,BELOW_SMA20_FALLING,0.04699708341384222
348746.8528777533,345750.30099145044,2996.5518863028847,0.008592341010610552,0.20102289510419702,0.20922169507071597,0.004335847237524337,0.004549144538539718,0.005087495568106837,-0.3951313419600695,-0.3951313419600695,0.0,106,105,1,0,2,8981.617884246632,-0.015581696058792005,8.980725001997143,4.490808942124659,13.471533944121347,2023-03-12 00:00:00+00:00,2023-03-16 00:00:00+00:00,175983.88258128602,174607.35834989508,1376.5242313909403,2023-04-08 00:00:00+00:00,191156.9256217214,189658.3606534082,1498.564968313207,2023-05-08 00:00:00+00:00,191789.0591779409,190286.16229818942,1502.896879751468,2023-06-07 00:00:00+00:00,189786.4991936639,188316.25582162477,1470.2433720391418,2023-09-05 00:00:00+00:00,179987.81455544085,178576.73621753053,1411.0783379103232,162116.80393404418,160861.29095663427,1255.5129774099041,-0.06788029694450515,-0.081972828075066,1.409253113056086,-0.06788029694450515,-0.081972828075066,1.409253113056086,-0.08202577680101475,-0.08205856197082873,0.0032785169813975834,-0.0996205918211458,-0.09963920890795297,0.0018617086807171113,-0.06788029694450515,-0.081972828075066,1.409253113056086,1.409253113056086,2023-03-14 00:00:00+00:00,5.0,RESYNCED,0.4568323528938075,0.4569203999787731,79,2023-03-09 00:00:00+00:00,TACTICAL_SELL_STAGE2,SELL,tactical_bear,EARLY_BEAR_STAGE2,3,2023-03-08 00:00:00+00:00,0.7,0.8473226319469223,0.7,15504.764713996272,9302.858828397762,24807.623542394034,24.79521973062284,12.40381177119576,37.1990315018186,,2,EARLY_BEAR,2,STAGE_RISK_SELL,False,False,False,RISK_ESSENTIAL,RISK_ESSENTIAL,MIXED_UNCERTAIN,RISK_ESSENTIAL,False,Positive final contribution means baseline event helped wealth; positive DD contribution means it protected drawdown,21705.44,0.4989423510897336,22717.25,23398.008,23000.811400000002,19718.3393,25211.193543210207,23398.008,21584.822456789796,0.15498631705829022,-0.07233812382660965,-0.05631850883312761,0.10077424217971531,-0.07706019120901186,0.28104289709901753,0.387321500563965,0.0,0.26726152700020944,-0.007903968461210886,21704.37,1532.38,-0.0611816882959515,-0.042665657343478824,0.11799743553947906,0.074348399222125,0.2604272780089909,0.1336678891658727,0.2911404477531483,0.2191949777470339,0.2992641574024033,0.21731554836267764,0.23979687039983189,0.22520523629909017,EX_POST_DIAGNOSTIC_ONLY,BELOW_SMA20_FALLING,0.11593434148322831
348746.8528777533,371853.59585910384,-23106.742981350515,-0.06625649175234322,-1.492486059293019,-1.5617506000224823,-0.019634333256676628,-0.02106409871258763,-0.03777189761484023,-0.3951313419600695,-0.3951313419600695,0.0,106,105,1,0,2,-69314.17971238587,0.09286049457135093,-69.30724497592519,-34.65708985619358,-103.96433483211922,2025-11-21 00:00:00+00:00,2023-03-19 00:00:00+00:00,186479.19621514739,192980.05903422125,-6500.862819073867,2023-04-11 00:00:00+00:00,197345.969139699,206681.17514765184,-9335.206007952831,2023-05-11 00:00:00+00:00,189034.95144710192,195968.3098782731,-6933.358431171189,2023-06-10 00:00:00+00:00,186984.13096271068,193136.22469700017,-6152.09373428949,2023-09-08 00:00:00+00:00,182136.6185888651,187196.2646023022,-5059.646013437101,334512.3491743013,356769.2129340923,-22256.863759791013,-0.03985374284908927,-0.04845248982730699,0.859874697821772,-0.03985374284908927,-0.04845248982730699,0.859874697821772,-0.08202577680101475,-0.09725631089733044,1.5230534096315695,-0.0996205918211458,-0.11853034796276118,1.8909756141615386,-0.24163797757808936,-0.23513997089255434,-0.6498006685535018,1.8909756141615386,2023-11-04 00:00:00+00:00,237.0,RESYNCED,30.293446466121548,30.29378940188631,80,2023-03-12 00:00:00+00:00,TACTICAL_SELL_STAGE3,SELL,tactical_bear,BEAR_STAGE3,3,2023-03-11 00:00:00+00:00,0.55,0.6894692671132863,0.55,14174.151470595962,8504.490882357577,22678.64235295354,22.667303031777067,11.339321176473906,34.00662420825097,,2,BEAR,3,STAGE_RISK_SELL,False,False,False,MIXED_UNCERTAIN,MIXED_UNCERTAIN,MIXED_UNCERTAIN,MIXED_UNCERTAIN,True,Positive final contribution means baseline event helped wealth; positive DD contribution means it protected drawdown,20455.73,0.44203513032815034,21787.851000000002,22772.756,22931.858799999998,19700.9597,25356.471938623872,22772.756,20189.04006137613,0.22691289000100565,-0.10174552434496731,-0.10797767514598511,0.03831134683250981,-0.15722098438679355,0.17287591180608985,0.40806230578234404,0.015137943167206735,0.14002305043788033,-0.02672244577401628,20455.73,1471.93,0.20834846764207393,0.15614193609750449,0.32963771031393163,0.21100867568430548,0.3457969967339225,0.18862310028330143,0.47225007369573224,0.3065974604770607,0.3417707410099762,0.24164192590680256,0.286831122624321,0.24134299864803355,EX_POST_DIAGNOSTIC_ONLY,BELOW_SMA20_FALLING,0.10598489865142433
348746.8528777533,362047.6143754973,-13300.761497743952,-0.03813872838705238,-0.8610880769791773,-0.9098101049965779,-0.012644603527725007,-0.013006442038822286,-0.02179245191504431,-0.3951313419600695,-0.3951313419600695,0.0,106,105,1,0,2,-39777.56793923257,0.035339446679167,-39.77368370967724,-19.888783969613883,-59.66246767929124,2025-11-21 00:00:00+00:00,2023-11-09 00:00:00+00:00,213127.72059236176,213847.16111587157,-719.4405235098093,2023-12-02 00:00:00+00:00,222434.93211256928,224769.11503950728,-2334.182926937996,2024-01-01 00:00:00+00:00,234241.3051507837,238669.31500009593,-4428.0098493122205,2024-01-31 00:00:00+00:00,237590.58085550423,242537.3262002673,-4946.745344763069,2024-04-30 00:00:00+00:00,295143.6258856473,306764.45233099145,-11620.826445344137,334512.3491743013,347396.2966895133,-12883.947515212,-0.020333810563753607,-0.024057378257480666,0.3723567693727059,-0.03291011981364045,-0.0386160321529464,0.5705912339305952,-0.05040055241894548,-0.05809914622853052,0.7698593809585041,-0.10788699439301574,-0.1236437029221199,1.5756708529104158,-0.24163797757808936,-0.24170366543741695,0.006568785932759003,1.5756708529104158,2024-02-21 00:00:00+00:00,111.0,RESYNCED,10.445484481768945,10.445516981601873,81,2023-11-02 00:00:00+00:00,TACTICAL_SELL_DRIFT,SELL,tactical_bear,DRIFT_ABOVE_ACTIVE_TARGET_PLUS_10PP,3,2023-11-01 00:00:00+00:00,0.55,0.6506570377641167,0.55,13174.444161400243,7904.666496840146,21079.110658240388,21.06857110291127,10.539555329120605,31.608126432031874,,2,BEAR,3,OTHER_RISK_SELL,False,False,False,MIXED_UNCERTAIN,MIXED_UNCERTAIN,MIXED_UNCERTAIN,MIXED_UNCERTAIN,True,Positive final contribution means baseline event helped wealth; positive DD contribution means it protected drawdown,35421.43,0.7122804738998924,34267.526999999995,31352.28,28737.218399999998,28292.161550000004,37454.526031962065,31352.28,25250.033968037933,0.38926968194734585,0.1297880090379393,0.2325977242111923,0.2519874077984683,0.3236890794080485,0.36923467046728,0.4845638998691283,0.31911205222013006,0.4077059849331466,0.03895492777932619,35421.43,1846.99,-0.004077192818019992,0.022517718016881405,0.02870973870902449,0.03916642753886057,0.057410161023990325,0.11154364669002015,0.09488154487269429,0.13315719088895972,0.1950531076808586,0.23108950237954717,0.21198014874046578,0.26850172442731135,EX_POST_DIAGNOSTIC_ONLY,ABOVE_SMA20_NOT_NEAR_LOW,0.09850975080458524
348746.8528777533,364965.5648094213,-16218.71193166799,-0.04650568685519624,-1.0363661249584988,-1.105428585820467,-0.0061473156303772925,-0.006229948581090827,-0.02622839584978376,-0.3951313419600695,-0.3951313419600695,0.0,106,105,1,0,2,-48645.42835706286,-0.010289639007087459,-48.64056657151468,-24.322714178529168,-72.9632807500434,2025-11-21 00:00:00+00:00,2024-02-26 00:00:00+00:00,274107.29773559107,274760.2960030561,-652.9982674650382,2024-03-20 00:00:00+00:00,291453.0802207339,295653.52183157107,-4200.441610837181,2024-04-19 00:00:00+00:00,287372.23969142645,290906.65823159507,-3534.418540168612,2024-05-19 00:00:00+00:00,299618.8918719951,305437.9384721131,-5819.046600117988,2024-08-17 00:00:00+00:00,275551.1416145449,276870.2128825631,-1319.0712680182187,334512.3491743013,350138.38609050546,-15626.036916204146,-0.017296285109810183,-0.020300248745620086,0.3003963635809903,-0.11589943850322115,-0.13210420936190492,1.620477085868377,-0.13764102836010172,-0.15685836712139467,1.9217338761292946,-0.15761741396114415,-0.18009882920981068,2.2481415248666536,-0.24163797757808936,-0.25546598124595987,1.3828003667870514,2.2481415248666536,2024-11-24 00:00:00+00:00,279.0,RESYNCED,26.868982256418754,26.869229100849154,82,2024-02-19 00:00:00+00:00,TACTICAL_SELL_DRIFT,SELL,tactical_bear,DRIFT_ABOVE_ACTIVE_TARGET_PLUS_10PP,3,2024-02-18 00:00:00+00:00,0.55,0.6507810822661695,0.55,16994.810088080863,10196.886052848517,27191.69614092938,27.178100292858915,13.59584807046432,40.773948363323235,,2,BEAR,3,OTHER_RISK_SELL,False,False,False,MIXED_UNCERTAIN,MIXED_UNCERTAIN,MIXED_UNCERTAIN,MIXED_UNCERTAIN,True,Positive final contribution means baseline event helped wealth; positive DD contribution means it protected drawdown,52137.67,1.0927507095614402,50238.03,46761.2105,44451.3566,35564.82765,54281.15017936491,46761.2105,39241.270820635094,0.3216315231773098,0.11497691018926881,0.17291515912924904,0.46598967139940584,0.20402815528823837,0.1939305588664526,0.3126180840163848,0.2244638327853452,0.31767194820463596,0.03137498908493397,52137.68,2881.2,-0.01057929696910187,0.01884978481188404,-0.01116447835807044,0.0786477856448704,0.217137394682694,0.20500138831042625,0.18648950240977347,0.09711925586561154,0.18503815282920133,0.03422185200610861,0.28832372288141705,0.08613077884214926,EX_POST_DIAGNOSTIC_ONLY,ABOVE_SMA20_NOT_NEAR_LOW,0.12707591198824134
348746.8528777533,343406.76943311444,5340.083444638876,0.015312205402211164,0.34554778438320444,0.373975357943257,0.022556630570282232,0.022971512868281252,0.008745137317356155,-0.3951313419600695,-0.3951313419600695,0.0,106,105,1,0,2,15950.760126761626,0.04988655037769618,15.949217886937731,7.975380063378907,23.924597950316638,2025-11-21 00:00:00+00:00,2024-11-29 00:00:00+00:00,358817.44579034974,359445.14715571335,-627.7013653636095,2024-12-22 00:00:00+00:00,355233.88608661445,354964.91152426606,268.97456234839046,2025-01-21 00:00:00+00:00,361762.5578021592,362564.702204663,-802.1444025037927,2025-02-20 00:00:00+00:00,344150.0404520998,341200.78554305475,2949.254909045063,2025-05-21 00:00:00+00:00,354902.9318506243,353532.7594057041,1370.1724449202302,334512.3491743013,329328.01553612726,5184.333638174052,-0.03350683054328618,-0.0400694761037772,0.656264556049102,-0.09673820103964448,-0.11517901429566157,1.8440813256017097,-0.10499776904602687,-0.12507331740866878,2.0075548362641915,-0.1200471796459649,-0.14387494429539305,2.382776464942815,-0.24163797757808936,-0.2886359503601894,4.699797278210005,4.699797278210005,2025-11-23 00:00:00+00:00,366.0,RESYNCED,39.45677079233188,39.45677079233188,83,2024-11-22 00:00:00+00:00,TACTICAL_SELL_DRIFT,SELL,tactical_bear,DRIFT_ABOVE_ACTIVE_TARGET_PLUS_10PP,3,2024-11-21 00:00:00+00:00,0.55,0.6599393741505986,0.55,24529.5727106316,14717.74362637896,39247.31633701056,39.22769267884206,19.62365816850449,58.85135084734655,,2,BEAR,3,OTHER_RISK_SELL,False,False,False,RISK_ESSENTIAL,RISK_ESSENTIAL,RISK_ESSENTIAL,RISK_ESSENTIAL,True,Positive final contribution means baseline event helped wealth; positive DD contribution means it protected drawdown,98317.12,1.588741373902399,91250.633,83075.70999999999,72870.9296,65365.46525,102056.27756072492,83075.70999999999,64095.14243927506,0.45694626168647684,0.18346409558221066,0.34919535869348906,0.5041141315826554,0.41471603909346744,0.5463831002680768,0.6484211430723219,0.44903619026732655,0.6297530815286643,0.04581117995516015,98317.12,3355.88,-0.00425480323264138,0.0019547778824033912,-0.017563167025234194,0.06792257172485305,-0.005917891004130316,0.16422816072088398,-0.01345391321470768,0.00014899221664665951,0.046979508756969324,-0.027795987937590194,-0.012834692472684317,-0.18299522032968996,EX_POST_DIAGNOSTIC_ONLY,ABOVE_SMA20_NOT_NEAR_LOW,0.18341586676932312
348746.8528777533,319359.7290554633,29387.123822290043,0.0842649147362805,1.9506031975000226,2.124925658215293,0.04178272647117787,0.04238636134574447,0.04936594469636235,-0.3951313419600695,-0.3951313419600695,0.0,106,104,1,1,4,177495.3229403887,0.7393022864334906,177.48679771641855,88.74766147019261,266.2344591866113,2025-11-22 00:00:00+00:00,2025-11-28 00:00:00+00:00,340003.0196632667,345247.51882881427,-5244.499165547546,2025-12-21 00:00:00+00:00,337780.6220489064,340530.4458888549,-2749.8238399485126,2026-01-20 00:00:00+00:00,342984.78958057624,351205.78648419504,-8220.996903618798,2026-02-19 00:00:00+00:00,317298.16672192106,290537.1826361164,26760.984085804666,2026-05-20 00:00:00+00:00,330186.3758632763,302619.539039943,27566.836823333288,333092.48829942336,330797.26660102286,2295.2216984005063,-0.010289188213483125,-0.02158727364546764,1.1298085431984517,-0.03234475779562429,-0.06804086317573865,3.5696105380114362,-0.03234475779562429,-0.06804086317573865,3.5696105380114362,-0.10554114690056582,-0.21548060532825541,10.993945842768959,-0.010289188213483125,-0.02158727364546764,1.1298085431984517,10.993945842768959,2026-02-15 00:00:00+00:00,86.0,RESYNCED,21.605625196706274,21.605824732757423,84,2025-11-21 00:00:00+00:00,TACTICAL_SELL_STAGE4,SELL,tactical_bear,FSM_BEAR_ACCELERATION,3,2025-11-20 00:00:00+00:00,0.25,0.5215485067381412,0.2500000000000001,56948.921982526925,34169.35318951616,91118.27517204308,91.07271603445706,45.559137586022814,136.6318536204799,,2,DEEP_BEAR,4,STAGE_RISK_SELL,False,False,False,RISK_ESSENTIAL,RISK_ESSENTIAL,RISK_ESSENTIAL,RISK_ESSENTIAL,True,Positive final contribution means baseline event helped wealth; positive DD contribution means it protected drawdown,86637.23,0.5122127743118738,95222.522,100128.0785,108371.7842,110344.20215,112808.35875105321,100128.0785,87447.7982489468,0.2532812062513155,-0.13473591725821454,-0.20055547078461777,-0.21484565285789237,-0.20957209240456054,-0.24815145129893712,0.46489143660449334,0.0,0.0,-0.027580966837218446,86637.22,2834.21,0.009497072967022735,0.00784345549553489,0.052767505697897565,0.06154095850342789,0.06354693744790052,0.11882323469326539,0.016545083048602027,0.04890251604503537,0.06691927557232336,0.12506483288112036,-0.22688066399175777,-0.3040988494148281,EX_POST_DIAGNOSTIC_ONLY,BELOW_SMA20_FALLING,0.4258262469642009
348746.8528777533,350362.6508262266,-1615.7979484733078,-0.0046331542066694875,-0.10311186652123272,-0.1121541030285167,-0.0018390885834669302,-0.0018231958346037747,-0.002609559292607422,-0.3951313419600695,-0.3951313419600695,0.0,106,104,1,1,4,55032.752376488876,0.26249027327692076,55.03317464901693,27.516376188239406,82.54955083725645,2026-02-14 00:00:00+00:00,2026-02-20 00:00:00+00:00,317451.8266716697,318873.71429064765,-1421.8876189779257,2026-03-15 00:00:00+00:00,324432.0133949389,325938.020826694,-1506.0074317550752,2026-04-14 00:00:00+00:00,330635.1017141596,332176.30290397577,-1541.2011898161727,2026-05-14 00:00:00+00:00,333501.59300609236,335042.28102971264,-1540.688023620285,2026-08-12 00:00:00+00:00,320537.504819834,322018.6345617244,-1481.129741890356,320879.14363317087,322564.129488189,-1684.985855018138,-0.023926525762068995,-0.025487899929363178,0.15613741672941828,-0.0487846656977412,-0.04878750486373373,0.00028391659925297574,-0.0487846656977412,-0.04878750486373373,0.00028391659925297574,-0.0487846656977412,-0.04878750486373373,0.00028391659925297574,-0.001566678321132331,-0.002318615358435805,0.0751937037303474,0.15613741672941828,2026-02-23 00:00:00+00:00,10.0,RESYNCED,0.2731674875252892,0.2731734202012007,86,2026-02-13 00:00:00+00:00,TACTICAL_SELL_STAGE4,SELL,tactical_bear,ACCUMULATION_BEARISH_REBREAK,3,2026-02-12 00:00:00+00:00,0.25,0.3629508726180662,0.25000000000000006,22411.512452881587,13446.907471728953,35858.41992461054,35.84049071464824,17.929209962300714,53.76970067694896,,2,DEEP_BEAR,4,BEARISH_REBREAK_SELL,True,True,True,HARMFUL,HARMFUL,MIXED_UNCERTAIN,HARMFUL,False,Positive final contribution means baseline event helped wealth; positive DD contribution means it protected drawdown,66272.17,0.30164410865655794,69437.99,77026.5615,85417.2388,101305.7441,94215.82665164828,77026.5615,59837.29634835171,0.4463204592521838,-0.13961925977962808,-0.22413588953427988,-0.34582021395961493,-0.26035739182006834,-0.2483776910560328,0.9235567471717969,0.05344647087117971,0.05344647087117971,-0.041332140838167275,66272.17,1947.85,0.0324819603764297,0.005611315039659059,0.016508890534292275,0.0035937058808430677,0.020048687103500606,0.05007572451677511,0.07681912332129759,0.0761352260184307,0.12331360207459618,0.21441589444772458,0.19273067412761669,0.15108452909618286,EX_POST_DIAGNOSTIC_ONLY,BELOW_SMA20_FALLING,0.16757841771842721
348746.8528777533,348884.146611851,-137.29373409767868,-0.00039367734207426506,-0.008774435614911091,-0.009547624879890915,-0.00017051217159202992,-0.00016703263327144668,-0.00022206377179245784,-0.3951313419600695,-0.3951313419600695,0.0,106,104,1,1,4,63394.87642284762,0.29669543505712426,63.394867652240464,31.69743821141924,95.09230586365948,2026-02-22 00:00:00+00:00,2026-02-28 00:00:00+00:00,315115.3034126386,315262.6420761121,-147.3386634734925,2026-03-23 00:00:00+00:00,320825.74323881516,320951.86843490624,-126.12519609107403,2026-04-22 00:00:00+00:00,333291.6983645671,333422.82220020157,-131.12383563444018,2026-05-22 00:00:00+00:00,331388.2467898128,331516.0998171739,-127.85302736109588,2026-08-20 00:00:00+00:00,334887.952399302,335020.84574634355,-132.893347041565,318467.36473937094,318573.10669807834,-105.7419587073964,-0.02730902198091456,-0.027649895019230764,0.034087303831620286,-0.0487846656977412,-0.048785205830087164,5.40132345960842e-05,-0.0487846656977412,-0.048785205830087164,5.40132345960842e-05,-0.0487846656977412,-0.048785205830087164,5.40132345960842e-05,-0.0022027430424498284,-0.0030278404169568063,0.08250973745069778,0.08250973745069778,2026-02-24 00:00:00+00:00,3.0,RESYNCED,0.08240335639128654,0.10863954672810766,88,2026-02-21 00:00:00+00:00,TACTICAL_SELL_STAGE4,SELL,tactical_bear,ACCUMULATION_BEARISH_REBREAK,3,2026-02-20 00:00:00+00:00,0.25,0.34550007044283343,0.25,19013.960499615216,11408.37629976913,30422.336799384346,30.407125630984655,15.211168399690417,45.618294030675074,,2,DEEP_BEAR,4,BEARISH_REBREAK_SELL,True,True,True,REDUNDANT,REDUNDANT,REDUNDANT,REDUNDANT,True,Positive final contribution means baseline event helped wealth; positive DD contribution means it protected drawdown,68020.01,0.32141714519740894,67874.487,69773.845,82272.3538,99409.06715,77227.62762463877,69773.845,62320.06237536123,0.2136554929612599,-0.02513599472696404,-0.173233694451562,-0.3157564802679069,-0.13615610350326623,-0.23245990021077445,0.8979752366790372,0.081229715024004,0.081229715024004,-0.032023858318964815,68020.0,1968.88,-0.0650468979711849,-0.0695065214741376,-0.03267538959129668,-0.02254581284791357,0.0011099676565715644,0.0057545406525536524,0.0008027050867391861,0.04249116248831819,0.13968656277565406,0.20048961846328872,0.14348691561305493,0.08583560196660023,EX_POST_DIAGNOSTIC_ONLY,BELOW_SMA20_FALLING,0.1421737788462602
348746.8528777533,348156.1286378667,590.724239886622,0.0016938482312088112,0.0377770151541279,0.04111805264543911,0.0007064760496957589,0.0007004899756151151,0.0009560622289979115,-0.3951313419600695,-0.3951313419600695,0.0,106,104,1,1,4,62357.778794372454,0.2896311402666587,62.3575594884428,31.178889397184548,93.53644888562712,2026-03-02 00:00:00+00:00,2026-03-08 00:00:00+00:00,314883.2826012237,314343.8416322591,539.4409689645981,2026-03-31 00:00:00+00:00,320902.47796563775,320354.67750205076,547.8004635869875,2026-04-30 00:00:00+00:00,330841.3110608524,330276.2189588598,565.0921019925736,2026-05-30 00:00:00+00:00,326568.2407716152,326008.58308871544,559.6576828997349,2026-08-28 00:00:00+00:00,353257.9774286174,352659.97973484383,597.9976937735919,317557.3141164852,317126.78101238806,430.5331040971214,-0.043167692300164595,-0.042923485819468477,-0.02442064806961186,-0.0487846656977412,-0.048540956846680694,-0.0243708851060509,-0.0487846656977412,-0.048540956846680694,-0.0243708851060509,-0.0487846656977412,-0.048540956846680694,-0.0243708851060509,-0.007547942357710169,-0.010646348406212591,0.30984060485024223,0.30984060485024223,2026-03-08 00:00:00+00:00,7.0,RESYNCED,0.07177490701674835,0.12199548801431478,90,2026-03-01 00:00:00+00:00,TACTICAL_SELL_STAGE4,SELL,tactical_bear,ACCUMULATION_BEARISH_REBREAK,3,2026-02-28 00:00:00+00:00,0.25,0.3475076347786218,0.25,19335.515359593534,11601.30921575612,30936.824575349652,30.921356163061983,15.468412287674045,46.38976845073603,,2,DEEP_BEAR,4,BEARISH_REBREAK_SELL,True,True,True,REDUNDANT,MIXED_UNCERTAIN,MIXED_UNCERTAIN,MIXED_UNCERTAIN,False,Positive final contribution means baseline event helped wealth; positive DD contribution means it protected drawdown,66973.26,0.31571861885653946,66767.582,67518.812,78268.07579999999,97383.102,70562.51325487591,67518.812,64475.1107451241,0.09015861401340736,-0.008079999985781905,-0.14430935837571723,-0.31227021295748003,-0.047733568338462096,-0.2431159052179065,0.45229798626450696,0.04550724615056767,0.06459082884622536,-0.007255659661255742,66973.26,1964.51,0.011331985332653671,-0.0018376083603544036,0.000403145971989316,-0.008572112129742182,0.06554675701914481,0.06700907605458872,0.010921970947808335,0.052023150811143726,0.13370769169665642,0.14697303653328309,0.0978114250373956,0.026632595405470028,EX_POST_DIAGNOSTIC_ONLY,BELOW_SMA20_FALLING,0.14457815270358584
348746.8528777533,345794.22040180693,2952.6324759463896,0.008466406081036033,0.18915092358640084,0.20614358593861182,0.004208146799097312,0.0041645793216347204,0.004787039232274193,-0.3951313419600695,-0.3951313419600695,0.0,106,104,1,1,4,71326.07951296587,0.3259494146215598,71.32515217611763,35.66303975648384,106.98819193260124,2026-03-22 00:00:00+00:00,2026-03-20 00:00:00+00:00,324555.77417427895,325948.28212479874,-1392.5079505197937,2026-04-12 00:00:00+00:00,326564.0925034031,323776.1949976209,2787.8975057821954,2026-05-12 00:00:00+00:00,335909.24664840574,333007.5727081079,2901.6739402978565,2026-06-11 00:00:00+00:00,313978.3502380687,311247.2976148004,2731.0526232683333,2026-09-03 04:00:00+00:00,348746.8528777533,345794.22040180693,2952.6324759463896,323269.0226477343,322870.338854791,398.6837929433095,-0.021303440468992907,-0.042567385329103424,2.1263944860110517,-0.038137828060275436,-0.0672927948372899,2.9154966777014457,-0.038137828060275436,-0.0672927948372899,2.9154966777014457,-0.08543428667655095,-0.09143793692919844,0.6003650252647486,-0.02356968088874889,-0.04730036125645698,2.373068036770809,2.9154966777014457,2026-03-31 00:00:00+00:00,18.0,RESYNCED,3.281806839133052,3.281806839133052,93,2026-03-13 00:00:00+00:00,TACTICAL_SELL_STAGE4,SELL,tactical_bear,ACCUMULATION_BEARISH_REBREAK,3,2026-03-12 00:00:00+00:00,0.25,0.49931541947708896,0.24999999999999994,50443.44021983411,30266.064131900464,80709.50435173458,80.66914959955872,40.35475217586714,121.02390177542586,,2,DEEP_BEAR,4,BEARISH_REBREAK_SELL,False,True,True,RISK_ESSENTIAL,RISK_ESSENTIAL,RISK_ESSENTIAL,RISK_ESSENTIAL,True,Positive final contribution means baseline event helped wealth; positive DD contribution means it protected drawdown,70541.34,0.3567768828241601,69235.761,67980.811,72493.9512,94540.5822,72187.69450271134,67980.811,63773.92749728866,0.12376679362390479,0.03766546709776675,-0.026934815493958042,-0.25385122073005395,0.03706747470339988,-0.22493669905558122,0.5839991332158164,0.10120788689651494,0.12130817013422046,0.006810544812113184,70541.34,2073.51,0.04298160482916846,0.07820555483214453,0.0026733260241442736,0.03755467781684185,-0.02514596405455305,-0.0058017564419753365,0.014911114532272896,0.06761481738694286,0.14909640219479825,0.11374914999204222,-0.11130863122248591,-0.20234288718163895,EX_POST_DIAGNOSTIC_ONLY,ABOVE_SMA20_NOT_NEAR_LOW,0.3771825714166376
348746.8528777533,348504.62819549424,242.22468225908233,0.000694557327930898,0.015465310032469759,0.016852839453540547,0.00027855391060316315,0.0002709145212012043,0.0003913966924453671,-0.3951313419600695,-0.3951313419600695,0.0,106,104,1,1,4,64560.68100402737,0.30110669637954857,64.56056310460417,32.28034050200927,96.84090360661367,2026-03-30 00:00:00+00:00,2026-04-05 00:00:00+00:00,320137.71426170133,319996.6916956344,141.02256606693845,2026-04-28 00:00:00+00:00,331975.04917879193,331744.2212119644,230.82796682754997,2026-05-28 00:00:00+00:00,325930.87738673436,325705.8874996741,224.9898870602483,2026-06-27 00:00:00+00:00,309847.02455609944,309633.52872808976,213.4958280096762,2026-09-03 04:00:00+00:00,348746.8528777533,348504.62819549424,242.22468225908233,319739.3595819395,319609.9677759836,129.39180595590733,-0.015132781855976551,-0.014702177570886099,-0.043060428509045234,-0.015749249350394234,-0.015748030273333824,-0.00012190770604103562,-0.036220541152164776,-0.03621701611827133,-0.00035250338934478265,-0.08908144647547589,-0.08907673034697006,-0.0004716128505832806,-0.0033342592103257074,-0.004555898602516373,0.12216393921906654,0.12216393921906654,2026-04-08 00:00:00+00:00,10.0,RESYNCED,0.020476714507195126,0.1615259662953223,95,2026-03-29 00:00:00+00:00,TACTICAL_SELL_STAGE4,SELL,tactical_bear,ACCUMULATION_BEARISH_REBREAK,3,2026-03-28 00:00:00+00:00,0.25,0.34120337804548423,0.25,18133.938145274085,10880.36288716445,29014.301032438536,28.999793881922315,14.507150516217205,43.506944398139524,,2,DEEP_BEAR,4,BEARISH_REBREAK_SELL,True,True,True,REDUNDANT,REDUNDANT,MIXED_UNCERTAIN,REDUNDANT,False,Positive final contribution means baseline event helped wealth; positive DD contribution means it protected drawdown,66377.03,0.3221920839283785,69162.219,70286.697,68871.6018,91325.40635,74493.03045576299,70286.697,66080.36354423701,0.11969074192696766,-0.05562456576953678,-0.03622061538867827,-0.27318111516949195,0.006151623738843703,-0.2562797759103641,0.450028232748602,0.0,0.055113300204451265,0.00018249314494522828,66377.04,1994.74,0.027021843697760728,0.054227618637015196,0.011584427386337248,0.031031613142564973,0.07858364880386359,0.10977370484373905,0.15725527983772714,0.1484905300941477,0.10366491184301085,-0.006612390587244499,-0.09146701931872814,-0.20760600378996763,EX_POST_DIAGNOSTIC_ONLY,BELOW_SMA20_NOT_FALLING,0.1355935556682225
348746.8528777533,344978.06173526874,3768.7911424845806,0.010806667103618738,0.24067270539223085,0.26340125767927436,0.005325273639682049,0.005227593011486231,0.006090954572177454,-0.3951313419600695,-0.3951313419600695,0.0,106,104,1,1,4,78344.44377889624,0.36389223096130685,78.343327804404,39.172221889444586,117.51554969384824,2026-04-18 00:00:00+00:00,2026-04-13 00:00:00+00:00,325847.6760782502,327076.28274648375,-1228.6066682335222,2026-05-06 00:00:00+00:00,337015.9770956141,342880.20805460203,-5864.230958987959,2026-06-05 00:00:00+00:00,313755.3415749165,310442.3773477279,3312.9642271886114,2026-07-05 00:00:00+00:00,316182.79117297614,312834.83109961415,3347.960073361988,2026-09-03 04:00:00+00:00,348746.8528777533,344978.06173526874,3768.7911424845806,333262.48577940965,337812.5373122229,-4550.0515328132315,-0.011570445360004511,-0.016765658189205612,0.5195212829201101,-0.015749249350394234,-0.022727903323078502,0.6978653972684268,-0.0733840778106114,-0.10006254123295644,2.6678463422345033,-0.09334804916161454,-0.11949772088787658,2.6149671726262036,-0.011570445360004511,-0.016765658189205612,0.5195212829201101,2.6678463422345033,2026-06-07 00:00:00+00:00,62.0,RESYNCED,6.755939293911556,6.77447159191761,97,2026-04-06 00:00:00+00:00,TACTICAL_SELL_STAGE4,SELL,tactical_bear,ACCUMULATION_BEARISH_REBREAK,3,2026-04-05 00:00:00+00:00,0.25,0.3616023827851096,0.24999999999999994,22557.33859965785,13534.40315979471,36091.74175945256,36.073695888572836,18.045870879724053,54.11956676829689,,2,DEEP_BEAR,4,BEARISH_REBREAK_SELL,False,True,True,RISK_ESSENTIAL,RISK_ESSENTIAL,RISK_ESSENTIAL,RISK_ESSENTIAL,True,Positive final contribution means baseline event helped wealth; positive DD contribution means it protected drawdown,69034.18,0.35339290010344626,67219.18999999999,68809.284,68647.1406,89396.22095,72921.40274097095,68809.284,64697.16525902904,0.11952220694436978,0.003268396165842846,0.005638099367535787,-0.2277729498363097,-0.07812667132004458,-0.056469666236274585,0.4076998006625002,0.04579923355117099,0.097350717359727,-0.011217829613628605,69034.18,2110.17,0.028365803722156357,0.03427212025571391,0.02812838509851212,0.03989725946250777,0.08111662947253095,0.08359042162479802,0.18175793498235238,0.12635474866953844,-0.09131969120224204,-0.18029826980764585,-0.09075417423658816,-0.16519048228341804,EX_POST_DIAGNOSTIC_ONLY,ABOVE_SMA20_NEAR_20D_LOW,0.16866880887297864
348746.8528777533,346158.0523986283,2588.8004791249987,0.007423150797671726,0.16536483335372054,0.1806576345813493,0.003074142173679295,0.0030636114823328064,0.004185059897638732,-0.3951313419600695,-0.3951313419600695,0.0,106,104,1,1,4,72142.90078160819,0.33349459001083126,72.14212682268499,36.071450390801715,108.21357721348659,2026-06-06 00:00:00+00:00,2026-06-12 00:00:00+00:00,315429.6794815744,313170.0212070467,2259.6582745276974,2026-07-05 00:00:00+00:00,316182.79117297614,313897.4220638732,2285.3691091029323,2026-08-04 00:00:00+00:00,319936.55268683436,317602.7395065832,2333.8131802511634,2026-09-03 00:00:00+00:00,348896.65009699255,346305.6687037328,2590.9813932597754,2026-09-03 04:00:00+00:00,348746.8528777533,346158.0523986283,2588.8004791249987,309567.39838463685,307641.05467294727,1926.3437116895802,-0.015395943146143898,-0.01855572149464202,0.3159778348498121,-0.050493159761671236,-0.05044899259804936,-0.004416716362187767,-0.050493159761671236,-0.05044899259804936,-0.004416716362187767,-0.050493159761671236,-0.05044899259804936,-0.004416716362187767,-0.013347798859002613,-0.01855572149464202,0.5207922635639406,0.5207922635639406,2026-06-15 00:00:00+00:00,10.0,RESYNCED,-0.02389476397352333,0.2135595949229042,99,2026-06-05 00:00:00+00:00,TACTICAL_SELL_STAGE4,SELL,tactical_bear,ACCUMULATION_BEARISH_REBREAK,3,2026-06-04 00:00:00+00:00,0.25,0.34777271853934444,0.25,19276.83193965409,11566.099163792454,30842.931103446543,30.827509637894824,15.421465551722166,46.248975189616985,,2,DEEP_BEAR,4,BEARISH_REBREAK_SELL,True,True,True,RISK_ESSENTIAL,MIXED_UNCERTAIN,MIXED_UNCERTAIN,MIXED_UNCERTAIN,False,Positive final contribution means baseline event helped wealth; positive DD contribution means it protected drawdown,63885.99,0.3241663357698614,71121.484,74125.151,76699.0138,78968.70865,82669.36835156004,74125.151,65580.93364843995,0.23053490579897892,-0.1381334251851979,-0.16705591330562852,-0.1909961414824276,-0.1924737979915112,-0.07457450787421527,0.36099546382985004,0.0,0.0,-0.029286507196367495,63885.99,1770.76,-0.01183154553917054,-0.051249181142560274,-0.005653352166883563,-0.05506675099957081,-0.01741352055434997,-0.04126476767037879,-0.017483488946480996,-0.005178567394790945,-0.0013458349788426638,0.05276265558291349,0.21635432118998232,0.3572138516795049,EX_POST_DIAGNOSTIC_ONLY,BELOW_SMA20_FALLING,0.14413935703192232
348746.8528777533,349359.07181036007,-612.2189326067455,-0.0017554823149080786,-0.03894487224582743,-0.042548944438425274,-0.0006981929979157364,-0.0006845344561341449,-0.0009856184035577087,-0.3951313419600695,-0.3951313419600695,0.0,106,104,1,1,4,61254.055192885455,0.2870731914985143,61.25418596463351,30.627027596438097,91.88121356107104,2026-06-14 00:00:00+00:00,2026-06-20 00:00:00+00:00,315678.873600163,316176.508028959,-497.63442879600916,2026-07-13 00:00:00+00:00,316713.6241736633,317269.5978732196,-555.9736995562562,2026-08-12 00:00:00+00:00,320537.504819834,321100.05091244326,-562.5460926092346,2026-09-03 04:00:00+00:00,348746.8528777533,349359.07181036007,-612.2189326067455,2026-09-03 04:00:00+00:00,348746.8528777533,349359.07181036007,-612.2189326067455,316386.24245044315,316904.39070276765,-518.1482523244922,-0.028183813326263518,-0.029231808533351278,0.10479952070877596,-0.050493159761671236,-0.05114251046563578,0.06493507039645463,-0.050493159761671236,-0.05114251046563578,0.06493507039645463,-0.050493159761671236,-0.05114251046563578,0.06493507039645463,-0.0001459708731857967,-0.00024066380100173923,0.009469292781594252,0.10479952070877596,2026-06-23 00:00:00+00:00,10.0,RESYNCED,0.20230279655334002,0.20230399066318086,101,2026-06-13 00:00:00+00:00,TACTICAL_SELL_STAGE4,SELL,tactical_bear,ACCUMULATION_BEARISH_REBREAK,3,2026-06-12 00:00:00+00:00,0.25,0.36016838697384834,0.25,21723.12658136169,13033.875948817014,34757.0025301787,34.73962402891361,17.378501265087227,52.11812529400085,,2,DEEP_BEAR,4,BEARISH_REBREAK_SELL,True,True,True,HARMFUL,REDUNDANT,MIXED_UNCERTAIN,REDUNDANT,False,Positive final contribution means baseline event helped wealth; positive DD contribution means it protected drawdown,63580.01,0.32300639229681993,62683.482,68220.3945,74468.482,77920.90235,80141.87495178485,68220.3945,56298.91404821515,0.3494990182674728,-0.06802048762705404,-0.14621584471132365,-0.18404422840978563,-0.17161765535521467,-0.1456365591169555,0.46496566145618373,0.044270457793774476,0.044270457793774476,-0.029304283337981407,63580.0,1666.42,0.04066074237181505,0.0676540127938936,-0.001623309216734814,0.025053707948776482,-0.05149842717835795,-0.051487620167784964,-0.012167190940547301,0.06848813624416406,0.004019974834853723,0.13213955665438482,,,EX_POST_DIAGNOSTIC_ONLY,BELOW_SMA20_FALLING,0.1624311249878916
348746.8528777533,348281.77581866726,465.07705908606295,0.0013335663253973133,0.029614139056000077,0.032367044173053916,0.000552186018416112,0.0005425407393020443,0.0007494758302162285,-0.3951313419600695,-0.3951313419600695,0.0,106,104,1,1,4,65550.10457604146,0.3057852270949226,65.54992290273822,32.77505228801829,98.3249751907565,2026-06-22 00:00:00+00:00,2026-06-28 00:00:00+00:00,309617.4737567981,309206.70256016083,410.77119663724443,2026-07-21 00:00:00+00:00,323271.65495493606,322842.70008591586,428.9548690202064,2026-08-20 00:00:00+00:00,334887.952399302,334438.93051214836,449.0218871536199,2026-09-03 04:00:00+00:00,348746.8528777533,348281.77581866726,465.07705908606295,2026-09-03 04:00:00+00:00,348746.8528777533,348281.77581866726,465.07705908606295,317189.8177718353,316730.09109503543,459.7266767998808,-0.03360426034269659,-0.03343645606968837,-0.016780427300822076,-0.038130709653385386,-0.03797718858339971,-0.015352106998567372,-0.038130709653385386,-0.03797718858339971,-0.015352106998567372,-0.038130709653385386,-0.03797718858339971,-0.015352106998567372,-0.0043297323693070044,-0.006115852144161549,0.17861197748545443,0.17861197748545443,2026-06-24 00:00:00+00:00,3.0,RESYNCED,0.09658904655885509,0.10631361388645538,103,2026-06-21 00:00:00+00:00,TACTICAL_SELL_STAGE4,SELL,tactical_bear,ACCUMULATION_BEARISH_REBREAK,3,2026-06-20 00:00:00+00:00,0.25,0.3521633181146019,0.25000000000000006,20269.538075378663,12161.722845227197,32431.260920605862,32.41504529014556,16.215630460301956,48.630675750447516,,2,DEEP_BEAR,4,BEARISH_REBREAK_SELL,True,True,True,REDUNDANT,REDUNDANT,MIXED_UNCERTAIN,REDUNDANT,False,Positive final contribution means baseline event helped wealth; positive DD contribution means it protected drawdown,64298.01,0.3322210630786267,64472.35400000001,64126.1045,72463.0034,76914.46525,68745.10550557378,64126.1045,59507.10349442622,0.1440599282176506,0.002680741350817639,-0.11267809802098261,-0.16403228195102082,-0.1272678335036096,-0.15769907180280895,0.5008290282218291,0.05606325538370771,0.05606325538370771,-0.023020232974847676,64298.01,1741.08,-0.024390023890319523,-0.042737840880373024,-0.06378066755098644,-0.09534312036207415,-0.02377942956554957,0.011780044570036896,0.019732648024409993,0.10664070576883322,0.07617078662310073,0.29299630114641495,,,EX_POST_DIAGNOSTIC_ONLY,ABOVE_SMA20_NOT_NEAR_LOW,0.1515621547495618
348746.8528777533,348073.0861943656,673.7666833877447,0.0019319649133118372,0.04278747187604903,0.04690328974631397,0.0006869958762507622,0.0007167005763266676,0.001082867070574478,-0.3951313419600695,-0.3951313419600695,0.0,106,104,1,1,4,56341.43060945766,0.26333531051795056,56.343336140163046,28.170715304725263,84.51405144488808,2026-06-30 00:00:00+00:00,2026-07-06 00:00:00+00:00,317223.7739032202,317522.6461320181,-298.8722287979326,2026-07-29 00:00:00+00:00,320391.7430515419,320591.84101091075,-200.09795936883893,2026-08-28 00:00:00+00:00,353257.9774286174,352439.7733843556,818.2040442618309,2026-09-03 04:00:00+00:00,348746.8528777533,348073.0861943656,673.7666833877447,2026-09-03 04:00:00+00:00,348746.8528777533,348073.0861943656,673.7666833877447,308615.567247021,309187.7463832055,-572.1791361845098,-0.011921158464185844,-0.011826868799107992,-0.00942896650778513,-0.016594916141827065,-0.01606409350720006,-0.053082263462700396,-0.021594432064398594,-0.020914077314788337,-0.06803547496102569,-0.021594432064398594,-0.020914077314788337,-0.06803547496102569,-0.005462900504501378,-0.005578526462208022,0.01156259577066443,0.01156259577066443,,,NOT_RESYNCED,-0.6978906554172173,0.869170453611346,105,2026-06-29 00:00:00+00:00,TACTICAL_SELL_STAGE4,SELL,tactical_bear,ACCUMULATION_BEARISH_REBREAK,3,2026-06-28 00:00:00+00:00,0.25,0.3350199096896362,0.25,16415.740374728306,9849.444224836985,26265.18459956529,26.25205200726551,13.132592299781022,39.384644307046536,,2,DEEP_BEAR,4,BEARISH_REBREAK_SELL,True,True,True,REDUNDANT,REDUNDANT,MIXED_UNCERTAIN,REDUNDANT,False,Positive final contribution means baseline event helped wealth; positive DD contribution means it protected drawdown,59577.01,0.2876170983773725,61848.376000000004,62930.31850000001,69468.9096,75718.68115,66949.70196337404,62930.31850000001,58910.93503662598,0.12774076340878615,-0.05328605638631889,-0.1423931893699969,-0.21317950741935232,-0.0556221753831555,-0.21381617841119027,0.32165572564393413,0.0,0.0,-0.006001663031514726,59577.01,1571.96,0.024858414344727908,0.0429463854042087,0.06238967010932561,0.13215985139570985,0.05420547288291244,0.13269421613781507,0.07009448778983707,0.20403827069391078,0.3396189234740046,0.5839588793607979,,,EX_POST_DIAGNOSTIC_ONLY,BELOW_SMA20_FALLING,0.12274601294567103
