date,macro_state,stage,cycle_id,crash_state,active_target,crypto_exposure,actions,new_bull_gate_1,new_bull_gate_2,new_bull_gate_3,new_bull_gate_4,new_bull_gate_5,new_bull_gate_6,new_bull_gate_7,crash_level1_raw,crash_level2_market_raw,desired_action,new_bull_state,signal_type,target_exposure,tactical_event_ids
2020-01-01 00:00:00+00:00,BULL,0,0,NONE,0.95,0.7005957514069534,,False,False,False,False,False,True,False,False,False,,NOT_CONFIRMED_TODAY,NONE,0.95,
2020-01-02 00:00:00+00:00,BULL,0,0,NONE,0.95,0.6943707903479021,,False,False,False,False,False,True,False,False,False,,NOT_CONFIRMED_TODAY,NONE,0.95,
2020-01-03 00:00:00+00:00,BULL,0,0,NONE,0.95,0.7057337749369633,,False,False,False,False,False,True,False,False,False,,NOT_CONFIRMED_TODAY,NONE,0.95,
2020-01-04 00:00:00+00:00,BULL,0,0,NONE,0.95,0.706138557012661,,False,False,False,False,False,True,False,False,False,,NOT_CONFIRMED_TODAY,NONE,0.95,
2020-01-05 00:00:00+00:00,BULL,0,0,NONE,0.95,0.7069886946864166,,False,False,False,False,False,True,False,False,False,,NOT_CONFIRMED_TODAY,NONE,0.95,
2020-01-06 00:00:00+00:00,BULL,0,0,NONE,0.95,0.7189022595071153,,False,False,False,False,True,True,False,False,False,,NOT_CONFIRMED_TODAY,NONE,0.95,
2020-01-07 00:00:00+00:00,BULL,0,0,NONE,0.95,0.7243685412772667,,False,False,False,False,True,True,False,False,False,,NOT_CONFIRMED_TODAY,NONE,0.95,
2020-01-08 00:00:00+00:00,BULL,0,0,NONE,0.95,0.721952352360836,,False,False,False,False,True,True,False,False,False,,NOT_CONFIRMED_TODAY,NONE,0.95,
2020-01-09 00:00:00+00:00,BULL,0,0,NONE,0.95,0.7166093516405465,,False,False,False,False,True,True,False,False,False,,NOT_CONFIRMED_TODAY,NONE,0.95,
2020-01-10 00:00:00+00:00,BULL,0,0,NONE,0.95,0.7266484304405877,,False,False,False,False,True,True,False,False,False,,NOT_CONFIRMED_TODAY,NONE,0.95,
2020-01-11 00:00:00+00:00,BULL,0,0,NONE,0.95,0.7227133436183859,,False,False,False,False,True,True,False,False,False,,NOT_CONFIRMED_TODAY,NONE,0.95,
2020-01-12 00:00:00+00:00,BULL,0,0,NONE,0.95,0.7276983565674261,,False,False,False,False,True,True,False,False,False,,NOT_CONFIRMED_TODAY,NONE,0.95,
2020-01-13 00:00:00+00:00,BULL,0,0,NONE,0.95,0.7251152563870351,,False,False,False,True,True,True,False,False,False,,NOT_CONFIRMED_TODAY,NONE,0.95,
2020-01-14 00:00:00+00:00,BULL,0,0,NONE,0.95,0.7459153531525337,,False,False,True,True,True,True,False,False,False,,NOT_CONFIRMED_TODAY,NONE,0.95,
2020-01-15 00:00:00+00:00,BULL,0,0,NONE,0.95,0.7462339298689779,,False,False,True,True,True,True,False,False,False,,NOT_CONFIRMED_TODAY,NONE,0.95,
2020-01-16 00:00:00+00:00,BULL,0,0,NONE,0.95,0.7441832040200015,,False,False,True,True,True,True,False,False,False,,NOT_CONFIRMED_TODAY,NONE,0.95,
2020-01-17 00:00:00+00:00,BULL,0,0,NONE,0.95,0.7492519598586764,,False,False,True,True,True,True,False,False,False,,NOT_CONFIRMED_TODAY,NONE,0.95,
2020-01-18 00:00:00+00:00,BULL,0,0,NONE,0.95,0.7514405978230287,,False,False,True,True,True,True,False,False,False,,NOT_CONFIRMED_TODAY,NONE,0.95,
2020-01-19 00:00:00+00:00,BULL,0,0,NONE,0.95,0.7455276557782429,,False,False,True,True,True,True,False,False,False,,NOT_CONFIRMED_TODAY,NONE,0.95,
2020-01-20 00:00:00+00:00,BULL,0,0,NONE,0.95,0.7448168115634483,,False,False,True,True,True,True,False,False,False,,NOT_CONFIRMED_TODAY,NONE,0.95,
2020-01-21 00:00:00+00:00,BULL,0,0,NONE,0.95,0.7472715951203802,,False,False,True,True,True,True,False,False,False,,NOT_CONFIRMED_TODAY,NONE,0.95,
2020-01-22 00:00:00+00:00,BULL,0,0,NONE,0.95,0.746204163908562,,False,False,True,True,True,True,False,False,False,,NOT_CONFIRMED_TODAY,NONE,0.95,
2020-01-23 00:00:00+00:00,BULL,0,0,NONE,0.95,0.7401087006203327,,False,False,True,True,True,True,False,False,False,,NOT_CONFIRMED_TODAY,NONE,0.95,
2020-01-24 00:00:00+00:00,BULL,0,0,NONE,0.95,0.7407378252395493,,False,False,True,True,True,True,False,False,False,,NOT_CONFIRMED_TODAY,NONE,0.95,
2020-01-25 00:00:00+00:00,BULL,0,0,NONE,0.95,0.7384005147047327,,False,False,True,True,True,True,False,False,False,,NOT_CONFIRMED_TODAY,NONE,0.95,
2020-01-26 00:00:00+00:00,BULL,0,0,NONE,0.95,0.745873617945715,,False,False,True,True,True,True,False,False,False,,NOT_CONFIRMED_TODAY,NONE,0.95,
2020-01-27 00:00:00+00:00,BULL,0,0,NONE,0.95,0.7505036796398772,,False,False,True,True,True,True,False,False,False,,NOT_CONFIRMED_TODAY,NONE,0.95,
2020-01-28 00:00:00+00:00,BULL,0,0,NONE,0.95,0.758857197363204,,False,False,True,True,True,True,False,False,False,,NOT_CONFIRMED_TODAY,NONE,0.95,
2020-01-29 00:00:00+00:00,BULL,0,0,NONE,0.95,0.7572494655057107,,False,False,True,True,True,True,False,False,False,,NOT_CONFIRMED_TODAY,NONE,0.95,
2020-01-30 00:00:00+00:00,BULL,0,0,NONE,0.95,0.7643281653122429,,False,False,True,True,True,True,False,False,False,,NOT_CONFIRMED_TODAY,NONE,0.95,
2020-01-31 00:00:00+00:00,BULL,0,0,NONE,0.95,0.7606709534671435,,False,False,True,True,True,True,False,False,False,,NOT_CONFIRMED_TODAY,NONE,0.95,
2020-02-01 00:00:00+00:00,BULL,0,0,NONE,0.95,0.7627031288584011,,False,False,True,True,True,True,False,False,False,,NOT_CONFIRMED_TODAY,NONE,0.95,
2020-02-02 00:00:00+00:00,BULL,0,0,NONE,0.95,0.7640427595649376,,False,False,True,True,True,True,False,False,False,,NOT_CONFIRMED_TODAY,NONE,0.95,
2020-02-03 00:00:00+00:00,BULL,0,0,NONE,0.95,0.7641811565070517,,False,False,True,True,True,True,False,False,False,,NOT_CONFIRMED_TODAY,NONE,0.95,
2020-02-04 00:00:00+00:00,BULL,0,0,NONE,0.95,0.7628855951724636,,False,False,True,True,True,True,False,False,False,,NOT_CONFIRMED_TODAY,NONE,0.95,
2020-02-05 00:00:00+00:00,BULL,0,0,NONE,0.95,0.7731638036413758,,False,False,True,True,True,True,False,False,False,,NOT_CONFIRMED_TODAY,NONE,0.95,
2020-02-06 00:00:00+00:00,BULL,0,0,NONE,0.95,0.7782127531217115,,False,False,True,True,True,True,False,False,False,,NOT_CONFIRMED_TODAY,NONE,0.95,
2020-02-07 00:00:00+00:00,BULL,0,0,NONE,0.95,0.7821178419132151,,True,False,True,True,True,True,False,False,False,,NOT_CONFIRMED_TODAY,NONE,0.95,
2020-02-08 00:00:00+00:00,BULL,0,0,NONE,0.95,0.7829230156831496,,True,False,True,True,True,True,False,False,False,,NOT_CONFIRMED_TODAY,NONE,0.95,
2020-02-09 00:00:00+00:00,BULL,0,0,NONE,0.95,0.787226637975069,,True,False,True,True,True,True,False,False,False,,NOT_CONFIRMED_TODAY,NONE,0.95,
2020-02-10 00:00:00+00:00,BULL,0,0,NONE,0.95,0.7826310107313365,,True,False,True,True,True,True,False,False,False,,NOT_CONFIRMED_TODAY,NONE,0.95,
2020-02-11 00:00:00+00:00,BULL,0,0,NONE,0.95,0.7905996799579383,,True,False,True,True,True,True,False,False,False,,NOT_CONFIRMED_TODAY,NONE,0.95,
2020-02-12 00:00:00+00:00,BULL,0,0,NONE,0.95,0.800002167732573,,True,False,True,True,True,True,False,False,False,,NOT_CONFIRMED_TODAY,NONE,0.95,
2020-02-13 00:00:00+00:00,BULL,0,0,NONE,0.95,0.7999841305098362,,True,False,True,True,True,True,False,False,False,,NOT_CONFIRMED_TODAY,NONE,0.95,
2020-02-14 00:00:00+00:00,BULL,0,0,NONE,0.95,0.805525176345479,,True,False,True,True,True,True,False,False,False,,NOT_CONFIRMED_TODAY,NONE,0.95,
2020-02-15 00:00:00+00:00,BULL,0,0,NONE,0.95,0.7964009586070914,,True,False,True,True,True,True,False,False,False,,NOT_CONFIRMED_TODAY,NONE,0.95,
2020-02-16 00:00:00+00:00,BULL,0,0,NONE,0.95,0.7948532869468183,,True,False,True,True,True,True,False,False,False,,NOT_CONFIRMED_TODAY,NONE,0.95,
2020-02-17 00:00:00+00:00,BULL,0,0,NONE,0.95,0.7956843103588503,,True,False,True,True,True,True,False,False,False,,NOT_CONFIRMED_TODAY,NONE,0.95,
2020-02-18 00:00:00+00:00,BULL,0,0,NONE,0.95,0.8037297253621656,,True,False,True,True,True,True,False,False,False,,NOT_CONFIRMED_TODAY,NONE,0.95,
2020-02-19 00:00:00+00:00,BULL,0,0,NONE,0.95,0.7920826037083393,,True,False,True,True,True,True,False,False,False,,NOT_CONFIRMED_TODAY,NONE,0.95,
2020-02-20 00:00:00+00:00,BULL,0,0,NONE,0.95,0.7917470522246636,,True,False,True,True,True,True,False,False,False,,NOT_CONFIRMED_TODAY,NONE,0.95,
2020-02-21 00:00:00+00:00,DISTRIBUTION,1,1,NONE,0.85,0.7950117718613502,STAGE1_SELL:NOTIONAL_BELOW_GUARD,True,False,True,True,True,True,False,False,False,STAGE1_SELL:NOTIONAL_BELOW_GUARD,NOT_CONFIRMED_TODAY,NONE,0.85,
2020-02-22 00:00:00+00:00,DISTRIBUTION,1,1,NONE,0.85,0.7937809112348817,,True,False,True,True,True,True,False,False,False,,NOT_CONFIRMED_TODAY,NONE,0.85,
2020-02-23 00:00:00+00:00,DISTRIBUTION,1,1,NONE,0.85,0.8000346183062195,,True,False,True,True,True,True,False,False,False,,NOT_CONFIRMED_TODAY,NONE,0.85,
2020-02-24 00:00:00+00:00,DISTRIBUTION,1,1,NONE,0.85,0.7951485311944434,,True,False,True,True,True,True,False,False,False,,NOT_CONFIRMED_TODAY,NONE,0.85,
2020-02-25 00:00:00+00:00,DISTRIBUTION,1,1,NONE,0.85,0.7863758880660905,,True,False,True,True,True,True,False,False,False,,NOT_CONFIRMED_TODAY,NONE,0.85,
2020-02-26 00:00:00+00:00,DISTRIBUTION,1,1,NONE,0.85,0.773412760114781,,True,False,True,True,True,True,False,False,False,,NOT_CONFIRMED_TODAY,NONE,0.85,
2020-02-27 00:00:00+00:00,DISTRIBUTION,1,1,NONE,0.85,0.7752833726563896,,True,False,True,True,False,True,False,False,False,,NOT_CONFIRMED_TODAY,NONE,0.85,
2020-02-28 00:00:00+00:00,EARLY_BEAR,2,1,NONE,0.7,0.698100278473385,STAGE2_SELL:EXECUTED,True,False,True,True,False,True,False,False,False,STAGE2_SELL:EXECUTED,NOT_CONFIRMED_TODAY,STAGE_RISK_SELL,0.7,1
2020-02-29 00:00:00+00:00,EARLY_BEAR,2,1,NONE,0.7,0.6917678128560747,,True,False,True,True,False,True,False,False,False,,NOT_CONFIRMED_TODAY,NONE,0.7,
2020-03-01 00:00:00+00:00,BEAR,3,1,NONE,0.55,0.5506593313506707,STAGE3_SELL:EXECUTED,True,False,True,True,False,True,False,False,False,STAGE3_SELL:EXECUTED,NOT_CONFIRMED_TODAY,STAGE_RISK_SELL,0.55,2
2020-03-02 00:00:00+00:00,BEAR,3,1,NONE,0.55,0.5639847390937899,,False,False,True,True,False,True,False,False,False,,NOT_CONFIRMED_TODAY,NONE,0.55,
2020-03-03 00:00:00+00:00,BEAR,3,1,NONE,0.55,0.5577296446054113,,False,False,True,True,False,True,False,False,False,,NOT_CONFIRMED_TODAY,NONE,0.55,
2020-03-04 00:00:00+00:00,BEAR,3,1,NONE,0.55,0.5579819423684506,,False,False,True,True,False,True,False,False,False,,NOT_CONFIRMED_TODAY,NONE,0.55,
2020-03-05 00:00:00+00:00,BEAR,3,1,NONE,0.55,0.5646922181590787,,False,False,True,True,False,True,False,False,False,,NOT_CONFIRMED_TODAY,NONE,0.55,
2020-03-06 00:00:00+00:00,BEAR,3,1,NONE,0.55,0.5742753590625561,,False,False,True,True,False,True,False,False,False,,NOT_CONFIRMED_TODAY,NONE,0.55,
2020-03-07 00:00:00+00:00,BEAR,3,1,NONE,0.55,0.5672498430128919,,False,False,True,True,False,True,False,False,False,,NOT_CONFIRMED_TODAY,NONE,0.55,
2020-03-08 00:00:00+00:00,BEAR,3,1,NONE,0.55,0.5338009347330408,,False,False,True,True,False,True,False,False,False,,NOT_CONFIRMED_TODAY,NONE,0.55,
2020-03-09 00:00:00+00:00,BEAR,3,1,NONE,0.55,0.5343399565282808,,False,False,True,True,False,True,False,False,False,,NOT_CONFIRMED_TODAY,NONE,0.55,
2020-03-10 00:00:00+00:00,BEAR,3,1,NONE,0.55,0.5327349488113609,,False,False,True,True,False,True,False,False,False,,NOT_CONFIRMED_TODAY,NONE,0.55,
2020-03-11 00:00:00+00:00,BEAR,3,1,NONE,0.55,0.5299811105327308,,False,False,True,True,False,True,False,False,False,,NOT_CONFIRMED_TODAY,NONE,0.55,
2020-03-12 00:00:00+00:00,BEAR,3,1,NONE,0.55,0.3960944262114658,,False,False,False,True,False,True,False,False,False,,NOT_CONFIRMED_TODAY,NONE,0.55,
2020-03-13 00:00:00+00:00,DEEP_BEAR,4,1,LEVEL2_RAW,0.25,0.2866488769411312,STAGE4_SELL:EXECUTED|CRASH_L1:NOTIONAL_BELOW_GUARD|CRASH_L2:NOTIONAL_BELOW_GUARD,False,False,False,True,False,False,False,True,True,STAGE4_SELL:EXECUTED|CRASH_L1:NOTIONAL_BELOW_GUARD|CRASH_L2:NOTIONAL_BELOW_GUARD,NOT_CONFIRMED_TODAY,STAGE_RISK_SELL,0.25,3
2020-03-14 00:00:00+00:00,ACCUMULATION,4,1,LEVEL2_RAW,0.35,0.3319469475807318,AHR999_TO35:EXECUTED,False,False,False,True,False,False,False,True,True,AHR999_TO35:EXECUTED,NOT_CONFIRMED_TODAY,AHR_VALUE_BUY,0.35,4
2020-03-15 00:00:00+00:00,ACCUMULATION,4,1,LEVEL2_RAW,0.35,0.3376191724649494,,False,False,False,True,False,False,False,True,True,,NOT_CONFIRMED_TODAY,NONE,0.35,
2020-03-16 00:00:00+00:00,ACCUMULATION,4,1,LEVEL2_RAW,0.35,0.3193562484412719,,False,False,False,True,False,False,False,True,True,,NOT_CONFIRMED_TODAY,NONE,0.35,
2020-03-17 00:00:00+00:00,ACCUMULATION,4,1,LEVEL2_RAW,0.35,0.330404959311672,,False,False,False,True,False,False,False,True,True,,NOT_CONFIRMED_TODAY,NONE,0.35,
2020-03-18 00:00:00+00:00,ACCUMULATION,4,1,LEVEL2_RAW,0.35,0.3347418351562762,,False,False,False,True,False,False,False,True,True,,NOT_CONFIRMED_TODAY,NONE,0.35,
2020-03-19 00:00:00+00:00,ACCUMULATION,4,1,LEVEL2_RAW,0.35,0.3664940920782253,,False,False,False,True,False,False,False,False,True,,NOT_CONFIRMED_TODAY,NONE,0.35,
2020-03-20 00:00:00+00:00,ACCUMULATION,4,1,LEVEL1_ACTIVE_OR_RAW,0.35,0.36560512349018226,,False,False,False,True,False,False,False,False,False,,NOT_CONFIRMED_TODAY,NONE,0.35,
2020-03-21 00:00:00+00:00,ACCUMULATION,4,1,LEVEL1_ACTIVE_OR_RAW,0.35,0.3648897790882269,,False,False,False,True,False,False,False,False,False,,NOT_CONFIRMED_TODAY,NONE,0.35,
2020-03-22 00:00:00+00:00,ACCUMULATION,4,1,LEVEL1_ACTIVE_OR_RAW,0.35,0.34910076127152717,,False,False,False,True,False,False,False,False,False,,NOT_CONFIRMED_TODAY,NONE,0.35,
2020-03-23 00:00:00+00:00,ACCUMULATION,4,1,NONE,0.35,0.3738908601366938,,False,False,False,True,False,False,False,False,False,,NOT_CONFIRMED_TODAY,NONE,0.35,
2020-03-24 00:00:00+00:00,ACCUMULATION,4,1,NONE,0.35,0.3814055064701902,,False,False,False,True,False,False,False,False,False,,NOT_CONFIRMED_TODAY,NONE,0.35,
2020-03-25 00:00:00+00:00,ACCUMULATION,4,1,NONE,0.35,0.37888303544766666,,False,False,False,True,False,False,False,False,False,,NOT_CONFIRMED_TODAY,NONE,0.35,
2020-03-26 00:00:00+00:00,ACCUMULATION,4,1,NONE,0.35,0.38205953818254734,,False,False,False,False,False,False,False,False,False,,NOT_CONFIRMED_TODAY,NONE,0.35,
2020-03-27 00:00:00+00:00,ACCUMULATION,4,1,NONE,0.35,0.36954993243500706,,False,False,False,False,False,False,False,False,False,,NOT_CONFIRMED_TODAY,NONE,0.35,
2020-03-28 00:00:00+00:00,DEEP_BEAR,4,1,NONE,0.25,0.24820433491970317,STAGE4_SELL:EXECUTED,False,False,False,False,False,False,False,False,False,STAGE4_SELL:EXECUTED,NOT_CONFIRMED_TODAY,BEARISH_REBREAK_SELL,0.25,5
2020-03-29 00:00:00+00:00,DEEP_BEAR,4,1,NONE,0.25,0.23854194653680644,,False,False,False,False,False,False,False,False,False,,NOT_CONFIRMED_TODAY,NONE,0.25,
2020-03-30 00:00:00+00:00,ACCUMULATION,4,1,NONE,0.35,0.3671988037204449,AHR999_TO35:EXECUTED,False,False,False,False,False,False,False,False,False,AHR999_TO35:EXECUTED,NOT_CONFIRMED_TODAY,AHR_VALUE_BUY,0.35,6
2020-03-31 00:00:00+00:00,ACCUMULATION,4,1,NONE,0.35,0.3683047010102797,,False,False,False,False,False,False,False,False,False,,NOT_CONFIRMED_TODAY,NONE,0.35,
2020-04-01 00:00:00+00:00,ACCUMULATION,4,1,NONE,0.35,0.37558000814904574,,False,False,False,False,False,False,False,False,False,,NOT_CONFIRMED_TODAY,NONE,0.35,
2020-04-02 00:00:00+00:00,ACCUMULATION,4,1,NONE,0.35,0.383199343411202,,False,False,False,False,False,False,True,False,False,,NOT_CONFIRMED_TODAY,NONE,0.35,
2020-04-03 00:00:00+00:00,ACCUMULATION,4,1,NONE,0.35,0.38239528082838786,,False,False,False,False,False,False,True,False,False,,NOT_CONFIRMED_TODAY,NONE,0.35,
2020-04-04 00:00:00+00:00,ACCUMULATION,4,1,NONE,0.5,0.5049940554979955,RIGHT_TO_50:EXECUTED,False,False,False,False,False,False,True,False,False,RIGHT_TO_50:EXECUTED,NOT_CONFIRMED_TODAY,RIGHT_SIDE_BUY,0.5,7
2020-04-05 00:00:00+00:00,ACCUMULATION,4,1,NONE,0.5,0.5024364299476897,,False,False,False,False,False,False,True,False,False,,NOT_CONFIRMED_TODAY,NONE,0.5,
2020-04-06 00:00:00+00:00,ACCUMULATION,4,1,NONE,0.5,0.5336681976566175,,False,False,False,False,False,False,True,False,False,,NOT_CONFIRMED_TODAY,NONE,0.5,
2020-04-07 00:00:00+00:00,ACCUMULATION,4,1,NONE,0.5,0.526978835329817,,False,False,False,False,False,False,True,False,False,,NOT_CONFIRMED_TODAY,NONE,0.5,
2020-04-08 00:00:00+00:00,ACCUMULATION,4,1,NONE,0.5,0.5358904996176226,,False,False,False,False,False,True,True,False,False,,NOT_CONFIRMED_TODAY,NONE,0.5,
2020-04-09 00:00:00+00:00,ACCUMULATION,4,1,NONE,0.5,0.532342573087977,,False,False,False,False,False,True,True,False,False,,NOT_CONFIRMED_TODAY,NONE,0.5,
2020-04-10 00:00:00+00:00,ACCUMULATION,4,1,NONE,0.5,0.5163477157236862,,False,False,False,False,False,True,True,False,False,,NOT_CONFIRMED_TODAY,NONE,0.5,
2020-04-11 00:00:00+00:00,ACCUMULATION,4,1,NONE,0.5,0.5173325764290605,,False,False,False,False,False,True,True,False,False,,NOT_CONFIRMED_TODAY,NONE,0.5,
2020-04-12 00:00:00+00:00,ACCUMULATION,4,1,NONE,0.5,0.5183135838358325,,False,False,False,False,False,True,True,False,False,,NOT_CONFIRMED_TODAY,NONE,0.5,
2020-04-13 00:00:00+00:00,ACCUMULATION,4,1,NONE,0.5,0.5156318779106747,,False,False,False,False,False,True,True,False,False,,NOT_CONFIRMED_TODAY,NONE,0.5,
2020-04-14 00:00:00+00:00,ACCUMULATION,4,1,NONE,0.5,0.5180223467905912,,False,False,False,False,False,True,True,False,False,,NOT_CONFIRMED_TODAY,NONE,0.5,
2020-04-15 00:00:00+00:00,ACCUMULATION,4,1,NONE,0.5,0.5091071043832701,,False,False,False,False,False,True,True,False,False,,NOT_CONFIRMED_TODAY,NONE,0.5,
2020-04-16 00:00:00+00:00,ACCUMULATION,4,1,NONE,0.5,0.5324445036973938,,False,False,False,False,False,True,True,False,False,,NOT_CONFIRMED_TODAY,NONE,0.5,
2020-04-17 00:00:00+00:00,ACCUMULATION,4,1,NONE,0.5,0.5301997473587156,,False,False,False,False,True,True,True,False,False,,NOT_CONFIRMED_TODAY,NONE,0.5,
2020-04-18 00:00:00+00:00,ACCUMULATION,4,1,NONE,0.5,0.545248002175164,,False,False,False,False,True,True,True,False,False,,NOT_CONFIRMED_TODAY,NONE,0.5,
2020-04-19 00:00:00+00:00,ACCUMULATION,4,1,NONE,0.6,0.5935298467503201,RIGHT_TO_60:EXECUTED,False,False,False,False,True,True,True,False,False,RIGHT_TO_60:EXECUTED,NOT_CONFIRMED_TODAY,RIGHT_SIDE_BUY,0.6,8
2020-04-20 00:00:00+00:00,ACCUMULATION,4,1,NONE,0.6,0.5820045756123611,,False,False,False,False,True,True,True,False,False,,NOT_CONFIRMED_TODAY,NONE,0.6,
2020-04-21 00:00:00+00:00,ACCUMULATION,4,1,NONE,0.6,0.5828528896456705,,False,False,False,False,False,True,True,False,False,,NOT_CONFIRMED_TODAY,NONE,0.6,
2020-04-22 00:00:00+00:00,ACCUMULATION,4,1,NONE,0.6,0.5958523109353733,,False,False,False,False,True,True,True,False,False,,NOT_CONFIRMED_TODAY,NONE,0.6,
2020-04-23 00:00:00+00:00,ACCUMULATION,4,1,NONE,0.6,0.6041611293393117,,False,False,False,False,True,True,True,False,False,,NOT_CONFIRMED_TODAY,NONE,0.6,
2020-04-24 00:00:00+00:00,ACCUMULATION,4,1,NONE,0.6,0.6059437821071194,,False,False,False,True,True,True,True,False,False,,NOT_CONFIRMED_TODAY,NONE,0.6,
2020-04-25 00:00:00+00:00,ACCUMULATION,4,1,NONE,0.6,0.6104458575245514,,False,False,False,True,True,True,True,False,False,,NOT_CONFIRMED_TODAY,NONE,0.6,
2020-04-26 00:00:00+00:00,ACCUMULATION,4,1,NONE,0.6,0.6150064126216593,,False,False,False,True,True,True,True,False,False,,NOT_CONFIRMED_TODAY,NONE,0.6,
2020-04-27 00:00:00+00:00,ACCUMULATION,4,1,NONE,0.6,0.6159995232681794,,False,False,False,True,True,True,True,False,False,,NOT_CONFIRMED_TODAY,NONE,0.6,
2020-04-28 00:00:00+00:00,ACCUMULATION,4,1,NONE,0.6,0.6155326159879781,,False,False,False,True,True,True,True,False,False,,NOT_CONFIRMED_TODAY,NONE,0.6,
2020-04-29 00:00:00+00:00,ACCUMULATION,4,1,NONE,0.6,0.6416864836724191,,False,False,False,True,True,True,True,False,False,,NOT_CONFIRMED_TODAY,NONE,0.6,
2020-04-30 00:00:00+00:00,ACCUMULATION,4,1,NONE,0.6,0.6350299691738182,,False,False,False,True,True,True,True,False,False,,NOT_CONFIRMED_TODAY,NONE,0.6,
2020-05-01 00:00:00+00:00,ACCUMULATION,4,1,NONE,0.6,0.6411433612874305,,False,False,False,True,True,True,True,False,False,,NOT_CONFIRMED_TODAY,NONE,0.6,
2020-05-02 00:00:00+00:00,ACCUMULATION,4,1,NONE,0.6,0.6443036259664656,,False,False,False,True,True,True,True,False,False,,NOT_CONFIRMED_TODAY,NONE,0.6,
2020-05-03 00:00:00+00:00,ACCUMULATION,4,1,NONE,0.6,0.6414369704939505,,False,False,True,True,True,True,True,False,False,,NOT_CONFIRMED_TODAY,NONE,0.6,
2020-05-04 00:00:00+00:00,ACCUMULATION,4,1,NONE,0.6,0.6396722296742556,,False,False,True,True,True,True,True,False,False,,NOT_CONFIRMED_TODAY,NONE,0.6,
2020-05-05 00:00:00+00:00,ACCUMULATION,4,1,NONE,0.6,0.6414946360279904,,False,False,True,True,True,True,True,False,False,,NOT_CONFIRMED_TODAY,NONE,0.6,
2020-05-06 00:00:00+00:00,ACCUMULATION,4,1,NONE,0.6,0.6404651509566256,,False,False,True,True,True,True,True,False,False,,NOT_CONFIRMED_TODAY,NONE,0.6,
2020-05-07 00:00:00+00:00,ACCUMULATION,4,1,NONE,0.6,0.6581963164272254,,False,False,True,True,True,True,True,False,False,,NOT_CONFIRMED_TODAY,NONE,0.6,
2020-05-08 00:00:00+00:00,ACCUMULATION,4,1,NONE,0.6,0.6556623107450557,,False,False,True,True,True,True,True,False,False,,NOT_CONFIRMED_TODAY,NONE,0.6,
2020-05-09 00:00:00+00:00,NEW_BULL,0,1,NONE,0.95,0.6645054413201255,NEW_BULL_CONFIRMED|NEW_BULL_REDEPLOY:EXECUTED,True,True,True,True,True,True,True,False,False,NEW_BULL_CONFIRMED|NEW_BULL_REDEPLOY:EXECUTED,CONFIRMED_TODAY,NEW_BULL_REDEPLOY,0.95,9
2020-05-10 00:00:00+00:00,NEW_BULL,0,1,NONE,0.95,0.6555341939678758,NEW_BULL_REDEPLOY:EXECUTED,True,True,True,True,True,True,True,False,False,NEW_BULL_REDEPLOY:EXECUTED,NOT_CONFIRMED_TODAY,NEW_BULL_REDEPLOY,0.95,10
2020-05-11 00:00:00+00:00,NEW_BULL,0,1,NONE,0.95,0.6663046236197068,NEW_BULL_REDEPLOY:EXECUTED,True,True,True,True,True,True,True,False,False,NEW_BULL_REDEPLOY:EXECUTED,NOT_CONFIRMED_TODAY,NEW_BULL_REDEPLOY,0.95,11
2020-05-12 00:00:00+00:00,NEW_BULL,0,1,NONE,0.95,0.6857080017761206,NEW_BULL_REDEPLOY:EXECUTED,True,True,True,True,True,True,True,False,False,NEW_BULL_REDEPLOY:EXECUTED,NOT_CONFIRMED_TODAY,NEW_BULL_REDEPLOY,0.95,12
2020-05-13 00:00:00+00:00,NEW_BULL,0,1,NONE,0.95,0.7107279642773889,NEW_BULL_REDEPLOY:EXECUTED,True,True,True,True,True,True,True,False,False,NEW_BULL_REDEPLOY:EXECUTED,NOT_CONFIRMED_TODAY,NEW_BULL_REDEPLOY,0.95,13
2020-05-14 00:00:00+00:00,NEW_BULL,0,1,NONE,0.95,0.7314574564127981,NEW_BULL_REDEPLOY:EXECUTED,True,True,True,True,True,True,True,False,False,NEW_BULL_REDEPLOY:EXECUTED,NOT_CONFIRMED_TODAY,NEW_BULL_REDEPLOY,0.95,14
2020-05-15 00:00:00+00:00,NEW_BULL,0,1,NONE,0.95,0.7355009926360665,NEW_BULL_REDEPLOY:EXECUTED,True,True,True,True,True,True,True,False,False,NEW_BULL_REDEPLOY:EXECUTED,NOT_CONFIRMED_TODAY,NEW_BULL_REDEPLOY,0.95,15
2020-05-16 00:00:00+00:00,NEW_BULL,0,1,NONE,0.95,0.7517102595117877,NEW_BULL_REDEPLOY:EXECUTED,True,True,True,True,True,True,True,False,False,NEW_BULL_REDEPLOY:EXECUTED,NOT_CONFIRMED_TODAY,NEW_BULL_REDEPLOY,0.95,16
2020-05-17 00:00:00+00:00,NEW_BULL,0,1,NONE,0.95,0.7706922730466573,NEW_BULL_REDEPLOY:EXECUTED,True,True,True,True,True,True,True,False,False,NEW_BULL_REDEPLOY:EXECUTED,NOT_CONFIRMED_TODAY,NEW_BULL_REDEPLOY,0.95,17
2020-05-18 00:00:00+00:00,BULL,0,0,NONE,0.95,0.7867074875043605,NEW_BULL_REDEPLOY:EXECUTED|NEW_BULL_COMPLETE_COOLDOWN_30,True,True,True,True,True,True,True,False,False,NEW_BULL_REDEPLOY:EXECUTED|NEW_BULL_COMPLETE_COOLDOWN_30,NOT_CONFIRMED_TODAY,NEW_BULL_REDEPLOY,0.95,18
2020-05-19 00:00:00+00:00,BULL,0,0,NONE,0.95,0.7871196288344443,,True,True,True,True,True,True,True,False,False,,NOT_CONFIRMED_TODAY,NONE,0.95,
2020-05-20 00:00:00+00:00,BULL,0,0,NONE,0.95,0.7829818330647474,,True,True,True,True,True,True,True,False,False,,NOT_CONFIRMED_TODAY,NONE,0.95,
2020-05-21 00:00:00+00:00,BULL,0,0,NONE,0.95,0.7743519011971902,,True,True,True,True,True,True,True,False,False,,NOT_CONFIRMED_TODAY,NONE,0.95,
2020-05-22 00:00:00+00:00,BULL,0,0,NONE,0.95,0.7786002583684197,,True,True,True,True,True,True,True,False,False,,NOT_CONFIRMED_TODAY,NONE,0.95,
2020-05-23 00:00:00+00:00,BULL,0,0,NONE,0.95,0.7785387587590086,,True,True,True,True,True,True,True,False,False,,NOT_CONFIRMED_TODAY,NONE,0.95,
2020-05-24 00:00:00+00:00,BULL,0,0,NONE,0.95,0.7710085451361322,,True,True,True,True,True,True,True,False,False,,NOT_CONFIRMED_TODAY,NONE,0.95,
2020-05-25 00:00:00+00:00,BULL,0,0,NONE,0.95,0.7747411868170976,,True,True,True,True,True,True,True,False,False,,NOT_CONFIRMED_TODAY,NONE,0.95,
2020-05-26 00:00:00+00:00,BULL,0,0,NONE,0.95,0.7729942694456198,,True,True,True,True,True,True,True,False,False,,NOT_CONFIRMED_TODAY,NONE,0.95,
2020-05-27 00:00:00+00:00,BULL,0,0,NONE,0.95,0.7797880377980326,,True,True,True,True,True,True,True,False,False,,NOT_CONFIRMED_TODAY,NONE,0.95,
2020-05-28 00:00:00+00:00,BULL,0,0,NONE,0.95,0.7877156814927744,,True,True,True,True,True,True,True,False,False,,NOT_CONFIRMED_TODAY,NONE,0.95,
2020-05-29 00:00:00+00:00,BULL,0,0,NONE,0.95,0.7864202790762548,,True,True,True,True,True,True,True,False,False,,NOT_CONFIRMED_TODAY,NONE,0.95,
2020-05-30 00:00:00+00:00,BULL,0,0,NONE,0.95,0.7961731914025241,,True,True,True,True,True,True,True,False,False,,NOT_CONFIRMED_TODAY,NONE,0.95,
2020-05-31 00:00:00+00:00,BULL,0,0,NONE,0.95,0.7902232664799804,,True,True,True,True,True,True,True,False,False,,NOT_CONFIRMED_TODAY,NONE,0.95,
2020-06-01 00:00:00+00:00,BULL,0,0,NONE,0.95,0.8022412776720377,,True,True,True,True,True,True,True,False,False,,NOT_CONFIRMED_TODAY,NONE,0.95,
2020-06-02 00:00:00+00:00,BULL,0,0,NONE,0.95,0.7929454681817154,,True,True,True,True,True,True,True,False,False,,NOT_CONFIRMED_TODAY,NONE,0.95,
2020-06-03 00:00:00+00:00,BULL,0,0,NONE,0.95,0.7964585424189986,,True,True,True,True,True,True,True,False,False,,NOT_CONFIRMED_TODAY,NONE,0.95,
2020-06-04 00:00:00+00:00,BULL,0,0,NONE,0.95,0.7973201780568939,,True,True,True,True,True,True,True,False,False,,NOT_CONFIRMED_TODAY,NONE,0.95,
2020-06-05 00:00:00+00:00,BULL,0,0,NONE,0.95,0.7948848464467727,,True,True,True,True,True,True,True,False,False,,NOT_CONFIRMED_TODAY,NONE,0.95,
2020-06-06 00:00:00+00:00,BULL,0,0,NONE,0.95,0.7959586966292418,,True,True,True,True,True,True,True,False,False,,NOT_CONFIRMED_TODAY,NONE,0.95,
2020-06-07 00:00:00+00:00,BULL,0,0,NONE,0.95,0.7975596607255669,,True,True,True,True,True,True,True,False,False,,NOT_CONFIRMED_TODAY,NONE,0.95,
2020-06-08 00:00:00+00:00,BULL,0,0,NONE,0.95,0.7984929477757442,,True,True,True,True,True,True,True,False,False,,NOT_CONFIRMED_TODAY,NONE,0.95,
2020-06-09 00:00:00+00:00,BULL,0,0,NONE,0.95,0.7977454832358152,,True,True,True,True,True,True,True,False,False,,NOT_CONFIRMED_TODAY,NONE,0.95,
2020-06-10 00:00:00+00:00,BULL,0,0,NONE,0.95,0.7999957858879485,,True,True,True,True,True,True,True,False,False,,NOT_CONFIRMED_TODAY,NONE,0.95,
2020-06-11 00:00:00+00:00,BULL,0,0,NONE,0.95,0.7891373695869361,,True,True,True,True,True,True,True,False,False,,NOT_CONFIRMED_TODAY,NONE,0.95,
2020-06-12 00:00:00+00:00,BULL,0,0,NONE,0.95,0.7932192229423888,,True,True,True,True,True,True,True,False,False,,NOT_CONFIRMED_TODAY,NONE,0.95,
2020-06-13 00:00:00+00:00,BULL,0,0,NONE,0.95,0.7935524742835518,,True,True,True,True,True,True,True,False,False,,NOT_CONFIRMED_TODAY,NONE,0.95,
2020-06-14 00:00:00+00:00,BULL,0,0,NONE,0.95,0.7904153677433005,,True,True,True,True,True,True,True,False,False,,NOT_CONFIRMED_TODAY,NONE,0.95,
2020-06-15 00:00:00+00:00,BULL,0,0,NONE,0.95,0.7910729281041751,,True,True,True,True,True,True,True,False,False,,NOT_CONFIRMED_TODAY,NONE,0.95,
2020-06-16 00:00:00+00:00,BULL,0,0,NONE,0.95,0.79348787181174,,True,True,True,True,True,True,True,False,False,,NOT_CONFIRMED_TODAY,NONE,0.95,
2020-06-17 00:00:00+00:00,DISTRIBUTION,1,2,NONE,0.85,0.7925331985238495,STAGE1_SELL:NOTIONAL_BELOW_GUARD,True,True,True,True,True,True,False,False,False,STAGE1_SELL:NOTIONAL_BELOW_GUARD,NOT_CONFIRMED_TODAY,NONE,0.85,
2020-06-18 00:00:00+00:00,DISTRIBUTION,1,2,NONE,0.85,0.7910579961515638,,True,True,True,True,True,True,False,False,False,,NOT_CONFIRMED_TODAY,NONE,0.85,
2020-06-19 00:00:00+00:00,DISTRIBUTION,1,2,NONE,0.85,0.7896757819431665,,True,True,True,True,True,True,False,False,False,,NOT_CONFIRMED_TODAY,NONE,0.85,
2020-06-20 00:00:00+00:00,DISTRIBUTION,1,2,NONE,0.85,0.7902282646270017,,True,True,True,True,False,True,False,False,False,,NOT_CONFIRMED_TODAY,NONE,0.85,
2020-06-21 00:00:00+00:00,EARLY_BEAR,2,2,NONE,0.7,0.699017392057026,STAGE2_SELL:EXECUTED,True,True,True,True,False,True,False,False,False,STAGE2_SELL:EXECUTED,NOT_CONFIRMED_TODAY,STAGE_RISK_SELL,0.7,19
2020-06-22 00:00:00+00:00,EARLY_BEAR,2,2,NONE,0.7,0.7097841485391905,,True,True,True,True,False,True,False,False,False,,NOT_CONFIRMED_TODAY,NONE,0.7,
2020-06-23 00:00:00+00:00,EARLY_BEAR,2,2,NONE,0.7,0.7091752076563684,,True,True,True,True,True,True,False,False,False,,NOT_CONFIRMED_TODAY,NONE,0.7,
2020-06-24 00:00:00+00:00,EARLY_BEAR,2,2,NONE,0.7,0.7019832451169054,,True,True,True,True,True,True,False,False,False,,NOT_CONFIRMED_TODAY,NONE,0.7,
2020-06-25 00:00:00+00:00,EARLY_BEAR,2,2,NONE,0.7,0.7006956953980689,,True,True,True,True,False,True,False,False,False,,NOT_CONFIRMED_TODAY,NONE,0.7,
2020-06-26 00:00:00+00:00,EARLY_BEAR,2,2,NONE,0.7,0.6985648355692812,,True,True,True,True,False,True,False,False,False,,NOT_CONFIRMED_TODAY,NONE,0.7,
2020-06-27 00:00:00+00:00,EARLY_BEAR,2,2,NONE,0.7,0.6931752996330144,,True,True,True,True,False,True,False,False,False,,NOT_CONFIRMED_TODAY,NONE,0.7,
2020-06-28 00:00:00+00:00,EARLY_BEAR,2,2,NONE,0.7,0.6963291916294401,,True,True,True,True,False,True,False,False,False,,NOT_CONFIRMED_TODAY,NONE,0.7,
2020-06-29 00:00:00+00:00,EARLY_BEAR,2,2,NONE,0.7,0.6986618775393768,,True,True,True,True,False,True,False,False,False,,NOT_CONFIRMED_TODAY,NONE,0.7,
2020-06-30 00:00:00+00:00,EARLY_BEAR,2,2,NONE,0.7,0.697149104554533,,True,True,True,True,False,True,False,False,False,,NOT_CONFIRMED_TODAY,NONE,0.7,
2020-07-01 00:00:00+00:00,EARLY_BEAR,2,2,NONE,0.7,0.7006377618909451,,True,True,True,True,False,True,False,False,False,,NOT_CONFIRMED_TODAY,NONE,0.7,
2020-07-02 00:00:00+00:00,EARLY_BEAR,2,2,NONE,0.7,0.6970650085246368,,True,True,True,True,False,True,False,False,False,,NOT_CONFIRMED_TODAY,NONE,0.7,
2020-07-03 00:00:00+00:00,EARLY_BEAR,2,2,NONE,0.7,0.6961761499018995,,True,True,True,True,False,True,False,False,False,,NOT_CONFIRMED_TODAY,NONE,0.7,
2020-07-04 00:00:00+00:00,EARLY_BEAR,2,2,NONE,0.7,0.6990468759469204,,True,True,False,True,False,True,False,False,False,,NOT_CONFIRMED_TODAY,NONE,0.7,
2020-07-05 00:00:00+00:00,EARLY_BEAR,2,2,NONE,0.7,0.6976649668330701,,True,True,False,True,False,True,False,False,False,,NOT_CONFIRMED_TODAY,NONE,0.7,
2020-07-06 00:00:00+00:00,EARLY_BEAR,2,2,NONE,0.7,0.7067698308530729,,True,True,False,True,False,True,False,False,False,,NOT_CONFIRMED_TODAY,NONE,0.7,
2020-07-07 00:00:00+00:00,EARLY_BEAR,2,2,NONE,0.7,0.7049666412232375,,True,True,False,True,False,True,False,False,False,,NOT_CONFIRMED_TODAY,NONE,0.7,
2020-07-08 00:00:00+00:00,EARLY_BEAR,2,2,NONE,0.7,0.7101348576517633,,True,True,False,True,False,True,False,False,False,,NOT_CONFIRMED_TODAY,NONE,0.7,
2020-07-09 00:00:00+00:00,EARLY_BEAR,2,2,NONE,0.7,0.7058800827846095,,True,True,False,True,True,True,False,False,False,,NOT_CONFIRMED_TODAY,NONE,0.7,
2020-07-10 00:00:00+00:00,EARLY_BEAR,2,2,NONE,0.7,0.706428279682339,,True,True,False,True,False,True,False,False,False,,NOT_CONFIRMED_TODAY,NONE,0.7,
2020-07-11 00:00:00+00:00,EARLY_BEAR,2,2,NONE,0.7,0.7050803223942207,,True,True,False,True,False,True,False,False,False,,NOT_CONFIRMED_TODAY,NONE,0.7,
2020-07-12 00:00:00+00:00,EARLY_BEAR,2,2,NONE,0.7,0.7074263690394959,,True,True,False,True,False,True,False,False,False,,NOT_CONFIRMED_TODAY,NONE,0.7,
2020-07-13 00:00:00+00:00,EARLY_BEAR,2,2,NONE,0.7,0.7055492846113824,,True,True,False,True,False,True,False,False,False,,NOT_CONFIRMED_TODAY,NONE,0.7,
2020-07-14 00:00:00+00:00,EARLY_BEAR,2,2,NONE,0.7,0.7061940644686756,,True,True,False,True,False,True,False,False,False,,NOT_CONFIRMED_TODAY,NONE,0.7,
2020-07-15 00:00:00+00:00,DISTRIBUTION,1,2,NONE,0.85,0.7048827949563908,EARLY_BEAR_TO_DISTRIBUTION,True,True,False,True,False,True,False,False,False,EARLY_BEAR_TO_DISTRIBUTION,NOT_CONFIRMED_TODAY,NONE,0.85,
2020-07-16 00:00:00+00:00,DISTRIBUTION,1,2,NONE,0.85,0.702242733115591,,True,True,True,True,False,True,False,False,False,,NOT_CONFIRMED_TODAY,NONE,0.85,
2020-07-17 00:00:00+00:00,DISTRIBUTION,1,2,NONE,0.85,0.702282938084686,,True,True,True,True,False,True,False,False,False,,NOT_CONFIRMED_TODAY,NONE,0.85,
2020-07-18 00:00:00+00:00,DISTRIBUTION,1,2,NONE,0.85,0.7037737018325242,,True,True,True,True,False,True,False,False,False,,NOT_CONFIRMED_TODAY,NONE,0.85,
2020-07-19 00:00:00+00:00,DISTRIBUTION,1,2,NONE,0.85,0.7057063396152709,,True,True,True,True,False,True,False,False,False,,NOT_CONFIRMED_TODAY,NONE,0.85,
2020-07-20 00:00:00+00:00,DISTRIBUTION,1,2,NONE,0.85,0.7040275482181395,,True,True,True,True,False,True,False,False,False,,NOT_CONFIRMED_TODAY,NONE,0.85,
2020-07-21 00:00:00+00:00,DISTRIBUTION,1,2,NONE,0.85,0.7106273192774433,,True,True,False,True,False,True,False,False,False,,NOT_CONFIRMED_TODAY,NONE,0.85,
2020-07-22 00:00:00+00:00,DISTRIBUTION,1,2,NONE,0.85,0.7187588272374988,,True,True,False,True,True,True,False,False,False,,NOT_CONFIRMED_TODAY,NONE,0.85,
2020-07-23 00:00:00+00:00,DISTRIBUTION,1,2,NONE,0.85,0.7237818826506595,,True,True,False,True,True,True,False,False,False,,NOT_CONFIRMED_TODAY,NONE,0.85,
2020-07-24 00:00:00+00:00,DISTRIBUTION,1,2,NONE,0.85,0.7244423084437934,,True,True,False,True,True,True,False,False,False,,NOT_CONFIRMED_TODAY,NONE,0.85,
2020-07-25 00:00:00+00:00,DISTRIBUTION,1,2,NONE,0.85,0.7346763701006797,,True,True,False,True,True,True,False,False,False,,NOT_CONFIRMED_TODAY,NONE,0.85,
2020-07-26 00:00:00+00:00,DISTRIBUTION,1,2,NONE,0.85,0.7388788803790718,,True,True,False,True,True,True,False,False,False,,NOT_CONFIRMED_TODAY,NONE,0.85,
2020-07-27 00:00:00+00:00,DISTRIBUTION,1,2,NONE,0.85,0.7525384942847363,,True,True,False,True,True,True,False,False,False,,NOT_CONFIRMED_TODAY,NONE,0.85,
2020-07-28 00:00:00+00:00,DISTRIBUTION,1,2,NONE,0.85,0.7500948215718335,,True,True,False,True,True,True,False,False,False,,NOT_CONFIRMED_TODAY,NONE,0.85,
2020-07-29 00:00:00+00:00,DISTRIBUTION,1,2,NONE,0.85,0.7522132899844345,,True,True,True,True,True,True,False,False,False,,NOT_CONFIRMED_TODAY,NONE,0.85,
2020-07-30 00:00:00+00:00,DISTRIBUTION,1,2,NONE,0.85,0.7568296960965656,,True,True,True,True,True,True,False,False,False,,NOT_CONFIRMED_TODAY,NONE,0.85,
2020-07-31 00:00:00+00:00,DISTRIBUTION,1,2,NONE,0.85,0.7618459684445446,,True,True,True,True,True,True,False,False,False,,NOT_CONFIRMED_TODAY,NONE,0.85,
2020-08-01 00:00:00+00:00,DISTRIBUTION,1,2,NONE,0.85,0.7751745599805858,,True,True,True,True,True,True,False,False,False,,NOT_CONFIRMED_TODAY,NONE,0.85,
2020-08-02 00:00:00+00:00,DISTRIBUTION,1,2,NONE,0.85,0.766197138385249,,True,True,True,True,True,True,False,False,False,,NOT_CONFIRMED_TODAY,NONE,0.85,
2020-08-03 00:00:00+00:00,DISTRIBUTION,1,2,NONE,0.85,0.770635607354056,,True,True,True,True,True,True,False,False,False,,NOT_CONFIRMED_TODAY,NONE,0.85,
2020-08-04 00:00:00+00:00,DISTRIBUTION,1,2,NONE,0.85,0.7713368518412435,,True,True,True,True,True,True,False,False,False,,NOT_CONFIRMED_TODAY,NONE,0.85,
2020-08-05 00:00:00+00:00,DISTRIBUTION,1,2,NONE,0.85,0.7780538099492676,,True,True,True,True,True,True,False,False,False,,NOT_CONFIRMED_TODAY,NONE,0.85,
2020-08-06 00:00:00+00:00,DISTRIBUTION,1,2,NONE,0.85,0.7769589282106617,,True,True,True,True,True,True,False,False,False,,NOT_CONFIRMED_TODAY,NONE,0.85,
2020-08-07 00:00:00+00:00,DISTRIBUTION,1,2,NONE,0.85,0.7723179849339876,,True,True,True,True,True,True,False,False,False,,NOT_CONFIRMED_TODAY,NONE,0.85,
2020-08-08 00:00:00+00:00,DISTRIBUTION,1,2,NONE,0.85,0.7775834325613864,,True,True,True,True,True,True,False,False,False,,NOT_CONFIRMED_TODAY,NONE,0.85,
2020-08-09 00:00:00+00:00,DISTRIBUTION,1,2,NONE,0.85,0.7755498178690746,,True,True,True,True,True,True,False,False,False,,NOT_CONFIRMED_TODAY,NONE,0.85,
2020-08-10 00:00:00+00:00,DISTRIBUTION,1,2,NONE,0.85,0.7783443714015118,,True,True,True,True,True,True,False,False,False,,NOT_CONFIRMED_TODAY,NONE,0.85,
2020-08-11 00:00:00+00:00,DISTRIBUTION,1,2,NONE,0.85,0.7709540137223554,,True,True,True,True,True,True,False,False,False,,NOT_CONFIRMED_TODAY,NONE,0.85,
2020-08-12 00:00:00+00:00,DISTRIBUTION,1,2,NONE,0.85,0.7742147538105676,,True,True,True,True,True,True,False,False,False,,NOT_CONFIRMED_TODAY,NONE,0.85,
2020-08-13 00:00:00+00:00,DISTRIBUTION,1,2,NONE,0.85,0.783863259930277,,True,True,True,True,True,True,False,False,False,,NOT_CONFIRMED_TODAY,NONE,0.85,
2020-08-14 00:00:00+00:00,DISTRIBUTION,1,2,NONE,0.85,0.7865423291952279,,True,True,True,True,True,True,False,False,False,,NOT_CONFIRMED_TODAY,NONE,0.85,
2020-08-15 00:00:00+00:00,DISTRIBUTION,1,2,NONE,0.85,0.7860732825513455,,True,True,True,True,True,True,False,False,False,,NOT_CONFIRMED_TODAY,NONE,0.85,
2020-08-16 00:00:00+00:00,DISTRIBUTION,1,2,NONE,0.85,0.7867982558574005,,True,True,True,True,True,True,False,False,False,,NOT_CONFIRMED_TODAY,NONE,0.85,
2020-08-17 00:00:00+00:00,DISTRIBUTION,1,2,NONE,0.85,0.788822003321222,,True,True,True,True,True,True,False,False,False,,NOT_CONFIRMED_TODAY,NONE,0.85,
2020-08-18 00:00:00+00:00,DISTRIBUTION,1,2,NONE,0.85,0.7848080018679312,,True,True,True,True,True,True,False,False,False,,NOT_CONFIRMED_TODAY,NONE,0.85,
2020-08-19 00:00:00+00:00,DISTRIBUTION,1,2,NONE,0.85,0.7805181416385586,,True,True,True,True,True,True,False,False,False,,NOT_CONFIRMED_TODAY,NONE,0.85,
2020-08-20 00:00:00+00:00,DISTRIBUTION,1,2,NONE,0.85,0.7830662439659993,,True,True,True,True,True,True,False,False,False,,NOT_CONFIRMED_TODAY,NONE,0.85,
2020-08-21 00:00:00+00:00,DISTRIBUTION,1,2,NONE,0.85,0.7747638480727619,,True,True,True,True,True,True,False,False,False,,NOT_CONFIRMED_TODAY,NONE,0.85,
2020-08-22 00:00:00+00:00,DISTRIBUTION,1,2,NONE,0.85,0.7774280780438954,,True,True,True,True,True,True,False,False,False,,NOT_CONFIRMED_TODAY,NONE,0.85,
2020-08-23 00:00:00+00:00,DISTRIBUTION,1,2,NONE,0.85,0.7763964482263916,,True,True,True,True,True,True,False,False,False,,NOT_CONFIRMED_TODAY,NONE,0.85,
2020-08-24 00:00:00+00:00,DISTRIBUTION,1,2,NONE,0.85,0.7808555419181774,,True,True,True,True,True,True,False,False,False,,NOT_CONFIRMED_TODAY,NONE,0.85,
2020-08-25 00:00:00+00:00,DISTRIBUTION,1,2,NONE,0.85,0.7722636718165764,,True,True,True,True,True,True,False,False,False,,NOT_CONFIRMED_TODAY,NONE,0.85,
2020-08-26 00:00:00+00:00,DISTRIBUTION,1,2,NONE,0.85,0.7740977817853173,,True,True,True,True,True,True,False,False,False,,NOT_CONFIRMED_TODAY,NONE,0.85,
2020-08-27 00:00:00+00:00,DISTRIBUTION,1,2,NONE,0.85,0.7725787817054496,,True,True,True,True,True,True,False,False,False,,NOT_CONFIRMED_TODAY,NONE,0.85,
2020-08-28 00:00:00+00:00,DISTRIBUTION,1,2,NONE,0.85,0.7767984660412062,,True,True,True,True,True,True,False,False,False,,NOT_CONFIRMED_TODAY,NONE,0.85,
2020-08-29 00:00:00+00:00,DISTRIBUTION,1,2,NONE,0.85,0.777180597906828,,True,True,True,True,True,True,False,False,False,,NOT_CONFIRMED_TODAY,NONE,0.85,
2020-08-30 00:00:00+00:00,DISTRIBUTION,1,2,NONE,0.85,0.7853856297192945,,True,True,True,True,True,True,False,False,False,,NOT_CONFIRMED_TODAY,NONE,0.85,
2020-08-31 00:00:00+00:00,DISTRIBUTION,1,2,NONE,0.85,0.7859982683104237,,True,True,True,True,True,True,False,False,False,,NOT_CONFIRMED_TODAY,NONE,0.85,
2020-09-01 00:00:00+00:00,DISTRIBUTION,1,2,NONE,0.85,0.795847894225015,,True,True,True,True,True,True,False,False,False,,NOT_CONFIRMED_TODAY,NONE,0.85,
2020-09-02 00:00:00+00:00,DISTRIBUTION,1,2,NONE,0.85,0.7854550844971009,,True,True,True,True,True,True,False,False,False,,NOT_CONFIRMED_TODAY,NONE,0.85,
2020-09-03 00:00:00+00:00,DISTRIBUTION,1,2,NONE,0.85,0.7628946741494632,,True,True,True,True,True,True,False,False,False,,NOT_CONFIRMED_TODAY,NONE,0.85,
2020-09-04 00:00:00+00:00,DISTRIBUTION,1,2,NONE,0.85,0.7664832090754857,,True,True,True,True,False,True,False,False,False,,NOT_CONFIRMED_TODAY,NONE,0.85,
2020-09-05 00:00:00+00:00,EARLY_BEAR,2,2,NONE,0.7,0.6819698119643289,STAGE2_SELL:EXECUTED,True,True,True,True,False,True,False,False,False,STAGE2_SELL:EXECUTED,NOT_CONFIRMED_TODAY,STAGE_RISK_SELL,0.7,20
2020-09-06 00:00:00+00:00,EARLY_BEAR,2,2,NONE,0.7,0.6886529753021086,,True,True,True,True,False,True,False,False,False,,NOT_CONFIRMED_TODAY,NONE,0.7,
2020-09-07 00:00:00+00:00,EARLY_BEAR,2,2,NONE,0.7,0.6901974067588384,,True,True,True,True,False,True,False,False,False,,NOT_CONFIRMED_TODAY,NONE,0.7,
2020-09-08 00:00:00+00:00,EARLY_BEAR,2,2,NONE,0.7,0.6826410737655682,,True,True,True,True,False,True,False,False,False,,NOT_CONFIRMED_TODAY,NONE,0.7,
2020-09-09 00:00:00+00:00,EARLY_BEAR,2,2,NONE,0.7,0.6879857171053929,,True,True,True,True,False,True,False,False,False,,NOT_CONFIRMED_TODAY,NONE,0.7,
2020-09-10 00:00:00+00:00,EARLY_BEAR,2,2,NONE,0.7,0.6944909934857202,,True,True,True,True,False,True,False,False,False,,NOT_CONFIRMED_TODAY,NONE,0.7,
2020-09-11 00:00:00+00:00,EARLY_BEAR,2,2,NONE,0.7,0.6967842579936547,,True,True,True,True,False,True,False,False,False,,NOT_CONFIRMED_TODAY,NONE,0.7,
2020-09-12 00:00:00+00:00,EARLY_BEAR,2,2,NONE,0.7,0.701493538853947,,True,True,True,True,False,True,False,False,False,,NOT_CONFIRMED_TODAY,NONE,0.7,
2020-09-13 00:00:00+00:00,EARLY_BEAR,2,2,NONE,0.7,0.6943028442147537,,True,True,True,True,False,True,False,False,False,,NOT_CONFIRMED_TODAY,NONE,0.7,
2020-09-14 00:00:00+00:00,EARLY_BEAR,2,2,NONE,0.7,0.7008306648874665,,True,True,True,True,False,True,False,False,False,,NOT_CONFIRMED_TODAY,NONE,0.7,
2020-09-15 00:00:00+00:00,EARLY_BEAR,2,2,NONE,0.7,0.6982432491767379,,True,True,True,True,False,True,False,False,False,,NOT_CONFIRMED_TODAY,NONE,0.7,
2020-09-16 00:00:00+00:00,EARLY_BEAR,2,2,NONE,0.7,0.7002698916554162,,True,True,True,True,False,True,False,False,False,,NOT_CONFIRMED_TODAY,NONE,0.7,
2020-09-17 00:00:00+00:00,EARLY_BEAR,2,2,NONE,0.7,0.7070535381961933,,True,True,True,True,False,True,False,False,False,,NOT_CONFIRMED_TODAY,NONE,0.7,
2020-09-18 00:00:00+00:00,DISTRIBUTION,1,2,NONE,0.85,0.7057146333279603,EARLY_BEAR_TO_DISTRIBUTION,True,True,True,True,False,True,False,False,False,EARLY_BEAR_TO_DISTRIBUTION,NOT_CONFIRMED_TODAY,NONE,0.85,
2020-09-19 00:00:00+00:00,DISTRIBUTION,1,2,NONE,0.85,0.7073998073448888,,True,True,True,True,False,True,False,False,False,,NOT_CONFIRMED_TODAY,NONE,0.85,
2020-09-20 00:00:00+00:00,DISTRIBUTION,1,2,NONE,0.85,0.7020332043212776,,True,True,True,True,False,True,False,False,False,,NOT_CONFIRMED_TODAY,NONE,0.85,
2020-09-21 00:00:00+00:00,DISTRIBUTION,1,2,NONE,0.85,0.6879959967908579,,True,True,True,True,False,True,False,False,False,,NOT_CONFIRMED_TODAY,NONE,0.85,
2020-09-22 00:00:00+00:00,DISTRIBUTION,1,2,NONE,0.85,0.6904546647243325,,True,True,False,True,False,True,False,False,False,,NOT_CONFIRMED_TODAY,NONE,0.85,
2020-09-23 00:00:00+00:00,DISTRIBUTION,1,2,NONE,0.85,0.6800530577950522,,True,True,False,True,False,True,False,False,False,,NOT_CONFIRMED_TODAY,NONE,0.85,
2020-09-24 00:00:00+00:00,DISTRIBUTION,1,2,NONE,0.85,0.6942060177511101,,True,True,False,True,False,True,False,False,False,,NOT_CONFIRMED_TODAY,NONE,0.85,
2020-09-25 00:00:00+00:00,DISTRIBUTION,1,2,NONE,0.85,0.6946917567142095,,True,True,False,True,False,True,False,False,False,,NOT_CONFIRMED_TODAY,NONE,0.85,
2020-09-26 00:00:00+00:00,DISTRIBUTION,1,2,NONE,0.85,0.6958061874159444,,True,True,False,True,False,True,False,False,False,,NOT_CONFIRMED_TODAY,NONE,0.85,
2020-09-27 00:00:00+00:00,DISTRIBUTION,1,2,NONE,0.85,0.6974112374713378,,True,True,False,True,False,True,False,False,False,,NOT_CONFIRMED_TODAY,NONE,0.85,
2020-09-28 00:00:00+00:00,DISTRIBUTION,1,2,NONE,0.85,0.6956943584257054,,True,True,False,True,False,True,False,False,False,,NOT_CONFIRMED_TODAY,NONE,0.85,
2020-09-29 00:00:00+00:00,DISTRIBUTION,1,2,NONE,0.85,0.6989307213540729,,True,True,False,True,False,True,False,False,False,,NOT_CONFIRMED_TODAY,NONE,0.85,
2020-09-30 00:00:00+00:00,DISTRIBUTION,1,2,NONE,0.85,0.6984160046652271,,True,True,False,True,False,True,False,False,False,,NOT_CONFIRMED_TODAY,NONE,0.85,
2020-10-01 00:00:00+00:00,DISTRIBUTION,1,2,NONE,0.85,0.6948940055723942,,True,True,False,True,False,True,False,False,False,,NOT_CONFIRMED_TODAY,NONE,0.85,
2020-10-02 00:00:00+00:00,DISTRIBUTION,1,2,NONE,0.85,0.692322799591071,,True,True,False,True,False,True,False,False,False,,NOT_CONFIRMED_TODAY,NONE,0.85,
2020-10-03 00:00:00+00:00,DISTRIBUTION,1,2,NONE,0.85,0.6922414856932809,,True,True,False,True,False,True,False,False,False,,NOT_CONFIRMED_TODAY,NONE,0.85,
2020-10-04 00:00:00+00:00,DISTRIBUTION,1,2,NONE,0.85,0.6955338897234352,,True,True,False,True,False,True,False,False,False,,NOT_CONFIRMED_TODAY,NONE,0.85,
2020-10-05 00:00:00+00:00,DISTRIBUTION,1,2,NONE,0.85,0.697258317318615,,True,True,False,True,False,True,False,False,False,,NOT_CONFIRMED_TODAY,NONE,0.85,
2020-10-06 00:00:00+00:00,DISTRIBUTION,1,2,NONE,0.85,0.6915604277971036,,True,True,False,True,False,True,False,False,False,,NOT_CONFIRMED_TODAY,NONE,0.85,
2020-10-07 00:00:00+00:00,DISTRIBUTION,1,2,NONE,0.85,0.6926027895737638,,True,True,False,True,False,True,False,False,False,,NOT_CONFIRMED_TODAY,NONE,0.85,
2020-10-08 00:00:00+00:00,DISTRIBUTION,1,2,NONE,0.85,0.6981042203092495,,True,True,False,True,False,True,False,False,False,,NOT_CONFIRMED_TODAY,NONE,0.85,
2020-10-09 00:00:00+00:00,DISTRIBUTION,1,2,NONE,0.85,0.7034543006651575,,True,True,False,True,True,True,False,False,False,,NOT_CONFIRMED_TODAY,NONE,0.85,
2020-10-10 00:00:00+00:00,DISTRIBUTION,1,2,NONE,0.85,0.7073685262361401,,True,True,False,True,True,True,False,False,False,,NOT_CONFIRMED_TODAY,NONE,0.85,
2020-10-11 00:00:00+00:00,DISTRIBUTION,1,2,NONE,0.85,0.7091564474029478,,True,True,False,True,True,True,False,False,False,,NOT_CONFIRMED_TODAY,NONE,0.85,
2020-10-12 00:00:00+00:00,DISTRIBUTION,1,2,NONE,0.85,0.7139822298144803,,True,True,False,True,True,True,False,False,False,,NOT_CONFIRMED_TODAY,NONE,0.85,
2020-10-13 00:00:00+00:00,DISTRIBUTION,1,2,NONE,0.85,0.7116576633900995,,True,True,False,True,True,True,False,False,False,,NOT_CONFIRMED_TODAY,NONE,0.85,
2020-10-14 00:00:00+00:00,DISTRIBUTION,1,2,NONE,0.85,0.7110973144894034,,True,True,False,True,True,True,False,False,False,,NOT_CONFIRMED_TODAY,NONE,0.85,
2020-10-15 00:00:00+00:00,DISTRIBUTION,1,2,NONE,0.85,0.7117026766564202,,True,True,False,True,True,True,False,False,False,,NOT_CONFIRMED_TODAY,NONE,0.85,
2020-10-16 00:00:00+00:00,DISTRIBUTION,1,2,NONE,0.85,0.7067891741123765,,True,True,False,True,True,True,False,False,False,,NOT_CONFIRMED_TODAY,NONE,0.85,
2020-10-17 00:00:00+00:00,DISTRIBUTION,1,2,NONE,0.85,0.7080388649630819,,True,True,False,True,True,True,False,False,False,,NOT_CONFIRMED_TODAY,NONE,0.85,
2020-10-18 00:00:00+00:00,DISTRIBUTION,1,2,NONE,0.85,0.7120836591728328,,True,True,False,True,True,True,False,False,False,,NOT_CONFIRMED_TODAY,NONE,0.85,
2020-10-19 00:00:00+00:00,DISTRIBUTION,1,2,NONE,0.85,0.7147256196895597,,True,True,False,True,True,True,False,False,False,,NOT_CONFIRMED_TODAY,NONE,0.85,
2020-10-20 00:00:00+00:00,DISTRIBUTION,1,2,NONE,0.85,0.7134161306625008,,True,True,False,True,True,True,False,False,False,,NOT_CONFIRMED_TODAY,NONE,0.85,
2020-10-21 00:00:00+00:00,DISTRIBUTION,1,2,NONE,0.85,0.7264953225943876,,True,True,False,True,True,True,False,False,False,,NOT_CONFIRMED_TODAY,NONE,0.85,
2020-10-22 00:00:00+00:00,DISTRIBUTION,1,2,NONE,0.85,0.7335855057468856,,True,True,True,True,True,True,False,False,False,,NOT_CONFIRMED_TODAY,NONE,0.85,
2020-10-23 00:00:00+00:00,DISTRIBUTION,1,2,NONE,0.85,0.7321934438288166,,True,True,True,True,True,True,False,False,False,,NOT_CONFIRMED_TODAY,NONE,0.85,
2020-10-24 00:00:00+00:00,DISTRIBUTION,1,2,NONE,0.85,0.7344397247425434,,True,True,True,True,True,True,False,False,False,,NOT_CONFIRMED_TODAY,NONE,0.85,
2020-10-25 00:00:00+00:00,DISTRIBUTION,1,2,NONE,0.85,0.7324384368250264,,True,True,True,True,True,True,False,False,False,,NOT_CONFIRMED_TODAY,NONE,0.85,
2020-10-26 00:00:00+00:00,DISTRIBUTION,1,2,NONE,0.85,0.7296130797345243,,True,True,True,True,True,True,False,False,False,,NOT_CONFIRMED_TODAY,NONE,0.85,
2020-10-27 00:00:00+00:00,DISTRIBUTION,1,2,NONE,0.85,0.7367730361228501,,True,True,True,True,True,True,False,False,False,,NOT_CONFIRMED_TODAY,NONE,0.85,
2020-10-28 00:00:00+00:00,DISTRIBUTION,1,2,NONE,0.85,0.7304925471816905,,True,True,True,True,True,True,False,False,False,,NOT_CONFIRMED_TODAY,NONE,0.85,
2020-10-29 00:00:00+00:00,DISTRIBUTION,1,2,NONE,0.85,0.7318304231535032,,True,True,True,True,True,True,False,False,False,,NOT_CONFIRMED_TODAY,NONE,0.85,
2020-10-30 00:00:00+00:00,DISTRIBUTION,1,2,NONE,0.85,0.7316718976736813,,True,True,True,True,True,True,False,False,False,,NOT_CONFIRMED_TODAY,NONE,0.85,
2020-10-31 00:00:00+00:00,DISTRIBUTION,1,2,NONE,0.85,0.7344778589071744,,True,True,True,True,True,True,False,False,False,,NOT_CONFIRMED_TODAY,NONE,0.85,
2020-11-01 00:00:00+00:00,DISTRIBUTION,1,2,NONE,0.85,0.7366117826142201,,True,True,True,True,True,True,False,False,False,,NOT_CONFIRMED_TODAY,NONE,0.85,
2020-11-02 00:00:00+00:00,DISTRIBUTION,1,2,NONE,0.85,0.7319404380654031,,True,True,True,True,True,True,False,False,False,,NOT_CONFIRMED_TODAY,NONE,0.85,
2020-11-03 00:00:00+00:00,DISTRIBUTION,1,2,NONE,0.85,0.7368303081914458,,True,True,True,True,True,True,False,False,False,,NOT_CONFIRMED_TODAY,NONE,0.85,
2020-11-04 00:00:00+00:00,DISTRIBUTION,1,2,NONE,0.85,0.7410071796495428,,True,True,True,True,True,True,False,False,False,,NOT_CONFIRMED_TODAY,NONE,0.85,
2020-11-05 00:00:00+00:00,DISTRIBUTION,1,2,NONE,0.85,0.7542067086378852,,True,True,True,True,True,True,False,False,False,,NOT_CONFIRMED_TODAY,NONE,0.85,
2020-11-06 00:00:00+00:00,DISTRIBUTION,1,2,NONE,0.85,0.7615655657063148,,True,True,True,True,True,True,False,False,False,,NOT_CONFIRMED_TODAY,NONE,0.85,
2020-11-07 00:00:00+00:00,DISTRIBUTION,1,2,NONE,0.85,0.7527225373401714,,True,True,True,True,True,True,False,False,False,,NOT_CONFIRMED_TODAY,NONE,0.85,
2020-11-08 00:00:00+00:00,DISTRIBUTION,1,2,NONE,0.85,0.760733153555707,,True,True,True,True,True,True,False,False,False,,NOT_CONFIRMED_TODAY,NONE,0.85,
2020-11-09 00:00:00+00:00,DISTRIBUTION,1,2,NONE,0.85,0.7579989204413817,,True,True,True,True,True,True,False,False,False,,NOT_CONFIRMED_TODAY,NONE,0.85,
2020-11-10 00:00:00+00:00,DISTRIBUTION,1,2,NONE,0.85,0.7589839274694478,,True,True,True,True,True,True,False,False,False,,NOT_CONFIRMED_TODAY,NONE,0.85,
2020-11-11 00:00:00+00:00,DISTRIBUTION,1,2,NONE,0.85,0.7638285003123344,,True,True,True,True,True,True,False,False,False,,NOT_CONFIRMED_TODAY,NONE,0.85,
2020-11-12 00:00:00+00:00,DISTRIBUTION,1,2,NONE,0.85,0.7674916354434882,,True,True,True,True,True,True,False,False,False,,NOT_CONFIRMED_TODAY,NONE,0.85,
2020-11-13 00:00:00+00:00,DISTRIBUTION,1,2,NONE,0.85,0.7701253213946009,,True,True,True,True,True,True,False,False,False,,NOT_CONFIRMED_TODAY,NONE,0.85,
2020-11-14 00:00:00+00:00,DISTRIBUTION,1,2,NONE,0.85,0.7660023985681284,,True,True,True,True,True,True,False,False,False,,NOT_CONFIRMED_TODAY,NONE,0.85,
2020-11-15 00:00:00+00:00,DISTRIBUTION,1,2,NONE,0.85,0.7630849569117547,,True,True,True,True,True,True,False,False,False,,NOT_CONFIRMED_TODAY,NONE,0.85,
2020-11-16 00:00:00+00:00,DISTRIBUTION,1,2,NONE,0.85,0.7699370130317861,,True,True,True,True,True,True,False,False,False,,NOT_CONFIRMED_TODAY,NONE,0.85,
2020-11-17 00:00:00+00:00,DISTRIBUTION,1,2,NONE,0.85,0.7789002421885705,,True,True,True,True,True,True,False,False,False,,NOT_CONFIRMED_TODAY,NONE,0.85,
2020-11-18 00:00:00+00:00,DISTRIBUTION,1,2,NONE,0.85,0.779007036190538,,True,True,True,True,True,True,False,False,False,,NOT_CONFIRMED_TODAY,NONE,0.85,
2020-11-19 00:00:00+00:00,DISTRIBUTION,1,2,NONE,0.85,0.778082628179172,,True,True,True,True,True,True,False,False,False,,NOT_CONFIRMED_TODAY,NONE,0.85,
2020-11-20 00:00:00+00:00,DISTRIBUTION,1,2,NONE,0.85,0.7884686368154754,,True,True,True,True,True,True,False,False,False,,NOT_CONFIRMED_TODAY,NONE,0.85,
2020-11-21 00:00:00+00:00,DISTRIBUTION,1,2,NONE,0.85,0.7946259216798489,,True,True,True,True,True,True,False,False,False,,NOT_CONFIRMED_TODAY,NONE,0.85,
2020-11-22 00:00:00+00:00,DISTRIBUTION,1,2,NONE,0.85,0.794337935123662,,True,True,True,True,True,True,False,False,False,,NOT_CONFIRMED_TODAY,NONE,0.85,
2020-11-23 00:00:00+00:00,DISTRIBUTION,1,2,NONE,0.85,0.8005462176403775,,True,True,True,True,True,True,False,False,False,,NOT_CONFIRMED_TODAY,NONE,0.85,
2020-11-24 00:00:00+00:00,DISTRIBUTION,1,2,NONE,0.85,0.8036239557719104,,True,True,True,True,True,True,False,False,False,,NOT_CONFIRMED_TODAY,NONE,0.85,
2020-11-25 00:00:00+00:00,DISTRIBUTION,1,2,NONE,0.85,0.7971669941449331,,True,True,True,True,True,True,False,False,False,,NOT_CONFIRMED_TODAY,NONE,0.85,
2020-11-26 00:00:00+00:00,DISTRIBUTION,1,2,NONE,0.85,0.7823990534708062,,True,True,True,True,True,True,False,False,False,,NOT_CONFIRMED_TODAY,NONE,0.85,
2020-11-27 00:00:00+00:00,DISTRIBUTION,1,2,NONE,0.85,0.7822235441437,,True,True,True,True,True,True,False,False,False,,NOT_CONFIRMED_TODAY,NONE,0.85,
2020-11-28 00:00:00+00:00,DISTRIBUTION,1,2,NONE,0.85,0.7880763969920269,,True,True,True,True,True,True,False,False,False,,NOT_CONFIRMED_TODAY,NONE,0.85,
2020-11-29 00:00:00+00:00,DISTRIBUTION,1,2,NONE,0.85,0.7957685296398327,,True,True,True,True,True,True,False,False,False,,NOT_CONFIRMED_TODAY,NONE,0.85,
2020-11-30 00:00:00+00:00,DISTRIBUTION,1,2,NONE,0.85,0.8075878710434468,,True,True,True,True,True,True,False,False,False,,NOT_CONFIRMED_TODAY,NONE,0.85,
2020-12-01 00:00:00+00:00,DISTRIBUTION,1,2,NONE,0.85,0.799705175932858,,True,True,True,True,True,True,False,False,False,,NOT_CONFIRMED_TODAY,NONE,0.85,
2020-12-02 00:00:00+00:00,DISTRIBUTION,1,2,NONE,0.85,0.8031709307046402,,True,True,True,True,True,True,False,False,False,,NOT_CONFIRMED_TODAY,NONE,0.85,
2020-12-03 00:00:00+00:00,DISTRIBUTION,1,2,NONE,0.85,0.8064627453499889,,True,True,True,True,True,True,False,False,False,,NOT_CONFIRMED_TODAY,NONE,0.85,
2020-12-04 00:00:00+00:00,DISTRIBUTION,1,2,NONE,0.85,0.7969617939287115,,True,True,True,True,True,True,False,False,False,,NOT_CONFIRMED_TODAY,NONE,0.85,
2020-12-05 00:00:00+00:00,DISTRIBUTION,1,2,NONE,0.85,0.803039026772851,,True,True,True,True,True,True,False,False,False,,NOT_CONFIRMED_TODAY,NONE,0.85,
2020-12-06 00:00:00+00:00,DISTRIBUTION,1,2,NONE,0.85,0.8045873557528296,,True,True,True,True,True,True,False,False,False,,NOT_CONFIRMED_TODAY,NONE,0.85,
2020-12-07 00:00:00+00:00,DISTRIBUTION,1,2,NONE,0.85,0.8025206277204378,,True,True,True,True,True,True,False,False,False,,NOT_CONFIRMED_TODAY,NONE,0.85,
2020-12-08 00:00:00+00:00,DISTRIBUTION,1,2,NONE,0.85,0.7939445801456381,,True,True,True,True,True,True,False,False,False,,NOT_CONFIRMED_TODAY,NONE,0.85,
2020-12-09 00:00:00+00:00,DISTRIBUTION,1,2,NONE,0.85,0.7974439603644782,,True,True,True,True,True,True,False,False,False,,NOT_CONFIRMED_TODAY,NONE,0.85,
2020-12-10 00:00:00+00:00,DISTRIBUTION,1,2,NONE,0.85,0.79425306883735,,True,True,True,True,True,True,False,False,False,,NOT_CONFIRMED_TODAY,NONE,0.85,
2020-12-11 00:00:00+00:00,DISTRIBUTION,1,2,NONE,0.85,0.7912349394100908,,True,True,True,True,True,True,False,False,False,,NOT_CONFIRMED_TODAY,NONE,0.85,
2020-12-12 00:00:00+00:00,DISTRIBUTION,1,2,NONE,0.85,0.798159155461043,,True,True,True,True,True,True,False,False,False,,NOT_CONFIRMED_TODAY,NONE,0.85,
2020-12-13 00:00:00+00:00,DISTRIBUTION,1,2,NONE,0.85,0.8027471782215939,,True,True,True,True,True,True,False,False,False,,NOT_CONFIRMED_TODAY,NONE,0.85,
2020-12-14 00:00:00+00:00,DISTRIBUTION,1,2,NONE,0.85,0.80267393434349,,True,True,True,True,True,True,False,False,False,,NOT_CONFIRMED_TODAY,NONE,0.85,
2020-12-15 00:00:00+00:00,DISTRIBUTION,1,2,NONE,0.85,0.8036825398137197,,True,True,True,True,True,True,False,False,False,,NOT_CONFIRMED_TODAY,NONE,0.85,
2020-12-16 00:00:00+00:00,DISTRIBUTION,1,2,NONE,0.85,0.8170993272595519,,True,True,True,True,True,True,False,False,False,,NOT_CONFIRMED_TODAY,NONE,0.85,
2020-12-17 00:00:00+00:00,DISTRIBUTION,1,2,NONE,0.85,0.8230864329318963,,True,True,True,True,True,True,False,False,False,,NOT_CONFIRMED_TODAY,NONE,0.85,
2020-12-18 00:00:00+00:00,DISTRIBUTION,1,2,NONE,0.85,0.8253148567783521,,True,True,True,True,True,True,False,False,False,,NOT_CONFIRMED_TODAY,NONE,0.85,
2020-12-19 00:00:00+00:00,DISTRIBUTION,1,2,NONE,0.85,0.8281902673578682,,True,True,True,True,True,True,False,False,False,,NOT_CONFIRMED_TODAY,NONE,0.85,
2020-12-20 00:00:00+00:00,DISTRIBUTION,1,2,NONE,0.85,0.8250586279809189,,True,True,True,True,True,True,False,False,False,,NOT_CONFIRMED_TODAY,NONE,0.85,
2020-12-21 00:00:00+00:00,DISTRIBUTION,1,2,NONE,0.85,0.8193454061929855,,True,True,True,True,True,True,False,False,False,,NOT_CONFIRMED_TODAY,NONE,0.85,
2020-12-22 00:00:00+00:00,DISTRIBUTION,1,2,NONE,0.85,0.8261888204556548,,True,True,True,True,True,True,False,False,False,,NOT_CONFIRMED_TODAY,NONE,0.85,
2020-12-23 00:00:00+00:00,DISTRIBUTION,1,2,NONE,0.85,0.8190226777561024,,True,True,True,True,True,True,False,False,False,,NOT_CONFIRMED_TODAY,NONE,0.85,
2020-12-24 00:00:00+00:00,DISTRIBUTION,1,2,NONE,0.85,0.8234884826996053,,True,True,True,True,True,True,False,False,False,,NOT_CONFIRMED_TODAY,NONE,0.85,
2020-12-25 00:00:00+00:00,DISTRIBUTION,1,2,NONE,0.85,0.8283267378859215,,True,True,True,True,True,True,False,False,False,,NOT_CONFIRMED_TODAY,NONE,0.85,
2020-12-26 00:00:00+00:00,DISTRIBUTION,1,2,NONE,0.85,0.8351482440041639,,True,True,True,True,True,True,False,False,False,,NOT_CONFIRMED_TODAY,NONE,0.85,
2020-12-27 00:00:00+00:00,DISTRIBUTION,1,2,NONE,0.85,0.8386474533997785,,True,True,True,True,True,True,False,False,False,,NOT_CONFIRMED_TODAY,NONE,0.85,
2020-12-28 00:00:00+00:00,DISTRIBUTION,1,2,NONE,0.85,0.8445995957233351,,True,True,True,True,True,True,False,False,False,,NOT_CONFIRMED_TODAY,NONE,0.85,
2020-12-29 00:00:00+00:00,DISTRIBUTION,1,2,NONE,0.85,0.8455865858578057,,True,True,True,True,True,True,False,False,False,,NOT_CONFIRMED_TODAY,NONE,0.85,
2020-12-30 00:00:00+00:00,DISTRIBUTION,1,2,NONE,0.85,0.8510184808263643,,True,True,True,True,True,True,False,False,False,,NOT_CONFIRMED_TODAY,NONE,0.85,
2020-12-31 00:00:00+00:00,DISTRIBUTION,1,2,NONE,0.85,0.8500379688791669,,True,True,True,True,True,True,False,False,False,,NOT_CONFIRMED_TODAY,NONE,0.85,
2021-01-01 00:00:00+00:00,DISTRIBUTION,1,2,NONE,0.85,0.8504878032222556,,True,True,True,True,True,True,False,False,False,,NOT_CONFIRMED_TODAY,NONE,0.85,
2021-01-02 00:00:00+00:00,DISTRIBUTION,1,2,NONE,0.85,0.860401453705093,,True,True,True,True,True,True,False,False,False,,NOT_CONFIRMED_TODAY,NONE,0.85,
2021-01-03 00:00:00+00:00,DISTRIBUTION,1,2,NONE,0.85,0.8735778322957973,,True,True,True,True,True,True,False,False,False,,NOT_CONFIRMED_TODAY,NONE,0.85,
2021-01-04 00:00:00+00:00,DISTRIBUTION,1,2,NONE,0.85,0.874964049986693,,True,True,True,True,True,True,False,False,False,,NOT_CONFIRMED_TODAY,NONE,0.85,
2021-01-05 00:00:00+00:00,DISTRIBUTION,1,2,NONE,0.85,0.8810869016441232,,True,True,True,True,True,True,False,False,False,,NOT_CONFIRMED_TODAY,NONE,0.85,
2021-01-06 00:00:00+00:00,DISTRIBUTION,1,2,NONE,0.85,0.8898951033041079,,True,True,True,True,True,True,False,False,False,,NOT_CONFIRMED_TODAY,NONE,0.85,
2021-01-07 00:00:00+00:00,DISTRIBUTION,1,2,NONE,0.85,0.8940793623105775,,True,True,True,True,True,True,False,False,False,,NOT_CONFIRMED_TODAY,NONE,0.85,
2021-01-08 00:00:00+00:00,DISTRIBUTION,1,2,NONE,0.85,0.8952714442744875,,True,True,True,True,True,True,False,False,False,,NOT_CONFIRMED_TODAY,NONE,0.85,
2021-01-09 00:00:00+00:00,DISTRIBUTION,1,2,NONE,0.85,0.8967172657013096,,True,True,True,True,True,True,False,False,False,,NOT_CONFIRMED_TODAY,NONE,0.85,
2021-01-10 00:00:00+00:00,DISTRIBUTION,1,2,NONE,0.85,0.893519814992209,,True,True,True,True,True,True,False,False,False,,NOT_CONFIRMED_TODAY,NONE,0.85,
2021-01-11 00:00:00+00:00,DISTRIBUTION,1,2,NONE,0.85,0.8829321661975981,,True,True,True,True,True,True,False,False,False,,NOT_CONFIRMED_TODAY,NONE,0.85,
2021-01-12 00:00:00+00:00,DISTRIBUTION,1,2,NONE,0.85,0.8790791980146467,,True,True,True,True,True,True,False,False,False,,NOT_CONFIRMED_TODAY,NONE,0.85,
2021-01-13 00:00:00+00:00,DISTRIBUTION,1,2,NONE,0.85,0.8877319030433808,,True,True,True,True,True,True,False,False,False,,NOT_CONFIRMED_TODAY,NONE,0.85,
2021-01-14 00:00:00+00:00,DISTRIBUTION,1,2,NONE,0.85,0.8940417296421497,,True,True,True,True,True,True,False,False,False,,NOT_CONFIRMED_TODAY,NONE,0.85,
2021-01-15 00:00:00+00:00,DISTRIBUTION,1,2,NONE,0.85,0.8884050028888628,,True,True,True,True,True,True,False,False,False,,NOT_CONFIRMED_TODAY,NONE,0.85,
2021-01-16 00:00:00+00:00,DISTRIBUTION,1,2,NONE,0.85,0.889700992563869,,True,True,True,True,True,True,False,False,False,,NOT_CONFIRMED_TODAY,NONE,0.85,
2021-01-17 00:00:00+00:00,DISTRIBUTION,1,2,NONE,0.85,0.8896621362612527,,True,True,True,True,True,True,False,False,False,,NOT_CONFIRMED_TODAY,NONE,0.85,
2021-01-18 00:00:00+00:00,DISTRIBUTION,1,2,NONE,0.85,0.8917708299894689,,True,True,True,True,True,True,False,False,False,,NOT_CONFIRMED_TODAY,NONE,0.85,
2021-01-19 00:00:00+00:00,DISTRIBUTION,1,2,NONE,0.85,0.8947174903454571,,True,True,True,True,True,True,False,False,False,,NOT_CONFIRMED_TODAY,NONE,0.85,
2021-01-20 00:00:00+00:00,DISTRIBUTION,1,2,NONE,0.85,0.8946033689892245,,True,True,True,True,True,True,False,False,False,,NOT_CONFIRMED_TODAY,NONE,0.85,
2021-01-21 00:00:00+00:00,DISTRIBUTION,1,2,NONE,0.85,0.8766331475897221,,True,True,True,True,True,True,False,False,False,,NOT_CONFIRMED_TODAY,NONE,0.85,
2021-01-22 00:00:00+00:00,DISTRIBUTION,1,2,NONE,0.85,0.8855526676063381,,True,True,True,True,True,True,False,False,False,,NOT_CONFIRMED_TODAY,NONE,0.85,
2021-01-23 00:00:00+00:00,DISTRIBUTION,1,2,NONE,0.85,0.8842877824085811,,True,True,True,True,True,True,False,False,False,,NOT_CONFIRMED_TODAY,NONE,0.85,
2021-01-24 00:00:00+00:00,DISTRIBUTION,1,2,NONE,0.85,0.8909875274435686,,True,True,True,True,True,True,False,False,False,,NOT_CONFIRMED_TODAY,NONE,0.85,
2021-01-25 00:00:00+00:00,DISTRIBUTION,1,2,NONE,0.85,0.8880750447319371,,True,True,True,True,True,True,False,False,False,,NOT_CONFIRMED_TODAY,NONE,0.85,
2021-01-26 00:00:00+00:00,DISTRIBUTION,1,2,NONE,0.85,0.8902824811832064,,True,True,True,True,True,True,False,False,False,,NOT_CONFIRMED_TODAY,NONE,0.85,
2021-01-27 00:00:00+00:00,DISTRIBUTION,1,2,NONE,0.85,0.8818905332228063,,True,True,True,True,True,True,False,False,False,,NOT_CONFIRMED_TODAY,NONE,0.85,
2021-01-28 00:00:00+00:00,DISTRIBUTION,1,2,NONE,0.85,0.8901541140099981,,True,True,True,True,True,True,False,False,False,,NOT_CONFIRMED_TODAY,NONE,0.85,
2021-01-29 00:00:00+00:00,DISTRIBUTION,1,2,NONE,0.85,0.8932375009699559,,True,True,True,True,True,True,False,False,False,,NOT_CONFIRMED_TODAY,NONE,0.85,
2021-01-30 00:00:00+00:00,DISTRIBUTION,1,2,NONE,0.85,0.8932109954056439,,True,True,True,True,True,True,False,False,False,,NOT_CONFIRMED_TODAY,NONE,0.85,
2021-01-31 00:00:00+00:00,DISTRIBUTION,1,2,NONE,0.85,0.889143215221334,,True,True,True,True,True,True,False,False,False,,NOT_CONFIRMED_TODAY,NONE,0.85,
2021-02-01 00:00:00+00:00,DISTRIBUTION,1,2,NONE,0.85,0.8921147892858494,,True,True,True,True,True,True,False,False,False,,NOT_CONFIRMED_TODAY,NONE,0.85,
2021-02-02 00:00:00+00:00,DISTRIBUTION,1,2,NONE,0.85,0.8993467404454434,,True,True,True,True,True,True,False,False,False,,NOT_CONFIRMED_TODAY,NONE,0.85,
2021-02-03 00:00:00+00:00,DISTRIBUTION,1,2,NONE,0.85,0.9063100779902489,,True,True,True,True,True,True,False,False,False,,NOT_CONFIRMED_TODAY,NONE,0.85,
2021-02-04 00:00:00+00:00,DISTRIBUTION,1,2,NONE,0.85,0.9036178766716515,,True,True,True,True,True,True,False,False,False,,NOT_CONFIRMED_TODAY,NONE,0.85,
2021-02-05 00:00:00+00:00,DISTRIBUTION,1,2,NONE,0.85,0.9084955825671168,,True,True,True,True,True,True,False,False,False,,NOT_CONFIRMED_TODAY,NONE,0.85,
2021-02-06 00:00:00+00:00,DISTRIBUTION,1,2,NONE,0.85,0.9082213205603576,,True,True,True,True,True,True,False,False,False,,NOT_CONFIRMED_TODAY,NONE,0.85,
2021-02-07 00:00:00+00:00,DISTRIBUTION,1,2,NONE,0.85,0.9060530956727215,,True,True,True,True,True,True,False,False,False,,NOT_CONFIRMED_TODAY,NONE,0.85,
2021-02-08 00:00:00+00:00,DISTRIBUTION,1,2,NONE,0.85,0.9164213412304779,,True,True,True,True,True,True,False,False,False,,NOT_CONFIRMED_TODAY,NONE,0.85,
2021-02-09 00:00:00+00:00,DISTRIBUTION,1,2,NONE,0.85,0.9168877051992715,,True,True,True,True,True,True,False,False,False,,NOT_CONFIRMED_TODAY,NONE,0.85,
2021-02-10 00:00:00+00:00,DISTRIBUTION,1,2,NONE,0.85,0.9149354678241606,,True,True,True,True,True,True,False,False,False,,NOT_CONFIRMED_TODAY,NONE,0.85,
2021-02-11 00:00:00+00:00,DISTRIBUTION,1,2,NONE,0.85,0.918473908205426,,True,True,True,True,True,True,False,False,False,,NOT_CONFIRMED_TODAY,NONE,0.85,
2021-02-12 00:00:00+00:00,DISTRIBUTION,1,2,NONE,0.85,0.9191156089003082,,True,True,True,True,True,True,False,False,False,,NOT_CONFIRMED_TODAY,NONE,0.85,
2021-02-13 00:00:00+00:00,DISTRIBUTION,1,2,NONE,0.85,0.9184863099992595,,True,True,True,True,True,True,False,False,False,,NOT_CONFIRMED_TODAY,NONE,0.85,
2021-02-14 00:00:00+00:00,DISTRIBUTION,1,2,NONE,0.85,0.9192706599160877,,True,True,True,True,True,True,False,False,False,,NOT_CONFIRMED_TODAY,NONE,0.85,
2021-02-15 00:00:00+00:00,DISTRIBUTION,1,2,NONE,0.85,0.9183221211754108,,True,True,True,True,True,True,False,False,False,,NOT_CONFIRMED_TODAY,NONE,0.85,
2021-02-16 00:00:00+00:00,DISTRIBUTION,1,2,NONE,0.85,0.9193190753833144,,True,True,True,True,True,True,False,False,False,,NOT_CONFIRMED_TODAY,NONE,0.85,
2021-02-17 00:00:00+00:00,DISTRIBUTION,1,2,NONE,0.85,0.9228315002885206,,True,True,True,True,True,True,False,False,False,,NOT_CONFIRMED_TODAY,NONE,0.85,
2021-02-18 00:00:00+00:00,DISTRIBUTION,1,2,NONE,0.85,0.9241365511212793,,True,True,True,True,True,True,False,False,False,,NOT_CONFIRMED_TODAY,NONE,0.85,
2021-02-19 00:00:00+00:00,DISTRIBUTION,1,2,NONE,0.85,0.9271983531605442,,True,True,True,True,True,True,False,False,False,,NOT_CONFIRMED_TODAY,NONE,0.85,
2021-02-20 00:00:00+00:00,DISTRIBUTION,1,2,NONE,0.85,0.9264433983748647,,True,True,True,True,True,True,False,False,False,,NOT_CONFIRMED_TODAY,NONE,0.85,
2021-02-21 00:00:00+00:00,DISTRIBUTION,1,2,NONE,0.85,0.9277630698943771,,True,True,True,True,True,True,False,False,False,,NOT_CONFIRMED_TODAY,NONE,0.85,
2021-02-22 00:00:00+00:00,DISTRIBUTION,1,2,NONE,0.85,0.9228404993611261,,True,True,True,True,True,True,False,False,False,,NOT_CONFIRMED_TODAY,NONE,0.85,
2021-02-23 00:00:00+00:00,DISTRIBUTION,1,2,NONE,0.85,0.9146726484350947,,True,True,True,True,True,True,False,False,False,,NOT_CONFIRMED_TODAY,NONE,0.85,
2021-02-24 00:00:00+00:00,DISTRIBUTION,1,2,NONE,0.85,0.9163698134236786,,True,True,True,True,True,True,False,False,False,,NOT_CONFIRMED_TODAY,NONE,0.85,
2021-02-25 00:00:00+00:00,DISTRIBUTION,1,2,NONE,0.85,0.9107387915646272,,True,True,True,True,True,True,False,False,False,,NOT_CONFIRMED_TODAY,NONE,0.85,
2021-02-26 00:00:00+00:00,DISTRIBUTION,1,2,NONE,0.85,0.9090310376974275,,True,True,True,True,True,True,False,False,False,,NOT_CONFIRMED_TODAY,NONE,0.85,
2021-02-27 00:00:00+00:00,DISTRIBUTION,1,2,NONE,0.85,0.9092348253805591,,True,True,True,True,True,True,False,False,False,,NOT_CONFIRMED_TODAY,NONE,0.85,
2021-02-28 00:00:00+00:00,DISTRIBUTION,1,2,NONE,0.85,0.9072459547408752,,True,True,True,True,True,True,False,False,False,,NOT_CONFIRMED_TODAY,NONE,0.85,
2021-03-01 00:00:00+00:00,DISTRIBUTION,1,2,NONE,0.85,0.9151198689094839,,True,True,True,True,True,True,False,False,False,,NOT_CONFIRMED_TODAY,NONE,0.85,
2021-03-02 00:00:00+00:00,DISTRIBUTION,1,2,NONE,0.85,0.9121518190978397,,True,True,True,True,True,True,False,False,False,,NOT_CONFIRMED_TODAY,NONE,0.85,
2021-03-03 00:00:00+00:00,DISTRIBUTION,1,2,NONE,0.85,0.9157186827245085,,True,True,True,True,True,True,False,False,False,,NOT_CONFIRMED_TODAY,NONE,0.85,
2021-03-04 00:00:00+00:00,DISTRIBUTION,1,2,NONE,0.85,0.9133877693584571,,True,True,True,True,True,True,False,False,False,,NOT_CONFIRMED_TODAY,NONE,0.85,
2021-03-05 00:00:00+00:00,DISTRIBUTION,1,2,NONE,0.85,0.9134622595573648,,True,True,True,True,True,True,False,False,False,,NOT_CONFIRMED_TODAY,NONE,0.85,
2021-03-06 00:00:00+00:00,DISTRIBUTION,1,2,NONE,0.85,0.9164081138469679,,True,True,True,True,True,True,False,False,False,,NOT_CONFIRMED_TODAY,NONE,0.85,
2021-03-07 00:00:00+00:00,DISTRIBUTION,1,2,NONE,0.85,0.9196753288418489,,True,True,True,True,True,True,False,False,False,,NOT_CONFIRMED_TODAY,NONE,0.85,
2021-03-08 00:00:00+00:00,DISTRIBUTION,1,2,NONE,0.85,0.9228183472871044,,True,True,True,True,True,True,False,False,False,,NOT_CONFIRMED_TODAY,NONE,0.85,
2021-03-09 00:00:00+00:00,DISTRIBUTION,1,2,NONE,0.85,0.9251979026166418,,True,True,True,True,True,True,False,False,False,,NOT_CONFIRMED_TODAY,NONE,0.85,
2021-03-10 00:00:00+00:00,DISTRIBUTION,1,2,NONE,0.85,0.9244742473697592,,True,True,True,True,True,True,False,False,False,,NOT_CONFIRMED_TODAY,NONE,0.85,
2021-03-11 00:00:00+00:00,DISTRIBUTION,1,2,NONE,0.85,0.9262707225656537,,True,True,True,True,True,True,False,False,False,,NOT_CONFIRMED_TODAY,NONE,0.85,
2021-03-12 00:00:00+00:00,DISTRIBUTION,1,2,NONE,0.85,0.9248625582125958,,True,True,True,True,True,True,False,False,False,,NOT_CONFIRMED_TODAY,NONE,0.85,
2021-03-13 00:00:00+00:00,DISTRIBUTION,1,2,NONE,0.85,0.9299312564420933,,True,True,True,True,True,True,False,False,False,,NOT_CONFIRMED_TODAY,NONE,0.85,
2021-03-14 00:00:00+00:00,DISTRIBUTION,1,2,NONE,0.85,0.9274142397890512,,True,True,True,True,True,True,False,False,False,,NOT_CONFIRMED_TODAY,NONE,0.85,
2021-03-15 00:00:00+00:00,DISTRIBUTION,1,2,NONE,0.85,0.9243104573421106,,True,True,True,True,True,True,False,False,False,,NOT_CONFIRMED_TODAY,NONE,0.85,
2021-03-16 00:00:00+00:00,DISTRIBUTION,1,2,NONE,0.85,0.9253782677442149,,True,True,True,True,True,True,False,False,False,,NOT_CONFIRMED_TODAY,NONE,0.85,
2021-03-17 00:00:00+00:00,DISTRIBUTION,1,2,NONE,0.85,0.9269818059297135,,True,True,True,True,True,True,False,False,False,,NOT_CONFIRMED_TODAY,NONE,0.85,
2021-03-18 00:00:00+00:00,DISTRIBUTION,1,2,NONE,0.85,0.9253563997034409,,True,True,True,True,True,True,False,False,False,,NOT_CONFIRMED_TODAY,NONE,0.85,
2021-03-19 00:00:00+00:00,DISTRIBUTION,1,2,NONE,0.85,0.9261899519395784,,True,True,True,True,True,True,False,False,False,,NOT_CONFIRMED_TODAY,NONE,0.85,
2021-03-20 00:00:00+00:00,DISTRIBUTION,1,2,NONE,0.85,0.9261892507041481,,True,True,True,True,True,True,False,False,False,,NOT_CONFIRMED_TODAY,NONE,0.85,
2021-03-21 00:00:00+00:00,DISTRIBUTION,1,2,NONE,0.85,0.9253051987299057,,True,True,True,True,True,True,False,False,False,,NOT_CONFIRMED_TODAY,NONE,0.85,
2021-03-22 00:00:00+00:00,DISTRIBUTION,1,2,NONE,0.85,0.9211456840620686,,True,True,True,True,True,True,False,False,False,,NOT_CONFIRMED_TODAY,NONE,0.85,
2021-03-23 00:00:00+00:00,DISTRIBUTION,1,2,NONE,0.85,0.9210820760407445,,True,True,True,True,True,True,False,False,False,,NOT_CONFIRMED_TODAY,NONE,0.85,
2021-03-24 00:00:00+00:00,DISTRIBUTION,1,2,NONE,0.85,0.9177558690558091,,True,True,True,True,True,True,False,False,False,,NOT_CONFIRMED_TODAY,NONE,0.85,
2021-03-25 00:00:00+00:00,DISTRIBUTION,1,2,NONE,0.85,0.9170460403603929,,True,True,True,True,True,True,False,False,False,,NOT_CONFIRMED_TODAY,NONE,0.85,
2021-03-26 00:00:00+00:00,DISTRIBUTION,1,2,NONE,0.85,0.9221972097795448,,True,True,True,True,True,True,False,False,False,,NOT_CONFIRMED_TODAY,NONE,0.85,
2021-03-27 00:00:00+00:00,DISTRIBUTION,1,2,NONE,0.85,0.9230206598776638,,True,True,True,True,True,True,False,False,False,,NOT_CONFIRMED_TODAY,NONE,0.85,
2021-03-28 00:00:00+00:00,DISTRIBUTION,1,2,NONE,0.85,0.9225100680317084,,True,True,True,True,True,True,False,False,False,,NOT_CONFIRMED_TODAY,NONE,0.85,
2021-03-29 00:00:00+00:00,DISTRIBUTION,1,2,NONE,0.85,0.9261345955901423,,True,True,True,True,True,True,False,False,False,,NOT_CONFIRMED_TODAY,NONE,0.85,
2021-03-30 00:00:00+00:00,DISTRIBUTION,1,2,NONE,0.85,0.9272448169452137,,True,True,True,True,True,True,False,False,False,,NOT_CONFIRMED_TODAY,NONE,0.85,
2021-03-31 00:00:00+00:00,DISTRIBUTION,1,2,NONE,0.85,0.9285608571432081,,True,True,True,True,True,True,False,False,False,,NOT_CONFIRMED_TODAY,NONE,0.85,
2021-04-01 00:00:00+00:00,DISTRIBUTION,1,2,NONE,0.85,0.929341745951802,,True,True,True,True,True,True,False,False,False,,NOT_CONFIRMED_TODAY,NONE,0.85,
2021-04-02 00:00:00+00:00,DISTRIBUTION,1,2,NONE,0.85,0.9320243831981461,,True,True,True,True,True,True,False,False,False,,NOT_CONFIRMED_TODAY,NONE,0.85,
2021-04-03 00:00:00+00:00,DISTRIBUTION,1,2,NONE,0.85,0.9290267809566823,,True,True,True,True,True,True,False,False,False,,NOT_CONFIRMED_TODAY,NONE,0.85,
2021-04-04 00:00:00+00:00,DISTRIBUTION,1,2,NONE,0.85,0.9307492045365282,,True,True,True,True,True,True,False,False,False,,NOT_CONFIRMED_TODAY,NONE,0.85,
2021-04-05 00:00:00+00:00,DISTRIBUTION,1,2,NONE,0.85,0.9317460420885854,,True,True,True,True,True,True,False,False,False,,NOT_CONFIRMED_TODAY,NONE,0.85,
2021-04-06 00:00:00+00:00,DISTRIBUTION,1,2,NONE,0.85,0.9311997616760872,,True,True,True,True,True,True,False,False,False,,NOT_CONFIRMED_TODAY,NONE,0.85,
2021-04-07 00:00:00+00:00,DISTRIBUTION,1,2,NONE,0.85,0.9276492809940324,,True,True,True,True,True,True,False,False,False,,NOT_CONFIRMED_TODAY,NONE,0.85,
2021-04-08 00:00:00+00:00,DISTRIBUTION,1,2,NONE,0.85,0.9307738133130203,,True,True,True,True,True,True,False,False,False,,NOT_CONFIRMED_TODAY,NONE,0.85,
2021-04-09 00:00:00+00:00,DISTRIBUTION,1,2,NONE,0.85,0.9306063349560275,,True,True,True,True,True,True,False,False,False,,NOT_CONFIRMED_TODAY,NONE,0.85,
2021-04-10 00:00:00+00:00,DISTRIBUTION,1,2,NONE,0.85,0.9325007376257282,,True,True,True,True,True,True,False,False,False,,NOT_CONFIRMED_TODAY,NONE,0.85,
2021-04-11 00:00:00+00:00,DISTRIBUTION,1,2,NONE,0.85,0.9328884531516634,,True,True,True,True,True,True,False,False,False,,NOT_CONFIRMED_TODAY,NONE,0.85,
2021-04-12 00:00:00+00:00,DISTRIBUTION,1,2,NONE,0.85,0.932620056546166,,True,True,True,True,True,True,False,False,False,,NOT_CONFIRMED_TODAY,NONE,0.85,
2021-04-13 00:00:00+00:00,DISTRIBUTION,1,2,NONE,0.85,0.9366836263645387,,True,True,True,True,True,True,False,False,False,,NOT_CONFIRMED_TODAY,NONE,0.85,
2021-04-14 00:00:00+00:00,DISTRIBUTION,1,2,NONE,0.85,0.9380816324846002,,True,True,True,True,True,True,False,False,False,,NOT_CONFIRMED_TODAY,NONE,0.85,
2021-04-15 00:00:00+00:00,DISTRIBUTION,1,2,NONE,0.85,0.9391569220092849,,True,True,True,True,True,True,False,False,False,,NOT_CONFIRMED_TODAY,NONE,0.85,
2021-04-16 00:00:00+00:00,DISTRIBUTION,1,2,NONE,0.85,0.9372284114070084,,True,True,True,True,True,True,False,False,False,,NOT_CONFIRMED_TODAY,NONE,0.85,
2021-04-17 00:00:00+00:00,DISTRIBUTION,1,2,NONE,0.85,0.9352330603699,,True,True,True,True,True,True,False,False,False,,NOT_CONFIRMED_TODAY,NONE,0.85,
2021-04-18 00:00:00+00:00,DISTRIBUTION,1,2,NONE,0.85,0.9321004388154748,,True,True,True,True,True,True,False,False,False,,NOT_CONFIRMED_TODAY,NONE,0.85,
2021-04-19 00:00:00+00:00,DISTRIBUTION,1,2,NONE,0.85,0.9306976465245056,,True,True,True,True,False,True,False,False,False,,NOT_CONFIRMED_TODAY,NONE,0.85,
2021-04-20 00:00:00+00:00,DISTRIBUTION,1,2,NONE,0.85,0.9336182533095667,,True,True,True,True,False,True,False,False,False,,NOT_CONFIRMED_TODAY,NONE,0.85,
2021-04-21 00:00:00+00:00,EARLY_BEAR,2,2,NONE,0.7,0.6973187876840229,STAGE2_SELL:EXECUTED,True,True,True,True,False,True,False,False,False,STAGE2_SELL:EXECUTED,NOT_CONFIRMED_TODAY,STAGE_RISK_SELL,0.7,21
2021-04-22 00:00:00+00:00,EARLY_BEAR,2,2,NONE,0.7,0.6962074336067824,,True,True,True,True,False,True,False,False,False,,NOT_CONFIRMED_TODAY,NONE,0.7,
2021-04-23 00:00:00+00:00,EARLY_BEAR,2,2,NONE,0.7,0.693662425742062,,True,True,True,True,False,True,False,False,False,,NOT_CONFIRMED_TODAY,NONE,0.7,
2021-04-24 00:00:00+00:00,EARLY_BEAR,2,2,NONE,0.7,0.6831540590900465,,True,True,True,True,False,True,False,False,False,,NOT_CONFIRMED_TODAY,NONE,0.7,
2021-04-25 00:00:00+00:00,EARLY_BEAR,2,2,NONE,0.7,0.6876889840417632,,True,True,True,True,False,True,False,False,False,,NOT_CONFIRMED_TODAY,NONE,0.7,
2021-04-26 00:00:00+00:00,EARLY_BEAR,2,2,NONE,0.7,0.7068496224820564,,True,True,True,True,False,True,False,False,False,,NOT_CONFIRMED_TODAY,NONE,0.7,
2021-04-27 00:00:00+00:00,EARLY_BEAR,2,2,NONE,0.7,0.7148443622104419,,True,True,True,True,False,True,False,False,False,,NOT_CONFIRMED_TODAY,NONE,0.7,
2021-04-28 00:00:00+00:00,EARLY_BEAR,2,2,NONE,0.7,0.7184808611485051,,True,True,True,True,False,True,False,False,False,,NOT_CONFIRMED_TODAY,NONE,0.7,
2021-04-29 00:00:00+00:00,EARLY_BEAR,2,2,NONE,0.7,0.7171314408253794,,True,True,True,True,False,True,False,False,False,,NOT_CONFIRMED_TODAY,NONE,0.7,
2021-04-30 00:00:00+00:00,EARLY_BEAR,2,2,NONE,0.7,0.7234522787718899,,True,True,True,True,False,True,False,False,False,,NOT_CONFIRMED_TODAY,NONE,0.7,
2021-05-01 00:00:00+00:00,EARLY_BEAR,2,2,NONE,0.7,0.7310874063236474,,True,True,True,True,True,True,False,False,False,,NOT_CONFIRMED_TODAY,NONE,0.7,
2021-05-02 00:00:00+00:00,EARLY_BEAR,2,2,NONE,0.7,0.7297715246081938,,True,True,True,True,True,True,False,False,False,,NOT_CONFIRMED_TODAY,NONE,0.7,
2021-05-03 00:00:00+00:00,EARLY_BEAR,2,2,NONE,0.7,0.7495024240321085,,True,True,True,True,False,True,False,False,False,,NOT_CONFIRMED_TODAY,NONE,0.7,
2021-05-04 00:00:00+00:00,DISTRIBUTION,1,2,NONE,0.85,0.7376363242248323,EARLY_BEAR_TO_DISTRIBUTION,True,True,False,True,True,True,False,False,False,EARLY_BEAR_TO_DISTRIBUTION,NOT_CONFIRMED_TODAY,NONE,0.85,
2021-05-05 00:00:00+00:00,DISTRIBUTION,1,2,NONE,0.85,0.7531824729691496,,True,True,False,True,False,True,False,False,False,,NOT_CONFIRMED_TODAY,NONE,0.85,
2021-05-06 00:00:00+00:00,DISTRIBUTION,1,2,NONE,0.85,0.7508477910333828,,True,True,False,True,True,True,False,False,False,,NOT_CONFIRMED_TODAY,NONE,0.85,
2021-05-07 00:00:00+00:00,DISTRIBUTION,1,2,NONE,0.85,0.7514821214827948,,True,True,False,True,False,True,False,False,False,,NOT_CONFIRMED_TODAY,NONE,0.85,
2021-05-08 00:00:00+00:00,DISTRIBUTION,1,2,NONE,0.85,0.767566201144245,,True,True,False,True,True,True,False,False,False,,NOT_CONFIRMED_TODAY,NONE,0.85,
2021-05-09 00:00:00+00:00,DISTRIBUTION,1,2,NONE,0.85,0.7674293182974475,,True,True,False,True,True,True,False,False,False,,NOT_CONFIRMED_TODAY,NONE,0.85,
2021-05-10 00:00:00+00:00,DISTRIBUTION,1,2,NONE,0.85,0.7658503483952461,,True,True,False,True,True,True,False,False,False,,NOT_CONFIRMED_TODAY,NONE,0.85,
2021-05-11 00:00:00+00:00,DISTRIBUTION,1,2,NONE,0.85,0.7736861120700849,,True,True,False,True,False,True,False,False,False,,NOT_CONFIRMED_TODAY,NONE,0.85,
2021-05-12 00:00:00+00:00,DISTRIBUTION,1,2,NONE,0.85,0.7556427458300659,,True,True,False,True,False,True,False,False,False,,NOT_CONFIRMED_TODAY,NONE,0.85,
2021-05-13 00:00:00+00:00,DISTRIBUTION,1,2,NONE,0.85,0.751974205047585,,True,True,False,True,False,True,False,False,False,,NOT_CONFIRMED_TODAY,NONE,0.85,
2021-05-14 00:00:00+00:00,DISTRIBUTION,1,2,NONE,0.85,0.7643431231533658,,True,True,False,True,False,True,False,False,False,,NOT_CONFIRMED_TODAY,NONE,0.85,
2021-05-15 00:00:00+00:00,EARLY_BEAR,2,2,NONE,0.7,0.6786564088088249,STAGE2_SELL:EXECUTED,True,True,False,True,False,True,False,False,False,STAGE2_SELL:EXECUTED,NOT_CONFIRMED_TODAY,STAGE_RISK_SELL,0.7,22
2021-05-16 00:00:00+00:00,EARLY_BEAR,2,2,NONE,0.7,0.6753410224216506,,True,True,False,True,False,True,False,False,False,,NOT_CONFIRMED_TODAY,NONE,0.7,
2021-05-17 00:00:00+00:00,EARLY_BEAR,2,2,NONE,0.7,0.6572061062264393,,True,True,False,True,False,True,False,False,False,,NOT_CONFIRMED_TODAY,NONE,0.7,
2021-05-18 00:00:00+00:00,EARLY_BEAR,2,2,LEVEL1_ACTIVE_OR_RAW,0.7,0.661069757143898,CRASH_L1:EXPOSURE_GAP_BELOW_5PP,True,True,False,True,False,False,False,True,False,CRASH_L1:EXPOSURE_GAP_BELOW_5PP,NOT_CONFIRMED_TODAY,NONE,0.7,
2021-05-19 00:00:00+00:00,EARLY_BEAR,2,2,LEVEL1_ACTIVE_OR_RAW,0.7,0.595531611021467,,True,True,False,True,False,False,False,False,False,,NOT_CONFIRMED_TODAY,NONE,0.7,
2021-05-20 00:00:00+00:00,EARLY_BEAR,2,2,LEVEL2_RAW,0.7,0.5303358167511968,CRASH_L2:EXECUTED,True,True,False,True,False,False,False,True,True,CRASH_L2:EXECUTED,NOT_CONFIRMED_TODAY,CRASH_SELL,0.5,23
2021-05-21 00:00:00+00:00,EARLY_BEAR,2,2,LEVEL1_ACTIVE_OR_RAW,0.7,0.500248155145471,,True,True,False,True,False,False,False,False,False,,NOT_CONFIRMED_TODAY,NONE,0.7,
2021-05-22 00:00:00+00:00,EARLY_BEAR,2,2,LEVEL1_ACTIVE_OR_RAW,0.7,0.48925907414375824,,True,True,False,True,False,False,False,True,False,,NOT_CONFIRMED_TODAY,NONE,0.7,
2021-05-23 00:00:00+00:00,BEAR,3,2,LEVEL1_ACTIVE_OR_RAW,0.55,0.4674458941159662,STAGE3_SELL:NOTIONAL_BELOW_GUARD,False,True,False,True,False,False,False,False,False,STAGE3_SELL:NOTIONAL_BELOW_GUARD,NOT_CONFIRMED_TODAY,NONE,0.55,
2021-05-24 00:00:00+00:00,BEAR,3,2,LEVEL2_RAW,0.55,0.5194549708019294,,False,True,False,True,False,False,False,True,True,,NOT_CONFIRMED_TODAY,NONE,0.55,
2021-05-25 00:00:00+00:00,DEEP_BEAR,4,2,LEVEL1_ACTIVE_OR_RAW,0.25,0.2540858255319552,STAGE4_SELL:EXECUTED,False,True,False,True,False,False,False,False,False,STAGE4_SELL:EXECUTED,NOT_CONFIRMED_TODAY,STAGE_RISK_SELL,0.25,24
2021-05-26 00:00:00+00:00,BEAR,3,2,LEVEL1_ACTIVE_OR_RAW,0.55,0.2665260725942348,DEEP_BEAR_TO_BEAR_NO_AUTO_BUY,False,True,False,True,False,False,False,False,False,DEEP_BEAR_TO_BEAR_NO_AUTO_BUY,NOT_CONFIRMED_TODAY,NONE,0.55,
2021-05-27 00:00:00+00:00,DEEP_BEAR,4,2,LEVEL1_ACTIVE_OR_RAW,0.25,0.25678412648429194,STAGE4_SELL:EXPOSURE_GAP_BELOW_5PP,False,True,False,True,False,False,False,False,False,STAGE4_SELL:EXPOSURE_GAP_BELOW_5PP,NOT_CONFIRMED_TODAY,NONE,0.25,
2021-05-28 00:00:00+00:00,BEAR,3,2,NONE,0.55,0.23314020434898963,DEEP_BEAR_TO_BEAR_NO_AUTO_BUY,False,True,False,True,False,False,False,False,False,DEEP_BEAR_TO_BEAR_NO_AUTO_BUY,NOT_CONFIRMED_TODAY,NONE,0.55,
2021-05-29 00:00:00+00:00,DEEP_BEAR,4,2,NONE,0.25,0.22319050856469755,STAGE4_SELL:EXPOSURE_GAP_BELOW_5PP,False,True,False,True,False,False,False,False,False,STAGE4_SELL:EXPOSURE_GAP_BELOW_5PP,NOT_CONFIRMED_TODAY,NONE,0.25,
2021-05-30 00:00:00+00:00,BEAR,3,2,NONE,0.55,0.23131769265992183,DEEP_BEAR_TO_BEAR_NO_AUTO_BUY,False,True,False,True,False,False,False,False,False,DEEP_BEAR_TO_BEAR_NO_AUTO_BUY,NOT_CONFIRMED_TODAY,NONE,0.55,
2021-05-31 00:00:00+00:00,DEEP_BEAR,4,2,NONE,0.25,0.2544873024884252,STAGE4_SELL:EXPOSURE_GAP_BELOW_5PP,False,True,False,True,False,False,False,False,False,STAGE4_SELL:EXPOSURE_GAP_BELOW_5PP,NOT_CONFIRMED_TODAY,NONE,0.25,
2021-06-01 00:00:00+00:00,BEAR,3,2,NONE,0.55,0.24949503861680455,DEEP_BEAR_TO_BEAR_NO_AUTO_BUY,False,True,False,True,False,False,False,False,False,DEEP_BEAR_TO_BEAR_NO_AUTO_BUY,NOT_CONFIRMED_TODAY,NONE,0.55,
2021-06-02 00:00:00+00:00,DEEP_BEAR,4,2,NONE,0.25,0.2546061680786256,STAGE4_SELL:EXPOSURE_GAP_BELOW_5PP,False,True,False,True,False,False,False,False,False,STAGE4_SELL:EXPOSURE_GAP_BELOW_5PP,NOT_CONFIRMED_TODAY,NONE,0.25,
2021-06-03 00:00:00+00:00,BEAR,3,2,NONE,0.55,0.2650976454785211,DEEP_BEAR_TO_BEAR_NO_AUTO_BUY,False,True,False,True,False,False,False,False,False,DEEP_BEAR_TO_BEAR_NO_AUTO_BUY,NOT_CONFIRMED_TODAY,NONE,0.55,
2021-06-04 00:00:00+00:00,DEEP_BEAR,4,2,NONE,0.25,0.25353266497136717,STAGE4_SELL:EXPOSURE_GAP_BELOW_5PP,False,True,False,True,False,False,False,False,False,STAGE4_SELL:EXPOSURE_GAP_BELOW_5PP,NOT_CONFIRMED_TODAY,NONE,0.25,
2021-06-05 00:00:00+00:00,BEAR,3,2,NONE,0.55,0.24920574940382917,DEEP_BEAR_TO_BEAR_NO_AUTO_BUY,False,True,False,True,False,False,False,False,False,DEEP_BEAR_TO_BEAR_NO_AUTO_BUY,NOT_CONFIRMED_TODAY,NONE,0.55,
2021-06-06 00:00:00+00:00,DEEP_BEAR,4,2,NONE,0.25,0.2551919836289958,STAGE4_SELL:EXPOSURE_GAP_BELOW_5PP,False,True,False,True,False,False,False,False,False,STAGE4_SELL:EXPOSURE_GAP_BELOW_5PP,NOT_CONFIRMED_TODAY,NONE,0.25,
2021-06-07 00:00:00+00:00,BEAR,3,2,NONE,0.55,0.24673395861371764,DEEP_BEAR_TO_BEAR_NO_AUTO_BUY,False,True,False,True,False,False,False,False,False,DEEP_BEAR_TO_BEAR_NO_AUTO_BUY,NOT_CONFIRMED_TODAY,NONE,0.55,
2021-06-08 00:00:00+00:00,DEEP_BEAR,4,2,NONE,0.25,0.2406798189483584,STAGE4_SELL:EXPOSURE_GAP_BELOW_5PP,False,True,False,True,False,False,False,False,False,STAGE4_SELL:EXPOSURE_GAP_BELOW_5PP,NOT_CONFIRMED_TODAY,NONE,0.25,
2021-06-09 00:00:00+00:00,BEAR,3,2,NONE,0.55,0.2482291515081157,DEEP_BEAR_TO_BEAR_NO_AUTO_BUY,False,True,False,True,False,False,False,False,False,DEEP_BEAR_TO_BEAR_NO_AUTO_BUY,NOT_CONFIRMED_TODAY,NONE,0.55,
2021-06-10 00:00:00+00:00,DEEP_BEAR,4,2,NONE,0.25,0.23824034797732177,STAGE4_SELL:EXPOSURE_GAP_BELOW_5PP,False,True,False,True,False,False,False,False,False,STAGE4_SELL:EXPOSURE_GAP_BELOW_5PP,NOT_CONFIRMED_TODAY,NONE,0.25,
2021-06-11 00:00:00+00:00,BEAR,3,2,NONE,0.55,0.22966674629429104,DEEP_BEAR_TO_BEAR_NO_AUTO_BUY,False,True,False,True,False,False,False,False,False,DEEP_BEAR_TO_BEAR_NO_AUTO_BUY,NOT_CONFIRMED_TODAY,NONE,0.55,
2021-06-12 00:00:00+00:00,DEEP_BEAR,4,2,NONE,0.25,0.23092161308710288,STAGE4_SELL:EXPOSURE_GAP_BELOW_5PP,False,True,False,True,False,False,False,False,False,STAGE4_SELL:EXPOSURE_GAP_BELOW_5PP,NOT_CONFIRMED_TODAY,NONE,0.25,
2021-06-13 00:00:00+00:00,BEAR,3,2,NONE,0.55,0.2412668277134826,DEEP_BEAR_TO_BEAR_NO_AUTO_BUY,False,True,False,True,False,True,False,False,False,DEEP_BEAR_TO_BEAR_NO_AUTO_BUY,NOT_CONFIRMED_TODAY,NONE,0.55,
2021-06-14 00:00:00+00:00,DEEP_BEAR,4,2,NONE,0.25,0.24651149013813986,STAGE4_SELL:EXPOSURE_GAP_BELOW_5PP,False,True,False,True,False,True,False,False,False,STAGE4_SELL:EXPOSURE_GAP_BELOW_5PP,NOT_CONFIRMED_TODAY,NONE,0.25,
2021-06-15 00:00:00+00:00,BEAR,3,2,NONE,0.55,0.2438852412094414,DEEP_BEAR_TO_BEAR_NO_AUTO_BUY,False,True,False,True,False,True,False,False,False,DEEP_BEAR_TO_BEAR_NO_AUTO_BUY,NOT_CONFIRMED_TODAY,NONE,0.55,
2021-06-16 00:00:00+00:00,DEEP_BEAR,4,2,NONE,0.25,0.23102286346195317,STAGE4_SELL:EXPOSURE_GAP_BELOW_5PP,False,True,False,True,False,True,False,False,False,STAGE4_SELL:EXPOSURE_GAP_BELOW_5PP,NOT_CONFIRMED_TODAY,NONE,0.25,
2021-06-17 00:00:00+00:00,BEAR,3,2,NONE,0.55,0.23147202939513514,DEEP_BEAR_TO_BEAR_NO_AUTO_BUY,False,True,False,True,False,True,False,False,False,DEEP_BEAR_TO_BEAR_NO_AUTO_BUY,NOT_CONFIRMED_TODAY,NONE,0.55,
2021-06-18 00:00:00+00:00,DEEP_BEAR,4,2,NONE,0.25,0.22095216593231745,STAGE4_SELL:EXPOSURE_GAP_BELOW_5PP,False,True,False,True,False,True,False,False,False,STAGE4_SELL:EXPOSURE_GAP_BELOW_5PP,NOT_CONFIRMED_TODAY,NONE,0.25,
2021-06-19 00:00:00+00:00,BEAR,3,2,NONE,0.55,0.21565788368836977,DEEP_BEAR_TO_BEAR_NO_AUTO_BUY,False,True,False,True,False,True,False,False,False,DEEP_BEAR_TO_BEAR_NO_AUTO_BUY,NOT_CONFIRMED_TODAY,NONE,0.55,
2021-06-20 00:00:00+00:00,DEEP_BEAR,4,2,NONE,0.25,0.22177770902297272,STAGE4_SELL:EXPOSURE_GAP_BELOW_5PP,False,True,False,False,False,True,False,False,False,STAGE4_SELL:EXPOSURE_GAP_BELOW_5PP,NOT_CONFIRMED_TODAY,NONE,0.25,
2021-06-21 00:00:00+00:00,BEAR,3,2,NONE,0.55,0.1933680488435854,DEEP_BEAR_TO_BEAR_NO_AUTO_BUY,False,True,False,False,False,True,False,False,False,DEEP_BEAR_TO_BEAR_NO_AUTO_BUY,NOT_CONFIRMED_TODAY,NONE,0.55,
2021-06-22 00:00:00+00:00,DEEP_BEAR,4,2,LEVEL1_ACTIVE_OR_RAW,0.25,0.19296677266760254,STAGE4_SELL:NOTIONAL_BELOW_GUARD|CRASH_L1:NOTIONAL_BELOW_GUARD,False,True,False,False,False,False,False,True,False,STAGE4_SELL:NOTIONAL_BELOW_GUARD|CRASH_L1:NOTIONAL_BELOW_GUARD,NOT_CONFIRMED_TODAY,NONE,0.25,
2021-06-23 00:00:00+00:00,BEAR,3,2,LEVEL1_ACTIVE_OR_RAW,0.55,0.20030859536631535,DEEP_BEAR_TO_BEAR_NO_AUTO_BUY,False,True,False,False,False,False,False,False,False,DEEP_BEAR_TO_BEAR_NO_AUTO_BUY,NOT_CONFIRMED_TODAY,NONE,0.55,
2021-06-24 00:00:00+00:00,DEEP_BEAR,4,2,LEVEL1_ACTIVE_OR_RAW,0.25,0.20214069944733704,STAGE4_SELL:EXPOSURE_GAP_BELOW_5PP,False,True,False,False,False,False,False,False,False,STAGE4_SELL:EXPOSURE_GAP_BELOW_5PP,NOT_CONFIRMED_TODAY,NONE,0.25,
2021-06-25 00:00:00+00:00,BEAR,3,2,LEVEL1_ACTIVE_OR_RAW,0.55,0.18728375395373087,DEEP_BEAR_TO_BEAR_NO_AUTO_BUY,False,True,False,False,False,False,False,False,False,DEEP_BEAR_TO_BEAR_NO_AUTO_BUY,NOT_CONFIRMED_TODAY,NONE,0.55,
2021-06-26 00:00:00+00:00,DEEP_BEAR,4,2,LEVEL1_ACTIVE_OR_RAW,0.25,0.18911789395964518,STAGE4_SELL:NOTIONAL_BELOW_GUARD,False,True,False,False,False,False,False,False,False,STAGE4_SELL:NOTIONAL_BELOW_GUARD,NOT_CONFIRMED_TODAY,NONE,0.25,
2021-06-27 00:00:00+00:00,BEAR,3,2,LEVEL1_ACTIVE_OR_RAW,0.55,0.20176255251046177,DEEP_BEAR_TO_BEAR_NO_AUTO_BUY,False,True,False,False,False,False,False,False,False,DEEP_BEAR_TO_BEAR_NO_AUTO_BUY,NOT_CONFIRMED_TODAY,NONE,0.55,
2021-06-28 00:00:00+00:00,DEEP_BEAR,4,2,LEVEL1_ACTIVE_OR_RAW,0.25,0.20992038120091164,STAGE4_SELL:EXPOSURE_GAP_BELOW_5PP,False,True,False,False,False,False,False,False,False,STAGE4_SELL:EXPOSURE_GAP_BELOW_5PP,NOT_CONFIRMED_TODAY,NONE,0.25,
2021-06-29 00:00:00+00:00,BEAR,3,2,LEVEL1_ACTIVE_OR_RAW,0.55,0.21637232151997354,DEEP_BEAR_TO_BEAR_NO_AUTO_BUY,False,True,False,False,False,False,False,False,False,DEEP_BEAR_TO_BEAR_NO_AUTO_BUY,NOT_CONFIRMED_TODAY,NONE,0.55,
2021-06-30 00:00:00+00:00,DEEP_BEAR,4,2,LEVEL1_ACTIVE_OR_RAW,0.25,0.2248187334771189,STAGE4_SELL:EXPOSURE_GAP_BELOW_5PP,False,True,False,False,False,False,False,False,False,STAGE4_SELL:EXPOSURE_GAP_BELOW_5PP,NOT_CONFIRMED_TODAY,NONE,0.25,
2021-07-01 00:00:00+00:00,BEAR,3,2,LEVEL1_ACTIVE_OR_RAW,0.55,0.21176372306647046,DEEP_BEAR_TO_BEAR_NO_AUTO_BUY,False,True,False,False,False,False,False,False,False,DEEP_BEAR_TO_BEAR_NO_AUTO_BUY,NOT_CONFIRMED_TODAY,NONE,0.55,
2021-07-02 00:00:00+00:00,DEEP_BEAR,4,2,NONE,0.25,0.21555775999972135,STAGE4_SELL:EXPOSURE_GAP_BELOW_5PP,False,True,False,False,False,False,False,False,False,STAGE4_SELL:EXPOSURE_GAP_BELOW_5PP,NOT_CONFIRMED_TODAY,NONE,0.25,
2021-07-03 00:00:00+00:00,BEAR,3,2,NONE,0.55,0.2212783001802467,DEEP_BEAR_TO_BEAR_NO_AUTO_BUY,False,True,False,False,False,False,False,False,False,DEEP_BEAR_TO_BEAR_NO_AUTO_BUY,NOT_CONFIRMED_TODAY,NONE,0.55,
2021-07-04 00:00:00+00:00,DEEP_BEAR,4,2,NONE,0.25,0.22861420945776292,STAGE4_SELL:EXPOSURE_GAP_BELOW_5PP,False,True,False,False,False,False,False,False,False,STAGE4_SELL:EXPOSURE_GAP_BELOW_5PP,NOT_CONFIRMED_TODAY,NONE,0.25,
2021-07-05 00:00:00+00:00,BEAR,3,2,NONE,0.55,0.21899601948918956,DEEP_BEAR_TO_BEAR_NO_AUTO_BUY,False,True,False,False,False,False,False,False,False,DEEP_BEAR_TO_BEAR_NO_AUTO_BUY,NOT_CONFIRMED_TODAY,NONE,0.55,
2021-07-06 00:00:00+00:00,DEEP_BEAR,4,2,NONE,0.25,0.22864488884336542,STAGE4_SELL:EXPOSURE_GAP_BELOW_5PP,False,True,False,False,False,False,False,False,False,STAGE4_SELL:EXPOSURE_GAP_BELOW_5PP,NOT_CONFIRMED_TODAY,NONE,0.25,
2021-07-07 00:00:00+00:00,BEAR,3,2,NONE,0.55,0.22823228688036054,DEEP_BEAR_TO_BEAR_NO_AUTO_BUY,False,True,False,False,False,False,False,False,False,DEEP_BEAR_TO_BEAR_NO_AUTO_BUY,NOT_CONFIRMED_TODAY,NONE,0.55,
2021-07-08 00:00:00+00:00,DEEP_BEAR,4,2,NONE,0.25,0.21290707464481456,STAGE4_SELL:EXPOSURE_GAP_BELOW_5PP,False,True,False,False,False,False,False,False,False,STAGE4_SELL:EXPOSURE_GAP_BELOW_5PP,NOT_CONFIRMED_TODAY,NONE,0.25,
2021-07-09 00:00:00+00:00,BEAR,3,2,NONE,0.55,0.21542431925625266,DEEP_BEAR_TO_BEAR_NO_AUTO_BUY,False,True,False,False,False,False,False,False,False,DEEP_BEAR_TO_BEAR_NO_AUTO_BUY,NOT_CONFIRMED_TODAY,NONE,0.55,
2021-07-10 00:00:00+00:00,DEEP_BEAR,4,2,NONE,0.25,0.2126372512406575,STAGE4_SELL:EXPOSURE_GAP_BELOW_5PP,False,True,False,False,False,False,False,False,False,STAGE4_SELL:EXPOSURE_GAP_BELOW_5PP,NOT_CONFIRMED_TODAY,NONE,0.25,
2021-07-11 00:00:00+00:00,BEAR,3,2,NONE,0.55,0.2150749219979734,DEEP_BEAR_TO_BEAR_NO_AUTO_BUY,False,True,False,False,False,False,False,False,False,DEEP_BEAR_TO_BEAR_NO_AUTO_BUY,NOT_CONFIRMED_TODAY,NONE,0.55,
2021-07-12 00:00:00+00:00,DEEP_BEAR,4,2,NONE,0.25,0.2065019632521489,STAGE4_SELL:EXPOSURE_GAP_BELOW_5PP,False,True,False,False,False,True,False,False,False,STAGE4_SELL:EXPOSURE_GAP_BELOW_5PP,NOT_CONFIRMED_TODAY,NONE,0.25,
2021-07-13 00:00:00+00:00,BEAR,3,2,NONE,0.55,0.19921988212980593,DEEP_BEAR_TO_BEAR_NO_AUTO_BUY,False,True,False,False,False,True,False,False,False,DEEP_BEAR_TO_BEAR_NO_AUTO_BUY,NOT_CONFIRMED_TODAY,NONE,0.55,
2021-07-14 00:00:00+00:00,DEEP_BEAR,4,2,NONE,0.25,0.20366083863502507,STAGE4_SELL:NOTIONAL_BELOW_GUARD,False,True,False,False,False,True,False,False,False,STAGE4_SELL:NOTIONAL_BELOW_GUARD,NOT_CONFIRMED_TODAY,NONE,0.25,
2021-07-15 00:00:00+00:00,BEAR,3,2,NONE,0.55,0.19759945616089597,DEEP_BEAR_TO_BEAR_NO_AUTO_BUY,False,True,False,False,False,True,False,False,False,DEEP_BEAR_TO_BEAR_NO_AUTO_BUY,NOT_CONFIRMED_TODAY,NONE,0.55,
2021-07-16 00:00:00+00:00,DEEP_BEAR,4,2,NONE,0.25,0.19409463692819162,STAGE4_SELL:NOTIONAL_BELOW_GUARD,False,True,False,False,False,True,True,False,False,STAGE4_SELL:NOTIONAL_BELOW_GUARD,NOT_CONFIRMED_TODAY,NONE,0.25,
2021-07-17 00:00:00+00:00,BEAR,3,2,NONE,0.55,0.19607371083797165,DEEP_BEAR_TO_BEAR_NO_AUTO_BUY,False,True,False,False,False,True,False,False,False,DEEP_BEAR_TO_BEAR_NO_AUTO_BUY,NOT_CONFIRMED_TODAY,NONE,0.55,
2021-07-18 00:00:00+00:00,DEEP_BEAR,4,2,NONE,0.25,0.19551530151092075,STAGE4_SELL:NOTIONAL_BELOW_GUARD,False,True,False,False,False,True,False,False,False,STAGE4_SELL:NOTIONAL_BELOW_GUARD,NOT_CONFIRMED_TODAY,NONE,0.25,
2021-07-19 00:00:00+00:00,BEAR,3,2,NONE,0.55,0.18949951628979314,DEEP_BEAR_TO_BEAR_NO_AUTO_BUY,False,True,False,False,False,True,False,False,False,DEEP_BEAR_TO_BEAR_NO_AUTO_BUY,NOT_CONFIRMED_TODAY,NONE,0.55,
2021-07-20 00:00:00+00:00,DEEP_BEAR,4,2,NONE,0.25,0.18674193482366885,STAGE4_SELL:NOTIONAL_BELOW_GUARD,False,True,False,False,False,True,False,False,False,STAGE4_SELL:NOTIONAL_BELOW_GUARD,NOT_CONFIRMED_TODAY,NONE,0.25,
2021-07-21 00:00:00+00:00,BEAR,3,2,NONE,0.55,0.20411981689014252,DEEP_BEAR_TO_BEAR_NO_AUTO_BUY,False,True,False,False,False,True,False,False,False,DEEP_BEAR_TO_BEAR_NO_AUTO_BUY,NOT_CONFIRMED_TODAY,NONE,0.55,
2021-07-22 00:00:00+00:00,DEEP_BEAR,4,2,NONE,0.25,0.20650690574159608,STAGE4_SELL:EXPOSURE_GAP_BELOW_5PP,False,True,False,False,False,True,False,False,False,STAGE4_SELL:EXPOSURE_GAP_BELOW_5PP,NOT_CONFIRMED_TODAY,NONE,0.25,
2021-07-23 00:00:00+00:00,BEAR,3,2,NONE,0.55,0.2145320768220213,DEEP_BEAR_TO_BEAR_NO_AUTO_BUY,False,True,False,False,False,True,False,False,False,DEEP_BEAR_TO_BEAR_NO_AUTO_BUY,NOT_CONFIRMED_TODAY,NONE,0.55,
2021-07-24 00:00:00+00:00,DEEP_BEAR,4,2,NONE,0.25,0.21932810661544674,STAGE4_SELL:EXPOSURE_GAP_BELOW_5PP,False,True,False,False,False,True,False,False,False,STAGE4_SELL:EXPOSURE_GAP_BELOW_5PP,NOT_CONFIRMED_TODAY,NONE,0.25,
2021-07-25 00:00:00+00:00,BEAR,3,2,NONE,0.55,0.21989378213361355,DEEP_BEAR_TO_BEAR_NO_AUTO_BUY,False,True,False,False,False,True,False,False,False,DEEP_BEAR_TO_BEAR_NO_AUTO_BUY,NOT_CONFIRMED_TODAY,NONE,0.55,
2021-07-26 00:00:00+00:00,DEEP_BEAR,4,2,NONE,0.25,0.22306987640319584,STAGE4_SELL:EXPOSURE_GAP_BELOW_5PP,False,True,False,False,True,True,False,False,False,STAGE4_SELL:EXPOSURE_GAP_BELOW_5PP,NOT_CONFIRMED_TODAY,NONE,0.25,
2021-07-27 00:00:00+00:00,BEAR,3,2,NONE,0.55,0.2287552452987296,DEEP_BEAR_TO_BEAR_NO_AUTO_BUY,False,True,False,False,True,True,False,False,False,DEEP_BEAR_TO_BEAR_NO_AUTO_BUY,NOT_CONFIRMED_TODAY,NONE,0.55,
2021-07-28 00:00:00+00:00,DEEP_BEAR,4,2,NONE,0.25,0.2289792587840218,STAGE4_SELL:EXPOSURE_GAP_BELOW_5PP,False,True,False,False,True,True,False,False,False,STAGE4_SELL:EXPOSURE_GAP_BELOW_5PP,NOT_CONFIRMED_TODAY,NONE,0.25,
2021-07-29 00:00:00+00:00,BEAR,3,2,NONE,0.55,0.23512620486337396,DEEP_BEAR_TO_BEAR_NO_AUTO_BUY,False,True,False,False,True,True,False,False,False,DEEP_BEAR_TO_BEAR_NO_AUTO_BUY,NOT_CONFIRMED_TODAY,NONE,0.55,
2021-07-30 00:00:00+00:00,DEEP_BEAR,4,2,NONE,0.25,0.2411864822298061,STAGE4_SELL:EXPOSURE_GAP_BELOW_5PP,False,True,False,False,True,True,False,False,False,STAGE4_SELL:EXPOSURE_GAP_BELOW_5PP,NOT_CONFIRMED_TODAY,NONE,0.25,
2021-07-31 00:00:00+00:00,BEAR,3,2,NONE,0.55,0.24614859727358454,DEEP_BEAR_TO_BEAR_NO_AUTO_BUY,False,True,True,False,True,True,False,False,False,DEEP_BEAR_TO_BEAR_NO_AUTO_BUY,NOT_CONFIRMED_TODAY,NONE,0.55,
2021-08-01 00:00:00+00:00,DEEP_BEAR,4,2,NONE,0.25,0.24778639068844738,STAGE4_SELL:EXPOSURE_GAP_BELOW_5PP,False,True,True,False,True,True,False,False,False,STAGE4_SELL:EXPOSURE_GAP_BELOW_5PP,NOT_CONFIRMED_TODAY,NONE,0.25,
2021-08-02 00:00:00+00:00,BEAR,3,2,NONE,0.55,0.25139748854463617,DEEP_BEAR_TO_BEAR_NO_AUTO_BUY,False,True,True,False,True,True,False,False,False,DEEP_BEAR_TO_BEAR_NO_AUTO_BUY,NOT_CONFIRMED_TODAY,NONE,0.55,
2021-08-03 00:00:00+00:00,DEEP_BEAR,4,2,NONE,0.25,0.24437822287689145,STAGE4_SELL:EXPOSURE_GAP_BELOW_5PP,False,True,True,False,True,True,False,False,False,STAGE4_SELL:EXPOSURE_GAP_BELOW_5PP,NOT_CONFIRMED_TODAY,NONE,0.25,
2021-08-04 00:00:00+00:00,BEAR,3,2,NONE,0.55,0.2597925618590239,DEEP_BEAR_TO_BEAR_NO_AUTO_BUY,False,True,True,False,True,True,False,False,False,DEEP_BEAR_TO_BEAR_NO_AUTO_BUY,NOT_CONFIRMED_TODAY,NONE,0.55,
2021-08-05 00:00:00+00:00,DEEP_BEAR,4,2,NONE,0.25,0.266952751704105,STAGE4_SELL:EXPOSURE_GAP_BELOW_5PP,False,True,True,False,True,True,False,False,False,STAGE4_SELL:EXPOSURE_GAP_BELOW_5PP,NOT_CONFIRMED_TODAY,NONE,0.25,
2021-08-06 00:00:00+00:00,BEAR,3,2,NONE,0.55,0.2715620386199222,DEEP_BEAR_TO_BEAR_NO_AUTO_BUY,False,True,True,True,True,True,False,False,False,DEEP_BEAR_TO_BEAR_NO_AUTO_BUY,NOT_CONFIRMED_TODAY,NONE,0.55,
2021-08-07 00:00:00+00:00,DEEP_BEAR,4,2,NONE,0.25,0.28931163482617894,STAGE4_SELL:EXPOSURE_GAP_BELOW_5PP,False,True,True,True,True,True,False,False,False,STAGE4_SELL:EXPOSURE_GAP_BELOW_5PP,NOT_CONFIRMED_TODAY,NONE,0.25,
2021-08-08 00:00:00+00:00,BEAR,3,2,NONE,0.55,0.2797116721091663,DEEP_BEAR_TO_BEAR_NO_AUTO_BUY,False,True,True,True,True,True,False,False,False,DEEP_BEAR_TO_BEAR_NO_AUTO_BUY,NOT_CONFIRMED_TODAY,NONE,0.55,
2021-08-09 00:00:00+00:00,DEEP_BEAR,4,2,NONE,0.25,0.28960373967260405,STAGE4_SELL:EXPOSURE_GAP_BELOW_5PP,False,True,True,True,True,True,False,False,False,STAGE4_SELL:EXPOSURE_GAP_BELOW_5PP,NOT_CONFIRMED_TODAY,NONE,0.25,
2021-08-10 00:00:00+00:00,BEAR,3,2,NONE,0.55,0.28838133342698885,DEEP_BEAR_TO_BEAR_NO_AUTO_BUY,False,True,True,True,True,True,True,False,False,DEEP_BEAR_TO_BEAR_NO_AUTO_BUY,NOT_CONFIRMED_TODAY,NONE,0.55,
2021-08-11 00:00:00+00:00,BEAR,3,2,NONE,0.55,0.28962088391323315,,False,True,True,True,True,True,True,False,False,,NOT_CONFIRMED_TODAY,NONE,0.55,
2021-08-12 00:00:00+00:00,BEAR,3,2,NONE,0.55,0.2821954156372662,,False,True,True,True,True,True,True,False,False,,NOT_CONFIRMED_TODAY,NONE,0.55,
2021-08-13 00:00:00+00:00,BEAR,3,2,NONE,0.55,0.30009751711546584,,False,True,True,True,True,True,True,False,False,,NOT_CONFIRMED_TODAY,NONE,0.55,
2021-08-14 00:00:00+00:00,BEAR,3,2,NONE,0.55,0.29639862345583706,,False,True,True,True,True,True,True,False,False,,NOT_CONFIRMED_TODAY,NONE,0.55,
2021-08-15 00:00:00+00:00,BEAR,3,2,NONE,0.55,0.2991645594580199,,False,True,True,True,True,True,True,False,False,,NOT_CONFIRMED_TODAY,NONE,0.55,
2021-08-16 00:00:00+00:00,BEAR,3,2,NONE,0.55,0.2890211347605835,,False,True,True,True,True,True,True,False,False,,NOT_CONFIRMED_TODAY,NONE,0.55,
2021-08-17 00:00:00+00:00,BEAR,3,2,NONE,0.55,0.28024589974679687,,False,True,True,True,True,True,True,False,False,,NOT_CONFIRMED_TODAY,NONE,0.55,
2021-08-18 00:00:00+00:00,BEAR,3,2,NONE,0.55,0.28048202224652125,,False,True,True,True,True,True,True,False,False,,NOT_CONFIRMED_TODAY,NONE,0.55,
2021-08-19 00:00:00+00:00,BEAR,3,2,NONE,0.55,0.2916548504887201,,False,True,True,True,True,True,True,False,False,,NOT_CONFIRMED_TODAY,NONE,0.55,
2021-08-20 00:00:00+00:00,BEAR,3,2,NONE,0.55,0.298302992704536,,False,True,True,True,True,True,True,False,False,,NOT_CONFIRMED_TODAY,NONE,0.55,
2021-08-21 00:00:00+00:00,BEAR,3,2,NONE,0.55,0.2944670922034213,,False,True,True,True,True,True,True,False,False,,NOT_CONFIRMED_TODAY,NONE,0.55,
2021-08-22 00:00:00+00:00,BEAR,3,2,NONE,0.55,0.2954770449531778,,False,True,True,True,True,True,True,False,False,,NOT_CONFIRMED_TODAY,NONE,0.55,
2021-08-23 00:00:00+00:00,BEAR,3,2,NONE,0.55,0.3007195453774939,,False,True,True,True,True,True,True,False,False,,NOT_CONFIRMED_TODAY,NONE,0.55,
2021-08-24 00:00:00+00:00,BEAR,3,2,NONE,0.55,0.29114862245286344,,False,True,True,True,True,True,True,False,False,,NOT_CONFIRMED_TODAY,NONE,0.55,
2021-08-25 00:00:00+00:00,BEAR,3,2,NONE,0.55,0.2948953801157187,,True,True,True,True,True,True,True,False,False,,NOT_CONFIRMED_TODAY,NONE,0.55,
2021-08-26 00:00:00+00:00,BEAR,3,2,NONE,0.55,0.2862127553815878,,True,True,True,True,True,True,True,False,False,,NOT_CONFIRMED_TODAY,NONE,0.55,
2021-08-27 00:00:00+00:00,BEAR,3,2,NONE,0.55,0.297910457826396,,True,True,True,True,True,True,True,False,False,,NOT_CONFIRMED_TODAY,NONE,0.55,
2021-08-28 00:00:00+00:00,BEAR,3,2,NONE,0.55,0.29613525452850953,,True,True,True,True,True,True,True,False,False,,NOT_CONFIRMED_TODAY,NONE,0.55,
2021-08-29 00:00:00+00:00,BEAR,3,2,NONE,0.55,0.2948554024540545,,True,True,True,True,True,True,True,False,False,,NOT_CONFIRMED_TODAY,NONE,0.55,
2021-08-30 00:00:00+00:00,BEAR,3,2,NONE,0.55,0.295064128869033,,True,True,True,True,True,True,True,False,False,,NOT_CONFIRMED_TODAY,NONE,0.55,
2021-08-31 00:00:00+00:00,BEAR,3,2,NONE,0.55,0.30739195049074636,,True,True,True,True,True,True,True,False,False,,NOT_CONFIRMED_TODAY,NONE,0.55,
2021-09-01 00:00:00+00:00,BEAR,3,2,NONE,0.55,0.3308412980925031,,True,True,True,True,True,True,True,False,False,,NOT_CONFIRMED_TODAY,NONE,0.55,
2021-09-02 00:00:00+00:00,BEAR,3,2,NONE,0.55,0.32861707303922555,,True,True,True,True,True,True,True,False,False,,NOT_CONFIRMED_TODAY,NONE,0.55,
2021-09-03 00:00:00+00:00,BEAR,3,2,NONE,0.55,0.3372784119990178,,True,True,True,True,True,True,True,False,False,,NOT_CONFIRMED_TODAY,NONE,0.55,
2021-09-04 00:00:00+00:00,BEAR,3,2,NONE,0.55,0.33439146243142076,,True,True,True,True,True,True,True,False,False,,NOT_CONFIRMED_TODAY,NONE,0.55,
2021-09-05 00:00:00+00:00,BEAR,3,2,NONE,0.55,0.3382426424719389,,True,True,True,True,True,True,True,False,False,,NOT_CONFIRMED_TODAY,NONE,0.55,
2021-09-06 00:00:00+00:00,BEAR,3,2,NONE,0.55,0.33709390051478605,,True,True,True,True,True,True,True,False,False,,NOT_CONFIRMED_TODAY,NONE,0.55,
2021-09-07 00:00:00+00:00,BEAR,3,2,NONE,0.55,0.3079963339450296,,True,True,True,True,True,True,True,False,False,,NOT_CONFIRMED_TODAY,NONE,0.55,
2021-09-08 00:00:00+00:00,BEAR,3,2,NONE,0.55,0.31180070355895795,,True,True,True,True,True,True,True,False,False,,NOT_CONFIRMED_TODAY,NONE,0.55,
2021-09-09 00:00:00+00:00,BEAR,3,2,NONE,0.55,0.307448430705603,,True,True,True,True,True,True,True,False,False,,NOT_CONFIRMED_TODAY,NONE,0.55,
2021-09-10 00:00:00+00:00,BEAR,3,2,NONE,0.55,0.293987610821805,,True,True,True,True,True,True,True,False,False,,NOT_CONFIRMED_TODAY,NONE,0.55,
2021-09-11 00:00:00+00:00,BEAR,3,2,NONE,0.55,0.29772264078691874,,True,True,True,True,False,True,True,False,False,,NOT_CONFIRMED_TODAY,NONE,0.55,
2021-09-12 00:00:00+00:00,BEAR,3,2,NONE,0.55,0.3062890075641666,,True,True,True,True,True,True,True,False,False,,NOT_CONFIRMED_TODAY,NONE,0.55,
2021-09-13 00:00:00+00:00,BEAR,3,2,NONE,0.55,0.2989110600638859,,True,False,True,True,True,True,True,False,False,,NOT_CONFIRMED_TODAY,NONE,0.55,
2021-09-14 00:00:00+00:00,BEAR,3,2,NONE,0.55,0.30835539347071184,,False,False,True,True,False,True,True,False,False,,NOT_CONFIRMED_TODAY,NONE,0.55,
2021-09-15 00:00:00+00:00,BEAR,3,2,NONE,0.55,0.3191599901959078,,False,False,True,True,True,True,True,False,False,,NOT_CONFIRMED_TODAY,NONE,0.55,
2021-09-16 00:00:00+00:00,BEAR,3,2,NONE,0.55,0.3164843570671294,,False,False,True,True,True,True,True,False,False,,NOT_CONFIRMED_TODAY,NONE,0.55,
2021-09-17 00:00:00+00:00,BEAR,3,2,NONE,0.55,0.3064341381136418,,False,False,True,True,True,True,True,False,False,,NOT_CONFIRMED_TODAY,NONE,0.55,
2021-09-18 00:00:00+00:00,BEAR,3,2,NONE,0.55,0.30878253797918925,,False,False,True,True,True,True,True,False,False,,NOT_CONFIRMED_TODAY,NONE,0.55,
2021-09-19 00:00:00+00:00,BEAR,3,2,NONE,0.55,0.3021816836615946,,False,False,True,True,True,True,True,False,False,,NOT_CONFIRMED_TODAY,NONE,0.55,
2021-09-20 00:00:00+00:00,BEAR,3,2,NONE,0.55,0.2793575163776571,,False,False,True,True,True,True,True,False,False,,NOT_CONFIRMED_TODAY,NONE,0.55,
2021-09-21 00:00:00+00:00,BEAR,3,2,NONE,0.55,0.2649506174780712,,False,False,True,True,False,True,True,False,False,,NOT_CONFIRMED_TODAY,NONE,0.55,
2021-09-22 00:00:00+00:00,BEAR,3,2,LEVEL1_ACTIVE_OR_RAW,0.55,0.28599539709238087,CRASH_L1:NOTIONAL_BELOW_GUARD,False,False,True,True,False,False,True,True,False,CRASH_L1:NOTIONAL_BELOW_GUARD,NOT_CONFIRMED_TODAY,NONE,0.55,
2021-09-23 00:00:00+00:00,BEAR,3,2,LEVEL1_ACTIVE_OR_RAW,0.55,0.2910644380809737,,False,False,True,True,False,False,True,False,False,,NOT_CONFIRMED_TODAY,NONE,0.55,
2021-09-24 00:00:00+00:00,BEAR,3,2,LEVEL1_ACTIVE_OR_RAW,0.55,0.27632676549018026,,False,False,True,True,False,False,True,False,False,,NOT_CONFIRMED_TODAY,NONE,0.55,
2021-09-25 00:00:00+00:00,DEEP_BEAR,4,2,LEVEL1_ACTIVE_OR_RAW,0.25,0.27590718627777533,STAGE4_SELL:EXPOSURE_GAP_BELOW_5PP,False,False,True,True,False,False,True,False,False,STAGE4_SELL:EXPOSURE_GAP_BELOW_5PP,NOT_CONFIRMED_TODAY,NONE,0.25,
2021-09-26 00:00:00+00:00,BEAR,3,2,LEVEL1_ACTIVE_OR_RAW,0.55,0.28500835851066914,DEEP_BEAR_TO_BEAR_NO_AUTO_BUY,False,False,True,True,False,False,True,False,False,DEEP_BEAR_TO_BEAR_NO_AUTO_BUY,NOT_CONFIRMED_TODAY,NONE,0.55,
2021-09-27 00:00:00+00:00,DEEP_BEAR,4,2,LEVEL1_ACTIVE_OR_RAW,0.25,0.2761780785613958,STAGE4_SELL:EXPOSURE_GAP_BELOW_5PP,False,False,True,True,False,False,True,False,False,STAGE4_SELL:EXPOSURE_GAP_BELOW_5PP,NOT_CONFIRMED_TODAY,NONE,0.25,
2021-09-28 00:00:00+00:00,BEAR,3,2,LEVEL1_ACTIVE_OR_RAW,0.55,0.26799294350746167,DEEP_BEAR_TO_BEAR_NO_AUTO_BUY,False,False,True,True,False,False,True,False,False,DEEP_BEAR_TO_BEAR_NO_AUTO_BUY,NOT_CONFIRMED_TODAY,NONE,0.55,
2021-09-29 00:00:00+00:00,DEEP_BEAR,4,2,LEVEL1_ACTIVE_OR_RAW,0.25,0.271187528684513,STAGE4_SELL:EXPOSURE_GAP_BELOW_5PP,False,False,True,True,False,False,True,False,False,STAGE4_SELL:EXPOSURE_GAP_BELOW_5PP,NOT_CONFIRMED_TODAY,NONE,0.25,
2021-09-30 00:00:00+00:00,BEAR,3,2,LEVEL1_ACTIVE_OR_RAW,0.55,0.28152230674448037,DEEP_BEAR_TO_BEAR_NO_AUTO_BUY,False,False,True,True,False,False,True,False,False,DEEP_BEAR_TO_BEAR_NO_AUTO_BUY,NOT_CONFIRMED_TODAY,NONE,0.55,
2021-10-01 00:00:00+00:00,DEEP_BEAR,4,2,LEVEL1_ACTIVE_OR_RAW,0.25,0.30180217787322955,STAGE4_SELL:EXPOSURE_GAP_BELOW_5PP,False,False,False,True,False,False,True,False,False,STAGE4_SELL:EXPOSURE_GAP_BELOW_5PP,NOT_CONFIRMED_TODAY,NONE,0.25,
2021-10-02 00:00:00+00:00,BEAR,3,2,NONE,0.55,0.3065150852660321,DEEP_BEAR_TO_BEAR_NO_AUTO_BUY,False,False,True,True,True,False,True,False,False,DEEP_BEAR_TO_BEAR_NO_AUTO_BUY,NOT_CONFIRMED_TODAY,NONE,0.55,
2021-10-03 00:00:00+00:00,BEAR,3,2,NONE,0.55,0.3084596019923738,,False,False,False,True,True,False,True,False,False,,NOT_CONFIRMED_TODAY,NONE,0.55,
2021-10-04 00:00:00+00:00,BEAR,3,2,NONE,0.55,0.30677207429454145,,False,False,False,True,True,False,True,False,False,,NOT_CONFIRMED_TODAY,NONE,0.55,
2021-10-05 00:00:00+00:00,BEAR,3,2,NONE,0.55,0.3148820794868568,,False,False,False,True,True,False,True,False,False,,NOT_CONFIRMED_TODAY,NONE,0.55,
2021-10-06 00:00:00+00:00,BEAR,3,2,NONE,0.55,0.3190260709485474,,False,False,False,True,True,False,True,False,False,,NOT_CONFIRMED_TODAY,NONE,0.55,
2021-10-07 00:00:00+00:00,BEAR,3,2,NONE,0.55,0.3195683520644875,,False,False,True,True,True,False,True,False,False,,NOT_CONFIRMED_TODAY,NONE,0.55,
2021-10-08 00:00:00+00:00,BEAR,3,2,NONE,0.55,0.31821756859393696,,False,False,True,True,True,False,True,False,False,,NOT_CONFIRMED_TODAY,NONE,0.55,
2021-10-09 00:00:00+00:00,BEAR,3,2,NONE,0.55,0.3191026345035555,,False,False,True,True,True,False,True,False,False,,NOT_CONFIRMED_TODAY,NONE,0.55,
2021-10-10 00:00:00+00:00,BEAR,3,2,NONE,0.55,0.3095975547542086,,False,False,True,True,True,False,True,False,False,,NOT_CONFIRMED_TODAY,NONE,0.55,
2021-10-11 00:00:00+00:00,BEAR,3,2,NONE,0.55,0.3176801867383378,,True,False,True,True,True,False,True,False,False,,NOT_CONFIRMED_TODAY,NONE,0.55,
2021-10-12 00:00:00+00:00,BEAR,3,2,NONE,0.55,0.31450671870486585,,True,False,True,True,True,True,True,False,False,,NOT_CONFIRMED_TODAY,NONE,0.55,
2021-10-13 00:00:00+00:00,BEAR,3,2,NONE,0.55,0.3215617648363263,,True,False,True,True,True,True,True,False,False,,NOT_CONFIRMED_TODAY,NONE,0.55,
2021-10-14 00:00:00+00:00,BEAR,3,2,NONE,0.55,0.3320652450069548,,True,False,True,True,True,True,True,False,False,,NOT_CONFIRMED_TODAY,NONE,0.55,
2021-10-15 00:00:00+00:00,BEAR,3,2,NONE,0.55,0.33713220728479004,,True,False,True,True,True,True,True,False,False,,NOT_CONFIRMED_TODAY,NONE,0.55,
2021-10-16 00:00:00+00:00,BEAR,3,2,NONE,0.55,0.33488621415502634,,True,False,True,True,True,True,True,False,False,,NOT_CONFIRMED_TODAY,NONE,0.55,
2021-10-17 00:00:00+00:00,BEAR,3,2,NONE,0.55,0.3359705174291186,,True,False,True,True,True,True,True,False,False,,NOT_CONFIRMED_TODAY,NONE,0.55,
2021-10-18 00:00:00+00:00,BEAR,3,2,NONE,0.55,0.33038655125395455,,True,False,True,True,True,True,True,False,False,,NOT_CONFIRMED_TODAY,NONE,0.55,
2021-10-19 00:00:00+00:00,BEAR,3,2,NONE,0.55,0.33815533067698667,,True,False,True,True,True,True,True,False,False,,NOT_CONFIRMED_TODAY,NONE,0.55,
2021-10-20 00:00:00+00:00,BEAR,3,2,NONE,0.55,0.35375753549186906,,True,False,True,True,True,True,True,False,False,,NOT_CONFIRMED_TODAY,NONE,0.55,
2021-10-21 00:00:00+00:00,BEAR,3,2,NONE,0.55,0.34748258666190585,,True,False,True,True,True,True,True,False,False,,NOT_CONFIRMED_TODAY,NONE,0.55,
2021-10-22 00:00:00+00:00,BEAR,3,2,NONE,0.55,0.34293162623822243,,True,True,True,True,True,True,True,False,False,,NOT_CONFIRMED_TODAY,NONE,0.55,
2021-10-23 00:00:00+00:00,BEAR,3,2,NONE,0.55,0.3534888500276912,,True,True,True,True,True,True,True,False,False,,NOT_CONFIRMED_TODAY,NONE,0.55,
2021-10-24 00:00:00+00:00,BEAR,3,2,NONE,0.55,0.34897141428493406,,True,True,True,True,True,True,True,False,False,,NOT_CONFIRMED_TODAY,NONE,0.55,
2021-10-25 00:00:00+00:00,BEAR,3,2,NONE,0.55,0.3566302974222492,,True,True,True,True,True,True,True,False,False,,NOT_CONFIRMED_TODAY,NONE,0.55,
2021-10-26 00:00:00+00:00,BEAR,3,2,NONE,0.55,0.35158509478716204,,True,True,True,True,True,True,True,False,False,,NOT_CONFIRMED_TODAY,NONE,0.55,
2021-10-27 00:00:00+00:00,BEAR,3,2,NONE,0.55,0.340038797636319,,True,True,True,True,True,True,True,False,False,,NOT_CONFIRMED_TODAY,NONE,0.55,
2021-10-28 00:00:00+00:00,BEAR,3,2,NONE,0.55,0.35977919583141893,,True,True,True,True,True,True,True,False,False,,NOT_CONFIRMED_TODAY,NONE,0.55,
2021-10-29 00:00:00+00:00,BEAR,3,2,NONE,0.55,0.36685117878330226,,True,True,True,True,True,True,True,False,False,,NOT_CONFIRMED_TODAY,NONE,0.55,
2021-10-30 00:00:00+00:00,BEAR,3,2,NONE,0.55,0.36193876407485703,,True,True,True,True,True,True,True,False,False,,NOT_CONFIRMED_TODAY,NONE,0.55,
2021-10-31 00:00:00+00:00,BEAR,3,2,NONE,0.55,0.36007054771748603,,True,True,True,True,True,True,True,False,False,,NOT_CONFIRMED_TODAY,NONE,0.55,
2021-11-01 00:00:00+00:00,BEAR,3,2,NONE,0.55,0.3617072792493267,,True,True,True,True,True,True,True,False,False,,NOT_CONFIRMED_TODAY,NONE,0.55,
2021-11-02 00:00:00+00:00,BEAR,3,2,NONE,0.55,0.3756612489075942,,True,True,True,True,True,True,True,False,False,,NOT_CONFIRMED_TODAY,NONE,0.55,
2021-11-03 00:00:00+00:00,BEAR,3,2,NONE,0.55,0.37631150532433205,,True,True,True,True,True,True,True,False,False,,NOT_CONFIRMED_TODAY,NONE,0.55,
2021-11-04 00:00:00+00:00,BEAR,3,2,NONE,0.55,0.3726281002768243,,True,True,True,True,True,True,True,False,False,,NOT_CONFIRMED_TODAY,NONE,0.55,
2021-11-05 00:00:00+00:00,BEAR,3,2,NONE,0.55,0.3697062775415466,,True,True,True,True,True,True,True,False,False,,NOT_CONFIRMED_TODAY,NONE,0.55,
2021-11-06 00:00:00+00:00,BEAR,3,2,NONE,0.55,0.3720066781179083,,True,True,True,True,True,True,True,False,False,,NOT_CONFIRMED_TODAY,NONE,0.55,
2021-11-07 00:00:00+00:00,BEAR,3,2,NONE,0.55,0.3769757557738277,,True,True,True,True,True,True,True,False,False,,NOT_CONFIRMED_TODAY,NONE,0.55,
2021-11-08 00:00:00+00:00,BEAR,3,2,NONE,0.55,0.38703400523782233,,True,True,True,True,True,True,True,False,False,,NOT_CONFIRMED_TODAY,NONE,0.55,
2021-11-09 00:00:00+00:00,BEAR,3,2,NONE,0.55,0.38338675025767266,,True,True,True,True,True,True,True,False,False,,NOT_CONFIRMED_TODAY,NONE,0.55,
2021-11-10 00:00:00+00:00,BEAR,3,2,NONE,0.55,0.37811692314057743,,True,True,True,True,True,True,True,False,False,,NOT_CONFIRMED_TODAY,NONE,0.55,
2021-11-11 00:00:00+00:00,BEAR,3,2,NONE,0.55,0.38249956798282425,,True,True,True,True,True,True,True,False,False,,NOT_CONFIRMED_TODAY,NONE,0.55,
2021-11-12 00:00:00+00:00,BEAR,3,2,NONE,0.55,0.37985828562131424,,True,True,True,True,True,True,True,False,False,,NOT_CONFIRMED_TODAY,NONE,0.55,
2021-11-13 00:00:00+00:00,BEAR,3,2,NONE,0.55,0.37890835512941523,,True,True,True,True,True,True,True,False,False,,NOT_CONFIRMED_TODAY,NONE,0.55,
2021-11-14 00:00:00+00:00,BEAR,3,2,NONE,0.55,0.37825617692472957,,True,True,True,True,True,True,True,False,False,,NOT_CONFIRMED_TODAY,NONE,0.55,
2021-11-15 00:00:00+00:00,BEAR,3,2,NONE,0.55,0.3749304917930891,,True,True,True,True,True,True,True,False,False,,NOT_CONFIRMED_TODAY,NONE,0.55,
2021-11-16 00:00:00+00:00,BEAR,3,2,NONE,0.55,0.3564751711977048,,True,True,True,True,True,True,True,False,False,,NOT_CONFIRMED_TODAY,NONE,0.55,
2021-11-17 00:00:00+00:00,BEAR,3,2,NONE,0.55,0.3606051115270416,,True,True,True,True,True,True,True,False,False,,NOT_CONFIRMED_TODAY,NONE,0.55,
2021-11-18 00:00:00+00:00,BEAR,3,2,NONE,0.55,0.3447212628461334,,True,True,True,True,True,True,True,False,False,,NOT_CONFIRMED_TODAY,NONE,0.55,
2021-11-19 00:00:00+00:00,BEAR,3,2,NONE,0.55,0.3606678022494633,,True,True,True,True,False,True,True,False,False,,NOT_CONFIRMED_TODAY,NONE,0.55,
2021-11-20 00:00:00+00:00,BEAR,3,2,NONE,0.55,0.3669609069467954,,True,True,True,True,False,True,True,False,False,,NOT_CONFIRMED_TODAY,NONE,0.55,
2021-11-21 00:00:00+00:00,BEAR,3,2,NONE,0.55,0.3589614766620254,,True,True,True,True,False,True,True,False,False,,NOT_CONFIRMED_TODAY,NONE,0.55,
2021-11-22 00:00:00+00:00,BEAR,3,2,NONE,0.55,0.3495521813451872,,True,True,True,True,False,True,True,False,False,,NOT_CONFIRMED_TODAY,NONE,0.55,
2021-11-23 00:00:00+00:00,BEAR,3,2,NONE,0.55,0.3630329796857851,,True,True,True,True,False,True,True,False,False,,NOT_CONFIRMED_TODAY,NONE,0.55,
2021-11-24 00:00:00+00:00,BEAR,3,2,NONE,0.55,0.3594059311132053,,True,True,True,True,False,True,True,False,False,,NOT_CONFIRMED_TODAY,NONE,0.55,
2021-11-25 00:00:00+00:00,BEAR,3,2,NONE,0.55,0.37267319506306584,,True,True,True,True,False,True,True,False,False,,NOT_CONFIRMED_TODAY,NONE,0.55,
2021-11-26 00:00:00+00:00,BEAR,3,2,NONE,0.55,0.3468768916397057,,True,True,True,True,False,True,True,False,False,,NOT_CONFIRMED_TODAY,NONE,0.55,
2021-11-27 00:00:00+00:00,BEAR,3,2,NONE,0.55,0.3499851350707577,,True,True,True,True,False,True,True,False,False,,NOT_CONFIRMED_TODAY,NONE,0.55,
2021-11-28 00:00:00+00:00,BEAR,3,2,NONE,0.55,0.360904095217425,,True,True,True,True,False,True,True,False,False,,NOT_CONFIRMED_TODAY,NONE,0.55,
2021-11-29 00:00:00+00:00,BEAR,3,2,NONE,0.55,0.36863532752512385,,True,True,True,True,False,True,True,False,False,,NOT_CONFIRMED_TODAY,NONE,0.55,
2021-11-30 00:00:00+00:00,BEAR,3,2,NONE,0.55,0.37772299109605034,,True,True,True,True,False,True,True,False,False,,NOT_CONFIRMED_TODAY,NONE,0.55,
2021-12-01 00:00:00+00:00,BEAR,3,2,NONE,0.55,0.37548491502033726,,True,True,True,True,False,True,True,False,False,,NOT_CONFIRMED_TODAY,NONE,0.55,
2021-12-02 00:00:00+00:00,BEAR,3,2,NONE,0.55,0.3718631191113139,,True,True,True,True,False,True,True,False,False,,NOT_CONFIRMED_TODAY,NONE,0.55,
2021-12-03 00:00:00+00:00,BEAR,3,2,NONE,0.55,0.356366305780561,,True,True,True,True,False,True,True,False,False,,NOT_CONFIRMED_TODAY,NONE,0.55,
2021-12-04 00:00:00+00:00,BEAR,3,2,NONE,0.55,0.35042777427736443,,True,True,True,True,False,True,True,False,False,,NOT_CONFIRMED_TODAY,NONE,0.55,
2021-12-05 00:00:00+00:00,BEAR,3,2,NONE,0.55,0.3546918814119858,,True,True,False,True,False,True,True,False,False,,NOT_CONFIRMED_TODAY,NONE,0.55,
2021-12-06 00:00:00+00:00,BEAR,3,2,NONE,0.55,0.36274434517488313,,True,True,False,True,False,True,True,False,False,,NOT_CONFIRMED_TODAY,NONE,0.55,
2021-12-07 00:00:00+00:00,BEAR,3,2,NONE,0.55,0.36069759455717876,,True,True,False,True,False,True,True,False,False,,NOT_CONFIRMED_TODAY,NONE,0.55,
2021-12-08 00:00:00+00:00,BEAR,3,2,NONE,0.55,0.36736134023163747,,True,True,False,True,False,True,True,False,False,,NOT_CONFIRMED_TODAY,NONE,0.55,
2021-12-09 00:00:00+00:00,BEAR,3,2,NONE,0.55,0.3497166584226135,,True,True,False,True,False,True,True,False,False,,NOT_CONFIRMED_TODAY,NONE,0.55,
2021-12-10 00:00:00+00:00,BEAR,3,2,NONE,0.55,0.33843292040130313,,True,True,False,True,False,True,True,False,False,,NOT_CONFIRMED_TODAY,NONE,0.55,
2021-12-11 00:00:00+00:00,BEAR,3,2,NONE,0.55,0.349279035286671,,True,True,False,True,False,True,True,False,False,,NOT_CONFIRMED_TODAY,NONE,0.55,
2021-12-12 00:00:00+00:00,BEAR,3,2,NONE,0.55,0.35160324174809554,,True,True,False,True,False,True,True,False,False,,NOT_CONFIRMED_TODAY,NONE,0.55,
2021-12-13 00:00:00+00:00,BEAR,3,2,NONE,0.55,0.3320185341944921,,True,True,False,True,False,True,True,False,False,,NOT_CONFIRMED_TODAY,NONE,0.55,
2021-12-14 00:00:00+00:00,BEAR,3,2,NONE,0.55,0.3366876281753533,,True,True,False,True,False,True,True,False,False,,NOT_CONFIRMED_TODAY,NONE,0.55,
2021-12-15 00:00:00+00:00,BEAR,3,2,NONE,0.55,0.34558083273041373,,True,True,False,True,False,True,True,False,False,,NOT_CONFIRMED_TODAY,NONE,0.55,
2021-12-16 00:00:00+00:00,BEAR,3,2,NONE,0.55,0.3420775353163007,,True,True,False,True,False,True,True,False,False,,NOT_CONFIRMED_TODAY,NONE,0.55,
2021-12-17 00:00:00+00:00,BEAR,3,2,NONE,0.55,0.33728317763939164,,True,True,False,True,False,True,True,False,False,,NOT_CONFIRMED_TODAY,NONE,0.55,
2021-12-18 00:00:00+00:00,BEAR,3,2,NONE,0.55,0.3421047654723746,,True,True,False,True,False,True,True,False,False,,NOT_CONFIRMED_TODAY,NONE,0.55,
2021-12-19 00:00:00+00:00,BEAR,3,2,NONE,0.55,0.34016055757179103,,False,True,False,True,False,True,True,False,False,,NOT_CONFIRMED_TODAY,NONE,0.55,
2021-12-20 00:00:00+00:00,BEAR,3,2,NONE,0.55,0.34137665434780984,,False,True,False,True,False,True,True,False,False,,NOT_CONFIRMED_TODAY,NONE,0.55,
2021-12-21 00:00:00+00:00,BEAR,3,2,NONE,0.55,0.34558024245399255,,False,True,False,True,False,True,True,False,False,,NOT_CONFIRMED_TODAY,NONE,0.55,
2021-12-22 00:00:00+00:00,BEAR,3,2,NONE,0.55,0.34368870767432785,,False,True,False,True,False,True,True,False,False,,NOT_CONFIRMED_TODAY,NONE,0.55,
2021-12-23 00:00:00+00:00,BEAR,3,2,NONE,0.55,0.3512490916483744,,False,True,False,True,False,True,True,False,False,,NOT_CONFIRMED_TODAY,NONE,0.55,
2021-12-24 00:00:00+00:00,BEAR,3,2,NONE,0.55,0.3478218839931867,,False,True,False,True,False,True,True,False,False,,NOT_CONFIRMED_TODAY,NONE,0.55,
2021-12-25 00:00:00+00:00,BEAR,3,2,NONE,0.55,0.3503642907099941,,False,True,False,True,False,True,True,False,False,,NOT_CONFIRMED_TODAY,NONE,0.55,
2021-12-26 00:00:00+00:00,BEAR,3,2,NONE,0.55,0.34881622716090427,,False,True,False,True,False,True,True,False,False,,NOT_CONFIRMED_TODAY,NONE,0.55,
2021-12-27 00:00:00+00:00,BEAR,3,2,NONE,0.55,0.34743422740749236,,False,True,False,True,False,True,True,False,False,,NOT_CONFIRMED_TODAY,NONE,0.55,
2021-12-28 00:00:00+00:00,BEAR,3,2,NONE,0.55,0.33343382030513796,,False,True,False,True,False,True,True,False,False,,NOT_CONFIRMED_TODAY,NONE,0.55,
2021-12-29 00:00:00+00:00,BEAR,3,2,NONE,0.55,0.324023494245852,,False,True,False,True,False,True,True,False,False,,NOT_CONFIRMED_TODAY,NONE,0.55,
2021-12-30 00:00:00+00:00,BEAR,3,2,NONE,0.55,0.3287283356318471,,False,True,False,True,False,True,True,False,False,,NOT_CONFIRMED_TODAY,NONE,0.55,
2021-12-31 00:00:00+00:00,BEAR,3,2,NONE,0.55,0.32669519272474745,,False,True,False,True,False,True,True,False,False,,NOT_CONFIRMED_TODAY,NONE,0.55,
2022-01-01 00:00:00+00:00,BEAR,3,2,NONE,0.55,0.332123978374337,,False,True,False,True,False,True,True,False,False,,NOT_CONFIRMED_TODAY,NONE,0.55,
2022-01-02 00:00:00+00:00,BEAR,3,2,NONE,0.55,0.3355776008096255,,False,True,False,True,False,True,True,False,False,,NOT_CONFIRMED_TODAY,NONE,0.55,
2022-01-03 00:00:00+00:00,BEAR,3,2,NONE,0.55,0.3319528198669288,,False,True,False,True,False,True,True,False,False,,NOT_CONFIRMED_TODAY,NONE,0.55,
2022-01-04 00:00:00+00:00,DEEP_BEAR,4,2,NONE,0.25,0.2510069640914467,STAGE4_SELL:EXECUTED,False,True,False,True,False,True,True,False,False,STAGE4_SELL:EXECUTED,NOT_CONFIRMED_TODAY,STAGE_RISK_SELL,0.25,25
2022-01-05 00:00:00+00:00,BEAR,3,2,NONE,0.55,0.23871272011258038,DEEP_BEAR_TO_BEAR_NO_AUTO_BUY,False,True,False,True,False,True,True,False,False,DEEP_BEAR_TO_BEAR_NO_AUTO_BUY,NOT_CONFIRMED_TODAY,NONE,0.55,
2022-01-06 00:00:00+00:00,DEEP_BEAR,4,2,NONE,0.25,0.2318357276071411,STAGE4_SELL:EXPOSURE_GAP_BELOW_5PP,False,True,False,True,False,True,True,False,False,STAGE4_SELL:EXPOSURE_GAP_BELOW_5PP,NOT_CONFIRMED_TODAY,NONE,0.25,
2022-01-07 00:00:00+00:00,BEAR,3,2,NONE,0.55,0.22088643989876117,DEEP_BEAR_TO_BEAR_NO_AUTO_BUY,False,True,False,True,False,True,True,False,False,DEEP_BEAR_TO_BEAR_NO_AUTO_BUY,NOT_CONFIRMED_TODAY,NONE,0.55,
2022-01-08 00:00:00+00:00,DEEP_BEAR,4,2,NONE,0.25,0.21453325646961877,STAGE4_SELL:EXPOSURE_GAP_BELOW_5PP,False,True,False,True,False,True,True,False,False,STAGE4_SELL:EXPOSURE_GAP_BELOW_5PP,NOT_CONFIRMED_TODAY,NONE,0.25,
2022-01-09 00:00:00+00:00,BEAR,3,2,NONE,0.55,0.21844661565304604,DEEP_BEAR_TO_BEAR_NO_AUTO_BUY,False,True,False,True,False,True,True,False,False,DEEP_BEAR_TO_BEAR_NO_AUTO_BUY,NOT_CONFIRMED_TODAY,NONE,0.55,
2022-01-10 00:00:00+00:00,DEEP_BEAR,4,2,NONE,0.25,0.2147359889371787,STAGE4_SELL:EXPOSURE_GAP_BELOW_5PP,False,True,False,True,False,True,True,False,False,STAGE4_SELL:EXPOSURE_GAP_BELOW_5PP,NOT_CONFIRMED_TODAY,NONE,0.25,
2022-01-11 00:00:00+00:00,BEAR,3,2,NONE,0.55,0.2232756060965862,DEEP_BEAR_TO_BEAR_NO_AUTO_BUY,False,True,False,True,False,True,True,False,False,DEEP_BEAR_TO_BEAR_NO_AUTO_BUY,NOT_CONFIRMED_TODAY,NONE,0.55,
2022-01-12 00:00:00+00:00,DEEP_BEAR,4,2,NONE,0.25,0.23030098610847122,STAGE4_SELL:EXPOSURE_GAP_BELOW_5PP,False,True,False,True,False,True,True,False,False,STAGE4_SELL:EXPOSURE_GAP_BELOW_5PP,NOT_CONFIRMED_TODAY,NONE,0.25,
2022-01-13 00:00:00+00:00,BEAR,3,2,NONE,0.55,0.22342533019491007,DEEP_BEAR_TO_BEAR_NO_AUTO_BUY,False,True,False,True,False,True,True,False,False,DEEP_BEAR_TO_BEAR_NO_AUTO_BUY,NOT_CONFIRMED_TODAY,NONE,0.55,
2022-01-14 00:00:00+00:00,DEEP_BEAR,4,2,NONE,0.25,0.22703386013143728,STAGE4_SELL:EXPOSURE_GAP_BELOW_5PP,False,True,False,True,False,True,True,False,False,STAGE4_SELL:EXPOSURE_GAP_BELOW_5PP,NOT_CONFIRMED_TODAY,NONE,0.25,
2022-01-15 00:00:00+00:00,BEAR,3,2,NONE,0.55,0.228069435396861,DEEP_BEAR_TO_BEAR_NO_AUTO_BUY,False,True,False,False,False,True,True,False,False,DEEP_BEAR_TO_BEAR_NO_AUTO_BUY,NOT_CONFIRMED_TODAY,NONE,0.55,
2022-01-16 00:00:00+00:00,DEEP_BEAR,4,2,NONE,0.25,0.2292188335427996,STAGE4_SELL:EXPOSURE_GAP_BELOW_5PP,False,True,False,False,False,True,True,False,False,STAGE4_SELL:EXPOSURE_GAP_BELOW_5PP,NOT_CONFIRMED_TODAY,NONE,0.25,
2022-01-17 00:00:00+00:00,BEAR,3,2,NONE,0.55,0.2219738398462302,DEEP_BEAR_TO_BEAR_NO_AUTO_BUY,False,True,False,False,False,True,True,False,False,DEEP_BEAR_TO_BEAR_NO_AUTO_BUY,NOT_CONFIRMED_TODAY,NONE,0.55,
2022-01-18 00:00:00+00:00,DEEP_BEAR,4,2,NONE,0.25,0.2193517050222084,STAGE4_SELL:EXPOSURE_GAP_BELOW_5PP,False,True,False,False,False,True,True,False,False,STAGE4_SELL:EXPOSURE_GAP_BELOW_5PP,NOT_CONFIRMED_TODAY,NONE,0.25,
2022-01-19 00:00:00+00:00,BEAR,3,2,NONE,0.55,0.21528060705640817,DEEP_BEAR_TO_BEAR_NO_AUTO_BUY,False,True,False,False,False,True,True,False,False,DEEP_BEAR_TO_BEAR_NO_AUTO_BUY,NOT_CONFIRMED_TODAY,NONE,0.55,
2022-01-20 00:00:00+00:00,DEEP_BEAR,4,2,NONE,0.25,0.21078792015100856,STAGE4_SELL:EXPOSURE_GAP_BELOW_5PP,False,True,False,False,False,True,True,False,False,STAGE4_SELL:EXPOSURE_GAP_BELOW_5PP,NOT_CONFIRMED_TODAY,NONE,0.25,
2022-01-21 00:00:00+00:00,BEAR,3,2,NONE,0.55,0.18610917020063705,DEEP_BEAR_TO_BEAR_NO_AUTO_BUY,False,True,False,False,False,True,True,False,False,DEEP_BEAR_TO_BEAR_NO_AUTO_BUY,NOT_CONFIRMED_TODAY,NONE,0.55,
2022-01-22 00:00:00+00:00,DEEP_BEAR,4,2,NONE,0.25,0.1768850767091211,STAGE4_SELL:NOTIONAL_BELOW_GUARD,False,True,False,False,False,True,True,False,False,STAGE4_SELL:NOTIONAL_BELOW_GUARD,NOT_CONFIRMED_TODAY,NONE,0.25,
2022-01-23 00:00:00+00:00,BEAR,3,2,LEVEL1_ACTIVE_OR_RAW,0.55,0.18451212806671066,DEEP_BEAR_TO_BEAR_NO_AUTO_BUY|CRASH_L1:NOTIONAL_BELOW_GUARD,False,True,False,False,False,False,True,True,False,DEEP_BEAR_TO_BEAR_NO_AUTO_BUY|CRASH_L1:NOTIONAL_BELOW_GUARD,NOT_CONFIRMED_TODAY,NONE,0.55,
2022-01-24 00:00:00+00:00,DEEP_BEAR,4,2,LEVEL1_ACTIVE_OR_RAW,0.25,0.1786722680987485,STAGE4_SELL:NOTIONAL_BELOW_GUARD,False,True,False,False,False,False,True,False,False,STAGE4_SELL:NOTIONAL_BELOW_GUARD,NOT_CONFIRMED_TODAY,NONE,0.25,
2022-01-25 00:00:00+00:00,BEAR,3,2,LEVEL1_ACTIVE_OR_RAW,0.55,0.17990564518063185,DEEP_BEAR_TO_BEAR_NO_AUTO_BUY,False,True,False,False,False,False,True,False,False,DEEP_BEAR_TO_BEAR_NO_AUTO_BUY,NOT_CONFIRMED_TODAY,NONE,0.55,
2022-01-26 00:00:00+00:00,DEEP_BEAR,4,2,LEVEL1_ACTIVE_OR_RAW,0.25,0.18020621656769373,STAGE4_SELL:NOTIONAL_BELOW_GUARD,False,True,False,False,False,False,True,False,False,STAGE4_SELL:NOTIONAL_BELOW_GUARD,NOT_CONFIRMED_TODAY,NONE,0.25,
2022-01-27 00:00:00+00:00,BEAR,3,2,LEVEL1_ACTIVE_OR_RAW,0.55,0.1779673990779452,DEEP_BEAR_TO_BEAR_NO_AUTO_BUY,False,True,False,False,False,False,True,False,False,DEEP_BEAR_TO_BEAR_NO_AUTO_BUY,NOT_CONFIRMED_TODAY,NONE,0.55,
2022-01-28 00:00:00+00:00,DEEP_BEAR,4,2,LEVEL1_ACTIVE_OR_RAW,0.25,0.18520444489000584,STAGE4_SELL:NOTIONAL_BELOW_GUARD,False,True,False,False,False,False,True,False,False,STAGE4_SELL:NOTIONAL_BELOW_GUARD,NOT_CONFIRMED_TODAY,NONE,0.25,
2022-01-29 00:00:00+00:00,BEAR,3,2,LEVEL1_ACTIVE_OR_RAW,0.55,0.1885816270317402,DEEP_BEAR_TO_BEAR_NO_AUTO_BUY,False,True,False,False,False,False,True,False,False,DEEP_BEAR_TO_BEAR_NO_AUTO_BUY,NOT_CONFIRMED_TODAY,NONE,0.55,
2022-01-30 00:00:00+00:00,DEEP_BEAR,4,2,LEVEL1_ACTIVE_OR_RAW,0.25,0.18864315519123737,STAGE4_SELL:NOTIONAL_BELOW_GUARD,False,True,False,False,False,False,True,False,False,STAGE4_SELL:NOTIONAL_BELOW_GUARD,NOT_CONFIRMED_TODAY,NONE,0.25,
2022-01-31 00:00:00+00:00,BEAR,3,2,LEVEL1_ACTIVE_OR_RAW,0.55,0.1936610793048016,DEEP_BEAR_TO_BEAR_NO_AUTO_BUY,False,True,False,False,False,False,True,False,False,DEEP_BEAR_TO_BEAR_NO_AUTO_BUY,NOT_CONFIRMED_TODAY,NONE,0.55,
2022-02-01 00:00:00+00:00,DEEP_BEAR,4,2,LEVEL1_ACTIVE_OR_RAW,0.25,0.19945710326276986,STAGE4_SELL:NOTIONAL_BELOW_GUARD,False,True,False,False,False,False,True,False,False,STAGE4_SELL:NOTIONAL_BELOW_GUARD,NOT_CONFIRMED_TODAY,NONE,0.25,
2022-02-02 00:00:00+00:00,BEAR,3,2,NONE,0.55,0.19334782328422326,DEEP_BEAR_TO_BEAR_NO_AUTO_BUY,False,True,False,False,False,False,True,False,False,DEEP_BEAR_TO_BEAR_NO_AUTO_BUY,NOT_CONFIRMED_TODAY,NONE,0.55,
2022-02-03 00:00:00+00:00,DEEP_BEAR,4,2,NONE,0.25,0.19427389642485685,STAGE4_SELL:NOTIONAL_BELOW_GUARD,False,True,False,False,False,False,True,False,False,STAGE4_SELL:NOTIONAL_BELOW_GUARD,NOT_CONFIRMED_TODAY,NONE,0.25,
2022-02-04 00:00:00+00:00,BEAR,3,2,NONE,0.55,0.21136315338887282,DEEP_BEAR_TO_BEAR_NO_AUTO_BUY,False,True,False,False,False,False,True,False,False,DEEP_BEAR_TO_BEAR_NO_AUTO_BUY,NOT_CONFIRMED_TODAY,NONE,0.55,
2022-02-05 00:00:00+00:00,DEEP_BEAR,4,2,NONE,0.25,0.212379924510151,STAGE4_SELL:EXPOSURE_GAP_BELOW_5PP,False,True,False,False,False,False,True,False,False,STAGE4_SELL:EXPOSURE_GAP_BELOW_5PP,NOT_CONFIRMED_TODAY,NONE,0.25,
2022-02-06 00:00:00+00:00,BEAR,3,2,NONE,0.55,0.21479710865262214,DEEP_BEAR_TO_BEAR_NO_AUTO_BUY,False,True,False,False,False,False,True,False,False,DEEP_BEAR_TO_BEAR_NO_AUTO_BUY,NOT_CONFIRMED_TODAY,NONE,0.55,
2022-02-07 00:00:00+00:00,DEEP_BEAR,4,2,NONE,0.25,0.21951632708136218,STAGE4_SELL:EXPOSURE_GAP_BELOW_5PP,False,True,False,False,False,False,True,False,False,STAGE4_SELL:EXPOSURE_GAP_BELOW_5PP,NOT_CONFIRMED_TODAY,NONE,0.25,
2022-02-08 00:00:00+00:00,BEAR,3,2,NONE,0.55,0.21833285519103512,DEEP_BEAR_TO_BEAR_NO_AUTO_BUY,False,True,False,False,True,False,True,False,False,DEEP_BEAR_TO_BEAR_NO_AUTO_BUY,NOT_CONFIRMED_TODAY,NONE,0.55,
2022-02-09 00:00:00+00:00,DEEP_BEAR,4,2,NONE,0.25,0.22522304168945242,STAGE4_SELL:EXPOSURE_GAP_BELOW_5PP,False,True,False,False,True,False,True,False,False,STAGE4_SELL:EXPOSURE_GAP_BELOW_5PP,NOT_CONFIRMED_TODAY,NONE,0.25,
2022-02-10 00:00:00+00:00,BEAR,3,2,NONE,0.55,0.2160144304932742,DEEP_BEAR_TO_BEAR_NO_AUTO_BUY,False,True,False,False,True,False,True,False,False,DEEP_BEAR_TO_BEAR_NO_AUTO_BUY,NOT_CONFIRMED_TODAY,NONE,0.55,
2022-02-11 00:00:00+00:00,DEEP_BEAR,4,2,NONE,0.25,0.20804453099844872,STAGE4_SELL:EXPOSURE_GAP_BELOW_5PP,False,True,False,False,True,False,True,False,False,STAGE4_SELL:EXPOSURE_GAP_BELOW_5PP,NOT_CONFIRMED_TODAY,NONE,0.25,
2022-02-12 00:00:00+00:00,BEAR,3,2,NONE,0.55,0.20760985748509916,DEEP_BEAR_TO_BEAR_NO_AUTO_BUY,False,True,False,False,False,True,True,False,False,DEEP_BEAR_TO_BEAR_NO_AUTO_BUY,NOT_CONFIRMED_TODAY,NONE,0.55,
2022-02-13 00:00:00+00:00,DEEP_BEAR,4,2,NONE,0.25,0.20499316617881697,STAGE4_SELL:EXPOSURE_GAP_BELOW_5PP,False,True,False,False,False,True,True,False,False,STAGE4_SELL:EXPOSURE_GAP_BELOW_5PP,NOT_CONFIRMED_TODAY,NONE,0.25,
2022-02-14 00:00:00+00:00,BEAR,3,2,NONE,0.55,0.20834100920242704,DEEP_BEAR_TO_BEAR_NO_AUTO_BUY,False,True,False,False,False,True,True,False,False,DEEP_BEAR_TO_BEAR_NO_AUTO_BUY,NOT_CONFIRMED_TODAY,NONE,0.55,
2022-02-15 00:00:00+00:00,DEEP_BEAR,4,2,NONE,0.25,0.22233627536398148,STAGE4_SELL:EXPOSURE_GAP_BELOW_5PP,False,True,False,False,True,True,True,False,False,STAGE4_SELL:EXPOSURE_GAP_BELOW_5PP,NOT_CONFIRMED_TODAY,NONE,0.25,
2022-02-16 00:00:00+00:00,BEAR,3,2,NONE,0.55,0.21906033015833154,DEEP_BEAR_TO_BEAR_NO_AUTO_BUY,False,True,False,False,True,True,True,False,False,DEEP_BEAR_TO_BEAR_NO_AUTO_BUY,NOT_CONFIRMED_TODAY,NONE,0.55,
2022-02-17 00:00:00+00:00,DEEP_BEAR,4,2,NONE,0.25,0.20627274988146813,STAGE4_SELL:EXPOSURE_GAP_BELOW_5PP,False,True,False,False,True,True,True,False,False,STAGE4_SELL:EXPOSURE_GAP_BELOW_5PP,NOT_CONFIRMED_TODAY,NONE,0.25,
2022-02-18 00:00:00+00:00,BEAR,3,2,NONE,0.55,0.19997732923298306,DEEP_BEAR_TO_BEAR_NO_AUTO_BUY,False,True,False,False,False,True,True,False,False,DEEP_BEAR_TO_BEAR_NO_AUTO_BUY,NOT_CONFIRMED_TODAY,NONE,0.55,
2022-02-19 00:00:00+00:00,DEEP_BEAR,4,2,NONE,0.25,0.19914095006799926,STAGE4_SELL:NOTIONAL_BELOW_GUARD,False,True,False,False,False,True,True,False,False,STAGE4_SELL:NOTIONAL_BELOW_GUARD,NOT_CONFIRMED_TODAY,NONE,0.25,
2022-02-20 00:00:00+00:00,BEAR,3,2,NONE,0.55,0.19096359970603022,DEEP_BEAR_TO_BEAR_NO_AUTO_BUY,False,True,False,False,False,True,True,False,False,DEEP_BEAR_TO_BEAR_NO_AUTO_BUY,NOT_CONFIRMED_TODAY,NONE,0.55,
2022-02-21 00:00:00+00:00,DEEP_BEAR,4,2,NONE,0.25,0.18778605786083677,STAGE4_SELL:NOTIONAL_BELOW_GUARD,False,True,False,False,False,True,True,False,False,STAGE4_SELL:NOTIONAL_BELOW_GUARD,NOT_CONFIRMED_TODAY,NONE,0.25,
2022-02-22 00:00:00+00:00,BEAR,3,2,NONE,0.55,0.19189534305144343,DEEP_BEAR_TO_BEAR_NO_AUTO_BUY,False,True,False,False,False,True,True,False,False,DEEP_BEAR_TO_BEAR_NO_AUTO_BUY,NOT_CONFIRMED_TODAY,NONE,0.55,
2022-02-23 00:00:00+00:00,DEEP_BEAR,4,2,NONE,0.25,0.18859865880583698,STAGE4_SELL:NOTIONAL_BELOW_GUARD,False,True,False,False,False,True,True,False,False,STAGE4_SELL:NOTIONAL_BELOW_GUARD,NOT_CONFIRMED_TODAY,NONE,0.25,
2022-02-24 00:00:00+00:00,BEAR,3,2,NONE,0.55,0.18969679524052802,DEEP_BEAR_TO_BEAR_NO_AUTO_BUY,False,True,False,True,False,True,True,False,False,DEEP_BEAR_TO_BEAR_NO_AUTO_BUY,NOT_CONFIRMED_TODAY,NONE,0.55,
2022-02-25 00:00:00+00:00,DEEP_BEAR,4,2,NONE,0.25,0.19970878867174383,STAGE4_SELL:NOTIONAL_BELOW_GUARD,False,True,False,True,False,True,True,False,False,STAGE4_SELL:NOTIONAL_BELOW_GUARD,NOT_CONFIRMED_TODAY,NONE,0.25,
2022-02-26 00:00:00+00:00,BEAR,3,2,NONE,0.55,0.20037895151214666,DEEP_BEAR_TO_BEAR_NO_AUTO_BUY,False,True,False,True,False,True,True,False,False,DEEP_BEAR_TO_BEAR_NO_AUTO_BUY,NOT_CONFIRMED_TODAY,NONE,0.55,
2022-02-27 00:00:00+00:00,DEEP_BEAR,4,2,NONE,0.25,0.19101275811155782,STAGE4_SELL:EXPOSURE_GAP_BELOW_5PP,False,True,False,True,False,True,True,False,False,STAGE4_SELL:EXPOSURE_GAP_BELOW_5PP,NOT_CONFIRMED_TODAY,NONE,0.25,
2022-02-28 00:00:00+00:00,BEAR,3,2,NONE,0.55,0.20872369113543926,DEEP_BEAR_TO_BEAR_NO_AUTO_BUY,False,True,False,True,False,True,True,False,False,DEEP_BEAR_TO_BEAR_NO_AUTO_BUY,NOT_CONFIRMED_TODAY,NONE,0.55,
2022-03-01 00:00:00+00:00,DEEP_BEAR,4,2,NONE,0.25,0.21193128659050975,STAGE4_SELL:EXPOSURE_GAP_BELOW_5PP,False,False,False,True,True,True,True,False,False,STAGE4_SELL:EXPOSURE_GAP_BELOW_5PP,NOT_CONFIRMED_TODAY,NONE,0.25,
2022-03-02 00:00:00+00:00,BEAR,3,2,NONE,0.55,0.2103461245243172,DEEP_BEAR_TO_BEAR_NO_AUTO_BUY,False,False,False,True,True,True,True,False,False,DEEP_BEAR_TO_BEAR_NO_AUTO_BUY,NOT_CONFIRMED_TODAY,NONE,0.55,
2022-03-03 00:00:00+00:00,DEEP_BEAR,4,2,NONE,0.25,0.2039828242531908,STAGE4_SELL:EXPOSURE_GAP_BELOW_5PP,False,False,False,True,True,True,True,False,False,STAGE4_SELL:EXPOSURE_GAP_BELOW_5PP,NOT_CONFIRMED_TODAY,NONE,0.25,
2022-03-04 00:00:00+00:00,BEAR,3,2,NONE,0.55,0.1916986582497243,DEEP_BEAR_TO_BEAR_NO_AUTO_BUY,False,False,False,True,True,True,True,False,False,DEEP_BEAR_TO_BEAR_NO_AUTO_BUY,NOT_CONFIRMED_TODAY,NONE,0.55,
2022-03-05 00:00:00+00:00,DEEP_BEAR,4,2,NONE,0.25,0.19425855882007959,STAGE4_SELL:NOTIONAL_BELOW_GUARD,False,False,False,True,False,True,True,False,False,STAGE4_SELL:NOTIONAL_BELOW_GUARD,NOT_CONFIRMED_TODAY,NONE,0.25,
2022-03-06 00:00:00+00:00,DEEP_BEAR,4,2,NONE,0.25,0.18763378511481751,,False,False,False,True,False,True,True,False,False,,NOT_CONFIRMED_TODAY,NONE,0.25,
2022-03-07 00:00:00+00:00,DEEP_BEAR,4,2,NONE,0.25,0.18412386419506782,,False,False,False,True,False,True,True,False,False,,NOT_CONFIRMED_TODAY,NONE,0.25,
2022-03-08 00:00:00+00:00,DEEP_BEAR,4,2,NONE,0.25,0.18921684818243895,,False,False,False,False,False,True,True,False,False,,NOT_CONFIRMED_TODAY,NONE,0.25,
2022-03-09 00:00:00+00:00,DEEP_BEAR,4,2,NONE,0.25,0.19825150470659728,,False,False,False,False,False,True,True,False,False,,NOT_CONFIRMED_TODAY,NONE,0.25,
2022-03-10 00:00:00+00:00,DEEP_BEAR,4,2,NONE,0.25,0.19117455442321338,,False,False,False,False,True,True,True,False,False,,NOT_CONFIRMED_TODAY,NONE,0.25,
2022-03-11 00:00:00+00:00,DEEP_BEAR,4,2,NONE,0.25,0.18827022053899253,,False,False,False,False,False,True,True,False,False,,NOT_CONFIRMED_TODAY,NONE,0.25,
2022-03-12 00:00:00+00:00,DEEP_BEAR,4,2,NONE,0.25,0.1890304759645599,,False,False,False,False,False,True,True,False,False,,NOT_CONFIRMED_TODAY,NONE,0.25,
2022-03-13 00:00:00+00:00,DEEP_BEAR,4,2,NONE,0.25,0.18588013196205355,,False,False,False,False,False,True,True,False,False,,NOT_CONFIRMED_TODAY,NONE,0.25,
2022-03-14 00:00:00+00:00,DEEP_BEAR,4,2,NONE,0.25,0.19042847762332266,,False,False,False,False,False,True,True,False,False,,NOT_CONFIRMED_TODAY,NONE,0.25,
2022-03-15 00:00:00+00:00,DEEP_BEAR,4,2,NONE,0.25,0.1920866584011864,,False,False,False,False,False,True,True,False,False,,NOT_CONFIRMED_TODAY,NONE,0.25,
2022-03-16 00:00:00+00:00,DEEP_BEAR,4,2,NONE,0.25,0.20124193692820405,,False,False,False,False,False,True,True,False,False,,NOT_CONFIRMED_TODAY,NONE,0.25,
2022-03-17 00:00:00+00:00,DEEP_BEAR,4,2,NONE,0.25,0.20342452207718958,,False,False,True,False,True,True,True,False,False,,NOT_CONFIRMED_TODAY,NONE,0.25,
2022-03-18 00:00:00+00:00,DEEP_BEAR,4,2,NONE,0.25,0.21063211590182795,,False,False,True,False,True,True,True,False,False,,NOT_CONFIRMED_TODAY,NONE,0.25,
2022-03-19 00:00:00+00:00,DEEP_BEAR,4,2,NONE,0.25,0.21138807012372984,,False,False,True,False,True,True,True,False,False,,NOT_CONFIRMED_TODAY,NONE,0.25,
2022-03-20 00:00:00+00:00,DEEP_BEAR,4,2,NONE,0.25,0.20639093793388252,,False,False,True,False,True,True,True,False,False,,NOT_CONFIRMED_TODAY,NONE,0.25,
2022-03-21 00:00:00+00:00,BEAR,3,2,NONE,0.55,0.2080126815973926,DEEP_BEAR_TO_BEAR_NO_AUTO_BUY,False,False,True,False,True,True,True,False,False,DEEP_BEAR_TO_BEAR_NO_AUTO_BUY,NOT_CONFIRMED_TODAY,NONE,0.55,
2022-03-22 00:00:00+00:00,DEEP_BEAR,4,2,NONE,0.25,0.21260323631224126,STAGE4_SELL:EXPOSURE_GAP_BELOW_5PP,False,False,True,False,True,True,True,False,False,STAGE4_SELL:EXPOSURE_GAP_BELOW_5PP,NOT_CONFIRMED_TODAY,NONE,0.25,
2022-03-23 00:00:00+00:00,DEEP_BEAR,4,2,NONE,0.25,0.21633654431483043,,False,False,True,False,True,True,True,False,False,,NOT_CONFIRMED_TODAY,NONE,0.25,
2022-03-24 00:00:00+00:00,DEEP_BEAR,4,2,NONE,0.25,0.22054828587177208,,False,False,True,False,True,True,True,False,False,,NOT_CONFIRMED_TODAY,NONE,0.25,
2022-03-25 00:00:00+00:00,BEAR,3,2,NONE,0.55,0.22017155322138074,DEEP_BEAR_TO_BEAR_NO_AUTO_BUY,False,False,True,False,True,True,True,False,False,DEEP_BEAR_TO_BEAR_NO_AUTO_BUY,NOT_CONFIRMED_TODAY,NONE,0.55,
2022-03-26 00:00:00+00:00,DEEP_BEAR,4,2,NONE,0.25,0.2225456667039322,STAGE4_SELL:EXPOSURE_GAP_BELOW_5PP,False,False,True,False,True,True,True,False,False,STAGE4_SELL:EXPOSURE_GAP_BELOW_5PP,NOT_CONFIRMED_TODAY,NONE,0.25,
2022-03-27 00:00:00+00:00,BEAR,3,2,NONE,0.55,0.23081942438668196,DEEP_BEAR_TO_BEAR_NO_AUTO_BUY,False,False,True,False,True,True,True,False,False,DEEP_BEAR_TO_BEAR_NO_AUTO_BUY,NOT_CONFIRMED_TODAY,NONE,0.55,
2022-03-28 00:00:00+00:00,DEEP_BEAR,4,2,NONE,0.25,0.2328482788305999,STAGE4_SELL:EXPOSURE_GAP_BELOW_5PP,False,False,True,False,True,True,True,False,False,STAGE4_SELL:EXPOSURE_GAP_BELOW_5PP,NOT_CONFIRMED_TODAY,NONE,0.25,
2022-03-29 00:00:00+00:00,BEAR,3,2,NONE,0.55,0.23643690401297604,DEEP_BEAR_TO_BEAR_NO_AUTO_BUY,False,False,True,False,True,True,True,False,False,DEEP_BEAR_TO_BEAR_NO_AUTO_BUY,NOT_CONFIRMED_TODAY,NONE,0.55,
2022-03-30 00:00:00+00:00,BEAR,3,2,NONE,0.55,0.23568824763860932,,False,False,True,False,True,True,True,False,False,,NOT_CONFIRMED_TODAY,NONE,0.55,
2022-03-31 00:00:00+00:00,DEEP_BEAR,4,2,NONE,0.25,0.23013853274307122,STAGE4_SELL:EXPOSURE_GAP_BELOW_5PP,False,False,True,False,True,True,True,False,False,STAGE4_SELL:EXPOSURE_GAP_BELOW_5PP,NOT_CONFIRMED_TODAY,NONE,0.25,
2022-04-01 00:00:00+00:00,BEAR,3,2,NONE,0.55,0.2392790505554953,DEEP_BEAR_TO_BEAR_NO_AUTO_BUY,False,False,True,True,True,True,True,False,False,DEEP_BEAR_TO_BEAR_NO_AUTO_BUY,NOT_CONFIRMED_TODAY,NONE,0.55,
2022-04-02 00:00:00+00:00,DEEP_BEAR,4,2,NONE,0.25,0.2386911271590467,STAGE4_SELL:EXPOSURE_GAP_BELOW_5PP,False,False,True,True,True,True,True,False,False,STAGE4_SELL:EXPOSURE_GAP_BELOW_5PP,NOT_CONFIRMED_TODAY,NONE,0.25,
2022-04-03 00:00:00+00:00,BEAR,3,2,NONE,0.55,0.2427939722432127,DEEP_BEAR_TO_BEAR_NO_AUTO_BUY,False,False,True,True,True,True,True,False,False,DEEP_BEAR_TO_BEAR_NO_AUTO_BUY,NOT_CONFIRMED_TODAY,NONE,0.55,
2022-04-04 00:00:00+00:00,DEEP_BEAR,4,2,NONE,0.25,0.2427413516158829,STAGE4_SELL:EXPOSURE_GAP_BELOW_5PP,False,False,True,True,True,True,True,False,False,STAGE4_SELL:EXPOSURE_GAP_BELOW_5PP,NOT_CONFIRMED_TODAY,NONE,0.25,
2022-04-05 00:00:00+00:00,BEAR,3,2,NONE,0.55,0.23691489371988825,DEEP_BEAR_TO_BEAR_NO_AUTO_BUY,False,False,True,True,True,True,True,False,False,DEEP_BEAR_TO_BEAR_NO_AUTO_BUY,NOT_CONFIRMED_TODAY,NONE,0.55,
2022-04-06 00:00:00+00:00,DEEP_BEAR,4,2,NONE,0.25,0.2241989423151418,STAGE4_SELL:EXPOSURE_GAP_BELOW_5PP,False,False,True,True,True,True,True,False,False,STAGE4_SELL:EXPOSURE_GAP_BELOW_5PP,NOT_CONFIRMED_TODAY,NONE,0.25,
2022-04-07 00:00:00+00:00,BEAR,3,2,NONE,0.55,0.22739698475447512,DEEP_BEAR_TO_BEAR_NO_AUTO_BUY,False,False,True,True,True,True,True,False,False,DEEP_BEAR_TO_BEAR_NO_AUTO_BUY,NOT_CONFIRMED_TODAY,NONE,0.55,
2022-04-08 00:00:00+00:00,DEEP_BEAR,4,2,NONE,0.25,0.22546236492879193,STAGE4_SELL:EXPOSURE_GAP_BELOW_5PP,False,False,True,True,True,True,True,False,False,STAGE4_SELL:EXPOSURE_GAP_BELOW_5PP,NOT_CONFIRMED_TODAY,NONE,0.25,
2022-04-09 00:00:00+00:00,BEAR,3,2,NONE,0.55,0.22907309079328858,DEEP_BEAR_TO_BEAR_NO_AUTO_BUY,False,False,True,True,True,True,True,False,False,DEEP_BEAR_TO_BEAR_NO_AUTO_BUY,NOT_CONFIRMED_TODAY,NONE,0.55,
2022-04-10 00:00:00+00:00,DEEP_BEAR,4,2,NONE,0.25,0.2261194827031532,STAGE4_SELL:EXPOSURE_GAP_BELOW_5PP,False,False,True,True,True,True,True,False,False,STAGE4_SELL:EXPOSURE_GAP_BELOW_5PP,NOT_CONFIRMED_TODAY,NONE,0.25,
2022-04-11 00:00:00+00:00,BEAR,3,2,NONE,0.55,0.21381610891977884,DEEP_BEAR_TO_BEAR_NO_AUTO_BUY,False,False,True,True,True,True,True,False,False,DEEP_BEAR_TO_BEAR_NO_AUTO_BUY,NOT_CONFIRMED_TODAY,NONE,0.55,
2022-04-12 00:00:00+00:00,DEEP_BEAR,4,2,NONE,0.25,0.21655261897550376,STAGE4_SELL:EXPOSURE_GAP_BELOW_5PP,False,False,True,True,False,True,True,False,False,STAGE4_SELL:EXPOSURE_GAP_BELOW_5PP,NOT_CONFIRMED_TODAY,NONE,0.25,
2022-04-13 00:00:00+00:00,DEEP_BEAR,4,2,NONE,0.25,0.2216354156384224,,False,False,True,True,False,True,True,False,False,,NOT_CONFIRMED_TODAY,NONE,0.25,
2022-04-14 00:00:00+00:00,DEEP_BEAR,4,2,NONE,0.25,0.21633247404664804,,False,False,True,True,False,True,True,False,False,,NOT_CONFIRMED_TODAY,NONE,0.25,
2022-04-15 00:00:00+00:00,DEEP_BEAR,4,2,NONE,0.25,0.21747504235508786,,False,False,True,True,False,True,True,False,False,,NOT_CONFIRMED_TODAY,NONE,0.25,
2022-04-16 00:00:00+00:00,DEEP_BEAR,4,2,NONE,0.25,0.21852000530468643,,False,False,True,True,False,True,True,False,False,,NOT_CONFIRMED_TODAY,NONE,0.25,
2022-04-17 00:00:00+00:00,DEEP_BEAR,4,2,NONE,0.25,0.21460841220929558,,False,False,True,True,False,True,True,False,False,,NOT_CONFIRMED_TODAY,NONE,0.25,
2022-04-18 00:00:00+00:00,DEEP_BEAR,4,2,NONE,0.25,0.21848289596829176,,False,False,True,True,False,True,True,False,False,,NOT_CONFIRMED_TODAY,NONE,0.25,
2022-04-19 00:00:00+00:00,DEEP_BEAR,4,2,NONE,0.25,0.22112036512136626,,False,False,True,True,False,True,True,False,False,,NOT_CONFIRMED_TODAY,NONE,0.25,
2022-04-20 00:00:00+00:00,DEEP_BEAR,4,2,NONE,0.25,0.21977103971413348,,False,False,True,True,False,True,True,False,False,,NOT_CONFIRMED_TODAY,NONE,0.25,
2022-04-21 00:00:00+00:00,DEEP_BEAR,4,2,NONE,0.25,0.2146863016372739,,False,False,True,True,False,True,True,False,False,,NOT_CONFIRMED_TODAY,NONE,0.25,
2022-04-22 00:00:00+00:00,DEEP_BEAR,4,2,NONE,0.25,0.21347199028372055,,False,False,True,True,False,True,True,False,False,,NOT_CONFIRMED_TODAY,NONE,0.25,
2022-04-23 00:00:00+00:00,DEEP_BEAR,4,2,NONE,0.25,0.2118764461216262,,False,False,True,False,False,True,True,False,False,,NOT_CONFIRMED_TODAY,NONE,0.25,
2022-04-24 00:00:00+00:00,DEEP_BEAR,4,2,NONE,0.25,0.21126967043823133,,False,False,False,False,False,True,True,False,False,,NOT_CONFIRMED_TODAY,NONE,0.25,
2022-04-25 00:00:00+00:00,DEEP_BEAR,4,2,NONE,0.25,0.2161530016990142,,False,False,False,False,False,True,True,False,False,,NOT_CONFIRMED_TODAY,NONE,0.25,
2022-04-26 00:00:00+00:00,DEEP_BEAR,4,2,NONE,0.25,0.20499874322464742,,False,False,False,False,False,True,True,False,False,,NOT_CONFIRMED_TODAY,NONE,0.25,
2022-04-27 00:00:00+00:00,DEEP_BEAR,4,2,NONE,0.25,0.20963352965322293,,False,False,False,False,False,True,True,False,False,,NOT_CONFIRMED_TODAY,NONE,0.25,
2022-04-28 00:00:00+00:00,DEEP_BEAR,4,2,NONE,0.25,0.21240756607256878,,False,False,False,False,False,True,True,False,False,,NOT_CONFIRMED_TODAY,NONE,0.25,
2022-04-29 00:00:00+00:00,DEEP_BEAR,4,2,NONE,0.25,0.20565200084896929,,False,False,False,False,False,True,True,False,False,,NOT_CONFIRMED_TODAY,NONE,0.25,
2022-04-30 00:00:00+00:00,DEEP_BEAR,4,2,NONE,0.25,0.20046875861141233,,False,False,False,False,False,True,True,False,False,,NOT_CONFIRMED_TODAY,NONE,0.25,
2022-05-01 00:00:00+00:00,DEEP_BEAR,4,2,NONE,0.25,0.20617160796099146,,False,False,False,False,False,True,True,False,False,,NOT_CONFIRMED_TODAY,NONE,0.25,
2022-05-02 00:00:00+00:00,DEEP_BEAR,4,2,NONE,0.25,0.20800100964334634,,False,False,False,False,False,True,True,False,False,,NOT_CONFIRMED_TODAY,NONE,0.25,
2022-05-03 00:00:00+00:00,DEEP_BEAR,4,2,NONE,0.25,0.20375043525395403,,False,False,False,False,False,True,True,False,False,,NOT_CONFIRMED_TODAY,NONE,0.25,
2022-05-04 00:00:00+00:00,DEEP_BEAR,4,2,NONE,0.25,0.21293734337906467,,False,False,False,False,False,True,True,False,False,,NOT_CONFIRMED_TODAY,NONE,0.25,
2022-05-05 00:00:00+00:00,DEEP_BEAR,4,2,NONE,0.25,0.20176654423902618,,False,False,False,False,False,True,True,False,False,,NOT_CONFIRMED_TODAY,NONE,0.25,
2022-05-06 00:00:00+00:00,DEEP_BEAR,4,2,NONE,0.25,0.19861117596150174,,False,False,False,False,False,True,True,False,False,,NOT_CONFIRMED_TODAY,NONE,0.25,
2022-05-07 00:00:00+00:00,DEEP_BEAR,4,2,NONE,0.25,0.19529217830009096,,False,False,False,False,False,True,True,False,False,,NOT_CONFIRMED_TODAY,NONE,0.25,
2022-05-08 00:00:00+00:00,DEEP_BEAR,4,2,NONE,0.25,0.1884152425933643,,False,False,False,False,False,True,True,False,False,,NOT_CONFIRMED_TODAY,NONE,0.25,
2022-05-09 00:00:00+00:00,DEEP_BEAR,4,2,NONE,0.25,0.17040305077188916,,False,False,False,False,False,True,True,False,False,,NOT_CONFIRMED_TODAY,NONE,0.25,
2022-05-10 00:00:00+00:00,DEEP_BEAR,4,2,LEVEL1_ACTIVE_OR_RAW,0.25,0.17749083114067413,CRASH_L1:NOTIONAL_BELOW_GUARD,False,False,False,False,False,False,True,True,False,CRASH_L1:NOTIONAL_BELOW_GUARD,NOT_CONFIRMED_TODAY,NONE,0.25,
2022-05-11 00:00:00+00:00,DEEP_BEAR,4,2,LEVEL1_ACTIVE_OR_RAW,0.25,0.16149563058887267,,False,False,False,False,False,False,True,True,False,,NOT_CONFIRMED_TODAY,NONE,0.25,
2022-05-12 00:00:00+00:00,DEEP_BEAR,4,2,LEVEL1_ACTIVE_OR_RAW,0.25,0.15370731915917962,,False,False,False,False,False,False,False,True,False,,NOT_CONFIRMED_TODAY,NONE,0.25,
2022-05-13 00:00:00+00:00,DEEP_BEAR,4,2,LEVEL1_ACTIVE_OR_RAW,0.25,0.1569433900969895,,False,False,False,False,False,False,False,False,False,,NOT_CONFIRMED_TODAY,NONE,0.25,
2022-05-14 00:00:00+00:00,DEEP_BEAR,4,2,LEVEL1_ACTIVE_OR_RAW,0.25,0.16009925274604003,,False,False,False,False,False,False,False,False,False,,NOT_CONFIRMED_TODAY,NONE,0.25,
2022-05-15 00:00:00+00:00,DEEP_BEAR,4,2,LEVEL1_ACTIVE_OR_RAW,0.25,0.16591822295111752,,False,False,False,False,False,False,False,False,False,,NOT_CONFIRMED_TODAY,NONE,0.25,
2022-05-16 00:00:00+00:00,DEEP_BEAR,4,2,LEVEL1_ACTIVE_OR_RAW,0.25,0.1581257329478066,,False,False,False,False,False,False,False,False,False,,NOT_CONFIRMED_TODAY,NONE,0.25,
2022-05-17 00:00:00+00:00,DEEP_BEAR,4,2,LEVEL1_ACTIVE_OR_RAW,0.25,0.16249016150793413,,False,False,False,False,False,False,False,False,False,,NOT_CONFIRMED_TODAY,NONE,0.25,
2022-05-18 00:00:00+00:00,DEEP_BEAR,4,2,LEVEL1_ACTIVE_OR_RAW,0.25,0.15113790851345926,,False,False,False,False,False,False,False,False,False,,NOT_CONFIRMED_TODAY,NONE,0.25,
2022-05-19 00:00:00+00:00,DEEP_BEAR,4,2,LEVEL1_ACTIVE_OR_RAW,0.25,0.15814869941721843,,False,False,False,False,False,False,False,False,False,,NOT_CONFIRMED_TODAY,NONE,0.25,
2022-05-20 00:00:00+00:00,DEEP_BEAR,4,2,NONE,0.25,0.15415940824644547,,False,False,False,False,False,False,False,False,False,,NOT_CONFIRMED_TODAY,NONE,0.25,
2022-05-21 00:00:00+00:00,DEEP_BEAR,4,2,NONE,0.25,0.15528590289986344,,False,False,False,False,False,False,False,False,False,,NOT_CONFIRMED_TODAY,NONE,0.25,
2022-05-22 00:00:00+00:00,DEEP_BEAR,4,2,NONE,0.25,0.1598128283385135,,False,False,False,False,False,False,False,False,False,,NOT_CONFIRMED_TODAY,NONE,0.25,
2022-05-23 00:00:00+00:00,DEEP_BEAR,4,2,NONE,0.25,0.15522408970580054,,False,False,False,False,False,False,False,False,False,,NOT_CONFIRMED_TODAY,NONE,0.25,
2022-05-24 00:00:00+00:00,DEEP_BEAR,4,2,NONE,0.25,0.15579264764079814,,False,False,False,False,False,False,False,False,False,,NOT_CONFIRMED_TODAY,NONE,0.25,
2022-05-25 00:00:00+00:00,DEEP_BEAR,4,2,NONE,0.25,0.15350303020948128,,False,False,False,False,False,False,False,False,False,,NOT_CONFIRMED_TODAY,NONE,0.25,
2022-05-26 00:00:00+00:00,DEEP_BEAR,4,2,NONE,0.25,0.14383888257754576,,False,False,False,False,False,False,False,False,False,,NOT_CONFIRMED_TODAY,NONE,0.25,
2022-05-27 00:00:00+00:00,DEEP_BEAR,4,2,NONE,0.25,0.13953151913788792,,False,False,False,False,False,False,False,False,False,,NOT_CONFIRMED_TODAY,NONE,0.25,
2022-05-28 00:00:00+00:00,DEEP_BEAR,4,2,NONE,0.25,0.14392666556781186,,False,False,False,False,False,False,False,False,False,,NOT_CONFIRMED_TODAY,NONE,0.25,
2022-05-29 00:00:00+00:00,DEEP_BEAR,4,2,NONE,0.25,0.14548280114542564,,False,False,False,False,False,False,False,False,False,,NOT_CONFIRMED_TODAY,NONE,0.25,
2022-05-30 00:00:00+00:00,DEEP_BEAR,4,2,NONE,0.25,0.15787830906549952,,False,False,False,False,False,False,False,False,False,,NOT_CONFIRMED_TODAY,NONE,0.25,
2022-05-31 00:00:00+00:00,DEEP_BEAR,4,2,NONE,0.25,0.15437136962683906,,False,False,False,False,False,False,False,False,False,,NOT_CONFIRMED_TODAY,NONE,0.25,
2022-06-01 00:00:00+00:00,DEEP_BEAR,4,2,NONE,0.25,0.1460262527435228,,False,False,False,False,False,True,False,False,False,,NOT_CONFIRMED_TODAY,NONE,0.25,
2022-06-02 00:00:00+00:00,DEEP_BEAR,4,2,NONE,0.25,0.14728948646047976,,False,False,False,False,False,True,False,False,False,,NOT_CONFIRMED_TODAY,NONE,0.25,
2022-06-03 00:00:00+00:00,DEEP_BEAR,4,2,NONE,0.25,0.14335294265036239,,False,False,False,False,False,True,False,False,False,,NOT_CONFIRMED_TODAY,NONE,0.25,
2022-06-04 00:00:00+00:00,DEEP_BEAR,4,2,NONE,0.25,0.14536765038881244,,False,False,False,False,False,True,False,False,False,,NOT_CONFIRMED_TODAY,NONE,0.25,
2022-06-05 00:00:00+00:00,DEEP_BEAR,4,2,NONE,0.25,0.14555220512032466,,False,False,False,False,False,True,False,False,False,,NOT_CONFIRMED_TODAY,NONE,0.25,
2022-06-06 00:00:00+00:00,DEEP_BEAR,4,2,NONE,0.25,0.1494340516921174,,False,False,False,False,False,True,False,False,False,,NOT_CONFIRMED_TODAY,NONE,0.25,
2022-06-07 00:00:00+00:00,DEEP_BEAR,4,2,NONE,0.25,0.14644689588308113,,False,False,False,False,False,True,False,False,False,,NOT_CONFIRMED_TODAY,NONE,0.25,
2022-06-08 00:00:00+00:00,DEEP_BEAR,4,2,NONE,0.25,0.14488564954728148,,False,False,False,False,False,True,False,False,False,,NOT_CONFIRMED_TODAY,NONE,0.25,
2022-06-09 00:00:00+00:00,DEEP_BEAR,4,2,NONE,0.25,0.14472562054718538,,False,False,False,False,False,True,False,False,False,,NOT_CONFIRMED_TODAY,NONE,0.25,
2022-06-10 00:00:00+00:00,DEEP_BEAR,4,2,NONE,0.25,0.13628525232580993,,False,False,False,False,False,True,False,False,False,,NOT_CONFIRMED_TODAY,NONE,0.25,
2022-06-11 00:00:00+00:00,DEEP_BEAR,4,2,NONE,0.25,0.12749376739844168,,False,False,False,False,False,True,False,False,False,,NOT_CONFIRMED_TODAY,NONE,0.25,
2022-06-12 00:00:00+00:00,DEEP_BEAR,4,2,NONE,0.25,0.120376070374638,,False,False,False,False,False,True,False,False,False,,NOT_CONFIRMED_TODAY,NONE,0.25,
2022-06-13 00:00:00+00:00,DEEP_BEAR,4,2,NONE,0.25,0.10354069865013657,,False,False,False,False,False,True,False,False,False,,NOT_CONFIRMED_TODAY,NONE,0.25,
2022-06-14 00:00:00+00:00,DEEP_BEAR,4,2,LEVEL1_ACTIVE_OR_RAW,0.25,0.10343867939427827,CRASH_L1:NOTIONAL_BELOW_GUARD,False,False,False,False,False,False,False,True,False,CRASH_L1:NOTIONAL_BELOW_GUARD,NOT_CONFIRMED_TODAY,NONE,0.25,
2022-06-15 00:00:00+00:00,ACCUMULATION,4,2,LEVEL1_ACTIVE_OR_RAW,0.35,0.3550412911445843,AHR999_TO35:EXECUTED,False,False,False,False,False,False,False,True,False,AHR999_TO35:EXECUTED,NOT_CONFIRMED_TODAY,AHR_VALUE_BUY,0.35,26
2022-06-16 00:00:00+00:00,ACCUMULATION,4,2,LEVEL1_ACTIVE_OR_RAW,0.35,0.32684967381259583,,False,False,False,False,False,False,False,True,False,,NOT_CONFIRMED_TODAY,NONE,0.35,
2022-06-17 00:00:00+00:00,ACCUMULATION,4,2,LEVEL2_RAW,0.35,0.32924230302873214,CRASH_L2:NOTIONAL_BELOW_GUARD,False,False,False,False,False,False,False,True,True,CRASH_L2:NOTIONAL_BELOW_GUARD,NOT_CONFIRMED_TODAY,NONE,0.35,
2022-06-18 00:00:00+00:00,DEEP_BEAR,4,2,LEVEL2_RAW,0.25,0.23481430396015576,STAGE4_SELL:EXECUTED,False,False,False,False,False,False,False,True,True,STAGE4_SELL:EXECUTED,NOT_CONFIRMED_TODAY,BEARISH_REBREAK_SELL,0.25,27
2022-06-19 00:00:00+00:00,ACCUMULATION,4,2,LEVEL2_RAW,0.35,0.3741171161657314,AHR999_TO35:EXECUTED,False,False,False,False,False,False,False,True,True,AHR999_TO35:EXECUTED,NOT_CONFIRMED_TODAY,AHR_VALUE_BUY,0.35,28
2022-06-20 00:00:00+00:00,ACCUMULATION,4,2,LEVEL1_ACTIVE_OR_RAW,0.35,0.374136058108202,,False,False,False,False,False,False,False,False,False,,NOT_CONFIRMED_TODAY,NONE,0.35,
2022-06-21 00:00:00+00:00,ACCUMULATION,4,2,LEVEL1_ACTIVE_OR_RAW,0.35,0.37474055283356467,,False,False,False,False,False,False,False,False,False,,NOT_CONFIRMED_TODAY,NONE,0.35,
2022-06-22 00:00:00+00:00,ACCUMULATION,4,2,LEVEL1_ACTIVE_OR_RAW,0.35,0.3623767464440277,,False,False,False,False,False,False,False,False,False,,NOT_CONFIRMED_TODAY,NONE,0.35,
2022-06-23 00:00:00+00:00,ACCUMULATION,4,2,LEVEL1_ACTIVE_OR_RAW,0.35,0.3789553712225157,,False,False,False,False,False,False,False,False,False,,NOT_CONFIRMED_TODAY,NONE,0.35,
2022-06-24 00:00:00+00:00,ACCUMULATION,4,2,NONE,0.35,0.3881115807939372,,False,False,False,False,False,False,False,False,False,,NOT_CONFIRMED_TODAY,NONE,0.35,
2022-06-25 00:00:00+00:00,ACCUMULATION,4,2,NONE,0.35,0.39125897689666705,,False,False,False,False,False,False,False,False,False,,NOT_CONFIRMED_TODAY,NONE,0.35,
2022-06-26 00:00:00+00:00,DEEP_BEAR,4,2,NONE,0.25,0.24433818892524137,STAGE4_SELL:EXECUTED,False,False,False,False,False,False,False,False,False,STAGE4_SELL:EXECUTED,NOT_CONFIRMED_TODAY,BEARISH_REBREAK_SELL,0.25,29
2022-06-27 00:00:00+00:00,ACCUMULATION,4,2,NONE,0.35,0.34805074582201356,AHR999_TO35:EXECUTED,False,False,False,False,False,False,False,False,False,AHR999_TO35:EXECUTED,NOT_CONFIRMED_TODAY,AHR_VALUE_BUY,0.35,30
2022-06-28 00:00:00+00:00,ACCUMULATION,4,2,NONE,0.35,0.34068213992414337,,False,False,False,False,False,False,False,False,False,,NOT_CONFIRMED_TODAY,NONE,0.35,
2022-06-29 00:00:00+00:00,ACCUMULATION,4,2,NONE,0.35,0.3352087981943847,,False,False,False,False,False,False,False,False,False,,NOT_CONFIRMED_TODAY,NONE,0.35,
2022-06-30 00:00:00+00:00,ACCUMULATION,4,2,NONE,0.35,0.33114039734481815,,False,False,False,False,False,False,False,False,False,,NOT_CONFIRMED_TODAY,NONE,0.35,
2022-07-01 00:00:00+00:00,ACCUMULATION,4,2,NONE,0.35,0.32647355691084906,,False,False,False,False,False,False,False,False,False,,NOT_CONFIRMED_TODAY,NONE,0.35,
2022-07-02 00:00:00+00:00,ACCUMULATION,4,2,NONE,0.35,0.3271958379299454,,False,False,False,False,False,False,False,False,False,,NOT_CONFIRMED_TODAY,NONE,0.35,
2022-07-03 00:00:00+00:00,ACCUMULATION,4,2,NONE,0.35,0.3283862653462799,,False,False,False,False,False,False,False,False,False,,NOT_CONFIRMED_TODAY,NONE,0.35,
2022-07-04 00:00:00+00:00,DEEP_BEAR,4,2,NONE,0.25,0.2614614837177721,STAGE4_SELL:EXECUTED,False,False,False,False,False,False,False,False,False,STAGE4_SELL:EXECUTED,NOT_CONFIRMED_TODAY,BEARISH_REBREAK_SELL,0.25,31
2022-07-05 00:00:00+00:00,ACCUMULATION,4,2,NONE,0.35,0.3477562240523144,AHR999_TO35:EXECUTED,False,False,False,False,False,False,False,False,False,AHR999_TO35:EXECUTED,NOT_CONFIRMED_TODAY,AHR_VALUE_BUY,0.35,32
2022-07-06 00:00:00+00:00,ACCUMULATION,4,2,NONE,0.35,0.3555534686162177,,False,False,False,False,False,False,False,False,False,,NOT_CONFIRMED_TODAY,NONE,0.35,
2022-07-07 00:00:00+00:00,ACCUMULATION,4,2,NONE,0.35,0.3661653894590689,,False,False,False,False,False,False,False,False,False,,NOT_CONFIRMED_TODAY,NONE,0.35,
2022-07-08 00:00:00+00:00,ACCUMULATION,4,2,NONE,0.35,0.3636734047506196,,False,False,False,False,False,False,False,False,False,,NOT_CONFIRMED_TODAY,NONE,0.35,
2022-07-09 00:00:00+00:00,ACCUMULATION,4,2,NONE,0.35,0.36401308668964466,,False,False,False,False,False,True,True,False,False,,NOT_CONFIRMED_TODAY,NONE,0.35,
2022-07-10 00:00:00+00:00,ACCUMULATION,4,2,NONE,0.35,0.3553531397354542,,False,False,False,False,False,True,True,False,False,,NOT_CONFIRMED_TODAY,NONE,0.35,
2022-07-11 00:00:00+00:00,ACCUMULATION,4,2,NONE,0.35,0.3430297662817051,,False,False,False,False,False,True,True,False,False,,NOT_CONFIRMED_TODAY,NONE,0.35,
2022-07-12 00:00:00+00:00,DEEP_BEAR,4,2,NONE,0.25,0.2417000072574438,STAGE4_SELL:EXECUTED,False,False,False,False,False,True,True,False,False,STAGE4_SELL:EXECUTED,NOT_CONFIRMED_TODAY,BEARISH_REBREAK_SELL,0.25,33
2022-07-13 00:00:00+00:00,ACCUMULATION,4,2,NONE,0.35,0.3635723633983012,AHR999_TO35:EXECUTED,False,False,False,False,False,True,True,False,False,AHR999_TO35:EXECUTED,NOT_CONFIRMED_TODAY,AHR_VALUE_BUY,0.35,34
2022-07-14 00:00:00+00:00,ACCUMULATION,4,2,NONE,0.35,0.3739210450849332,,False,False,False,False,False,True,True,False,False,,NOT_CONFIRMED_TODAY,NONE,0.35,
2022-07-15 00:00:00+00:00,ACCUMULATION,4,2,NONE,0.35,0.37918278541181794,,False,False,False,False,False,True,True,False,False,,NOT_CONFIRMED_TODAY,NONE,0.35,
2022-07-16 00:00:00+00:00,ACCUMULATION,4,2,NONE,0.35,0.39369607534095347,,False,False,False,False,False,True,True,False,False,,NOT_CONFIRMED_TODAY,NONE,0.35,
2022-07-17 00:00:00+00:00,ACCUMULATION,4,2,NONE,0.35,0.3900567522147236,,False,False,False,False,False,True,True,False,False,,NOT_CONFIRMED_TODAY,NONE,0.35,
2022-07-18 00:00:00+00:00,ACCUMULATION,4,2,NONE,0.35,0.4208919766731992,,False,False,False,False,False,True,True,False,False,,NOT_CONFIRMED_TODAY,NONE,0.35,
2022-07-19 00:00:00+00:00,ACCUMULATION,4,2,NONE,0.5,0.5014724165919827,RIGHT_TO_50:EXECUTED,False,False,False,False,False,True,True,False,False,RIGHT_TO_50:EXECUTED,NOT_CONFIRMED_TODAY,RIGHT_SIDE_BUY,0.5,35
2022-07-20 00:00:00+00:00,ACCUMULATION,4,2,NONE,0.5,0.49883362181109003,,False,False,False,False,True,True,True,False,False,,NOT_CONFIRMED_TODAY,NONE,0.5,
2022-07-21 00:00:00+00:00,ACCUMULATION,4,2,NONE,0.5,0.503199475839255,,False,False,False,False,True,True,True,False,False,,NOT_CONFIRMED_TODAY,NONE,0.5,
2022-07-22 00:00:00+00:00,ACCUMULATION,4,2,NONE,0.6,0.5944564417717384,RIGHT_TO_60:EXECUTED,False,False,False,False,True,True,True,False,False,RIGHT_TO_60:EXECUTED,NOT_CONFIRMED_TODAY,RIGHT_SIDE_BUY,0.6,36
2022-07-23 00:00:00+00:00,ACCUMULATION,4,2,NONE,0.6,0.5943628090204687,,False,False,False,False,True,True,True,False,False,,NOT_CONFIRMED_TODAY,NONE,0.6,
2022-07-24 00:00:00+00:00,ACCUMULATION,4,2,NONE,0.6,0.5989669897658014,,False,False,False,False,False,True,True,False,False,,NOT_CONFIRMED_TODAY,NONE,0.6,
2022-07-25 00:00:00+00:00,ACCUMULATION,4,2,NONE,0.6,0.5792706625685932,,False,False,False,False,True,True,True,False,False,,NOT_CONFIRMED_TODAY,NONE,0.6,
2022-07-26 00:00:00+00:00,ACCUMULATION,4,2,NONE,0.6,0.5797143903131671,,False,False,False,False,False,True,True,False,False,,NOT_CONFIRMED_TODAY,NONE,0.6,
2022-07-27 00:00:00+00:00,ACCUMULATION,4,2,NONE,0.6,0.603884911336352,,False,False,False,False,False,True,True,False,False,,NOT_CONFIRMED_TODAY,NONE,0.6,
2022-07-28 00:00:00+00:00,ACCUMULATION,4,2,NONE,0.6,0.6148347332050967,,False,False,False,False,True,True,True,False,False,,NOT_CONFIRMED_TODAY,NONE,0.6,
2022-07-29 00:00:00+00:00,DEEP_BEAR,4,2,NONE,0.25,0.24968422882388078,STAGE4_SELL:EXECUTED,False,False,False,False,True,True,True,False,False,STAGE4_SELL:EXECUTED,NOT_CONFIRMED_TODAY,BEARISH_REBREAK_SELL,0.25,37
2022-07-30 00:00:00+00:00,DEEP_BEAR,4,2,NONE,0.25,0.2474442942202394,,False,False,False,False,True,True,True,False,False,,NOT_CONFIRMED_TODAY,NONE,0.25,
2022-07-31 00:00:00+00:00,DEEP_BEAR,4,2,NONE,0.25,0.2452501689865827,,False,False,False,False,True,True,True,False,False,,NOT_CONFIRMED_TODAY,NONE,0.25,
2022-08-01 00:00:00+00:00,DEEP_BEAR,4,2,NONE,0.25,0.2412383375167608,,False,False,False,False,True,True,True,False,False,,NOT_CONFIRMED_TODAY,NONE,0.25,
2022-08-02 00:00:00+00:00,DEEP_BEAR,4,2,NONE,0.25,0.24079688405957897,,False,False,False,True,True,True,True,False,False,,NOT_CONFIRMED_TODAY,NONE,0.25,
2022-08-03 00:00:00+00:00,DEEP_BEAR,4,2,NONE,0.25,0.239437612270318,,False,False,False,True,True,True,True,False,False,,NOT_CONFIRMED_TODAY,NONE,0.25,
2022-08-04 00:00:00+00:00,DEEP_BEAR,4,2,NONE,0.25,0.23823949050914967,,False,False,False,True,True,True,True,False,False,,NOT_CONFIRMED_TODAY,NONE,0.25,
2022-08-05 00:00:00+00:00,DEEP_BEAR,4,2,NONE,0.25,0.2504178467915397,,False,False,False,True,True,True,True,False,False,,NOT_CONFIRMED_TODAY,NONE,0.25,
2022-08-06 00:00:00+00:00,DEEP_BEAR,4,2,NONE,0.25,0.24595048769212938,,False,False,False,True,True,True,True,False,False,,NOT_CONFIRMED_TODAY,NONE,0.25,
2022-08-07 00:00:00+00:00,DEEP_BEAR,4,2,NONE,0.25,0.24722758671394532,,False,False,False,True,True,True,True,False,False,,NOT_CONFIRMED_TODAY,NONE,0.25,
2022-08-08 00:00:00+00:00,DEEP_BEAR,4,2,NONE,0.25,0.25481754455096983,,False,False,False,True,True,True,True,False,False,,NOT_CONFIRMED_TODAY,NONE,0.25,
2022-08-09 00:00:00+00:00,DEEP_BEAR,4,2,NONE,0.25,0.24749579029260543,,False,False,True,True,True,True,True,False,False,,NOT_CONFIRMED_TODAY,NONE,0.25,
2022-08-10 00:00:00+00:00,DEEP_BEAR,4,2,NONE,0.25,0.2613663459959904,,False,False,True,True,True,True,True,False,False,,NOT_CONFIRMED_TODAY,NONE,0.25,
2022-08-11 00:00:00+00:00,DEEP_BEAR,4,2,NONE,0.25,0.2635016230492062,,False,False,True,True,True,True,True,False,False,,NOT_CONFIRMED_TODAY,NONE,0.25,
2022-08-12 00:00:00+00:00,DEEP_BEAR,4,2,NONE,0.25,0.270566717610117,,False,False,True,True,True,True,True,False,False,,NOT_CONFIRMED_TODAY,NONE,0.25,
2022-08-13 00:00:00+00:00,DEEP_BEAR,4,2,NONE,0.25,0.27264945199141655,,False,False,True,True,True,True,True,False,False,,NOT_CONFIRMED_TODAY,NONE,0.25,
2022-08-14 00:00:00+00:00,DEEP_BEAR,4,2,NONE,0.25,0.2686875648497883,,False,False,True,True,True,True,True,False,False,,NOT_CONFIRMED_TODAY,NONE,0.25,
2022-08-15 00:00:00+00:00,DEEP_BEAR,4,2,NONE,0.25,0.2654937298081185,,False,False,True,True,True,True,True,False,False,,NOT_CONFIRMED_TODAY,NONE,0.25,
2022-08-16 00:00:00+00:00,DEEP_BEAR,4,2,NONE,0.25,0.26331945238622423,,False,False,True,True,True,True,True,False,False,,NOT_CONFIRMED_TODAY,NONE,0.25,
2022-08-17 00:00:00+00:00,DEEP_BEAR,4,2,NONE,0.25,0.25901008136322534,,False,False,True,True,True,True,True,False,False,,NOT_CONFIRMED_TODAY,NONE,0.25,
2022-08-18 00:00:00+00:00,DEEP_BEAR,4,2,NONE,0.25,0.2597491110916473,,False,False,True,True,True,True,True,False,False,,NOT_CONFIRMED_TODAY,NONE,0.25,
2022-08-19 00:00:00+00:00,DEEP_BEAR,4,2,NONE,0.25,0.23549256037365868,,False,False,True,True,True,True,True,False,False,,NOT_CONFIRMED_TODAY,NONE,0.25,
2022-08-20 00:00:00+00:00,DEEP_BEAR,4,2,NONE,0.25,0.2333347905055027,,False,False,True,True,False,True,True,False,False,,NOT_CONFIRMED_TODAY,NONE,0.25,
2022-08-21 00:00:00+00:00,DEEP_BEAR,4,2,NONE,0.25,0.23775566298483247,,False,False,True,True,False,True,True,False,False,,NOT_CONFIRMED_TODAY,NONE,0.25,
2022-08-22 00:00:00+00:00,DEEP_BEAR,4,2,NONE,0.25,0.238132295533036,,False,False,True,True,False,True,True,False,False,,NOT_CONFIRMED_TODAY,NONE,0.25,
2022-08-23 00:00:00+00:00,DEEP_BEAR,4,2,NONE,0.25,0.24189539096875262,,False,False,True,True,False,True,True,False,False,,NOT_CONFIRMED_TODAY,NONE,0.25,
2022-08-24 00:00:00+00:00,DEEP_BEAR,4,2,NONE,0.25,0.2408788101910841,,False,False,True,True,False,True,True,False,False,,NOT_CONFIRMED_TODAY,NONE,0.25,
2022-08-25 00:00:00+00:00,DEEP_BEAR,4,2,NONE,0.25,0.24455363080499964,,False,False,True,True,False,True,True,False,False,,NOT_CONFIRMED_TODAY,NONE,0.25,
2022-08-26 00:00:00+00:00,DEEP_BEAR,4,2,NONE,0.25,0.22589170233710135,,False,False,True,True,False,True,True,False,False,,NOT_CONFIRMED_TODAY,NONE,0.25,
2022-08-27 00:00:00+00:00,ACCUMULATION,4,2,NONE,0.35,0.3475786612903903,AHR999_TO35:EXECUTED,False,False,True,True,False,True,True,False,False,AHR999_TO35:EXECUTED,NOT_CONFIRMED_TODAY,AHR_VALUE_BUY,0.35,38
2022-08-28 00:00:00+00:00,ACCUMULATION,4,2,NONE,0.35,0.3393802479954391,,False,False,True,True,False,True,True,False,False,,NOT_CONFIRMED_TODAY,NONE,0.35,
2022-08-29 00:00:00+00:00,DEEP_BEAR,4,2,NONE,0.25,0.2634457469747594,ACCUMULATION_LOCK_RELEASE_LOWER_LOW|STAGE4_SELL:EXECUTED,False,False,True,True,False,True,True,False,False,ACCUMULATION_LOCK_RELEASE_LOWER_LOW|STAGE4_SELL:EXECUTED,NOT_CONFIRMED_TODAY,BEARISH_REBREAK_SELL,0.25,39
2022-08-30 00:00:00+00:00,ACCUMULATION,4,2,NONE,0.35,0.345532715975059,AHR999_TO35:EXECUTED,False,False,True,False,False,True,True,False,False,AHR999_TO35:EXECUTED,NOT_CONFIRMED_TODAY,AHR_VALUE_BUY,0.35,40
2022-08-31 00:00:00+00:00,ACCUMULATION,4,2,NONE,0.35,0.3493223284276886,,False,False,True,False,False,True,True,False,False,,NOT_CONFIRMED_TODAY,NONE,0.35,
2022-09-01 00:00:00+00:00,ACCUMULATION,4,2,NONE,0.35,0.3526556676779971,,False,False,True,False,False,True,True,False,False,,NOT_CONFIRMED_TODAY,NONE,0.35,
2022-09-02 00:00:00+00:00,ACCUMULATION,4,2,NONE,0.35,0.3509660858165348,,False,False,False,False,False,True,True,False,False,,NOT_CONFIRMED_TODAY,NONE,0.35,
2022-09-03 00:00:00+00:00,ACCUMULATION,4,2,NONE,0.35,0.3488617138303463,,False,False,False,False,False,True,True,False,False,,NOT_CONFIRMED_TODAY,NONE,0.35,
2022-09-04 00:00:00+00:00,ACCUMULATION,4,2,NONE,0.35,0.3516215897584031,,False,False,False,False,False,True,True,False,False,,NOT_CONFIRMED_TODAY,NONE,0.35,
2022-09-05 00:00:00+00:00,ACCUMULATION,4,2,NONE,0.35,0.3543477706514438,,False,False,False,False,False,True,True,False,False,,NOT_CONFIRMED_TODAY,NONE,0.35,
2022-09-06 00:00:00+00:00,DEEP_BEAR,4,2,NONE,0.25,0.2425066933103805,STAGE4_SELL:EXECUTED,False,False,False,False,False,True,True,False,False,STAGE4_SELL:EXECUTED,NOT_CONFIRMED_TODAY,BEARISH_REBREAK_SELL,0.25,41
2022-09-07 00:00:00+00:00,ACCUMULATION,4,2,NONE,0.35,0.35875422171002325,AHR999_TO35:EXECUTED,False,False,False,False,False,True,False,False,False,AHR999_TO35:EXECUTED,NOT_CONFIRMED_TODAY,AHR_VALUE_BUY,0.35,42
2022-09-08 00:00:00+00:00,ACCUMULATION,4,2,NONE,0.35,0.3594016493593172,,False,False,False,False,False,True,False,False,False,,NOT_CONFIRMED_TODAY,NONE,0.35,
2022-09-09 00:00:00+00:00,ACCUMULATION,4,2,NONE,0.35,0.37520315347339567,,False,False,False,False,False,True,False,False,False,,NOT_CONFIRMED_TODAY,NONE,0.35,
2022-09-10 00:00:00+00:00,ACCUMULATION,4,2,NONE,0.35,0.3811773947426026,,False,False,False,False,False,True,False,False,False,,NOT_CONFIRMED_TODAY,NONE,0.35,
2022-09-11 00:00:00+00:00,ACCUMULATION,4,2,NONE,0.35,0.3812465296852592,,False,False,False,False,False,True,False,False,False,,NOT_CONFIRMED_TODAY,NONE,0.35,
2022-09-12 00:00:00+00:00,ACCUMULATION,4,2,NONE,0.35,0.37931694157089213,,False,False,False,False,False,True,False,False,False,,NOT_CONFIRMED_TODAY,NONE,0.35,
2022-09-13 00:00:00+00:00,ACCUMULATION,4,2,NONE,0.35,0.35768347141627693,,False,False,False,False,True,True,False,False,False,,NOT_CONFIRMED_TODAY,NONE,0.35,
2022-09-14 00:00:00+00:00,DEEP_BEAR,4,2,NONE,0.25,0.25573477540387013,STAGE4_SELL:EXECUTED,False,False,False,False,False,True,False,False,False,STAGE4_SELL:EXECUTED,NOT_CONFIRMED_TODAY,BEARISH_REBREAK_SELL,0.25,43
2022-09-15 00:00:00+00:00,ACCUMULATION,4,2,NONE,0.35,0.33271516333065343,AHR999_TO35:EXECUTED,False,False,False,False,False,True,False,False,False,AHR999_TO35:EXECUTED,NOT_CONFIRMED_TODAY,AHR_VALUE_BUY,0.35,44
2022-09-16 00:00:00+00:00,ACCUMULATION,4,2,NONE,0.35,0.3295274275609665,,False,False,False,False,False,True,False,False,False,,NOT_CONFIRMED_TODAY,NONE,0.35,
2022-09-17 00:00:00+00:00,ACCUMULATION,4,2,NONE,0.35,0.3341882075172027,,False,False,False,False,False,True,False,False,False,,NOT_CONFIRMED_TODAY,NONE,0.35,
2022-09-18 00:00:00+00:00,ACCUMULATION,4,2,NONE,0.35,0.31834883089439076,,False,False,False,False,False,True,False,False,False,,NOT_CONFIRMED_TODAY,NONE,0.35,
2022-09-19 00:00:00+00:00,ACCUMULATION,4,2,NONE,0.35,0.3229719983687412,,False,False,False,False,False,True,False,False,False,,NOT_CONFIRMED_TODAY,NONE,0.35,
2022-09-20 00:00:00+00:00,ACCUMULATION,4,2,NONE,0.35,0.31489446949685435,,False,False,False,False,False,True,False,False,False,,NOT_CONFIRMED_TODAY,NONE,0.35,
2022-09-21 00:00:00+00:00,ACCUMULATION,4,2,NONE,0.35,0.30531269102526243,,False,False,False,False,False,True,False,False,False,,NOT_CONFIRMED_TODAY,NONE,0.35,
2022-09-22 00:00:00+00:00,DEEP_BEAR,4,2,NONE,0.25,0.26112136131600394,STAGE4_SELL:EXECUTED,False,False,False,False,False,True,False,False,False,STAGE4_SELL:EXECUTED,NOT_CONFIRMED_TODAY,BEARISH_REBREAK_SELL,0.25,45
2022-09-23 00:00:00+00:00,ACCUMULATION,4,2,NONE,0.35,0.3495809515645352,AHR999_TO35:EXECUTED,False,False,False,False,False,True,False,False,False,AHR999_TO35:EXECUTED,NOT_CONFIRMED_TODAY,AHR_VALUE_BUY,0.35,46
2022-09-24 00:00:00+00:00,ACCUMULATION,4,2,NONE,0.35,0.34678763901773707,,False,False,False,False,False,True,False,False,False,,NOT_CONFIRMED_TODAY,NONE,0.35,
2022-09-25 00:00:00+00:00,ACCUMULATION,4,2,NONE,0.35,0.3439986716952075,,False,False,False,False,False,True,False,False,False,,NOT_CONFIRMED_TODAY,NONE,0.35,
2022-09-26 00:00:00+00:00,ACCUMULATION,4,2,NONE,0.35,0.3503091987992325,,False,False,False,False,False,True,False,False,False,,NOT_CONFIRMED_TODAY,NONE,0.35,
2022-09-27 00:00:00+00:00,ACCUMULATION,4,2,NONE,0.35,0.3488095343803226,,False,False,False,False,False,True,False,False,False,,NOT_CONFIRMED_TODAY,NONE,0.35,
2022-09-28 00:00:00+00:00,ACCUMULATION,4,2,NONE,0.35,0.3514166870787678,,False,False,False,False,False,True,False,False,False,,NOT_CONFIRMED_TODAY,NONE,0.35,
2022-09-29 00:00:00+00:00,ACCUMULATION,4,2,NONE,0.35,0.3521930302826051,,False,False,False,False,False,True,False,False,False,,NOT_CONFIRMED_TODAY,NONE,0.35,
2022-09-30 00:00:00+00:00,DEEP_BEAR,4,2,NONE,0.25,0.2488655949732686,STAGE4_SELL:EXECUTED,False,False,False,False,False,True,False,False,False,STAGE4_SELL:EXECUTED,NOT_CONFIRMED_TODAY,BEARISH_REBREAK_SELL,0.25,47
2022-10-01 00:00:00+00:00,ACCUMULATION,4,2,NONE,0.35,0.34781560937943995,AHR999_TO35:EXECUTED,False,False,False,False,False,True,False,False,False,AHR999_TO35:EXECUTED,NOT_CONFIRMED_TODAY,AHR_VALUE_BUY,0.35,48
2022-10-02 00:00:00+00:00,ACCUMULATION,4,2,NONE,0.35,0.34306387429796814,,False,False,False,False,False,True,False,False,False,,NOT_CONFIRMED_TODAY,NONE,0.35,
2022-10-03 00:00:00+00:00,ACCUMULATION,4,2,NONE,0.35,0.35060809061517517,,False,False,False,False,False,True,False,False,False,,NOT_CONFIRMED_TODAY,NONE,0.35,
2022-10-04 00:00:00+00:00,ACCUMULATION,4,2,NONE,0.35,0.3578665474110793,,False,False,False,False,False,True,False,False,False,,NOT_CONFIRMED_TODAY,NONE,0.35,
2022-10-05 00:00:00+00:00,ACCUMULATION,4,2,NONE,0.35,0.3561443781848393,,False,False,False,False,True,True,False,False,False,,NOT_CONFIRMED_TODAY,NONE,0.35,
2022-10-06 00:00:00+00:00,ACCUMULATION,4,2,NONE,0.35,0.35521955796991517,,False,False,False,False,False,True,False,False,False,,NOT_CONFIRMED_TODAY,NONE,0.35,
2022-10-07 00:00:00+00:00,ACCUMULATION,4,2,NONE,0.35,0.3511011521054004,,False,False,False,False,False,True,False,False,False,,NOT_CONFIRMED_TODAY,NONE,0.35,
2022-10-08 00:00:00+00:00,DEEP_BEAR,4,2,NONE,0.25,0.24823546412952566,STAGE4_SELL:EXECUTED,False,False,False,False,False,True,False,False,False,STAGE4_SELL:EXECUTED,NOT_CONFIRMED_TODAY,BEARISH_REBREAK_SELL,0.25,49
2022-10-09 00:00:00+00:00,ACCUMULATION,4,2,NONE,0.35,0.35092507124881445,AHR999_TO35:EXECUTED,False,False,False,False,False,True,False,False,False,AHR999_TO35:EXECUTED,NOT_CONFIRMED_TODAY,AHR_VALUE_BUY,0.35,50
2022-10-10 00:00:00+00:00,ACCUMULATION,4,2,NONE,0.35,0.34612647130242996,,False,False,False,False,False,True,False,False,False,,NOT_CONFIRMED_TODAY,NONE,0.35,
2022-10-11 00:00:00+00:00,ACCUMULATION,4,2,NONE,0.35,0.34481052323378625,,False,False,False,False,False,True,False,False,False,,NOT_CONFIRMED_TODAY,NONE,0.35,
2022-10-12 00:00:00+00:00,ACCUMULATION,4,2,NONE,0.35,0.3467870138776256,,False,False,False,False,False,True,True,False,False,,NOT_CONFIRMED_TODAY,NONE,0.35,
2022-10-13 00:00:00+00:00,ACCUMULATION,4,2,NONE,0.35,0.3471982796502097,,False,False,False,False,False,True,True,False,False,,NOT_CONFIRMED_TODAY,NONE,0.35,
2022-10-14 00:00:00+00:00,ACCUMULATION,4,2,NONE,0.35,0.3471747974890223,,False,False,False,False,False,True,True,False,False,,NOT_CONFIRMED_TODAY,NONE,0.35,
2022-10-15 00:00:00+00:00,ACCUMULATION,4,2,NONE,0.35,0.34452583940585235,,False,False,False,False,False,True,True,False,False,,NOT_CONFIRMED_TODAY,NONE,0.35,
2022-10-16 00:00:00+00:00,DEEP_BEAR,4,2,NONE,0.25,0.25366732425427296,STAGE4_SELL:EXECUTED,False,False,False,False,False,True,True,False,False,STAGE4_SELL:EXECUTED,NOT_CONFIRMED_TODAY,BEARISH_REBREAK_SELL,0.25,51
2022-10-17 00:00:00+00:00,ACCUMULATION,4,2,NONE,0.35,0.35401520450581003,AHR999_TO35:EXECUTED,False,False,False,False,False,True,True,False,False,AHR999_TO35:EXECUTED,NOT_CONFIRMED_TODAY,AHR_VALUE_BUY,0.35,52
2022-10-18 00:00:00+00:00,ACCUMULATION,4,2,NONE,0.35,0.3508982002228817,,False,False,False,False,False,True,True,False,False,,NOT_CONFIRMED_TODAY,NONE,0.35,
2022-10-19 00:00:00+00:00,ACCUMULATION,4,2,NONE,0.35,0.3473497622145773,,False,False,False,False,False,True,True,False,False,,NOT_CONFIRMED_TODAY,NONE,0.35,
2022-10-20 00:00:00+00:00,ACCUMULATION,4,2,NONE,0.35,0.34672678041429655,,False,False,False,False,False,True,True,False,False,,NOT_CONFIRMED_TODAY,NONE,0.35,
2022-10-21 00:00:00+00:00,ACCUMULATION,4,2,NONE,0.35,0.34912568970175506,,False,False,False,False,False,True,True,False,False,,NOT_CONFIRMED_TODAY,NONE,0.35,
2022-10-22 00:00:00+00:00,ACCUMULATION,4,2,NONE,0.35,0.35076201328739,,False,False,False,False,False,True,True,False,False,,NOT_CONFIRMED_TODAY,NONE,0.35,
2022-10-23 00:00:00+00:00,ACCUMULATION,4,2,NONE,0.35,0.35762753344341786,,False,False,False,False,False,True,True,False,False,,NOT_CONFIRMED_TODAY,NONE,0.35,
2022-10-24 00:00:00+00:00,DEEP_BEAR,4,2,NONE,0.25,0.2473936247771595,STAGE4_SELL:EXECUTED,False,False,False,False,False,True,True,False,False,STAGE4_SELL:EXECUTED,NOT_CONFIRMED_TODAY,BEARISH_REBREAK_SELL,0.25,53
2022-10-25 00:00:00+00:00,DEEP_BEAR,4,2,NONE,0.25,0.2603677866237042,,False,False,False,False,False,True,True,False,False,,NOT_CONFIRMED_TODAY,NONE,0.25,
2022-10-26 00:00:00+00:00,DEEP_BEAR,4,2,NONE,0.25,0.271882953430949,,False,False,False,False,True,True,True,False,False,,NOT_CONFIRMED_TODAY,NONE,0.25,
2022-10-27 00:00:00+00:00,DEEP_BEAR,4,2,NONE,0.25,0.2659485262499607,,False,False,False,False,True,True,True,False,False,,NOT_CONFIRMED_TODAY,NONE,0.25,
2022-10-28 00:00:00+00:00,DEEP_BEAR,4,2,NONE,0.25,0.2704321965086067,,False,False,False,False,True,True,True,False,False,,NOT_CONFIRMED_TODAY,NONE,0.25,
2022-10-29 00:00:00+00:00,DEEP_BEAR,4,2,NONE,0.25,0.2767493507137941,,False,False,True,False,True,True,True,False,False,,NOT_CONFIRMED_TODAY,NONE,0.25,
2022-10-30 00:00:00+00:00,DEEP_BEAR,4,2,NONE,0.25,0.27375985388138824,,False,False,True,False,True,True,True,False,False,,NOT_CONFIRMED_TODAY,NONE,0.25,
2022-10-31 00:00:00+00:00,DEEP_BEAR,4,2,NONE,0.25,0.27186775928036533,,False,False,True,False,True,True,True,False,False,,NOT_CONFIRMED_TODAY,NONE,0.25,
2022-11-01 00:00:00+00:00,DEEP_BEAR,4,2,NONE,0.25,0.2723989163206219,,False,False,False,False,True,True,True,False,False,,NOT_CONFIRMED_TODAY,NONE,0.25,
2022-11-02 00:00:00+00:00,DEEP_BEAR,4,2,NONE,0.25,0.26619821094806867,,False,False,False,False,True,True,True,False,False,,NOT_CONFIRMED_TODAY,NONE,0.25,
2022-11-03 00:00:00+00:00,DEEP_BEAR,4,2,NONE,0.25,0.26753408789711836,,False,False,False,False,True,True,True,False,False,,NOT_CONFIRMED_TODAY,NONE,0.25,
2022-11-04 00:00:00+00:00,DEEP_BEAR,4,2,NONE,0.25,0.2802100572772273,,False,False,False,False,True,True,True,False,False,,NOT_CONFIRMED_TODAY,NONE,0.25,
2022-11-05 00:00:00+00:00,DEEP_BEAR,4,2,NONE,0.25,0.27919884978400844,,False,False,True,True,True,True,True,False,False,,NOT_CONFIRMED_TODAY,NONE,0.25,
2022-11-06 00:00:00+00:00,DEEP_BEAR,4,2,NONE,0.25,0.27304847134252425,,False,False,True,True,True,True,True,False,False,,NOT_CONFIRMED_TODAY,NONE,0.25,
2022-11-07 00:00:00+00:00,BEAR,3,2,NONE,0.55,0.2721324753466717,DEEP_BEAR_TO_BEAR_NO_AUTO_BUY,False,False,True,True,True,True,True,False,False,DEEP_BEAR_TO_BEAR_NO_AUTO_BUY,NOT_CONFIRMED_TODAY,NONE,0.55,
2022-11-08 00:00:00+00:00,DEEP_BEAR,4,2,NONE,0.25,0.2448121176543158,STAGE4_SELL:EXPOSURE_GAP_BELOW_5PP,False,False,True,True,True,True,True,False,False,STAGE4_SELL:EXPOSURE_GAP_BELOW_5PP,NOT_CONFIRMED_TODAY,NONE,0.25,
2022-11-09 00:00:00+00:00,ACCUMULATION,4,2,NONE,0.35,0.3114102737586824,AHR999_TO35:EXECUTED,False,False,False,True,False,True,True,False,False,AHR999_TO35:EXECUTED,NOT_CONFIRMED_TODAY,AHR_VALUE_BUY,0.35,54
2022-11-10 00:00:00+00:00,ACCUMULATION,4,2,LEVEL1_ACTIVE_OR_RAW,0.35,0.3416385112950754,CRASH_L1:NOTIONAL_BELOW_GUARD,False,False,False,True,False,False,False,True,False,CRASH_L1:NOTIONAL_BELOW_GUARD,NOT_CONFIRMED_TODAY,NONE,0.35,
2022-11-11 00:00:00+00:00,ACCUMULATION,4,2,LEVEL1_ACTIVE_OR_RAW,0.35,0.33785821823525414,,False,False,False,True,False,False,False,False,False,,NOT_CONFIRMED_TODAY,NONE,0.35,
2022-11-12 00:00:00+00:00,ACCUMULATION,4,2,LEVEL1_ACTIVE_OR_RAW,0.35,0.33319919877423465,,False,False,False,True,False,False,False,False,False,,NOT_CONFIRMED_TODAY,NONE,0.35,
2022-11-13 00:00:00+00:00,ACCUMULATION,4,2,LEVEL1_ACTIVE_OR_RAW,0.35,0.3268474887999555,,False,False,False,True,False,False,False,False,False,,NOT_CONFIRMED_TODAY,NONE,0.35,
2022-11-14 00:00:00+00:00,ACCUMULATION,4,2,LEVEL1_ACTIVE_OR_RAW,0.35,0.3307914623106087,,False,False,False,True,False,False,False,True,False,,NOT_CONFIRMED_TODAY,NONE,0.35,
2022-11-15 00:00:00+00:00,ACCUMULATION,4,2,LEVEL1_ACTIVE_OR_RAW,0.35,0.3334092781968087,,False,False,False,False,False,False,False,False,False,,NOT_CONFIRMED_TODAY,NONE,0.35,
2022-11-16 00:00:00+00:00,DEEP_BEAR,4,2,LEVEL1_ACTIVE_OR_RAW,0.25,0.24547419201581827,STAGE4_SELL:EXECUTED,False,False,False,False,False,False,False,False,False,STAGE4_SELL:EXECUTED,NOT_CONFIRMED_TODAY,BEARISH_REBREAK_SELL,0.25,55
2022-11-17 00:00:00+00:00,ACCUMULATION,4,2,LEVEL1_ACTIVE_OR_RAW,0.35,0.3485453800565899,AHR999_TO35:EXECUTED,False,False,False,False,False,False,False,False,False,AHR999_TO35:EXECUTED,NOT_CONFIRMED_TODAY,AHR_VALUE_BUY,0.35,56
2022-11-18 00:00:00+00:00,ACCUMULATION,4,2,LEVEL1_ACTIVE_OR_RAW,0.35,0.34994638977107334,,False,False,False,False,False,False,False,False,False,,NOT_CONFIRMED_TODAY,NONE,0.35,
2022-11-19 00:00:00+00:00,ACCUMULATION,4,2,LEVEL1_ACTIVE_OR_RAW,0.35,0.35054257265184574,,False,False,False,False,False,False,False,False,False,,NOT_CONFIRMED_TODAY,NONE,0.35,
2022-11-20 00:00:00+00:00,ACCUMULATION,4,2,NONE,0.35,0.3398932624691042,,False,False,False,False,False,False,False,False,False,,NOT_CONFIRMED_TODAY,NONE,0.35,
2022-11-21 00:00:00+00:00,ACCUMULATION,4,2,NONE,0.35,0.3330117873944344,,False,False,False,False,False,False,False,False,False,,NOT_CONFIRMED_TODAY,NONE,0.35,
2022-11-22 00:00:00+00:00,ACCUMULATION,4,2,NONE,0.35,0.33938724149681193,,False,False,False,False,False,False,False,False,False,,NOT_CONFIRMED_TODAY,NONE,0.35,
2022-11-23 00:00:00+00:00,ACCUMULATION,4,2,NONE,0.35,0.3466046707860545,,False,False,False,False,False,False,False,False,False,,NOT_CONFIRMED_TODAY,NONE,0.35,
2022-11-24 00:00:00+00:00,DEEP_BEAR,4,2,NONE,0.25,0.2519860765022596,STAGE4_SELL:EXECUTED,False,False,False,False,False,False,False,False,False,STAGE4_SELL:EXECUTED,NOT_CONFIRMED_TODAY,BEARISH_REBREAK_SELL,0.25,57
2022-11-25 00:00:00+00:00,ACCUMULATION,4,2,NONE,0.35,0.34912030911172015,AHR999_TO35:EXECUTED,False,False,False,False,False,False,False,False,False,AHR999_TO35:EXECUTED,NOT_CONFIRMED_TODAY,AHR_VALUE_BUY,0.35,58
2022-11-26 00:00:00+00:00,ACCUMULATION,4,2,NONE,0.35,0.34947170396594557,,False,False,False,False,False,False,False,False,False,,NOT_CONFIRMED_TODAY,NONE,0.35,
2022-11-27 00:00:00+00:00,ACCUMULATION,4,2,NONE,0.35,0.34807964237754846,,False,False,False,False,False,False,False,False,False,,NOT_CONFIRMED_TODAY,NONE,0.35,
2022-11-28 00:00:00+00:00,ACCUMULATION,4,2,NONE,0.35,0.34399543015324685,,False,False,False,False,False,False,False,False,False,,NOT_CONFIRMED_TODAY,NONE,0.35,
2022-11-29 00:00:00+00:00,ACCUMULATION,4,2,NONE,0.35,0.35069619889458603,,False,False,False,False,False,False,False,False,False,,NOT_CONFIRMED_TODAY,NONE,0.35,
2022-11-30 00:00:00+00:00,ACCUMULATION,4,2,NONE,0.35,0.3631306256988625,,False,False,False,False,False,False,False,False,False,,NOT_CONFIRMED_TODAY,NONE,0.35,
2022-12-01 00:00:00+00:00,ACCUMULATION,4,2,NONE,0.35,0.3602423249180089,,False,False,False,False,False,False,False,False,False,,NOT_CONFIRMED_TODAY,NONE,0.35,
2022-12-02 00:00:00+00:00,DEEP_BEAR,4,2,NONE,0.25,0.2523526967518381,STAGE4_SELL:EXECUTED,False,False,False,False,False,False,False,False,False,STAGE4_SELL:EXECUTED,NOT_CONFIRMED_TODAY,BEARISH_REBREAK_SELL,0.25,59
2022-12-03 00:00:00+00:00,ACCUMULATION,4,2,NONE,0.35,0.34317635175837985,AHR999_TO35:EXECUTED,False,False,False,False,False,False,False,False,False,AHR999_TO35:EXECUTED,NOT_CONFIRMED_TODAY,AHR_VALUE_BUY,0.35,60
2022-12-04 00:00:00+00:00,ACCUMULATION,4,2,NONE,0.35,0.3485104637985633,,False,False,False,False,False,True,False,False,False,,NOT_CONFIRMED_TODAY,NONE,0.35,
2022-12-05 00:00:00+00:00,ACCUMULATION,4,2,NONE,0.35,0.34570759804218926,,False,False,False,False,False,True,False,False,False,,NOT_CONFIRMED_TODAY,NONE,0.35,
2022-12-06 00:00:00+00:00,ACCUMULATION,4,2,NONE,0.35,0.34767864437745505,,False,False,False,False,False,True,False,False,False,,NOT_CONFIRMED_TODAY,NONE,0.35,
2022-12-07 00:00:00+00:00,ACCUMULATION,4,2,NONE,0.35,0.3421183170071956,,False,False,False,False,False,True,False,False,False,,NOT_CONFIRMED_TODAY,NONE,0.35,
2022-12-08 00:00:00+00:00,ACCUMULATION,4,2,NONE,0.35,0.349443614737013,,False,False,False,False,False,True,False,False,False,,NOT_CONFIRMED_TODAY,NONE,0.35,
2022-12-09 00:00:00+00:00,ACCUMULATION,4,2,NONE,0.35,0.3471952822941284,,False,False,False,False,False,True,False,False,False,,NOT_CONFIRMED_TODAY,NONE,0.35,
2022-12-10 00:00:00+00:00,DEEP_BEAR,4,2,NONE,0.25,0.25037136693158707,STAGE4_SELL:EXECUTED,False,False,False,False,False,True,False,False,False,STAGE4_SELL:EXECUTED,NOT_CONFIRMED_TODAY,BEARISH_REBREAK_SELL,0.25,61
2022-12-11 00:00:00+00:00,ACCUMULATION,4,2,NONE,0.35,0.34946789214157015,AHR999_TO35:EXECUTED,False,False,False,False,False,True,False,False,False,AHR999_TO35:EXECUTED,NOT_CONFIRMED_TODAY,AHR_VALUE_BUY,0.35,62
2022-12-12 00:00:00+00:00,ACCUMULATION,4,2,NONE,0.35,0.35150033178336815,,False,False,False,False,False,True,True,False,False,,NOT_CONFIRMED_TODAY,NONE,0.35,
2022-12-13 00:00:00+00:00,ACCUMULATION,4,2,NONE,0.35,0.3592908628055781,,False,False,False,False,False,True,True,False,False,,NOT_CONFIRMED_TODAY,NONE,0.35,
2022-12-14 00:00:00+00:00,ACCUMULATION,4,2,NONE,0.35,0.3581568272718978,,False,False,False,False,False,True,True,False,False,,NOT_CONFIRMED_TODAY,NONE,0.35,
2022-12-15 00:00:00+00:00,ACCUMULATION,4,2,NONE,0.35,0.3515495533487745,,False,False,False,False,False,True,True,False,False,,NOT_CONFIRMED_TODAY,NONE,0.35,
2022-12-16 00:00:00+00:00,ACCUMULATION,4,2,NONE,0.35,0.33692567347838914,,False,False,False,False,False,True,True,False,False,,NOT_CONFIRMED_TODAY,NONE,0.35,
2022-12-17 00:00:00+00:00,ACCUMULATION,4,2,NONE,0.35,0.34000266632062526,,False,False,False,False,False,True,True,False,False,,NOT_CONFIRMED_TODAY,NONE,0.35,
2022-12-18 00:00:00+00:00,DEEP_BEAR,4,2,NONE,0.25,0.2494886020979106,STAGE4_SELL:EXECUTED,False,False,False,False,False,True,True,False,False,STAGE4_SELL:EXECUTED,NOT_CONFIRMED_TODAY,BEARISH_REBREAK_SELL,0.25,63
2022-12-19 00:00:00+00:00,ACCUMULATION,4,2,NONE,0.35,0.34659933940252263,AHR999_TO35:EXECUTED,False,False,False,False,False,True,True,False,False,AHR999_TO35:EXECUTED,NOT_CONFIRMED_TODAY,AHR_VALUE_BUY,0.35,64
2022-12-20 00:00:00+00:00,ACCUMULATION,4,2,NONE,0.35,0.3546537404148511,,False,False,False,False,False,True,True,False,False,,NOT_CONFIRMED_TODAY,NONE,0.35,
2022-12-21 00:00:00+00:00,ACCUMULATION,4,2,NONE,0.35,0.35394814746076947,,False,False,False,False,False,True,True,False,False,,NOT_CONFIRMED_TODAY,NONE,0.35,
2022-12-22 00:00:00+00:00,ACCUMULATION,4,2,NONE,0.35,0.3543956796577659,,False,False,False,False,False,True,True,False,False,,NOT_CONFIRMED_TODAY,NONE,0.35,
2022-12-23 00:00:00+00:00,ACCUMULATION,4,2,NONE,0.35,0.3544324459089884,,False,False,False,False,False,True,True,False,False,,NOT_CONFIRMED_TODAY,NONE,0.35,
2022-12-24 00:00:00+00:00,ACCUMULATION,4,2,NONE,0.35,0.35486683960625515,,False,False,False,False,False,True,True,False,False,,NOT_CONFIRMED_TODAY,NONE,0.35,
2022-12-25 00:00:00+00:00,ACCUMULATION,4,2,NONE,0.35,0.35469071714686745,,False,False,False,False,False,True,True,False,False,,NOT_CONFIRMED_TODAY,NONE,0.35,
2022-12-26 00:00:00+00:00,DEEP_BEAR,4,2,NONE,0.25,0.25135436356237706,STAGE4_SELL:EXECUTED,False,False,False,False,False,True,True,False,False,STAGE4_SELL:EXECUTED,NOT_CONFIRMED_TODAY,BEARISH_REBREAK_SELL,0.25,65
2022-12-27 00:00:00+00:00,ACCUMULATION,4,2,NONE,0.35,0.34705917912407874,AHR999_TO35:EXECUTED,False,False,False,False,False,True,True,False,False,AHR999_TO35:EXECUTED,NOT_CONFIRMED_TODAY,AHR_VALUE_BUY,0.35,66
2022-12-28 00:00:00+00:00,ACCUMULATION,4,2,NONE,0.35,0.34388756553323696,,False,False,False,False,False,True,True,False,False,,NOT_CONFIRMED_TODAY,NONE,0.35,
2022-12-29 00:00:00+00:00,ACCUMULATION,4,2,NONE,0.35,0.3455530376193473,,False,False,False,False,False,True,True,False,False,,NOT_CONFIRMED_TODAY,NONE,0.35,
2022-12-30 00:00:00+00:00,ACCUMULATION,4,2,NONE,0.35,0.3453967771569041,,False,False,False,True,False,True,True,False,False,,NOT_CONFIRMED_TODAY,NONE,0.35,
2022-12-31 00:00:00+00:00,ACCUMULATION,4,2,NONE,0.35,0.3446497732791558,,False,False,False,True,False,True,True,False,False,,NOT_CONFIRMED_TODAY,NONE,0.35,
2023-01-01 00:00:00+00:00,ACCUMULATION,4,2,NONE,0.35,0.3455889925641342,,False,False,False,True,False,True,True,False,False,,NOT_CONFIRMED_TODAY,NONE,0.35,
2023-01-02 00:00:00+00:00,ACCUMULATION,4,2,NONE,0.35,0.347422799046816,,False,False,False,True,False,True,True,False,False,,NOT_CONFIRMED_TODAY,NONE,0.35,
2023-01-03 00:00:00+00:00,DEEP_BEAR,4,2,NONE,0.25,0.2501254833264042,STAGE4_SELL:EXECUTED,False,False,False,True,False,True,True,False,False,STAGE4_SELL:EXECUTED,NOT_CONFIRMED_TODAY,BEARISH_REBREAK_SELL,0.25,67
2023-01-04 00:00:00+00:00,ACCUMULATION,4,2,NONE,0.35,0.3555352948857566,AHR999_TO35:EXECUTED,False,False,False,False,False,True,True,False,False,AHR999_TO35:EXECUTED,NOT_CONFIRMED_TODAY,AHR_VALUE_BUY,0.35,68
2023-01-05 00:00:00+00:00,ACCUMULATION,4,2,NONE,0.35,0.3548847375777629,,False,False,False,False,True,True,True,False,False,,NOT_CONFIRMED_TODAY,NONE,0.35,
2023-01-06 00:00:00+00:00,ACCUMULATION,4,2,NONE,0.35,0.35748778964031036,,False,False,False,False,True,True,True,False,False,,NOT_CONFIRMED_TODAY,NONE,0.35,
2023-01-07 00:00:00+00:00,ACCUMULATION,4,2,NONE,0.35,0.3569686210484588,,False,False,False,False,True,True,True,False,False,,NOT_CONFIRMED_TODAY,NONE,0.35,
2023-01-08 00:00:00+00:00,ACCUMULATION,4,2,NONE,0.35,0.3607741741726443,,False,False,True,False,True,True,True,False,False,,NOT_CONFIRMED_TODAY,NONE,0.35,
2023-01-09 00:00:00+00:00,ACCUMULATION,4,2,NONE,0.35,0.3641973569723246,,False,False,False,False,True,True,True,False,False,,NOT_CONFIRMED_TODAY,NONE,0.35,
2023-01-10 00:00:00+00:00,ACCUMULATION,4,2,NONE,0.35,0.3672653012628581,,False,False,True,False,True,True,True,False,False,,NOT_CONFIRMED_TODAY,NONE,0.35,
2023-01-11 00:00:00+00:00,ACCUMULATION,4,2,NONE,0.35,0.37544090086720866,,False,False,True,False,True,True,True,False,False,,NOT_CONFIRMED_TODAY,NONE,0.35,
2023-01-12 00:00:00+00:00,ACCUMULATION,4,2,NONE,0.35,0.38294381418642864,,False,False,True,False,True,True,True,False,False,,NOT_CONFIRMED_TODAY,NONE,0.35,
2023-01-13 00:00:00+00:00,ACCUMULATION,4,2,NONE,0.35,0.3920244041271059,,False,False,True,False,True,True,True,False,False,,NOT_CONFIRMED_TODAY,NONE,0.35,
2023-01-14 00:00:00+00:00,ACCUMULATION,4,2,NONE,0.35,0.40622195483461665,,False,False,True,False,True,True,True,False,False,,NOT_CONFIRMED_TODAY,NONE,0.35,
2023-01-15 00:00:00+00:00,ACCUMULATION,4,2,NONE,0.35,0.40608217719045264,,False,False,True,False,True,True,True,False,False,,NOT_CONFIRMED_TODAY,NONE,0.35,
2023-01-16 00:00:00+00:00,ACCUMULATION,4,2,NONE,0.35,0.40982314627944205,,False,False,True,False,True,True,True,False,False,,NOT_CONFIRMED_TODAY,NONE,0.35,
2023-01-17 00:00:00+00:00,ACCUMULATION,4,2,NONE,0.35,0.4086166509645309,,False,False,True,True,True,True,True,False,False,,NOT_CONFIRMED_TODAY,NONE,0.35,
2023-01-18 00:00:00+00:00,ACCUMULATION,4,2,NONE,0.35,0.4015631351789109,,False,False,True,True,True,True,True,False,False,,NOT_CONFIRMED_TODAY,NONE,0.35,
2023-01-19 00:00:00+00:00,ACCUMULATION,4,2,NONE,0.35,0.40711071961794837,,False,False,True,True,True,True,True,False,False,,NOT_CONFIRMED_TODAY,NONE,0.35,
2023-01-20 00:00:00+00:00,ACCUMULATION,4,2,NONE,0.35,0.4240483251477485,,False,False,True,True,True,True,True,False,False,,NOT_CONFIRMED_TODAY,NONE,0.35,
2023-01-21 00:00:00+00:00,ACCUMULATION,4,2,NONE,0.35,0.4219663026759144,,False,False,True,True,True,True,True,False,False,,NOT_CONFIRMED_TODAY,NONE,0.35,
2023-01-22 00:00:00+00:00,ACCUMULATION,4,2,NONE,0.35,0.42171433524236607,,False,False,True,True,True,True,True,False,False,,NOT_CONFIRMED_TODAY,NONE,0.35,
2023-01-23 00:00:00+00:00,ACCUMULATION,4,2,NONE,0.35,0.42263895485018854,,True,False,True,True,True,True,True,False,False,,NOT_CONFIRMED_TODAY,NONE,0.35,
2023-01-24 00:00:00+00:00,ACCUMULATION,4,2,NONE,0.35,0.4153609781967615,,True,False,True,True,True,True,True,False,False,,NOT_CONFIRMED_TODAY,NONE,0.35,
2023-01-25 00:00:00+00:00,ACCUMULATION,4,2,NONE,0.35,0.4221940679741692,,True,False,True,True,True,True,True,False,False,,NOT_CONFIRMED_TODAY,NONE,0.35,
2023-01-26 00:00:00+00:00,ACCUMULATION,4,2,NONE,0.35,0.4210787140662922,,True,False,True,True,True,True,True,False,False,,NOT_CONFIRMED_TODAY,NONE,0.35,
2023-01-27 00:00:00+00:00,ACCUMULATION,4,2,NONE,0.35,0.42113069806756814,,True,False,True,True,True,True,True,False,False,,NOT_CONFIRMED_TODAY,NONE,0.35,
2023-01-28 00:00:00+00:00,NEW_BULL,0,2,NONE,0.95,0.4732243443875124,NEW_BULL_CONFIRMED|NEW_BULL_REDEPLOY:EXECUTED,True,True,True,True,True,True,True,False,False,NEW_BULL_CONFIRMED|NEW_BULL_REDEPLOY:EXECUTED,CONFIRMED_TODAY,NEW_BULL_REDEPLOY,0.95,69
2023-01-29 00:00:00+00:00,NEW_BULL,0,2,NONE,0.95,0.5374599660320809,NEW_BULL_REDEPLOY:EXECUTED,True,True,True,True,True,True,True,False,False,NEW_BULL_REDEPLOY:EXECUTED,NOT_CONFIRMED_TODAY,NEW_BULL_REDEPLOY,0.95,70
2023-01-30 00:00:00+00:00,NEW_BULL,0,2,NONE,0.95,0.5803800225512414,NEW_BULL_REDEPLOY:EXECUTED,True,True,True,True,True,True,True,False,False,NEW_BULL_REDEPLOY:EXECUTED,NOT_CONFIRMED_TODAY,NEW_BULL_REDEPLOY,0.95,71
2023-01-31 00:00:00+00:00,NEW_BULL,0,2,NONE,0.95,0.6383294534761799,NEW_BULL_REDEPLOY:EXECUTED,True,True,True,True,True,True,True,False,False,NEW_BULL_REDEPLOY:EXECUTED,NOT_CONFIRMED_TODAY,NEW_BULL_REDEPLOY,0.95,72
2023-02-01 00:00:00+00:00,NEW_BULL,0,2,NONE,0.95,0.6993332221875157,NEW_BULL_REDEPLOY:EXECUTED,True,True,True,True,True,True,True,False,False,NEW_BULL_REDEPLOY:EXECUTED,NOT_CONFIRMED_TODAY,NEW_BULL_REDEPLOY,0.95,73
2023-02-02 00:00:00+00:00,NEW_BULL,0,2,NONE,0.95,0.7518698227581313,NEW_BULL_REDEPLOY:EXECUTED,True,True,True,True,True,True,True,False,False,NEW_BULL_REDEPLOY:EXECUTED,NOT_CONFIRMED_TODAY,NEW_BULL_REDEPLOY,0.95,74
2023-02-03 00:00:00+00:00,NEW_BULL,0,2,NONE,0.95,0.8062494959865909,NEW_BULL_REDEPLOY:EXECUTED,True,True,True,True,True,True,True,False,False,NEW_BULL_REDEPLOY:EXECUTED,NOT_CONFIRMED_TODAY,NEW_BULL_REDEPLOY,0.95,75
2023-02-04 00:00:00+00:00,NEW_BULL,0,2,NONE,0.95,0.8595315410276853,NEW_BULL_REDEPLOY:EXECUTED,True,True,True,True,True,True,True,False,False,NEW_BULL_REDEPLOY:EXECUTED,NOT_CONFIRMED_TODAY,NEW_BULL_REDEPLOY,0.95,76
2023-02-05 00:00:00+00:00,NEW_BULL,0,2,NONE,0.95,0.9115060451612567,NEW_BULL_REDEPLOY:EXECUTED,True,True,True,True,True,True,True,False,False,NEW_BULL_REDEPLOY:EXECUTED,NOT_CONFIRMED_TODAY,NEW_BULL_REDEPLOY,0.95,77
2023-02-06 00:00:00+00:00,BULL,0,0,NONE,0.95,0.9108476020068933,NEW_BULL_REDEPLOY:EXPOSURE_GAP_BELOW_5PP|NEW_BULL_COMPLETE_COOLDOWN_30,True,True,True,True,True,True,True,False,False,NEW_BULL_REDEPLOY:EXPOSURE_GAP_BELOW_5PP|NEW_BULL_COMPLETE_COOLDOWN_30,NOT_CONFIRMED_TODAY,NONE,0.95,
2023-02-07 00:00:00+00:00,BULL,0,0,NONE,0.95,0.9130352826133665,,True,True,True,True,True,True,True,False,False,,NOT_CONFIRMED_TODAY,NONE,0.95,
2023-02-08 00:00:00+00:00,BULL,0,0,NONE,0.95,0.9120680704181158,,True,True,True,True,True,True,True,False,False,,NOT_CONFIRMED_TODAY,NONE,0.95,
2023-02-09 00:00:00+00:00,BULL,0,0,NONE,0.95,0.9072705340628283,,True,True,True,True,True,True,True,False,False,,NOT_CONFIRMED_TODAY,NONE,0.95,
2023-02-10 00:00:00+00:00,BULL,0,0,NONE,0.95,0.9060943484118443,,True,True,True,True,True,True,True,False,False,,NOT_CONFIRMED_TODAY,NONE,0.95,
2023-02-11 00:00:00+00:00,BULL,0,0,NONE,0.95,0.9072489755030261,,True,True,True,True,True,True,True,False,False,,NOT_CONFIRMED_TODAY,NONE,0.95,
2023-02-12 00:00:00+00:00,BULL,0,0,NONE,0.95,0.9064889335329512,,True,True,True,True,True,True,True,False,False,,NOT_CONFIRMED_TODAY,NONE,0.95,
2023-02-13 00:00:00+00:00,BULL,0,0,NONE,0.95,0.906229240966853,,True,True,True,True,True,True,True,False,False,,NOT_CONFIRMED_TODAY,NONE,0.95,
2023-02-14 00:00:00+00:00,BULL,0,0,NONE,0.95,0.9083884990354182,,True,True,True,True,True,True,True,False,False,,NOT_CONFIRMED_TODAY,NONE,0.95,
2023-02-15 00:00:00+00:00,BULL,0,0,NONE,0.95,0.9150993715420015,,True,True,True,True,True,True,True,False,False,,NOT_CONFIRMED_TODAY,NONE,0.95,
2023-02-16 00:00:00+00:00,BULL,0,0,NONE,0.95,0.9128607961798814,,True,True,True,True,True,True,True,False,False,,NOT_CONFIRMED_TODAY,NONE,0.95,
2023-02-17 00:00:00+00:00,BULL,0,0,NONE,0.95,0.9159303082137464,,True,True,True,True,True,True,True,False,False,,NOT_CONFIRMED_TODAY,NONE,0.95,
2023-02-18 00:00:00+00:00,BULL,0,0,NONE,0.95,0.9159949768257963,,True,True,True,True,True,True,True,False,False,,NOT_CONFIRMED_TODAY,NONE,0.95,
2023-02-19 00:00:00+00:00,BULL,0,0,NONE,0.95,0.9151321340820868,,True,True,True,True,True,True,True,False,False,,NOT_CONFIRMED_TODAY,NONE,0.95,
2023-02-20 00:00:00+00:00,BULL,0,0,NONE,0.95,0.9166006765206817,,True,True,True,True,True,True,True,False,False,,NOT_CONFIRMED_TODAY,NONE,0.95,
2023-02-21 00:00:00+00:00,BULL,0,0,NONE,0.95,0.9150354748015685,,True,True,True,True,True,True,True,False,False,,NOT_CONFIRMED_TODAY,NONE,0.95,
2023-02-22 00:00:00+00:00,BULL,0,0,NONE,0.95,0.9142108348058647,,True,True,True,True,True,True,True,False,False,,NOT_CONFIRMED_TODAY,NONE,0.95,
2023-02-23 00:00:00+00:00,BULL,0,0,NONE,0.95,0.9139441839647976,,True,True,True,True,True,True,True,False,False,,NOT_CONFIRMED_TODAY,NONE,0.95,
2023-02-24 00:00:00+00:00,BULL,0,0,NONE,0.95,0.9116100192573038,,True,True,True,True,True,True,True,False,False,,NOT_CONFIRMED_TODAY,NONE,0.95,
2023-02-25 00:00:00+00:00,BULL,0,0,NONE,0.95,0.9112589771143834,,True,True,True,True,True,True,True,False,False,,NOT_CONFIRMED_TODAY,NONE,0.95,
2023-02-26 00:00:00+00:00,BULL,0,0,NONE,0.95,0.9130636517003787,,True,True,True,True,True,True,True,False,False,,NOT_CONFIRMED_TODAY,NONE,0.95,
2023-02-27 00:00:00+00:00,BULL,0,0,NONE,0.95,0.9127788015786432,,True,True,True,True,True,True,True,False,False,,NOT_CONFIRMED_TODAY,NONE,0.95,
2023-02-28 00:00:00+00:00,BULL,0,0,NONE,0.95,0.9114923203537676,,True,True,True,True,True,True,True,False,False,,NOT_CONFIRMED_TODAY,NONE,0.95,
2023-03-01 00:00:00+00:00,BULL,0,0,NONE,0.95,0.9137393186649198,,True,True,True,True,True,True,True,False,False,,NOT_CONFIRMED_TODAY,NONE,0.95,
2023-03-02 00:00:00+00:00,BULL,0,0,NONE,0.95,0.9130670148994009,,True,True,True,True,True,True,True,False,False,,NOT_CONFIRMED_TODAY,NONE,0.95,
2023-03-03 00:00:00+00:00,BULL,0,0,NONE,0.95,0.9091359978276234,,True,True,True,True,True,True,True,False,False,,NOT_CONFIRMED_TODAY,NONE,0.95,
2023-03-04 00:00:00+00:00,BULL,0,0,NONE,0.95,0.9090610057721827,,True,False,True,True,False,True,True,False,False,,NOT_CONFIRMED_TODAY,NONE,0.95,
2023-03-05 00:00:00+00:00,BULL,0,0,NONE,0.95,0.9091826596853492,,True,False,True,True,False,True,True,False,False,,NOT_CONFIRMED_TODAY,NONE,0.95,
2023-03-06 00:00:00+00:00,BULL,0,0,NONE,0.95,0.9091789844492503,,True,True,True,True,False,True,True,False,False,,NOT_CONFIRMED_TODAY,NONE,0.95,
2023-03-07 00:00:00+00:00,BULL,0,0,NONE,0.95,0.9086651566297183,,True,True,True,True,False,True,True,False,False,,NOT_CONFIRMED_TODAY,NONE,0.95,
2023-03-08 00:00:00+00:00,DISTRIBUTION,1,3,NONE,0.85,0.8473361103574827,STAGE1_SELL:EXECUTED,True,True,True,True,False,True,False,False,False,STAGE1_SELL:EXECUTED,NOT_CONFIRMED_TODAY,STAGE_RISK_SELL,0.85,78
2023-03-09 00:00:00+00:00,EARLY_BEAR,2,3,NONE,0.7,0.6864355328987436,STAGE2_SELL:EXECUTED,True,True,True,True,False,True,False,False,False,STAGE2_SELL:EXECUTED,NOT_CONFIRMED_TODAY,STAGE_RISK_SELL,0.7,79
2023-03-10 00:00:00+00:00,EARLY_BEAR,2,3,NONE,0.7,0.6845057322240987,,True,False,True,True,False,True,False,False,False,,NOT_CONFIRMED_TODAY,NONE,0.7,
2023-03-11 00:00:00+00:00,EARLY_BEAR,2,3,NONE,0.7,0.6894806056054331,,True,False,True,True,False,True,False,False,False,,NOT_CONFIRMED_TODAY,NONE,0.7,
2023-03-12 00:00:00+00:00,BEAR,3,3,NONE,0.55,0.5677445713297244,STAGE3_SELL:EXECUTED,True,False,True,True,False,True,False,False,False,STAGE3_SELL:EXECUTED,NOT_CONFIRMED_TODAY,STAGE_RISK_SELL,0.55,80
2023-03-13 00:00:00+00:00,BEAR,3,3,NONE,0.55,0.5858488240134727,,True,False,True,True,False,True,False,False,False,,NOT_CONFIRMED_TODAY,NONE,0.55,
2023-03-14 00:00:00+00:00,BEAR,3,3,NONE,0.55,0.5904889561025635,,True,False,True,True,True,True,False,False,False,,NOT_CONFIRMED_TODAY,NONE,0.55,
2023-03-15 00:00:00+00:00,BEAR,3,3,NONE,0.55,0.5850141150984612,,True,False,True,True,True,True,False,False,False,,NOT_CONFIRMED_TODAY,NONE,0.55,
2023-03-16 00:00:00+00:00,BEAR,3,3,NONE,0.55,0.5902713206778024,,True,True,True,True,True,True,False,False,False,,NOT_CONFIRMED_TODAY,NONE,0.55,
2023-03-17 00:00:00+00:00,BEAR,3,3,NONE,0.55,0.6093057869021521,,True,True,True,True,True,True,False,False,False,,NOT_CONFIRMED_TODAY,NONE,0.55,
2023-03-18 00:00:00+00:00,BEAR,3,3,NONE,0.55,0.6051425467645919,,True,True,True,True,True,True,False,False,False,,NOT_CONFIRMED_TODAY,NONE,0.55,
2023-03-19 00:00:00+00:00,BEAR,3,3,NONE,0.55,0.6113177676251391,,True,True,True,True,True,True,False,False,False,,NOT_CONFIRMED_TODAY,NONE,0.55,
2023-03-20 00:00:00+00:00,BEAR,3,3,NONE,0.55,0.6070636561144988,,True,True,True,True,True,True,False,False,False,,NOT_CONFIRMED_TODAY,NONE,0.55,
2023-03-21 00:00:00+00:00,BEAR,3,3,NONE,0.55,0.6132729011765606,,True,True,True,True,True,True,False,False,False,,NOT_CONFIRMED_TODAY,NONE,0.55,
2023-03-22 00:00:00+00:00,BEAR,3,3,NONE,0.55,0.6051362666337746,,True,True,True,True,True,True,False,False,False,,NOT_CONFIRMED_TODAY,NONE,0.55,
2023-03-23 00:00:00+00:00,BEAR,3,3,NONE,0.55,0.6149435565686635,,True,True,True,True,True,True,False,False,False,,NOT_CONFIRMED_TODAY,NONE,0.55,
2023-03-24 00:00:00+00:00,BEAR,3,3,NONE,0.55,0.6071146137768872,,True,True,True,True,True,True,False,False,False,,NOT_CONFIRMED_TODAY,NONE,0.55,
2023-03-25 00:00:00+00:00,BEAR,3,3,NONE,0.55,0.6066654090853228,,True,True,True,True,True,True,False,False,False,,NOT_CONFIRMED_TODAY,NONE,0.55,
2023-03-26 00:00:00+00:00,BEAR,3,3,NONE,0.55,0.6110284143358771,,True,True,True,True,True,True,False,False,False,,NOT_CONFIRMED_TODAY,NONE,0.55,
2023-03-27 00:00:00+00:00,BEAR,3,3,NONE,0.55,0.6034031993830951,,True,True,True,True,True,True,False,False,False,,NOT_CONFIRMED_TODAY,NONE,0.55,
2023-03-28 00:00:00+00:00,BEAR,3,3,NONE,0.55,0.6079124788824021,,True,True,True,True,True,True,False,False,False,,NOT_CONFIRMED_TODAY,NONE,0.55,
2023-03-29 00:00:00+00:00,BEAR,3,3,NONE,0.55,0.6139932833496701,,True,True,True,True,True,True,False,False,False,,NOT_CONFIRMED_TODAY,NONE,0.55,
2023-03-30 00:00:00+00:00,BEAR,3,3,NONE,0.55,0.6126723520586282,,True,True,True,True,True,True,False,False,False,,NOT_CONFIRMED_TODAY,NONE,0.55,
2023-03-31 00:00:00+00:00,BEAR,3,3,NONE,0.55,0.6163574793205872,,True,True,True,True,True,True,False,False,False,,NOT_CONFIRMED_TODAY,NONE,0.55,
2023-04-01 00:00:00+00:00,BEAR,3,3,NONE,0.55,0.6162816785260556,,True,True,True,True,True,True,False,False,False,,NOT_CONFIRMED_TODAY,NONE,0.55,
2023-04-02 00:00:00+00:00,BEAR,3,3,NONE,0.55,0.6134229924058123,,True,True,True,True,True,True,True,False,False,,NOT_CONFIRMED_TODAY,NONE,0.55,
2023-04-03 00:00:00+00:00,BEAR,3,3,NONE,0.55,0.6128736450705405,,True,True,True,True,True,True,True,False,False,,NOT_CONFIRMED_TODAY,NONE,0.55,
2023-04-04 00:00:00+00:00,BEAR,3,3,NONE,0.55,0.6182711282816238,,True,True,True,True,True,True,True,False,False,,NOT_CONFIRMED_TODAY,NONE,0.55,
2023-04-05 00:00:00+00:00,BEAR,3,3,NONE,0.55,0.6207059606677732,,True,True,True,True,True,True,True,False,False,,NOT_CONFIRMED_TODAY,NONE,0.55,
2023-04-06 00:00:00+00:00,BEAR,3,3,NONE,0.55,0.6178925954813311,,True,True,True,True,True,True,True,False,False,,NOT_CONFIRMED_TODAY,NONE,0.55,
2023-04-07 00:00:00+00:00,BEAR,3,3,NONE,0.55,0.6168288810127366,,True,True,True,True,True,True,True,False,False,,NOT_CONFIRMED_TODAY,NONE,0.55,
2023-04-08 00:00:00+00:00,BEAR,3,3,NONE,0.55,0.6160439708387705,,True,True,True,True,True,True,True,False,False,,NOT_CONFIRMED_TODAY,NONE,0.55,
2023-04-09 00:00:00+00:00,BEAR,3,3,NONE,0.55,0.6183382687692888,,True,True,True,True,True,True,True,False,False,,NOT_CONFIRMED_TODAY,NONE,0.55,
2023-04-10 00:00:00+00:00,BEAR,3,3,NONE,0.55,0.626916536379398,,True,True,True,True,True,True,True,False,False,,NOT_CONFIRMED_TODAY,NONE,0.55,
2023-04-11 00:00:00+00:00,BEAR,3,3,NONE,0.55,0.6279812391119025,,True,True,True,True,True,True,True,False,False,,NOT_CONFIRMED_TODAY,NONE,0.55,
2023-04-12 00:00:00+00:00,BEAR,3,3,NONE,0.55,0.6283964528709671,,True,True,True,True,True,True,True,False,False,,NOT_CONFIRMED_TODAY,NONE,0.55,
2023-04-13 00:00:00+00:00,BEAR,3,3,NONE,0.55,0.6358406408333318,,True,True,True,True,True,True,True,False,False,,NOT_CONFIRMED_TODAY,NONE,0.55,
2023-04-14 00:00:00+00:00,BEAR,3,3,NONE,0.55,0.6411708781723178,,True,True,True,True,True,True,True,False,False,,NOT_CONFIRMED_TODAY,NONE,0.55,
2023-04-15 00:00:00+00:00,BEAR,3,3,NONE,0.55,0.6400269030795537,,True,True,True,True,True,True,True,False,False,,NOT_CONFIRMED_TODAY,NONE,0.55,
2023-04-16 00:00:00+00:00,BEAR,3,3,NONE,0.55,0.6416450088222396,,True,True,True,True,True,True,True,False,False,,NOT_CONFIRMED_TODAY,NONE,0.55,
2023-04-17 00:00:00+00:00,BEAR,3,3,NONE,0.55,0.635850755027593,,True,True,True,True,True,True,True,False,False,,NOT_CONFIRMED_TODAY,NONE,0.55,
2023-04-18 00:00:00+00:00,BEAR,3,3,NONE,0.55,0.6411272298282542,,True,True,True,True,True,True,True,False,False,,NOT_CONFIRMED_TODAY,NONE,0.55,
2023-04-19 00:00:00+00:00,BEAR,3,3,NONE,0.55,0.6251360747849595,,True,True,True,True,True,True,True,False,False,,NOT_CONFIRMED_TODAY,NONE,0.55,
2023-04-20 00:00:00+00:00,BEAR,3,3,NONE,0.55,0.6234599408662086,,True,True,True,True,True,True,True,False,False,,NOT_CONFIRMED_TODAY,NONE,0.55,
2023-04-21 00:00:00+00:00,BEAR,3,3,NONE,0.55,0.6134366426350486,,True,True,True,True,True,True,True,False,False,,NOT_CONFIRMED_TODAY,NONE,0.55,
2023-04-22 00:00:00+00:00,BEAR,3,3,NONE,0.55,0.6174527118624897,,True,True,True,True,True,True,True,False,False,,NOT_CONFIRMED_TODAY,NONE,0.55,
2023-04-23 00:00:00+00:00,BEAR,3,3,NONE,0.55,0.6157424760808847,,True,True,True,True,True,True,True,False,False,,NOT_CONFIRMED_TODAY,NONE,0.55,
2023-04-24 00:00:00+00:00,BEAR,3,3,NONE,0.55,0.6141356734510108,,True,True,True,True,True,True,True,False,False,,NOT_CONFIRMED_TODAY,NONE,0.55,
2023-04-25 00:00:00+00:00,BEAR,3,3,NONE,0.55,0.6190633680663897,,True,True,True,True,True,True,True,False,False,,NOT_CONFIRMED_TODAY,NONE,0.55,
2023-04-26 00:00:00+00:00,BEAR,3,3,NONE,0.55,0.6195628175594905,,True,True,True,True,True,True,True,False,False,,NOT_CONFIRMED_TODAY,NONE,0.55,
2023-04-27 00:00:00+00:00,BEAR,3,3,NONE,0.55,0.6265566675523562,,True,True,True,True,True,True,True,False,False,,NOT_CONFIRMED_TODAY,NONE,0.55,
2023-04-28 00:00:00+00:00,BEAR,3,3,NONE,0.55,0.6248534848334518,,True,True,True,True,True,True,True,False,False,,NOT_CONFIRMED_TODAY,NONE,0.55,
2023-04-29 00:00:00+00:00,BEAR,3,3,NONE,0.55,0.6255665428657368,,True,True,True,True,True,True,True,False,False,,NOT_CONFIRMED_TODAY,NONE,0.55,
2023-04-30 00:00:00+00:00,BEAR,3,3,NONE,0.55,0.6233075111191401,,True,True,True,True,True,True,True,False,False,,NOT_CONFIRMED_TODAY,NONE,0.55,
2023-05-01 00:00:00+00:00,BEAR,3,3,NONE,0.55,0.6159858141527086,,True,True,True,True,True,True,True,False,False,,NOT_CONFIRMED_TODAY,NONE,0.55,
2023-05-02 00:00:00+00:00,BEAR,3,3,NONE,0.55,0.6210204533920746,,True,True,True,True,False,True,True,False,False,,NOT_CONFIRMED_TODAY,NONE,0.55,
2023-05-03 00:00:00+00:00,BEAR,3,3,NONE,0.55,0.6246646738237719,,True,True,True,True,True,True,True,False,False,,NOT_CONFIRMED_TODAY,NONE,0.55,
2023-05-04 00:00:00+00:00,BEAR,3,3,NONE,0.55,0.6221986731978982,,True,True,True,True,True,True,True,False,False,,NOT_CONFIRMED_TODAY,NONE,0.55,
2023-05-05 00:00:00+00:00,BEAR,3,3,NONE,0.55,0.6318873144455975,,True,True,True,True,True,True,True,False,False,,NOT_CONFIRMED_TODAY,NONE,0.55,
2023-05-06 00:00:00+00:00,BEAR,3,3,NONE,0.55,0.6234675768319718,,True,True,True,True,True,True,True,False,False,,NOT_CONFIRMED_TODAY,NONE,0.55,
2023-05-07 00:00:00+00:00,BEAR,3,3,NONE,0.55,0.620154169656174,,True,True,True,True,True,True,True,False,False,,NOT_CONFIRMED_TODAY,NONE,0.55,
2023-05-08 00:00:00+00:00,BEAR,3,3,NONE,0.55,0.6155087636855484,,True,True,True,True,False,True,True,False,False,,NOT_CONFIRMED_TODAY,NONE,0.55,
2023-05-09 00:00:00+00:00,BEAR,3,3,NONE,0.55,0.6152924186291022,,True,True,True,True,False,True,True,False,False,,NOT_CONFIRMED_TODAY,NONE,0.55,
2023-05-10 00:00:00+00:00,BEAR,3,3,NONE,0.55,0.6148266208619856,,True,True,True,True,False,True,True,False,False,,NOT_CONFIRMED_TODAY,NONE,0.55,
2023-05-11 00:00:00+00:00,BEAR,3,3,NONE,0.55,0.6090705985569317,,True,True,True,True,False,True,True,False,False,,NOT_CONFIRMED_TODAY,NONE,0.55,
2023-05-12 00:00:00+00:00,BEAR,3,3,NONE,0.55,0.6091908825632842,,True,True,True,True,False,True,True,False,False,,NOT_CONFIRMED_TODAY,NONE,0.55,
2023-05-13 00:00:00+00:00,BEAR,3,3,NONE,0.55,0.6083136184185803,,True,True,True,True,False,True,True,False,False,,NOT_CONFIRMED_TODAY,NONE,0.55,
2023-05-14 00:00:00+00:00,BEAR,3,3,NONE,0.55,0.6092432020284065,,True,True,True,True,False,True,True,False,False,,NOT_CONFIRMED_TODAY,NONE,0.55,
2023-05-15 00:00:00+00:00,BEAR,3,3,NONE,0.55,0.6114604710984081,,True,True,True,True,False,True,True,False,False,,NOT_CONFIRMED_TODAY,NONE,0.55,
2023-05-16 00:00:00+00:00,BEAR,3,3,NONE,0.55,0.6114427753429278,,True,True,False,True,False,True,True,False,False,,NOT_CONFIRMED_TODAY,NONE,0.55,
2023-05-17 00:00:00+00:00,BEAR,3,3,NONE,0.55,0.6129599125525426,,True,True,False,True,False,True,True,False,False,,NOT_CONFIRMED_TODAY,NONE,0.55,
2023-05-18 00:00:00+00:00,BEAR,3,3,NONE,0.55,0.6090026784471999,,True,True,False,True,False,True,True,False,False,,NOT_CONFIRMED_TODAY,NONE,0.55,
2023-05-19 00:00:00+00:00,BEAR,3,3,NONE,0.55,0.6100627148428444,,True,True,False,True,False,True,True,False,False,,NOT_CONFIRMED_TODAY,NONE,0.55,
2023-05-20 00:00:00+00:00,BEAR,3,3,NONE,0.55,0.6115318200005047,,True,True,False,True,False,True,True,False,False,,NOT_CONFIRMED_TODAY,NONE,0.55,
2023-05-21 00:00:00+00:00,BEAR,3,3,NONE,0.55,0.6090368250572432,,True,True,False,True,False,True,True,False,False,,NOT_CONFIRMED_TODAY,NONE,0.55,
2023-05-22 00:00:00+00:00,BEAR,3,3,NONE,0.55,0.6103295839508396,,True,True,False,True,False,True,True,False,False,,NOT_CONFIRMED_TODAY,NONE,0.55,
2023-05-23 00:00:00+00:00,BEAR,3,3,NONE,0.55,0.6143544860991622,,True,True,False,True,False,True,True,False,False,,NOT_CONFIRMED_TODAY,NONE,0.55,
2023-05-24 00:00:00+00:00,BEAR,3,3,NONE,0.55,0.6069025742858452,,True,True,False,True,False,True,True,False,False,,NOT_CONFIRMED_TODAY,NONE,0.55,
2023-05-25 00:00:00+00:00,BEAR,3,3,NONE,0.55,0.607958110613446,,True,True,False,True,False,True,True,False,False,,NOT_CONFIRMED_TODAY,NONE,0.55,
2023-05-26 00:00:00+00:00,BEAR,3,3,NONE,0.55,0.6104782965036127,,True,True,False,True,False,True,True,False,False,,NOT_CONFIRMED_TODAY,NONE,0.55,
2023-05-27 00:00:00+00:00,BEAR,3,3,NONE,0.55,0.6112956456490433,,True,True,False,True,False,True,True,False,False,,NOT_CONFIRMED_TODAY,NONE,0.55,
2023-05-28 00:00:00+00:00,BEAR,3,3,NONE,0.55,0.6215136571859364,,True,True,False,True,False,True,True,False,False,,NOT_CONFIRMED_TODAY,NONE,0.55,
2023-05-29 00:00:00+00:00,BEAR,3,3,NONE,0.55,0.6191578766640068,,True,True,False,True,False,True,True,False,False,,NOT_CONFIRMED_TODAY,NONE,0.55,
2023-05-30 00:00:00+00:00,BEAR,3,3,NONE,0.55,0.6195031044043126,,True,True,False,True,False,True,True,False,False,,NOT_CONFIRMED_TODAY,NONE,0.55,
2023-05-31 00:00:00+00:00,BEAR,3,3,NONE,0.55,0.6157612660326811,,True,True,False,True,False,True,True,False,False,,NOT_CONFIRMED_TODAY,NONE,0.55,
2023-06-01 00:00:00+00:00,BEAR,3,3,NONE,0.55,0.6133236899348607,,True,True,False,True,False,True,True,False,False,,NOT_CONFIRMED_TODAY,NONE,0.55,
2023-06-02 00:00:00+00:00,BEAR,3,3,NONE,0.55,0.6180394858196215,,True,True,False,True,False,True,True,False,False,,NOT_CONFIRMED_TODAY,NONE,0.55,
2023-06-03 00:00:00+00:00,BEAR,3,3,NONE,0.55,0.6163976164476885,,True,True,False,True,False,True,True,False,False,,NOT_CONFIRMED_TODAY,NONE,0.55,
2023-06-04 00:00:00+00:00,BEAR,3,3,NONE,0.55,0.6164893540445308,,True,True,False,True,False,True,True,False,False,,NOT_CONFIRMED_TODAY,NONE,0.55,
2023-06-05 00:00:00+00:00,BEAR,3,3,NONE,0.55,0.6051841136706161,,True,True,False,True,False,True,True,False,False,,NOT_CONFIRMED_TODAY,NONE,0.55,
2023-06-06 00:00:00+00:00,BEAR,3,3,NONE,0.55,0.6166924470477658,,True,True,False,True,False,True,True,False,False,,NOT_CONFIRMED_TODAY,NONE,0.55,
2023-06-07 00:00:00+00:00,BEAR,3,3,NONE,0.55,0.6094276717346644,,True,True,False,True,False,True,True,False,False,,NOT_CONFIRMED_TODAY,NONE,0.55,
2023-06-08 00:00:00+00:00,BEAR,3,3,NONE,0.55,0.6110451865276417,,True,True,False,True,False,True,True,False,False,,NOT_CONFIRMED_TODAY,NONE,0.55,
2023-06-09 00:00:00+00:00,BEAR,3,3,NONE,0.55,0.6106337524202154,,True,True,False,True,False,True,True,False,False,,NOT_CONFIRMED_TODAY,NONE,0.55,
2023-06-10 00:00:00+00:00,BEAR,3,3,NONE,0.55,0.6018328101376016,,True,True,False,True,False,True,True,False,False,,NOT_CONFIRMED_TODAY,NONE,0.55,
2023-06-11 00:00:00+00:00,BEAR,3,3,NONE,0.55,0.6023336117746553,,True,True,False,True,False,True,True,False,False,,NOT_CONFIRMED_TODAY,NONE,0.55,
2023-06-12 00:00:00+00:00,BEAR,3,3,NONE,0.55,0.6015690922021517,,True,True,False,True,False,True,True,False,False,,NOT_CONFIRMED_TODAY,NONE,0.55,
2023-06-13 00:00:00+00:00,BEAR,3,3,NONE,0.55,0.6015624321754584,,True,True,False,True,False,True,True,False,False,,NOT_CONFIRMED_TODAY,NONE,0.55,
2023-06-14 00:00:00+00:00,BEAR,3,3,NONE,0.55,0.5914899852692171,,True,True,False,True,False,True,True,False,False,,NOT_CONFIRMED_TODAY,NONE,0.55,
2023-06-15 00:00:00+00:00,BEAR,3,3,NONE,0.55,0.5949373575721423,,True,True,False,True,False,True,True,False,False,,NOT_CONFIRMED_TODAY,NONE,0.55,
2023-06-16 00:00:00+00:00,BEAR,3,3,NONE,0.55,0.602031995343107,,True,True,False,True,False,True,True,False,False,,NOT_CONFIRMED_TODAY,NONE,0.55,
2023-06-17 00:00:00+00:00,BEAR,3,3,NONE,0.55,0.6035225525690647,,True,True,False,True,False,True,True,False,False,,NOT_CONFIRMED_TODAY,NONE,0.55,
2023-06-18 00:00:00+00:00,BEAR,3,3,NONE,0.55,0.6022668918581771,,True,True,False,True,False,True,True,False,False,,NOT_CONFIRMED_TODAY,NONE,0.55,
2023-06-19 00:00:00+00:00,BEAR,3,3,NONE,0.55,0.6057045604874912,,True,True,False,True,False,True,True,False,False,,NOT_CONFIRMED_TODAY,NONE,0.55,
2023-06-20 00:00:00+00:00,BEAR,3,3,NONE,0.55,0.6158161539816371,,True,True,False,True,False,True,True,False,False,,NOT_CONFIRMED_TODAY,NONE,0.55,
2023-06-21 00:00:00+00:00,BEAR,3,3,NONE,0.55,0.6288611708860495,,True,True,False,True,True,True,True,False,False,,NOT_CONFIRMED_TODAY,NONE,0.55,
2023-06-22 00:00:00+00:00,BEAR,3,3,NONE,0.55,0.6274220632828049,,True,True,False,True,True,True,True,False,False,,NOT_CONFIRMED_TODAY,NONE,0.55,
2023-06-23 00:00:00+00:00,BEAR,3,3,NONE,0.55,0.6318976570820976,,True,True,False,True,True,True,True,False,False,,NOT_CONFIRMED_TODAY,NONE,0.55,
2023-06-24 00:00:00+00:00,BEAR,3,3,NONE,0.55,0.6302395559375961,,True,True,False,True,True,True,True,False,False,,NOT_CONFIRMED_TODAY,NONE,0.55,
2023-06-25 00:00:00+00:00,BEAR,3,3,NONE,0.55,0.6314037086600545,,True,True,False,True,True,True,True,False,False,,NOT_CONFIRMED_TODAY,NONE,0.55,
2023-06-26 00:00:00+00:00,BEAR,3,3,NONE,0.55,0.628290127120888,,True,True,False,True,True,True,True,False,False,,NOT_CONFIRMED_TODAY,NONE,0.55,
2023-06-27 00:00:00+00:00,BEAR,3,3,NONE,0.55,0.6318245020742497,,True,True,True,True,True,True,True,False,False,,NOT_CONFIRMED_TODAY,NONE,0.55,
2023-06-28 00:00:00+00:00,BEAR,3,3,NONE,0.55,0.6257001054996593,,True,True,True,True,True,True,True,False,False,,NOT_CONFIRMED_TODAY,NONE,0.55,
2023-06-29 00:00:00+00:00,BEAR,3,3,NONE,0.55,0.6286694822003704,,True,True,True,True,True,True,True,False,False,,NOT_CONFIRMED_TODAY,NONE,0.55,
2023-06-30 00:00:00+00:00,BEAR,3,3,NONE,0.55,0.6335892942640657,,True,True,True,True,True,True,True,False,False,,NOT_CONFIRMED_TODAY,NONE,0.55,
2023-07-01 00:00:00+00:00,BEAR,3,3,NONE,0.55,0.6335228638656571,,True,True,True,True,True,True,True,False,False,,NOT_CONFIRMED_TODAY,NONE,0.55,
2023-07-02 00:00:00+00:00,BEAR,3,3,NONE,0.55,0.634417291723255,,True,True,True,True,True,True,True,False,False,,NOT_CONFIRMED_TODAY,NONE,0.55,
2023-07-03 00:00:00+00:00,BEAR,3,3,NONE,0.55,0.6375707980667172,,True,True,True,True,True,True,True,False,False,,NOT_CONFIRMED_TODAY,NONE,0.55,
2023-07-04 00:00:00+00:00,BEAR,3,3,NONE,0.55,0.6349735713736632,,True,True,True,True,True,True,True,False,False,,NOT_CONFIRMED_TODAY,NONE,0.55,
2023-07-05 00:00:00+00:00,BEAR,3,3,NONE,0.55,0.6324683612923507,,True,True,True,True,True,True,True,False,False,,NOT_CONFIRMED_TODAY,NONE,0.55,
2023-07-06 00:00:00+00:00,BEAR,3,3,NONE,0.55,0.6262262528717263,,True,True,True,True,True,True,True,False,False,,NOT_CONFIRMED_TODAY,NONE,0.55,
2023-07-07 00:00:00+00:00,BEAR,3,3,NONE,0.55,0.6295559828284462,,True,True,True,True,True,True,True,False,False,,NOT_CONFIRMED_TODAY,NONE,0.55,
2023-07-08 00:00:00+00:00,BEAR,3,3,NONE,0.55,0.628999721504509,,True,True,True,True,True,True,True,False,False,,NOT_CONFIRMED_TODAY,NONE,0.55,
2023-07-09 00:00:00+00:00,BEAR,3,3,NONE,0.55,0.6283744452808097,,True,True,True,True,True,True,True,False,False,,NOT_CONFIRMED_TODAY,NONE,0.55,
2023-07-10 00:00:00+00:00,BEAR,3,3,NONE,0.55,0.6304530625836,,True,True,True,True,True,True,True,False,False,,NOT_CONFIRMED_TODAY,NONE,0.55,
2023-07-11 00:00:00+00:00,BEAR,3,3,NONE,0.55,0.6311966829036382,,True,True,True,True,True,True,True,False,False,,NOT_CONFIRMED_TODAY,NONE,0.55,
2023-07-12 00:00:00+00:00,BEAR,3,3,NONE,0.55,0.6298645326352461,,True,True,True,True,True,True,True,False,False,,NOT_CONFIRMED_TODAY,NONE,0.55,
2023-07-13 00:00:00+00:00,BEAR,3,3,NONE,0.55,0.6416693133844494,,True,True,True,True,True,True,True,False,False,,NOT_CONFIRMED_TODAY,NONE,0.55,
2023-07-14 00:00:00+00:00,BEAR,3,3,NONE,0.55,0.633497772472595,,True,True,True,True,True,True,True,False,False,,NOT_CONFIRMED_TODAY,NONE,0.55,
2023-07-15 00:00:00+00:00,BEAR,3,3,NONE,0.55,0.6330584099476408,,True,True,True,True,True,True,True,False,False,,NOT_CONFIRMED_TODAY,NONE,0.55,
2023-07-16 00:00:00+00:00,BEAR,3,3,NONE,0.55,0.6323107819899186,,True,True,True,True,True,True,True,False,False,,NOT_CONFIRMED_TODAY,NONE,0.55,
2023-07-17 00:00:00+00:00,BEAR,3,3,NONE,0.55,0.6313198740244726,,True,True,True,True,True,True,True,False,False,,NOT_CONFIRMED_TODAY,NONE,0.55,
2023-07-18 00:00:00+00:00,BEAR,3,3,NONE,0.55,0.629394993678595,,True,True,True,True,True,True,True,False,False,,NOT_CONFIRMED_TODAY,NONE,0.55,
2023-07-19 00:00:00+00:00,BEAR,3,3,NONE,0.55,0.6291118605728799,,True,True,True,True,True,True,True,False,False,,NOT_CONFIRMED_TODAY,NONE,0.55,
2023-07-20 00:00:00+00:00,BEAR,3,3,NONE,0.55,0.6288667244547268,,True,True,True,True,True,True,True,False,False,,NOT_CONFIRMED_TODAY,NONE,0.55,
2023-07-21 00:00:00+00:00,BEAR,3,3,NONE,0.55,0.6293103445180905,,True,True,True,True,True,True,True,False,False,,NOT_CONFIRMED_TODAY,NONE,0.55,
2023-07-22 00:00:00+00:00,BEAR,3,3,NONE,0.55,0.6273926597535123,,True,True,True,True,True,True,True,False,False,,NOT_CONFIRMED_TODAY,NONE,0.55,
2023-07-23 00:00:00+00:00,BEAR,3,3,NONE,0.55,0.6299146609686426,,True,True,True,True,True,True,True,False,False,,NOT_CONFIRMED_TODAY,NONE,0.55,
2023-07-24 00:00:00+00:00,BEAR,3,3,NONE,0.55,0.6238864420172932,,True,True,True,True,True,True,True,False,False,,NOT_CONFIRMED_TODAY,NONE,0.55,
2023-07-25 00:00:00+00:00,BEAR,3,3,NONE,0.55,0.6245943761456638,,True,True,True,True,True,True,True,False,False,,NOT_CONFIRMED_TODAY,NONE,0.55,
2023-07-26 00:00:00+00:00,BEAR,3,3,NONE,0.55,0.6259955402276502,,True,True,True,True,True,True,True,False,False,,NOT_CONFIRMED_TODAY,NONE,0.55,
2023-07-27 00:00:00+00:00,BEAR,3,3,NONE,0.55,0.6248347778338089,,True,True,True,True,True,True,True,False,False,,NOT_CONFIRMED_TODAY,NONE,0.55,
2023-07-28 00:00:00+00:00,BEAR,3,3,NONE,0.55,0.6260173815460277,,True,True,True,True,True,True,True,False,False,,NOT_CONFIRMED_TODAY,NONE,0.55,
2023-07-29 00:00:00+00:00,BEAR,3,3,NONE,0.55,0.62657772997055,,True,True,True,True,True,True,True,False,False,,NOT_CONFIRMED_TODAY,NONE,0.55,
2023-07-30 00:00:00+00:00,BEAR,3,3,NONE,0.55,0.6251770260742149,,True,True,True,True,True,True,True,False,False,,NOT_CONFIRMED_TODAY,NONE,0.55,
2023-07-31 00:00:00+00:00,BEAR,3,3,NONE,0.55,0.6246543006588566,,True,True,True,True,False,True,True,False,False,,NOT_CONFIRMED_TODAY,NONE,0.55,
2023-08-01 00:00:00+00:00,BEAR,3,3,NONE,0.55,0.6276784424159846,,True,True,True,True,False,True,True,False,False,,NOT_CONFIRMED_TODAY,NONE,0.55,
2023-08-02 00:00:00+00:00,BEAR,3,3,NONE,0.55,0.6235179424210983,,True,True,True,True,True,True,True,False,False,,NOT_CONFIRMED_TODAY,NONE,0.55,
2023-08-03 00:00:00+00:00,BEAR,3,3,NONE,0.55,0.6233231128751752,,True,True,True,True,False,True,True,False,False,,NOT_CONFIRMED_TODAY,NONE,0.55,
2023-08-04 00:00:00+00:00,BEAR,3,3,NONE,0.55,0.6226696927983172,,True,True,True,True,False,True,True,False,False,,NOT_CONFIRMED_TODAY,NONE,0.55,
2023-08-05 00:00:00+00:00,BEAR,3,3,NONE,0.55,0.6229003277272108,,True,True,True,True,False,True,True,False,False,,NOT_CONFIRMED_TODAY,NONE,0.55,
2023-08-06 00:00:00+00:00,BEAR,3,3,NONE,0.55,0.6226117826320046,,True,True,True,True,False,True,True,False,False,,NOT_CONFIRMED_TODAY,NONE,0.55,
2023-08-07 00:00:00+00:00,BEAR,3,3,NONE,0.55,0.6230789241897289,,True,True,True,True,False,True,True,False,False,,NOT_CONFIRMED_TODAY,NONE,0.55,
2023-08-08 00:00:00+00:00,BEAR,3,3,NONE,0.55,0.6270773259161024,,True,True,True,True,False,True,True,False,False,,NOT_CONFIRMED_TODAY,NONE,0.55,
2023-08-09 00:00:00+00:00,BEAR,3,3,NONE,0.55,0.6262657668227585,,True,True,True,True,False,True,True,False,False,,NOT_CONFIRMED_TODAY,NONE,0.55,
2023-08-10 00:00:00+00:00,BEAR,3,3,NONE,0.55,0.6255920010248248,,True,True,True,True,False,True,True,False,False,,NOT_CONFIRMED_TODAY,NONE,0.55,
2023-08-11 00:00:00+00:00,BEAR,3,3,NONE,0.55,0.6252719581301067,,True,True,True,True,False,True,True,False,False,,NOT_CONFIRMED_TODAY,NONE,0.55,
2023-08-12 00:00:00+00:00,BEAR,3,3,NONE,0.55,0.6253781669773603,,True,True,True,True,False,True,True,False,False,,NOT_CONFIRMED_TODAY,NONE,0.55,
2023-08-13 00:00:00+00:00,BEAR,3,3,NONE,0.55,0.6243162317211319,,True,True,True,True,False,True,True,False,False,,NOT_CONFIRMED_TODAY,NONE,0.55,
2023-08-14 00:00:00+00:00,BEAR,3,3,NONE,0.55,0.625159178398635,,True,True,True,True,False,True,True,False,False,,NOT_CONFIRMED_TODAY,NONE,0.55,
2023-08-15 00:00:00+00:00,BEAR,3,3,NONE,0.55,0.6232097922160496,,True,True,True,True,False,True,True,False,False,,NOT_CONFIRMED_TODAY,NONE,0.55,
2023-08-16 00:00:00+00:00,BEAR,3,3,NONE,0.55,0.6199331878677315,,True,True,True,True,False,True,True,False,False,,NOT_CONFIRMED_TODAY,NONE,0.55,
2023-08-17 00:00:00+00:00,BEAR,3,3,NONE,0.55,0.6022822404884007,,True,True,False,True,False,True,True,False,False,,NOT_CONFIRMED_TODAY,NONE,0.55,
2023-08-18 00:00:00+00:00,BEAR,3,3,NONE,0.55,0.5982397176185659,,True,True,False,True,False,True,True,False,False,,NOT_CONFIRMED_TODAY,NONE,0.55,
2023-08-19 00:00:00+00:00,BEAR,3,3,NONE,0.55,0.5990472024069817,,True,True,False,True,False,True,True,False,False,,NOT_CONFIRMED_TODAY,NONE,0.55,
2023-08-20 00:00:00+00:00,BEAR,3,3,NONE,0.55,0.6005761080454461,,False,True,False,True,False,True,True,False,False,,NOT_CONFIRMED_TODAY,NONE,0.55,
2023-08-21 00:00:00+00:00,BEAR,3,3,NONE,0.55,0.5990813466073146,,False,True,False,True,False,True,True,False,False,,NOT_CONFIRMED_TODAY,NONE,0.55,
2023-08-22 00:00:00+00:00,BEAR,3,3,NONE,0.55,0.5964963946797244,,False,True,False,True,False,True,True,False,False,,NOT_CONFIRMED_TODAY,NONE,0.55,
2023-08-23 00:00:00+00:00,BEAR,3,3,NONE,0.55,0.601415301055623,,False,True,False,True,False,True,True,False,False,,NOT_CONFIRMED_TODAY,NONE,0.55,
2023-08-24 00:00:00+00:00,BEAR,3,3,NONE,0.55,0.5989709006758306,,False,True,False,True,False,True,True,False,False,,NOT_CONFIRMED_TODAY,NONE,0.55,
2023-08-25 00:00:00+00:00,BEAR,3,3,NONE,0.55,0.5979109752808708,,False,True,False,True,False,True,True,False,False,,NOT_CONFIRMED_TODAY,NONE,0.55,
2023-08-26 00:00:00+00:00,BEAR,3,3,NONE,0.55,0.597260420608655,,False,True,False,True,False,True,True,False,False,,NOT_CONFIRMED_TODAY,NONE,0.55,
2023-08-27 00:00:00+00:00,BEAR,3,3,NONE,0.55,0.5984795519223787,,False,True,False,True,False,True,True,False,False,,NOT_CONFIRMED_TODAY,NONE,0.55,
2023-08-28 00:00:00+00:00,BEAR,3,3,NONE,0.55,0.5982283494201858,,False,True,False,True,False,True,True,False,False,,NOT_CONFIRMED_TODAY,NONE,0.55,
2023-08-29 00:00:00+00:00,BEAR,3,3,NONE,0.55,0.6108191159712574,,False,True,False,True,False,True,True,False,False,,NOT_CONFIRMED_TODAY,NONE,0.55,
2023-08-30 00:00:00+00:00,BEAR,3,3,NONE,0.55,0.6073593141325586,,False,True,False,True,False,True,True,False,False,,NOT_CONFIRMED_TODAY,NONE,0.55,
2023-08-31 00:00:00+00:00,BEAR,3,3,NONE,0.55,0.5969313705191786,,False,True,False,True,False,True,True,False,False,,NOT_CONFIRMED_TODAY,NONE,0.55,
2023-09-01 00:00:00+00:00,BEAR,3,3,NONE,0.55,0.595128613730916,,False,True,False,True,False,True,True,False,False,,NOT_CONFIRMED_TODAY,NONE,0.55,
2023-09-02 00:00:00+00:00,BEAR,3,3,NONE,0.55,0.5960268749008532,,False,True,False,True,False,True,True,False,False,,NOT_CONFIRMED_TODAY,NONE,0.55,
2023-09-03 00:00:00+00:00,BEAR,3,3,NONE,0.55,0.5964631239522277,,False,True,False,True,False,True,True,False,False,,NOT_CONFIRMED_TODAY,NONE,0.55,
2023-09-04 00:00:00+00:00,BEAR,3,3,NONE,0.55,0.5954092503590832,,False,True,False,True,False,True,True,False,False,,NOT_CONFIRMED_TODAY,NONE,0.55,
2023-09-05 00:00:00+00:00,BEAR,3,3,NONE,0.55,0.5955489683659607,,False,True,False,True,False,True,True,False,False,,NOT_CONFIRMED_TODAY,NONE,0.55,
2023-09-06 00:00:00+00:00,BEAR,3,3,NONE,0.55,0.59532747574186,,False,True,False,True,False,True,True,False,False,,NOT_CONFIRMED_TODAY,NONE,0.55,
2023-09-07 00:00:00+00:00,BEAR,3,3,NONE,0.55,0.5987948108952582,,False,True,False,True,False,True,True,False,False,,NOT_CONFIRMED_TODAY,NONE,0.55,
2023-09-08 00:00:00+00:00,BEAR,3,3,NONE,0.55,0.5963448562224033,,False,True,False,True,False,True,True,False,False,,NOT_CONFIRMED_TODAY,NONE,0.55,
2023-09-09 00:00:00+00:00,BEAR,3,3,NONE,0.55,0.5962652000067409,,False,True,False,True,False,True,True,False,False,,NOT_CONFIRMED_TODAY,NONE,0.55,
2023-09-10 00:00:00+00:00,BEAR,3,3,NONE,0.55,0.5947211541216741,,False,True,False,True,False,True,True,False,False,,NOT_CONFIRMED_TODAY,NONE,0.55,
2023-09-11 00:00:00+00:00,BEAR,3,3,NONE,0.55,0.5866215907834087,,False,True,False,True,False,True,True,False,False,,NOT_CONFIRMED_TODAY,NONE,0.55,
2023-09-12 00:00:00+00:00,BEAR,3,3,NONE,0.55,0.5930293353626273,,False,True,False,True,False,True,True,False,False,,NOT_CONFIRMED_TODAY,NONE,0.55,
2023-09-13 00:00:00+00:00,BEAR,3,3,NONE,0.55,0.5959671847663659,,False,True,False,False,False,True,True,False,False,,NOT_CONFIRMED_TODAY,NONE,0.55,
2023-09-14 00:00:00+00:00,BEAR,3,3,NONE,0.55,0.5987650355258108,,False,True,False,False,False,True,True,False,False,,NOT_CONFIRMED_TODAY,NONE,0.55,
2023-09-15 00:00:00+00:00,BEAR,3,3,NONE,0.55,0.6001862246141046,,False,True,False,False,False,True,True,False,False,,NOT_CONFIRMED_TODAY,NONE,0.55,
2023-09-16 00:00:00+00:00,BEAR,3,3,NONE,0.55,0.5995442472563728,,False,True,False,False,False,True,True,False,False,,NOT_CONFIRMED_TODAY,NONE,0.55,
2023-09-17 00:00:00+00:00,BEAR,3,3,NONE,0.55,0.598590198334259,,False,True,False,False,False,True,True,False,False,,NOT_CONFIRMED_TODAY,NONE,0.55,
2023-09-18 00:00:00+00:00,BEAR,3,3,NONE,0.55,0.6007204047161324,,False,True,False,False,False,True,True,False,False,,NOT_CONFIRMED_TODAY,NONE,0.55,
2023-09-19 00:00:00+00:00,BEAR,3,3,NONE,0.55,0.6033045935588888,,False,True,False,False,False,True,True,False,False,,NOT_CONFIRMED_TODAY,NONE,0.55,
2023-09-20 00:00:00+00:00,BEAR,3,3,NONE,0.55,0.6015063912791704,,False,True,False,False,True,True,True,False,False,,NOT_CONFIRMED_TODAY,NONE,0.55,
2023-09-21 00:00:00+00:00,BEAR,3,3,NONE,0.55,0.5961978612084647,,False,True,False,False,False,True,True,False,False,,NOT_CONFIRMED_TODAY,NONE,0.55,
2023-09-22 00:00:00+00:00,BEAR,3,3,NONE,0.55,0.596924585627826,,False,True,False,False,False,True,True,False,False,,NOT_CONFIRMED_TODAY,NONE,0.55,
2023-09-23 00:00:00+00:00,BEAR,3,3,NONE,0.55,0.5969855418229483,,False,True,False,False,False,True,True,False,False,,NOT_CONFIRMED_TODAY,NONE,0.55,
2023-09-24 00:00:00+00:00,BEAR,3,3,NONE,0.55,0.5944858420535567,,False,True,False,False,False,True,True,False,False,,NOT_CONFIRMED_TODAY,NONE,0.55,
2023-09-25 00:00:00+00:00,BEAR,3,3,NONE,0.55,0.5953286932862905,,False,True,False,False,False,True,True,False,False,,NOT_CONFIRMED_TODAY,NONE,0.55,
2023-09-26 00:00:00+00:00,BEAR,3,3,NONE,0.55,0.5953495917211449,,False,True,False,False,False,True,True,False,False,,NOT_CONFIRMED_TODAY,NONE,0.55,
2023-09-27 00:00:00+00:00,BEAR,3,3,NONE,0.55,0.5964412711788809,,False,True,False,False,False,True,True,False,False,,NOT_CONFIRMED_TODAY,NONE,0.55,
2023-09-28 00:00:00+00:00,BEAR,3,3,NONE,0.55,0.603323162036228,,False,True,False,False,False,True,True,False,False,,NOT_CONFIRMED_TODAY,NONE,0.55,
2023-09-29 00:00:00+00:00,BEAR,3,3,NONE,0.55,0.6037907828294706,,False,True,False,False,True,True,True,False,False,,NOT_CONFIRMED_TODAY,NONE,0.55,
2023-09-30 00:00:00+00:00,BEAR,3,3,NONE,0.55,0.6043097788571093,,False,True,False,False,True,True,True,False,False,,NOT_CONFIRMED_TODAY,NONE,0.55,
2023-10-01 00:00:00+00:00,BEAR,3,3,NONE,0.55,0.6132036828551793,,False,True,False,False,True,True,True,False,False,,NOT_CONFIRMED_TODAY,NONE,0.55,
2023-10-02 00:00:00+00:00,BEAR,3,3,NONE,0.55,0.6062701125787326,,False,True,False,False,True,True,True,False,False,,NOT_CONFIRMED_TODAY,NONE,0.55,
2023-10-03 00:00:00+00:00,BEAR,3,3,NONE,0.55,0.6056096806397032,,False,True,False,False,True,True,True,False,False,,NOT_CONFIRMED_TODAY,NONE,0.55,
2023-10-04 00:00:00+00:00,BEAR,3,3,NONE,0.55,0.6065819700502594,,False,True,False,False,True,True,True,False,False,,NOT_CONFIRMED_TODAY,NONE,0.55,
2023-10-05 00:00:00+00:00,BEAR,3,3,NONE,0.55,0.6025377937645053,,False,True,False,False,True,True,True,False,False,,NOT_CONFIRMED_TODAY,NONE,0.55,
2023-10-06 00:00:00+00:00,BEAR,3,3,NONE,0.55,0.6072355916065935,,False,True,False,True,True,True,True,False,False,,NOT_CONFIRMED_TODAY,NONE,0.55,
2023-10-07 00:00:00+00:00,BEAR,3,3,NONE,0.55,0.6066159217290213,,False,True,False,True,True,True,True,False,False,,NOT_CONFIRMED_TODAY,NONE,0.55,
2023-10-08 00:00:00+00:00,BEAR,3,3,NONE,0.55,0.6064087717080906,,False,True,False,True,True,True,True,False,False,,NOT_CONFIRMED_TODAY,NONE,0.55,
2023-10-09 00:00:00+00:00,BEAR,3,3,NONE,0.55,0.6013307261035519,,False,True,False,True,True,True,True,False,False,,NOT_CONFIRMED_TODAY,NONE,0.55,
2023-10-10 00:00:00+00:00,BEAR,3,3,NONE,0.55,0.599539165785325,,False,True,False,True,True,True,True,False,False,,NOT_CONFIRMED_TODAY,NONE,0.55,
2023-10-11 00:00:00+00:00,BEAR,3,3,NONE,0.55,0.5970229394479082,,False,True,False,True,True,True,True,False,False,,NOT_CONFIRMED_TODAY,NONE,0.55,
2023-10-12 00:00:00+00:00,BEAR,3,3,NONE,0.55,0.5945615345872466,,False,True,True,True,True,True,True,False,False,,NOT_CONFIRMED_TODAY,NONE,0.55,
2023-10-13 00:00:00+00:00,BEAR,3,3,NONE,0.55,0.5959777842351478,,False,True,True,True,True,True,True,False,False,,NOT_CONFIRMED_TODAY,NONE,0.55,
2023-10-14 00:00:00+00:00,BEAR,3,3,NONE,0.55,0.5961534978264289,,False,True,True,True,True,True,True,False,False,,NOT_CONFIRMED_TODAY,NONE,0.55,
2023-10-15 00:00:00+00:00,BEAR,3,3,NONE,0.55,0.5978485712545973,,False,True,True,True,True,True,True,False,False,,NOT_CONFIRMED_TODAY,NONE,0.55,
2023-10-16 00:00:00+00:00,BEAR,3,3,NONE,0.55,0.6070981555590941,,False,True,True,True,True,True,True,False,False,,NOT_CONFIRMED_TODAY,NONE,0.55,
2023-10-17 00:00:00+00:00,BEAR,3,3,NONE,0.55,0.6043276366078872,,False,True,True,True,True,True,True,False,False,,NOT_CONFIRMED_TODAY,NONE,0.55,
2023-10-18 00:00:00+00:00,BEAR,3,3,NONE,0.55,0.6038899852680505,,False,True,True,True,True,True,True,False,False,,NOT_CONFIRMED_TODAY,NONE,0.55,
2023-10-19 00:00:00+00:00,BEAR,3,3,NONE,0.55,0.6059716547151471,,False,True,True,True,True,True,True,False,False,,NOT_CONFIRMED_TODAY,NONE,0.55,
2023-10-20 00:00:00+00:00,BEAR,3,3,NONE,0.55,0.6128291137525611,,False,True,True,True,True,True,True,False,False,,NOT_CONFIRMED_TODAY,NONE,0.55,
2023-10-21 00:00:00+00:00,BEAR,3,3,NONE,0.55,0.6155378565236664,,False,True,True,True,True,True,True,False,False,,NOT_CONFIRMED_TODAY,NONE,0.55,
2023-10-22 00:00:00+00:00,BEAR,3,3,NONE,0.55,0.6181271324812783,,False,True,True,True,True,True,True,False,False,,NOT_CONFIRMED_TODAY,NONE,0.55,
2023-10-23 00:00:00+00:00,BEAR,3,3,NONE,0.55,0.6370511394261518,,False,True,True,True,True,True,True,False,False,,NOT_CONFIRMED_TODAY,NONE,0.55,
2023-10-24 00:00:00+00:00,BEAR,3,3,NONE,0.55,0.6415025862287761,,False,True,True,True,True,True,True,False,False,,NOT_CONFIRMED_TODAY,NONE,0.55,
2023-10-25 00:00:00+00:00,BEAR,3,3,NONE,0.55,0.6438436825910869,,False,True,True,True,True,True,True,False,False,,NOT_CONFIRMED_TODAY,NONE,0.55,
2023-10-26 00:00:00+00:00,BEAR,3,3,NONE,0.55,0.6434381329215771,,True,True,True,True,True,True,True,False,False,,NOT_CONFIRMED_TODAY,NONE,0.55,
2023-10-27 00:00:00+00:00,BEAR,3,3,NONE,0.55,0.6411370714900427,,True,True,True,True,True,True,True,False,False,,NOT_CONFIRMED_TODAY,NONE,0.55,
2023-10-28 00:00:00+00:00,BEAR,3,3,NONE,0.55,0.6417115418200803,,True,True,True,True,True,True,True,False,False,,NOT_CONFIRMED_TODAY,NONE,0.55,
2023-10-29 00:00:00+00:00,BEAR,3,3,NONE,0.55,0.6444774799437131,,True,True,True,True,True,True,True,False,False,,NOT_CONFIRMED_TODAY,NONE,0.55,
2023-10-30 00:00:00+00:00,BEAR,3,3,NONE,0.55,0.6450603370793133,,True,True,True,True,True,True,True,False,False,,NOT_CONFIRMED_TODAY,NONE,0.55,
2023-10-31 00:00:00+00:00,BEAR,3,3,NONE,0.55,0.6460100892340127,,True,True,True,True,True,True,True,False,False,,NOT_CONFIRMED_TODAY,NONE,0.55,
2023-11-01 00:00:00+00:00,BEAR,3,3,NONE,0.55,0.6506632569918708,,True,True,True,True,True,True,True,False,False,,NOT_CONFIRMED_TODAY,NONE,0.55,
2023-11-02 00:00:00+00:00,BEAR,3,3,NONE,0.55,0.545391032119989,DRIFT_SELL:EXECUTED,True,True,True,True,True,True,True,False,False,DRIFT_SELL:EXECUTED,NOT_CONFIRMED_TODAY,OTHER_RISK_SELL,0.55,81
2023-11-03 00:00:00+00:00,BEAR,3,3,NONE,0.55,0.5464207487221913,,True,True,True,True,True,True,True,False,False,,NOT_CONFIRMED_TODAY,NONE,0.55,
2023-11-04 00:00:00+00:00,BEAR,3,3,NONE,0.55,0.549169384144677,,True,True,True,True,True,True,True,False,False,,NOT_CONFIRMED_TODAY,NONE,0.55,
2023-11-05 00:00:00+00:00,BEAR,3,3,NONE,0.55,0.5511154952132659,,True,True,True,True,True,True,True,False,False,,NOT_CONFIRMED_TODAY,NONE,0.55,
2023-11-06 00:00:00+00:00,BEAR,3,3,NONE,0.55,0.551812738074804,,True,True,True,True,True,True,True,False,False,,NOT_CONFIRMED_TODAY,NONE,0.55,
2023-11-07 00:00:00+00:00,BEAR,3,3,NONE,0.55,0.5523050672882234,,True,True,True,True,True,True,True,False,False,,NOT_CONFIRMED_TODAY,NONE,0.55,
2023-11-08 00:00:00+00:00,BEAR,3,3,NONE,0.55,0.5533725336549308,,True,True,True,True,True,True,True,False,False,,NOT_CONFIRMED_TODAY,NONE,0.55,
2023-11-09 00:00:00+00:00,BEAR,3,3,NONE,0.55,0.570360082739981,,True,True,True,True,True,True,True,False,False,,NOT_CONFIRMED_TODAY,NONE,0.55,
2023-11-10 00:00:00+00:00,BEAR,3,3,NONE,0.55,0.5702112939255367,,True,True,True,True,True,True,True,False,False,,NOT_CONFIRMED_TODAY,NONE,0.55,
2023-11-11 00:00:00+00:00,BEAR,3,3,NONE,0.55,0.5682976360621458,,True,True,True,True,True,True,True,False,False,,NOT_CONFIRMED_TODAY,NONE,0.55,
2023-11-12 00:00:00+00:00,BEAR,3,3,NONE,0.55,0.5676236557450763,,True,True,True,True,True,True,True,False,False,,NOT_CONFIRMED_TODAY,NONE,0.55,
2023-11-13 00:00:00+00:00,BEAR,3,3,NONE,0.55,0.5659387240972777,,True,True,True,True,True,True,True,False,False,,NOT_CONFIRMED_TODAY,NONE,0.55,
2023-11-14 00:00:00+00:00,BEAR,3,3,NONE,0.55,0.5584439776484073,,True,True,True,True,True,True,True,False,False,,NOT_CONFIRMED_TODAY,NONE,0.55,
2023-11-15 00:00:00+00:00,BEAR,3,3,NONE,0.55,0.5713013506221231,,True,True,True,True,True,True,True,False,False,,NOT_CONFIRMED_TODAY,NONE,0.55,
2023-11-16 00:00:00+00:00,BEAR,3,3,NONE,0.55,0.5598187535292724,,True,True,True,True,True,True,True,False,False,,NOT_CONFIRMED_TODAY,NONE,0.55,
2023-11-17 00:00:00+00:00,BEAR,3,3,NONE,0.55,0.5614834933067694,,True,True,True,True,True,True,True,False,False,,NOT_CONFIRMED_TODAY,NONE,0.55,
2023-11-18 00:00:00+00:00,BEAR,3,3,NONE,0.55,0.5614353996251618,,True,True,True,True,True,True,True,False,False,,NOT_CONFIRMED_TODAY,NONE,0.55,
2023-11-19 00:00:00+00:00,BEAR,3,3,NONE,0.55,0.5670728851595495,,True,True,True,True,True,True,True,False,False,,NOT_CONFIRMED_TODAY,NONE,0.55,
2023-11-20 00:00:00+00:00,BEAR,3,3,NONE,0.55,0.5679581282903429,,True,True,True,True,True,True,True,False,False,,NOT_CONFIRMED_TODAY,NONE,0.55,
2023-11-21 00:00:00+00:00,BEAR,3,3,NONE,0.55,0.5567127128915194,,True,True,True,True,True,True,True,False,False,,NOT_CONFIRMED_TODAY,NONE,0.55,
2023-11-22 00:00:00+00:00,BEAR,3,3,NONE,0.55,0.5701062801396635,,True,True,True,True,True,True,True,False,False,,NOT_CONFIRMED_TODAY,NONE,0.55,
2023-11-23 00:00:00+00:00,BEAR,3,3,NONE,0.55,0.5696644120299774,,True,True,True,True,True,True,True,False,False,,NOT_CONFIRMED_TODAY,NONE,0.55,
2023-11-24 00:00:00+00:00,BEAR,3,3,NONE,0.55,0.5721857836777885,,True,True,True,True,True,True,True,False,False,,NOT_CONFIRMED_TODAY,NONE,0.55,
2023-11-25 00:00:00+00:00,BEAR,3,3,NONE,0.55,0.5725673480098545,,True,True,True,True,True,True,True,False,False,,NOT_CONFIRMED_TODAY,NONE,0.55,
2023-11-26 00:00:00+00:00,BEAR,3,3,NONE,0.55,0.5702936998859326,,True,True,True,True,True,True,True,False,False,,NOT_CONFIRMED_TODAY,NONE,0.55,
2023-11-27 00:00:00+00:00,BEAR,3,3,NONE,0.55,0.5677036552056305,,True,True,True,True,True,True,True,False,False,,NOT_CONFIRMED_TODAY,NONE,0.55,
2023-11-28 00:00:00+00:00,BEAR,3,3,NONE,0.55,0.5709202395523844,,True,True,True,True,True,True,True,False,False,,NOT_CONFIRMED_TODAY,NONE,0.55,
2023-11-29 00:00:00+00:00,BEAR,3,3,NONE,0.55,0.5700406580367191,,True,True,True,True,True,True,True,False,False,,NOT_CONFIRMED_TODAY,NONE,0.55,
2023-11-30 00:00:00+00:00,BEAR,3,3,NONE,0.55,0.5708293887525776,,True,True,True,True,True,True,True,False,False,,NOT_CONFIRMED_TODAY,NONE,0.55,
2023-12-01 00:00:00+00:00,BEAR,3,3,NONE,0.55,0.576113596619674,,True,True,True,True,True,True,True,False,False,,NOT_CONFIRMED_TODAY,NONE,0.55,
2023-12-02 00:00:00+00:00,BEAR,3,3,NONE,0.55,0.5827534843074454,,True,True,True,True,True,True,True,False,False,,NOT_CONFIRMED_TODAY,NONE,0.55,
2023-12-03 00:00:00+00:00,BEAR,3,3,NONE,0.55,0.5859464749482444,,True,True,True,True,True,True,True,False,False,,NOT_CONFIRMED_TODAY,NONE,0.55,
2023-12-04 00:00:00+00:00,BEAR,3,3,NONE,0.55,0.5950255260349645,,True,True,True,True,True,True,True,False,False,,NOT_CONFIRMED_TODAY,NONE,0.55,
2023-12-05 00:00:00+00:00,BEAR,3,3,NONE,0.55,0.6038899150655909,,True,True,True,True,True,True,True,False,False,,NOT_CONFIRMED_TODAY,NONE,0.55,
2023-12-06 00:00:00+00:00,BEAR,3,3,NONE,0.55,0.6001707431416752,,True,True,True,True,True,True,True,False,False,,NOT_CONFIRMED_TODAY,NONE,0.55,
2023-12-07 00:00:00+00:00,BEAR,3,3,NONE,0.55,0.6043088695673932,,True,True,True,True,True,True,True,False,False,,NOT_CONFIRMED_TODAY,NONE,0.55,
2023-12-08 00:00:00+00:00,BEAR,3,3,NONE,0.55,0.6071906119303949,,True,True,True,True,True,True,True,False,False,,NOT_CONFIRMED_TODAY,NONE,0.55,
2023-12-09 00:00:00+00:00,BEAR,3,3,NONE,0.55,0.6050047692655174,,True,True,True,True,True,True,True,False,False,,NOT_CONFIRMED_TODAY,NONE,0.55,
2023-12-10 00:00:00+00:00,BEAR,3,3,NONE,0.55,0.6057917036163315,,True,True,True,True,True,True,True,False,False,,NOT_CONFIRMED_TODAY,NONE,0.55,
2023-12-11 00:00:00+00:00,BEAR,3,3,NONE,0.55,0.5919118513820578,,True,True,True,True,True,True,True,False,False,,NOT_CONFIRMED_TODAY,NONE,0.55,
2023-12-12 00:00:00+00:00,BEAR,3,3,NONE,0.55,0.5916675209984817,,True,True,True,True,True,True,True,False,False,,NOT_CONFIRMED_TODAY,NONE,0.55,
2023-12-13 00:00:00+00:00,BEAR,3,3,NONE,0.55,0.5987871679241255,,True,True,True,True,True,True,True,False,False,,NOT_CONFIRMED_TODAY,NONE,0.55,
2023-12-14 00:00:00+00:00,BEAR,3,3,NONE,0.55,0.6018357339104407,,True,True,True,True,True,True,True,False,False,,NOT_CONFIRMED_TODAY,NONE,0.55,
2023-12-15 00:00:00+00:00,BEAR,3,3,NONE,0.55,0.59399965001752,,True,True,True,True,True,True,True,False,False,,NOT_CONFIRMED_TODAY,NONE,0.55,
2023-12-16 00:00:00+00:00,BEAR,3,3,NONE,0.55,0.5955077217318495,,True,True,True,True,True,True,True,False,False,,NOT_CONFIRMED_TODAY,NONE,0.55,
2023-12-17 00:00:00+00:00,BEAR,3,3,NONE,0.55,0.5910516225532697,,True,True,True,True,True,True,True,False,False,,NOT_CONFIRMED_TODAY,NONE,0.55,
2023-12-18 00:00:00+00:00,BEAR,3,3,NONE,0.55,0.5963135447669441,,True,True,True,True,True,True,True,False,False,,NOT_CONFIRMED_TODAY,NONE,0.55,
2023-12-19 00:00:00+00:00,BEAR,3,3,NONE,0.55,0.5931336303512253,,True,True,True,True,True,True,True,False,False,,NOT_CONFIRMED_TODAY,NONE,0.55,
2023-12-20 00:00:00+00:00,BEAR,3,3,NONE,0.55,0.5987526198952904,,True,True,True,True,True,True,True,False,False,,NOT_CONFIRMED_TODAY,NONE,0.55,
2023-12-21 00:00:00+00:00,BEAR,3,3,NONE,0.55,0.6011112636174509,,True,True,True,True,True,True,True,False,False,,NOT_CONFIRMED_TODAY,NONE,0.55,
2023-12-22 00:00:00+00:00,BEAR,3,3,NONE,0.55,0.6053304546169794,,True,True,True,True,True,True,True,False,False,,NOT_CONFIRMED_TODAY,NONE,0.55,
2023-12-23 00:00:00+00:00,BEAR,3,3,NONE,0.55,0.6037937324186265,,True,True,True,True,True,True,True,False,False,,NOT_CONFIRMED_TODAY,NONE,0.55,
2023-12-24 00:00:00+00:00,BEAR,3,3,NONE,0.55,0.599578416989418,,True,True,True,True,True,True,True,False,False,,NOT_CONFIRMED_TODAY,NONE,0.55,
2023-12-25 00:00:00+00:00,BEAR,3,3,NONE,0.55,0.6017622056694582,,True,True,True,True,True,True,True,False,False,,NOT_CONFIRMED_TODAY,NONE,0.55,
2023-12-26 00:00:00+00:00,BEAR,3,3,NONE,0.55,0.5965413011782869,,True,True,True,True,True,True,True,False,False,,NOT_CONFIRMED_TODAY,NONE,0.55,
2023-12-27 00:00:00+00:00,BEAR,3,3,NONE,0.55,0.6062051302293056,,True,True,True,True,True,True,True,False,False,,NOT_CONFIRMED_TODAY,NONE,0.55,
2023-12-28 00:00:00+00:00,BEAR,3,3,NONE,0.55,0.6020165807656844,,True,True,True,True,True,True,True,False,False,,NOT_CONFIRMED_TODAY,NONE,0.55,
2023-12-29 00:00:00+00:00,BEAR,3,3,NONE,0.55,0.5984015615913297,,True,True,True,True,True,True,True,False,False,,NOT_CONFIRMED_TODAY,NONE,0.55,
2023-12-30 00:00:00+00:00,BEAR,3,3,NONE,0.55,0.598303056897307,,True,True,True,True,True,True,True,False,False,,NOT_CONFIRMED_TODAY,NONE,0.55,
2023-12-31 00:00:00+00:00,BEAR,3,3,NONE,0.55,0.5983189332591484,,True,True,True,True,True,True,True,False,False,,NOT_CONFIRMED_TODAY,NONE,0.55,
2024-01-01 00:00:00+00:00,BEAR,3,3,NONE,0.55,0.6074054368905755,,True,True,True,True,True,True,True,False,False,,NOT_CONFIRMED_TODAY,NONE,0.55,
2024-01-02 00:00:00+00:00,BEAR,3,3,NONE,0.55,0.609876580626577,,True,True,True,True,True,True,True,False,False,,NOT_CONFIRMED_TODAY,NONE,0.55,
2024-01-03 00:00:00+00:00,BEAR,3,3,NONE,0.55,0.5967824605606397,,True,True,True,True,True,True,True,False,False,,NOT_CONFIRMED_TODAY,NONE,0.55,
2024-01-04 00:00:00+00:00,BEAR,3,3,NONE,0.55,0.6035536018014893,,True,True,True,True,True,True,True,False,False,,NOT_CONFIRMED_TODAY,NONE,0.55,
2024-01-05 00:00:00+00:00,BEAR,3,3,NONE,0.55,0.6036312621161408,,True,True,True,True,True,True,True,False,False,,NOT_CONFIRMED_TODAY,NONE,0.55,
2024-01-06 00:00:00+00:00,BEAR,3,3,NONE,0.55,0.6018252396091466,,True,True,True,True,True,True,True,False,False,,NOT_CONFIRMED_TODAY,NONE,0.55,
2024-01-07 00:00:00+00:00,BEAR,3,3,NONE,0.55,0.6008324845172022,,True,True,True,True,True,True,True,False,False,,NOT_CONFIRMED_TODAY,NONE,0.55,
2024-01-08 00:00:00+00:00,BEAR,3,3,NONE,0.55,0.6148249403419624,,True,True,True,True,True,True,True,False,False,,NOT_CONFIRMED_TODAY,NONE,0.55,
2024-01-09 00:00:00+00:00,BEAR,3,3,NONE,0.55,0.6129789762232518,,True,True,True,True,True,True,True,False,False,,NOT_CONFIRMED_TODAY,NONE,0.55,
2024-01-10 00:00:00+00:00,BEAR,3,3,NONE,0.55,0.6246407692122395,,True,True,True,True,True,True,True,False,False,,NOT_CONFIRMED_TODAY,NONE,0.55,
2024-01-11 00:00:00+00:00,BEAR,3,3,NONE,0.55,0.6251575553056081,,True,True,True,True,True,True,True,False,False,,NOT_CONFIRMED_TODAY,NONE,0.55,
2024-01-12 00:00:00+00:00,BEAR,3,3,NONE,0.55,0.6109586811372235,,True,True,True,True,True,True,True,False,False,,NOT_CONFIRMED_TODAY,NONE,0.55,
2024-01-13 00:00:00+00:00,BEAR,3,3,NONE,0.55,0.6135909336511942,,True,True,True,True,True,True,True,False,False,,NOT_CONFIRMED_TODAY,NONE,0.55,
2024-01-14 00:00:00+00:00,BEAR,3,3,NONE,0.55,0.605625398742192,,True,True,True,True,True,True,True,False,False,,NOT_CONFIRMED_TODAY,NONE,0.55,
2024-01-15 00:00:00+00:00,BEAR,3,3,NONE,0.55,0.609733181180331,,True,True,True,True,False,True,True,False,False,,NOT_CONFIRMED_TODAY,NONE,0.55,
2024-01-16 00:00:00+00:00,BEAR,3,3,NONE,0.55,0.6148925214223221,,True,True,True,True,False,True,True,False,False,,NOT_CONFIRMED_TODAY,NONE,0.55,
2024-01-17 00:00:00+00:00,BEAR,3,3,NONE,0.55,0.6113696757317094,,True,True,True,True,True,True,True,False,False,,NOT_CONFIRMED_TODAY,NONE,0.55,
2024-01-18 00:00:00+00:00,BEAR,3,3,NONE,0.55,0.6043679726063195,,True,True,True,True,False,True,True,False,False,,NOT_CONFIRMED_TODAY,NONE,0.55,
2024-01-19 00:00:00+00:00,BEAR,3,3,NONE,0.55,0.6063580122782892,,True,True,True,True,False,True,True,False,False,,NOT_CONFIRMED_TODAY,NONE,0.55,
2024-01-20 00:00:00+00:00,BEAR,3,3,NONE,0.55,0.6055928935074824,,True,True,True,True,False,True,True,False,False,,NOT_CONFIRMED_TODAY,NONE,0.55,
2024-01-21 00:00:00+00:00,BEAR,3,3,NONE,0.55,0.6045826866371399,,True,True,True,True,False,True,True,False,False,,NOT_CONFIRMED_TODAY,NONE,0.55,
2024-01-22 00:00:00+00:00,BEAR,3,3,NONE,0.55,0.5915327006436126,,True,True,True,True,False,True,True,False,False,,NOT_CONFIRMED_TODAY,NONE,0.55,
2024-01-23 00:00:00+00:00,BEAR,3,3,NONE,0.55,0.5891663587836736,,True,True,True,True,False,True,True,False,False,,NOT_CONFIRMED_TODAY,NONE,0.55,
2024-01-24 00:00:00+00:00,BEAR,3,3,NONE,0.55,0.5894397400064698,,True,True,True,True,False,True,True,False,False,,NOT_CONFIRMED_TODAY,NONE,0.55,
2024-01-25 00:00:00+00:00,BEAR,3,3,NONE,0.55,0.5882481339867057,,True,True,True,True,False,True,True,False,False,,NOT_CONFIRMED_TODAY,NONE,0.55,
2024-01-26 00:00:00+00:00,BEAR,3,3,NONE,0.55,0.5967144119300256,,True,True,True,True,False,True,True,False,False,,NOT_CONFIRMED_TODAY,NONE,0.55,
2024-01-27 00:00:00+00:00,BEAR,3,3,NONE,0.55,0.5976966353981115,,True,True,True,True,False,True,True,False,False,,NOT_CONFIRMED_TODAY,NONE,0.55,
2024-01-28 00:00:00+00:00,BEAR,3,3,NONE,0.55,0.5969132277083559,,True,True,False,True,False,True,True,False,False,,NOT_CONFIRMED_TODAY,NONE,0.55,
2024-01-29 00:00:00+00:00,BEAR,3,3,NONE,0.55,0.6037397991408797,,True,True,False,True,False,True,True,False,False,,NOT_CONFIRMED_TODAY,NONE,0.55,
2024-01-30 00:00:00+00:00,BEAR,3,3,NONE,0.55,0.6037953605975075,,True,True,False,True,True,True,True,False,False,,NOT_CONFIRMED_TODAY,NONE,0.55,
2024-01-31 00:00:00+00:00,BEAR,3,3,NONE,0.55,0.5999419635287677,,True,True,False,True,True,True,True,False,False,,NOT_CONFIRMED_TODAY,NONE,0.55,
2024-02-01 00:00:00+00:00,BEAR,3,3,NONE,0.55,0.6025109975675597,,True,True,False,True,False,True,True,False,False,,NOT_CONFIRMED_TODAY,NONE,0.55,
2024-02-02 00:00:00+00:00,BEAR,3,3,NONE,0.55,0.6031132740427894,,True,True,False,True,True,True,True,False,False,,NOT_CONFIRMED_TODAY,NONE,0.55,
2024-02-03 00:00:00+00:00,BEAR,3,3,NONE,0.55,0.6019705970732273,,True,True,False,True,True,True,True,False,False,,NOT_CONFIRMED_TODAY,NONE,0.55,
2024-02-04 00:00:00+00:00,BEAR,3,3,NONE,0.55,0.6003394706766098,,True,True,False,True,True,True,True,False,False,,NOT_CONFIRMED_TODAY,NONE,0.55,
2024-02-05 00:00:00+00:00,BEAR,3,3,NONE,0.55,0.6013100094409822,,True,True,False,True,False,True,True,False,False,,NOT_CONFIRMED_TODAY,NONE,0.55,
2024-02-06 00:00:00+00:00,BEAR,3,3,NONE,0.55,0.6057597887848067,,True,True,True,True,False,True,True,False,False,,NOT_CONFIRMED_TODAY,NONE,0.55,
2024-02-07 00:00:00+00:00,BEAR,3,3,NONE,0.55,0.611876620188115,,True,True,True,True,True,True,True,False,False,,NOT_CONFIRMED_TODAY,NONE,0.55,
2024-02-08 00:00:00+00:00,BEAR,3,3,NONE,0.55,0.614427689493887,,True,True,True,True,True,True,True,False,False,,NOT_CONFIRMED_TODAY,NONE,0.55,
2024-02-09 00:00:00+00:00,BEAR,3,3,NONE,0.55,0.6225626294023852,,True,True,True,True,True,True,True,False,False,,NOT_CONFIRMED_TODAY,NONE,0.55,
2024-02-10 00:00:00+00:00,BEAR,3,3,NONE,0.55,0.6248686952083302,,True,True,True,True,True,True,True,False,False,,NOT_CONFIRMED_TODAY,NONE,0.55,
2024-02-11 00:00:00+00:00,BEAR,3,3,NONE,0.55,0.6266859461697963,,True,True,True,True,True,True,True,False,False,,NOT_CONFIRMED_TODAY,NONE,0.55,
2024-02-12 00:00:00+00:00,BEAR,3,3,NONE,0.55,0.6370187612744062,,True,True,True,True,True,True,True,False,False,,NOT_CONFIRMED_TODAY,NONE,0.55,
2024-02-13 00:00:00+00:00,BEAR,3,3,NONE,0.55,0.6357022904924388,,True,True,True,True,True,True,True,False,False,,NOT_CONFIRMED_TODAY,NONE,0.55,
2024-02-14 00:00:00+00:00,BEAR,3,3,NONE,0.55,0.646082367751086,,True,True,True,True,True,True,True,False,False,,NOT_CONFIRMED_TODAY,NONE,0.55,
2024-02-15 00:00:00+00:00,BEAR,3,3,NONE,0.55,0.648028878731545,,True,True,True,True,True,True,True,False,False,,NOT_CONFIRMED_TODAY,NONE,0.55,
2024-02-16 00:00:00+00:00,BEAR,3,3,NONE,0.55,0.6478967472966428,,True,True,True,True,True,True,True,False,False,,NOT_CONFIRMED_TODAY,NONE,0.55,
2024-02-17 00:00:00+00:00,BEAR,3,3,NONE,0.55,0.6461558116011867,,True,True,True,True,True,True,True,False,False,,NOT_CONFIRMED_TODAY,NONE,0.55,
2024-02-18 00:00:00+00:00,BEAR,3,3,NONE,0.55,0.6507858861961237,,True,True,True,True,True,True,True,False,False,,NOT_CONFIRMED_TODAY,NONE,0.55,
2024-02-19 00:00:00+00:00,BEAR,3,3,NONE,0.55,0.5516050932694863,DRIFT_SELL:EXECUTED,True,True,True,True,True,True,True,False,False,DRIFT_SELL:EXECUTED,NOT_CONFIRMED_TODAY,OTHER_RISK_SELL,0.55,82
2024-02-20 00:00:00+00:00,BEAR,3,3,NONE,0.55,0.5555708467336453,,True,True,True,True,True,True,True,False,False,,NOT_CONFIRMED_TODAY,NONE,0.55,
2024-02-21 00:00:00+00:00,BEAR,3,3,NONE,0.55,0.5527393845373453,,True,True,True,True,True,True,True,False,False,,NOT_CONFIRMED_TODAY,NONE,0.55,
2024-02-22 00:00:00+00:00,BEAR,3,3,NONE,0.55,0.5514725141544389,,True,True,True,True,True,True,True,False,False,,NOT_CONFIRMED_TODAY,NONE,0.55,
2024-02-23 00:00:00+00:00,BEAR,3,3,NONE,0.55,0.5481501120685244,,True,True,True,True,True,True,True,False,False,,NOT_CONFIRMED_TODAY,NONE,0.55,
2024-02-24 00:00:00+00:00,BEAR,3,3,NONE,0.55,0.5530533028493256,,True,True,True,True,True,True,True,False,False,,NOT_CONFIRMED_TODAY,NONE,0.55,
2024-02-25 00:00:00+00:00,BEAR,3,3,NONE,0.55,0.558103819615918,,True,True,True,True,True,True,True,False,False,,NOT_CONFIRMED_TODAY,NONE,0.55,
2024-02-26 00:00:00+00:00,BEAR,3,3,NONE,0.55,0.5671438531302149,,True,True,True,True,True,True,True,False,False,,NOT_CONFIRMED_TODAY,NONE,0.55,
2024-02-27 00:00:00+00:00,BEAR,3,3,NONE,0.55,0.5755041755892504,,True,True,True,True,True,True,True,False,False,,NOT_CONFIRMED_TODAY,NONE,0.55,
2024-02-28 00:00:00+00:00,BEAR,3,3,NONE,0.55,0.5921112679001778,,True,True,True,True,True,True,True,False,False,,NOT_CONFIRMED_TODAY,NONE,0.55,
2024-02-29 00:00:00+00:00,BEAR,3,3,NONE,0.55,0.5879457818006188,,True,True,True,True,True,True,True,False,False,,NOT_CONFIRMED_TODAY,NONE,0.55,
2024-03-01 00:00:00+00:00,BEAR,3,3,NONE,0.55,0.593681184813836,,True,True,True,True,True,True,True,False,False,,NOT_CONFIRMED_TODAY,NONE,0.55,
2024-03-02 00:00:00+00:00,BEAR,3,3,NONE,0.55,0.5924679874587419,,True,True,True,True,True,True,True,False,False,,NOT_CONFIRMED_TODAY,NONE,0.55,
2024-03-03 00:00:00+00:00,BEAR,3,3,NONE,0.55,0.5969602060687719,,True,True,True,True,True,True,True,False,False,,NOT_CONFIRMED_TODAY,NONE,0.55,
2024-03-04 00:00:00+00:00,BEAR,3,3,NONE,0.55,0.6114412215041215,,True,True,True,True,True,True,True,False,False,,NOT_CONFIRMED_TODAY,NONE,0.55,
2024-03-05 00:00:00+00:00,BEAR,3,3,NONE,0.55,0.6003089915633582,,True,True,True,True,True,True,True,False,False,,NOT_CONFIRMED_TODAY,NONE,0.55,
2024-03-06 00:00:00+00:00,BEAR,3,3,NONE,0.55,0.612939908753502,,True,True,True,True,True,True,True,False,False,,NOT_CONFIRMED_TODAY,NONE,0.55,
2024-03-07 00:00:00+00:00,BEAR,3,3,NONE,0.55,0.6158241084407704,,True,True,True,True,True,True,True,False,False,,NOT_CONFIRMED_TODAY,NONE,0.55,
2024-03-08 00:00:00+00:00,BEAR,3,3,NONE,0.55,0.6186726027556781,,True,True,True,True,True,True,True,False,False,,NOT_CONFIRMED_TODAY,NONE,0.55,
2024-03-09 00:00:00+00:00,BEAR,3,3,NONE,0.55,0.6196537924117004,,True,True,True,True,True,True,True,False,False,,NOT_CONFIRMED_TODAY,NONE,0.55,
2024-03-10 00:00:00+00:00,BEAR,3,3,NONE,0.55,0.6200904261832865,,True,True,True,True,True,True,True,False,False,,NOT_CONFIRMED_TODAY,NONE,0.55,
2024-03-11 00:00:00+00:00,BEAR,3,3,NONE,0.55,0.6307650892617914,,True,True,True,True,True,True,True,False,False,,NOT_CONFIRMED_TODAY,NONE,0.55,
2024-03-12 00:00:00+00:00,BEAR,3,3,NONE,0.55,0.6274057930782803,,True,True,True,True,True,True,True,False,False,,NOT_CONFIRMED_TODAY,NONE,0.55,
2024-03-13 00:00:00+00:00,BEAR,3,3,NONE,0.55,0.630912929693983,,True,True,True,True,True,True,True,False,False,,NOT_CONFIRMED_TODAY,NONE,0.55,
2024-03-14 00:00:00+00:00,BEAR,3,3,NONE,0.55,0.6246362347675911,,True,True,True,True,True,True,True,False,False,,NOT_CONFIRMED_TODAY,NONE,0.55,
2024-03-15 00:00:00+00:00,BEAR,3,3,NONE,0.55,0.6172921074182129,,True,True,True,True,True,True,True,False,False,,NOT_CONFIRMED_TODAY,NONE,0.55,
2024-03-16 00:00:00+00:00,BEAR,3,3,NONE,0.55,0.6026963204095696,,True,True,True,True,True,True,True,False,False,,NOT_CONFIRMED_TODAY,NONE,0.55,
2024-03-17 00:00:00+00:00,BEAR,3,3,NONE,0.55,0.6124144594286289,,True,True,True,True,True,True,True,False,False,,NOT_CONFIRMED_TODAY,NONE,0.55,
2024-03-18 00:00:00+00:00,BEAR,3,3,NONE,0.55,0.6072201288025764,,True,True,True,True,True,True,True,False,False,,NOT_CONFIRMED_TODAY,NONE,0.55,
2024-03-19 00:00:00+00:00,BEAR,3,3,NONE,0.55,0.583915739996886,,True,True,True,True,True,True,True,False,False,,NOT_CONFIRMED_TODAY,NONE,0.55,
2024-03-20 00:00:00+00:00,BEAR,3,3,NONE,0.55,0.6075848027787671,,True,True,True,True,True,True,True,False,False,,NOT_CONFIRMED_TODAY,NONE,0.55,
2024-03-21 00:00:00+00:00,BEAR,3,3,NONE,0.55,0.6022425627795768,,True,True,True,True,True,True,True,False,False,,NOT_CONFIRMED_TODAY,NONE,0.55,
2024-03-22 00:00:00+00:00,BEAR,3,3,NONE,0.55,0.5938214599615013,,True,True,True,True,True,True,True,False,False,,NOT_CONFIRMED_TODAY,NONE,0.55,
2024-03-23 00:00:00+00:00,BEAR,3,3,NONE,0.55,0.5940227461364157,,True,True,True,True,True,True,True,False,False,,NOT_CONFIRMED_TODAY,NONE,0.55,
2024-03-24 00:00:00+00:00,BEAR,3,3,NONE,0.55,0.6045395601905934,,True,True,True,True,True,True,True,False,False,,NOT_CONFIRMED_TODAY,NONE,0.55,
2024-03-25 00:00:00+00:00,BEAR,3,3,NONE,0.55,0.6137763820931713,,True,True,True,True,True,True,True,False,False,,NOT_CONFIRMED_TODAY,NONE,0.55,
2024-03-26 00:00:00+00:00,BEAR,3,3,NONE,0.55,0.6139056467795727,,True,True,True,True,True,True,True,False,False,,NOT_CONFIRMED_TODAY,NONE,0.55,
2024-03-27 00:00:00+00:00,BEAR,3,3,NONE,0.55,0.6103990222164353,,True,True,True,True,True,True,True,False,False,,NOT_CONFIRMED_TODAY,NONE,0.55,
2024-03-28 00:00:00+00:00,BEAR,3,3,NONE,0.55,0.614653344090933,,True,True,True,True,True,True,True,False,False,,NOT_CONFIRMED_TODAY,NONE,0.55,
2024-03-29 00:00:00+00:00,BEAR,3,3,NONE,0.55,0.611413715693566,,True,True,True,True,True,True,True,False,False,,NOT_CONFIRMED_TODAY,NONE,0.55,
2024-03-30 00:00:00+00:00,BEAR,3,3,NONE,0.55,0.6107916390991884,,True,True,True,True,True,True,True,False,False,,NOT_CONFIRMED_TODAY,NONE,0.55,
2024-03-31 00:00:00+00:00,BEAR,3,3,NONE,0.55,0.6180701237505777,,True,True,True,True,True,True,True,False,False,,NOT_CONFIRMED_TODAY,NONE,0.55,
2024-04-01 00:00:00+00:00,BEAR,3,3,NONE,0.55,0.6108970646035478,,True,True,True,True,True,True,True,False,False,,NOT_CONFIRMED_TODAY,NONE,0.55,
2024-04-02 00:00:00+00:00,BEAR,3,3,NONE,0.55,0.5956278098232937,,True,True,True,True,True,True,True,False,False,,NOT_CONFIRMED_TODAY,NONE,0.55,
2024-04-03 00:00:00+00:00,BEAR,3,3,NONE,0.55,0.5976895996464225,,True,True,True,True,True,True,True,False,False,,NOT_CONFIRMED_TODAY,NONE,0.55,
2024-04-04 00:00:00+00:00,BEAR,3,3,NONE,0.55,0.6033449092739778,,True,True,True,True,True,True,True,False,False,,NOT_CONFIRMED_TODAY,NONE,0.55,
2024-04-05 00:00:00+00:00,BEAR,3,3,NONE,0.55,0.6017255306321776,,True,True,True,True,True,True,True,False,False,,NOT_CONFIRMED_TODAY,NONE,0.55,
2024-04-06 00:00:00+00:00,BEAR,3,3,NONE,0.55,0.6049305834768319,,True,True,True,True,True,True,True,False,False,,NOT_CONFIRMED_TODAY,NONE,0.55,
2024-04-07 00:00:00+00:00,BEAR,3,3,NONE,0.55,0.6089556650141583,,True,True,True,True,True,True,True,False,False,,NOT_CONFIRMED_TODAY,NONE,0.55,
2024-04-08 00:00:00+00:00,BEAR,3,3,NONE,0.55,0.6202153642582519,,True,True,True,True,True,True,True,False,False,,NOT_CONFIRMED_TODAY,NONE,0.55,
2024-04-09 00:00:00+00:00,BEAR,3,3,NONE,0.55,0.6101240223021104,,True,True,True,True,True,True,True,False,False,,NOT_CONFIRMED_TODAY,NONE,0.55,
2024-04-10 00:00:00+00:00,BEAR,3,3,NONE,0.55,0.6141355564185784,,True,True,True,True,True,True,True,False,False,,NOT_CONFIRMED_TODAY,NONE,0.55,
2024-04-11 00:00:00+00:00,BEAR,3,3,NONE,0.55,0.6116965016111489,,True,True,True,True,True,True,True,False,False,,NOT_CONFIRMED_TODAY,NONE,0.55,
2024-04-12 00:00:00+00:00,BEAR,3,3,NONE,0.55,0.5978817045463922,,True,True,True,True,True,True,True,False,False,,NOT_CONFIRMED_TODAY,NONE,0.55,
2024-04-13 00:00:00+00:00,BEAR,3,3,NONE,0.55,0.5835548407258017,,True,True,True,True,True,True,True,False,False,,NOT_CONFIRMED_TODAY,NONE,0.55,
2024-04-14 00:00:00+00:00,BEAR,3,3,NONE,0.55,0.5922411027788025,,True,True,True,True,False,True,True,False,False,,NOT_CONFIRMED_TODAY,NONE,0.55,
2024-04-15 00:00:00+00:00,BEAR,3,3,NONE,0.55,0.5856820557782595,,True,True,True,True,False,True,True,False,False,,NOT_CONFIRMED_TODAY,NONE,0.55,
2024-04-16 00:00:00+00:00,BEAR,3,3,NONE,0.55,0.5859192405586614,,True,True,True,True,False,True,True,False,False,,NOT_CONFIRMED_TODAY,NONE,0.55,
2024-04-17 00:00:00+00:00,BEAR,3,3,NONE,0.55,0.5769414249831721,,True,True,True,True,False,True,True,False,False,,NOT_CONFIRMED_TODAY,NONE,0.55,
2024-04-18 00:00:00+00:00,BEAR,3,3,NONE,0.55,0.5845795374618757,,True,True,True,True,False,True,True,False,False,,NOT_CONFIRMED_TODAY,NONE,0.55,
2024-04-19 00:00:00+00:00,BEAR,3,3,NONE,0.55,0.5850929012801426,,True,True,True,True,False,True,True,False,False,,NOT_CONFIRMED_TODAY,NONE,0.55,
2024-04-20 00:00:00+00:00,BEAR,3,3,NONE,0.55,0.5908323290084737,,True,True,True,True,False,True,True,False,False,,NOT_CONFIRMED_TODAY,NONE,0.55,
2024-04-21 00:00:00+00:00,BEAR,3,3,NONE,0.55,0.5905843300775704,,True,True,True,True,False,True,True,False,False,,NOT_CONFIRMED_TODAY,NONE,0.55,
2024-04-22 00:00:00+00:00,BEAR,3,3,NONE,0.55,0.5962533910572512,,True,True,True,True,False,True,True,False,False,,NOT_CONFIRMED_TODAY,NONE,0.55,
2024-04-23 00:00:00+00:00,BEAR,3,3,NONE,0.55,0.5960408086461764,,True,True,True,True,False,True,True,False,False,,NOT_CONFIRMED_TODAY,NONE,0.55,
2024-04-24 00:00:00+00:00,BEAR,3,3,NONE,0.55,0.5890100666614777,,True,True,True,True,False,True,True,False,False,,NOT_CONFIRMED_TODAY,NONE,0.55,
2024-04-25 00:00:00+00:00,BEAR,3,3,NONE,0.55,0.5899690394526907,,True,True,True,True,False,True,True,False,False,,NOT_CONFIRMED_TODAY,NONE,0.55,
2024-04-26 00:00:00+00:00,BEAR,3,3,NONE,0.55,0.5876061945817962,,True,True,True,True,False,True,True,False,False,,NOT_CONFIRMED_TODAY,NONE,0.55,
2024-04-27 00:00:00+00:00,BEAR,3,3,NONE,0.55,0.5910549772955048,,True,True,True,True,False,True,True,False,False,,NOT_CONFIRMED_TODAY,NONE,0.55,
2024-04-28 00:00:00+00:00,BEAR,3,3,NONE,0.55,0.5905963771658262,,True,True,True,True,False,True,True,False,False,,NOT_CONFIRMED_TODAY,NONE,0.55,
2024-04-29 00:00:00+00:00,BEAR,3,3,NONE,0.55,0.5906808286734572,,True,True,False,True,False,True,True,False,False,,NOT_CONFIRMED_TODAY,NONE,0.55,
2024-04-30 00:00:00+00:00,BEAR,3,3,NONE,0.55,0.5767806428782831,,True,True,False,True,False,True,True,False,False,,NOT_CONFIRMED_TODAY,NONE,0.55,
2024-05-01 00:00:00+00:00,BEAR,3,3,NONE,0.55,0.5699639446689333,,True,True,False,True,False,True,True,False,False,,NOT_CONFIRMED_TODAY,NONE,0.55,
2024-05-02 00:00:00+00:00,BEAR,3,3,NONE,0.55,0.5721089961993562,,True,True,False,True,False,True,True,False,False,,NOT_CONFIRMED_TODAY,NONE,0.55,
2024-05-03 00:00:00+00:00,BEAR,3,3,NONE,0.55,0.5848301464158779,,True,True,False,True,False,True,True,False,False,,NOT_CONFIRMED_TODAY,NONE,0.55,
2024-05-04 00:00:00+00:00,BEAR,3,3,NONE,0.55,0.5875435013274715,,True,True,False,True,False,True,True,False,False,,NOT_CONFIRMED_TODAY,NONE,0.55,
2024-05-05 00:00:00+00:00,BEAR,3,3,NONE,0.55,0.5884563056659574,,True,True,False,True,False,True,True,False,False,,NOT_CONFIRMED_TODAY,NONE,0.55,
2024-05-06 00:00:00+00:00,BEAR,3,3,NONE,0.55,0.5841551798364031,,True,True,False,True,False,True,True,False,False,,NOT_CONFIRMED_TODAY,NONE,0.55,
2024-05-07 00:00:00+00:00,BEAR,3,3,NONE,0.55,0.5803310182948572,,True,True,False,True,False,True,True,False,False,,NOT_CONFIRMED_TODAY,NONE,0.55,
2024-05-08 00:00:00+00:00,BEAR,3,3,NONE,0.55,0.5767176743813538,,True,True,False,True,False,True,True,False,False,,NOT_CONFIRMED_TODAY,NONE,0.55,
2024-05-09 00:00:00+00:00,BEAR,3,3,NONE,0.55,0.5831120815924722,,True,True,False,True,False,True,True,False,False,,NOT_CONFIRMED_TODAY,NONE,0.55,
2024-05-10 00:00:00+00:00,BEAR,3,3,NONE,0.55,0.5735821216038249,,True,True,False,True,False,True,True,False,False,,NOT_CONFIRMED_TODAY,NONE,0.55,
2024-05-11 00:00:00+00:00,BEAR,3,3,NONE,0.55,0.57374772285853,,True,True,False,True,False,True,True,False,False,,NOT_CONFIRMED_TODAY,NONE,0.55,
2024-05-12 00:00:00+00:00,BEAR,3,3,NONE,0.55,0.5758800309560193,,True,True,False,True,False,True,True,False,False,,NOT_CONFIRMED_TODAY,NONE,0.55,
2024-05-13 00:00:00+00:00,BEAR,3,3,NONE,0.55,0.5799669024833027,,True,True,False,True,False,True,True,False,False,,NOT_CONFIRMED_TODAY,NONE,0.55,
2024-05-14 00:00:00+00:00,BEAR,3,3,NONE,0.55,0.5744608589135483,,True,True,False,True,False,True,True,False,False,,NOT_CONFIRMED_TODAY,NONE,0.55,
2024-05-15 00:00:00+00:00,BEAR,3,3,NONE,0.55,0.5899359957593693,,True,True,False,True,False,True,True,False,False,,NOT_CONFIRMED_TODAY,NONE,0.55,
2024-05-16 00:00:00+00:00,BEAR,3,3,NONE,0.55,0.5849182970580282,,True,True,False,True,True,True,True,False,False,,NOT_CONFIRMED_TODAY,NONE,0.55,
2024-05-17 00:00:00+00:00,BEAR,3,3,NONE,0.55,0.5936460929520042,,True,True,False,True,True,True,True,False,False,,NOT_CONFIRMED_TODAY,NONE,0.55,
2024-05-18 00:00:00+00:00,BEAR,3,3,NONE,0.55,0.5944290972080961,,True,True,False,True,True,True,True,False,False,,NOT_CONFIRMED_TODAY,NONE,0.55,
2024-05-19 00:00:00+00:00,BEAR,3,3,NONE,0.55,0.5914114495007226,,True,True,False,True,True,True,True,False,False,,NOT_CONFIRMED_TODAY,NONE,0.55,
2024-05-20 00:00:00+00:00,BEAR,3,3,NONE,0.55,0.6196389938161688,,True,True,False,True,True,True,True,False,False,,NOT_CONFIRMED_TODAY,NONE,0.55,
2024-05-21 00:00:00+00:00,BEAR,3,3,NONE,0.55,0.6208604928490997,,True,True,False,True,True,True,True,False,False,,NOT_CONFIRMED_TODAY,NONE,0.55,
2024-05-22 00:00:00+00:00,BEAR,3,3,NONE,0.55,0.6175849544040567,,True,True,False,True,True,True,True,False,False,,NOT_CONFIRMED_TODAY,NONE,0.55,
2024-05-23 00:00:00+00:00,BEAR,3,3,NONE,0.55,0.6166690787877146,,True,True,False,True,True,True,True,False,False,,NOT_CONFIRMED_TODAY,NONE,0.55,
2024-05-24 00:00:00+00:00,BEAR,3,3,NONE,0.55,0.6161854323644966,,True,True,False,True,True,True,True,False,False,,NOT_CONFIRMED_TODAY,NONE,0.55,
2024-05-25 00:00:00+00:00,BEAR,3,3,NONE,0.55,0.6181891273142781,,True,True,False,True,True,True,True,False,False,,NOT_CONFIRMED_TODAY,NONE,0.55,
2024-05-26 00:00:00+00:00,BEAR,3,3,NONE,0.55,0.6189407521452118,,True,True,False,True,True,True,True,False,False,,NOT_CONFIRMED_TODAY,NONE,0.55,
2024-05-27 00:00:00+00:00,BEAR,3,3,NONE,0.55,0.6225681656492239,,True,True,False,True,True,True,True,False,False,,NOT_CONFIRMED_TODAY,NONE,0.55,
2024-05-28 00:00:00+00:00,BEAR,3,3,NONE,0.55,0.6192829447033401,,True,True,True,True,True,True,True,False,False,,NOT_CONFIRMED_TODAY,NONE,0.55,
2024-05-29 00:00:00+00:00,BEAR,3,3,NONE,0.55,0.615691838605361,,True,True,True,True,True,True,True,False,False,,NOT_CONFIRMED_TODAY,NONE,0.55,
2024-05-30 00:00:00+00:00,BEAR,3,3,NONE,0.55,0.6164645744643393,,True,True,True,True,True,True,True,False,False,,NOT_CONFIRMED_TODAY,NONE,0.55,
2024-05-31 00:00:00+00:00,BEAR,3,3,NONE,0.55,0.6153596853598261,,True,True,True,True,True,True,True,False,False,,NOT_CONFIRMED_TODAY,NONE,0.55,
2024-06-01 00:00:00+00:00,BEAR,3,3,NONE,0.55,0.6173410977151679,,True,True,False,True,True,True,True,False,False,,NOT_CONFIRMED_TODAY,NONE,0.55,
2024-06-02 00:00:00+00:00,BEAR,3,3,NONE,0.55,0.6163519895097076,,True,True,False,True,True,True,True,False,False,,NOT_CONFIRMED_TODAY,NONE,0.55,
2024-06-03 00:00:00+00:00,BEAR,3,3,NONE,0.55,0.6179300553951764,,True,True,False,True,True,True,True,False,False,,NOT_CONFIRMED_TODAY,NONE,0.55,
2024-06-04 00:00:00+00:00,BEAR,3,3,NONE,0.55,0.6223547388193875,,True,True,False,True,True,True,True,False,False,,NOT_CONFIRMED_TODAY,NONE,0.55,
2024-06-05 00:00:00+00:00,BEAR,3,3,NONE,0.55,0.6249461888345735,,True,True,True,True,True,True,True,False,False,,NOT_CONFIRMED_TODAY,NONE,0.55,
2024-06-06 00:00:00+00:00,BEAR,3,3,NONE,0.55,0.622949104576217,,True,True,True,True,True,True,True,False,False,,NOT_CONFIRMED_TODAY,NONE,0.55,
2024-06-07 00:00:00+00:00,BEAR,3,3,NONE,0.55,0.6164705941638783,,True,True,True,True,True,True,True,False,False,,NOT_CONFIRMED_TODAY,NONE,0.55,
2024-06-08 00:00:00+00:00,BEAR,3,3,NONE,0.55,0.6164934024611566,,True,True,True,True,True,True,True,False,False,,NOT_CONFIRMED_TODAY,NONE,0.55,
2024-06-09 00:00:00+00:00,BEAR,3,3,NONE,0.55,0.6178530949559446,,True,True,True,True,True,True,True,False,False,,NOT_CONFIRMED_TODAY,NONE,0.55,
2024-06-10 00:00:00+00:00,BEAR,3,3,NONE,0.55,0.6165608637291261,,True,True,True,True,True,True,True,False,False,,NOT_CONFIRMED_TODAY,NONE,0.55,
2024-06-11 00:00:00+00:00,BEAR,3,3,NONE,0.55,0.6072623109073894,,True,True,True,True,True,True,True,False,False,,NOT_CONFIRMED_TODAY,NONE,0.55,
2024-06-12 00:00:00+00:00,BEAR,3,3,NONE,0.55,0.6110117445649601,,True,True,True,True,True,True,True,False,False,,NOT_CONFIRMED_TODAY,NONE,0.55,
2024-06-13 00:00:00+00:00,BEAR,3,3,NONE,0.55,0.6053716128606013,,True,True,True,True,True,True,True,False,False,,NOT_CONFIRMED_TODAY,NONE,0.55,
2024-06-14 00:00:00+00:00,BEAR,3,3,NONE,0.55,0.6043056566772138,,True,True,True,True,True,True,True,False,False,,NOT_CONFIRMED_TODAY,NONE,0.55,
2024-06-15 00:00:00+00:00,BEAR,3,3,NONE,0.55,0.6073274844054742,,True,True,True,True,True,True,True,False,False,,NOT_CONFIRMED_TODAY,NONE,0.55,
2024-06-16 00:00:00+00:00,BEAR,3,3,NONE,0.55,0.6098902190708494,,True,True,True,True,True,True,True,False,False,,NOT_CONFIRMED_TODAY,NONE,0.55,
2024-06-17 00:00:00+00:00,BEAR,3,3,NONE,0.55,0.6061749547655917,,True,True,True,True,True,True,True,False,False,,NOT_CONFIRMED_TODAY,NONE,0.55,
2024-06-18 00:00:00+00:00,BEAR,3,3,NONE,0.55,0.6026653775203396,,True,True,True,True,True,True,True,False,False,,NOT_CONFIRMED_TODAY,NONE,0.55,
2024-06-19 00:00:00+00:00,BEAR,3,3,NONE,0.55,0.6046419266991826,,True,True,True,True,False,True,True,False,False,,NOT_CONFIRMED_TODAY,NONE,0.55,
2024-06-20 00:00:00+00:00,BEAR,3,3,NONE,0.55,0.6029925437225169,,True,True,True,True,False,True,True,False,False,,NOT_CONFIRMED_TODAY,NONE,0.55,
2024-06-21 00:00:00+00:00,BEAR,3,3,NONE,0.55,0.6017015216222058,,True,True,True,True,False,True,True,False,False,,NOT_CONFIRMED_TODAY,NONE,0.55,
2024-06-22 00:00:00+00:00,BEAR,3,3,NONE,0.55,0.6012526762941213,,True,True,True,True,False,True,True,False,False,,NOT_CONFIRMED_TODAY,NONE,0.55,
2024-06-23 00:00:00+00:00,BEAR,3,3,NONE,0.55,0.5967458127145356,,True,True,True,True,False,True,True,False,False,,NOT_CONFIRMED_TODAY,NONE,0.55,
2024-06-24 00:00:00+00:00,BEAR,3,3,NONE,0.55,0.5883349904085023,,True,True,True,True,False,True,True,False,False,,NOT_CONFIRMED_TODAY,NONE,0.55,
2024-06-25 00:00:00+00:00,BEAR,3,3,NONE,0.55,0.5929866524106007,,True,True,True,True,False,True,True,False,False,,NOT_CONFIRMED_TODAY,NONE,0.55,
2024-06-26 00:00:00+00:00,BEAR,3,3,NONE,0.55,0.5902228946338152,,True,True,True,True,False,True,True,False,False,,NOT_CONFIRMED_TODAY,NONE,0.55,
2024-06-27 00:00:00+00:00,BEAR,3,3,NONE,0.55,0.5945988025551961,,True,True,True,True,False,True,True,False,False,,NOT_CONFIRMED_TODAY,NONE,0.55,
2024-06-28 00:00:00+00:00,BEAR,3,3,NONE,0.55,0.5895979226511683,,True,True,True,True,False,True,True,False,False,,NOT_CONFIRMED_TODAY,NONE,0.55,
2024-06-29 00:00:00+00:00,BEAR,3,3,NONE,0.55,0.5907758056484639,,True,True,True,True,False,True,True,False,False,,NOT_CONFIRMED_TODAY,NONE,0.55,
2024-06-30 00:00:00+00:00,BEAR,3,3,NONE,0.55,0.5964947692050614,,True,True,True,True,False,True,True,False,False,,NOT_CONFIRMED_TODAY,NONE,0.55,
2024-07-01 00:00:00+00:00,BEAR,3,3,NONE,0.55,0.5969065897694488,,True,True,False,True,False,True,True,False,False,,NOT_CONFIRMED_TODAY,NONE,0.55,
2024-07-02 00:00:00+00:00,BEAR,3,3,NONE,0.55,0.5946518696572517,,True,True,False,True,False,True,True,False,False,,NOT_CONFIRMED_TODAY,NONE,0.55,
2024-07-03 00:00:00+00:00,BEAR,3,3,NONE,0.55,0.5863935784066286,,True,True,False,True,False,True,True,False,False,,NOT_CONFIRMED_TODAY,NONE,0.55,
2024-07-04 00:00:00+00:00,BEAR,3,3,NONE,0.55,0.5710343571872415,,True,True,False,True,False,True,True,False,False,,NOT_CONFIRMED_TODAY,NONE,0.55,
2024-07-05 00:00:00+00:00,BEAR,3,3,NONE,0.55,0.5672215533515681,,True,True,False,True,False,True,True,False,False,,NOT_CONFIRMED_TODAY,NONE,0.55,
2024-07-06 00:00:00+00:00,BEAR,3,3,NONE,0.55,0.5740978181856904,,True,True,False,True,False,True,True,False,False,,NOT_CONFIRMED_TODAY,NONE,0.55,
2024-07-07 00:00:00+00:00,BEAR,3,3,NONE,0.55,0.5635113070531275,,False,True,False,True,False,True,True,False,False,,NOT_CONFIRMED_TODAY,NONE,0.55,
2024-07-08 00:00:00+00:00,BEAR,3,3,NONE,0.55,0.5688399097187977,,False,True,False,True,False,True,True,False,False,,NOT_CONFIRMED_TODAY,NONE,0.55,
2024-07-09 00:00:00+00:00,BEAR,3,3,NONE,0.55,0.5737257494627465,,False,True,False,True,False,True,True,False,False,,NOT_CONFIRMED_TODAY,NONE,0.55,
2024-07-10 00:00:00+00:00,BEAR,3,3,NONE,0.55,0.5742066083796749,,False,True,False,True,False,True,True,False,False,,NOT_CONFIRMED_TODAY,NONE,0.55,
2024-07-11 00:00:00+00:00,BEAR,3,3,NONE,0.55,0.5732696393305629,,False,True,False,True,False,True,True,False,False,,NOT_CONFIRMED_TODAY,NONE,0.55,
2024-07-12 00:00:00+00:00,BEAR,3,3,NONE,0.55,0.5757804950893136,,False,True,False,True,False,True,True,False,False,,NOT_CONFIRMED_TODAY,NONE,0.55,
2024-07-13 00:00:00+00:00,BEAR,3,3,NONE,0.55,0.5802741863805991,,False,True,False,True,False,True,True,False,False,,NOT_CONFIRMED_TODAY,NONE,0.55,
2024-07-14 00:00:00+00:00,BEAR,3,3,NONE,0.55,0.5862010962771605,,False,True,False,True,False,True,True,False,False,,NOT_CONFIRMED_TODAY,NONE,0.55,
2024-07-15 00:00:00+00:00,BEAR,3,3,NONE,0.55,0.602201380273129,,False,True,False,True,False,True,True,False,False,,NOT_CONFIRMED_TODAY,NONE,0.55,
2024-07-16 00:00:00+00:00,BEAR,3,3,NONE,0.55,0.601654286224254,,False,True,False,True,True,True,True,False,False,,NOT_CONFIRMED_TODAY,NONE,0.55,
2024-07-17 00:00:00+00:00,BEAR,3,3,NONE,0.55,0.5979121284064961,,False,True,False,True,True,True,True,False,False,,NOT_CONFIRMED_TODAY,NONE,0.55,
2024-07-18 00:00:00+00:00,BEAR,3,3,NONE,0.55,0.5989631297229856,,False,True,False,True,True,True,True,False,False,,NOT_CONFIRMED_TODAY,NONE,0.55,
2024-07-19 00:00:00+00:00,BEAR,3,3,NONE,0.55,0.6067790443433505,,False,True,False,True,True,True,True,False,False,,NOT_CONFIRMED_TODAY,NONE,0.55,
2024-07-20 00:00:00+00:00,BEAR,3,3,NONE,0.55,0.6081673513524911,,False,True,False,True,True,True,True,False,False,,NOT_CONFIRMED_TODAY,NONE,0.55,
2024-07-21 00:00:00+00:00,BEAR,3,3,NONE,0.55,0.6107461539089158,,False,True,False,True,True,True,True,False,False,,NOT_CONFIRMED_TODAY,NONE,0.55,
2024-07-22 00:00:00+00:00,BEAR,3,3,NONE,0.55,0.6066303221865244,,False,True,False,True,True,True,True,False,False,,NOT_CONFIRMED_TODAY,NONE,0.55,
2024-07-23 00:00:00+00:00,BEAR,3,3,NONE,0.55,0.6047519686960366,,True,True,False,True,True,True,True,False,False,,NOT_CONFIRMED_TODAY,NONE,0.55,
2024-07-24 00:00:00+00:00,BEAR,3,3,NONE,0.55,0.5990821294431643,,True,True,False,True,True,True,True,False,False,,NOT_CONFIRMED_TODAY,NONE,0.55,
2024-07-25 00:00:00+00:00,BEAR,3,3,NONE,0.55,0.5948982565385785,,True,True,False,True,True,True,True,False,False,,NOT_CONFIRMED_TODAY,NONE,0.55,
2024-07-26 00:00:00+00:00,BEAR,3,3,NONE,0.55,0.6024099560426935,,True,True,False,True,True,True,True,False,False,,NOT_CONFIRMED_TODAY,NONE,0.55,
2024-07-27 00:00:00+00:00,BEAR,3,3,NONE,0.55,0.601609832861953,,True,True,False,True,True,True,True,False,False,,NOT_CONFIRMED_TODAY,NONE,0.55,
2024-07-28 00:00:00+00:00,BEAR,3,3,NONE,0.55,0.6029996560752411,,True,True,False,True,True,True,True,False,False,,NOT_CONFIRMED_TODAY,NONE,0.55,
2024-07-29 00:00:00+00:00,BEAR,3,3,NONE,0.55,0.6014944601586377,,True,True,False,True,True,True,True,False,False,,NOT_CONFIRMED_TODAY,NONE,0.55,
2024-07-30 00:00:00+00:00,BEAR,3,3,NONE,0.55,0.5990806591253734,,True,True,False,True,True,True,True,False,False,,NOT_CONFIRMED_TODAY,NONE,0.55,
2024-07-31 00:00:00+00:00,BEAR,3,3,NONE,0.55,0.5943479692451177,,True,True,False,True,True,True,True,False,False,,NOT_CONFIRMED_TODAY,NONE,0.55,
2024-08-01 00:00:00+00:00,BEAR,3,3,NONE,0.55,0.5949612576706527,,True,True,False,True,True,True,True,False,False,,NOT_CONFIRMED_TODAY,NONE,0.55,
2024-08-02 00:00:00+00:00,BEAR,3,3,NONE,0.55,0.5793882712416735,,True,True,False,True,True,True,True,False,False,,NOT_CONFIRMED_TODAY,NONE,0.55,
2024-08-03 00:00:00+00:00,BEAR,3,3,NONE,0.55,0.5745524652771797,,True,True,False,True,False,True,True,False,False,,NOT_CONFIRMED_TODAY,NONE,0.55,
2024-08-04 00:00:00+00:00,BEAR,3,3,NONE,0.55,0.5606088940725409,,True,True,False,True,False,True,True,False,False,,NOT_CONFIRMED_TODAY,NONE,0.55,
2024-08-05 00:00:00+00:00,BEAR,3,3,NONE,0.55,0.5391501922548232,,True,True,False,True,False,True,True,False,False,,NOT_CONFIRMED_TODAY,NONE,0.55,
2024-08-06 00:00:00+00:00,BEAR,3,3,NONE,0.55,0.5462817322791758,,False,True,False,True,False,True,True,False,False,,NOT_CONFIRMED_TODAY,NONE,0.55,
2024-08-07 00:00:00+00:00,BEAR,3,3,NONE,0.55,0.5390621624368133,,False,True,False,True,False,True,True,False,False,,NOT_CONFIRMED_TODAY,NONE,0.55,
2024-08-08 00:00:00+00:00,BEAR,3,3,NONE,0.55,0.5690669057958753,,False,True,False,True,False,True,True,False,False,,NOT_CONFIRMED_TODAY,NONE,0.55,
2024-08-09 00:00:00+00:00,BEAR,3,3,NONE,0.55,0.5639545339233384,,False,True,False,True,False,True,True,False,False,,NOT_CONFIRMED_TODAY,NONE,0.55,
2024-08-10 00:00:00+00:00,BEAR,3,3,NONE,0.55,0.5645961733529592,,False,True,False,True,False,True,True,False,False,,NOT_CONFIRMED_TODAY,NONE,0.55,
2024-08-11 00:00:00+00:00,BEAR,3,3,NONE,0.55,0.5570528428847898,,False,True,False,True,False,True,True,False,False,,NOT_CONFIRMED_TODAY,NONE,0.55,
2024-08-12 00:00:00+00:00,BEAR,3,3,NONE,0.55,0.5649350759785932,,False,True,False,True,False,True,True,False,False,,NOT_CONFIRMED_TODAY,NONE,0.55,
2024-08-13 00:00:00+00:00,BEAR,3,3,NONE,0.55,0.5672403680373606,,False,True,False,True,False,True,True,False,False,,NOT_CONFIRMED_TODAY,NONE,0.55,
2024-08-14 00:00:00+00:00,BEAR,3,3,NONE,0.55,0.5610655179752448,,False,True,False,True,False,True,True,False,False,,NOT_CONFIRMED_TODAY,NONE,0.55,
2024-08-15 00:00:00+00:00,BEAR,3,3,NONE,0.55,0.5547033621553187,,False,True,False,False,False,True,True,False,False,,NOT_CONFIRMED_TODAY,NONE,0.55,
2024-08-16 00:00:00+00:00,BEAR,3,3,NONE,0.55,0.5589833289589665,,False,True,False,False,False,True,True,False,False,,NOT_CONFIRMED_TODAY,NONE,0.55,
2024-08-17 00:00:00+00:00,BEAR,3,3,NONE,0.55,0.5613692204836191,,False,True,False,False,False,True,True,False,False,,NOT_CONFIRMED_TODAY,NONE,0.55,
2024-08-18 00:00:00+00:00,BEAR,3,3,NONE,0.55,0.5586344863899393,,False,True,False,False,False,True,True,False,False,,NOT_CONFIRMED_TODAY,NONE,0.55,
2024-08-19 00:00:00+00:00,BEAR,3,3,NONE,0.55,0.5620945215844683,,False,True,False,False,False,True,True,False,False,,NOT_CONFIRMED_TODAY,NONE,0.55,
2024-08-20 00:00:00+00:00,BEAR,3,3,NONE,0.55,0.5586526513339651,,False,True,False,False,False,True,True,False,False,,NOT_CONFIRMED_TODAY,NONE,0.55,
2024-08-21 00:00:00+00:00,BEAR,3,3,NONE,0.55,0.5661418086760822,,False,True,False,False,False,True,True,False,False,,NOT_CONFIRMED_TODAY,NONE,0.55,
2024-08-22 00:00:00+00:00,BEAR,3,3,NONE,0.55,0.5639621999025962,,False,True,False,False,False,True,True,False,False,,NOT_CONFIRMED_TODAY,NONE,0.55,
2024-08-23 00:00:00+00:00,BEAR,3,3,NONE,0.55,0.5777229328439708,,False,True,False,False,False,True,True,False,False,,NOT_CONFIRMED_TODAY,NONE,0.55,
2024-08-24 00:00:00+00:00,BEAR,3,3,NONE,0.55,0.57820854942117,,False,True,False,False,True,True,True,False,False,,NOT_CONFIRMED_TODAY,NONE,0.55,
2024-08-25 00:00:00+00:00,BEAR,3,3,NONE,0.55,0.5776101171046784,,False,True,False,False,True,True,True,False,False,,NOT_CONFIRMED_TODAY,NONE,0.55,
2024-08-26 00:00:00+00:00,BEAR,3,3,NONE,0.55,0.5720681216236327,,False,True,True,False,True,True,True,False,False,,NOT_CONFIRMED_TODAY,NONE,0.55,
2024-08-27 00:00:00+00:00,BEAR,3,3,NONE,0.55,0.5553717161326013,,False,True,True,False,True,True,True,False,False,,NOT_CONFIRMED_TODAY,NONE,0.55,
2024-08-28 00:00:00+00:00,BEAR,3,3,NONE,0.55,0.5571540622764788,,False,True,True,False,False,True,True,False,False,,NOT_CONFIRMED_TODAY,NONE,0.55,
2024-08-29 00:00:00+00:00,BEAR,3,3,NONE,0.55,0.557967066542184,,False,True,True,False,False,True,True,False,False,,NOT_CONFIRMED_TODAY,NONE,0.55,
2024-08-30 00:00:00+00:00,BEAR,3,3,NONE,0.55,0.5573295603332864,,False,True,True,False,False,True,True,False,False,,NOT_CONFIRMED_TODAY,NONE,0.55,
2024-08-31 00:00:00+00:00,BEAR,3,3,NONE,0.55,0.5564693497321198,,False,True,True,False,False,True,True,False,False,,NOT_CONFIRMED_TODAY,NONE,0.55,
2024-09-01 00:00:00+00:00,BEAR,3,3,NONE,0.55,0.5487416640607727,,False,True,True,False,False,True,True,False,False,,NOT_CONFIRMED_TODAY,NONE,0.55,
2024-09-02 00:00:00+00:00,BEAR,3,3,NONE,0.55,0.5578680885281418,,False,True,True,False,False,True,True,False,False,,NOT_CONFIRMED_TODAY,NONE,0.55,
2024-09-03 00:00:00+00:00,BEAR,3,3,NONE,0.55,0.5492538283336654,,False,True,True,False,False,True,True,False,False,,NOT_CONFIRMED_TODAY,NONE,0.55,
2024-09-04 00:00:00+00:00,BEAR,3,3,NONE,0.55,0.5515431216789194,,False,True,True,False,False,True,True,False,False,,NOT_CONFIRMED_TODAY,NONE,0.55,
2024-09-05 00:00:00+00:00,BEAR,3,3,NONE,0.55,0.5435380274344449,,False,True,False,False,False,True,True,False,False,,NOT_CONFIRMED_TODAY,NONE,0.55,
2024-09-06 00:00:00+00:00,BEAR,3,3,NONE,0.55,0.5314142270416291,,False,True,False,False,False,True,True,False,False,,NOT_CONFIRMED_TODAY,NONE,0.55,
2024-09-07 00:00:00+00:00,BEAR,3,3,NONE,0.55,0.5340581544777283,,False,True,False,False,False,True,True,False,False,,NOT_CONFIRMED_TODAY,NONE,0.55,
2024-09-08 00:00:00+00:00,BEAR,3,3,NONE,0.55,0.5370617199995817,,False,True,False,False,False,True,True,False,False,,NOT_CONFIRMED_TODAY,NONE,0.55,
2024-09-09 00:00:00+00:00,BEAR,3,3,NONE,0.55,0.5455628400957807,,False,True,False,False,False,True,True,False,False,,NOT_CONFIRMED_TODAY,NONE,0.55,
2024-09-10 00:00:00+00:00,BEAR,3,3,NONE,0.55,0.5483275725505604,,False,True,False,False,False,True,True,False,False,,NOT_CONFIRMED_TODAY,NONE,0.55,
2024-09-11 00:00:00+00:00,BEAR,3,3,NONE,0.55,0.545631503881056,,False,True,False,False,False,True,True,False,False,,NOT_CONFIRMED_TODAY,NONE,0.55,
2024-09-12 00:00:00+00:00,BEAR,3,3,NONE,0.55,0.5486142742055765,,False,True,False,False,False,True,True,False,False,,NOT_CONFIRMED_TODAY,NONE,0.55,
2024-09-13 00:00:00+00:00,BEAR,3,3,NONE,0.55,0.5577788545481583,,False,True,False,False,False,True,True,False,False,,NOT_CONFIRMED_TODAY,NONE,0.55,
2024-09-14 00:00:00+00:00,BEAR,3,3,NONE,0.55,0.5556897493629043,,False,True,False,False,True,True,True,False,False,,NOT_CONFIRMED_TODAY,NONE,0.55,
2024-09-15 00:00:00+00:00,BEAR,3,3,NONE,0.55,0.5494964801425062,,False,True,False,False,True,True,True,False,False,,NOT_CONFIRMED_TODAY,NONE,0.55,
2024-09-16 00:00:00+00:00,BEAR,3,3,NONE,0.55,0.5462663923132005,,False,True,False,False,False,True,True,False,False,,NOT_CONFIRMED_TODAY,NONE,0.55,
2024-09-17 00:00:00+00:00,BEAR,3,3,NONE,0.55,0.5536308324040784,,False,True,False,False,False,True,True,False,False,,NOT_CONFIRMED_TODAY,NONE,0.55,
2024-09-18 00:00:00+00:00,BEAR,3,3,NONE,0.55,0.5586164792653115,,False,True,False,False,True,True,True,False,False,,NOT_CONFIRMED_TODAY,NONE,0.55,
2024-09-19 00:00:00+00:00,BEAR,3,3,NONE,0.55,0.5649897773464196,,False,True,False,False,True,True,True,False,False,,NOT_CONFIRMED_TODAY,NONE,0.55,
2024-09-20 00:00:00+00:00,BEAR,3,3,NONE,0.55,0.5691464094930911,,False,True,False,False,True,True,True,False,False,,NOT_CONFIRMED_TODAY,NONE,0.55,
2024-09-21 00:00:00+00:00,BEAR,3,3,NONE,0.55,0.571359588178749,,False,True,False,False,True,True,True,False,False,,NOT_CONFIRMED_TODAY,NONE,0.55,
2024-09-22 00:00:00+00:00,BEAR,3,3,NONE,0.55,0.5707981921305165,,False,True,False,False,True,True,True,False,False,,NOT_CONFIRMED_TODAY,NONE,0.55,
2024-09-23 00:00:00+00:00,BEAR,3,3,NONE,0.55,0.5726118632156094,,False,True,False,False,True,True,True,False,False,,NOT_CONFIRMED_TODAY,NONE,0.55,
2024-09-24 00:00:00+00:00,BEAR,3,3,NONE,0.55,0.5750275586647899,,False,True,False,False,True,True,True,False,False,,NOT_CONFIRMED_TODAY,NONE,0.55,
2024-09-25 00:00:00+00:00,BEAR,3,3,NONE,0.55,0.5697913674054916,,False,True,False,False,True,True,True,False,False,,NOT_CONFIRMED_TODAY,NONE,0.55,
2024-09-26 00:00:00+00:00,BEAR,3,3,NONE,0.55,0.5764579795534578,,False,True,True,False,True,True,True,False,False,,NOT_CONFIRMED_TODAY,NONE,0.55,
2024-09-27 00:00:00+00:00,BEAR,3,3,NONE,0.55,0.5800136038235126,,False,True,True,False,True,True,True,False,False,,NOT_CONFIRMED_TODAY,NONE,0.55,
2024-09-28 00:00:00+00:00,BEAR,3,3,NONE,0.55,0.5795700116611211,,False,False,True,False,True,True,True,False,False,,NOT_CONFIRMED_TODAY,NONE,0.55,
2024-09-29 00:00:00+00:00,BEAR,3,3,NONE,0.55,0.57838863061729,,False,False,True,False,True,True,True,False,False,,NOT_CONFIRMED_TODAY,NONE,0.55,
2024-09-30 00:00:00+00:00,BEAR,3,3,NONE,0.55,0.5711041389095515,,False,False,True,True,True,True,True,False,False,,NOT_CONFIRMED_TODAY,NONE,0.55,
2024-10-01 00:00:00+00:00,BEAR,3,3,NONE,0.55,0.5592209485552472,,False,False,True,True,True,True,True,False,False,,NOT_CONFIRMED_TODAY,NONE,0.55,
2024-10-02 00:00:00+00:00,BEAR,3,3,NONE,0.55,0.5556390622211556,,False,False,True,True,True,True,True,False,False,,NOT_CONFIRMED_TODAY,NONE,0.55,
2024-10-03 00:00:00+00:00,BEAR,3,3,NONE,0.55,0.5553721801228544,,False,False,True,True,True,True,True,False,False,,NOT_CONFIRMED_TODAY,NONE,0.55,
2024-10-04 00:00:00+00:00,BEAR,3,3,NONE,0.55,0.5612363571701071,,False,False,True,True,True,True,True,False,False,,NOT_CONFIRMED_TODAY,NONE,0.55,
2024-10-05 00:00:00+00:00,BEAR,3,3,NONE,0.55,0.5611947037107892,,False,False,True,True,True,True,True,False,False,,NOT_CONFIRMED_TODAY,NONE,0.55,
2024-10-06 00:00:00+00:00,BEAR,3,3,NONE,0.55,0.5640576019492317,,False,False,True,True,True,True,True,False,False,,NOT_CONFIRMED_TODAY,NONE,0.55,
2024-10-07 00:00:00+00:00,BEAR,3,3,NONE,0.55,0.5619496215039266,,False,False,True,True,True,True,True,False,False,,NOT_CONFIRMED_TODAY,NONE,0.55,
2024-10-08 00:00:00+00:00,BEAR,3,3,NONE,0.55,0.5624909165322435,,False,False,True,True,True,True,True,False,False,,NOT_CONFIRMED_TODAY,NONE,0.55,
2024-10-09 00:00:00+00:00,BEAR,3,3,NONE,0.55,0.5559838951581728,,False,False,True,True,True,True,True,False,False,,NOT_CONFIRMED_TODAY,NONE,0.55,
2024-10-10 00:00:00+00:00,BEAR,3,3,NONE,0.55,0.5558260668667423,,False,False,True,True,False,True,True,False,False,,NOT_CONFIRMED_TODAY,NONE,0.55,
2024-10-11 00:00:00+00:00,BEAR,3,3,NONE,0.55,0.5634399387780227,,False,False,True,True,False,True,True,False,False,,NOT_CONFIRMED_TODAY,NONE,0.55,
2024-10-12 00:00:00+00:00,BEAR,3,3,NONE,0.55,0.5664644165908788,,False,False,True,True,True,True,True,False,False,,NOT_CONFIRMED_TODAY,NONE,0.55,
2024-10-13 00:00:00+00:00,BEAR,3,3,NONE,0.55,0.5653827021859898,,False,False,True,True,True,True,True,False,False,,NOT_CONFIRMED_TODAY,NONE,0.55,
2024-10-14 00:00:00+00:00,BEAR,3,3,NONE,0.55,0.5788143565823857,,False,False,True,True,True,True,True,False,False,,NOT_CONFIRMED_TODAY,NONE,0.55,
2024-10-15 00:00:00+00:00,BEAR,3,3,NONE,0.55,0.5803379023875838,,False,False,True,True,True,True,True,False,False,,NOT_CONFIRMED_TODAY,NONE,0.55,
2024-10-16 00:00:00+00:00,BEAR,3,3,NONE,0.55,0.5817295932480177,,False,False,True,True,True,True,True,False,False,,NOT_CONFIRMED_TODAY,NONE,0.55,
2024-10-17 00:00:00+00:00,BEAR,3,3,NONE,0.55,0.5811132403841593,,False,False,True,True,True,True,True,False,False,,NOT_CONFIRMED_TODAY,NONE,0.55,
2024-10-18 00:00:00+00:00,BEAR,3,3,NONE,0.55,0.5846470370793677,,False,False,True,True,True,True,True,False,False,,NOT_CONFIRMED_TODAY,NONE,0.55,
2024-10-19 00:00:00+00:00,BEAR,3,3,NONE,0.55,0.5847549669184738,,False,False,True,True,True,True,True,False,False,,NOT_CONFIRMED_TODAY,NONE,0.55,
2024-10-20 00:00:00+00:00,BEAR,3,3,NONE,0.55,0.5895115715951991,,False,False,True,True,True,True,True,False,False,,NOT_CONFIRMED_TODAY,NONE,0.55,
2024-10-21 00:00:00+00:00,BEAR,3,3,NONE,0.55,0.5831582339355148,,False,False,True,True,True,True,True,False,False,,NOT_CONFIRMED_TODAY,NONE,0.55,
2024-10-22 00:00:00+00:00,BEAR,3,3,NONE,0.55,0.5817907273110393,,False,False,True,True,True,True,True,False,False,,NOT_CONFIRMED_TODAY,NONE,0.55,
2024-10-23 00:00:00+00:00,BEAR,3,3,NONE,0.55,0.5766640224017435,,False,False,True,True,True,True,True,False,False,,NOT_CONFIRMED_TODAY,NONE,0.55,
2024-10-24 00:00:00+00:00,BEAR,3,3,NONE,0.55,0.5806101362039781,,True,False,True,True,True,True,True,False,False,,NOT_CONFIRMED_TODAY,NONE,0.55,
2024-10-25 00:00:00+00:00,BEAR,3,3,NONE,0.55,0.5738083403697817,,True,False,True,True,True,True,True,False,False,,NOT_CONFIRMED_TODAY,NONE,0.55,
2024-10-26 00:00:00+00:00,BEAR,3,3,NONE,0.55,0.576233020395935,,True,False,True,True,True,True,True,False,False,,NOT_CONFIRMED_TODAY,NONE,0.55,
2024-10-27 00:00:00+00:00,BEAR,3,3,NONE,0.55,0.5792909555355824,,True,False,True,True,True,True,True,False,False,,NOT_CONFIRMED_TODAY,NONE,0.55,
2024-10-28 00:00:00+00:00,BEAR,3,3,NONE,0.55,0.5857503470353895,,True,False,True,True,True,True,True,False,False,,NOT_CONFIRMED_TODAY,NONE,0.55,
2024-10-29 00:00:00+00:00,BEAR,3,3,NONE,0.55,0.5941914168265509,,True,False,True,True,True,True,True,False,False,,NOT_CONFIRMED_TODAY,NONE,0.55,
2024-10-30 00:00:00+00:00,BEAR,3,3,NONE,0.55,0.5940224888101213,,True,False,True,True,True,True,True,False,False,,NOT_CONFIRMED_TODAY,NONE,0.55,
2024-10-31 00:00:00+00:00,BEAR,3,3,NONE,0.55,0.5848980120897668,,True,False,True,True,True,True,True,False,False,,NOT_CONFIRMED_TODAY,NONE,0.55,
2024-11-01 00:00:00+00:00,BEAR,3,3,NONE,0.55,0.582876355412382,,True,False,True,True,True,True,True,False,False,,NOT_CONFIRMED_TODAY,NONE,0.55,
2024-11-02 00:00:00+00:00,BEAR,3,3,NONE,0.55,0.5820297304661824,,True,False,True,True,True,True,True,False,False,,NOT_CONFIRMED_TODAY,NONE,0.55,
2024-11-03 00:00:00+00:00,BEAR,3,3,NONE,0.55,0.5794201914275324,,True,True,True,True,True,True,True,False,False,,NOT_CONFIRMED_TODAY,NONE,0.55,
2024-11-04 00:00:00+00:00,BEAR,3,3,NONE,0.55,0.5752012387669027,,True,True,True,True,True,True,True,False,False,,NOT_CONFIRMED_TODAY,NONE,0.55,
2024-11-05 00:00:00+00:00,BEAR,3,3,NONE,0.55,0.5796153841253662,,True,True,True,True,True,True,True,False,False,,NOT_CONFIRMED_TODAY,NONE,0.55,
2024-11-06 00:00:00+00:00,BEAR,3,3,NONE,0.55,0.6029033396503425,,True,True,True,True,True,True,True,False,False,,NOT_CONFIRMED_TODAY,NONE,0.55,
2024-11-07 00:00:00+00:00,BEAR,3,3,NONE,0.55,0.6087679193980647,,True,True,True,True,True,True,True,False,False,,NOT_CONFIRMED_TODAY,NONE,0.55,
2024-11-08 00:00:00+00:00,BEAR,3,3,NONE,0.55,0.6120401727396249,,True,True,True,True,True,True,True,False,False,,NOT_CONFIRMED_TODAY,NONE,0.55,
2024-11-09 00:00:00+00:00,BEAR,3,3,NONE,0.55,0.6171526509788489,,True,True,True,True,True,True,True,False,False,,NOT_CONFIRMED_TODAY,NONE,0.55,
2024-11-10 00:00:00+00:00,BEAR,3,3,NONE,0.55,0.6256727124328262,,True,True,True,True,True,True,True,False,False,,NOT_CONFIRMED_TODAY,NONE,0.55,
2024-11-11 00:00:00+00:00,BEAR,3,3,NONE,0.55,0.6449454596631585,,True,True,True,True,True,True,True,False,False,,NOT_CONFIRMED_TODAY,NONE,0.55,
2024-11-12 00:00:00+00:00,BEAR,3,3,NONE,0.55,0.6406121874395015,,True,True,True,True,True,True,True,False,False,,NOT_CONFIRMED_TODAY,NONE,0.55,
2024-11-13 00:00:00+00:00,BEAR,3,3,NONE,0.55,0.6432639339923062,,True,True,True,True,True,True,True,False,False,,NOT_CONFIRMED_TODAY,NONE,0.55,
2024-11-14 00:00:00+00:00,BEAR,3,3,NONE,0.55,0.6348205038171305,,True,True,True,True,True,True,True,False,False,,NOT_CONFIRMED_TODAY,NONE,0.55,
2024-11-15 00:00:00+00:00,BEAR,3,3,NONE,0.55,0.6419611033485042,,True,True,True,True,True,True,True,False,False,,NOT_CONFIRMED_TODAY,NONE,0.55,
2024-11-16 00:00:00+00:00,BEAR,3,3,NONE,0.55,0.6423013417459278,,True,True,True,True,True,True,True,False,False,,NOT_CONFIRMED_TODAY,NONE,0.55,
2024-11-17 00:00:00+00:00,BEAR,3,3,NONE,0.55,0.6396508692101447,,True,True,True,True,True,True,True,False,False,,NOT_CONFIRMED_TODAY,NONE,0.55,
2024-11-18 00:00:00+00:00,BEAR,3,3,NONE,0.55,0.6439863641400279,,True,True,True,True,True,True,True,False,False,,NOT_CONFIRMED_TODAY,NONE,0.55,
2024-11-19 00:00:00+00:00,BEAR,3,3,NONE,0.55,0.6445712499694753,,True,True,True,True,True,True,True,False,False,,NOT_CONFIRMED_TODAY,NONE,0.55,
2024-11-20 00:00:00+00:00,BEAR,3,3,NONE,0.55,0.6469185757132342,,True,True,True,True,True,True,True,False,False,,NOT_CONFIRMED_TODAY,NONE,0.55,
2024-11-21 00:00:00+00:00,BEAR,3,3,NONE,0.55,0.6599414928257802,,True,True,True,True,True,True,True,False,False,,NOT_CONFIRMED_TODAY,NONE,0.55,
2024-11-22 00:00:00+00:00,BEAR,3,3,NONE,0.55,0.5503022004488622,DRIFT_SELL:EXECUTED,True,True,True,True,True,True,True,False,False,DRIFT_SELL:EXECUTED,NOT_CONFIRMED_TODAY,OTHER_RISK_SELL,0.55,83
2024-11-23 00:00:00+00:00,BEAR,3,3,NONE,0.55,0.5498731260993314,,True,True,True,True,True,True,True,False,False,,NOT_CONFIRMED_TODAY,NONE,0.55,
2024-11-24 00:00:00+00:00,BEAR,3,3,NONE,0.55,0.5494743220488129,,True,True,True,True,True,True,True,False,False,,NOT_CONFIRMED_TODAY,NONE,0.55,
2024-11-25 00:00:00+00:00,BEAR,3,3,NONE,0.55,0.5424178008082096,,True,True,True,True,True,True,True,False,False,,NOT_CONFIRMED_TODAY,NONE,0.55,
2024-11-26 00:00:00+00:00,BEAR,3,3,NONE,0.55,0.5383132981463915,,True,True,True,True,True,True,True,False,False,,NOT_CONFIRMED_TODAY,NONE,0.55,
2024-11-27 00:00:00+00:00,BEAR,3,3,NONE,0.55,0.5531823626854067,,True,True,True,True,True,True,True,False,False,,NOT_CONFIRMED_TODAY,NONE,0.55,
2024-11-28 00:00:00+00:00,BEAR,3,3,NONE,0.55,0.5510328146379936,,True,True,True,True,True,True,True,False,False,,NOT_CONFIRMED_TODAY,NONE,0.55,
2024-11-29 00:00:00+00:00,BEAR,3,3,NONE,0.55,0.5543971017826671,,True,True,True,True,True,True,True,False,False,,NOT_CONFIRMED_TODAY,NONE,0.55,
2024-11-30 00:00:00+00:00,BEAR,3,3,NONE,0.55,0.5553317755973325,,True,True,True,True,True,True,True,False,False,,NOT_CONFIRMED_TODAY,NONE,0.55,
2024-12-01 00:00:00+00:00,BEAR,3,3,NONE,0.55,0.5567178894077391,,True,True,True,True,True,True,True,False,False,,NOT_CONFIRMED_TODAY,NONE,0.55,
2024-12-02 00:00:00+00:00,BEAR,3,3,NONE,0.55,0.5529820877870434,,True,True,True,True,True,True,True,False,False,,NOT_CONFIRMED_TODAY,NONE,0.55,
2024-12-03 00:00:00+00:00,BEAR,3,3,NONE,0.55,0.5523159264858143,,True,True,True,True,True,True,True,False,False,,NOT_CONFIRMED_TODAY,NONE,0.55,
2024-12-04 00:00:00+00:00,BEAR,3,3,NONE,0.55,0.5620719865039797,,True,True,True,True,True,True,True,False,False,,NOT_CONFIRMED_TODAY,NONE,0.55,
2024-12-05 00:00:00+00:00,BEAR,3,3,NONE,0.55,0.5582142210649442,,True,True,True,True,True,True,True,False,False,,NOT_CONFIRMED_TODAY,NONE,0.55,
2024-12-06 00:00:00+00:00,BEAR,3,3,NONE,0.55,0.5675916430837548,,True,True,True,True,True,True,True,False,False,,NOT_CONFIRMED_TODAY,NONE,0.55,
2024-12-07 00:00:00+00:00,BEAR,3,3,NONE,0.55,0.5676880271146778,,True,True,True,True,True,True,True,False,False,,NOT_CONFIRMED_TODAY,NONE,0.55,
2024-12-08 00:00:00+00:00,BEAR,3,3,NONE,0.55,0.5698599931014121,,True,True,True,True,True,True,True,False,False,,NOT_CONFIRMED_TODAY,NONE,0.55,
2024-12-09 00:00:00+00:00,BEAR,3,3,NONE,0.55,0.557087300380981,,True,True,True,True,True,True,True,False,False,,NOT_CONFIRMED_TODAY,NONE,0.55,
2024-12-10 00:00:00+00:00,BEAR,3,3,NONE,0.55,0.5539850800516132,,True,True,True,True,True,True,True,False,False,,NOT_CONFIRMED_TODAY,NONE,0.55,
2024-12-11 00:00:00+00:00,BEAR,3,3,NONE,0.55,0.5660555486565879,,True,True,True,True,True,True,True,False,False,,NOT_CONFIRMED_TODAY,NONE,0.55,
2024-12-12 00:00:00+00:00,BEAR,3,3,NONE,0.55,0.5654373927100764,,True,True,True,True,True,True,True,False,False,,NOT_CONFIRMED_TODAY,NONE,0.55,
2024-12-13 00:00:00+00:00,BEAR,3,3,NONE,0.55,0.5682422708674075,,True,True,True,True,True,True,True,False,False,,NOT_CONFIRMED_TODAY,NONE,0.55,
2024-12-14 00:00:00+00:00,BEAR,3,3,NONE,0.55,0.5674289330620433,,True,True,True,True,True,True,True,False,False,,NOT_CONFIRMED_TODAY,NONE,0.55,
2024-12-15 00:00:00+00:00,BEAR,3,3,NONE,0.55,0.57408984799818,,True,True,True,True,True,True,True,False,False,,NOT_CONFIRMED_TODAY,NONE,0.55,
2024-12-16 00:00:00+00:00,BEAR,3,3,NONE,0.55,0.5770882098289261,,True,True,True,True,True,True,True,False,False,,NOT_CONFIRMED_TODAY,NONE,0.55,
2024-12-17 00:00:00+00:00,BEAR,3,3,NONE,0.55,0.5751983477368356,,True,True,True,True,True,True,True,False,False,,NOT_CONFIRMED_TODAY,NONE,0.55,
2024-12-18 00:00:00+00:00,BEAR,3,3,NONE,0.55,0.5599750028917878,,True,True,True,True,True,True,True,False,False,,NOT_CONFIRMED_TODAY,NONE,0.55,
2024-12-19 00:00:00+00:00,BEAR,3,3,NONE,0.55,0.5504690414423632,,True,True,True,True,True,True,True,False,False,,NOT_CONFIRMED_TODAY,NONE,0.55,
2024-12-20 00:00:00+00:00,BEAR,3,3,NONE,0.55,0.5523981127183786,,True,True,True,True,True,True,True,False,False,,NOT_CONFIRMED_TODAY,NONE,0.55,
2024-12-21 00:00:00+00:00,BEAR,3,3,NONE,0.55,0.5483034581385524,,True,True,True,True,True,True,True,False,False,,NOT_CONFIRMED_TODAY,NONE,0.55,
2024-12-22 00:00:00+00:00,BEAR,3,3,NONE,0.55,0.5432753242449545,,True,True,True,True,True,True,True,False,False,,NOT_CONFIRMED_TODAY,NONE,0.55,
2024-12-23 00:00:00+00:00,BEAR,3,3,NONE,0.55,0.5462725267432136,,True,True,True,True,True,True,True,False,False,,NOT_CONFIRMED_TODAY,NONE,0.55,
2024-12-24 00:00:00+00:00,BEAR,3,3,NONE,0.55,0.5543909326708197,,True,True,True,True,True,True,True,False,False,,NOT_CONFIRMED_TODAY,NONE,0.55,
2024-12-25 00:00:00+00:00,BEAR,3,3,NONE,0.55,0.5557628760639138,,True,True,True,True,True,True,True,False,False,,NOT_CONFIRMED_TODAY,NONE,0.55,
2024-12-26 00:00:00+00:00,BEAR,3,3,NONE,0.55,0.5457141583637266,,True,True,True,True,True,True,True,False,False,,NOT_CONFIRMED_TODAY,NONE,0.55,
2024-12-27 00:00:00+00:00,BEAR,3,3,NONE,0.55,0.5431039531766474,,True,True,True,True,True,True,True,False,False,,NOT_CONFIRMED_TODAY,NONE,0.55,
2024-12-28 00:00:00+00:00,BEAR,3,3,NONE,0.55,0.546608542126357,,True,True,True,True,False,True,True,False,False,,NOT_CONFIRMED_TODAY,NONE,0.55,
2024-12-29 00:00:00+00:00,BEAR,3,3,NONE,0.55,0.542733854963436,,True,True,True,True,False,True,True,False,False,,NOT_CONFIRMED_TODAY,NONE,0.55,
2024-12-30 00:00:00+00:00,BEAR,3,3,NONE,0.55,0.5412268112077362,,True,True,True,True,False,True,True,False,False,,NOT_CONFIRMED_TODAY,NONE,0.55,
2024-12-31 00:00:00+00:00,BEAR,3,3,NONE,0.55,0.5420100523290103,,True,True,True,True,False,True,True,False,False,,NOT_CONFIRMED_TODAY,NONE,0.55,
2025-01-01 00:00:00+00:00,BEAR,3,3,NONE,0.55,0.5443642443859468,,True,True,True,True,False,True,True,False,False,,NOT_CONFIRMED_TODAY,NONE,0.55,
2025-01-02 00:00:00+00:00,BEAR,3,3,NONE,0.55,0.5508187764070809,,True,True,True,True,False,True,True,False,False,,NOT_CONFIRMED_TODAY,NONE,0.55,
2025-01-03 00:00:00+00:00,BEAR,3,3,NONE,0.55,0.5564901629619114,,True,True,True,True,True,True,True,False,False,,NOT_CONFIRMED_TODAY,NONE,0.55,
2025-01-04 00:00:00+00:00,BEAR,3,3,NONE,0.55,0.5577108772610502,,True,True,True,True,True,True,True,False,False,,NOT_CONFIRMED_TODAY,NONE,0.55,
2025-01-05 00:00:00+00:00,BEAR,3,3,NONE,0.55,0.5574675640224188,,True,True,True,True,True,True,True,False,False,,NOT_CONFIRMED_TODAY,NONE,0.55,
2025-01-06 00:00:00+00:00,BEAR,3,3,NONE,0.55,0.5649060390868831,,True,True,True,True,True,True,True,False,False,,NOT_CONFIRMED_TODAY,NONE,0.55,
2025-01-07 00:00:00+00:00,BEAR,3,3,NONE,0.55,0.5490292105440234,,True,True,True,True,True,True,True,False,False,,NOT_CONFIRMED_TODAY,NONE,0.55,
2025-01-08 00:00:00+00:00,BEAR,3,3,NONE,0.55,0.5444561005593721,,True,True,True,True,False,True,True,False,False,,NOT_CONFIRMED_TODAY,NONE,0.55,
2025-01-09 00:00:00+00:00,BEAR,3,3,NONE,0.55,0.5373099503033392,,True,True,True,True,False,True,True,False,False,,NOT_CONFIRMED_TODAY,NONE,0.55,
2025-01-10 00:00:00+00:00,BEAR,3,3,NONE,0.55,0.5423929251178597,,True,True,True,True,False,True,True,False,False,,NOT_CONFIRMED_TODAY,NONE,0.55,
2025-01-11 00:00:00+00:00,BEAR,3,3,NONE,0.55,0.5425855663050957,,True,True,True,True,False,True,True,False,False,,NOT_CONFIRMED_TODAY,NONE,0.55,
2025-01-12 00:00:00+00:00,BEAR,3,3,NONE,0.55,0.5421135522081778,,True,True,True,True,False,True,True,False,False,,NOT_CONFIRMED_TODAY,NONE,0.55,
2025-01-13 00:00:00+00:00,BEAR,3,3,NONE,0.55,0.5388152667623283,,True,True,True,True,False,True,True,False,False,,NOT_CONFIRMED_TODAY,NONE,0.55,
2025-01-14 00:00:00+00:00,BEAR,3,3,NONE,0.55,0.5446165842888147,,True,True,True,True,False,True,True,False,False,,NOT_CONFIRMED_TODAY,NONE,0.55,
2025-01-15 00:00:00+00:00,BEAR,3,3,NONE,0.55,0.5567786966736622,,True,True,True,True,False,True,True,False,False,,NOT_CONFIRMED_TODAY,NONE,0.55,
2025-01-16 00:00:00+00:00,BEAR,3,3,NONE,0.55,0.5525223573660138,,True,True,True,True,True,True,True,False,False,,NOT_CONFIRMED_TODAY,NONE,0.55,
2025-01-17 00:00:00+00:00,BEAR,3,3,NONE,0.55,0.5631193394881456,,True,True,True,True,True,True,True,False,False,,NOT_CONFIRMED_TODAY,NONE,0.55,
2025-01-18 00:00:00+00:00,BEAR,3,3,NONE,0.55,0.560062643479344,,True,True,True,True,True,True,True,False,False,,NOT_CONFIRMED_TODAY,NONE,0.55,
2025-01-19 00:00:00+00:00,BEAR,3,3,NONE,0.55,0.5525804309257787,,True,True,True,True,True,True,True,False,False,,NOT_CONFIRMED_TODAY,NONE,0.55,
2025-01-20 00:00:00+00:00,BEAR,3,3,NONE,0.55,0.5557678794350188,,True,True,True,True,True,True,True,False,False,,NOT_CONFIRMED_TODAY,NONE,0.55,
2025-01-21 00:00:00+00:00,BEAR,3,3,NONE,0.55,0.5631167679398602,,True,True,True,True,True,True,True,False,False,,NOT_CONFIRMED_TODAY,NONE,0.55,
2025-01-22 00:00:00+00:00,BEAR,3,3,NONE,0.55,0.5572021524444166,,True,True,True,True,True,True,True,False,False,,NOT_CONFIRMED_TODAY,NONE,0.55,
2025-01-23 00:00:00+00:00,BEAR,3,3,NONE,0.55,0.5598018806392209,,True,True,True,True,True,True,True,False,False,,NOT_CONFIRMED_TODAY,NONE,0.55,
2025-01-24 00:00:00+00:00,BEAR,3,3,NONE,0.55,0.5607106596961872,,True,True,True,True,True,True,True,False,False,,NOT_CONFIRMED_TODAY,NONE,0.55,
2025-01-25 00:00:00+00:00,BEAR,3,3,NONE,0.55,0.5607358924239664,,True,True,True,True,True,True,True,False,False,,NOT_CONFIRMED_TODAY,NONE,0.55,
2025-01-26 00:00:00+00:00,BEAR,3,3,NONE,0.55,0.5552397935723743,,True,True,True,True,True,True,True,False,False,,NOT_CONFIRMED_TODAY,NONE,0.55,
2025-01-27 00:00:00+00:00,BEAR,3,3,NONE,0.55,0.553154535404028,,True,True,True,True,True,True,True,False,False,,NOT_CONFIRMED_TODAY,NONE,0.55,
2025-01-28 00:00:00+00:00,BEAR,3,3,NONE,0.55,0.5493648866190554,,True,True,True,True,True,True,True,False,False,,NOT_CONFIRMED_TODAY,NONE,0.55,
2025-01-29 00:00:00+00:00,BEAR,3,3,NONE,0.55,0.5542962971570797,,True,True,True,True,True,True,True,False,False,,NOT_CONFIRMED_TODAY,NONE,0.55,
2025-01-30 00:00:00+00:00,BEAR,3,3,NONE,0.55,0.5590946448695704,,True,True,True,True,True,True,True,False,False,,NOT_CONFIRMED_TODAY,NONE,0.55,
2025-01-31 00:00:00+00:00,BEAR,3,3,NONE,0.55,0.5566262847372095,,True,True,True,True,True,True,True,False,False,,NOT_CONFIRMED_TODAY,NONE,0.55,
2025-02-01 00:00:00+00:00,BEAR,3,3,NONE,0.55,0.5492161163763289,,True,True,True,True,True,True,True,False,False,,NOT_CONFIRMED_TODAY,NONE,0.55,
2025-02-02 00:00:00+00:00,BEAR,3,3,NONE,0.55,0.5378993537959116,,True,True,True,True,True,True,True,False,False,,NOT_CONFIRMED_TODAY,NONE,0.55,
2025-02-03 00:00:00+00:00,BEAR,3,3,NONE,0.55,0.5445546395840932,,True,True,True,True,False,True,True,False,False,,NOT_CONFIRMED_TODAY,NONE,0.55,
2025-02-04 00:00:00+00:00,BEAR,3,3,NONE,0.55,0.5344503009571614,,True,True,True,True,True,True,True,False,False,,NOT_CONFIRMED_TODAY,NONE,0.55,
2025-02-05 00:00:00+00:00,BEAR,3,3,NONE,0.55,0.5338619689934666,,True,True,True,True,False,True,True,False,False,,NOT_CONFIRMED_TODAY,NONE,0.55,
2025-02-06 00:00:00+00:00,BEAR,3,3,NONE,0.55,0.5311054443462939,,True,True,False,True,False,True,True,False,False,,NOT_CONFIRMED_TODAY,NONE,0.55,
2025-02-07 00:00:00+00:00,BEAR,3,3,NONE,0.55,0.5292972971196084,,True,True,False,True,False,True,True,False,False,,NOT_CONFIRMED_TODAY,NONE,0.55,
2025-02-08 00:00:00+00:00,BEAR,3,3,NONE,0.55,0.5294776730753695,,True,True,False,True,False,True,True,False,False,,NOT_CONFIRMED_TODAY,NONE,0.55,
2025-02-09 00:00:00+00:00,BEAR,3,3,NONE,0.55,0.5293864923243845,,True,True,False,True,False,True,True,False,False,,NOT_CONFIRMED_TODAY,NONE,0.55,
2025-02-10 00:00:00+00:00,BEAR,3,3,NONE,0.55,0.5320920201248805,,True,True,False,True,False,True,True,False,False,,NOT_CONFIRMED_TODAY,NONE,0.55,
2025-02-11 00:00:00+00:00,BEAR,3,3,NONE,0.55,0.5274842902640516,,True,True,False,True,False,True,True,False,False,,NOT_CONFIRMED_TODAY,NONE,0.55,
2025-02-12 00:00:00+00:00,BEAR,3,3,NONE,0.55,0.5349499154275906,,True,True,False,True,False,True,True,False,False,,NOT_CONFIRMED_TODAY,NONE,0.55,
2025-02-13 00:00:00+00:00,BEAR,3,3,NONE,0.55,0.5310333483004266,,True,True,False,True,False,True,True,False,False,,NOT_CONFIRMED_TODAY,NONE,0.55,
2025-02-14 00:00:00+00:00,BEAR,3,3,NONE,0.55,0.5340040868072224,,True,True,False,True,False,True,True,False,False,,NOT_CONFIRMED_TODAY,NONE,0.55,
2025-02-15 00:00:00+00:00,BEAR,3,3,NONE,0.55,0.5332826552917993,,True,True,False,True,False,True,True,False,False,,NOT_CONFIRMED_TODAY,NONE,0.55,
2025-02-16 00:00:00+00:00,BEAR,3,3,NONE,0.55,0.5297920059560689,,True,True,False,True,False,True,True,False,False,,NOT_CONFIRMED_TODAY,NONE,0.55,
2025-02-17 00:00:00+00:00,BEAR,3,3,NONE,0.55,0.5313801539450448,,True,True,True,True,False,True,True,False,False,,NOT_CONFIRMED_TODAY,NONE,0.55,
2025-02-18 00:00:00+00:00,BEAR,3,3,NONE,0.55,0.5292706436964009,,True,True,True,True,False,True,True,False,False,,NOT_CONFIRMED_TODAY,NONE,0.55,
2025-02-19 00:00:00+00:00,BEAR,3,3,NONE,0.55,0.5322485287080193,,True,True,True,True,False,True,True,False,False,,NOT_CONFIRMED_TODAY,NONE,0.55,
2025-02-20 00:00:00+00:00,BEAR,3,3,NONE,0.55,0.5358563977665065,,True,True,True,True,False,True,True,False,False,,NOT_CONFIRMED_TODAY,NONE,0.55,
2025-02-21 00:00:00+00:00,BEAR,3,3,NONE,0.55,0.5300308833601326,,True,True,True,True,False,True,True,False,False,,NOT_CONFIRMED_TODAY,NONE,0.55,
2025-02-22 00:00:00+00:00,BEAR,3,3,NONE,0.55,0.533379576450302,,True,True,True,True,False,True,True,False,False,,NOT_CONFIRMED_TODAY,NONE,0.55,
2025-02-23 00:00:00+00:00,BEAR,3,3,NONE,0.55,0.5343408222809449,,True,True,True,True,False,True,True,False,False,,NOT_CONFIRMED_TODAY,NONE,0.55,
2025-02-24 00:00:00+00:00,BEAR,3,3,NONE,0.55,0.5171789400046087,,True,True,True,True,False,True,True,False,False,,NOT_CONFIRMED_TODAY,NONE,0.55,
2025-02-25 00:00:00+00:00,BEAR,3,3,NONE,0.55,0.5109892472211135,,True,True,True,True,False,True,True,False,False,,NOT_CONFIRMED_TODAY,NONE,0.55,
2025-02-26 00:00:00+00:00,BEAR,3,3,NONE,0.55,0.4971512941670835,,True,True,False,True,False,True,True,False,False,,NOT_CONFIRMED_TODAY,NONE,0.55,
2025-02-27 00:00:00+00:00,BEAR,3,3,NONE,0.55,0.49726513234672626,,True,True,False,True,False,True,True,False,False,,NOT_CONFIRMED_TODAY,NONE,0.55,
2025-02-28 00:00:00+00:00,BEAR,3,3,NONE,0.55,0.494363378624224,,True,True,False,True,False,True,True,False,False,,NOT_CONFIRMED_TODAY,NONE,0.55,
2025-03-01 00:00:00+00:00,BEAR,3,3,NONE,0.55,0.49741243006743735,,True,True,False,True,False,True,True,False,False,,NOT_CONFIRMED_TODAY,NONE,0.55,
2025-03-02 00:00:00+00:00,BEAR,3,3,NONE,0.55,0.522663943205233,,True,True,False,True,False,True,True,False,False,,NOT_CONFIRMED_TODAY,NONE,0.55,
2025-03-03 00:00:00+00:00,BEAR,3,3,NONE,0.55,0.4956810007694304,,True,True,False,True,False,True,True,False,False,,NOT_CONFIRMED_TODAY,NONE,0.55,
2025-03-04 00:00:00+00:00,BEAR,3,3,NONE,0.55,0.49863885055181867,,True,True,False,True,False,True,True,False,False,,NOT_CONFIRMED_TODAY,NONE,0.55,
2025-03-05 00:00:00+00:00,BEAR,3,3,NONE,0.55,0.5076305042494188,,True,True,False,True,False,True,True,False,False,,NOT_CONFIRMED_TODAY,NONE,0.55,
2025-03-06 00:00:00+00:00,BEAR,3,3,NONE,0.55,0.5051081895369983,,True,True,False,True,False,True,True,False,False,,NOT_CONFIRMED_TODAY,NONE,0.55,
2025-03-07 00:00:00+00:00,BEAR,3,3,NONE,0.55,0.4967638671831803,,True,True,False,True,False,True,True,False,False,,NOT_CONFIRMED_TODAY,NONE,0.55,
2025-03-08 00:00:00+00:00,BEAR,3,3,NONE,0.55,0.4974563874848449,,True,True,False,True,False,True,True,False,False,,NOT_CONFIRMED_TODAY,NONE,0.55,
2025-03-09 00:00:00+00:00,BEAR,3,3,NONE,0.55,0.47963713953088716,,True,True,False,True,False,True,True,False,False,,NOT_CONFIRMED_TODAY,NONE,0.55,
2025-03-10 00:00:00+00:00,BEAR,3,3,NONE,0.55,0.469506399075409,,True,True,False,True,False,True,True,False,False,,NOT_CONFIRMED_TODAY,NONE,0.55,
2025-03-11 00:00:00+00:00,BEAR,3,3,NONE,0.55,0.4814728359655446,,True,True,False,True,False,True,True,False,False,,NOT_CONFIRMED_TODAY,NONE,0.55,
2025-03-12 00:00:00+00:00,BEAR,3,3,NONE,0.55,0.482676724640821,,False,True,False,True,False,True,True,False,False,,NOT_CONFIRMED_TODAY,NONE,0.55,
2025-03-13 00:00:00+00:00,BEAR,3,3,NONE,0.55,0.47542765036285134,,False,True,False,True,False,True,True,False,False,,NOT_CONFIRMED_TODAY,NONE,0.55,
2025-03-14 00:00:00+00:00,BEAR,3,3,NONE,0.55,0.4835076102385875,,False,True,False,True,False,True,True,False,False,,NOT_CONFIRMED_TODAY,NONE,0.55,
2025-03-15 00:00:00+00:00,BEAR,3,3,NONE,0.55,0.48514399373486267,,False,True,False,True,False,True,True,False,False,,NOT_CONFIRMED_TODAY,NONE,0.55,
2025-03-16 00:00:00+00:00,BEAR,3,3,NONE,0.55,0.4795686016078485,,False,True,False,True,False,True,True,False,False,,NOT_CONFIRMED_TODAY,NONE,0.55,
2025-03-17 00:00:00+00:00,BEAR,3,3,NONE,0.55,0.4841022341918492,,False,True,False,True,False,True,True,False,False,,NOT_CONFIRMED_TODAY,NONE,0.55,
2025-03-18 00:00:00+00:00,BEAR,3,3,NONE,0.55,0.4813893426082559,,False,True,False,True,False,True,True,False,False,,NOT_CONFIRMED_TODAY,NONE,0.55,
2025-03-19 00:00:00+00:00,BEAR,3,3,NONE,0.55,0.4944585901640951,,False,True,False,True,False,True,True,False,False,,NOT_CONFIRMED_TODAY,NONE,0.55,
2025-03-20 00:00:00+00:00,BEAR,3,3,NONE,0.55,0.4864885667973881,,False,True,False,True,False,True,True,False,False,,NOT_CONFIRMED_TODAY,NONE,0.55,
2025-03-21 00:00:00+00:00,BEAR,3,3,NONE,0.55,0.48563011942930306,,False,True,False,True,False,True,True,False,False,,NOT_CONFIRMED_TODAY,NONE,0.55,
2025-03-22 00:00:00+00:00,BEAR,3,3,NONE,0.55,0.4855809989498261,,False,True,False,True,False,True,True,False,False,,NOT_CONFIRMED_TODAY,NONE,0.55,
2025-03-23 00:00:00+00:00,BEAR,3,3,NONE,0.55,0.4913233854354356,,False,True,False,True,False,True,True,False,False,,NOT_CONFIRMED_TODAY,NONE,0.55,
2025-03-24 00:00:00+00:00,BEAR,3,3,NONE,0.55,0.4967266472006159,,False,True,False,True,False,True,True,False,False,,NOT_CONFIRMED_TODAY,NONE,0.55,
2025-03-25 00:00:00+00:00,BEAR,3,3,NONE,0.55,0.49605652388612687,,False,True,False,True,False,True,True,False,False,,NOT_CONFIRMED_TODAY,NONE,0.55,
2025-03-26 00:00:00+00:00,BEAR,3,3,NONE,0.55,0.493276651788617,,False,True,False,True,False,True,True,False,False,,NOT_CONFIRMED_TODAY,NONE,0.55,
2025-03-27 00:00:00+00:00,BEAR,3,3,NONE,0.55,0.49380624135380696,,False,True,False,True,False,True,True,False,False,,NOT_CONFIRMED_TODAY,NONE,0.55,
2025-03-28 00:00:00+00:00,BEAR,3,3,NONE,0.55,0.4842821671590787,,False,True,False,True,False,True,True,False,False,,NOT_CONFIRMED_TODAY,NONE,0.55,
2025-03-29 00:00:00+00:00,BEAR,3,3,NONE,0.55,0.4780344163455285,,False,True,False,True,False,True,True,False,False,,NOT_CONFIRMED_TODAY,NONE,0.55,
2025-03-30 00:00:00+00:00,BEAR,3,3,NONE,0.55,0.4767845931397709,,False,True,False,True,False,True,True,False,False,,NOT_CONFIRMED_TODAY,NONE,0.55,
2025-03-31 00:00:00+00:00,BEAR,3,3,NONE,0.55,0.4776619155527543,,False,True,False,True,False,True,True,False,False,,NOT_CONFIRMED_TODAY,NONE,0.55,
2025-04-01 00:00:00+00:00,BEAR,3,3,NONE,0.55,0.48625471542706517,,False,True,False,True,False,True,True,False,False,,NOT_CONFIRMED_TODAY,NONE,0.55,
2025-04-02 00:00:00+00:00,BEAR,3,3,NONE,0.55,0.4767148146508562,,False,True,False,True,False,True,True,False,False,,NOT_CONFIRMED_TODAY,NONE,0.55,
2025-04-03 00:00:00+00:00,BEAR,3,3,NONE,0.55,0.4790607381154961,,False,True,False,True,False,True,True,False,False,,NOT_CONFIRMED_TODAY,NONE,0.55,
2025-04-04 00:00:00+00:00,BEAR,3,3,NONE,0.55,0.48060384626112057,,False,True,False,True,False,True,True,False,False,,NOT_CONFIRMED_TODAY,NONE,0.55,
2025-04-05 00:00:00+00:00,BEAR,3,3,NONE,0.55,0.4794676481799866,,False,True,False,True,False,True,True,False,False,,NOT_CONFIRMED_TODAY,NONE,0.55,
2025-04-06 00:00:00+00:00,BEAR,3,3,NONE,0.55,0.4596933306701721,,False,True,False,True,False,True,True,False,False,,NOT_CONFIRMED_TODAY,NONE,0.55,
2025-04-07 00:00:00+00:00,BEAR,3,3,NONE,0.55,0.46051691567831154,,False,True,False,True,False,True,True,False,False,,NOT_CONFIRMED_TODAY,NONE,0.55,
2025-04-08 00:00:00+00:00,BEAR,3,3,NONE,0.55,0.45059073338653693,,False,True,False,False,False,True,True,False,False,,NOT_CONFIRMED_TODAY,NONE,0.55,
2025-04-09 00:00:00+00:00,BEAR,3,3,NONE,0.55,0.47284805553341663,,False,True,False,False,False,True,True,False,False,,NOT_CONFIRMED_TODAY,NONE,0.55,
2025-04-10 00:00:00+00:00,BEAR,3,3,NONE,0.55,0.46056764798844096,,False,True,False,False,False,True,True,False,False,,NOT_CONFIRMED_TODAY,NONE,0.55,
2025-04-11 00:00:00+00:00,BEAR,3,3,NONE,0.55,0.4712711043316836,,False,True,False,False,False,True,True,False,False,,NOT_CONFIRMED_TODAY,NONE,0.55,
2025-04-12 00:00:00+00:00,BEAR,3,3,NONE,0.55,0.47819396654463925,,False,True,False,False,False,True,True,False,False,,NOT_CONFIRMED_TODAY,NONE,0.55,
2025-04-13 00:00:00+00:00,BEAR,3,3,NONE,0.55,0.4731535719149365,,False,True,False,False,True,True,True,False,False,,NOT_CONFIRMED_TODAY,NONE,0.55,
2025-04-14 00:00:00+00:00,BEAR,3,3,NONE,0.55,0.4759796685217734,,False,True,False,False,False,True,True,False,False,,NOT_CONFIRMED_TODAY,NONE,0.55,
2025-04-15 00:00:00+00:00,BEAR,3,3,NONE,0.55,0.47261758052763964,,False,True,False,False,True,True,True,False,False,,NOT_CONFIRMED_TODAY,NONE,0.55,
2025-04-16 00:00:00+00:00,BEAR,3,3,NONE,0.55,0.47314046557920447,,False,True,False,False,False,True,True,False,False,,NOT_CONFIRMED_TODAY,NONE,0.55,
2025-04-17 00:00:00+00:00,BEAR,3,3,NONE,0.55,0.47550593484268067,,False,True,False,False,False,True,True,False,False,,NOT_CONFIRMED_TODAY,NONE,0.55,
2025-04-18 00:00:00+00:00,BEAR,3,3,NONE,0.55,0.4746025101310234,,False,True,False,False,True,True,True,False,False,,NOT_CONFIRMED_TODAY,NONE,0.55,
2025-04-19 00:00:00+00:00,BEAR,3,3,NONE,0.55,0.47684466330086167,,False,True,False,False,True,True,True,False,False,,NOT_CONFIRMED_TODAY,NONE,0.55,
2025-04-20 00:00:00+00:00,BEAR,3,3,NONE,0.55,0.47622615100254273,,False,True,False,False,True,True,True,False,False,,NOT_CONFIRMED_TODAY,NONE,0.55,
2025-04-21 00:00:00+00:00,BEAR,3,3,NONE,0.55,0.48130592783264853,,False,True,False,False,True,True,True,False,False,,NOT_CONFIRMED_TODAY,NONE,0.55,
2025-04-22 00:00:00+00:00,BEAR,3,3,NONE,0.55,0.4998561432784638,,False,True,False,False,True,True,True,False,False,,NOT_CONFIRMED_TODAY,NONE,0.55,
2025-04-23 00:00:00+00:00,BEAR,3,3,NONE,0.55,0.5015848483973236,,False,True,False,False,True,True,True,False,False,,NOT_CONFIRMED_TODAY,NONE,0.55,
2025-04-24 00:00:00+00:00,BEAR,3,3,NONE,0.55,0.5014276273246325,,False,True,False,False,True,True,True,False,False,,NOT_CONFIRMED_TODAY,NONE,0.55,
2025-04-25 00:00:00+00:00,BEAR,3,3,NONE,0.55,0.5032686065134598,,False,True,False,False,True,True,True,False,False,,NOT_CONFIRMED_TODAY,NONE,0.55,
2025-04-26 00:00:00+00:00,BEAR,3,3,NONE,0.55,0.5043666630971307,,False,True,True,False,True,True,True,False,False,,NOT_CONFIRMED_TODAY,NONE,0.55,
2025-04-27 00:00:00+00:00,BEAR,3,3,NONE,0.55,0.5016646656127707,,False,True,True,False,True,True,True,False,False,,NOT_CONFIRMED_TODAY,NONE,0.55,
2025-04-28 00:00:00+00:00,BEAR,3,3,NONE,0.55,0.5045559620789007,,False,True,True,False,True,True,True,False,False,,NOT_CONFIRMED_TODAY,NONE,0.55,
2025-04-29 00:00:00+00:00,BEAR,3,3,NONE,0.55,0.5029545563554403,,False,True,True,True,True,True,True,False,False,,NOT_CONFIRMED_TODAY,NONE,0.55,
2025-04-30 00:00:00+00:00,BEAR,3,3,NONE,0.55,0.5026691727920588,,False,True,True,True,True,True,True,False,False,,NOT_CONFIRMED_TODAY,NONE,0.55,
2025-05-01 00:00:00+00:00,BEAR,3,3,NONE,0.55,0.5087758048250445,,False,True,True,True,True,True,True,False,False,,NOT_CONFIRMED_TODAY,NONE,0.55,
2025-05-02 00:00:00+00:00,BEAR,3,3,NONE,0.55,0.5097171978720391,,True,True,True,True,True,True,True,False,False,,NOT_CONFIRMED_TODAY,NONE,0.55,
2025-05-03 00:00:00+00:00,BEAR,3,3,NONE,0.55,0.507389955833629,,True,True,True,True,True,True,True,False,False,,NOT_CONFIRMED_TODAY,NONE,0.55,
2025-05-04 00:00:00+00:00,BEAR,3,3,NONE,0.55,0.5034256830624738,,True,True,True,True,True,True,True,False,False,,NOT_CONFIRMED_TODAY,NONE,0.55,
2025-05-05 00:00:00+00:00,BEAR,3,3,NONE,0.55,0.504728875804802,,True,True,True,True,True,True,True,False,False,,NOT_CONFIRMED_TODAY,NONE,0.55,
2025-05-06 00:00:00+00:00,BEAR,3,3,NONE,0.55,0.5089321403079824,,True,True,True,True,True,True,True,False,False,,NOT_CONFIRMED_TODAY,NONE,0.55,
2025-05-07 00:00:00+00:00,BEAR,3,3,NONE,0.55,0.5091711773988822,,True,True,True,True,True,True,True,False,False,,NOT_CONFIRMED_TODAY,NONE,0.55,
2025-05-08 00:00:00+00:00,BEAR,3,3,NONE,0.55,0.5324341424107714,,True,True,True,True,True,True,True,False,False,,NOT_CONFIRMED_TODAY,NONE,0.55,
2025-05-09 00:00:00+00:00,BEAR,3,3,NONE,0.55,0.5356256597974611,,True,True,True,True,True,True,True,False,False,,NOT_CONFIRMED_TODAY,NONE,0.55,
2025-05-10 00:00:00+00:00,BEAR,3,3,NONE,0.55,0.545128465878949,,True,True,True,True,True,True,True,False,False,,NOT_CONFIRMED_TODAY,NONE,0.55,
2025-05-11 00:00:00+00:00,BEAR,3,3,NONE,0.55,0.5421653821166865,,True,True,True,True,True,True,True,False,False,,NOT_CONFIRMED_TODAY,NONE,0.55,
2025-05-12 00:00:00+00:00,BEAR,3,3,NONE,0.55,0.5393369626350772,,True,True,True,True,True,True,True,False,False,,NOT_CONFIRMED_TODAY,NONE,0.55,
2025-05-13 00:00:00+00:00,BEAR,3,3,NONE,0.55,0.546424320491631,,True,True,True,True,True,True,True,False,False,,NOT_CONFIRMED_TODAY,NONE,0.55,
2025-05-14 00:00:00+00:00,BEAR,3,3,NONE,0.55,0.5436098274682992,,True,True,True,True,True,True,True,False,False,,NOT_CONFIRMED_TODAY,NONE,0.55,
2025-05-15 00:00:00+00:00,BEAR,3,3,NONE,0.55,0.542491936245867,,True,True,True,True,True,True,True,False,False,,NOT_CONFIRMED_TODAY,NONE,0.55,
2025-05-16 00:00:00+00:00,BEAR,3,3,NONE,0.55,0.5416794742718616,,True,True,True,True,True,True,True,False,False,,NOT_CONFIRMED_TODAY,NONE,0.55,
2025-05-17 00:00:00+00:00,BEAR,3,3,NONE,0.55,0.5394736940709507,,True,True,True,True,True,True,True,False,False,,NOT_CONFIRMED_TODAY,NONE,0.55,
2025-05-18 00:00:00+00:00,BEAR,3,3,NONE,0.55,0.5459098422119892,,True,True,True,True,True,True,True,False,False,,NOT_CONFIRMED_TODAY,NONE,0.55,
2025-05-19 00:00:00+00:00,BEAR,3,3,NONE,0.55,0.5451804203707832,,True,True,True,True,True,True,True,False,False,,NOT_CONFIRMED_TODAY,NONE,0.55,
2025-05-20 00:00:00+00:00,BEAR,3,3,NONE,0.55,0.5472969512057324,,True,True,True,True,True,True,True,False,False,,NOT_CONFIRMED_TODAY,NONE,0.55,
2025-05-21 00:00:00+00:00,BEAR,3,3,NONE,0.55,0.552727014383063,,True,True,True,True,True,True,True,False,False,,NOT_CONFIRMED_TODAY,NONE,0.55,
2025-05-22 00:00:00+00:00,BEAR,3,3,NONE,0.55,0.5589246916045459,,True,True,True,True,True,True,True,False,False,,NOT_CONFIRMED_TODAY,NONE,0.55,
2025-05-23 00:00:00+00:00,BEAR,3,3,NONE,0.55,0.5482025860522286,,True,True,True,True,True,True,True,False,False,,NOT_CONFIRMED_TODAY,NONE,0.55,
2025-05-24 00:00:00+00:00,BEAR,3,3,NONE,0.55,0.5490737821507389,,True,True,True,True,True,True,True,False,False,,NOT_CONFIRMED_TODAY,NONE,0.55,
2025-05-25 00:00:00+00:00,BEAR,3,3,NONE,0.55,0.5517167568064268,,True,True,True,True,True,True,True,False,False,,NOT_CONFIRMED_TODAY,NONE,0.55,
2025-05-26 00:00:00+00:00,BEAR,3,3,NONE,0.55,0.5527663367418056,,True,True,True,True,True,True,True,False,False,,NOT_CONFIRMED_TODAY,NONE,0.55,
2025-05-27 00:00:00+00:00,BEAR,3,3,NONE,0.55,0.5543594966525126,,True,True,True,True,True,True,True,False,False,,NOT_CONFIRMED_TODAY,NONE,0.55,
2025-05-28 00:00:00+00:00,BEAR,3,3,NONE,0.55,0.5529593452575268,,True,True,True,True,True,True,True,False,False,,NOT_CONFIRMED_TODAY,NONE,0.55,
2025-05-29 00:00:00+00:00,BEAR,3,3,NONE,0.55,0.5479997029141921,,True,True,True,True,True,True,True,False,False,,NOT_CONFIRMED_TODAY,NONE,0.55,
2025-05-30 00:00:00+00:00,BEAR,3,3,NONE,0.55,0.54266122887781,,True,True,True,True,True,True,True,False,False,,NOT_CONFIRMED_TODAY,NONE,0.55,
2025-05-31 00:00:00+00:00,BEAR,3,3,NONE,0.55,0.5436521867708687,,True,True,True,True,True,True,True,False,False,,NOT_CONFIRMED_TODAY,NONE,0.55,
2025-06-01 00:00:00+00:00,BEAR,3,3,NONE,0.55,0.5457813285996088,,True,True,True,True,True,True,True,False,False,,NOT_CONFIRMED_TODAY,NONE,0.55,
2025-06-02 00:00:00+00:00,BEAR,3,3,NONE,0.55,0.5479116713356321,,True,True,True,True,True,True,True,False,False,,NOT_CONFIRMED_TODAY,NONE,0.55,
2025-06-03 00:00:00+00:00,BEAR,3,3,NONE,0.55,0.5467420179494056,,True,True,True,True,True,True,True,False,False,,NOT_CONFIRMED_TODAY,NONE,0.55,
2025-06-04 00:00:00+00:00,BEAR,3,3,NONE,0.55,0.5459515957857707,,True,True,True,True,True,True,True,False,False,,NOT_CONFIRMED_TODAY,NONE,0.55,
2025-06-05 00:00:00+00:00,BEAR,3,3,NONE,0.55,0.5352339481995995,,True,True,True,True,True,True,True,False,False,,NOT_CONFIRMED_TODAY,NONE,0.55,
2025-06-06 00:00:00+00:00,BEAR,3,3,NONE,0.55,0.5418582115172091,,True,True,True,True,True,True,True,False,False,,NOT_CONFIRMED_TODAY,NONE,0.55,
2025-06-07 00:00:00+00:00,BEAR,3,3,NONE,0.55,0.5453403802101706,,True,True,True,True,True,True,True,False,False,,NOT_CONFIRMED_TODAY,NONE,0.55,
2025-06-08 00:00:00+00:00,BEAR,3,3,NONE,0.55,0.5452892010197954,,True,True,True,True,True,True,True,False,False,,NOT_CONFIRMED_TODAY,NONE,0.55,
2025-06-09 00:00:00+00:00,BEAR,3,3,NONE,0.55,0.5572244355166892,,True,True,True,True,True,True,True,False,False,,NOT_CONFIRMED_TODAY,NONE,0.55,
2025-06-10 00:00:00+00:00,BEAR,3,3,NONE,0.55,0.5605668299139969,,True,True,True,True,True,True,True,False,False,,NOT_CONFIRMED_TODAY,NONE,0.55,
2025-06-11 00:00:00+00:00,BEAR,3,3,NONE,0.55,0.5568334233100243,,True,True,True,True,True,True,True,False,False,,NOT_CONFIRMED_TODAY,NONE,0.55,
2025-06-12 00:00:00+00:00,BEAR,3,3,NONE,0.55,0.5486432088359334,,True,True,True,True,True,True,True,False,False,,NOT_CONFIRMED_TODAY,NONE,0.55,
2025-06-13 00:00:00+00:00,BEAR,3,3,NONE,0.55,0.5477165159831253,,True,True,True,True,True,True,True,False,False,,NOT_CONFIRMED_TODAY,NONE,0.55,
2025-06-14 00:00:00+00:00,BEAR,3,3,NONE,0.55,0.5453646016575833,,True,True,True,True,True,True,True,False,False,,NOT_CONFIRMED_TODAY,NONE,0.55,
2025-06-15 00:00:00+00:00,BEAR,3,3,NONE,0.55,0.5461246362166489,,True,True,True,True,True,True,True,False,False,,NOT_CONFIRMED_TODAY,NONE,0.55,
2025-06-16 00:00:00+00:00,BEAR,3,3,NONE,0.55,0.5481148660951958,,True,True,True,True,True,True,True,False,False,,NOT_CONFIRMED_TODAY,NONE,0.55,
2025-06-17 00:00:00+00:00,BEAR,3,3,NONE,0.55,0.5433682185982642,,True,True,True,True,True,True,True,False,False,,NOT_CONFIRMED_TODAY,NONE,0.55,
2025-06-18 00:00:00+00:00,BEAR,3,3,NONE,0.55,0.5443604277050813,,True,True,True,True,True,True,True,False,False,,NOT_CONFIRMED_TODAY,NONE,0.55,
2025-06-19 00:00:00+00:00,BEAR,3,3,NONE,0.55,0.5438777616399978,,True,True,True,True,True,True,True,False,False,,NOT_CONFIRMED_TODAY,NONE,0.55,
2025-06-20 00:00:00+00:00,BEAR,3,3,NONE,0.55,0.5384742987190184,,True,True,True,True,True,True,True,False,False,,NOT_CONFIRMED_TODAY,NONE,0.55,
2025-06-21 00:00:00+00:00,BEAR,3,3,NONE,0.55,0.5333793604503132,,True,True,True,True,False,True,True,False,False,,NOT_CONFIRMED_TODAY,NONE,0.55,
2025-06-22 00:00:00+00:00,BEAR,3,3,NONE,0.55,0.5293988248486722,,True,True,True,True,False,True,True,False,False,,NOT_CONFIRMED_TODAY,NONE,0.55,
2025-06-23 00:00:00+00:00,BEAR,3,3,NONE,0.55,0.5422650913166019,,True,True,True,True,False,True,True,False,False,,NOT_CONFIRMED_TODAY,NONE,0.55,
2025-06-24 00:00:00+00:00,BEAR,3,3,NONE,0.55,0.5445498326754981,,True,True,True,True,True,True,True,False,False,,NOT_CONFIRMED_TODAY,NONE,0.55,
2025-06-25 00:00:00+00:00,BEAR,3,3,NONE,0.55,0.5459686182845621,,True,True,True,True,True,True,True,False,False,,NOT_CONFIRMED_TODAY,NONE,0.55,
2025-06-26 00:00:00+00:00,BEAR,3,3,NONE,0.55,0.5452374073404057,,True,True,True,True,True,True,True,False,False,,NOT_CONFIRMED_TODAY,NONE,0.55,
2025-06-27 00:00:00+00:00,BEAR,3,3,NONE,0.55,0.5456134743060845,,True,True,True,True,True,True,True,False,False,,NOT_CONFIRMED_TODAY,NONE,0.55,
2025-06-28 00:00:00+00:00,BEAR,3,3,NONE,0.55,0.5463809702731774,,True,True,True,True,True,True,True,False,False,,NOT_CONFIRMED_TODAY,NONE,0.55,
2025-06-29 00:00:00+00:00,BEAR,3,3,NONE,0.55,0.5498609790998675,,True,True,True,True,True,True,True,False,False,,NOT_CONFIRMED_TODAY,NONE,0.55,
2025-06-30 00:00:00+00:00,BEAR,3,3,NONE,0.55,0.5474363080529316,,True,True,True,True,True,True,True,False,False,,NOT_CONFIRMED_TODAY,NONE,0.55,
2025-07-01 00:00:00+00:00,BEAR,3,3,NONE,0.55,0.54282278172518,,True,True,True,True,True,True,True,False,False,,NOT_CONFIRMED_TODAY,NONE,0.55,
2025-07-02 00:00:00+00:00,BEAR,3,3,NONE,0.55,0.5525157076213859,,True,True,True,True,False,True,True,False,False,,NOT_CONFIRMED_TODAY,NONE,0.55,
2025-07-03 00:00:00+00:00,BEAR,3,3,NONE,0.55,0.5542811306201587,,True,True,True,True,True,True,True,False,False,,NOT_CONFIRMED_TODAY,NONE,0.55,
2025-07-04 00:00:00+00:00,BEAR,3,3,NONE,0.55,0.5495056994947539,,True,True,True,True,True,True,True,False,False,,NOT_CONFIRMED_TODAY,NONE,0.55,
2025-07-05 00:00:00+00:00,BEAR,3,3,NONE,0.55,0.5500970925165621,,True,True,True,True,True,True,True,False,False,,NOT_CONFIRMED_TODAY,NONE,0.55,
2025-07-06 00:00:00+00:00,BEAR,3,3,NONE,0.55,0.5531682391636372,,True,True,True,True,True,True,True,False,False,,NOT_CONFIRMED_TODAY,NONE,0.55,
2025-07-07 00:00:00+00:00,BEAR,3,3,NONE,0.55,0.550893603719477,,True,True,True,True,True,True,True,False,False,,NOT_CONFIRMED_TODAY,NONE,0.55,
2025-07-08 00:00:00+00:00,BEAR,3,3,NONE,0.55,0.5538537541893803,,True,True,True,True,True,True,True,False,False,,NOT_CONFIRMED_TODAY,NONE,0.55,
2025-07-09 00:00:00+00:00,BEAR,3,3,NONE,0.55,0.561432385423437,,True,True,True,True,True,True,True,False,False,,NOT_CONFIRMED_TODAY,NONE,0.55,
2025-07-10 00:00:00+00:00,BEAR,3,3,NONE,0.55,0.5732326959707863,,True,True,True,True,True,True,True,False,False,,NOT_CONFIRMED_TODAY,NONE,0.55,
2025-07-11 00:00:00+00:00,BEAR,3,3,NONE,0.55,0.5757068994797251,,True,True,True,True,True,True,True,False,False,,NOT_CONFIRMED_TODAY,NONE,0.55,
2025-07-12 00:00:00+00:00,BEAR,3,3,NONE,0.55,0.5752191899155176,,True,True,True,True,True,True,True,False,False,,NOT_CONFIRMED_TODAY,NONE,0.55,
2025-07-13 00:00:00+00:00,BEAR,3,3,NONE,0.55,0.5783814824868506,,True,True,True,True,True,True,True,False,False,,NOT_CONFIRMED_TODAY,NONE,0.55,
2025-07-14 00:00:00+00:00,BEAR,3,3,NONE,0.55,0.580438611918643,,True,True,True,True,True,True,True,False,False,,NOT_CONFIRMED_TODAY,NONE,0.55,
2025-07-15 00:00:00+00:00,BEAR,3,3,NONE,0.55,0.5801314753710214,,True,True,True,True,True,True,True,False,False,,NOT_CONFIRMED_TODAY,NONE,0.55,
2025-07-16 00:00:00+00:00,BEAR,3,3,NONE,0.55,0.5865147163217149,,True,True,True,True,True,True,True,False,False,,NOT_CONFIRMED_TODAY,NONE,0.55,
2025-07-17 00:00:00+00:00,BEAR,3,3,NONE,0.55,0.5895679146787077,,True,True,True,True,True,True,True,False,False,,NOT_CONFIRMED_TODAY,NONE,0.55,
2025-07-18 00:00:00+00:00,BEAR,3,3,NONE,0.55,0.589279123708305,,True,True,True,True,True,True,True,False,False,,NOT_CONFIRMED_TODAY,NONE,0.55,
2025-07-19 00:00:00+00:00,BEAR,3,3,NONE,0.55,0.5901357523312498,,True,True,True,True,True,True,True,False,False,,NOT_CONFIRMED_TODAY,NONE,0.55,
2025-07-20 00:00:00+00:00,BEAR,3,3,NONE,0.55,0.5927994795204845,,True,True,True,True,True,True,True,False,False,,NOT_CONFIRMED_TODAY,NONE,0.55,
2025-07-21 00:00:00+00:00,BEAR,3,3,NONE,0.55,0.59309772000289,,True,True,True,True,True,True,True,False,False,,NOT_CONFIRMED_TODAY,NONE,0.55,
2025-07-22 00:00:00+00:00,BEAR,3,3,NONE,0.55,0.596316438056016,,True,True,True,True,True,True,True,False,False,,NOT_CONFIRMED_TODAY,NONE,0.55,
2025-07-23 00:00:00+00:00,BEAR,3,3,NONE,0.55,0.5922393975490562,,True,True,True,True,True,True,True,False,False,,NOT_CONFIRMED_TODAY,NONE,0.55,
2025-07-24 00:00:00+00:00,BEAR,3,3,NONE,0.55,0.5933126609505064,,True,True,True,True,True,True,True,False,False,,NOT_CONFIRMED_TODAY,NONE,0.55,
2025-07-25 00:00:00+00:00,BEAR,3,3,NONE,0.55,0.5926868549494998,,True,True,True,True,True,True,True,False,False,,NOT_CONFIRMED_TODAY,NONE,0.55,
2025-07-26 00:00:00+00:00,BEAR,3,3,NONE,0.55,0.5934557264400793,,True,True,True,True,True,True,True,False,False,,NOT_CONFIRMED_TODAY,NONE,0.55,
2025-07-27 00:00:00+00:00,BEAR,3,3,NONE,0.55,0.5982191040524468,,True,True,True,True,True,True,True,False,False,,NOT_CONFIRMED_TODAY,NONE,0.55,
2025-07-28 00:00:00+00:00,BEAR,3,3,NONE,0.55,0.594882125421293,,True,True,True,True,True,True,True,False,False,,NOT_CONFIRMED_TODAY,NONE,0.55,
2025-07-29 00:00:00+00:00,BEAR,3,3,NONE,0.55,0.5946317696583134,,True,True,True,True,True,True,True,False,False,,NOT_CONFIRMED_TODAY,NONE,0.55,
2025-07-30 00:00:00+00:00,BEAR,3,3,NONE,0.55,0.5948227907908902,,True,True,True,True,True,True,True,False,False,,NOT_CONFIRMED_TODAY,NONE,0.55,
2025-07-31 00:00:00+00:00,BEAR,3,3,NONE,0.55,0.5896111289984292,,True,True,True,True,True,True,True,False,False,,NOT_CONFIRMED_TODAY,NONE,0.55,
2025-08-01 00:00:00+00:00,BEAR,3,3,NONE,0.55,0.5815332623287482,,True,True,True,True,True,True,True,False,False,,NOT_CONFIRMED_TODAY,NONE,0.55,
2025-08-02 00:00:00+00:00,BEAR,3,3,NONE,0.55,0.5783203952256569,,True,True,True,True,True,True,True,False,False,,NOT_CONFIRMED_TODAY,NONE,0.55,
2025-08-03 00:00:00+00:00,BEAR,3,3,NONE,0.55,0.5830703391916154,,True,True,True,True,True,True,True,False,False,,NOT_CONFIRMED_TODAY,NONE,0.55,
2025-08-04 00:00:00+00:00,BEAR,3,3,NONE,0.55,0.5891344668140793,,True,True,True,True,True,True,True,False,False,,NOT_CONFIRMED_TODAY,NONE,0.55,
2025-08-05 00:00:00+00:00,BEAR,3,3,NONE,0.55,0.5854950907540882,,True,True,True,True,True,True,True,False,False,,NOT_CONFIRMED_TODAY,NONE,0.55,
2025-08-06 00:00:00+00:00,BEAR,3,3,NONE,0.55,0.5882717437217664,,True,True,True,True,True,True,True,False,False,,NOT_CONFIRMED_TODAY,NONE,0.55,
2025-08-07 00:00:00+00:00,BEAR,3,3,NONE,0.55,0.5964881696819336,,True,True,True,True,True,True,True,False,False,,NOT_CONFIRMED_TODAY,NONE,0.55,
2025-08-08 00:00:00+00:00,BEAR,3,3,NONE,0.55,0.5974441902758701,,True,True,True,True,True,True,True,False,False,,NOT_CONFIRMED_TODAY,NONE,0.55,
2025-08-09 00:00:00+00:00,BEAR,3,3,NONE,0.55,0.6022375957665301,,True,True,True,True,True,True,True,False,False,,NOT_CONFIRMED_TODAY,NONE,0.55,
2025-08-10 00:00:00+00:00,BEAR,3,3,NONE,0.55,0.6057764890794053,,True,True,True,True,True,True,True,False,False,,NOT_CONFIRMED_TODAY,NONE,0.55,
2025-08-11 00:00:00+00:00,BEAR,3,3,NONE,0.55,0.6044549420694905,,True,True,True,True,True,True,True,False,False,,NOT_CONFIRMED_TODAY,NONE,0.55,
2025-08-12 00:00:00+00:00,BEAR,3,3,NONE,0.55,0.6134023129458372,,True,True,True,True,True,True,True,False,False,,NOT_CONFIRMED_TODAY,NONE,0.55,
2025-08-13 00:00:00+00:00,BEAR,3,3,NONE,0.55,0.6202594076652325,,True,True,True,True,True,True,True,False,False,,NOT_CONFIRMED_TODAY,NONE,0.55,
2025-08-14 00:00:00+00:00,BEAR,3,3,NONE,0.55,0.6102697547733019,,True,True,True,True,True,True,True,False,False,,NOT_CONFIRMED_TODAY,NONE,0.55,
2025-08-15 00:00:00+00:00,BEAR,3,3,NONE,0.55,0.606983452874262,,True,True,True,True,True,True,True,False,False,,NOT_CONFIRMED_TODAY,NONE,0.55,
2025-08-16 00:00:00+00:00,BEAR,3,3,NONE,0.55,0.606704598829496,,True,True,True,True,True,True,True,False,False,,NOT_CONFIRMED_TODAY,NONE,0.55,
2025-08-17 00:00:00+00:00,BEAR,3,3,NONE,0.55,0.6077262664260349,,True,True,True,True,True,True,True,False,False,,NOT_CONFIRMED_TODAY,NONE,0.55,
2025-08-18 00:00:00+00:00,BEAR,3,3,NONE,0.55,0.6030717322849848,,True,True,True,True,True,True,True,False,False,,NOT_CONFIRMED_TODAY,NONE,0.55,
2025-08-19 00:00:00+00:00,BEAR,3,3,NONE,0.55,0.5937178641440277,,True,True,True,True,True,True,True,False,False,,NOT_CONFIRMED_TODAY,NONE,0.55,
2025-08-20 00:00:00+00:00,BEAR,3,3,NONE,0.55,0.600956943809028,,True,True,True,True,False,True,True,False,False,,NOT_CONFIRMED_TODAY,NONE,0.55,
2025-08-21 00:00:00+00:00,BEAR,3,3,NONE,0.55,0.5963226154850274,,True,True,True,True,False,True,True,False,False,,NOT_CONFIRMED_TODAY,NONE,0.55,
2025-08-22 00:00:00+00:00,BEAR,3,3,NONE,0.55,0.6140510592263094,,True,True,True,True,False,True,True,False,False,,NOT_CONFIRMED_TODAY,NONE,0.55,
2025-08-23 00:00:00+00:00,BEAR,3,3,NONE,0.55,0.6111592974338121,,True,True,True,True,True,True,True,False,False,,NOT_CONFIRMED_TODAY,NONE,0.55,
2025-08-24 00:00:00+00:00,BEAR,3,3,NONE,0.55,0.6087191976332307,,True,True,True,True,False,True,True,False,False,,NOT_CONFIRMED_TODAY,NONE,0.55,
2025-08-25 00:00:00+00:00,BEAR,3,3,NONE,0.55,0.5961996677897484,,True,True,True,True,False,True,True,False,False,,NOT_CONFIRMED_TODAY,NONE,0.55,
2025-08-26 00:00:00+00:00,BEAR,3,3,NONE,0.55,0.6029701884917708,,True,True,True,True,False,True,True,False,False,,NOT_CONFIRMED_TODAY,NONE,0.55,
2025-08-27 00:00:00+00:00,BEAR,3,3,NONE,0.55,0.6004364784247391,,True,True,True,True,False,True,True,False,False,,NOT_CONFIRMED_TODAY,NONE,0.55,
2025-08-28 00:00:00+00:00,BEAR,3,3,NONE,0.55,0.6022807760633805,,True,True,True,True,False,True,True,False,False,,NOT_CONFIRMED_TODAY,NONE,0.55,
2025-08-29 00:00:00+00:00,BEAR,3,3,NONE,0.55,0.5935248995022084,,True,True,True,True,False,True,True,False,False,,NOT_CONFIRMED_TODAY,NONE,0.55,
2025-08-30 00:00:00+00:00,BEAR,3,3,NONE,0.55,0.5944261598203097,,True,True,True,True,False,True,True,False,False,,NOT_CONFIRMED_TODAY,NONE,0.55,
2025-08-31 00:00:00+00:00,BEAR,3,3,NONE,0.55,0.594025819903013,,True,True,True,True,False,True,True,False,False,,NOT_CONFIRMED_TODAY,NONE,0.55,
2025-09-01 00:00:00+00:00,BEAR,3,3,NONE,0.55,0.5938049362450002,,True,True,True,True,False,True,True,False,False,,NOT_CONFIRMED_TODAY,NONE,0.55,
2025-09-02 00:00:00+00:00,BEAR,3,3,NONE,0.55,0.5968215546685554,,True,True,False,True,False,True,True,False,False,,NOT_CONFIRMED_TODAY,NONE,0.55,
2025-09-03 00:00:00+00:00,BEAR,3,3,NONE,0.55,0.5999842028857907,,True,True,False,True,False,True,True,False,False,,NOT_CONFIRMED_TODAY,NONE,0.55,
2025-09-04 00:00:00+00:00,BEAR,3,3,NONE,0.55,0.5955530833890743,,True,True,False,True,False,True,True,False,False,,NOT_CONFIRMED_TODAY,NONE,0.55,
2025-09-05 00:00:00+00:00,BEAR,3,3,NONE,0.55,0.5956718097721382,,True,True,False,True,False,True,True,False,False,,NOT_CONFIRMED_TODAY,NONE,0.55,
2025-09-06 00:00:00+00:00,BEAR,3,3,NONE,0.55,0.5943238402761992,,True,True,False,True,False,True,True,False,False,,NOT_CONFIRMED_TODAY,NONE,0.55,
2025-09-07 00:00:00+00:00,BEAR,3,3,NONE,0.55,0.5963254221213944,,True,True,False,True,False,True,True,False,False,,NOT_CONFIRMED_TODAY,NONE,0.55,
2025-09-08 00:00:00+00:00,BEAR,3,3,NONE,0.55,0.5976087550246078,,True,True,False,True,False,True,True,False,False,,NOT_CONFIRMED_TODAY,NONE,0.55,
2025-09-09 00:00:00+00:00,BEAR,3,3,NONE,0.55,0.5969892842069863,,True,True,False,True,False,True,True,False,False,,NOT_CONFIRMED_TODAY,NONE,0.55,
2025-09-10 00:00:00+00:00,BEAR,3,3,NONE,0.55,0.6010600720657822,,True,True,False,True,False,True,True,False,False,,NOT_CONFIRMED_TODAY,NONE,0.55,
2025-09-11 00:00:00+00:00,BEAR,3,3,NONE,0.55,0.6052618542799234,,True,True,False,True,False,True,True,False,False,,NOT_CONFIRMED_TODAY,NONE,0.55,
2025-09-12 00:00:00+00:00,BEAR,3,3,NONE,0.55,0.6108833381483423,,True,True,False,True,True,True,True,False,False,,NOT_CONFIRMED_TODAY,NONE,0.55,
2025-09-13 00:00:00+00:00,BEAR,3,3,NONE,0.55,0.6098799004282267,,True,True,False,True,True,True,True,False,False,,NOT_CONFIRMED_TODAY,NONE,0.55,
2025-09-14 00:00:00+00:00,BEAR,3,3,NONE,0.55,0.6078583359440697,,True,True,False,True,True,True,True,False,False,,NOT_CONFIRMED_TODAY,NONE,0.55,
2025-09-15 00:00:00+00:00,BEAR,3,3,NONE,0.55,0.6064054453395774,,True,True,False,True,True,True,True,False,False,,NOT_CONFIRMED_TODAY,NONE,0.55,
2025-09-16 00:00:00+00:00,BEAR,3,3,NONE,0.55,0.6078497377486445,,True,True,False,True,True,True,True,False,False,,NOT_CONFIRMED_TODAY,NONE,0.55,
2025-09-17 00:00:00+00:00,BEAR,3,3,NONE,0.55,0.6091445143658647,,True,True,False,True,True,True,True,False,False,,NOT_CONFIRMED_TODAY,NONE,0.55,
2025-09-18 00:00:00+00:00,BEAR,3,3,NONE,0.55,0.6099039144354397,,True,True,False,True,True,True,True,False,False,,NOT_CONFIRMED_TODAY,NONE,0.55,
2025-09-19 00:00:00+00:00,BEAR,3,3,NONE,0.55,0.6057421551654459,,True,True,False,True,True,True,True,False,False,,NOT_CONFIRMED_TODAY,NONE,0.55,
2025-09-20 00:00:00+00:00,BEAR,3,3,NONE,0.55,0.6060548980603638,,True,True,False,True,True,True,True,False,False,,NOT_CONFIRMED_TODAY,NONE,0.55,
2025-09-21 00:00:00+00:00,BEAR,3,3,NONE,0.55,0.6047768014241142,,True,True,False,True,True,True,True,False,False,,NOT_CONFIRMED_TODAY,NONE,0.55,
2025-09-22 00:00:00+00:00,BEAR,3,3,NONE,0.55,0.5963793089001787,,True,True,False,True,True,True,True,False,False,,NOT_CONFIRMED_TODAY,NONE,0.55,
2025-09-23 00:00:00+00:00,BEAR,3,3,NONE,0.55,0.5947757233780292,,True,True,False,True,False,True,True,False,False,,NOT_CONFIRMED_TODAY,NONE,0.55,
2025-09-24 00:00:00+00:00,BEAR,3,3,NONE,0.55,0.5963537036366918,,True,True,False,True,False,True,True,False,False,,NOT_CONFIRMED_TODAY,NONE,0.55,
2025-09-25 00:00:00+00:00,BEAR,3,3,NONE,0.55,0.5843874527020478,,True,True,False,True,False,True,True,False,False,,NOT_CONFIRMED_TODAY,NONE,0.55,
2025-09-26 00:00:00+00:00,BEAR,3,3,NONE,0.55,0.5887349573743185,,True,True,False,True,False,True,True,False,False,,NOT_CONFIRMED_TODAY,NONE,0.55,
2025-09-27 00:00:00+00:00,BEAR,3,3,NONE,0.55,0.5884411471938165,,True,True,False,True,False,True,True,False,False,,NOT_CONFIRMED_TODAY,NONE,0.55,
2025-09-28 00:00:00+00:00,BEAR,3,3,NONE,0.55,0.5946088636740344,,True,True,False,True,False,True,True,False,False,,NOT_CONFIRMED_TODAY,NONE,0.55,
2025-09-29 00:00:00+00:00,BEAR,3,3,NONE,0.55,0.5990553772652396,,True,True,False,True,False,True,True,False,False,,NOT_CONFIRMED_TODAY,NONE,0.55,
2025-09-30 00:00:00+00:00,BEAR,3,3,NONE,0.55,0.597287058423983,,True,True,False,True,True,True,True,False,False,,NOT_CONFIRMED_TODAY,NONE,0.55,
2025-10-01 00:00:00+00:00,BEAR,3,3,NONE,0.55,0.6073964947541056,,True,True,False,True,True,True,True,False,False,,NOT_CONFIRMED_TODAY,NONE,0.55,
2025-10-02 00:00:00+00:00,BEAR,3,3,NONE,0.55,0.6125007151489522,,True,True,False,True,True,True,True,False,False,,NOT_CONFIRMED_TODAY,NONE,0.55,
2025-10-03 00:00:00+00:00,BEAR,3,3,NONE,0.55,0.6151870884311812,,True,True,False,True,True,True,True,False,False,,NOT_CONFIRMED_TODAY,NONE,0.55,
2025-10-04 00:00:00+00:00,BEAR,3,3,NONE,0.55,0.6149164525964456,,True,True,False,True,True,True,True,False,False,,NOT_CONFIRMED_TODAY,NONE,0.55,
2025-10-05 00:00:00+00:00,BEAR,3,3,NONE,0.55,0.6167898460903803,,True,True,False,True,True,True,True,False,False,,NOT_CONFIRMED_TODAY,NONE,0.55,
2025-10-06 00:00:00+00:00,BEAR,3,3,NONE,0.55,0.6213419238655115,,True,True,False,True,True,True,True,False,False,,NOT_CONFIRMED_TODAY,NONE,0.55,
2025-10-07 00:00:00+00:00,BEAR,3,3,NONE,0.55,0.6128789697222429,,True,True,False,True,True,True,True,False,False,,NOT_CONFIRMED_TODAY,NONE,0.55,
2025-10-08 00:00:00+00:00,BEAR,3,3,NONE,0.55,0.6168155498322817,,True,True,True,True,True,True,True,False,False,,NOT_CONFIRMED_TODAY,NONE,0.55,
2025-10-09 00:00:00+00:00,BEAR,3,3,NONE,0.55,0.6118111611103463,,True,True,True,True,True,True,True,False,False,,NOT_CONFIRMED_TODAY,NONE,0.55,
2025-10-10 00:00:00+00:00,BEAR,3,3,NONE,0.55,0.5890470083734325,,True,True,True,True,True,True,True,False,False,,NOT_CONFIRMED_TODAY,NONE,0.55,
2025-10-11 00:00:00+00:00,BEAR,3,3,NONE,0.55,0.5842053713445822,,True,True,True,True,False,True,True,False,False,,NOT_CONFIRMED_TODAY,NONE,0.55,
2025-10-12 00:00:00+00:00,BEAR,3,3,NONE,0.55,0.5988100381304754,,True,True,True,True,False,True,True,False,False,,NOT_CONFIRMED_TODAY,NONE,0.55,
2025-10-13 00:00:00+00:00,BEAR,3,3,NONE,0.55,0.600888684309865,,True,True,True,True,True,True,True,False,False,,NOT_CONFIRMED_TODAY,NONE,0.55,
2025-10-14 00:00:00+00:00,BEAR,3,3,NONE,0.55,0.5956356340371514,,True,True,True,True,True,True,True,False,False,,NOT_CONFIRMED_TODAY,NONE,0.55,
2025-10-15 00:00:00+00:00,BEAR,3,3,NONE,0.55,0.5895623153326387,,True,True,True,True,False,True,True,False,False,,NOT_CONFIRMED_TODAY,NONE,0.55,
2025-10-16 00:00:00+00:00,BEAR,3,3,NONE,0.55,0.5839141267362573,,True,True,True,True,False,True,True,False,False,,NOT_CONFIRMED_TODAY,NONE,0.55,
2025-10-17 00:00:00+00:00,BEAR,3,3,NONE,0.55,0.5799422937907234,,True,True,True,True,False,True,True,False,False,,NOT_CONFIRMED_TODAY,NONE,0.55,
2025-10-18 00:00:00+00:00,BEAR,3,3,NONE,0.55,0.5823445544374071,,True,True,True,True,False,True,True,False,False,,NOT_CONFIRMED_TODAY,NONE,0.55,
2025-10-19 00:00:00+00:00,BEAR,3,3,NONE,0.55,0.5865132296470005,,True,True,False,True,False,True,True,False,False,,NOT_CONFIRMED_TODAY,NONE,0.55,
2025-10-20 00:00:00+00:00,BEAR,3,3,NONE,0.55,0.5891617697025785,,True,True,False,True,False,True,True,False,False,,NOT_CONFIRMED_TODAY,NONE,0.55,
2025-10-21 00:00:00+00:00,BEAR,3,3,NONE,0.55,0.5836610396490747,,True,True,False,True,False,True,True,False,False,,NOT_CONFIRMED_TODAY,NONE,0.55,
2025-10-22 00:00:00+00:00,BEAR,3,3,NONE,0.55,0.5811155213249865,,True,True,False,True,False,True,True,False,False,,NOT_CONFIRMED_TODAY,NONE,0.55,
2025-10-23 00:00:00+00:00,BEAR,3,3,NONE,0.55,0.5859242124790838,,False,True,False,True,False,True,True,False,False,,NOT_CONFIRMED_TODAY,NONE,0.55,
2025-10-24 00:00:00+00:00,BEAR,3,3,NONE,0.55,0.5889429093999482,,False,True,False,True,False,True,True,False,False,,NOT_CONFIRMED_TODAY,NONE,0.55,
2025-10-25 00:00:00+00:00,BEAR,3,3,NONE,0.55,0.5902692444003896,,False,True,False,True,False,True,True,False,False,,NOT_CONFIRMED_TODAY,NONE,0.55,
2025-10-26 00:00:00+00:00,BEAR,3,3,NONE,0.55,0.5985676660523747,,False,True,False,True,False,True,True,False,False,,NOT_CONFIRMED_TODAY,NONE,0.55,
2025-10-27 00:00:00+00:00,BEAR,3,3,NONE,0.55,0.5971823616085888,,False,True,False,True,True,True,True,False,False,,NOT_CONFIRMED_TODAY,NONE,0.55,
2025-10-28 00:00:00+00:00,BEAR,3,3,NONE,0.55,0.5926044522904749,,False,True,True,True,False,True,True,False,False,,NOT_CONFIRMED_TODAY,NONE,0.55,
2025-10-29 00:00:00+00:00,BEAR,3,3,NONE,0.55,0.5869126174441036,,False,True,True,True,False,True,True,False,False,,NOT_CONFIRMED_TODAY,NONE,0.55,
2025-10-30 00:00:00+00:00,BEAR,3,3,NONE,0.55,0.582322579301285,,True,True,True,True,False,True,True,False,False,,NOT_CONFIRMED_TODAY,NONE,0.55,
2025-10-31 00:00:00+00:00,BEAR,3,3,NONE,0.55,0.5851525439653722,,True,True,False,True,False,True,True,False,False,,NOT_CONFIRMED_TODAY,NONE,0.55,
2025-11-01 00:00:00+00:00,BEAR,3,3,NONE,0.55,0.5864327645573725,,True,True,False,True,False,True,True,False,False,,NOT_CONFIRMED_TODAY,NONE,0.55,
2025-11-02 00:00:00+00:00,BEAR,3,3,NONE,0.55,0.5877875986492734,,True,True,False,True,False,True,True,False,False,,NOT_CONFIRMED_TODAY,NONE,0.55,
2025-11-03 00:00:00+00:00,BEAR,3,3,NONE,0.55,0.5752688830459226,,True,True,False,True,False,True,True,False,False,,NOT_CONFIRMED_TODAY,NONE,0.55,
2025-11-04 00:00:00+00:00,BEAR,3,3,NONE,0.55,0.5597864672900699,,True,True,False,True,False,True,True,False,False,,NOT_CONFIRMED_TODAY,NONE,0.55,
2025-11-05 00:00:00+00:00,BEAR,3,3,NONE,0.55,0.5669570899668267,,False,True,False,True,False,True,True,False,False,,NOT_CONFIRMED_TODAY,NONE,0.55,
2025-11-06 00:00:00+00:00,BEAR,3,3,NONE,0.55,0.5602647168107082,,False,True,False,True,False,True,True,False,False,,NOT_CONFIRMED_TODAY,NONE,0.55,
2025-11-07 00:00:00+00:00,BEAR,3,3,NONE,0.55,0.5663932850436199,,False,True,False,True,False,True,True,False,False,,NOT_CONFIRMED_TODAY,NONE,0.55,
2025-11-08 00:00:00+00:00,BEAR,3,3,NONE,0.55,0.5639449425152592,,False,True,False,True,False,True,True,False,False,,NOT_CONFIRMED_TODAY,NONE,0.55,
2025-11-09 00:00:00+00:00,BEAR,3,3,NONE,0.55,0.5720388299463004,,False,True,False,True,False,True,True,False,False,,NOT_CONFIRMED_TODAY,NONE,0.55,
2025-11-10 00:00:00+00:00,BEAR,3,3,NONE,0.55,0.573679798865349,,False,True,False,True,False,True,True,False,False,,NOT_CONFIRMED_TODAY,NONE,0.55,
2025-11-11 00:00:00+00:00,BEAR,3,3,NONE,0.55,0.5655690704539634,,False,True,False,True,False,True,True,False,False,,NOT_CONFIRMED_TODAY,NONE,0.55,
2025-11-12 00:00:00+00:00,BEAR,3,3,NONE,0.55,0.56326256516427,,False,True,False,True,False,True,True,False,False,,NOT_CONFIRMED_TODAY,NONE,0.55,
2025-11-13 00:00:00+00:00,BEAR,3,3,NONE,0.55,0.5555692012990407,,False,True,False,True,False,True,True,False,False,,NOT_CONFIRMED_TODAY,NONE,0.55,
2025-11-14 00:00:00+00:00,BEAR,3,3,NONE,0.55,0.5437860042791758,,False,True,False,True,False,True,True,False,False,,NOT_CONFIRMED_TODAY,NONE,0.55,
2025-11-15 00:00:00+00:00,BEAR,3,3,NONE,0.55,0.5469975702619676,,False,True,False,True,False,True,True,False,False,,NOT_CONFIRMED_TODAY,NONE,0.55,
2025-11-16 00:00:00+00:00,BEAR,3,3,NONE,0.55,0.5427805590949556,,False,True,False,True,False,True,True,False,False,,NOT_CONFIRMED_TODAY,NONE,0.55,
2025-11-17 00:00:00+00:00,BEAR,3,3,NONE,0.55,0.5374498351391629,,False,True,False,False,False,True,True,False,False,,NOT_CONFIRMED_TODAY,NONE,0.55,
2025-11-18 00:00:00+00:00,BEAR,3,3,NONE,0.55,0.5412680420551118,,False,True,False,False,False,True,True,False,False,,NOT_CONFIRMED_TODAY,NONE,0.55,
2025-11-19 00:00:00+00:00,BEAR,3,3,NONE,0.55,0.5361204285076502,,False,True,False,False,False,True,True,False,False,,NOT_CONFIRMED_TODAY,NONE,0.55,
2025-11-20 00:00:00+00:00,BEAR,3,3,NONE,0.55,0.5215519244075721,,False,True,False,False,False,True,True,False,False,,NOT_CONFIRMED_TODAY,NONE,0.55,
2025-11-21 00:00:00+00:00,DEEP_BEAR,4,3,NONE,0.25,0.24639796070957984,STAGE4_SELL:EXECUTED,False,True,False,False,False,True,True,False,False,STAGE4_SELL:EXECUTED,NOT_CONFIRMED_TODAY,STAGE_RISK_SELL,0.25,84
2025-11-22 00:00:00+00:00,BEAR,3,3,NONE,0.55,0.24589928162394076,DEEP_BEAR_TO_BEAR_NO_AUTO_BUY,False,True,False,False,False,True,True,False,False,DEEP_BEAR_TO_BEAR_NO_AUTO_BUY,NOT_CONFIRMED_TODAY,NONE,0.55,
2025-11-23 00:00:00+00:00,DEEP_BEAR,4,3,NONE,0.25,0.24978939056577637,STAGE4_SELL:EXPOSURE_GAP_BELOW_5PP,False,True,False,False,False,True,True,False,False,STAGE4_SELL:EXPOSURE_GAP_BELOW_5PP,NOT_CONFIRMED_TODAY,NONE,0.25,
2025-11-24 00:00:00+00:00,BEAR,3,3,NONE,0.55,0.25486766651205406,DEEP_BEAR_TO_BEAR_NO_AUTO_BUY,False,True,False,False,False,True,True,False,False,DEEP_BEAR_TO_BEAR_NO_AUTO_BUY,NOT_CONFIRMED_TODAY,NONE,0.55,
2025-11-25 00:00:00+00:00,BEAR,3,3,NONE,0.55,0.2535608850910455,,False,True,False,False,False,True,True,False,False,,NOT_CONFIRMED_TODAY,NONE,0.55,
2025-11-26 00:00:00+00:00,BEAR,3,3,NONE,0.55,0.2595920096958764,,False,True,False,False,False,True,True,False,False,,NOT_CONFIRMED_TODAY,NONE,0.55,
2025-11-27 00:00:00+00:00,BEAR,3,3,NONE,0.55,0.260713421974143,,False,False,False,False,False,True,True,False,False,,NOT_CONFIRMED_TODAY,NONE,0.55,
2025-11-28 00:00:00+00:00,BEAR,3,3,NONE,0.55,0.2603464432361168,,False,False,False,False,False,True,True,False,False,,NOT_CONFIRMED_TODAY,NONE,0.55,
2025-11-29 00:00:00+00:00,DEEP_BEAR,4,3,NONE,0.25,0.25949012219177187,STAGE4_SELL:EXPOSURE_GAP_BELOW_5PP,False,False,False,False,False,True,True,False,False,STAGE4_SELL:EXPOSURE_GAP_BELOW_5PP,NOT_CONFIRMED_TODAY,NONE,0.25,
2025-11-30 00:00:00+00:00,DEEP_BEAR,4,3,NONE,0.25,0.2588762705611339,,False,False,False,False,False,True,True,False,False,,NOT_CONFIRMED_TODAY,NONE,0.25,
2025-12-01 00:00:00+00:00,DEEP_BEAR,4,3,NONE,0.25,0.24909945970213548,,False,False,False,False,False,True,True,False,False,,NOT_CONFIRMED_TODAY,NONE,0.25,
2025-12-02 00:00:00+00:00,DEEP_BEAR,4,3,NONE,0.25,0.2604286269056902,,False,False,False,False,False,True,True,False,False,,NOT_CONFIRMED_TODAY,NONE,0.25,
2025-12-03 00:00:00+00:00,DEEP_BEAR,4,3,NONE,0.25,0.2670986182001867,,False,False,False,False,False,True,True,False,False,,NOT_CONFIRMED_TODAY,NONE,0.25,
2025-12-04 00:00:00+00:00,DEEP_BEAR,4,3,NONE,0.25,0.26412291296771695,,False,False,False,False,False,True,True,False,False,,NOT_CONFIRMED_TODAY,NONE,0.25,
2025-12-05 00:00:00+00:00,DEEP_BEAR,4,3,NONE,0.25,0.2579804030176403,,False,False,False,False,False,True,True,False,False,,NOT_CONFIRMED_TODAY,NONE,0.25,
2025-12-06 00:00:00+00:00,DEEP_BEAR,4,3,NONE,0.25,0.25815460374091226,,False,False,False,False,False,True,True,False,False,,NOT_CONFIRMED_TODAY,NONE,0.25,
2025-12-07 00:00:00+00:00,DEEP_BEAR,4,3,NONE,0.25,0.2603447900582884,,False,False,False,False,False,True,True,False,False,,NOT_CONFIRMED_TODAY,NONE,0.25,
2025-12-08 00:00:00+00:00,DEEP_BEAR,4,3,NONE,0.25,0.2618768313817261,,False,False,False,False,False,True,True,False,False,,NOT_CONFIRMED_TODAY,NONE,0.25,
2025-12-09 00:00:00+00:00,DEEP_BEAR,4,3,NONE,0.25,0.2683912730486809,,False,False,False,False,False,True,True,False,False,,NOT_CONFIRMED_TODAY,NONE,0.25,
2025-12-10 00:00:00+00:00,DEEP_BEAR,4,3,NONE,0.25,0.2675294379647694,,False,False,False,False,False,True,True,False,False,,NOT_CONFIRMED_TODAY,NONE,0.25,
2025-12-11 00:00:00+00:00,DEEP_BEAR,4,3,NONE,0.25,0.26678827353999623,,False,False,False,False,False,True,True,False,False,,NOT_CONFIRMED_TODAY,NONE,0.25,
2025-12-12 00:00:00+00:00,DEEP_BEAR,4,3,NONE,0.25,0.26072411313545657,,False,False,False,False,False,True,True,False,False,,NOT_CONFIRMED_TODAY,NONE,0.25,
2025-12-13 00:00:00+00:00,DEEP_BEAR,4,3,NONE,0.25,0.2612355665189784,,False,False,False,False,False,True,True,False,False,,NOT_CONFIRMED_TODAY,NONE,0.25,
2025-12-14 00:00:00+00:00,DEEP_BEAR,4,3,NONE,0.25,0.2571756463035025,,False,False,False,False,False,True,True,False,False,,NOT_CONFIRMED_TODAY,NONE,0.25,
2025-12-15 00:00:00+00:00,DEEP_BEAR,4,3,NONE,0.25,0.25271961744133653,,False,False,False,False,False,True,True,False,False,,NOT_CONFIRMED_TODAY,NONE,0.25,
2025-12-16 00:00:00+00:00,DEEP_BEAR,4,3,NONE,0.25,0.25492968557886786,,False,False,False,False,False,True,True,False,False,,NOT_CONFIRMED_TODAY,NONE,0.25,
2025-12-17 00:00:00+00:00,DEEP_BEAR,4,3,NONE,0.25,0.2500832376733598,,False,False,False,False,False,True,True,False,False,,NOT_CONFIRMED_TODAY,NONE,0.25,
2025-12-18 00:00:00+00:00,DEEP_BEAR,4,3,NONE,0.25,0.2488575485101412,,False,False,False,False,False,True,True,False,False,,NOT_CONFIRMED_TODAY,NONE,0.25,
2025-12-19 00:00:00+00:00,DEEP_BEAR,4,3,NONE,0.25,0.2557282039650636,,False,False,False,False,False,True,True,False,False,,NOT_CONFIRMED_TODAY,NONE,0.25,
2025-12-20 00:00:00+00:00,DEEP_BEAR,4,3,NONE,0.25,0.25607349241491134,,False,False,False,False,False,True,True,False,False,,NOT_CONFIRMED_TODAY,NONE,0.25,
2025-12-21 00:00:00+00:00,DEEP_BEAR,4,3,NONE,0.25,0.2569939322614538,,False,False,False,False,False,True,True,False,False,,NOT_CONFIRMED_TODAY,NONE,0.25,
2025-12-22 00:00:00+00:00,DEEP_BEAR,4,3,NONE,0.25,0.25709524777587606,,False,False,False,False,False,True,True,False,False,,NOT_CONFIRMED_TODAY,NONE,0.25,
2025-12-23 00:00:00+00:00,DEEP_BEAR,4,3,NONE,0.25,0.2545605101349078,,False,False,False,False,False,True,True,False,False,,NOT_CONFIRMED_TODAY,NONE,0.25,
2025-12-24 00:00:00+00:00,DEEP_BEAR,4,3,NONE,0.25,0.2545555938436146,,False,False,False,False,False,True,True,False,False,,NOT_CONFIRMED_TODAY,NONE,0.25,
2025-12-25 00:00:00+00:00,DEEP_BEAR,4,3,NONE,0.25,0.25310124422329155,,False,False,False,False,False,True,True,False,False,,NOT_CONFIRMED_TODAY,NONE,0.25,
2025-12-26 00:00:00+00:00,DEEP_BEAR,4,3,NONE,0.25,0.2537886540677209,,False,False,False,False,False,True,True,False,False,,NOT_CONFIRMED_TODAY,NONE,0.25,
2025-12-27 00:00:00+00:00,DEEP_BEAR,4,3,NONE,0.25,0.25498672708988157,,False,False,False,False,False,True,True,False,False,,NOT_CONFIRMED_TODAY,NONE,0.25,
2025-12-28 00:00:00+00:00,DEEP_BEAR,4,3,NONE,0.25,0.2551645198129634,,False,False,False,False,False,True,True,False,False,,NOT_CONFIRMED_TODAY,NONE,0.25,
2025-12-29 00:00:00+00:00,DEEP_BEAR,4,3,NONE,0.25,0.2538405480705521,,False,False,False,False,False,True,True,False,False,,NOT_CONFIRMED_TODAY,NONE,0.25,
2025-12-30 00:00:00+00:00,DEEP_BEAR,4,3,NONE,0.25,0.2564553863925542,,False,False,False,False,False,True,True,False,False,,NOT_CONFIRMED_TODAY,NONE,0.25,
2025-12-31 00:00:00+00:00,DEEP_BEAR,4,3,NONE,0.25,0.25514370683261556,,False,False,False,False,False,True,True,False,False,,NOT_CONFIRMED_TODAY,NONE,0.25,
2026-01-01 00:00:00+00:00,DEEP_BEAR,4,3,NONE,0.25,0.2576031921389785,,False,False,False,False,False,True,True,False,False,,NOT_CONFIRMED_TODAY,NONE,0.25,
2026-01-02 00:00:00+00:00,DEEP_BEAR,4,3,NONE,0.25,0.26156948164838717,,False,False,False,False,False,True,True,False,False,,NOT_CONFIRMED_TODAY,NONE,0.25,
2026-01-03 00:00:00+00:00,DEEP_BEAR,4,3,NONE,0.25,0.2625923387928235,,False,False,False,False,True,True,True,False,False,,NOT_CONFIRMED_TODAY,NONE,0.25,
2026-01-04 00:00:00+00:00,DEEP_BEAR,4,3,NONE,0.25,0.26430197613325834,,False,False,False,False,True,True,True,False,False,,NOT_CONFIRMED_TODAY,NONE,0.25,
2026-01-05 00:00:00+00:00,DEEP_BEAR,4,3,NONE,0.25,0.2692487328784964,,False,False,False,False,True,True,True,False,False,,NOT_CONFIRMED_TODAY,NONE,0.25,
2026-01-06 00:00:00+00:00,DEEP_BEAR,4,3,NONE,0.25,0.2703523499095051,,False,False,False,False,True,True,True,False,False,,NOT_CONFIRMED_TODAY,NONE,0.25,
2026-01-07 00:00:00+00:00,BEAR,3,3,NONE,0.55,0.26454894510535576,DEEP_BEAR_TO_BEAR_NO_AUTO_BUY,False,False,False,False,True,True,True,False,False,DEEP_BEAR_TO_BEAR_NO_AUTO_BUY,NOT_CONFIRMED_TODAY,NONE,0.55,
2026-01-08 00:00:00+00:00,BEAR,3,3,NONE,0.55,0.26307888198364654,,False,False,False,False,True,True,True,False,False,,NOT_CONFIRMED_TODAY,NONE,0.55,
2026-01-09 00:00:00+00:00,BEAR,3,3,NONE,0.55,0.26208116113011043,,False,False,False,False,True,True,True,False,False,,NOT_CONFIRMED_TODAY,NONE,0.55,
2026-01-10 00:00:00+00:00,BEAR,3,3,NONE,0.55,0.26186822992715414,,False,False,False,False,True,True,True,False,False,,NOT_CONFIRMED_TODAY,NONE,0.55,
2026-01-11 00:00:00+00:00,BEAR,3,3,NONE,0.55,0.2633215717465875,,False,False,False,False,True,True,True,False,False,,NOT_CONFIRMED_TODAY,NONE,0.55,
2026-01-12 00:00:00+00:00,BEAR,3,3,NONE,0.55,0.26328993287173624,,False,False,False,False,True,True,True,False,False,,NOT_CONFIRMED_TODAY,NONE,0.55,
2026-01-13 00:00:00+00:00,BEAR,3,3,NONE,0.55,0.2735174863993149,,False,False,True,True,True,True,True,False,False,,NOT_CONFIRMED_TODAY,NONE,0.55,
2026-01-14 00:00:00+00:00,BEAR,3,3,NONE,0.55,0.27631439403806085,,False,False,True,True,True,True,True,False,False,,NOT_CONFIRMED_TODAY,NONE,0.55,
2026-01-15 00:00:00+00:00,BEAR,3,3,NONE,0.55,0.2737284346699784,,False,False,True,True,True,True,True,False,False,,NOT_CONFIRMED_TODAY,NONE,0.55,
2026-01-16 00:00:00+00:00,BEAR,3,3,NONE,0.55,0.2732890549724166,,False,False,True,True,True,True,True,False,False,,NOT_CONFIRMED_TODAY,NONE,0.55,
2026-01-17 00:00:00+00:00,BEAR,3,3,NONE,0.55,0.27296001188213675,,False,False,True,True,True,True,True,False,False,,NOT_CONFIRMED_TODAY,NONE,0.55,
2026-01-18 00:00:00+00:00,BEAR,3,3,NONE,0.55,0.27032544293288974,,False,False,True,True,True,True,True,False,False,,NOT_CONFIRMED_TODAY,NONE,0.55,
2026-01-19 00:00:00+00:00,BEAR,3,3,NONE,0.55,0.26713922985789423,,False,False,True,True,True,True,True,False,False,,NOT_CONFIRMED_TODAY,NONE,0.55,
2026-01-20 00:00:00+00:00,BEAR,3,3,NONE,0.55,0.25628936061342394,,False,False,True,True,True,True,True,False,False,,NOT_CONFIRMED_TODAY,NONE,0.55,
2026-01-21 00:00:00+00:00,BEAR,3,3,NONE,0.55,0.25867041094297105,,False,False,True,True,False,True,True,False,False,,NOT_CONFIRMED_TODAY,NONE,0.55,
2026-01-22 00:00:00+00:00,BEAR,3,3,NONE,0.55,0.25833030520339906,,False,False,True,True,False,True,True,False,False,,NOT_CONFIRMED_TODAY,NONE,0.55,
2026-01-23 00:00:00+00:00,DEEP_BEAR,4,3,NONE,0.25,0.2584859789152364,STAGE4_SELL:EXPOSURE_GAP_BELOW_5PP,False,False,True,True,False,True,True,False,False,STAGE4_SELL:EXPOSURE_GAP_BELOW_5PP,NOT_CONFIRMED_TODAY,NONE,0.25,
2026-01-24 00:00:00+00:00,DEEP_BEAR,4,3,NONE,0.25,0.25787366652707716,,False,False,True,True,False,True,True,False,False,,NOT_CONFIRMED_TODAY,NONE,0.25,
2026-01-25 00:00:00+00:00,DEEP_BEAR,4,3,NONE,0.25,0.2514369420170396,,False,False,True,True,False,True,True,False,False,,NOT_CONFIRMED_TODAY,NONE,0.25,
2026-01-26 00:00:00+00:00,DEEP_BEAR,4,3,NONE,0.25,0.2561487823498661,,False,False,True,True,False,True,True,False,False,,NOT_CONFIRMED_TODAY,NONE,0.25,
2026-01-27 00:00:00+00:00,DEEP_BEAR,4,3,NONE,0.25,0.25930506897792993,,False,False,False,True,False,True,True,False,False,,NOT_CONFIRMED_TODAY,NONE,0.25,
2026-01-28 00:00:00+00:00,DEEP_BEAR,4,3,NONE,0.25,0.2591232810099139,,False,False,False,True,False,True,True,False,False,,NOT_CONFIRMED_TODAY,NONE,0.25,
2026-01-29 00:00:00+00:00,DEEP_BEAR,4,3,NONE,0.25,0.24844003587104668,,False,False,False,True,False,True,True,False,False,,NOT_CONFIRMED_TODAY,NONE,0.25,
2026-01-30 00:00:00+00:00,DEEP_BEAR,4,3,NONE,0.25,0.24573651393827867,,False,False,False,True,False,True,True,False,False,,NOT_CONFIRMED_TODAY,NONE,0.25,
2026-01-31 00:00:00+00:00,DEEP_BEAR,4,3,NONE,0.25,0.2319074997180944,,False,False,False,True,False,True,True,False,False,,NOT_CONFIRMED_TODAY,NONE,0.25,
2026-02-01 00:00:00+00:00,DEEP_BEAR,4,3,NONE,0.25,0.22545097455544685,,False,False,False,True,False,True,True,False,False,,NOT_CONFIRMED_TODAY,NONE,0.25,
2026-02-02 00:00:00+00:00,DEEP_BEAR,4,3,NONE,0.25,0.22994654864892605,,False,False,False,True,False,True,True,False,False,,NOT_CONFIRMED_TODAY,NONE,0.25,
2026-02-03 00:00:00+00:00,DEEP_BEAR,4,3,NONE,0.25,0.22276262979798273,,False,False,False,False,False,True,True,False,False,,NOT_CONFIRMED_TODAY,NONE,0.25,
2026-02-04 00:00:00+00:00,DEEP_BEAR,4,3,NONE,0.25,0.21661481117069264,,False,False,False,False,False,True,True,False,False,,NOT_CONFIRMED_TODAY,NONE,0.25,
2026-02-05 00:00:00+00:00,DEEP_BEAR,4,3,NONE,0.25,0.19168970151055392,,False,False,False,False,False,True,True,False,False,,NOT_CONFIRMED_TODAY,NONE,0.25,
2026-02-06 00:00:00+00:00,ACCUMULATION,4,3,LEVEL1_ACTIVE_OR_RAW,0.35,0.37710911483052506,AHR999_TO35:EXECUTED|CRASH_L1:NOTIONAL_BELOW_GUARD,False,False,False,False,False,False,True,True,False,AHR999_TO35:EXECUTED|CRASH_L1:NOTIONAL_BELOW_GUARD,NOT_CONFIRMED_TODAY,AHR_VALUE_BUY,0.35,85
2026-02-07 00:00:00+00:00,ACCUMULATION,4,3,LEVEL1_ACTIVE_OR_RAW,0.35,0.3749797704000163,,False,False,False,False,False,False,True,False,False,,NOT_CONFIRMED_TODAY,NONE,0.35,
2026-02-08 00:00:00+00:00,ACCUMULATION,4,3,LEVEL1_ACTIVE_OR_RAW,0.35,0.37749405677997533,,False,False,False,False,False,False,True,False,False,,NOT_CONFIRMED_TODAY,NONE,0.35,
2026-02-09 00:00:00+00:00,ACCUMULATION,4,3,LEVEL1_ACTIVE_OR_RAW,0.35,0.3776207309901126,,False,False,False,False,False,False,True,False,False,,NOT_CONFIRMED_TODAY,NONE,0.35,
2026-02-10 00:00:00+00:00,ACCUMULATION,4,3,LEVEL1_ACTIVE_OR_RAW,0.35,0.37171477981658296,,False,False,False,False,False,False,True,False,False,,NOT_CONFIRMED_TODAY,NONE,0.35,
2026-02-11 00:00:00+00:00,ACCUMULATION,4,3,LEVEL1_ACTIVE_OR_RAW,0.35,0.3646369132233558,,False,False,False,False,False,False,True,False,False,,NOT_CONFIRMED_TODAY,NONE,0.35,
2026-02-12 00:00:00+00:00,ACCUMULATION,4,3,LEVEL1_ACTIVE_OR_RAW,0.35,0.3629531600166923,,False,False,False,False,False,False,True,False,False,,NOT_CONFIRMED_TODAY,NONE,0.35,
2026-02-13 00:00:00+00:00,DEEP_BEAR,4,3,LEVEL1_ACTIVE_OR_RAW,0.25,0.2579340827793909,STAGE4_SELL:EXECUTED,False,False,False,False,False,False,True,False,False,STAGE4_SELL:EXECUTED,NOT_CONFIRMED_TODAY,BEARISH_REBREAK_SELL,0.25,86
2026-02-14 00:00:00+00:00,ACCUMULATION,4,3,LEVEL1_ACTIVE_OR_RAW,0.35,0.35349537407393455,AHR999_TO35:EXECUTED,False,False,False,False,False,False,True,False,False,AHR999_TO35:EXECUTED,NOT_CONFIRMED_TODAY,AHR_VALUE_BUY,0.35,87
2026-02-15 00:00:00+00:00,ACCUMULATION,4,3,LEVEL1_ACTIVE_OR_RAW,0.35,0.3471779663473582,,False,False,False,False,False,False,True,False,False,,NOT_CONFIRMED_TODAY,NONE,0.35,
2026-02-16 00:00:00+00:00,ACCUMULATION,4,3,NONE,0.35,0.3484246601771307,,False,False,False,False,False,False,True,False,False,,NOT_CONFIRMED_TODAY,NONE,0.35,
2026-02-17 00:00:00+00:00,ACCUMULATION,4,3,NONE,0.35,0.34501580092892853,,False,False,False,False,False,False,True,False,False,,NOT_CONFIRMED_TODAY,NONE,0.35,
2026-02-18 00:00:00+00:00,ACCUMULATION,4,3,NONE,0.35,0.3413514327977229,,False,False,False,False,False,False,True,False,False,,NOT_CONFIRMED_TODAY,NONE,0.35,
2026-02-19 00:00:00+00:00,ACCUMULATION,4,3,NONE,0.35,0.3424228714921123,,False,False,False,False,False,False,True,False,False,,NOT_CONFIRMED_TODAY,NONE,0.35,
2026-02-20 00:00:00+00:00,ACCUMULATION,4,3,NONE,0.35,0.34550226365274583,,False,False,False,False,False,False,True,False,False,,NOT_CONFIRMED_TODAY,NONE,0.35,
2026-02-21 00:00:00+00:00,DEEP_BEAR,4,3,NONE,0.25,0.25005122260008183,STAGE4_SELL:EXECUTED,False,False,False,False,False,False,True,False,False,STAGE4_SELL:EXECUTED,NOT_CONFIRMED_TODAY,BEARISH_REBREAK_SELL,0.25,88
2026-02-22 00:00:00+00:00,ACCUMULATION,4,3,NONE,0.35,0.3487006544720317,AHR999_TO35:EXECUTED,False,False,False,False,False,False,True,False,False,AHR999_TO35:EXECUTED,NOT_CONFIRMED_TODAY,AHR_VALUE_BUY,0.35,89
2026-02-23 00:00:00+00:00,ACCUMULATION,4,3,NONE,0.35,0.3380047905853448,,False,False,False,False,False,False,True,False,False,,NOT_CONFIRMED_TODAY,NONE,0.35,
2026-02-24 00:00:00+00:00,ACCUMULATION,4,3,NONE,0.35,0.3364152312956106,,False,False,False,False,False,False,True,False,False,,NOT_CONFIRMED_TODAY,NONE,0.35,
2026-02-25 00:00:00+00:00,ACCUMULATION,4,3,NONE,0.35,0.35306197370399756,,False,False,False,False,False,False,True,False,False,,NOT_CONFIRMED_TODAY,NONE,0.35,
2026-02-26 00:00:00+00:00,ACCUMULATION,4,3,NONE,0.35,0.35088000857723134,,False,False,False,False,False,True,True,False,False,,NOT_CONFIRMED_TODAY,NONE,0.35,
2026-02-27 00:00:00+00:00,ACCUMULATION,4,3,NONE,0.35,0.343672874589999,,False,False,False,False,False,True,True,False,False,,NOT_CONFIRMED_TODAY,NONE,0.35,
2026-02-28 00:00:00+00:00,ACCUMULATION,4,3,NONE,0.35,0.34750982618443216,,False,False,False,False,False,True,True,False,False,,NOT_CONFIRMED_TODAY,NONE,0.35,
2026-03-01 00:00:00+00:00,DEEP_BEAR,4,3,NONE,0.25,0.24694927075425546,STAGE4_SELL:EXECUTED,False,False,False,False,False,True,True,False,False,STAGE4_SELL:EXECUTED,NOT_CONFIRMED_TODAY,BEARISH_REBREAK_SELL,0.25,90
2026-03-02 00:00:00+00:00,ACCUMULATION,4,3,NONE,0.35,0.3603299974099139,AHR999_TO35:EXECUTED,False,False,False,False,False,True,True,False,False,AHR999_TO35:EXECUTED,NOT_CONFIRMED_TODAY,AHR_VALUE_BUY,0.35,91
2026-03-03 00:00:00+00:00,ACCUMULATION,4,3,NONE,0.35,0.3576575568745783,,False,False,False,False,False,True,True,False,False,,NOT_CONFIRMED_TODAY,NONE,0.35,
2026-03-04 00:00:00+00:00,ACCUMULATION,4,3,NONE,0.35,0.3725400040567265,,False,False,False,False,False,True,True,False,False,,NOT_CONFIRMED_TODAY,NONE,0.35,
2026-03-05 00:00:00+00:00,ACCUMULATION,4,3,NONE,0.35,0.36672441686643925,,False,False,False,False,False,True,True,False,False,,NOT_CONFIRMED_TODAY,NONE,0.35,
2026-03-06 00:00:00+00:00,ACCUMULATION,4,3,NONE,0.5,0.4894999758262009,RIGHT_TO_50:EXECUTED,False,False,False,False,False,True,True,False,False,RIGHT_TO_50:EXECUTED,NOT_CONFIRMED_TODAY,RIGHT_SIDE_BUY,0.5,92
2026-03-07 00:00:00+00:00,ACCUMULATION,4,3,NONE,0.5,0.4870145518031798,,False,False,False,False,False,True,True,False,False,,NOT_CONFIRMED_TODAY,NONE,0.5,
2026-03-08 00:00:00+00:00,ACCUMULATION,4,3,NONE,0.5,0.4824086790303539,,False,False,False,False,False,True,True,False,False,,NOT_CONFIRMED_TODAY,NONE,0.5,
2026-03-09 00:00:00+00:00,ACCUMULATION,4,3,NONE,0.5,0.4909258793740437,,False,False,False,False,False,True,True,False,False,,NOT_CONFIRMED_TODAY,NONE,0.5,
2026-03-10 00:00:00+00:00,ACCUMULATION,4,3,NONE,0.5,0.4963925668010091,,False,False,False,False,False,True,True,False,False,,NOT_CONFIRMED_TODAY,NONE,0.5,
2026-03-11 00:00:00+00:00,ACCUMULATION,4,3,NONE,0.5,0.4976197994363183,,False,False,False,False,False,True,True,False,False,,NOT_CONFIRMED_TODAY,NONE,0.5,
2026-03-12 00:00:00+00:00,ACCUMULATION,4,3,NONE,0.5,0.49931889712192945,,False,False,False,False,False,True,True,False,False,,NOT_CONFIRMED_TODAY,NONE,0.5,
2026-03-13 00:00:00+00:00,DEEP_BEAR,4,3,NONE,0.25,0.25125124808353494,STAGE4_SELL:EXECUTED,False,False,False,False,False,True,True,False,False,STAGE4_SELL:EXECUTED,NOT_CONFIRMED_TODAY,BEARISH_REBREAK_SELL,0.25,93
2026-03-14 00:00:00+00:00,DEEP_BEAR,4,3,NONE,0.25,0.2518962721258344,,False,False,False,False,False,True,True,False,False,,NOT_CONFIRMED_TODAY,NONE,0.25,
2026-03-15 00:00:00+00:00,DEEP_BEAR,4,3,NONE,0.25,0.25700661762337396,,False,False,False,False,False,True,True,False,False,,NOT_CONFIRMED_TODAY,NONE,0.25,
2026-03-16 00:00:00+00:00,DEEP_BEAR,4,3,NONE,0.25,0.2651177626629305,,False,False,False,False,True,True,True,False,False,,NOT_CONFIRMED_TODAY,NONE,0.25,
2026-03-17 00:00:00+00:00,DEEP_BEAR,4,3,NONE,0.25,0.2624893706598301,,False,False,False,False,True,True,True,False,False,,NOT_CONFIRMED_TODAY,NONE,0.25,
2026-03-18 00:00:00+00:00,DEEP_BEAR,4,3,NONE,0.25,0.25472093221346453,,False,False,False,False,True,True,True,False,False,,NOT_CONFIRMED_TODAY,NONE,0.25,
2026-03-19 00:00:00+00:00,DEEP_BEAR,4,3,NONE,0.25,0.25061710391887865,,False,False,False,False,True,True,True,False,False,,NOT_CONFIRMED_TODAY,NONE,0.25,
2026-03-20 00:00:00+00:00,DEEP_BEAR,4,3,NONE,0.25,0.2519645779721524,,False,False,False,False,False,True,True,False,False,,NOT_CONFIRMED_TODAY,NONE,0.25,
2026-03-21 00:00:00+00:00,DEEP_BEAR,4,3,NONE,0.25,0.24738182140787024,,False,False,False,False,True,True,True,False,False,,NOT_CONFIRMED_TODAY,NONE,0.25,
2026-03-22 00:00:00+00:00,ACCUMULATION,4,3,NONE,0.35,0.34654210770698574,AHR999_TO35:EXECUTED,False,False,False,False,False,True,True,False,False,AHR999_TO35:EXECUTED,NOT_CONFIRMED_TODAY,AHR_VALUE_BUY,0.35,94
2026-03-23 00:00:00+00:00,ACCUMULATION,4,3,NONE,0.35,0.3567850801622553,,False,False,False,False,False,True,True,False,False,,NOT_CONFIRMED_TODAY,NONE,0.35,
2026-03-24 00:00:00+00:00,ACCUMULATION,4,3,NONE,0.35,0.356158924556434,,False,False,False,False,True,True,True,False,False,,NOT_CONFIRMED_TODAY,NONE,0.35,
2026-03-25 00:00:00+00:00,ACCUMULATION,4,3,NONE,0.35,0.35835498401094434,,False,False,False,True,True,True,True,False,False,,NOT_CONFIRMED_TODAY,NONE,0.35,
2026-03-26 00:00:00+00:00,ACCUMULATION,4,3,NONE,0.35,0.34907800858530225,,False,False,False,True,True,True,True,False,False,,NOT_CONFIRMED_TODAY,NONE,0.35,
2026-03-27 00:00:00+00:00,ACCUMULATION,4,3,NONE,0.35,0.3412048624640156,,False,False,False,True,False,True,True,False,False,,NOT_CONFIRMED_TODAY,NONE,0.35,
2026-03-28 00:00:00+00:00,ACCUMULATION,4,3,NONE,0.35,0.34120550046597514,,False,False,False,True,False,True,True,False,False,,NOT_CONFIRMED_TODAY,NONE,0.35,
2026-03-29 00:00:00+00:00,DEEP_BEAR,4,3,NONE,0.25,0.2490282928694101,STAGE4_SELL:EXECUTED,False,False,False,True,False,True,True,False,False,STAGE4_SELL:EXECUTED,NOT_CONFIRMED_TODAY,BEARISH_REBREAK_SELL,0.25,95
2026-03-30 00:00:00+00:00,ACCUMULATION,4,3,NONE,0.35,0.3533580429971769,AHR999_TO35:EXECUTED,False,False,False,True,False,True,True,False,False,AHR999_TO35:EXECUTED,NOT_CONFIRMED_TODAY,AHR_VALUE_BUY,0.35,96
2026-03-31 00:00:00+00:00,ACCUMULATION,4,3,NONE,0.35,0.3596054572366112,,False,False,False,True,False,True,True,False,False,,NOT_CONFIRMED_TODAY,NONE,0.35,
2026-04-01 00:00:00+00:00,ACCUMULATION,4,3,NONE,0.35,0.36042913742656624,,False,False,False,True,False,True,True,False,False,,NOT_CONFIRMED_TODAY,NONE,0.35,
2026-04-02 00:00:00+00:00,ACCUMULATION,4,3,NONE,0.35,0.3547643889344376,,False,False,False,True,False,True,True,False,False,,NOT_CONFIRMED_TODAY,NONE,0.35,
2026-04-03 00:00:00+00:00,ACCUMULATION,4,3,NONE,0.35,0.35481274560835724,,False,False,False,True,False,True,True,False,False,,NOT_CONFIRMED_TODAY,NONE,0.35,
2026-04-04 00:00:00+00:00,ACCUMULATION,4,3,NONE,0.35,0.3560256754528884,,False,False,False,True,False,True,True,False,False,,NOT_CONFIRMED_TODAY,NONE,0.35,
2026-04-05 00:00:00+00:00,ACCUMULATION,4,3,NONE,0.35,0.36160461992132675,,False,False,False,True,False,True,True,False,False,,NOT_CONFIRMED_TODAY,NONE,0.35,
2026-04-06 00:00:00+00:00,DEEP_BEAR,4,3,NONE,0.25,0.24961197655746412,STAGE4_SELL:EXECUTED,False,False,False,True,True,True,True,False,False,STAGE4_SELL:EXECUTED,NOT_CONFIRMED_TODAY,BEARISH_REBREAK_SELL,0.25,97
2026-04-07 00:00:00+00:00,DEEP_BEAR,4,3,NONE,0.25,0.25885798042088454,,False,False,False,False,True,True,True,False,False,,NOT_CONFIRMED_TODAY,NONE,0.25,
2026-04-08 00:00:00+00:00,DEEP_BEAR,4,3,NONE,0.25,0.25602670723574816,,False,False,False,False,True,True,True,False,False,,NOT_CONFIRMED_TODAY,NONE,0.25,
2026-04-09 00:00:00+00:00,DEEP_BEAR,4,3,NONE,0.25,0.25742439896765207,,False,False,False,False,True,True,True,False,False,,NOT_CONFIRMED_TODAY,NONE,0.25,
2026-04-10 00:00:00+00:00,DEEP_BEAR,4,3,NONE,0.25,0.26104398486426206,,False,False,True,False,True,True,True,False,False,,NOT_CONFIRMED_TODAY,NONE,0.25,
2026-04-11 00:00:00+00:00,DEEP_BEAR,4,3,NONE,0.25,0.26218157000714437,,False,False,True,False,True,True,True,False,False,,NOT_CONFIRMED_TODAY,NONE,0.25,
2026-04-12 00:00:00+00:00,DEEP_BEAR,4,3,NONE,0.25,0.2555387174079956,,False,False,True,False,True,True,True,False,False,,NOT_CONFIRMED_TODAY,NONE,0.25,
2026-04-13 00:00:00+00:00,DEEP_BEAR,4,3,NONE,0.25,0.2668697353134277,,False,False,True,False,True,True,True,False,False,,NOT_CONFIRMED_TODAY,NONE,0.25,
2026-04-14 00:00:00+00:00,DEEP_BEAR,4,3,NONE,0.25,0.2652315107843032,,False,False,True,False,True,True,True,False,False,,NOT_CONFIRMED_TODAY,NONE,0.25,
2026-04-15 00:00:00+00:00,DEEP_BEAR,4,3,NONE,0.25,0.26742544417380615,,False,False,True,False,True,True,True,False,False,,NOT_CONFIRMED_TODAY,NONE,0.25,
2026-04-16 00:00:00+00:00,DEEP_BEAR,4,3,NONE,0.25,0.2678159458679517,,False,False,True,True,True,True,True,False,False,,NOT_CONFIRMED_TODAY,NONE,0.25,
2026-04-17 00:00:00+00:00,DEEP_BEAR,4,3,NONE,0.25,0.2730666969540027,,False,False,True,True,True,True,True,False,False,,NOT_CONFIRMED_TODAY,NONE,0.25,
2026-04-18 00:00:00+00:00,BEAR,3,3,NONE,0.55,0.26890404955778074,DEEP_BEAR_TO_BEAR_NO_AUTO_BUY,False,False,True,True,True,True,True,False,False,DEEP_BEAR_TO_BEAR_NO_AUTO_BUY,NOT_CONFIRMED_TODAY,NONE,0.55,
2026-04-19 00:00:00+00:00,DEEP_BEAR,4,3,NONE,0.25,0.2632896657784179,STAGE4_SELL:EXPOSURE_GAP_BELOW_5PP,False,False,True,True,True,True,True,False,False,STAGE4_SELL:EXPOSURE_GAP_BELOW_5PP,NOT_CONFIRMED_TODAY,NONE,0.25,
2026-04-20 00:00:00+00:00,BEAR,3,3,NONE,0.55,0.268358702704865,DEEP_BEAR_TO_BEAR_NO_AUTO_BUY,False,False,True,True,True,True,True,False,False,DEEP_BEAR_TO_BEAR_NO_AUTO_BUY,NOT_CONFIRMED_TODAY,NONE,0.55,
2026-04-21 00:00:00+00:00,DEEP_BEAR,4,3,NONE,0.25,0.2696158782460511,STAGE4_SELL:EXPOSURE_GAP_BELOW_5PP,False,False,True,True,True,True,True,False,False,STAGE4_SELL:EXPOSURE_GAP_BELOW_5PP,NOT_CONFIRMED_TODAY,NONE,0.25,
2026-04-22 00:00:00+00:00,BEAR,3,3,NONE,0.55,0.27415371971067326,DEEP_BEAR_TO_BEAR_NO_AUTO_BUY,False,False,True,True,True,True,True,False,False,DEEP_BEAR_TO_BEAR_NO_AUTO_BUY,NOT_CONFIRMED_TODAY,NONE,0.55,
2026-04-23 00:00:00+00:00,DEEP_BEAR,4,3,NONE,0.25,0.27327683565332717,STAGE4_SELL:EXPOSURE_GAP_BELOW_5PP,False,False,True,True,True,True,True,False,False,STAGE4_SELL:EXPOSURE_GAP_BELOW_5PP,NOT_CONFIRMED_TODAY,NONE,0.25,
2026-04-24 00:00:00+00:00,BEAR,3,3,NONE,0.55,0.27144418170256784,DEEP_BEAR_TO_BEAR_NO_AUTO_BUY,False,False,True,True,True,True,True,False,False,DEEP_BEAR_TO_BEAR_NO_AUTO_BUY,NOT_CONFIRMED_TODAY,NONE,0.55,
2026-04-25 00:00:00+00:00,DEEP_BEAR,4,3,NONE,0.25,0.27190240711325186,STAGE4_SELL:EXPOSURE_GAP_BELOW_5PP,False,False,True,True,True,True,True,False,False,STAGE4_SELL:EXPOSURE_GAP_BELOW_5PP,NOT_CONFIRMED_TODAY,NONE,0.25,
2026-04-26 00:00:00+00:00,BEAR,3,3,NONE,0.55,0.27501548716469737,DEEP_BEAR_TO_BEAR_NO_AUTO_BUY,False,False,True,True,True,True,True,False,False,DEEP_BEAR_TO_BEAR_NO_AUTO_BUY,NOT_CONFIRMED_TODAY,NONE,0.55,
2026-04-27 00:00:00+00:00,DEEP_BEAR,4,3,NONE,0.25,0.27111344293236844,STAGE4_SELL:EXPOSURE_GAP_BELOW_5PP,False,False,True,True,True,True,True,False,False,STAGE4_SELL:EXPOSURE_GAP_BELOW_5PP,NOT_CONFIRMED_TODAY,NONE,0.25,
2026-04-28 00:00:00+00:00,BEAR,3,3,NONE,0.55,0.26890843760135147,DEEP_BEAR_TO_BEAR_NO_AUTO_BUY,False,False,True,True,True,True,True,False,False,DEEP_BEAR_TO_BEAR_NO_AUTO_BUY,NOT_CONFIRMED_TODAY,NONE,0.55,
2026-04-29 00:00:00+00:00,DEEP_BEAR,4,3,NONE,0.25,0.2670007292523676,STAGE4_SELL:EXPOSURE_GAP_BELOW_5PP,False,False,True,True,True,True,True,False,False,STAGE4_SELL:EXPOSURE_GAP_BELOW_5PP,NOT_CONFIRMED_TODAY,NONE,0.25,
2026-04-30 00:00:00+00:00,BEAR,3,3,NONE,0.55,0.2682015406460625,DEEP_BEAR_TO_BEAR_NO_AUTO_BUY,False,False,True,True,True,True,True,False,False,DEEP_BEAR_TO_BEAR_NO_AUTO_BUY,NOT_CONFIRMED_TODAY,NONE,0.55,
2026-05-01 00:00:00+00:00,DEEP_BEAR,4,3,NONE,0.25,0.2726149021888247,STAGE4_SELL:EXPOSURE_GAP_BELOW_5PP,False,False,True,True,True,True,True,False,False,STAGE4_SELL:EXPOSURE_GAP_BELOW_5PP,NOT_CONFIRMED_TODAY,NONE,0.25,
2026-05-02 00:00:00+00:00,BEAR,3,3,NONE,0.55,0.27397817977347366,DEEP_BEAR_TO_BEAR_NO_AUTO_BUY,False,False,True,True,True,True,True,False,False,DEEP_BEAR_TO_BEAR_NO_AUTO_BUY,NOT_CONFIRMED_TODAY,NONE,0.55,
2026-05-03 00:00:00+00:00,DEEP_BEAR,4,3,NONE,0.25,0.2739182722392099,STAGE4_SELL:EXPOSURE_GAP_BELOW_5PP,False,False,True,True,True,True,True,False,False,STAGE4_SELL:EXPOSURE_GAP_BELOW_5PP,NOT_CONFIRMED_TODAY,NONE,0.25,
2026-05-04 00:00:00+00:00,BEAR,3,3,NONE,0.55,0.27688720196803196,DEEP_BEAR_TO_BEAR_NO_AUTO_BUY,False,False,True,True,True,True,True,False,False,DEEP_BEAR_TO_BEAR_NO_AUTO_BUY,NOT_CONFIRMED_TODAY,NONE,0.55,
2026-05-05 00:00:00+00:00,DEEP_BEAR,4,3,NONE,0.25,0.2791156437838191,STAGE4_SELL:EXPOSURE_GAP_BELOW_5PP,False,False,True,True,True,True,True,False,False,STAGE4_SELL:EXPOSURE_GAP_BELOW_5PP,NOT_CONFIRMED_TODAY,NONE,0.25,
2026-05-06 00:00:00+00:00,BEAR,3,3,NONE,0.55,0.27989206381512255,DEEP_BEAR_TO_BEAR_NO_AUTO_BUY,False,False,True,True,True,True,True,False,False,DEEP_BEAR_TO_BEAR_NO_AUTO_BUY,NOT_CONFIRMED_TODAY,NONE,0.55,
2026-05-07 00:00:00+00:00,DEEP_BEAR,4,3,NONE,0.25,0.2758978115153691,STAGE4_SELL:EXPOSURE_GAP_BELOW_5PP,False,False,True,True,True,True,True,False,False,STAGE4_SELL:EXPOSURE_GAP_BELOW_5PP,NOT_CONFIRMED_TODAY,NONE,0.25,
2026-05-08 00:00:00+00:00,BEAR,3,3,NONE,0.55,0.27665233696305863,DEEP_BEAR_TO_BEAR_NO_AUTO_BUY,False,False,True,True,True,True,True,False,False,DEEP_BEAR_TO_BEAR_NO_AUTO_BUY,NOT_CONFIRMED_TODAY,NONE,0.55,
2026-05-09 00:00:00+00:00,DEEP_BEAR,4,3,NONE,0.25,0.2779940232654975,STAGE4_SELL:EXPOSURE_GAP_BELOW_5PP,False,False,True,True,True,True,True,False,False,STAGE4_SELL:EXPOSURE_GAP_BELOW_5PP,NOT_CONFIRMED_TODAY,NONE,0.25,
2026-05-10 00:00:00+00:00,BEAR,3,3,NONE,0.55,0.28183563657967353,DEEP_BEAR_TO_BEAR_NO_AUTO_BUY,False,False,True,True,True,True,True,False,False,DEEP_BEAR_TO_BEAR_NO_AUTO_BUY,NOT_CONFIRMED_TODAY,NONE,0.55,
2026-05-11 00:00:00+00:00,DEEP_BEAR,4,3,NONE,0.25,0.28028923196427896,STAGE4_SELL:EXPOSURE_GAP_BELOW_5PP,False,False,True,True,True,True,True,False,False,STAGE4_SELL:EXPOSURE_GAP_BELOW_5PP,NOT_CONFIRMED_TODAY,NONE,0.25,
2026-05-12 00:00:00+00:00,BEAR,3,3,NONE,0.55,0.2765531835093705,DEEP_BEAR_TO_BEAR_NO_AUTO_BUY,False,False,True,True,True,True,True,False,False,DEEP_BEAR_TO_BEAR_NO_AUTO_BUY,NOT_CONFIRMED_TODAY,NONE,0.55,
2026-05-13 00:00:00+00:00,DEEP_BEAR,4,3,NONE,0.25,0.2740158582893653,STAGE4_SELL:EXPOSURE_GAP_BELOW_5PP,False,False,True,True,True,True,True,False,False,STAGE4_SELL:EXPOSURE_GAP_BELOW_5PP,NOT_CONFIRMED_TODAY,NONE,0.25,
2026-05-14 00:00:00+00:00,BEAR,3,3,NONE,0.55,0.2778666181415605,DEEP_BEAR_TO_BEAR_NO_AUTO_BUY,False,False,True,True,True,True,True,False,False,DEEP_BEAR_TO_BEAR_NO_AUTO_BUY,NOT_CONFIRMED_TODAY,NONE,0.55,
2026-05-15 00:00:00+00:00,DEEP_BEAR,4,3,NONE,0.25,0.27289225056958566,STAGE4_SELL:EXPOSURE_GAP_BELOW_5PP,False,False,True,True,True,True,True,False,False,STAGE4_SELL:EXPOSURE_GAP_BELOW_5PP,NOT_CONFIRMED_TODAY,NONE,0.25,
2026-05-16 00:00:00+00:00,BEAR,3,3,NONE,0.55,0.27007962939927743,DEEP_BEAR_TO_BEAR_NO_AUTO_BUY,False,False,True,True,True,True,True,False,False,DEEP_BEAR_TO_BEAR_NO_AUTO_BUY,NOT_CONFIRMED_TODAY,NONE,0.55,
2026-05-17 00:00:00+00:00,DEEP_BEAR,4,3,NONE,0.25,0.26761435470956757,STAGE4_SELL:EXPOSURE_GAP_BELOW_5PP,False,False,True,True,True,True,True,False,False,STAGE4_SELL:EXPOSURE_GAP_BELOW_5PP,NOT_CONFIRMED_TODAY,NONE,0.25,
2026-05-18 00:00:00+00:00,BEAR,3,3,NONE,0.55,0.26676813514858355,DEEP_BEAR_TO_BEAR_NO_AUTO_BUY,False,False,True,True,True,True,True,False,False,DEEP_BEAR_TO_BEAR_NO_AUTO_BUY,NOT_CONFIRMED_TODAY,NONE,0.55,
2026-05-19 00:00:00+00:00,DEEP_BEAR,4,3,NONE,0.25,0.266054825987171,STAGE4_SELL:EXPOSURE_GAP_BELOW_5PP,False,False,True,True,True,True,True,False,False,STAGE4_SELL:EXPOSURE_GAP_BELOW_5PP,NOT_CONFIRMED_TODAY,NONE,0.25,
2026-05-20 00:00:00+00:00,BEAR,3,3,NONE,0.55,0.2678471416854252,DEEP_BEAR_TO_BEAR_NO_AUTO_BUY,False,False,True,True,True,True,True,False,False,DEEP_BEAR_TO_BEAR_NO_AUTO_BUY,NOT_CONFIRMED_TODAY,NONE,0.55,
2026-05-21 00:00:00+00:00,DEEP_BEAR,4,3,NONE,0.25,0.2680963359193077,STAGE4_SELL:EXPOSURE_GAP_BELOW_5PP,False,False,True,True,True,True,True,False,False,STAGE4_SELL:EXPOSURE_GAP_BELOW_5PP,NOT_CONFIRMED_TODAY,NONE,0.25,
2026-05-22 00:00:00+00:00,BEAR,3,3,NONE,0.55,0.2625690345491526,DEEP_BEAR_TO_BEAR_NO_AUTO_BUY,False,False,True,True,True,True,True,False,False,DEEP_BEAR_TO_BEAR_NO_AUTO_BUY,NOT_CONFIRMED_TODAY,NONE,0.55,
2026-05-23 00:00:00+00:00,DEEP_BEAR,4,3,NONE,0.25,0.266148438425692,STAGE4_SELL:EXPOSURE_GAP_BELOW_5PP,False,False,True,True,False,True,True,False,False,STAGE4_SELL:EXPOSURE_GAP_BELOW_5PP,NOT_CONFIRMED_TODAY,NONE,0.25,
2026-05-24 00:00:00+00:00,BEAR,3,3,NONE,0.55,0.26632354825634125,DEEP_BEAR_TO_BEAR_NO_AUTO_BUY,False,False,True,True,True,True,True,False,False,DEEP_BEAR_TO_BEAR_NO_AUTO_BUY,NOT_CONFIRMED_TODAY,NONE,0.55,
2026-05-25 00:00:00+00:00,DEEP_BEAR,4,3,NONE,0.25,0.2671515548746035,STAGE4_SELL:EXPOSURE_GAP_BELOW_5PP,False,False,True,True,True,True,True,False,False,STAGE4_SELL:EXPOSURE_GAP_BELOW_5PP,NOT_CONFIRMED_TODAY,NONE,0.25,
2026-05-26 00:00:00+00:00,BEAR,3,3,NONE,0.55,0.2636069883791999,DEEP_BEAR_TO_BEAR_NO_AUTO_BUY,False,False,True,True,True,True,True,False,False,DEEP_BEAR_TO_BEAR_NO_AUTO_BUY,NOT_CONFIRMED_TODAY,NONE,0.55,
2026-05-27 00:00:00+00:00,DEEP_BEAR,4,3,NONE,0.25,0.2596166572150846,STAGE4_SELL:EXPOSURE_GAP_BELOW_5PP,False,False,True,True,False,True,True,False,False,STAGE4_SELL:EXPOSURE_GAP_BELOW_5PP,NOT_CONFIRMED_TODAY,NONE,0.25,
2026-05-28 00:00:00+00:00,BEAR,3,3,NONE,0.55,0.2576830237719779,DEEP_BEAR_TO_BEAR_NO_AUTO_BUY,False,False,True,True,False,True,True,False,False,DEEP_BEAR_TO_BEAR_NO_AUTO_BUY,NOT_CONFIRMED_TODAY,NONE,0.55,
2026-05-29 00:00:00+00:00,DEEP_BEAR,4,3,NONE,0.25,0.2575269592969718,STAGE4_SELL:EXPOSURE_GAP_BELOW_5PP,False,False,True,True,False,True,True,False,False,STAGE4_SELL:EXPOSURE_GAP_BELOW_5PP,NOT_CONFIRMED_TODAY,NONE,0.25,
2026-05-30 00:00:00+00:00,BEAR,3,3,NONE,0.55,0.2585619229182318,DEEP_BEAR_TO_BEAR_NO_AUTO_BUY,False,False,True,True,False,True,True,False,False,DEEP_BEAR_TO_BEAR_NO_AUTO_BUY,NOT_CONFIRMED_TODAY,NONE,0.55,
2026-05-31 00:00:00+00:00,DEEP_BEAR,4,3,NONE,0.25,0.25780061345393773,STAGE4_SELL:EXPOSURE_GAP_BELOW_5PP,False,False,True,False,False,True,True,False,False,STAGE4_SELL:EXPOSURE_GAP_BELOW_5PP,NOT_CONFIRMED_TODAY,NONE,0.25,
2026-06-01 00:00:00+00:00,BEAR,3,3,NONE,0.55,0.2534605646972422,DEEP_BEAR_TO_BEAR_NO_AUTO_BUY,False,False,True,False,False,True,True,False,False,DEEP_BEAR_TO_BEAR_NO_AUTO_BUY,NOT_CONFIRMED_TODAY,NONE,0.55,
2026-06-02 00:00:00+00:00,DEEP_BEAR,4,3,NONE,0.25,0.24053031469048294,STAGE4_SELL:EXPOSURE_GAP_BELOW_5PP,False,False,True,False,False,True,True,False,False,STAGE4_SELL:EXPOSURE_GAP_BELOW_5PP,NOT_CONFIRMED_TODAY,NONE,0.25,
2026-06-03 00:00:00+00:00,DEEP_BEAR,4,3,NONE,0.25,0.23402216614892477,,False,False,True,False,False,True,True,False,False,,NOT_CONFIRMED_TODAY,NONE,0.25,
2026-06-04 00:00:00+00:00,ACCUMULATION,4,3,NONE,0.35,0.3477753102692823,AHR999_TO35:EXECUTED,False,False,True,False,False,True,True,False,False,AHR999_TO35:EXECUTED,NOT_CONFIRMED_TODAY,AHR_VALUE_BUY,0.35,98
2026-06-05 00:00:00+00:00,DEEP_BEAR,4,3,NONE,0.25,0.23840384012224605,ACCUMULATION_LOCK_RELEASE_LOWER_LOW|STAGE4_SELL:EXECUTED,False,False,False,False,False,True,True,False,False,ACCUMULATION_LOCK_RELEASE_LOWER_LOW|STAGE4_SELL:EXECUTED,NOT_CONFIRMED_TODAY,BEARISH_REBREAK_SELL,0.25,99
2026-06-06 00:00:00+00:00,ACCUMULATION,4,3,NONE,0.35,0.34899150281913965,AHR999_TO35:EXECUTED,False,False,False,False,False,True,True,False,False,AHR999_TO35:EXECUTED,NOT_CONFIRMED_TODAY,AHR_VALUE_BUY,0.35,100
2026-06-07 00:00:00+00:00,ACCUMULATION,4,3,NONE,0.35,0.360413388025675,,False,False,False,False,False,True,True,False,False,,NOT_CONFIRMED_TODAY,NONE,0.35,
2026-06-08 00:00:00+00:00,ACCUMULATION,4,3,NONE,0.35,0.359811874196989,,False,False,False,False,False,True,True,False,False,,NOT_CONFIRMED_TODAY,NONE,0.35,
2026-06-09 00:00:00+00:00,ACCUMULATION,4,3,NONE,0.35,0.35423142491993403,,False,False,False,False,False,True,True,False,False,,NOT_CONFIRMED_TODAY,NONE,0.35,
2026-06-10 00:00:00+00:00,ACCUMULATION,4,3,NONE,0.35,0.3529317453374614,,False,False,False,False,False,True,True,False,False,,NOT_CONFIRMED_TODAY,NONE,0.35,
2026-06-11 00:00:00+00:00,ACCUMULATION,4,3,NONE,0.35,0.36055409486045836,,False,False,False,False,False,True,True,False,False,,NOT_CONFIRMED_TODAY,NONE,0.35,
2026-06-12 00:00:00+00:00,ACCUMULATION,4,3,NONE,0.35,0.36017028279298324,,False,False,False,False,False,True,True,False,False,,NOT_CONFIRMED_TODAY,NONE,0.35,
2026-06-13 00:00:00+00:00,DEEP_BEAR,4,3,NONE,0.25,0.25236532230857184,STAGE4_SELL:EXECUTED,False,False,False,False,False,True,True,False,False,STAGE4_SELL:EXECUTED,NOT_CONFIRMED_TODAY,BEARISH_REBREAK_SELL,0.25,101
2026-06-14 00:00:00+00:00,ACCUMULATION,4,3,NONE,0.35,0.35496980819068624,AHR999_TO35:EXECUTED,False,False,False,False,False,True,True,False,False,AHR999_TO35:EXECUTED,NOT_CONFIRMED_TODAY,AHR_VALUE_BUY,0.35,102
2026-06-15 00:00:00+00:00,ACCUMULATION,4,3,NONE,0.35,0.35917067979719397,,False,False,False,False,False,True,True,False,False,,NOT_CONFIRMED_TODAY,NONE,0.35,
2026-06-16 00:00:00+00:00,ACCUMULATION,4,3,NONE,0.35,0.35748841726544195,,False,False,False,False,False,True,True,False,False,,NOT_CONFIRMED_TODAY,NONE,0.35,
2026-06-17 00:00:00+00:00,ACCUMULATION,4,3,NONE,0.35,0.3529907513729719,,False,False,False,False,False,True,True,False,False,,NOT_CONFIRMED_TODAY,NONE,0.35,
2026-06-18 00:00:00+00:00,ACCUMULATION,4,3,NONE,0.35,0.3475813475067626,,False,False,False,False,False,True,True,False,False,,NOT_CONFIRMED_TODAY,NONE,0.35,
2026-06-19 00:00:00+00:00,ACCUMULATION,4,3,NONE,0.35,0.3490736427192016,,False,False,False,False,False,True,True,False,False,,NOT_CONFIRMED_TODAY,NONE,0.35,
2026-06-20 00:00:00+00:00,ACCUMULATION,4,3,NONE,0.35,0.3521655376948029,,False,False,False,False,False,True,True,False,False,,NOT_CONFIRMED_TODAY,NONE,0.35,
2026-06-21 00:00:00+00:00,DEEP_BEAR,4,3,NONE,0.25,0.24692122006879014,STAGE4_SELL:EXECUTED,False,False,False,False,False,True,True,False,False,STAGE4_SELL:EXECUTED,NOT_CONFIRMED_TODAY,BEARISH_REBREAK_SELL,0.25,103
2026-06-22 00:00:00+00:00,ACCUMULATION,4,3,NONE,0.35,0.3526475728595535,AHR999_TO35:EXECUTED,False,False,False,False,False,True,True,False,False,AHR999_TO35:EXECUTED,NOT_CONFIRMED_TODAY,AHR_VALUE_BUY,0.35,104
2026-06-23 00:00:00+00:00,ACCUMULATION,4,3,NONE,0.35,0.34697951870209004,,False,False,False,False,False,True,True,False,False,,NOT_CONFIRMED_TODAY,NONE,0.35,
2026-06-24 00:00:00+00:00,ACCUMULATION,4,3,NONE,0.35,0.340926934181058,,False,False,False,False,False,True,True,False,False,,NOT_CONFIRMED_TODAY,NONE,0.35,
2026-06-25 00:00:00+00:00,ACCUMULATION,4,3,NONE,0.35,0.3353381422831114,,False,False,False,False,False,True,True,False,False,,NOT_CONFIRMED_TODAY,NONE,0.35,
2026-06-26 00:00:00+00:00,ACCUMULATION,4,3,NONE,0.35,0.33661455640606236,,False,False,False,False,False,True,True,False,False,,NOT_CONFIRMED_TODAY,NONE,0.35,
2026-06-27 00:00:00+00:00,ACCUMULATION,4,3,NONE,0.35,0.3362636563414496,,False,False,False,False,False,True,True,False,False,,NOT_CONFIRMED_TODAY,NONE,0.35,
2026-06-28 00:00:00+00:00,ACCUMULATION,4,3,NONE,0.35,0.33502207942338413,,False,False,False,False,False,True,True,False,False,,NOT_CONFIRMED_TODAY,NONE,0.35,
2026-06-29 00:00:00+00:00,DEEP_BEAR,4,3,NONE,0.25,0.2529252158575778,STAGE4_SELL:EXECUTED,False,False,False,False,False,True,True,False,False,STAGE4_SELL:EXECUTED,NOT_CONFIRMED_TODAY,BEARISH_REBREAK_SELL,0.25,105
2026-06-30 00:00:00+00:00,ACCUMULATION,4,3,NONE,0.35,0.3439130720293972,AHR999_TO35:EXECUTED,False,False,False,False,False,True,True,False,False,AHR999_TO35:EXECUTED,NOT_CONFIRMED_TODAY,AHR_VALUE_BUY,0.35,106
2026-07-01 00:00:00+00:00,ACCUMULATION,4,3,NONE,0.35,0.34928215975543975,,False,False,False,False,False,True,True,False,False,,NOT_CONFIRMED_TODAY,NONE,0.35,
2026-07-02 00:00:00+00:00,ACCUMULATION,4,3,NONE,0.35,0.3571856387991333,,False,False,False,False,False,True,True,False,False,,NOT_CONFIRMED_TODAY,NONE,0.35,
2026-07-03 00:00:00+00:00,ACCUMULATION,4,3,NONE,0.35,0.36219944331384635,,False,False,False,False,False,True,True,False,False,,NOT_CONFIRMED_TODAY,NONE,0.35,
2026-07-04 00:00:00+00:00,ACCUMULATION,4,3,NONE,0.35,0.36457140100643726,,False,False,False,False,False,True,True,False,False,,NOT_CONFIRMED_TODAY,NONE,0.35,
2026-07-05 00:00:00+00:00,ACCUMULATION,4,3,NONE,0.35,0.3660627313624664,,False,False,False,False,False,True,True,False,False,,NOT_CONFIRMED_TODAY,NONE,0.35,
2026-07-06 00:00:00+00:00,ACCUMULATION,4,3,NONE,0.35,0.36764159314955014,,False,False,False,False,False,True,True,False,False,,NOT_CONFIRMED_TODAY,NONE,0.35,
2026-07-07 00:00:00+00:00,ACCUMULATION,4,3,NONE,0.35,0.36481739643771044,,False,False,False,False,False,True,True,False,False,,NOT_CONFIRMED_TODAY,NONE,0.35,
2026-07-08 00:00:00+00:00,ACCUMULATION,4,3,NONE,0.35,0.36098788155094846,,False,False,False,False,False,True,True,False,False,,NOT_CONFIRMED_TODAY,NONE,0.35,
2026-07-09 00:00:00+00:00,ACCUMULATION,4,3,NONE,0.35,0.3634519113566325,,False,False,False,False,False,True,True,False,False,,NOT_CONFIRMED_TODAY,NONE,0.35,
2026-07-10 00:00:00+00:00,ACCUMULATION,4,3,NONE,0.35,0.3679186935451808,,False,False,False,False,False,True,True,False,False,,NOT_CONFIRMED_TODAY,NONE,0.35,
2026-07-11 00:00:00+00:00,ACCUMULATION,4,3,NONE,0.35,0.3667130405769814,,False,False,False,False,False,True,True,False,False,,NOT_CONFIRMED_TODAY,NONE,0.35,
2026-07-12 00:00:00+00:00,ACCUMULATION,4,3,NONE,0.35,0.3674262931127592,,False,False,False,False,False,True,True,False,False,,NOT_CONFIRMED_TODAY,NONE,0.35,
2026-07-13 00:00:00+00:00,ACCUMULATION,4,3,NONE,0.35,0.36258300031940716,,False,False,False,False,False,True,True,False,False,,NOT_CONFIRMED_TODAY,NONE,0.35,
2026-07-14 00:00:00+00:00,ACCUMULATION,4,3,NONE,0.35,0.37402453846348976,,False,False,False,False,False,True,True,False,False,,NOT_CONFIRMED_TODAY,NONE,0.35,
2026-07-15 00:00:00+00:00,ACCUMULATION,4,3,NONE,0.35,0.3743778929013373,,False,False,False,False,True,True,True,False,False,,NOT_CONFIRMED_TODAY,NONE,0.35,
2026-07-16 00:00:00+00:00,ACCUMULATION,4,3,NONE,0.35,0.37000537508184805,,False,False,False,False,True,True,True,False,False,,NOT_CONFIRMED_TODAY,NONE,0.35,
2026-07-17 00:00:00+00:00,ACCUMULATION,4,3,NONE,0.35,0.36933601085326356,,False,False,False,False,False,True,True,False,False,,NOT_CONFIRMED_TODAY,NONE,0.35,
2026-07-18 00:00:00+00:00,ACCUMULATION,4,3,NONE,0.35,0.3724275448364242,,False,False,False,False,True,True,True,False,False,,NOT_CONFIRMED_TODAY,NONE,0.35,
2026-07-19 00:00:00+00:00,ACCUMULATION,4,3,NONE,0.35,0.37255780653441156,,False,False,False,False,True,True,True,False,False,,NOT_CONFIRMED_TODAY,NONE,0.35,
2026-07-20 00:00:00+00:00,ACCUMULATION,4,3,NONE,0.35,0.37519249060745885,,False,False,False,False,True,True,True,False,False,,NOT_CONFIRMED_TODAY,NONE,0.35,
2026-07-21 00:00:00+00:00,ACCUMULATION,4,3,NONE,0.35,0.37935164570584523,,False,False,False,False,True,True,True,False,False,,NOT_CONFIRMED_TODAY,NONE,0.35,
2026-07-22 00:00:00+00:00,ACCUMULATION,4,3,NONE,0.35,0.37848720834374056,,False,False,False,False,True,True,True,False,False,,NOT_CONFIRMED_TODAY,NONE,0.35,
2026-07-23 00:00:00+00:00,ACCUMULATION,4,3,NONE,0.35,0.37382660565024595,,False,False,False,False,True,True,True,False,False,,NOT_CONFIRMED_TODAY,NONE,0.35,
2026-07-24 00:00:00+00:00,ACCUMULATION,4,3,NONE,0.35,0.3708098391994763,,False,False,False,False,True,True,True,False,False,,NOT_CONFIRMED_TODAY,NONE,0.35,
2026-07-25 00:00:00+00:00,ACCUMULATION,4,3,NONE,0.35,0.3719484461482961,,False,False,False,True,True,True,True,False,False,,NOT_CONFIRMED_TODAY,NONE,0.35,
2026-07-26 00:00:00+00:00,ACCUMULATION,4,3,NONE,0.35,0.377660229548825,,False,False,False,True,True,True,True,False,False,,NOT_CONFIRMED_TODAY,NONE,0.35,
2026-07-27 00:00:00+00:00,ACCUMULATION,4,3,NONE,0.35,0.37118657386040005,,False,False,False,True,True,True,True,False,False,,NOT_CONFIRMED_TODAY,NONE,0.35,
2026-07-28 00:00:00+00:00,ACCUMULATION,4,3,NONE,0.35,0.3728064310017058,,False,False,False,True,True,True,True,False,False,,NOT_CONFIRMED_TODAY,NONE,0.35,
2026-07-29 00:00:00+00:00,ACCUMULATION,4,3,NONE,0.35,0.3725321739995812,,False,False,False,True,True,True,True,False,False,,NOT_CONFIRMED_TODAY,NONE,0.35,
2026-07-30 00:00:00+00:00,ACCUMULATION,4,3,NONE,0.35,0.37481480228773467,,False,False,False,True,True,True,True,False,False,,NOT_CONFIRMED_TODAY,NONE,0.35,
2026-07-31 00:00:00+00:00,ACCUMULATION,4,3,NONE,0.35,0.3679093870446149,,False,False,True,True,True,True,True,False,False,,NOT_CONFIRMED_TODAY,NONE,0.35,
2026-08-01 00:00:00+00:00,ACCUMULATION,4,3,NONE,0.35,0.3670620846900676,,False,False,True,True,False,True,True,False,False,,NOT_CONFIRMED_TODAY,NONE,0.35,
2026-08-02 00:00:00+00:00,ACCUMULATION,4,3,NONE,0.35,0.37057749489870273,,False,False,True,True,False,True,True,False,False,,NOT_CONFIRMED_TODAY,NONE,0.35,
2026-08-03 00:00:00+00:00,ACCUMULATION,4,3,NONE,0.35,0.3694805713682486,,False,False,True,True,True,True,True,False,False,,NOT_CONFIRMED_TODAY,NONE,0.35,
2026-08-04 00:00:00+00:00,ACCUMULATION,4,3,NONE,0.35,0.3713227204441584,,False,False,True,True,True,True,True,False,False,,NOT_CONFIRMED_TODAY,NONE,0.35,
2026-08-05 00:00:00+00:00,ACCUMULATION,4,3,NONE,0.35,0.3742992402208634,,False,False,True,True,True,True,True,False,False,,NOT_CONFIRMED_TODAY,NONE,0.35,
2026-08-06 00:00:00+00:00,ACCUMULATION,4,3,NONE,0.35,0.3732894306348808,,False,False,False,True,True,True,True,False,False,,NOT_CONFIRMED_TODAY,NONE,0.35,
2026-08-07 00:00:00+00:00,ACCUMULATION,4,3,NONE,0.35,0.37517399759238607,,False,False,False,True,True,True,True,False,False,,NOT_CONFIRMED_TODAY,NONE,0.35,
2026-08-08 00:00:00+00:00,ACCUMULATION,4,3,NONE,0.35,0.3753897751443196,,False,False,False,True,True,True,True,False,False,,NOT_CONFIRMED_TODAY,NONE,0.35,
2026-08-09 00:00:00+00:00,ACCUMULATION,4,3,NONE,0.35,0.37503162823736386,,False,False,False,True,True,True,True,False,False,,NOT_CONFIRMED_TODAY,NONE,0.35,
2026-08-10 00:00:00+00:00,ACCUMULATION,4,3,NONE,0.35,0.3712605058475905,,False,False,False,True,True,True,True,False,False,,NOT_CONFIRMED_TODAY,NONE,0.35,
2026-08-11 00:00:00+00:00,ACCUMULATION,4,3,NONE,0.35,0.37076196266564687,,False,False,False,True,True,True,True,False,False,,NOT_CONFIRMED_TODAY,NONE,0.35,
2026-08-12 00:00:00+00:00,ACCUMULATION,4,3,NONE,0.35,0.3703706546927283,,False,False,False,True,True,True,True,False,False,,NOT_CONFIRMED_TODAY,NONE,0.35,
2026-08-13 00:00:00+00:00,ACCUMULATION,4,3,NONE,0.35,0.3706879740366309,,False,False,False,True,True,True,True,False,False,,NOT_CONFIRMED_TODAY,NONE,0.35,
2026-08-14 00:00:00+00:00,ACCUMULATION,4,3,NONE,0.35,0.36942176662845566,,False,False,True,True,True,True,True,False,False,,NOT_CONFIRMED_TODAY,NONE,0.35,
2026-08-15 00:00:00+00:00,ACCUMULATION,4,3,NONE,0.35,0.3695787717317552,,False,False,True,True,False,True,True,False,False,,NOT_CONFIRMED_TODAY,NONE,0.35,
2026-08-16 00:00:00+00:00,ACCUMULATION,4,3,NONE,0.35,0.36886485803097807,,False,False,True,True,False,True,True,False,False,,NOT_CONFIRMED_TODAY,NONE,0.35,
2026-08-17 00:00:00+00:00,ACCUMULATION,4,3,NONE,0.35,0.37443894314077475,,False,False,True,True,False,True,True,False,False,,NOT_CONFIRMED_TODAY,NONE,0.35,
2026-08-18 00:00:00+00:00,ACCUMULATION,4,3,NONE,0.35,0.3750985937427062,,False,False,True,True,True,True,True,False,False,,NOT_CONFIRMED_TODAY,NONE,0.35,
2026-08-19 00:00:00+00:00,ACCUMULATION,4,3,NONE,0.35,0.3988135211363647,,False,False,True,True,True,True,True,False,False,,NOT_CONFIRMED_TODAY,NONE,0.35,
2026-08-20 00:00:00+00:00,ACCUMULATION,4,3,NONE,0.35,0.4096943059751453,,False,False,True,True,True,True,True,False,False,,NOT_CONFIRMED_TODAY,NONE,0.35,
2026-08-21 00:00:00+00:00,ACCUMULATION,4,3,NONE,0.35,0.42747258733481525,,False,False,True,True,True,True,True,False,False,,NOT_CONFIRMED_TODAY,NONE,0.35,
2026-08-22 00:00:00+00:00,ACCUMULATION,4,3,NONE,0.35,0.4217017021404858,,False,False,True,True,True,True,True,False,False,,NOT_CONFIRMED_TODAY,NONE,0.35,
2026-08-23 00:00:00+00:00,ACCUMULATION,4,3,NONE,0.35,0.4244905829112852,,False,False,True,True,True,True,True,False,False,,NOT_CONFIRMED_TODAY,NONE,0.35,
2026-08-24 00:00:00+00:00,ACCUMULATION,4,3,NONE,0.35,0.42773166703981463,,False,False,True,True,True,True,True,False,False,,NOT_CONFIRMED_TODAY,NONE,0.35,
2026-08-25 00:00:00+00:00,ACCUMULATION,4,3,NONE,0.35,0.425493942685296,,False,False,True,True,True,True,True,False,False,,NOT_CONFIRMED_TODAY,NONE,0.35,
2026-08-26 00:00:00+00:00,ACCUMULATION,4,3,NONE,0.35,0.42865703553454,,False,False,True,True,True,True,True,False,False,,NOT_CONFIRMED_TODAY,NONE,0.35,
2026-08-27 00:00:00+00:00,ACCUMULATION,4,3,NONE,0.35,0.4313124359129103,,False,False,True,True,True,True,True,False,False,,NOT_CONFIRMED_TODAY,NONE,0.35,
2026-08-28 00:00:00+00:00,ACCUMULATION,4,3,NONE,0.35,0.4241090262388019,,False,False,True,True,True,True,True,False,False,,NOT_CONFIRMED_TODAY,NONE,0.35,
2026-08-29 00:00:00+00:00,ACCUMULATION,4,3,NONE,0.35,0.42543592358776977,,True,False,True,True,True,True,True,False,False,,NOT_CONFIRMED_TODAY,NONE,0.35,
2026-08-30 00:00:00+00:00,ACCUMULATION,4,3,NONE,0.35,0.4229305489868292,,True,False,True,True,True,True,True,False,False,,NOT_CONFIRMED_TODAY,NONE,0.35,
2026-08-31 00:00:00+00:00,ACCUMULATION,4,3,NONE,0.35,0.4265395441082917,,True,False,True,True,True,True,True,False,False,,NOT_CONFIRMED_TODAY,NONE,0.35,
2026-09-01 00:00:00+00:00,ACCUMULATION,4,3,NONE,0.35,0.42252560980233417,,True,False,True,True,True,True,True,False,False,,NOT_CONFIRMED_TODAY,NONE,0.35,
2026-09-02 00:00:00+00:00,ACCUMULATION,4,3,NONE,0.35,0.4214362817615496,,True,False,True,True,True,True,True,False,False,,NOT_CONFIRMED_TODAY,NONE,0.35,
2026-09-03 00:00:00+00:00,ACCUMULATION,4,3,NONE,0.35,0.42233790826436957,,True,False,True,True,True,True,True,False,False,,NOT_CONFIRMED_TODAY,NONE,0.35,
