tactical_event_id,timestamp,action,side,ledger,reason,cycle_id,signal_date,target_exposure,exposure_before,exposure_after,btc_notional,eth_notional,gross_notional,fee,slippage,cost,temporary_lot_id,trade_rows,shadow_state,shadow_stage,signal_type,opposite_action_within_3_closes,opposite_action_within_7_days,opposite_action_within_14_days,btc_completed_daily_close,ahr999,sma10,sma20,sma50,sma200,bb_upper,bb_middle,bb_lower,bb_band_width,distance_to_sma20,distance_to_sma50,distance_to_sma200,return_20d,return_60d,realized_volatility_20d,distance_to_20d_low,distance_to_60d_low,sma20_slope_3d,btc_execution_price,eth_execution_price,ex_post_btc_forward_return_3d,ex_post_eth_forward_return_3d,ex_post_btc_forward_return_7d,ex_post_eth_forward_return_7d,ex_post_btc_forward_return_14d,ex_post_eth_forward_return_14d,ex_post_btc_forward_return_30d,ex_post_eth_forward_return_30d,ex_post_btc_forward_return_60d,ex_post_eth_forward_return_60d,ex_post_btc_forward_return_90d,ex_post_eth_forward_return_90d,forward_outcome_usage,ahr_environment
1,2020-02-28 00:00:00+00:00,TACTICAL_SELL_STAGE2,SELL,tactical_bear,EARLY_BEAR_STAGE2,1,2020-02-27 00:00:00+00:00,0.7,0.7752047896042183,0.6999999999999998,1256.605846060611,753.9635076363666,2010.5693536969775,2.0095640690201293,1.0052846768482404,3.01484874586837,,2,EARLY_BEAR,2,STAGE_RISK_SELL,False,False,False,8823.21,0.7531830031536808,9519.966,9787.4905,9233.4938,8771.5299,10637.764711498274,9787.4905,8937.216288501726,0.17374713395599697,-0.09852173036591971,-0.04443429636569429,0.005891800015411119,-0.10093206150974199,,0.5679089041531651,0.00432087874562459,,-0.011480821850845091,8823.25,227.73,-0.025076927436035512,-0.03921310323628846,0.023839288244127843,0.00627936591577738,-0.41435865469073185,-0.45444166337329295,-0.29697673759669063,-0.4293241997101831,-0.12715949338395716,-0.1456110306064199,0.039629388263961784,-0.09370746058929436,EX_POST_DIAGNOSTIC_ONLY,BELOW_SMA20_FALLING
2,2020-03-01 00:00:00+00:00,TACTICAL_SELL_STAGE3,SELL,tactical_bear,BEAR_STAGE3,1,2020-02-29 00:00:00+00:00,0.55,0.6917508138584276,0.55,2304.3670022306396,1382.6202013383836,3686.987203569023,3.685143709967239,1.8434936017845096,5.528637311751748,,2,BEAR,3,STAGE_RISK_SELL,False,False,False,8523.61,0.7029209930888335,9265.768,9645.9765,9257.5286,8746.16855,10729.078830313723,9645.9765,8562.874169686278,0.22457080012868008,-0.1163559231146789,-0.07927802675111362,-0.025446405329108357,-0.16038023000960422,0.18461953266261144,0.5498974422950127,0.0,0.22365272168953343,-0.01942052247243853,8523.61,217.29,0.031274307482392905,0.04022274379861024,0.02627642512972783,0.06594873210916297,-0.39243583411254157,-0.4424041603387179,-0.2445137682273122,-0.39187261263748907,0.08979411305773022,0.03810575728289378,0.10237094376678413,0.02489760228266369,EX_POST_DIAGNOSTIC_ONLY,BELOW_SMA20_FALLING
3,2020-03-13 00:00:00+00:00,TACTICAL_SELL_STAGE4,SELL,tactical_bear,FSM_BEAR_ACCELERATION,1,2020-03-12 00:00:00+00:00,0.25,0.3959048111316347,0.25000000000000006,1765.6920186791176,1059.4152112074707,2825.1072298865884,2.8236946762716455,1.4125536149430382,4.236248291214683,,2,DEEP_BEAR,4,STAGE_RISK_SELL,True,True,True,4800.0,0.22231780864780484,8117.642,8600.3875,9164.830600000001,8620.3676,10673.628445426999,8600.3875,6527.1465545730025,0.48212733331538793,-0.44188561271221793,-0.47625873193990087,-0.443179198065753,-0.5039810686107853,-0.4135599598288572,1.7516395376508809,0.0,0.0,-0.04570522063937865,4800.01,107.67,0.0986102112287266,0.13736416829200326,0.28257024464532376,0.2518807467261075,0.4152053849887811,0.2937679947989227,0.41801579580042536,0.44506362032135227,0.8158441336580546,0.7507197919569053,1.060239457834463,1.3050060369647998,EX_POST_DIAGNOSTIC_ONLY,BELOW_SMA20_FALLING
4,2020-03-14 00:00:00+00:00,TACTICAL_BUYBACK_AHR999_TO_35,BUY,tactical_bear,AHR999<=0.35,1,2020-03-13 00:00:00+00:00,0.35,0.286574480006529,0.35,806.0019273692941,483.60115642157655,1289.6030837908706,1.2902478853327661,0.6448015418953693,1.9350494272281353,,2,ACCUMULATION,4,AHR_VALUE_BUY,True,True,True,5578.6,0.3006981651761903,7799.495000000001,8396.7745,9108.3122,8596.39935,10792.194389518127,8396.7745,6001.354610481872,0.5705571560884783,-0.33562584061296385,-0.3875264837759953,-0.3510538804831117,-0.4219582503528183,-0.31216200553860873,1.9319871280142213,0.1622083333333335,0.1622083333333335,-0.059431006005711606,5576.05,134.06,-0.047504954223868245,-0.1225570640011936,0.12399458397969876,0.0020886170371474666,0.09699877153181902,-0.059227211696255444,0.19717721326028292,0.1365060420707147,0.5982980783888237,0.4236162912128898,0.6792245406694704,0.7422049828435029,EX_POST_DIAGNOSTIC_ONLY,BELOW_SMA20_FALLING
5,2020-03-28 00:00:00+00:00,TACTICAL_SELL_STAGE4,SELL,tactical_bear,ACCUMULATION_BEARISH_REBREAK,1,2020-03-27 00:00:00+00:00,0.25,0.3695146883691283,0.25,1567.0442346217806,940.2265407730683,2507.270775394849,2.5060171400071516,1.2536353876973216,3.759652527704473,,2,DEEP_BEAR,4,BEARISH_REBREAK_SELL,True,True,True,6359.11,0.39642015793687346,6275.287,6289.9349999999995,8212.200799999999,8305.40265,8292.287311772352,6289.9349999999995,4287.582688227646,0.6366845799749451,0.010997728911348092,-0.2256509363482685,-0.23434055301340506,-0.2844206934888923,-0.28610047409113826,2.1734878330831076,0.32481458333333335,0.32481458333333335,-0.054841687351923074,6359.11,131.33,0.012636988509398428,0.006167669230183304,0.05300741770467887,0.06396101423893996,0.086287232018317,0.2184573212518084,0.21605067375780584,0.501408665194548,0.38838611063497885,0.5354450620574125,0.4541075716570402,0.7689789080941138,EX_POST_DIAGNOSTIC_ONLY,ABOVE_SMA20_NOT_NEAR_LOW
6,2020-03-30 00:00:00+00:00,TACTICAL_BUYBACK_AHR999_TO_35,BUY,tactical_bear,AHR999<=0.35,1,2020-03-29 00:00:00+00:00,0.35,0.2384832176187503,0.35000000000000003,1438.6255968213115,863.1753580927868,2301.8009549140984,2.3029518553915556,1.1509004774568732,3.4538523328484283,,2,ACCUMULATION,4,AHR_VALUE_BUY,True,True,True,5881.42,0.33980039412201585,6331.553,6097.6795,8060.386600000001,8264.7106,7755.920191714895,6097.6795,4439.438808285106,0.543892374702506,-0.035465868614445895,-0.27033028415783433,-0.2883695165321336,-0.2583207543124919,-0.367693271967085,2.150254686461383,0.22529583333333325,0.22529583333333325,-0.04965983187383716,5880.5,124.47,0.12338236544511516,0.09512332288904957,0.16381600204064273,0.15738732224632446,0.1351959867358219,0.22407005704185767,0.3290196411869739,0.5911464609946173,0.6191242241306012,0.7826785570820276,0.5256865912762518,0.7620310114887121,EX_POST_DIAGNOSTIC_ONLY,BELOW_SMA20_FALLING
7,2020-04-04 00:00:00+00:00,TACTICAL_BUYBACK_RIGHT_TO_50,BUY,tactical_bear,RIGHT_SIDE_TO_50,1,2020-04-03 00:00:00+00:00,0.5,0.38233043343433604,0.5,1596.6807323996109,958.0084394397664,2554.689171839377,2.555966516425297,1.277344585919587,3.8333111023448843,,2,ACCUMULATION,4,RIGHT_SIDE_BUY,False,False,False,6734.1,0.4473658905411619,6486.79,6177.489,7704.2502,8171.3632,7234.0519527084925,6177.489,5120.926047291507,0.3420687443420759,0.09010311471214294,-0.12592402567611316,-0.17589026026893528,0.30201505782995564,-0.27529852866477833,1.0660196397905897,0.3390614777976404,0.40293750000000017,0.038850382828188756,6732.97,141.3,0.08749482026505384,0.21012031139419673,0.02596922309174099,0.132484076433121,0.0525518456193923,0.22363765038924277,0.29672937797138554,0.44090587402689296,0.4097775573038347,0.6692144373673035,0.35049465540467284,0.6014154281670203,EX_POST_DIAGNOSTIC_ONLY,ABOVE_SMA20_NOT_NEAR_LOW
8,2020-04-19 00:00:00+00:00,TACTICAL_BUYBACK_RIGHT_TO_60,BUY,tactical_bear,RIGHT_SIDE_TO_60,1,2020-04-18 00:00:00+00:00,0.6,0.5452023439197018,0.6,817.2519117989434,490.35114707936606,1307.6030588783094,1.3082568604077485,0.6538015294390561,1.9620583898468047,,2,ACCUMULATION,4,RIGHT_SIDE_BUY,False,False,False,7248.6,0.5173338864995187,6962.902,6906.161,6931.8976,8014.77745,7456.410568138012,6906.161,6355.911431861988,0.15935034475391244,0.049584566592061785,0.0456876916358373,-0.09559559885221758,0.2324574677543858,-0.28688570554398496,0.7130028427147566,0.13358918300132316,0.5101250000000002,0.021452894866239136,7248.6,187.4,-0.053301327152829536,-0.08457844183564567,0.043747758187787866,0.03986125933831386,0.2599605441050685,0.1627001067235858,0.3147366387992163,0.12219850586979719,0.3011174571641422,0.24605122732123785,0.26024611649146046,0.24338313767342568,EX_POST_DIAGNOSTIC_ONLY,ABOVE_SMA20_NOT_NEAR_LOW
9,2020-05-09 00:00:00+00:00,TACTICAL_BUYBACK_NEW_BULL_REDEPLOY,BUY,tactical_bear,TEN_DAY_NEW_BULL_REDEPLOY,1,2020-05-08 00:00:00+00:00,0.95,0.6556195307493861,0.6684030168262375,221.4498791435935,132.86992748615612,354.3198066297496,0.3544969665330645,0.17715990331486106,0.5316568698479256,,2,NEW_BULL,0,NEW_BULL_REDEPLOY,False,False,False,9800.01,0.9188878644651429,9091.486,8228.085,7320.009,8018.0971,10118.64233030766,8228.085,6337.527669692337,0.4595376276029384,0.19104384556066223,0.33879753426532666,0.2222363832436003,0.35198659051403025,0.23583488758327698,0.7643995475349895,0.43551399404994706,1.04166875,0.04809386584817332,9800.02,211.32,-0.1106069171287406,-0.10798788567102025,-0.04023869339042163,-0.060051107325383324,-0.05238866859455382,-0.00624645088018172,-0.007570392713484364,0.15521484005300024,-0.04987642882361476,0.14470944539087638,0.20663019055063137,0.8712379329926179,EX_POST_DIAGNOSTIC_ONLY,ABOVE_SMA20_NOT_NEAR_LOW
10,2020-05-10 00:00:00+00:00,TACTICAL_BUYBACK_NEW_BULL_REDEPLOY,BUY,tactical_bear,TEN_DAY_NEW_BULL_REDEPLOY,1,2020-05-09 00:00:00+00:00,0.95,0.6644615684302251,0.6773970731299837,221.44987914359348,132.8699274861561,354.31980662974956,0.35449696653306445,0.17715990331484682,0.5316568698479113,,2,NEW_BULL,0,NEW_BULL_REDEPLOY,False,False,False,9539.4,0.8686167422527468,9167.569,8349.018,7386.6298,8025.694100000001,10250.168881246416,8349.018,6447.867118753583,0.45541903999881583,0.14257748635827583,0.29144146360225065,0.1886074750843043,0.3396641360308057,0.20835106706390216,0.7728655326466058,0.397339614433053,0.9873749999999999,0.04985129339287986,9539.1,210.09,-0.0657200364814291,-0.09157979913370462,0.000679309368808223,-0.04074444285782286,-0.03630740845572433,-0.007187395877957026,0.014689016783553832,0.15693274311009575,-0.016152467213888078,0.16464372411823502,0.21021270350452337,0.7992765005473843,EX_POST_DIAGNOSTIC_ONLY,ABOVE_SMA20_NOT_NEAR_LOW
11,2020-05-11 00:00:00+00:00,TACTICAL_BUYBACK_NEW_BULL_REDEPLOY,BUY,tactical_bear,TEN_DAY_NEW_BULL_REDEPLOY,1,2020-05-10 00:00:00+00:00,0.95,0.6555221105050439,0.6693344525405986,221.44987914359345,132.8699274861561,354.31980662974956,0.3544969665330644,0.17715990331487205,0.5316568698479365,,2,NEW_BULL,0,NEW_BULL_REDEPLOY,False,False,False,8722.77,0.7246748992971691,9177.846000000001,8443.814999999999,7437.3456,8031.97485,10216.65330014472,8443.814999999999,6670.976699855277,0.41991405547012156,0.03303660726816049,0.17283375939932122,0.08600564156397983,0.27771894129486174,0.09934438378124955,0.8543544316447174,0.27500339844212496,0.81724375,0.04238008585750919,8722.77,187.62,0.07218005289604101,0.061294105106065366,0.13043333711653515,0.1463063639270865,0.007314190331740855,0.07840315531393238,0.11828008763271303,0.29863553992111713,0.05731321587064664,0.28195288348790104,0.34481592429927654,1.104626372454962,EX_POST_DIAGNOSTIC_ONLY,ABOVE_SMA20_NOT_NEAR_LOW
12,2020-05-12 00:00:00+00:00,TACTICAL_BUYBACK_NEW_BULL_REDEPLOY,BUY,tactical_bear,TEN_DAY_NEW_BULL_REDEPLOY,1,2020-05-11 00:00:00+00:00,0.95,0.6662942752449461,0.680239874627375,221.44987914359345,132.8699274861561,354.31980662974956,0.3544969665330644,0.17715990331487386,0.5316568698479383,,2,NEW_BULL,0,NEW_BULL_REDEPLOY,False,False,False,8561.52,0.6966485819393685,9151.302,8529.822499999998,7492.2522,8037.7204,10143.0712024743,8529.822499999998,6916.573797525695,0.37826079088382036,0.0037160796722326417,0.14271647182405323,0.06516768112511118,0.2514335578984912,0.7836500000000002,0.8640008071162206,0.2015932318522864,0.7024400622791547,0.03667165567686759,8562.04,185.8,0.10639170104320916,0.07325080731969846,0.11305249683486629,0.13186221743810544,0.039911049235929585,0.10037674919268014,0.15500161176542027,0.33573735199138866,0.08247567168571979,0.2946178686759955,0.40263301736502033,1.1376210979547903,EX_POST_DIAGNOSTIC_ONLY,ABOVE_SMA20_NOT_NEAR_LOW
13,2020-05-13 00:00:00+00:00,TACTICAL_BUYBACK_NEW_BULL_REDEPLOY,BUY,tactical_bear,TEN_DAY_NEW_BULL_REDEPLOY,1,2020-05-12 00:00:00+00:00,0.95,0.6856625395548047,0.6993605307728653,221.44987914359348,132.86992748615606,354.31980662974956,0.3544969665330644,0.17715990331483483,0.5316568698478992,,2,NEW_BULL,0,NEW_BULL_REDEPLOY,False,False,False,8810.79,0.736695400397326,9135.176,8614.105,7539.121799999999,8038.499249999999,10095.765952735146,8614.105,7132.444047264853,0.3440081013024909,0.022832900225850716,0.1686759059921279,0.0960739966480686,0.2365778075939562,0.5793908866023734,0.8575434028392029,0.17753685653915396,0.7520068721825743,0.031750680139867926,8810.99,189.77,0.0674941181410944,0.046688096116351385,0.10366712480663343,0.12188438636243881,0.0020326887216985945,0.06260209727564936,0.06270010520951685,0.2307530168098224,0.052375499234478706,0.2689571586657533,0.3430738203085011,1.0770933234968645,EX_POST_DIAGNOSTIC_ONLY,ABOVE_SMA20_NOT_NEAR_LOW
14,2020-05-14 00:00:00+00:00,TACTICAL_BUYBACK_NEW_BULL_REDEPLOY,BUY,tactical_bear,TEN_DAY_NEW_BULL_REDEPLOY,1,2020-05-13 00:00:00+00:00,0.95,0.7106872704514577,0.7238754441843039,221.4498791435934,132.86992748615606,354.31980662974945,0.3544969665330643,0.17715990331485265,0.5316568698479169,,2,NEW_BULL,0,NEW_BULL_REDEPLOY,False,False,False,9309.37,0.8212320327881389,9176.697,8705.454,7590.4148,8038.8961,10120.538285636732,8705.454,7290.369714363268,0.3251029264267509,0.06937214302665895,0.22646393448748037,0.15804084095576276,0.24417064601016536,0.7999346488633157,0.8635358271651096,0.24042238507661562,0.8511484459044298,0.030985875460322276,9309.35,199.61,0.0253755632777799,0.009618756575321852,0.018693034422381904,0.04879515054355976,-0.014656232712273232,0.03396623415660516,0.010654879234318182,0.18095285807324268,-0.004013169555339591,0.2107609839186413,0.2225225176838339,0.8905866439557135,EX_POST_DIAGNOSTIC_ONLY,ABOVE_SMA20_NOT_NEAR_LOW
15,2020-05-15 00:00:00+00:00,TACTICAL_BUYBACK_NEW_BULL_REDEPLOY,BUY,tactical_bear,TEN_DAY_NEW_BULL_REDEPLOY,1,2020-05-14 00:00:00+00:00,0.95,0.7314044371139836,0.7442306360271614,221.44987914359345,132.86992748615606,354.3198066297495,0.3544969665330644,0.1771599033148506,0.5316568698479149,,2,NEW_BULL,0,NEW_BULL_REDEPLOY,False,False,False,9791.98,0.9071606033000844,9268.699,8819.803,7652.705800000001,8040.20635,10197.500553443431,8819.803,7442.1054465565685,0.3124100512094049,0.11022661163747083,0.2795448114574062,0.217876702878403,0.3047275149900066,0.8264189655494001,0.8789266395085861,0.29890020388211713,0.9471144190559895,0.03399607670616844,9791.97,203.29,0.0069996129481606495,0.05794677554232863,-0.08133399101508687,-0.029858822371980898,-0.027646122281828833,0.09149490875104527,-0.03647478495134282,0.16906881794480788,-0.05870728770615097,0.17398789906045553,0.18129549008013712,0.9407742633676031,EX_POST_DIAGNOSTIC_ONLY,ABOVE_SMA20_NOT_NEAR_LOW
16,2020-05-16 00:00:00+00:00,TACTICAL_BUYBACK_NEW_BULL_REDEPLOY,BUY,tactical_bear,TEN_DAY_NEW_BULL_REDEPLOY,1,2020-05-15 00:00:00+00:00,0.95,0.7354440862991369,0.7487173518669131,221.4498791435935,132.86992748615612,354.3198066297496,0.3544969665330645,0.17715990331486697,0.5316568698479315,,2,NEW_BULL,0,NEW_BULL_REDEPLOY,False,False,False,9316.42,0.8199738175504441,9298.158,8908.6905,7704.286999999999,8040.762749999999,10168.655552824488,8908.6905,7648.725447175513,0.2828620104884073,0.04576761309644772,0.2092514206700764,0.15864878614905042,0.23581745851721858,0.8525503234260692,0.9187282625762,0.21100986598380356,0.7536328454403083,0.03419803914626085,9315.96,194.87,0.022975624626984326,0.07918099245650945,-0.003150507301448058,0.07764150459280539,0.008611028815065813,0.14281315748960832,-0.016312865233427343,0.1582593523887721,-0.00870656378945367,0.22779288756606952,0.2584027840394334,1.1606712167085749,EX_POST_DIAGNOSTIC_ONLY,ABOVE_SMA20_NOT_NEAR_LOW
17,2020-05-17 00:00:00+00:00,TACTICAL_BUYBACK_NEW_BULL_REDEPLOY,BUY,tactical_bear,TEN_DAY_NEW_BULL_REDEPLOY,1,2020-05-16 00:00:00+00:00,0.95,0.7516454564137155,0.7647612119397063,221.4498791435935,132.86992748615612,354.3198066297496,0.3544969665330645,0.17715990331484602,0.5316568698479105,,2,NEW_BULL,0,NEW_BULL_REDEPLOY,False,False,False,9381.27,0.8302734987545679,9321.993,8993.099,7764.7302,8040.630999999999,10136.841531724693,8993.099,7849.356468275308,0.25436004467974666,0.0431632076995927,0.20819007980470472,0.1667330586368161,0.21943949773173355,0.7658395825804121,0.9180631744040179,0.2122101362195019,0.7395142628276445,0.03304192980630316,9380.81,200.44,0.03662690108849875,0.062163240870085845,-0.02004624334145977,0.04061065655557772,0.02089158612102815,0.18424466174416287,0.019369329514189237,0.16284174815406116,-0.01889175881400429,0.18958291758132106,0.26733938753689723,1.1907802833765717,EX_POST_DIAGNOSTIC_ONLY,ABOVE_SMA20_NOT_NEAR_LOW
18,2020-05-18 00:00:00+00:00,TACTICAL_BUYBACK_NEW_BULL_REDEPLOY,BUY,tactical_bear,TEN_DAY_NEW_BULL_REDEPLOY,1,2020-05-17 00:00:00+00:00,0.95,0.770655228379715,0.7834495079333711,221.44987914359353,132.8699274861561,354.3198066297496,0.35449696653306445,0.17715990331484865,0.5316568698479132,,2,NEW_BULL,0,NEW_BULL_REDEPLOY,False,False,False,9680.04,0.8824689468273621,9291.357,9088.369999999999,7833.597999999999,8043.2576,10122.430006924165,9088.369999999999,8054.309993075833,0.22755675812586118,0.0651018829559098,0.23570803607741952,0.20349744859595198,0.24508207475092036,0.794913443994482,0.9223496176652461,0.2508159990076213,0.6643266468254994,0.030450453371804187,9681.11,207.02,-0.020425343788057382,0.011254951212443132,-0.09240056150586051,-0.02265481595981067,-0.012944796619395849,0.15346343348468738,-0.022801104418811446,0.12549512124432427,-0.05797888878444735,0.12631629794222765,0.23219238289824196,1.0613950342962033,EX_POST_DIAGNOSTIC_ONLY,ABOVE_SMA20_NOT_NEAR_LOW
19,2020-06-21 00:00:00+00:00,TACTICAL_SELL_STAGE2,SELL,tactical_bear,EARLY_BEAR_STAGE2,2,2020-06-20 00:00:00+00:00,0.7,0.7901699532378177,0.7,1614.1161987071819,968.4697192243092,2582.585917931491,2.581294624972526,1.2912929589654611,3.872587583937987,,2,EARLY_BEAR,2,STAGE_RISK_SELL,False,False,False,9358.95,0.7670872967689386,9403.322,9584.061,9394.7538,8247.11395,10035.246086273906,9584.061,9132.875913726093,0.09415321673639318,-0.023488060019651313,-0.00381104186040504,0.13481516767450508,-0.009453582507697122,0.36799354515250604,0.5629207864829024,0.008464074824361179,0.31351103276567205,-0.00269283707211887,9358.95,228.88,0.03122251962025646,0.07222125131073054,-0.041366819995833026,-0.0417686123732961,-0.024484584274945487,-0.0027962250961202084,-0.01903204953547144,0.03556448794127931,0.25011780167647,0.778049632995456,0.1727811346358299,0.6727979727368054,EX_POST_DIAGNOSTIC_ONLY,BELOW_SMA20_FALLING
20,2020-09-05 00:00:00+00:00,TACTICAL_SELL_STAGE2,SELL,tactical_bear,EARLY_BEAR_STAGE2,2,2020-09-04 00:00:00+00:00,0.7,0.7664510685268818,0.7,1527.7753681651711,916.6652208991027,2444.440589064274,2.443218368769742,1.2222202945318343,3.6654386633015763,,2,EARLY_BEAR,2,STAGE_RISK_SELL,False,False,False,10446.25,0.7818678798921365,11304.284,11534.8585,11092.316400000002,9074.964549999999,12487.112327910805,11534.8585,10582.604672089195,0.16510888762281822,-0.09437554002071202,-0.05824449796617792,0.15110642498322502,-0.11863841922311091,0.11793947047366271,0.6238531722901703,0.03011581869369917,0.1437015805170292,-0.014596705620118167,10446.25,385.3,-0.01373124326911579,-0.09473137814689847,-0.009948067488333101,-0.041629898780171315,0.05071197798252958,-0.006306773942382549,0.021024769654182096,-0.08640020763041789,0.330382673208089,0.002102257980794109,0.8344018188345099,0.5640799377108745,EX_POST_DIAGNOSTIC_ONLY,BELOW_SMA20_FALLING
21,2021-04-21 00:00:00+00:00,TACTICAL_SELL_STAGE2,SELL,tactical_bear,EARLY_BEAR_STAGE2,2,2021-04-20 00:00:00+00:00,0.7,0.93361025714673,0.7,24274.180073215142,14564.508043929087,38838.68811714423,38.81926877308567,19.419344058568754,58.23861283165442,,2,EARLY_BEAR,2,STAGE_RISK_SELL,False,False,False,56425.0,4.503594967753186,59910.655000000006,59054.7365,56628.8558,33905.11165,63640.7639633768,59054.7365,54468.7090366232,0.15531446705809274,-0.04453049248640706,-0.0035998573010193047,0.6642033384957162,-0.039419957763419,0.009283440060100956,0.5403522743733635,0.01423360248945138,0.2501201932130823,-0.005820190765025934,56425.0,2330.26,-0.11191971643774923,-0.014354621372722476,-0.0292591936198493,0.12746646296979725,-0.028884536996012344,0.41458034725738746,-0.2792749667700487,0.1976603469140783,-0.37036349136021274,-0.06303159304111994,-0.475401683650864,-0.25819865594397207,EX_POST_DIAGNOSTIC_ONLY,BELOW_SMA20_FALLING
22,2021-05-15 00:00:00+00:00,TACTICAL_SELL_STAGE2,SELL,tactical_bear,EARLY_BEAR_STAGE2,2,2021-05-14 00:00:00+00:00,0.7,0.7643388263005042,0.6999999999999998,8507.592799154685,5104.555679492811,13612.148478647496,13.605342404408173,6.806074239322744,20.411416643730917,,2,EARLY_BEAR,2,STAGE_RISK_SELL,False,False,False,49841.45,2.9586141531835373,54987.73299999999,54940.04650000001,56565.80360000001,39034.940950000004,61099.900194172216,54940.04650000001,48780.192805827806,0.2242391146928572,-0.09280291562913068,-0.11887665642568557,0.27684194690705666,-0.004123854296209428,-0.1036548740045895,0.9598842962091259,0.015788281967612727,0.015788281967612727,-0.0033742663961460195,49844.16,4075.02,-0.1016032770940467,-0.16943475124048468,-0.2586523676996464,-0.4282261191356117,-0.26854480043399276,-0.38029997398785775,-0.21806004956247638,-0.39182138983366954,-0.3614094409455392,-0.5375899995582845,-0.10025046063570942,-0.2421583206953586,EX_POST_DIAGNOSTIC_ONLY,BELOW_SMA20_FALLING
23,2021-05-20 00:00:00+00:00,TACTICAL_SELL_CRASH_L2,SELL,temporary_hedge,CRASH_BRAKE_LEVEL2,2,2021-05-19 00:00:00+00:00,0.5,0.5954901799541082,0.4999999999999999,9360.782426130598,5616.469455678359,14977.251881808956,14.969763255868052,7.488625940903075,22.45838919677113,1,2,EARLY_BEAR,2,CRASH_SELL,False,False,False,36690.09,1.5631836367388172,47790.229999999996,52429.599,55231.2036,39777.7561,64878.406948146396,52429.599,39980.79105185361,0.4748770994089195,-0.30020273471860814,-0.3356999737735211,-0.07762293308445323,-0.31490822518905803,-0.3685258134448425,1.0676083192103947,0.0,0.0,-0.03704129879161988,36671.23,2438.92,0.020461817070220878,-0.04966132550473157,0.025914865686261335,0.09854361766683617,0.026269639714838977,0.11762583438571173,-0.042752588336960606,-0.10269299526019715,-0.1398824091801667,-0.22687501025043877,0.22864109003161315,0.25050022140947625,EX_POST_DIAGNOSTIC_ONLY,BELOW_SMA20_FALLING
24,2021-05-25 00:00:00+00:00,TACTICAL_SELL_STAGE4,SELL,tactical_bear,FSM_BEAR_ACCELERATION,2,2021-05-24 00:00:00+00:00,0.25,0.5194293745903589,0.25000000000000006,17132.543114035456,26812.107255866118,43944.650369901574,43.92267804471663,21.972325184947493,65.89500322966413,,2,DEEP_BEAR,4,STAGE_RISK_SELL,False,False,False,38796.29,1.7112549681982372,40495.232,47741.4825,53171.503,40365.81355,64091.98106176971,47741.4825,31390.98393823029,0.6849598171472664,-0.18736729635490468,-0.2703555887822091,-0.03888249516031361,-0.2707465656491418,-0.2436453308763752,1.2974657455594374,0.1194924289970496,0.1194924289970496,-0.055443338801626996,38810.99,2647.92,-0.01478472978916534,0.025737182392217228,-0.05426298066604329,-0.006469228677603578,-0.15443821453665574,-0.059276715308619554,-0.16031000497539483,-0.28056361219372183,-0.13246273800281816,-0.19234342427263662,0.29499402102342676,0.2614504969938667,EX_POST_DIAGNOSTIC_ONLY,BELOW_SMA20_FALLING
25,2022-01-04 00:00:00+00:00,TACTICAL_SELL_STAGE4,SELL,tactical_bear,FSM_BEAR_ACCELERATION,2,2022-01-03 00:00:00+00:00,0.25,0.3319491913269284,0.25,2789.7164319820554,12209.96211226633,14999.678544248385,14.992178704976261,7.499839272123692,22.49201797709995,,2,DEEP_BEAR,4,STAGE_RISK_SELL,False,False,False,46446.1,1.5572569979987783,48067.772000000004,48143.65,51939.7118,47941.946899999995,51480.323517111676,48143.65,44806.97648288833,0.13861323423179067,-0.035260101799510446,-0.10576900813685297,-0.03120121306546264,-0.03924392387111508,-0.2434873778829909,0.4894695920934456,0.006826182713651541,0.006826182713651541,-0.003771269650435949,46446.1,3765.89,-0.09996512086052434,-0.13998019060567357,-0.08974101162422665,-0.1714574775152753,-0.09485317389404058,-0.15495938543080123,-0.2072352684078964,-0.2942836885835751,-0.15922714716628517,-0.30283677961916033,-0.00948755654403699,-0.07323633988247125,EX_POST_DIAGNOSTIC_ONLY,BELOW_SMA20_FALLING
26,2022-06-15 00:00:00+00:00,TACTICAL_BUYBACK_AHR999_TO_35,BUY,tactical_bear,AHR999<=0.35,2,2022-06-14 00:00:00+00:00,0.35,0.10343733063594943,0.35000000000000003,23571.16150049667,14142.696900297999,37713.85840079467,37.73271532999507,18.856929200395314,56.58964453039038,,2,ACCUMULATION,4,AHR_VALUE_BUY,True,True,True,22136.41,0.3444176288581714,28144.727000000003,29056.790499999996,31549.446200000002,40477.4452,34137.60347579233,29056.790499999996,23975.977524207658,0.3497160483565684,-0.23816740875080467,-0.29835820699762394,-0.4531174116690547,-0.25068385340945065,-0.45412150848665545,0.8933804162644834,0.0,0.0,-0.028596273215511392,22136.42,1208.9,-0.07574711719419835,-0.10706427330631152,-0.08215149513787678,-0.09893291421953854,-0.08372898598779743,-0.05294896186615927,-0.06887247350745951,-0.007428240549259724,0.1099364757264274,0.6426668872528742,0.00429879808930278,0.41957151129125636,EX_POST_DIAGNOSTIC_ONLY,BELOW_SMA20_FALLING
27,2022-06-18 00:00:00+00:00,TACTICAL_SELL_STAGE4,SELL,tactical_bear,ACCUMULATION_BEARISH_REBREAK,2,2022-06-17 00:00:00+00:00,0.25,0.32923678238090237,0.24999999999999994,7344.375047471349,4406.625028482809,11751.000075954158,11.745124575916183,5.875500037976682,17.620624613892865,,2,DEEP_BEAR,4,BEARISH_REBREAK_SELL,True,True,True,20468.81,0.29733660674917,25248.347,27886.358499999995,30476.7142,39945.8536,35528.9053009226,27886.358499999995,20243.811699077396,0.5481208169164578,-0.2659920082430266,-0.32837871347692715,-0.487586115821543,-0.29494067271461555,-0.49832737475653244,0.969781603670301,0.0033086110646816103,0.0033086110646816103,-0.04028084244197583,20468.81,1086.93,0.007095185308769736,0.04044418683815887,0.04063792667966526,0.12588667163478773,-0.0653633503852935,-0.04501669840744116,0.03963151741601001,0.2940207741068881,0.17284102006907087,0.7443625624465235,-0.03537284287655218,0.3557082792820143,EX_POST_DIAGNOSTIC_ONLY,BELOW_SMA20_FALLING
28,2022-06-19 00:00:00+00:00,TACTICAL_BUYBACK_AHR999_TO_35,BUY,tactical_bear,AHR999<=0.35,2,2022-06-18 00:00:00+00:00,0.35,0.23481002927054045,0.35,10454.23350605055,6272.54010363033,16726.77360968088,16.73513699648572,8.363386804839692,25.098523801325413,,2,ACCUMULATION,4,AHR_VALUE_BUY,True,True,True,18970.79,0.2563228699211545,24124.949,27361.493,30084.207800000004,39755.95475,35888.13815111339,27361.493,18834.84784888661,0.6232587637753093,-0.3066610071314456,-0.3694103522313791,-0.5228189055125132,-0.35622622428999484,-0.542797394656182,0.988539397255983,0.0,0.0,-0.047497748461153955,18970.79,995.12,0.07100864012516084,0.09464185223892585,0.1294326699098982,0.23932792025082406,0.01547115328354809,0.0676601816866309,0.15459345657191914,0.5236755366186991,0.2352311105652427,0.8577156523836322,0.048186712308765145,0.4476344561459924,EX_POST_DIAGNOSTIC_ONLY,BELOW_SMA20_FALLING
29,2022-06-26 00:00:00+00:00,TACTICAL_SELL_STAGE4,SELL,tactical_bear,ACCUMULATION_BEARISH_REBREAK,2,2022-06-25 00:00:00+00:00,0.25,0.39124875981884333,0.25,13697.82126718204,8218.692760309223,21916.514027491263,21.90555577047752,10.958257013745051,32.863812784222574,,2,DEEP_BEAR,4,BEARISH_REBREAK_SELL,True,True,True,21491.19,0.33556549105008915,20553.932,23982.555,27705.976000000002,38650.22115,32516.643488926216,23982.555,15448.466511073784,0.7116913513948965,-0.1038823845082395,-0.22431211230385828,-0.44395686853657235,-0.28169259816686343,-0.43611399364777836,1.033250795729765,0.13285688155316655,0.13285688155316655,-0.05075138698530013,21491.18,1242.31,-0.056219342074283585,-0.07841843018248251,-0.10361878686977632,-0.1447786784296995,-0.009129326542330451,-0.043620352408014096,-0.0162694649619054,0.1535365568980367,-0.0010353084381592437,0.3440526116669753,-0.1102433649525062,0.06386489684539298,EX_POST_DIAGNOSTIC_ONLY,BELOW_SMA20_FALLING
30,2022-06-27 00:00:00+00:00,TACTICAL_BUYBACK_AHR999_TO_35,BUY,tactical_bear,AHR999<=0.35,2,2022-06-26 00:00:00+00:00,0.35,0.244335047141769,0.35000000000000003,10158.905302563422,6095.343181538053,16254.248484101474,16.262375608343525,8.127124242049632,24.389499850393157,,2,ACCUMULATION,4,AHR_VALUE_BUY,True,True,True,21038.07,0.32241081172831354,20617.608,23465.8035,27417.2896,38503.055550000005,31376.081952080825,23465.8035,15555.525047919178,0.6741962577229306,-0.10345835803150749,-0.23267141621467935,-0.45359998837806526,-0.32942329575336826,-0.4638031365296724,0.9929854934563742,0.10897174023854572,0.10897174023854572,-0.05514213483495567,21038.08,1197.79,-0.0456824006753469,-0.08670969034638787,-0.09195420874908744,-0.12194959049582976,-0.023642366603796705,-0.03607477103665924,0.0018433241056217131,0.18949064527170867,0.024436165277439637,0.4085524173686541,-0.0943246722134341,0.10986066004892359,EX_POST_DIAGNOSTIC_ONLY,BELOW_SMA20_FALLING
31,2022-07-04 00:00:00+00:00,TACTICAL_SELL_STAGE4,SELL,tactical_bear,ACCUMULATION_BEARISH_REBREAK,2,2022-07-03 00:00:00+00:00,0.25,0.3283818554444742,0.25,7298.682214900624,4379.209328940375,11677.891543840999,11.67205259806908,5.8389457719201445,17.510998369989224,,2,DEEP_BEAR,4,BEARISH_REBREAK_SELL,True,True,True,19315.83,0.2766920579998825,20270.446,20511.7515,25943.254,37507.53795,22349.368645723072,20511.7515,18674.134354276925,0.1791770094058593,-0.05830421161254795,-0.25545847101523955,-0.4850147182214608,-0.14103802972418777,-0.5133325774754346,0.7414602663671187,0.01818796159780378,0.01818796159780378,-0.045683700750567824,19315.83,1074.26,0.06030183533402389,0.09486530262692461,0.06341223752745795,0.07476774710032941,0.1016880972756542,0.30928266900005585,0.1836260725011558,0.5079682758363897,0.04354873696858985,0.4855063020125481,-0.0002588550427291558,0.21902518943272575,EX_POST_DIAGNOSTIC_ONLY,BELOW_SMA20_FALLING
32,2022-07-05 00:00:00+00:00,TACTICAL_BUYBACK_AHR999_TO_35,BUY,tactical_bear,AHR999<=0.35,2,2022-07-04 00:00:00+00:00,0.35,0.26145902643982727,0.35,8364.075667567478,5018.445400540484,13382.521068107962,13.389212328642015,6.691260534053535,20.08047286269555,,2,ACCUMULATION,4,AHR_VALUE_BUY,True,True,True,20236.71,0.3044557681275605,20170.347999999998,20416.7665,25721.4104,37370.5596,22098.424815584785,20416.7665,18735.108184415218,0.1647330703012922,-0.008819050754192759,-0.21323482323504317,-0.4584852296405002,-0.085817890073413,-0.44637303070037815,0.775623559869788,0.06672995694960515,0.06672995694960515,-0.029456062538027683,20236.71,1151.01,0.09358487619776157,0.0939088278989757,-0.01454683098191345,-0.05635050955247989,0.08236714367108089,0.31731262108930425,0.14127938780562665,0.4345140354992574,-0.016653892851160146,0.3566693599534321,-0.05279613138696948,0.12231865926447205,EX_POST_DIAGNOSTIC_ONLY,BELOW_SMA20_FALLING
33,2022-07-12 00:00:00+00:00,TACTICAL_SELL_STAGE4,SELL,tactical_bear,ACCUMULATION_BEARISH_REBREAK,2,2022-07-11 00:00:00+00:00,0.25,0.3430219064196172,0.25,8700.707110115101,5220.424266069062,13921.131376184163,13.914170810496072,6.960565688091247,20.874736498587318,,2,DEEP_BEAR,4,BEARISH_REBREAK_SELL,True,True,True,19963.61,0.3014514999853473,20518.333000000002,20520.8635,24483.1,36428.0599,22050.715722031724,20520.8635,18991.011277968275,0.14910212935549466,-0.02715546058770868,-0.18459631337534865,-0.4519716379405646,-0.03666896357375582,-0.312305135249184,0.5414762464654574,0.036919286067851775,0.05233414106634471,0.0013333470937679781,19963.61,1096.37,0.032470079309303346,0.09444804217554315,0.09717380774318873,0.38296378047556945,0.0590033566073469,0.30708611144048104,0.21843594420047285,0.7150870600253565,0.067095079497145,0.5811268093800452,-0.025577538330993188,0.20687359194432564,EX_POST_DIAGNOSTIC_ONLY,BELOW_SMA20_NOT_FALLING
34,2022-07-13 00:00:00+00:00,TACTICAL_BUYBACK_AHR999_TO_35,BUY,tactical_bear,AHR999<=0.35,2,2022-07-12 00:00:00+00:00,0.35,0.2417067320529236,0.35,10007.909595030738,6004.745757018442,16012.65535204918,16.0206616797252,8.006327676023949,24.02698935574915,,2,ACCUMULATION,4,AHR_VALUE_BUY,True,True,True,19328.75,0.28347477177905656,20525.927,20487.9015,24287.492000000002,36270.603650000005,22089.00672248084,20487.9015,18886.79627751916,0.15629762984567658,-0.056577365915196354,-0.2041685489798618,-0.46709599358983933,-0.03298180557424746,-0.34002400378324205,0.5372327959372498,0.0039443592909294,0.018869008617985905,-0.0027515243791139676,19331.28,1038.58,0.07276910789145896,0.17676057694159342,0.21237962514639475,0.5037069845365789,0.09029821098240798,0.3718346203470124,0.24203415397221506,0.8332530955728015,0.11438145844455194,0.6954591846559726,-0.01482260874603214,0.2308825511756436,EX_POST_DIAGNOSTIC_ONLY,BELOW_SMA20_FALLING
35,2022-07-19 00:00:00+00:00,TACTICAL_BUYBACK_RIGHT_TO_50,BUY,tactical_bear,RIGHT_SIDE_TO_50,2,2022-07-18 00:00:00+00:00,0.5,0.42088600402920434,0.5,8203.067873575228,4921.840724145137,13124.908597720365,13.131471052019226,6.5624542988600245,19.69392535087925,,2,ACCUMULATION,4,RIGHT_SIDE_BUY,False,False,False,22432.58,0.38805729113895115,20782.675,20496.8595,23298.5476,35435.974799999996,22230.068399176154,20496.8595,18763.650600823843,0.16911945941534662,0.0944398579694612,-0.03716830829403284,-0.3669546237514537,0.10607264133593075,-0.26012039223951267,0.6113900041752723,0.16515874825544952,0.18248001269319847,0.005801221705758364,22432.58,1581.03,0.02127798050870644,-0.012384331733110598,-0.057552452727238856,-0.09359721194411241,0.018746394752632067,-0.0023275965667951537,0.04461056195943569,0.1692694003276345,-0.11356919266531096,-0.08884081895979201,-0.14470916853968652,-0.17674553930032955,EX_POST_DIAGNOSTIC_ONLY,ABOVE_SMA20_NOT_NEAR_LOW
36,2022-07-22 00:00:00+00:00,TACTICAL_BUYBACK_RIGHT_TO_60,BUY,tactical_bear,RIGHT_SIDE_TO_60,2,2022-07-21 00:00:00+00:00,0.6,0.5031934520422486,0.5999999999999999,10099.35827637912,6059.614965827472,16158.973242206592,16.167052728827695,8.0794866211031,24.246539349930796,,2,ACCUMULATION,4,RIGHT_SIDE_BUY,False,True,True,23152.19,0.4160866940947681,21518.095,21018.214,22827.167999999998,35078.70655,23489.978172654864,21018.214,18546.449827345135,0.2352021130486981,0.10152984454340408,0.014238384717718766,-0.3399930534211788,0.2008521872633533,-0.2357484698259784,0.6020884116549061,0.20253562986390028,0.2204125394883396,0.025435823473347385,23152.19,1575.45,-0.055478121076235065,-0.04058522961693489,0.032854775293395644,0.09620743279697863,0.0009990415593514879,0.05344504744676137,-0.08394324683755605,0.006423561522104659,-0.16361303185573373,-0.1399282744612651,-0.17752532265846122,-0.18754641530991145,EX_POST_DIAGNOSTIC_ONLY,ABOVE_SMA20_NOT_NEAR_LOW
37,2022-07-29 00:00:00+00:00,TACTICAL_SELL_STAGE4,SELL,tactical_bear,ACCUMULATION_BEARISH_REBREAK,2,2022-07-28 00:00:00+00:00,0.25,0.6148384562533349,0.25,39572.851995508594,23743.711197305154,63316.563192813745,63.28490491121735,31.658281596403945,94.9431865076213,,2,DEEP_BEAR,4,BEARISH_REBREAK_SELL,False,True,True,23842.93,0.44701210499416705,22684.864,21733.769500000002,21715.912999999997,34344.47725,24231.64445367219,21733.769500000002,19235.894546327814,0.22986118019446078,0.09704531466573241,0.097947390008424,-0.30577106105174456,0.10410771136503083,-0.19089014900858892,0.7118862751511837,0.23354743581452508,0.2568232530116037,0.00991104798364395,23845.25,1724.52,-0.019694907790859806,-0.01899079164057249,-0.0280949035971525,-0.0376162642358453,0.006913745924240766,0.10406373947533232,-0.16165357880500297,-0.13513325447080926,-0.1571050838217255,-0.1964952566511261,-0.12958220190603986,-0.09825922575557255,EX_POST_DIAGNOSTIC_ONLY,ABOVE_SMA20_NOT_NEAR_LOW
38,2022-08-27 00:00:00+00:00,TACTICAL_BUYBACK_AHR999_TO_35,BUY,tactical_bear,AHR999<=0.35,2,2022-08-26 00:00:00+00:00,0.35,0.22588501267622502,0.3499999999999999,13024.112920381878,7814.467752229128,20838.580672611006,20.84899996294731,10.419290336304325,31.26829029925164,,2,ACCUMULATION,4,AHR_VALUE_BUY,True,True,True,20241.05,0.3354278858932527,21612.105,22762.1845,22403.7638,31880.13335,25468.616996527922,22762.1845,20055.752003472076,0.23780076965178126,-0.11075977791147418,-0.09653350300006291,-0.3650889167312721,-0.1181987966477609,-0.0241778256878612,0.58888336399049,0.0,0.0513296500614715,-0.012411871587770684,20239.14,1508.18,0.0016907833040338272,0.02388309087774676,-0.0167719577017601,0.03538039226087064,0.05256794508067042,0.14939861289766476,-0.06772768012870112,-0.13589226750122663,0.0005943928447551539,-0.014023525043429852,-0.18546687260427064,-0.2135156281080507,EX_POST_DIAGNOSTIC_ONLY,BELOW_SMA20_FALLING
39,2022-08-29 00:00:00+00:00,TACTICAL_SELL_STAGE4,SELL,tactical_bear,ACCUMULATION_BEARISH_REBREAK,2,2022-08-28 00:00:00+00:00,0.25,0.3393761406013559,0.25,9234.526595998963,5540.715957599377,14775.24255359834,14.767854932321542,7.38762127679785,22.155476209119392,,2,DEEP_BEAR,4,BEARISH_REBREAK_SELL,True,True,True,19555.61,0.314772172884524,20918.04,22392.625500000002,22331.8964,31636.02085,25565.323318170304,22392.625500000002,19219.9276818297,0.2833698815862661,-0.12669418778070496,-0.12431933008609164,-0.38185620458648795,-0.1786808063838723,-0.028196576953447683,0.5682407319691524,0.0,0.015727574312528914,-0.02206395646227366,19555.61,1426.76,0.023899024372034505,0.08631444671843913,0.016839157663708804,0.10423617146541808,0.10745049630259551,0.21029465362079125,-0.041418293778613835,-0.09779500406515462,0.03769762231911966,0.05677198687936302,-0.15486042112723664,-0.14736185483192688,EX_POST_DIAGNOSTIC_ONLY,BELOW_SMA20_FALLING
40,2022-08-30 00:00:00+00:00,TACTICAL_BUYBACK_AHR999_TO_35,BUY,tactical_bear,AHR999<=0.35,2,2022-08-29 00:00:00+00:00,0.35,0.26344576273727643,0.3499999999999999,9096.80356797122,5458.0821407827325,14554.88570875395,14.562163151608328,7.277442854376686,21.83960600598501,,2,ACCUMULATION,4,AHR_VALUE_BUY,True,True,True,20285.73,0.33956441630548523,20863.174,22249.414500000003,22320.3616,31519.9723,25529.21137378086,22249.414500000003,18969.617626219144,0.294820960235233,-0.08825780561551422,-0.09115585295894135,-0.3564166298458328,-0.12372467327143255,0.017225773873607908,0.5951925775941194,0.03733557787253883,0.0536503502605592,-0.022527275446695194,20287.2,1551.79,-0.006417346898537124,0.028373684583609782,-0.024507571276469964,0.05708891022625484,0.09584269884459173,0.10589706081364092,-0.03843310067431682,-0.13519226183955302,0.02302289128120183,0.024313856900740394,-0.20254051815923346,-0.24439518233781632,EX_POST_DIAGNOSTIC_ONLY,BELOW_SMA20_FALLING
41,2022-09-06 00:00:00+00:00,TACTICAL_SELL_STAGE4,SELL,tactical_bear,ACCUMULATION_BEARISH_REBREAK,2,2022-09-05 00:00:00+00:00,0.25,0.3543374088607813,0.25,11047.97650235254,6628.785901411524,17676.762403764063,17.667924022562183,8.838381201881154,26.506305224443338,,2,DEEP_BEAR,4,BEARISH_REBREAK_SELL,True,True,True,19796.84,0.3290305942168055,19945.298000000003,20778.7015,22253.045,30727.2659,22904.184087756385,20778.7015,18653.218912243614,0.2045828116599476,-0.04725326556137299,-0.11037613054752726,-0.35572399886056894,-0.1701087498752869,-0.08453834408170546,0.5684470362119806,0.012335590656594064,0.024217292892711573,-0.029485675366632158,19795.34,1617.8,0.007849827282582655,0.03409568549882569,0.12307138952905095,0.06077389046853754,-0.021780378614360774,-0.1624428235875881,0.02830716724239135,-0.1515885770799852,0.08331607337888625,0.017894671776486515,-0.13126624751077776,-0.20209543824947462,EX_POST_DIAGNOSTIC_ONLY,BELOW_SMA20_FALLING
42,2022-09-07 00:00:00+00:00,TACTICAL_BUYBACK_AHR999_TO_35,BUY,tactical_bear,AHR999<=0.35,2,2022-09-06 00:00:00+00:00,0.35,0.2425038003595146,0.35,11257.910072859495,6754.746043715696,18012.656116575192,18.021662444633478,9.006328058286389,27.027990502919863,,2,ACCUMULATION,4,AHR_VALUE_BUY,True,True,True,18790.61,0.2971105055280116,19820.599,20551.099,22180.2056,30621.346750000004,22496.912342374006,20551.099,18605.28565762599,0.1893634342741483,-0.08566398322542257,-0.1528207475227371,-0.3863558597402318,-0.19500990889641534,-0.12985285775477828,0.5942458835486734,0.0,0.0,-0.029982716443592516,18790.61,1559.01,0.13370827237646887,0.11192359253628914,0.08155296714688887,0.02816531003649758,0.012269958239780276,-0.14226977376668526,0.06339709035523589,-0.1307368137471857,0.13002611410699272,0.039916357175386885,-0.09508632237058823,-0.19062738532786838,EX_POST_DIAGNOSTIC_ONLY,BELOW_SMA20_FALLING
43,2022-09-14 00:00:00+00:00,TACTICAL_SELL_STAGE4,SELL,tactical_bear,ACCUMULATION_BEARISH_REBREAK,2,2022-09-13 00:00:00+00:00,0.25,0.3576794673682381,0.25,11420.364160608988,6852.218496365393,18272.58265697438,18.263446365645894,9.136291328487516,27.39973769413341,,2,DEEP_BEAR,4,BEARISH_REBREAK_SELL,True,True,True,20173.57,0.34659556680311576,20460.499000000003,20303.046000000002,21924.578600000004,30008.928249999997,22155.563363335863,20303.046000000002,18450.52863666414,0.18248664395833616,-0.006377171188993169,-0.07986509715630308,-0.3277477345429688,-0.05590160650839948,-0.03151554197687578,0.7847061805208623,0.0735984622106467,0.0735984622106467,0.00024423482043656186,20173.62,1574.4,-0.014310272524217238,-0.08500381097560983,-0.057126584123226354,-0.15065421747967478,-0.0707840238886227,-0.18239964430894318,-0.01768497671711866,-0.15538617886178863,-0.1615485966326321,-0.19197789634146345,-0.14976241249711253,-0.1935658028455285,EX_POST_DIAGNOSTIC_ONLY,BELOW_SMA20_NOT_FALLING
44,2022-09-15 00:00:00+00:00,TACTICAL_BUYBACK_AHR999_TO_35,BUY,tactical_bear,AHR999<=0.35,2,2022-09-14 00:00:00+00:00,0.35,0.25573376570398393,0.35000000000000003,10064.104701071697,6038.462820643018,16102.567521714715,16.110618805475575,8.051283760856602,24.161902566332174,,2,ACCUMULATION,4,AHR_VALUE_BUY,True,True,True,20226.71,0.3491161418298461,20483.14,20236.4295,21904.0194,29914.478199999998,21997.034736997743,20236.4295,18475.824263002254,0.174003545140979,-0.0004802971789069632,-0.07657541610833318,-0.32384881110846186,-0.06179913391319847,-0.04571184585480004,0.7834682047182063,0.07642647045519002,0.07642647045519002,-0.004085299494344108,20227.17,1638.4,-0.01121461875289509,-0.11388549804687509,-0.07597602630521216,-0.22918090820312498,-0.03557937170647196,-0.180908203125,-0.05073275203599892,-0.2063842773437501,-0.20207374536329092,-0.27183227539062504,-0.1209012432287857,-0.19446411132812502,EX_POST_DIAGNOSTIC_ONLY,BELOW_SMA20_FALLING
45,2022-09-22 00:00:00+00:00,TACTICAL_SELL_STAGE4,SELL,tactical_bear,ACCUMULATION_BEARISH_REBREAK,2,2022-09-21 00:00:00+00:00,0.25,0.3053098906482515,0.24999999999999994,5529.342405645519,3317.605443387311,8846.94784903283,8.842524375108315,4.423473924516511,13.265998299624826,,2,DEEP_BEAR,4,BEARISH_REBREAK_SELL,True,True,True,18461.36,0.29610439668811445,19870.438000000002,20026.191,21346.951399999998,29143.15065,22052.898892055735,20026.191,17999.483107944263,0.20240572878344526,-0.07813922278080732,-0.1351758078205021,-0.3665283406823414,-0.08295970585342538,-0.17770689771133397,0.7477106023115679,0.0,0.0,-0.007728996953202949,18461.36,1245.79,0.032083768476428576,0.06709798601690498,0.056666464442489684,0.07722810425513127,0.10261053356849104,0.10175872338034497,0.03736777788851953,0.04255933985663707,-0.12933012519121023,-0.09686223199736721,-0.08798160048880488,-0.028303325600622875,EX_POST_DIAGNOSTIC_ONLY,BELOW_SMA20_FALLING
46,2022-09-23 00:00:00+00:00,TACTICAL_BUYBACK_AHR999_TO_35,BUY,tactical_bear,AHR999<=0.35,2,2022-09-22 00:00:00+00:00,0.35,0.2611190894336699,0.35,9010.29697401624,5406.178184409745,14416.475158425987,14.423683396005199,7.208237579213003,21.6319209752182,,2,ACCUMULATION,4,AHR_VALUE_BUY,True,True,True,19401.63,0.3277231063066254,19571.027,19998.6795,21278.6166,29048.05475,22043.533435669735,19998.6795,17953.825564330262,0.2044988956065561,-0.029854446139806257,-0.08820999199731805,-0.33208505123738097,-0.027577879957056628,-0.14074823026721373,0.7824544997047637,0.050931784007245406,0.050931784007245406,-0.008417480037010372,19401.63,1326.47,-0.027484288691208003,-0.017520185153075407,-0.0001809126346601353,0.0007689582123981964,0.029907280986185114,0.021651450843215514,-0.010516642158416634,-0.009988917955174315,-0.18317069235935335,-0.16740672612271668,-0.1313719517380757,-0.08417830783960445,EX_POST_DIAGNOSTIC_ONLY,BELOW_SMA20_FALLING
47,2022-09-30 00:00:00+00:00,TACTICAL_SELL_STAGE4,SELL,tactical_bear,ACCUMULATION_BEARISH_REBREAK,2,2022-09-29 00:00:00+00:00,0.25,0.35218295946039213,0.2500000000000001,10401.669239562805,6241.001543737682,16642.670783300488,16.63434944790884,8.321335391649292,24.955684839558128,,2,DEEP_BEAR,4,BEARISH_REBREAK_SELL,True,True,True,19591.51,0.3395842869145858,19106.706,19795.514499999997,20705.638,28352.71705,21833.839393009974,19795.514499999997,17757.18960699002,0.20593805662489617,-0.010305592208780356,-0.053807953176811085,-0.3090076705717345,-0.0827991990677952,-0.15892152771695922,0.5928182003660948,0.061217050098150816,0.061217050098150816,-0.004749276362932209,19590.54,1335.69,-0.02155377034017436,-0.03285942097342953,0.01997596799271495,0.014599195921209285,0.011552004181609954,-0.004439652913475478,0.060486336772748395,0.21448839176755086,-0.16859565892517514,-0.11306515733441136,-0.15477929653802291,-0.10536876071543544,EX_POST_DIAGNOSTIC_ONLY,BELOW_SMA20_FALLING
48,2022-10-01 00:00:00+00:00,TACTICAL_BUYBACK_AHR999_TO_35,BUY,tactical_bear,AHR999<=0.35,2,2022-09-30 00:00:00+00:00,0.35,0.24886159995316065,0.35000000000000003,10268.913818622987,6161.348291173794,16430.26210979678,16.438477240851682,8.215131054898247,24.653608295749926,,2,ACCUMULATION,4,AHR_VALUE_BUY,True,True,True,19422.61,0.33456079120504706,19161.466999999997,19684.228000000003,20615.4024,28251.473249999995,21540.689342357877,19684.228000000003,17827.76665764213,0.18862424702232403,-0.013290742212496376,-0.05785928292139464,-0.31250983521717746,-0.10281296395012274,-0.16526552979820786,0.5879001150462221,0.05206821165937936,0.05206821165937936,-0.009812421891081335,19422.61,1328.71,0.009044098604667372,0.00021825680547293835,0.004230636356287842,0.0017611066372646977,-0.0114104129156688,-0.021411745226573187,0.056298303883978384,0.19118543549758793,-0.13269895240649943,-0.047881027462727044,-0.14537335610404567,-0.09868218046074773,EX_POST_DIAGNOSTIC_ONLY,BELOW_SMA20_FALLING
49,2022-10-08 00:00:00+00:00,TACTICAL_SELL_STAGE4,SELL,tactical_bear,ACCUMULATION_BEARISH_REBREAK,2,2022-10-07 00:00:00+00:00,0.25,0.35109683852171086,0.24999999999999994,10289.741168387254,6173.8447010323525,16463.585869419607,16.4553540764849,8.231792934709574,24.687147011194472,,2,DEEP_BEAR,4,BEARISH_REBREAK_SELL,True,True,True,19530.09,0.3446533443939338,19641.060999999998,19371.327,20022.401400000002,27503.715450000003,20252.960990162235,19371.327,18489.693009837767,0.09102463555152769,0.00819577306190733,-0.02458802968559015,-0.2899108472997237,-0.029011684619675515,-0.179752624947501,0.4372382466838532,0.05789010127097893,0.05789010127097893,7.800796868706605e-05,19530.09,1331.1,-0.02485139597410957,-0.03961385320411692,-0.016850920809888703,-0.023168807752986242,-0.019399296162997626,-0.024258132371722585,0.07085118399351975,0.19262264292690268,-0.12826669001525348,-0.05170911276387946,-0.13807053628529098,-0.06016076928855829,EX_POST_DIAGNOSTIC_ONLY,ABOVE_SMA20_NOT_NEAR_LOW
50,2022-10-09 00:00:00+00:00,TACTICAL_BUYBACK_AHR999_TO_35,BUY,tactical_bear,AHR999<=0.35,2,2022-10-08 00:00:00+00:00,0.35,0.24822768345202736,0.35,10323.209627379609,6193.925776427765,16517.135403807373,16.525393971509278,8.2585677019028,24.78396167341208,,2,ACCUMULATION,4,AHR_VALUE_BUY,True,True,True,19417.96,0.3417369699372312,19641.575,19371.415999999997,19994.0728,27388.984600000003,20253.068442826185,19371.415999999997,18489.76355717381,0.09102612249163276,0.002402715423591273,-0.028814179370198256,-0.2910303071257342,9.167611754734573e-05,-0.16120941945878942,0.4114056092534129,0.05181633422456411,0.05181633422456411,-0.0010941782795378385,19416.52,1315.48,-0.01894211733101503,-0.024150880287043486,-0.015094877969893727,-0.0242116945905676,-0.011275449977647956,-0.0017180040745583547,0.03770706594178552,0.14564265515249186,-0.13298984576020834,-0.06356615075865857,-0.12690533628065181,-0.03720315018092257,EX_POST_DIAGNOSTIC_ONLY,ABOVE_SMA20_NOT_NEAR_LOW
51,2022-10-16 00:00:00+00:00,TACTICAL_SELL_STAGE4,SELL,tactical_bear,ACCUMULATION_BEARISH_REBREAK,2,2022-10-15 00:00:00+00:00,0.25,0.34451755680406687,0.24999999999999994,9514.247229752733,5708.54833785164,15222.795567604373,15.21518416982057,7.6113977838013955,22.826581953621968,,2,DEEP_BEAR,4,BEARISH_REBREAK_SELL,True,True,True,19069.39,0.3381881646537407,19331.659,19427.169499999996,19707.174199999998,26475.606849999996,20138.212432448065,19427.169499999996,18716.126567551928,0.07320087802271642,-0.018416450219369218,-0.032363046752791114,-0.2797373783332183,0.013931233377535657,-0.2006037374542754,0.29908234588979865,0.0006606565635363104,0.03293527670767471,0.0015560664539304714,19068.4,1274.93,0.01118237502884356,0.023711105707764357,0.00677508338402788,0.03003302142078379,0.08952507813974941,0.27236789470794465,-0.1177518826959787,-0.014424321335289036,-0.07021249816450248,0.013420344646372762,0.09957993329277737,0.2205219110068788,EX_POST_DIAGNOSTIC_ONLY,BELOW_SMA20_NOT_FALLING
52,2022-10-17 00:00:00+00:00,TACTICAL_BUYBACK_AHR999_TO_35,BUY,tactical_bear,AHR999<=0.35,2,2022-10-16 00:00:00+00:00,0.35,0.2536651298731828,0.3499999999999999,9734.65478519903,5840.792871119418,15575.447656318449,15.583235380146608,7.7877238281584,23.370959208305006,,2,ACCUMULATION,4,AHR_VALUE_BUY,True,True,True,19262.98,0.34650889402676827,19261.89,19428.927499999998,19691.6818,26336.5818,20138.161793643747,19428.927499999998,18719.69320635625,0.07300807454696087,-0.008541258903766002,-0.021770705232500687,-0.2685846574060724,0.0018286004341625528,-0.17477356907910235,0.286461253730069,0.010819235128668003,0.043421503074529744,0.0014267123802218507,19262.98,1305.96,-0.011467073111221637,-0.019893411743085565,0.0066962640256078565,0.03225213635945967,0.065051720969445,0.21193604704585134,-0.11903609929512449,-0.03147110171827627,-0.09537568953505637,-0.02616466047964716,0.07559110791788193,0.16802964868755565,EX_POST_DIAGNOSTIC_ONLY,BELOW_SMA20_NOT_FALLING
53,2022-10-24 00:00:00+00:00,TACTICAL_SELL_STAGE4,SELL,tactical_bear,ACCUMULATION_BEARISH_REBREAK,2,2022-10-23 00:00:00+00:00,0.25,0.35762218628060355,0.24999999999999994,11012.597868619221,6607.558721171532,17620.156589790753,17.61134651149586,8.810078294893966,26.42142480638983,,2,DEEP_BEAR,4,BEARISH_REBREAK_SELL,False,True,True,19570.4,0.36762795993323605,19249.161,19402.898,19598.963200000002,25415.1898,20119.57154673475,19402.898,18686.22445326525,0.07387283556659936,0.008632834126118816,-0.001457383215046848,-0.22997230577439942,-0.002989442194947456,-0.08412922452555405,0.2603534836433743,0.027753503848351624,0.06007358071128022,-0.00014869278532347874,19570.4,1364.19,0.06054705064791732,0.13992185839215932,0.048321444630666566,0.16020495678754432,0.06864550545722103,0.16369420681869817,-0.152467501941708,-0.14176177805144452,-0.14011823979070437,-0.10277160806046082,0.16289396231042796,0.18935045704777198,EX_POST_DIAGNOSTIC_ONLY,ABOVE_SMA20_NEAR_20D_LOW
54,2022-11-09 00:00:00+00:00,TACTICAL_BUYBACK_AHR999_TO_35,BUY,tactical_bear,AHR999<=0.35,2,2022-11-08 00:00:00+00:00,0.35,0.24480399618522705,0.35000000000000003,10678.931913733666,6407.359148240199,17086.291061973865,17.094834207504853,8.543145530984997,25.63797973848985,,2,ACCUMULATION,4,AHR_VALUE_BUY,False,True,True,18547.23,0.3466006091227056,20445.333000000002,20165.6185,19657.5158,23768.07145,21665.711066935728,20165.6185,18665.525933064273,0.1487772434984553,-0.08025484068341371,-0.05648149091148136,-0.21965776487094835,-0.030157964062901277,-0.1316884604058688,0.5738359786497659,0.0,0.004651336629587277,0.005090516428227776,18545.38,1334.78,-0.08832064913202109,-0.05651867723519988,-0.08494784145700973,-0.05238316426677059,-0.10562361084000449,-0.12285170589909944,-0.07240185965453394,-0.03805870630366048,-0.08634819022311757,-0.053896522273333525,0.23362206652007123,0.22377470444567638,EX_POST_DIAGNOSTIC_ONLY,BELOW_SMA20_NOT_FALLING
55,2022-11-16 00:00:00+00:00,TACTICAL_SELL_STAGE4,SELL,tactical_bear,ACCUMULATION_BEARISH_REBREAK,2,2022-11-15 00:00:00+00:00,0.25,0.3334040242469493,0.25000000000000006,8262.064602894814,4957.238761736888,13219.303364631702,13.212693712949385,6.609651682315464,19.82234539526485,,2,DEEP_BEAR,4,BEARISH_REBREAK_SELL,True,True,True,16900.57,0.29527191229087774,17730.017,19170.309,19342.968399999998,22979.3308,22916.66143379498,19170.309,15423.956566205023,0.3908494572304472,-0.11839866535275989,-0.1262680240949987,-0.26453167208855355,-0.18636127518403744,-0.1465780955699303,0.9396497678784128,0.06140624676172113,0.06140624676172113,-0.02623955116513088,16900.57,1253.22,-0.01608643968812884,-0.035652160035748004,-0.0185804384112489,-0.06576658527632828,-0.0032732623810912687,0.009471601155423448,0.03107528325967701,0.014817829271795757,0.22594030852213853,0.21718453264390924,0.28400521402532575,0.19550438071527743,EX_POST_DIAGNOSTIC_ONLY,BELOW_SMA20_FALLING
56,2022-11-17 00:00:00+00:00,TACTICAL_BUYBACK_AHR999_TO_35,BUY,tactical_bear,AHR999<=0.35,2,2022-11-16 00:00:00+00:00,0.35,0.2454656914453571,0.35,10282.471327788659,6169.482796673195,16451.954124461852,16.460180101524085,8.225977062229418,24.686157163753503,,2,ACCUMULATION,4,AHR_VALUE_BUY,True,True,True,16662.76,0.288003960815362,17305.735,18988.6915,19294.641,22874.4906,22849.745997483387,18988.6915,15127.637002516614,0.40666883207654264,-0.12249035169168987,-0.1364047664841238,-0.27155711174613006,-0.17897661062196768,-0.1715683203719669,0.9378962926522437,0.04647106886284513,0.04647106886284513,-0.028059685342455065,16661.61,1216.16,0.0011031346910652662,0.0023269964478358496,0.003028518852619788,-0.011708985659781623,0.029371111195136468,0.05908762004999324,0.0009146775131574358,-0.03359755295355882,0.26492457811700065,0.290282528614656,0.3263718212105553,0.2738619918431784,EX_POST_DIAGNOSTIC_ONLY,BELOW_SMA20_FALLING
57,2022-11-24 00:00:00+00:00,TACTICAL_SELL_STAGE4,SELL,tactical_bear,ACCUMULATION_BEARISH_REBREAK,2,2022-11-23 00:00:00+00:00,0.25,0.3466002447856629,0.25,9459.627594389969,5675.776556633981,15135.404151023951,15.12783644894844,7.567702075510447,22.69553852445889,,2,DEEP_BEAR,4,BEARISH_REBREAK_SELL,True,True,True,16603.11,0.2930962196710837,16516.805,17569.804,18859.1144,22137.15895,21176.92954187164,17569.804,13962.678458128363,0.4106050974583027,-0.05502019259861979,-0.11962409008982933,-0.24998912292672493,-0.17838193333076002,-0.12248037842551729,0.9604399475795513,0.0520755907787005,0.0520755907787005,-0.03363860683783393,16603.11,1184.52,-0.004570830404665105,0.027006720021612196,0.032998034705546075,0.08737716543409979,0.013925704280703943,0.03996555566811866,0.014306958154225446,0.028965319285448876,0.36486597992785685,0.37643095937594984,0.45766967754836285,0.3923361361564177,EX_POST_DIAGNOSTIC_ONLY,BELOW_SMA20_FALLING
58,2022-11-25 00:00:00+00:00,TACTICAL_BUYBACK_AHR999_TO_35,BUY,tactical_bear,AHR999<=0.35,2,2022-11-24 00:00:00+00:00,0.35,0.25198428337922607,0.35,9613.649371069392,5768.189622641635,15381.838993711026,15.389529913207884,7.690919496855166,23.080449410063046,,2,ACCUMULATION,4,AHR_VALUE_BUY,True,True,True,16598.95,0.29376942830249925,16514.754,17342.3255,18787.928200000002,22049.9617,20572.099278317288,17342.3255,14112.55172168271,0.37247297409073415,-0.04286481071987713,-0.11650982357916406,-0.24721184436343036,-0.21512474631794565,-0.1174235858476832,0.9291516599457772,0.05181198748644755,0.05181198748644755,-0.033653706983192144,16599.55,1203.72,-0.0253820133678323,-0.025903033928156072,0.018222180721766623,0.05646662014421966,0.03633291263919802,0.06667663576246974,0.01401182562177894,0.01466287841026137,0.3903551602302473,0.361620642674376,0.47322367172604074,0.3852390921476756,EX_POST_DIAGNOSTIC_ONLY,BELOW_SMA20_FALLING
59,2022-12-02 00:00:00+00:00,TACTICAL_SELL_STAGE4,SELL,tactical_bear,ACCUMULATION_BEARISH_REBREAK,2,2022-12-01 00:00:00+00:00,0.25,0.3602403866553305,0.25000000000000006,10994.027939625328,6596.416763775196,17590.444703400524,17.581649481048828,8.795222351698138,26.376871832746964,,2,DEEP_BEAR,4,BEARISH_REBREAK_SELL,True,True,True,16977.37,0.31147148283039733,16563.494,16555.7435,18398.1442,21581.3425,17156.422790352637,16555.7435,15955.064209647366,0.07256445962123485,0.025467083372003207,-0.07722377781993905,-0.21333114471446812,-0.005444540843136503,-0.10911748037445956,0.3724309869297429,0.07579101581683112,0.07579101581683112,-3.24046222944796e-05,16978.0,1276.4,0.012891977853693115,0.011320902538389133,0.013232418423842596,0.005938577248511434,0.02637295323359634,-0.0036117204638045353,-0.02620803392625748,-0.06452522720150433,0.34497644009895145,0.2291366342839234,0.3838078690069502,0.2910842995926042,EX_POST_DIAGNOSTIC_ONLY,ABOVE_SMA20_NOT_NEAR_LOW
60,2022-12-03 00:00:00+00:00,TACTICAL_BUYBACK_AHR999_TO_35,BUY,tactical_bear,AHR999<=0.35,2,2022-12-02 00:00:00+00:00,0.35,0.25234633008237056,0.35000000000000003,9758.943196014901,5855.36591760894,15614.309113623842,15.622116268180651,7.80715455681108,23.429270824991733,,2,ACCUMULATION,4,AHR_VALUE_BUY,True,True,True,17092.74,0.31629297919713867,16650.074,16569.7765,18352.4964,21517.436149999998,17205.826244484295,16569.7765,15933.726755515707,0.07677227806715366,0.03156128871140784,-0.06864223659512603,-0.20563305586943714,0.01669394863693241,-0.12921339155986933,0.36716509181024076,0.08310157154453157,0.08310157154453157,-0.0007531841546865037,17092.13,1295.58,-0.005163194990911002,-0.026057827382330645,0.0030979169945466456,-0.02344895722379159,-0.02429656221898635,-0.09283872860031794,-0.02516889352000029,-0.07227650936260199,0.35326550874583784,0.22308927275814683,0.30584602387180526,0.20829281094181762,EX_POST_DIAGNOSTIC_ONLY,ABOVE_SMA20_NOT_NEAR_LOW
61,2022-12-10 00:00:00+00:00,TACTICAL_SELL_STAGE4,SELL,tactical_bear,ACCUMULATION_BEARISH_REBREAK,2,2022-12-09 00:00:00+00:00,0.25,0.34719195990869134,0.25,9678.313199230486,5806.987919538291,15485.301118768777,15.477558468209395,7.742650559383348,23.220209027592745,,2,DEEP_BEAR,4,BEARISH_REBREAK_SELL,True,True,True,17128.56,0.32167628550148336,17046.926,16701.2355,18046.1568,21075.970500000003,17485.441963800466,16701.2355,15917.029036199532,0.093909994119952,0.025586400479174376,-0.050847214183576184,-0.1872943644516869,0.02562051365573148,-0.10471062159632061,0.3557135814198039,0.08537134796965273,0.08537134796965273,0.0032908207783579613,17128.56,1263.11,0.001390075990042261,0.005177696320985747,-0.026371744034524913,-0.06951888592442457,-0.016808768512939776,-0.035056329219149585,0.003995665718542485,0.037415585340944135,0.3576938166430803,0.3308183768634563,0.17068043081263107,0.1292286499196429,EX_POST_DIAGNOSTIC_ONLY,ABOVE_SMA20_NOT_NEAR_LOW
62,2022-12-11 00:00:00+00:00,TACTICAL_BUYBACK_AHR999_TO_35,BUY,tactical_bear,AHR999<=0.35,2,2022-12-10 00:00:00+00:00,0.35,0.2503682239761445,0.35000000000000003,9915.766713972993,5949.460028383795,15865.226742356788,15.873159355727964,7.932613371177794,23.805772726905758,,2,ACCUMULATION,4,AHR_VALUE_BUY,True,True,True,17127.49,0.32222478820945366,17043.310999999998,16743.5985,18005.4192,21013.335049999998,17523.7848471879,16743.5985,15963.4121528121,0.09319219487828743,0.022927657994188166,-0.04875916468526309,-0.1849228140489768,0.05204226230219122,-0.10139087093389287,0.33520431893918395,0.08530354616130875,0.08530354616130875,0.005400584940522757,17127.49,1266.35,0.03819532225679301,0.042200023690133204,-0.022564310357209405,-0.062233979547518414,-0.017244207995450678,-0.03551940616733129,0.004567511059705653,0.046085205511904315,0.31475423427484106,0.2785169976704702,0.19071037262319224,0.15158526473723688,EX_POST_DIAGNOSTIC_ONLY,ABOVE_SMA20_NOT_NEAR_LOW
63,2022-12-18 00:00:00+00:00,TACTICAL_SELL_STAGE4,SELL,tactical_bear,ACCUMULATION_BEARISH_REBREAK,2,2022-12-17 00:00:00+00:00,0.25,0.3400042583313181,0.25,8828.555875610713,5297.133525366427,14125.68940097714,14.118626556276652,7.062844700487271,21.18147125676392,,2,DEEP_BEAR,4,BEARISH_REBREAK_SELL,True,True,True,16776.52,0.3133001184857121,17211.786,17044.495,17621.3118,20569.48365,17776.39581217825,17044.495,16312.59418782175,0.08588119650106958,-0.015722085048574197,-0.047941481859483326,-0.18439761126429632,0.021166513885997773,-0.13198437040808297,0.37283677050381053,0.03476303760398358,0.06306391936273892,0.003992202145284507,16777.54,1187.16,0.0035499840858670417,0.019685636308500953,0.0032543507570239605,0.0288166717207452,-0.014573054214145786,0.005795343508878226,0.2590981752986432,0.3170844705010274,0.47413864011052853,0.424761615957411,0.6276247888546234,0.5251271943124767,EX_POST_DIAGNOSTIC_ONLY,BELOW_SMA20_NOT_FALLING
64,2022-12-19 00:00:00+00:00,TACTICAL_BUYBACK_AHR999_TO_35,BUY,tactical_bear,AHR999<=0.35,2,2022-12-18 00:00:00+00:00,0.35,0.24948865522124722,0.35,9842.291007964917,5905.374604778949,15747.665612743865,15.755539445550239,7.873832806371947,23.629372251922184,,2,ACCUMULATION,4,AHR_VALUE_BUY,True,True,True,16738.21,0.3125063801422648,17163.197,17070.760000000002,17539.8826,20504.14555,17713.702280276513,17070.760000000002,16427.81771972349,0.07532673182406771,-0.01948067924333785,-0.04570569930724633,-0.1836670316652138,0.03240010584157926,-0.12475233960312648,0.36764457933472255,0.01798263405935696,0.06063636115932214,0.0030748722686269048,16739.0,1183.06,0.006798494533723609,0.026837184927222646,0.00927116315192067,0.03199330549591739,-0.004603620287950361,0.015958615792943887,0.2700005974072526,0.3372187378493061,0.4241376426309815,0.4063276587831557,0.6248706613298285,0.5067029567393033,EX_POST_DIAGNOSTIC_ONLY,BELOW_SMA20_NOT_FALLING
65,2022-12-26 00:00:00+00:00,TACTICAL_SELL_STAGE4,SELL,tactical_bear,ACCUMULATION_BEARISH_REBREAK,2,2022-12-25 00:00:00+00:00,0.25,0.3546872842032073,0.25,10333.407900852326,6200.0447405113955,16533.45264136372,16.52518591504304,8.266726320680293,24.79191223572333,,2,DEEP_BEAR,4,BEARISH_REBREAK_SELL,True,True,True,16832.11,0.32095149043733917,16757.412,17010.446999999996,17000.2402,20028.0855,17686.49141946606,17010.446999999996,16334.402580533935,0.0794857912277158,-0.010483969057367815,-0.009889872026631719,-0.15957468825465126,-0.007912131955311374,-0.18965712302235893,0.326570590835161,0.02392072939275658,0.06658644508782241,-0.001498358796413024,16832.11,1218.52,-0.0162653404712777,-0.01934313757673234,-0.010109843626259662,-0.013606670387026787,0.02167820908965057,0.0753783278075042,0.34526271513197093,0.2692692774841612,0.4231162937979849,0.35339592292289024,0.6355204427727716,0.4358155795555263,EX_POST_DIAGNOSTIC_ONLY,BELOW_SMA20_FALLING
66,2022-12-27 00:00:00+00:00,TACTICAL_BUYBACK_AHR999_TO_35,BUY,tactical_bear,AHR999<=0.35,2,2022-12-26 00:00:00+00:00,0.35,0.25135217186968173,0.35,9744.550234494509,5846.730140696706,15591.280375191214,15.59907601537881,7.79564018759374,23.39471620297255,,2,ACCUMULATION,4,AHR_VALUE_BUY,True,True,True,16919.39,0.32498798332169476,16786.139000000003,17001.9685,16920.5164,19962.1328,17678.114885376872,17001.9685,16325.822114623126,0.07953742360796313,-0.004856996411915504,-6.657007229404766e-05,-0.1524257367930144,-0.009922780555399524,-0.16633169270824355,0.3257867902244266,0.029230093534352575,0.07211704493105442,-0.0016834072804553513,16919.39,1228.12,-0.0189315335836574,-0.024859134286551732,-0.013450839539723258,-0.010202586066508146,0.016923186947047197,0.07864866625411215,0.3674346415562264,0.3149122235612156,0.36397588801960357,0.3015991922613426,0.6483265649648127,0.43715597824316865,EX_POST_DIAGNOSTIC_ONLY,BELOW_SMA20_FALLING
67,2023-01-03 00:00:00+00:00,TACTICAL_SELL_STAGE4,SELL,tactical_bear,ACCUMULATION_BEARISH_REBREAK,2,2023-01-02 00:00:00+00:00,0.25,0.3474167971824025,0.24999999999999994,9592.066586740686,5755.239952044412,15347.306538785098,15.339632885515707,7.673653269392158,23.013286154907863,,2,DEEP_BEAR,4,BEARISH_REBREAK_SELL,True,True,True,16672.87,0.31747453822442073,16691.426,16798.982,16789.557999999997,19685.266200000002,17392.199125065814,16798.982,16205.764874934186,0.07062536587821976,-0.0075071215624852305,-0.0069500340628382284,-0.15302796362489635,-0.06198866928837066,-0.1749298044024541,0.26820928684463524,0.01423393807850637,0.05649601521802072,-0.0066157486963996925,16672.78,1213.99,0.00964326285118644,0.030502722427697027,0.03196467535707925,0.09120338717781862,0.2670094609297311,0.28797601298198505,0.4303913324592539,0.3765599387144871,0.3403079750347573,0.29394805558530135,0.6646204172309598,0.464872033542286,EX_POST_DIAGNOSTIC_ONLY,BELOW_SMA20_FALLING
68,2023-01-04 00:00:00+00:00,TACTICAL_BUYBACK_AHR999_TO_35,BUY,tactical_bear,AHR999<=0.35,2,2023-01-03 00:00:00+00:00,0.35,0.2501251846989272,0.3499999999999999,9825.451053230321,5895.270631938191,15720.721685168512,15.728582046011095,7.860360842583229,23.588942888594325,,2,ACCUMULATION,4,AHR_VALUE_BUY,True,True,True,16675.18,0.317505910966393,16675.332000000002,16742.5835,16790.6724,19666.298049999998,17117.52097059795,16742.5835,16367.64602940205,0.044788484477076056,-0.0040258721122699015,-0.0068783665864387,-0.1520935990289234,-0.06335788891291716,-0.21152023876848125,0.2677891531061848,0.014374458600585838,0.05664239108463254,-0.008359765342102365,16675.65,1214.56,0.01659965278714748,0.042797391648004224,0.04440546545412016,0.09592774338031873,0.274825269179912,0.30253754446054537,0.4112901146282153,0.35206988539059414,0.34249759379694344,0.2908790014490845,0.6704032526468233,0.48829205638255835,EX_POST_DIAGNOSTIC_ONLY,BELOW_SMA20_FALLING
69,2023-01-28 00:00:00+00:00,TACTICAL_BUYBACK_NEW_BULL_REDEPLOY,BUY,tactical_bear,TEN_DAY_NEW_BULL_REDEPLOY,2,2023-01-27 00:00:00+00:00,0.95,0.4211250920809735,0.47557262887932106,6012.520100112826,3607.512060067696,9620.032160180523,9.62484217626061,4.810016080089582,14.434858256350193,,2,NEW_BULL,0,NEW_BULL_REDEPLOY,False,False,False,23074.16,0.5925159519818036,22460.179,20860.7655,18475.4438,19633.959400000003,24983.66260023709,20860.7655,16737.868399762912,0.3952776421591134,0.10610322521481774,0.24890964730167942,0.17521685412062094,0.3618239839655988,0.42319669942040017,0.4824128120436896,0.3471735765709958,0.40363333755097663,0.04618564605222475,23074.16,1597.61,-0.010364407631740513,-0.01798937162386316,0.011669763926400734,0.03552181070474014,-0.06048324186015863,-0.048340959307966114,0.02069241090466556,0.026952760686275168,0.18606484483075447,0.11295622836612185,0.2750418650126376,0.19266279004262632,EX_POST_DIAGNOSTIC_ONLY,ABOVE_SMA20_NOT_NEAR_LOW
70,2023-01-29 00:00:00+00:00,TACTICAL_BUYBACK_NEW_BULL_REDEPLOY,BUY,tactical_bear,TEN_DAY_NEW_BULL_REDEPLOY,2,2023-01-28 00:00:00+00:00,0.95,0.4732128374422276,0.5279141327105901,6012.520100112827,3607.5120600676955,9620.032160180523,9.624842176260612,4.810016080089819,14.43485825635043,,2,NEW_BULL,0,NEW_BULL_REDEPLOY,False,False,False,23022.6,0.588647039651822,22694.692000000003,21155.504,18593.3246,19652.42865,25002.391255595125,21155.504,17308.616744404877,0.36367720245238533,0.08825580331246163,0.2382185808771391,0.17148879713653087,0.34416327112074296,0.4001859811111794,0.48823222795668014,0.3402172280545295,0.4004968708330492,0.0446499051961442,23021.4,1572.1,0.004725603134474676,0.00795750906430892,0.01403607078631186,0.05635773805737565,-0.05386379629388305,-0.026047961325615265,0.019378491316774715,0.0386680236626169,0.23750857897434563,0.13711595954455835,0.27471569930586326,0.20615736912410165,EX_POST_DIAGNOSTIC_ONLY,ABOVE_SMA20_NOT_NEAR_LOW
71,2023-01-30 00:00:00+00:00,TACTICAL_BUYBACK_NEW_BULL_REDEPLOY,BUY,tactical_bear,TEN_DAY_NEW_BULL_REDEPLOY,2,2023-01-29 00:00:00+00:00,0.95,0.5374601848357866,0.5910648356537681,6012.520100112826,3607.5120600676955,9620.032160180523,9.62484217626061,4.810016080089798,14.43485825635041,,2,NEW_BULL,0,NEW_BULL_REDEPLOY,False,False,False,23742.3,0.6247565880895195,22961.763,21483.706,18725.6208,19669.9658,25025.214730479132,21483.706,17942.197269520864,0.3296925335395238,0.1051305580145252,0.26790455993854145,0.20703311034734972,0.38211320587766173,0.3832904908282859,0.4895628812455573,0.361318895041816,0.44427722569907435,0.04522036236228866,23743.37,1644.73,0.004431974062654165,0.016051266773269735,-0.035710600474995746,-0.011023085856037174,-0.08148674766892827,-0.07777568354684361,-0.012729027092615697,-0.003860816060994754,0.18636950020152998,0.09636232086725482,0.22892706469216462,0.15292479616715204,EX_POST_DIAGNOSTIC_ONLY,ABOVE_SMA20_NOT_NEAR_LOW
72,2023-01-31 00:00:00+00:00,TACTICAL_BUYBACK_NEW_BULL_REDEPLOY,BUY,tactical_bear,TEN_DAY_NEW_BULL_REDEPLOY,2,2023-01-30 00:00:00+00:00,0.95,0.5803807218008622,0.6353939600849327,6012.520100112827,3607.5120600676955,9620.032160180523,9.624842176260612,4.810016080089574,14.434858256350186,,2,NEW_BULL,0,NEW_BULL_REDEPLOY,False,False,False,22826.15,0.5764878991542216,22977.657,21752.980499999998,18840.4428,19681.15235,24809.683961191928,21752.980499999998,18696.277038808068,0.28103766848795086,0.04933436592746476,0.21155061175101464,0.15979743432045534,0.30878934627473975,0.3445044786088778,0.5435341556307881,0.2721294792585074,0.3885465433168196,0.042770002855360145,22827.38,1566.21,0.030962817458683345,0.048499243396479486,0.002217074408013664,0.0429444327389048,-0.04936878432829361,-0.043404141207117775,0.029215354543534966,0.05218329598202032,0.25030117341543345,0.16586536926721185,0.25117556197864155,0.17901175449013862,EX_POST_DIAGNOSTIC_ONLY,ABOVE_SMA20_NOT_NEAR_LOW
73,2023-02-01 00:00:00+00:00,TACTICAL_BUYBACK_NEW_BULL_REDEPLOY,BUY,tactical_bear,TEN_DAY_NEW_BULL_REDEPLOY,2,2023-01-31 00:00:00+00:00,0.95,0.6383215047731633,0.6929022289969903,6012.520100112827,3607.512060067696,9620.032160180523,9.624842176260612,4.810016080089946,14.434858256350559,,2,NEW_BULL,0,NEW_BULL_REDEPLOY,False,False,False,23125.13,0.5906724111322419,23011.815,22012.074,18958.7488,19692.627800000002,24571.113482919234,22012.074,19453.034517080767,0.23251234598968126,0.05056570316817943,0.2197603462101887,0.1743039189518425,0.28879200323687026,0.3529211817414879,0.5393881671992278,0.22701736438682385,0.4067339137459487,0.04048922682248546,23125.13,1585.32,0.00943994693219019,0.04354956727979209,0.005630671049200453,0.060334821991774534,-0.04435175067123942,-0.022771427850528547,-0.03482964203876915,-0.012540055004667705,0.23141318556911883,0.14656977771049395,0.2126963178152943,0.15475739913708275,EX_POST_DIAGNOSTIC_ONLY,ABOVE_SMA20_NOT_NEAR_LOW
74,2023-02-02 00:00:00+00:00,TACTICAL_BUYBACK_NEW_BULL_REDEPLOY,BUY,tactical_bear,TEN_DAY_NEW_BULL_REDEPLOY,2,2023-02-01 00:00:00+00:00,0.95,0.6993191129748094,0.7527685278412932,6012.520100112825,3607.512060067695,9620.03216018052,9.62484217626061,4.810016080090275,14.434858256350886,,2,NEW_BULL,0,NEW_BULL_REDEPLOY,False,False,False,23732.66,0.6210094269691806,23114.292999999998,22256.376,19077.908,19705.3131,24469.521417223947,22256.376,20043.230582776054,0.19887742885220364,0.06633083481335866,0.24398649998731514,0.2043787317441812,0.2592528527661724,0.4055302868784496,0.5168013303574968,0.19080020531851227,0.44369081105282104,0.03596539628684181,23731.41,1641.67,-0.01630244473463649,0.011591854635828236,-0.05111242863361265,-0.013778652226086874,0.042180805944526556,0.030304506995924907,-0.05835093658573176,-0.04314509006073097,0.16949856751031644,0.08325059238458388,0.20182070934681096,0.13461292464380792,EX_POST_DIAGNOSTIC_ONLY,ABOVE_SMA20_NOT_NEAR_LOW
75,2023-02-03 00:00:00+00:00,TACTICAL_BUYBACK_NEW_BULL_REDEPLOY,BUY,tactical_bear,TEN_DAY_NEW_BULL_REDEPLOY,2,2023-02-02 00:00:00+00:00,0.95,0.7518630634826737,0.805516771685817,6012.520100112825,3607.512060067695,9620.03216018052,9.62484217626061,4.810016080089538,14.434858256350147,,2,NEW_BULL,0,NEW_BULL_REDEPLOY,False,False,False,23488.94,0.607215123509794,23171.541999999998,22434.322500000002,19191.6238,19718.767,24432.52165422818,22434.322500000002,20436.123345771823,0.1781376865049684,0.047009108476531836,0.22391623787456671,0.19119719808038704,0.17857141065157522,0.3731645007219815,0.4819314381103633,0.13596779489947264,0.42886498350252555,0.031321776802034185,23489.33,1643.12,-0.025281691729819533,-0.01005404352694872,-0.07082960646387115,-0.06079896781732308,0.014871007389312352,0.012567554408686066,-0.04692811587218537,-0.04580919226836744,0.18586013309021587,0.10011441647597263,0.23872668994815927,0.15855810896343558,EX_POST_DIAGNOSTIC_ONLY,ABOVE_SMA20_NOT_NEAR_LOW
76,2023-02-04 00:00:00+00:00,TACTICAL_BUYBACK_NEW_BULL_REDEPLOY,BUY,tactical_bear,TEN_DAY_NEW_BULL_REDEPLOY,2,2023-02-03 00:00:00+00:00,0.95,0.8062405461782407,0.8597032205554681,6012.520100112824,3607.512060067695,9620.032160180519,9.624842176260609,4.810016080089314,14.434858256349923,,2,NEW_BULL,0,NEW_BULL_REDEPLOY,False,False,False,23431.9,0.6034309980062409,23251.443,22558.1715,19313.135,19723.7636,24479.824794185537,22558.1715,20636.518205814464,0.17037314342481497,0.03873223944591442,0.2132623729912313,0.1880034903683394,0.11820517568189248,0.38108078638009957,0.44321249891547737,0.13320923691341346,0.4253951607408777,0.024808998007184613,23431.9,1663.52,-0.023639141512212025,-0.018064105030297206,-0.07482705201029372,-0.08604645570837732,0.05026395640131609,0.021604789843224115,-0.044584946163136685,-0.060672549773973294,0.21819912171014733,0.14959243050880056,0.2460888788361164,0.1401005097624315,EX_POST_DIAGNOSTIC_ONLY,ABOVE_SMA20_NOT_NEAR_LOW
77,2023-02-05 00:00:00+00:00,TACTICAL_BUYBACK_NEW_BULL_REDEPLOY,BUY,tactical_bear,TEN_DAY_NEW_BULL_REDEPLOY,2,2023-02-04 00:00:00+00:00,0.95,0.8595245768634161,0.9130638967056314,6012.520100112826,3607.5120600676946,9620.03216018052,9.62484217626061,4.810016080089518,14.434858256350129,,2,NEW_BULL,0,NEW_BULL_REDEPLOY,False,False,False,23326.84,0.5973640749904446,23278.033000000003,22680.9385,19447.0294,19723.4147,24464.660042364176,22680.9385,20897.216957635825,0.15728816004365742,0.028477723706186175,0.19950659405081184,0.18269784187015037,0.1176408020506432,0.3650239686908976,0.44343205018522425,0.12812834452183952,0.41900421439903446,0.019075994222958803,23327.66,1666.39,-0.003100182358624859,0.008749452409099856,-0.06628525964455922,-0.08115747214037528,0.05804397011959184,0.01742089186805007,-0.03717132365612319,-0.05478309399360304,0.2057968951879443,0.13951715984853474,0.25831780812991956,0.18240027844622198,EX_POST_DIAGNOSTIC_ONLY,ABOVE_SMA20_NOT_NEAR_LOW
78,2023-03-08 00:00:00+00:00,TACTICAL_SELL_STAGE1,SELL,temporary_hedge,DISTRIBUTION_STAGE1,3,2023-03-07 00:00:00+00:00,0.85,0.9086555113273062,0.8500000000000001,6285.270707998932,3771.162424799359,10056.43313279829,10.051404916231894,5.028216566398489,15.079621482630383,2,2,DISTRIBUTION,1,STAGE_RISK_SELL,False,False,False,22197.96,0.5225063057227042,22902.191,23488.622,22989.398800000003,19715.512450000002,25127.129592837584,23488.622,21850.114407162415,0.13951500371861614,-0.05494839160849885,-0.03442625041590919,0.12591341748258733,-0.08740690797790662,0.3095639400258985,0.3999491282471419,0.0,0.31011115130990685,-0.0026742551091528677,22198.56,1561.95,-0.08129716522152786,-0.06635295624059678,0.11347988337982273,0.08950990748743548,0.26828677175456406,0.15214315439034531,0.2630846325167038,0.2015301386087902,0.2973165826972559,0.21186337590831972,0.15912158266121756,0.1599603060277217,EX_POST_DIAGNOSTIC_ONLY,BELOW_SMA20_FALLING
79,2023-03-09 00:00:00+00:00,TACTICAL_SELL_STAGE2,SELL,tactical_bear,EARLY_BEAR_STAGE2,3,2023-03-08 00:00:00+00:00,0.7,0.8473226319469223,0.7,15504.764713996272,9302.858828397762,24807.623542394034,24.79521973062284,12.40381177119576,37.1990315018186,,2,EARLY_BEAR,2,STAGE_RISK_SELL,False,False,False,21705.44,0.4989423510897336,22717.25,23398.008,23000.811400000002,19718.3393,25211.193543210207,23398.008,21584.822456789796,0.15498631705829022,-0.07233812382660965,-0.05631850883312761,0.10077424217971531,-0.07706019120901186,0.28104289709901753,0.387321500563965,0.0,0.26726152700020944,-0.007903968461210886,21704.37,1532.38,-0.0611816882959515,-0.042665657343478824,0.11799743553947906,0.074348399222125,0.2604272780089909,0.1336678891658727,0.2911404477531483,0.2191949777470339,0.2992641574024033,0.21731554836267764,0.23979687039983189,0.22520523629909017,EX_POST_DIAGNOSTIC_ONLY,BELOW_SMA20_FALLING
80,2023-03-12 00:00:00+00:00,TACTICAL_SELL_STAGE3,SELL,tactical_bear,BEAR_STAGE3,3,2023-03-11 00:00:00+00:00,0.55,0.6894692671132863,0.55,14174.151470595962,8504.490882357577,22678.64235295354,22.667303031777067,11.339321176473906,34.00662420825097,,2,BEAR,3,STAGE_RISK_SELL,False,False,False,20455.73,0.44203513032815034,21787.851000000002,22772.756,22931.858799999998,19700.9597,25356.471938623872,22772.756,20189.04006137613,0.22691289000100565,-0.10174552434496731,-0.10797767514598511,0.03831134683250981,-0.15722098438679355,0.17287591180608985,0.40806230578234404,0.015137943167206735,0.14002305043788033,-0.02672244577401628,20455.73,1471.93,0.20834846764207393,0.15614193609750449,0.32963771031393163,0.21100867568430548,0.3457969967339225,0.18862310028330143,0.47225007369573224,0.3065974604770607,0.3417707410099762,0.24164192590680256,0.286831122624321,0.24134299864803355,EX_POST_DIAGNOSTIC_ONLY,BELOW_SMA20_FALLING
81,2023-11-02 00:00:00+00:00,TACTICAL_SELL_DRIFT,SELL,tactical_bear,DRIFT_ABOVE_ACTIVE_TARGET_PLUS_10PP,3,2023-11-01 00:00:00+00:00,0.55,0.6506570377641167,0.55,13174.444161400243,7904.666496840146,21079.110658240388,21.06857110291127,10.539555329120605,31.608126432031874,,2,BEAR,3,OTHER_RISK_SELL,False,False,False,35421.43,0.7122804738998924,34267.526999999995,31352.28,28737.218399999998,28292.161550000004,37454.526031962065,31352.28,25250.033968037933,0.38926968194734585,0.1297880090379393,0.2325977242111923,0.2519874077984683,0.3236890794080485,0.36923467046728,0.4845638998691283,0.31911205222013006,0.4077059849331466,0.03895492777932619,35421.43,1846.99,-0.004077192818019992,0.022517718016881405,0.02870973870902449,0.03916642753886057,0.057410161023990325,0.11154364669002015,0.09488154487269429,0.13315719088895972,0.1950531076808586,0.23108950237954717,0.21198014874046578,0.26850172442731135,EX_POST_DIAGNOSTIC_ONLY,ABOVE_SMA20_NOT_NEAR_LOW
82,2024-02-19 00:00:00+00:00,TACTICAL_SELL_DRIFT,SELL,tactical_bear,DRIFT_ABOVE_ACTIVE_TARGET_PLUS_10PP,3,2024-02-18 00:00:00+00:00,0.55,0.6507810822661695,0.55,16994.810088080863,10196.886052848517,27191.69614092938,27.178100292858915,13.59584807046432,40.773948363323235,,2,BEAR,3,OTHER_RISK_SELL,False,False,False,52137.67,1.0927507095614402,50238.03,46761.2105,44451.3566,35564.82765,54281.15017936491,46761.2105,39241.270820635094,0.3216315231773098,0.11497691018926881,0.17291515912924904,0.46598967139940584,0.20402815528823837,0.1939305588664526,0.3126180840163848,0.2244638327853452,0.31767194820463596,0.03137498908493397,52137.68,2881.2,-0.01057929696910187,0.01884978481188404,-0.01116447835807044,0.0786477856448704,0.217137394682694,0.20500138831042625,0.18648950240977347,0.09711925586561154,0.18503815282920133,0.03422185200610861,0.28832372288141705,0.08613077884214926,EX_POST_DIAGNOSTIC_ONLY,ABOVE_SMA20_NOT_NEAR_LOW
83,2024-11-22 00:00:00+00:00,TACTICAL_SELL_DRIFT,SELL,tactical_bear,DRIFT_ABOVE_ACTIVE_TARGET_PLUS_10PP,3,2024-11-21 00:00:00+00:00,0.55,0.6599393741505986,0.55,24529.5727106316,14717.74362637896,39247.31633701056,39.22769267884206,19.62365816850449,58.85135084734655,,2,BEAR,3,OTHER_RISK_SELL,False,False,False,98317.12,1.588741373902399,91250.633,83075.70999999999,72870.9296,65365.46525,102056.27756072492,83075.70999999999,64095.14243927506,0.45694626168647684,0.18346409558221066,0.34919535869348906,0.5041141315826554,0.41471603909346744,0.5463831002680768,0.6484211430723219,0.44903619026732655,0.6297530815286643,0.04581117995516015,98317.12,3355.88,-0.00425480323264138,0.0019547778824033912,-0.017563167025234194,0.06792257172485305,-0.005917891004130316,0.16422816072088398,-0.01345391321470768,0.00014899221664665951,0.046979508756969324,-0.027795987937590194,-0.012834692472684317,-0.18299522032968996,EX_POST_DIAGNOSTIC_ONLY,ABOVE_SMA20_NOT_NEAR_LOW
84,2025-11-21 00:00:00+00:00,TACTICAL_SELL_STAGE4,SELL,tactical_bear,FSM_BEAR_ACCELERATION,3,2025-11-20 00:00:00+00:00,0.25,0.5215485067381412,0.2500000000000001,56948.921982526925,34169.35318951616,91118.27517204308,91.07271603445706,45.559137586022814,136.6318536204799,,2,DEEP_BEAR,4,STAGE_RISK_SELL,False,False,False,86637.23,0.5122127743118738,95222.522,100128.0785,108371.7842,110344.20215,112808.35875105321,100128.0785,87447.7982489468,0.2532812062513155,-0.13473591725821454,-0.20055547078461777,-0.21484565285789237,-0.20957209240456054,-0.24815145129893712,0.46489143660449334,0.0,0.0,-0.027580966837218446,86637.22,2834.21,0.009497072967022735,0.00784345549553489,0.052767505697897565,0.06154095850342789,0.06354693744790052,0.11882323469326539,0.016545083048602027,0.04890251604503537,0.06691927557232336,0.12506483288112036,-0.22688066399175777,-0.3040988494148281,EX_POST_DIAGNOSTIC_ONLY,BELOW_SMA20_FALLING
85,2026-02-06 00:00:00+00:00,TACTICAL_BUYBACK_AHR999_TO_35,BUY,tactical_bear,AHR999<=0.35,3,2026-02-05 00:00:00+00:00,0.35,0.19168848761479726,0.35,30765.256285935357,18459.153771561214,49224.41005749657,49.249022262525315,24.612205028745358,73.86122729127067,,2,ACCUMULATION,4,AHR_VALUE_BUY,False,True,True,62909.86,0.26899293832986576,79375.445,84824.573,88055.5458,103039.98215,100537.82496784601,84824.573,69111.321032154,0.37048820670977045,-0.25835335475251964,-0.28556617952392505,-0.38946165665654664,-0.3416091981931313,-0.3040583632049052,0.7099648889677076,0.0,0.0,-0.0430187491198718,62909.87,1826.83,0.13348763874412706,0.14966909893093505,0.057911580488085646,0.06936606033402115,0.07083753312477037,0.0700776755363115,0.06501984505769909,0.06614737003443127,0.09329760179126101,0.15411395696370223,0.2849320782255631,0.2712677151130647,EX_POST_DIAGNOSTIC_ONLY,BELOW_SMA20_FALLING
86,2026-02-13 00:00:00+00:00,TACTICAL_SELL_STAGE4,SELL,tactical_bear,ACCUMULATION_BEARISH_REBREAK,3,2026-02-12 00:00:00+00:00,0.25,0.3629508726180662,0.25000000000000006,22411.512452881587,13446.907471728953,35858.41992461054,35.84049071464824,17.929209962300714,53.76970067694896,,2,DEEP_BEAR,4,BEARISH_REBREAK_SELL,True,True,True,66272.17,0.30164410865655794,69437.99,77026.5615,85417.2388,101305.7441,94215.82665164828,77026.5615,59837.29634835171,0.4463204592521838,-0.13961925977962808,-0.22413588953427988,-0.34582021395961493,-0.26035739182006834,-0.2483776910560328,0.9235567471717969,0.05344647087117971,0.05344647087117971,-0.041332140838167275,66272.17,1947.85,0.0324819603764297,0.005611315039659059,0.016508890534292275,0.0035937058808430677,0.020048687103500606,0.05007572451677511,0.07681912332129759,0.0761352260184307,0.12331360207459618,0.21441589444772458,0.19273067412761669,0.15108452909618286,EX_POST_DIAGNOSTIC_ONLY,BELOW_SMA20_FALLING
87,2026-02-14 00:00:00+00:00,TACTICAL_BUYBACK_AHR999_TO_35,BUY,tactical_bear,AHR999<=0.35,3,2026-02-13 00:00:00+00:00,0.35,0.2579324940722363,0.35000000000000003,18443.163816695174,11065.898290017109,29509.062106712285,29.52381663776564,14.754531053355066,44.27834769112071,,2,ACCUMULATION,4,AHR_VALUE_BUY,True,True,True,68853.96,0.32609228948546304,68746.36499999999,76007.99250000001,85049.8126,101059.7023,92588.61820893438,76007.99250000001,59427.366791065644,0.43628637367141004,-0.09412210827696843,-0.19042784581044447,-0.3186803598965282,-0.22831383999209187,-0.2033749505970468,0.9502445697051046,0.09448598359621219,0.09448598359621219,-0.04171663531129688,68853.97,2048.72,-0.00550541965844531,-0.030760670076925956,-0.01722776478974264,-0.043778554414463544,-0.04439177581191034,-0.060637861689249783,0.06854143631805121,0.09125209887149066,0.07976301148648357,0.1367146315748371,0.17726181947097586,0.10963918934749528,EX_POST_DIAGNOSTIC_ONLY,BELOW_SMA20_FALLING
88,2026-02-21 00:00:00+00:00,TACTICAL_SELL_STAGE4,SELL,tactical_bear,ACCUMULATION_BEARISH_REBREAK,3,2026-02-20 00:00:00+00:00,0.25,0.34550007044283343,0.25,19013.960499615216,11408.37629976913,30422.336799384346,30.407125630984655,15.211168399690417,45.618294030675074,,2,DEEP_BEAR,4,BEARISH_REBREAK_SELL,True,True,True,68020.01,0.32141714519740894,67874.487,69773.845,82272.3538,99409.06715,77227.62762463877,69773.845,62320.06237536123,0.2136554929612599,-0.02513599472696404,-0.173233694451562,-0.3157564802679069,-0.13615610350326623,-0.23245990021077445,0.8979752366790372,0.081229715024004,0.081229715024004,-0.032023858318964815,68020.0,1968.88,-0.0650468979711849,-0.0695065214741376,-0.03267538959129668,-0.02254581284791357,0.0011099676565715644,0.0057545406525536524,0.0008027050867391861,0.04249116248831819,0.13968656277565406,0.20048961846328872,0.14348691561305493,0.08583560196660023,EX_POST_DIAGNOSTIC_ONLY,BELOW_SMA20_FALLING
89,2026-02-22 00:00:00+00:00,TACTICAL_BUYBACK_AHR999_TO_35,BUY,tactical_bear,AHR999<=0.35,3,2026-02-21 00:00:00+00:00,0.35,0.2500496520103038,0.35000000000000003,19880.73875882424,11928.443255294547,31809.18201411879,31.825086605125847,15.904591007056602,47.72967761218245,,2,ACCUMULATION,4,AHR_VALUE_BUY,True,True,True,67975.93,0.3214474621172462,67963.82800000001,69324.231,81831.96979999999,99178.29805,76035.7871934758,69324.231,62612.6748065242,0.19362800269579047,-0.019449202400817156,-0.16932306327056057,-0.31460882736936624,-0.11683109169357075,-0.22300790983700258,0.8952075352900627,0.08052902994856437,0.08052902994856437,-0.025972107831120694,67975.93,1973.35,-0.03801639786318467,-0.03405883396255094,-0.006969672941583682,0.025307218689031297,-0.014353168834909669,-0.013013403603010065,0.03776292578858431,0.08525603668887949,0.14373514271890087,0.18621126510755825,0.11267650181468669,0.049372893810018637,EX_POST_DIAGNOSTIC_ONLY,BELOW_SMA20_FALLING
90,2026-03-01 00:00:00+00:00,TACTICAL_SELL_STAGE4,SELL,tactical_bear,ACCUMULATION_BEARISH_REBREAK,3,2026-02-28 00:00:00+00:00,0.25,0.3475076347786218,0.25,19335.515359593534,11601.30921575612,30936.824575349652,30.921356163061983,15.468412287674045,46.38976845073603,,2,DEEP_BEAR,4,BEARISH_REBREAK_SELL,True,True,True,66973.26,0.31571861885653946,66767.582,67518.812,78268.07579999999,97383.102,70562.51325487591,67518.812,64475.1107451241,0.09015861401340736,-0.008079999985781905,-0.14430935837571723,-0.31227021295748003,-0.047733568338462096,-0.2431159052179065,0.45229798626450696,0.04550724615056767,0.06459082884622536,-0.007255659661255742,66973.26,1964.51,0.011331985332653671,-0.0018376083603544036,0.000403145971989316,-0.008572112129742182,0.06554675701914481,0.06700907605458872,0.010921970947808335,0.052023150811143726,0.13370769169665642,0.14697303653328309,0.0978114250373956,0.026632595405470028,EX_POST_DIAGNOSTIC_ONLY,BELOW_SMA20_FALLING
91,2026-03-02 00:00:00+00:00,TACTICAL_BUYBACK_AHR999_TO_35,BUY,tactical_bear,AHR999<=0.35,3,2026-03-01 00:00:00+00:00,0.35,0.2469477273021032,0.35000000000000003,20330.615366611768,12198.36921996706,32528.98458657883,32.54524907887212,16.26449229328838,48.8097413721605,,2,ACCUMULATION,4,AHR_VALUE_BUY,True,True,True,65776.47,0.30515350021545423,66644.856,67300.7355,77773.51120000001,97095.45219999999,70183.2708185431,67300.7355,64418.20018145689,0.08566133184512092,-0.022648571203207624,-0.15425613444593977,-0.32255869343384125,-0.062184978185862105,-0.24954015038753785,0.4572525271823691,0.02682437753822109,0.04556694292436836,-0.008205375049596508,65776.48,1939.71,0.1021856140675208,0.09302421495996827,0.021718553501190785,0.019471982925282738,0.11853537921153601,0.1525795093080924,0.03639887692378796,0.08413628841424736,0.172624013933248,0.17691304370240912,0.1273123767036486,0.048306190100582125,EX_POST_DIAGNOSTIC_ONLY,BELOW_SMA20_FALLING
92,2026-03-06 00:00:00+00:00,TACTICAL_BUYBACK_RIGHT_TO_50,BUY,tactical_bear,RIGHT_SIDE_TO_50,3,2026-03-05 00:00:00+00:00,0.5,0.3667228369080059,0.5000000000000001,26977.211717210896,16186.327030326536,43163.53874753743,43.1851205169112,21.581769373765937,64.76688989067713,,2,ACCUMULATION,4,RIGHT_SIDE_BUY,False,True,True,70890.72,0.35661594078271863,67887.875,67784.516,75894.5096,96146.9659,71685.02531026257,67784.516,63884.006689737434,0.11508555464975419,0.04582468361948622,-0.0659308509452442,-0.2626837536014227,0.029580869422760836,-0.22548968515475787,0.5394782622978569,0.10666199382904429,0.12686183056201372,0.007196742165926695,70891.02,2072.86,-0.051994878900035624,-0.046013720174059025,0.007260863223578884,0.02218673716507613,-0.0022725022153723407,0.037880030489275685,-0.052828129712338856,-0.007824937525930498,0.1410906487168615,0.14934438408768536,-0.09207837607640579,-0.12717694393253776,EX_POST_DIAGNOSTIC_ONLY,ABOVE_SMA20_NOT_NEAR_LOW
93,2026-03-13 00:00:00+00:00,TACTICAL_SELL_STAGE4,SELL,tactical_bear,ACCUMULATION_BEARISH_REBREAK,3,2026-03-12 00:00:00+00:00,0.25,0.49931541947708896,0.24999999999999994,50443.44021983411,30266.064131900464,80709.50435173458,80.66914959955872,40.35475217586714,121.02390177542586,,2,DEEP_BEAR,4,BEARISH_REBREAK_SELL,False,True,True,70541.34,0.3567768828241601,69235.761,67980.811,72493.9512,94540.5822,72187.69450271134,67980.811,63773.92749728866,0.12376679362390479,0.03766546709776675,-0.026934815493958042,-0.25385122073005395,0.03706747470339988,-0.22493669905558122,0.5839991332158164,0.10120788689651494,0.12130817013422046,0.006810544812113184,70541.34,2073.51,0.04298160482916846,0.07820555483214453,0.0026733260241442736,0.03755467781684185,-0.02514596405455305,-0.0058017564419753365,0.014911114532272896,0.06761481738694286,0.14909640219479825,0.11374914999204222,-0.11130863122248591,-0.20234288718163895,EX_POST_DIAGNOSTIC_ONLY,ABOVE_SMA20_NOT_NEAR_LOW
94,2026-03-22 00:00:00+00:00,TACTICAL_BUYBACK_AHR999_TO_35,BUY,tactical_bear,AHR999<=0.35,3,2026-03-21 00:00:00+00:00,0.35,0.24738003597907346,0.35000000000000003,20664.355952284164,12398.613571370495,33062.96952365466,33.079501008416486,16.53148476182527,49.610985770241754,,2,ACCUMULATION,4,AHR_VALUE_BUY,False,True,True,68918.12,0.34402704511119825,71489.79500000001,70277.214,69563.8164,92804.25715,74589.1044230654,70277.214,65965.32357693462,0.1227109094866904,-0.019339042096916503,-0.00928207268398229,-0.25738191203225436,0.04776252054876151,-0.2206271205186251,0.526115219316186,0.04466979530461779,0.09550585552089919,0.007697852103236258,68918.12,2084.86,0.02609734566177946,0.03534050247978282,-0.02910874527627849,-0.035378874360868506,-0.025713701998835714,-0.013535681052924575,0.09855434245739736,0.10876509693696446,0.13292005063399892,0.029210594476367868,-0.0789535466144462,-0.18067879857640323,EX_POST_DIAGNOSTIC_ONLY,BELOW_SMA20_NOT_FALLING
95,2026-03-29 00:00:00+00:00,TACTICAL_SELL_STAGE4,SELL,tactical_bear,ACCUMULATION_BEARISH_REBREAK,3,2026-03-28 00:00:00+00:00,0.25,0.34120337804548423,0.25,18133.938145274085,10880.36288716445,29014.301032438536,28.999793881922315,14.507150516217205,43.506944398139524,,2,DEEP_BEAR,4,BEARISH_REBREAK_SELL,True,True,True,66377.03,0.3221920839283785,69162.219,70286.697,68871.6018,91325.40635,74493.03045576299,70286.697,66080.36354423701,0.11969074192696766,-0.05562456576953678,-0.03622061538867827,-0.27318111516949195,0.006151623738843703,-0.2562797759103641,0.450028232748602,0.0,0.055113300204451265,0.00018249314494522828,66377.04,1994.74,0.027021843697760728,0.054227618637015196,0.011584427386337248,0.031031613142564973,0.07858364880386359,0.10977370484373905,0.15725527983772714,0.1484905300941477,0.10366491184301085,-0.006612390587244499,-0.09146701931872814,-0.20760600378996763,EX_POST_DIAGNOSTIC_ONLY,BELOW_SMA20_NOT_FALLING
96,2026-03-30 00:00:00+00:00,TACTICAL_BUYBACK_AHR999_TO_35,BUY,tactical_bear,AHR999<=0.35,3,2026-03-29 00:00:00+00:00,0.35,0.24902699032990533,0.3500000000000001,20029.36798242641,12017.620789455845,32046.988771882257,32.06301226626819,16.02349438593915,48.08650665220734,,2,ACCUMULATION,4,AHR_VALUE_BUY,True,True,True,66010.93,0.3191901899309199,68770.31199999999,70165.6355,68806.03279999999,91085.661,74704.70950079864,70165.6355,65626.56149920137,0.12938168288374247,-0.059212825058785556,-0.04062293212173096,-0.2752873583472156,-0.035381463919888057,-0.26079577388530517,0.4189691248972935,0.0,0.04929386267907754,-0.002041717535433918,66010.93,1984.65,0.00856403628914193,0.036117199506210174,0.047155221112624934,0.07290958103443912,0.0752158771282272,0.1056659864459728,0.16639441377359798,0.16469906532638,0.11044519445491852,0.009135111984480915,-0.08807465672730252,-0.2063688811629255,EX_POST_DIAGNOSTIC_ONLY,BELOW_SMA20_FALLING
97,2026-04-06 00:00:00+00:00,TACTICAL_SELL_STAGE4,SELL,tactical_bear,ACCUMULATION_BEARISH_REBREAK,3,2026-04-05 00:00:00+00:00,0.25,0.3616023827851096,0.24999999999999994,22557.33859965785,13534.40315979471,36091.74175945256,36.073695888572836,18.045870879724053,54.11956676829689,,2,DEEP_BEAR,4,BEARISH_REBREAK_SELL,False,True,True,69034.18,0.35339290010344626,67219.18999999999,68809.284,68647.1406,89396.22095,72921.40274097095,68809.284,64697.16525902904,0.11952220694436978,0.003268396165842846,0.005638099367535787,-0.2277729498363097,-0.07812667132004458,-0.056469666236274585,0.4076998006625002,0.04579923355117099,0.097350717359727,-0.011217829613628605,69034.18,2110.17,0.028365803722156357,0.03427212025571391,0.02812838509851212,0.03989725946250777,0.08111662947253095,0.08359042162479802,0.18175793498235238,0.12635474866953844,-0.09131969120224204,-0.18029826980764585,-0.09075417423658816,-0.16519048228341804,EX_POST_DIAGNOSTIC_ONLY,ABOVE_SMA20_NEAR_20D_LOW
98,2026-06-04 00:00:00+00:00,TACTICAL_BUYBACK_AHR999_TO_35,BUY,tactical_bear,AHR999<=0.35,3,2026-06-03 00:00:00+00:00,0.35,0.2340206872299203,0.35,22928.47279411663,13757.083676469982,36685.55647058661,36.7038992488219,18.342778235292187,55.046677484114085,,2,ACCUMULATION,4,AHR_VALUE_BUY,True,True,True,64142.75,0.3264495701597646,72465.086,74886.512,76917.4938,79120.5859,82281.98566854396,74886.512,67491.03833145605,0.1975115002964474,-0.1434672508181447,-0.16608372385632764,-0.18930390529375496,-0.20899299654618286,-0.04691902368514189,0.3644755865834281,0.0,0.0,-0.025122008135474827,64142.75,1813.05,-0.038066344208815495,-0.12026143790849675,-0.022656808446784638,-0.08775268194478913,0.0021837230240362437,-0.037991230247373164,-0.023626364632012176,-0.03261355174981384,-0.019834821550370085,0.02436226248586637,0.20923253212561055,0.33168969416177174,EX_POST_DIAGNOSTIC_ONLY,BELOW_SMA20_FALLING
99,2026-06-05 00:00:00+00:00,TACTICAL_SELL_STAGE4,SELL,tactical_bear,ACCUMULATION_BEARISH_REBREAK,3,2026-06-04 00:00:00+00:00,0.25,0.34777271853934444,0.25,19276.83193965409,11566.099163792454,30842.931103446543,30.827509637894824,15.421465551722166,46.248975189616985,,2,DEEP_BEAR,4,BEARISH_REBREAK_SELL,True,True,True,63885.99,0.3241663357698614,71121.484,74125.151,76699.0138,78968.70865,82669.36835156004,74125.151,65580.93364843995,0.23053490579897892,-0.1381334251851979,-0.16705591330562852,-0.1909961414824276,-0.1924737979915112,-0.07457450787421527,0.36099546382985004,0.0,0.0,-0.029286507196367495,63885.99,1770.76,-0.01183154553917054,-0.051249181142560274,-0.005653352166883563,-0.05506675099957081,-0.01741352055434997,-0.04126476767037879,-0.017483488946480996,-0.005178567394790945,-0.0013458349788426638,0.05276265558291349,0.21635432118998232,0.3572138516795049,EX_POST_DIAGNOSTIC_ONLY,BELOW_SMA20_FALLING
100,2026-06-06 00:00:00+00:00,TACTICAL_BUYBACK_AHR999_TO_35,BUY,tactical_bear,AHR999<=0.35,3,2026-06-05 00:00:00+00:00,0.35,0.23840230445993682,0.35,21644.857964012892,12986.914778407736,34631.772742420624,34.64908862879184,17.31588637120952,51.96497500000136,,2,ACCUMULATION,4,AHR_VALUE_BUY,True,True,True,61056.47,0.29640053891519097,69634.13,73270.572,76417.0574,78812.91530000001,83320.63520501759,73270.572,63220.50879498241,0.2743274122390526,-0.16669860308992812,-0.20100993053940863,-0.22529867385834423,-0.21870769648123023,-0.11324292710075257,0.3889387791861091,0.0,0.0,-0.03252576251414252,61056.47,1583.4,0.02978717898365235,0.05433876468359222,0.04054492505053098,0.05169256031324987,0.03964068017689204,0.0787987874194771,0.036646894260346174,0.1239800429455602,0.05121160787710122,0.1795819123405329,,,EX_POST_DIAGNOSTIC_ONLY,BELOW_SMA20_FALLING
101,2026-06-13 00:00:00+00:00,TACTICAL_SELL_STAGE4,SELL,tactical_bear,ACCUMULATION_BEARISH_REBREAK,3,2026-06-12 00:00:00+00:00,0.25,0.36016838697384834,0.25,21723.12658136169,13033.875948817014,34757.0025301787,34.73962402891361,17.378501265087227,52.11812529400085,,2,DEEP_BEAR,4,BEARISH_REBREAK_SELL,True,True,True,63580.01,0.32300639229681993,62683.482,68220.3945,74468.482,77920.90235,80141.87495178485,68220.3945,56298.91404821515,0.3494990182674728,-0.06802048762705404,-0.14621584471132365,-0.18404422840978563,-0.17161765535521467,-0.1456365591169555,0.46496566145618373,0.044270457793774476,0.044270457793774476,-0.029304283337981407,63580.0,1666.42,0.04066074237181505,0.0676540127938936,-0.001623309216734814,0.025053707948776482,-0.05149842717835795,-0.051487620167784964,-0.012167190940547301,0.06848813624416406,0.004019974834853723,0.13213955665438482,,,EX_POST_DIAGNOSTIC_ONLY,BELOW_SMA20_FALLING
102,2026-06-14 00:00:00+00:00,TACTICAL_BUYBACK_AHR999_TO_35,BUY,tactical_bear,AHR999<=0.35,3,2026-06-13 00:00:00+00:00,0.35,0.25236402390355006,0.35,19292.284239242043,11575.370543545225,30867.654782787267,30.88308861017866,15.43382739139104,46.316916001569695,,2,ACCUMULATION,4,AHR_VALUE_BUY,True,True,True,64458.01,0.3321731316904279,62715.00800000001,67590.04699999999,74208.8996,77806.3426,78891.29400763918,67590.04699999999,56288.7999923608,0.3344056561357086,-0.04633873090811713,-0.1313978465192065,-0.17155841225725477,-0.16358861407311442,-0.13049153835310334,0.4720674668785744,0.058691176852216476,0.058691176852216476,-0.02712676433007899,64458.01,1681.19,0.021626171828761143,0.06685145640885315,-0.0004966023617546389,0.03371421433627364,-0.06610458498486071,-0.06311600711400855,-0.02924570584788455,0.06094492591557166,-0.012582144562018005,0.12272854347218343,,,EX_POST_DIAGNOSTIC_ONLY,BELOW_SMA20_FALLING
103,2026-06-21 00:00:00+00:00,TACTICAL_SELL_STAGE4,SELL,tactical_bear,ACCUMULATION_BEARISH_REBREAK,3,2026-06-20 00:00:00+00:00,0.25,0.3521633181146019,0.25000000000000006,20269.538075378663,12161.722845227197,32431.260920605862,32.41504529014556,16.215630460301956,48.630675750447516,,2,DEEP_BEAR,4,BEARISH_REBREAK_SELL,True,True,True,64298.01,0.3322210630786267,64472.35400000001,64126.1045,72463.0034,76914.46525,68745.10550557378,64126.1045,59507.10349442622,0.1440599282176506,0.002680741350817639,-0.11267809802098261,-0.16403228195102082,-0.1272678335036096,-0.15769907180280895,0.5008290282218291,0.05606325538370771,0.05606325538370771,-0.023020232974847676,64298.01,1741.08,-0.024390023890319523,-0.042737840880373024,-0.06378066755098644,-0.09534312036207415,-0.02377942956554957,0.011780044570036896,0.019732648024409993,0.10664070576883322,0.07617078662310073,0.29299630114641495,,,EX_POST_DIAGNOSTIC_ONLY,ABOVE_SMA20_NOT_NEAR_LOW
104,2026-06-22 00:00:00+00:00,TACTICAL_BUYBACK_AHR999_TO_35,BUY,tactical_bear,AHR999<=0.35,3,2026-06-21 00:00:00+00:00,0.35,0.24691967849488652,0.35,20346.380951209707,12207.828570725824,32554.209521935532,32.5704866266965,16.277104760966402,48.8475913876629,,2,ACCUMULATION,4,AHR_VALUE_BUY,True,True,True,63311.99,0.3224463531655118,64440.954000000005,63721.259,72155.5062,76763.87544999999,66915.67681845596,63721.259,60526.841181544034,0.10026223174454114,-0.006422801533158662,-0.12256190366799757,-0.17523718508404196,-0.11338796704612442,-0.19015830877726447,0.4906824101715678,0.0398683608438386,0.0398683608438386,-0.02135841522293902,63312.0,1706.94,-0.03835528809704314,-0.05116758644123409,-0.05153114733383879,-0.07156666315160465,-0.00028430629264597496,0.042631844118715456,0.04577331311599697,0.12995770208677504,0.17688226560525666,0.3714834733499712,,,EX_POST_DIAGNOSTIC_ONLY,BELOW_SMA20_FALLING
105,2026-06-29 00:00:00+00:00,TACTICAL_SELL_STAGE4,SELL,tactical_bear,ACCUMULATION_BEARISH_REBREAK,3,2026-06-28 00:00:00+00:00,0.25,0.3350199096896362,0.25,16415.740374728306,9849.444224836985,26265.18459956529,26.25205200726551,13.132592299781022,39.384644307046536,,2,DEEP_BEAR,4,BEARISH_REBREAK_SELL,True,True,True,59577.01,0.2876170983773725,61848.376000000004,62930.31850000001,69468.9096,75718.68115,66949.70196337404,62930.31850000001,58910.93503662598,0.12774076340878615,-0.05328605638631889,-0.1423931893699969,-0.21317950741935232,-0.0556221753831555,-0.21381617841119027,0.32165572564393413,0.0,0.0,-0.006001663031514726,59577.01,1571.96,0.024858414344727908,0.0429463854042087,0.06238967010932561,0.13215985139570985,0.05420547288291244,0.13269421613781507,0.07009448778983707,0.20403827069391078,0.3396189234740046,0.5839588793607979,,,EX_POST_DIAGNOSTIC_ONLY,BELOW_SMA20_FALLING
106,2026-06-30 00:00:00+00:00,TACTICAL_BUYBACK_AHR999_TO_35,BUY,tactical_bear,AHR999<=0.35,3,2026-06-29 00:00:00+00:00,0.35,0.2529235613303893,0.3499999999999999,18797.65375618282,11278.592253709689,30076.246009892508,30.09128413289745,15.038123004944229,45.12940713784168,,2,ACCUMULATION,4,AHR_VALUE_BUY,True,True,True,60260.21,0.294609895259934,61520.005999999994,62856.829000000005,69029.9124,75557.41530000001,67012.73847678961,62856.82900000001,58700.9195232104,0.1322341436215182,-0.04131005399588339,-0.12704206184100564,-0.20245802796803725,-0.023809978940547594,-0.21070180363047097,0.3154605685596526,0.01146751070589147,0.01146751070589147,-0.006544697201959382,60260.2,1613.07,0.019478860010421428,0.05787721549591773,0.04863591557943736,0.09825364057356478,0.03837839900962825,0.10574866558797824,0.06474887239006843,0.1840713670206502,0.2862083099624628,0.5096864984160638,,,EX_POST_DIAGNOSTIC_ONLY,BELOW_SMA20_FALLING
