model,timestamp,record_type,action,signal_type,side,overlay_decision,decision_reason,exposure_before,exposure_after,gross_notional,cooldown_completed_closes,cooldown_remaining_closes,pending_ahr_buy,execution_signal_index
B,2020-02-28T00:00:00+0000,ACTUAL_EXECUTED,TACTICAL_SELL_STAGE2,RISK_SELL,SELL,EXECUTE,EARLY_BEAR_STAGE2,0.7752047896042183,0.6999999999999998,2010.5693536969775,,,False,58
J7,2020-02-28T00:00:00+0000,ACTUAL_EXECUTED,TACTICAL_SELL_STAGE2,RISK_SELL,SELL,EXECUTE,EARLY_BEAR_STAGE2,0.7752047896042183,0.6999999999999998,2010.5693536969775,,,False,58
J7,2020-02-28T00:00:00+0000,SHADOW_REQUEST_OR_PENDING,TACTICAL_SELL_STAGE2,RISK_SELL,SELL,EXECUTE,EXECUTED,0.7752047896042183,0.6999999999999998,,,,False,58
K,2020-02-28T00:00:00+0000,ACTUAL_EXECUTED,TACTICAL_SELL_STAGE2,RISK_SELL,SELL,EXECUTE,EARLY_BEAR_STAGE2,0.7752047896042183,0.6999999999999998,2010.5693536969775,,,False,58
K,2020-02-28T00:00:00+0000,SHADOW_REQUEST_OR_PENDING,TACTICAL_SELL_STAGE2,RISK_SELL,SELL,EXECUTE,EXECUTED,0.7752047896042183,0.6999999999999998,,0.0,3.0,False,58
B,2020-03-01T00:00:00+0000,ACTUAL_EXECUTED,TACTICAL_SELL_STAGE3,RISK_SELL,SELL,EXECUTE,BEAR_STAGE3,0.6917508138584276,0.55,3686.987203569023,,,False,60
J7,2020-03-01T00:00:00+0000,ACTUAL_EXECUTED,TACTICAL_SELL_STAGE3,RISK_SELL,SELL,EXECUTE,BEAR_STAGE3,0.6917508138584276,0.55,3686.987203569023,,,False,60
J7,2020-03-01T00:00:00+0000,SHADOW_REQUEST_OR_PENDING,TACTICAL_SELL_STAGE3,RISK_SELL,SELL,EXECUTE,EXECUTED,0.6917508138584276,0.55,,,,False,60
K,2020-03-01T00:00:00+0000,ACTUAL_EXECUTED,TACTICAL_SELL_STAGE3,RISK_SELL,SELL,EXECUTE,BEAR_STAGE3,0.6917508138584276,0.55,3686.987203569023,,,False,60
K,2020-03-01T00:00:00+0000,SHADOW_REQUEST_OR_PENDING,TACTICAL_SELL_STAGE3,RISK_SELL,SELL,EXECUTE,EXECUTED,0.6917508138584276,0.55,,0.0,3.0,False,60
B,2020-03-13T00:00:00+0000,ACTUAL_EXECUTED,TACTICAL_SELL_STAGE4,RISK_SELL,SELL,EXECUTE,FSM_BEAR_ACCELERATION,0.3959048111316347,0.25000000000000006,2825.1072298865884,,,False,72
J7,2020-03-13T00:00:00+0000,ACTUAL_EXECUTED,TACTICAL_SELL_STAGE4,RISK_SELL,SELL,EXECUTE,FSM_BEAR_ACCELERATION,0.3959048111316347,0.25000000000000006,2825.1072298865884,,,False,72
J7,2020-03-13T00:00:00+0000,SHADOW_REQUEST_OR_PENDING,TACTICAL_SELL_STAGE4,RISK_SELL,SELL,EXECUTE,EXECUTED,0.3959048111316347,0.25000000000000006,,,,False,72
K,2020-03-13T00:00:00+0000,ACTUAL_EXECUTED,TACTICAL_SELL_STAGE4,RISK_SELL,SELL,EXECUTE,FSM_BEAR_ACCELERATION,0.3959048111316347,0.25000000000000006,2825.1072298865884,,,False,72
K,2020-03-13T00:00:00+0000,SHADOW_REQUEST_OR_PENDING,TACTICAL_SELL_STAGE4,RISK_SELL,SELL,EXECUTE,EXECUTED,0.3959048111316347,0.25000000000000006,,0.0,3.0,False,72
B,2020-03-14T00:00:00+0000,ACTUAL_EXECUTED,TACTICAL_BUYBACK_AHR999_TO_35,AHR_VALUE_BUY,BUY,EXECUTE,AHR999<=0.35,0.286574480006529,0.35,1289.6030837908706,,,False,73
J7,2020-03-14T00:00:00+0000,SHADOW_REQUEST_OR_PENDING,TACTICAL_BUYBACK_AHR999_TO_35,AHR_VALUE_BUY,BUY,DELAY,AHR_REBUY_COOLDOWN,0.286574480006529,0.286574480006529,,,,True,73
K,2020-03-14T00:00:00+0000,SHADOW_REQUEST_OR_PENDING,TACTICAL_BUYBACK_AHR999_TO_35,AHR_VALUE_BUY,BUY,DELAY,THREE_COMPLETED_CLOSE_COOLDOWN,0.286574480006529,0.286574480006529,,1.0,2.0,True,73
J7,2020-03-15T00:00:00+0000,SHADOW_REQUEST_OR_PENDING,PENDING_AHR_BUY,AHR_VALUE_BUY,BUY,DELAY,PENDING_COOLDOWN_ACTIVE,0.270417396178546,0.270417396178546,,,,True,74
K,2020-03-15T00:00:00+0000,SHADOW_REQUEST_OR_PENDING,PENDING_AHR_BUY,AHR_VALUE_BUY,BUY,DELAY,PENDING_COMPLETED_CLOSE_COOLDOWN_ACTIVE,0.270417396178546,0.270417396178546,,2.0,1.0,True,74
J7,2020-03-16T00:00:00+0000,SHADOW_REQUEST_OR_PENDING,PENDING_AHR_BUY,AHR_VALUE_BUY,BUY,DELAY,PENDING_COOLDOWN_ACTIVE,0.27543606521104286,0.27543606521104286,,,,True,75
K,2020-03-16T00:00:00+0000,SHADOW_REQUEST_OR_PENDING,PENDING_AHR_BUY,AHR_VALUE_BUY,BUY,DELAY,PENDING_COMPLETED_CLOSE_COOLDOWN_ACTIVE,0.27543606521104286,0.27543606521104286,,3.0,0.0,True,75
J7,2020-03-17T00:00:00+0000,SHADOW_REQUEST_OR_PENDING,PENDING_AHR_BUY,AHR_VALUE_BUY,BUY,DELAY,PENDING_COOLDOWN_ACTIVE,0.25909150427347283,0.25909150427347283,,,,True,76
K,2020-03-17T00:00:00+0000,ACTUAL_EXECUTED,TACTICAL_BUYBACK_AHR999_TO_35,AHR_VALUE_BUY,BUY,EXECUTE,V3_8_PENDING_AHR_EXECUTION,0.25909150427347283,0.35000000000000003,1779.8383644661278,,,False,76
K,2020-03-17T00:00:00+0000,SHADOW_REQUEST_OR_PENDING,PENDING_AHR_BUY,AHR_VALUE_BUY,BUY,EXECUTE,EXECUTED,0.25909150427347283,0.35000000000000003,,4.0,0.0,False,76
J7,2020-03-18T00:00:00+0000,SHADOW_REQUEST_OR_PENDING,PENDING_AHR_BUY,AHR_VALUE_BUY,BUY,DELAY,PENDING_COOLDOWN_ACTIVE,0.26889855603833457,0.26889855603833457,,,,True,77
J7,2020-03-19T00:00:00+0000,SHADOW_REQUEST_OR_PENDING,PENDING_AHR_BUY,AHR_VALUE_BUY,BUY,DELAY,PENDING_COOLDOWN_ACTIVE,0.27286908365511264,0.27286908365511264,,,,True,78
J7,2020-03-20T00:00:00+0000,SHADOW_REQUEST_OR_PENDING,PENDING_AHR_BUY,AHR_VALUE_BUY,BUY,CANCEL,AHR_VALUE_CONDITION_DISAPPEARED,0.3015255090042113,0.3015255090042113,,,,False,79
B,2020-03-28T00:00:00+0000,ACTUAL_EXECUTED,TACTICAL_SELL_STAGE4,RISK_SELL,SELL,EXECUTE,ACCUMULATION_BEARISH_REBREAK,0.3695146883691283,0.25,2507.270775394849,,,False,87
J7,2020-03-28T00:00:00+0000,ACTUAL_EXECUTED,TACTICAL_SELL_STAGE4,RISK_SELL,SELL,EXECUTE,ACCUMULATION_BEARISH_REBREAK,0.3045647217701343,0.25,1139.165310506099,,,False,87
J7,2020-03-28T00:00:00+0000,SHADOW_REQUEST_OR_PENDING,TACTICAL_SELL_STAGE4,RISK_SELL,SELL,EXECUTE,EXECUTED,0.3045647217701343,0.25,,,,False,87
K,2020-03-28T00:00:00+0000,ACTUAL_EXECUTED,TACTICAL_SELL_STAGE4,RISK_SELL,SELL,EXECUTE,ACCUMULATION_BEARISH_REBREAK,0.40183405046318965,0.25000000000000006,3232.723665796124,,,False,87
K,2020-03-28T00:00:00+0000,SHADOW_REQUEST_OR_PENDING,TACTICAL_SELL_STAGE4,RISK_SELL,SELL,EXECUTE,EXECUTED,0.40183405046318965,0.25000000000000006,,0.0,3.0,False,87
B,2020-03-30T00:00:00+0000,ACTUAL_EXECUTED,TACTICAL_BUYBACK_AHR999_TO_35,AHR_VALUE_BUY,BUY,EXECUTE,AHR999<=0.35,0.2384832176187503,0.35000000000000003,2301.8009549140984,,,False,89
J7,2020-03-30T00:00:00+0000,SHADOW_REQUEST_OR_PENDING,TACTICAL_BUYBACK_AHR999_TO_35,AHR_VALUE_BUY,BUY,DELAY,AHR_REBUY_COOLDOWN,0.23853032665486515,0.23853032665486515,,,,True,89
K,2020-03-30T00:00:00+0000,SHADOW_REQUEST_OR_PENDING,TACTICAL_BUYBACK_AHR999_TO_35,AHR_VALUE_BUY,BUY,DELAY,THREE_COMPLETED_CLOSE_COOLDOWN,0.23847806846214895,0.23847806846214895,,2.0,1.0,True,89
J7,2020-03-31T00:00:00+0000,SHADOW_REQUEST_OR_PENDING,PENDING_AHR_BUY,AHR_VALUE_BUY,BUY,CANCEL,AHR_VALUE_CONDITION_DISAPPEARED,0.25232943596841567,0.25232943596841567,,,,False,90
K,2020-03-31T00:00:00+0000,SHADOW_REQUEST_OR_PENDING,PENDING_AHR_BUY,AHR_VALUE_BUY,BUY,DELAY,PENDING_COMPLETED_CLOSE_COOLDOWN_ACTIVE,0.25230464805519986,0.25230464805519986,,3.0,0.0,True,90
K,2020-04-01T00:00:00+0000,SHADOW_REQUEST_OR_PENDING,PENDING_AHR_BUY,AHR_VALUE_BUY,BUY,CANCEL,AHR_VALUE_CONDITION_GONE_AT_COOLDOWN_END,0.25333728111830467,0.25333728111830467,,4.0,0.0,False,91
B,2020-04-04T00:00:00+0000,ACTUAL_EXECUTED,TACTICAL_BUYBACK_RIGHT_TO_50,RIGHT_SIDE_BUY,BUY,EXECUTE,RIGHT_SIDE_TO_50,0.38233043343433604,0.5,2554.689171839377,,,False,94
J7,2020-04-04T00:00:00+0000,ACTUAL_EXECUTED,TACTICAL_BUYBACK_RIGHT_TO_50,RIGHT_SIDE_BUY,BUY,EXECUTE,RIGHT_SIDE_TO_50,0.2653925701341058,0.5,4994.573660726365,,,False,94
J7,2020-04-04T00:00:00+0000,SHADOW_REQUEST_OR_PENDING,TACTICAL_BUYBACK_RIGHT_TO_50,RIGHT_SIDE_TO_50,BUY,EXECUTE,EXECUTED,0.2653925701341058,0.5,,,,False,94
K,2020-04-04T00:00:00+0000,ACTUAL_EXECUTED,TACTICAL_BUYBACK_RIGHT_TO_50,RIGHT_SIDE_BUY,BUY,EXECUTE,RIGHT_SIDE_TO_50,0.26530829557083435,0.5,5094.080464357873,,,False,94
K,2020-04-04T00:00:00+0000,SHADOW_REQUEST_OR_PENDING,TACTICAL_BUYBACK_RIGHT_TO_50,RIGHT_SIDE_TO_50,BUY,EXECUTE,EXECUTED,0.26530829557083435,0.5,,7.0,0.0,False,94
B,2020-04-19T00:00:00+0000,ACTUAL_EXECUTED,TACTICAL_BUYBACK_RIGHT_TO_60,RIGHT_SIDE_BUY,BUY,EXECUTE,RIGHT_SIDE_TO_60,0.5452023439197018,0.6,1307.6030588783094,,,False,109
J7,2020-04-19T00:00:00+0000,ACTUAL_EXECUTED,TACTICAL_BUYBACK_RIGHT_TO_60,RIGHT_SIDE_BUY,BUY,EXECUTE,RIGHT_SIDE_TO_60,0.5455971745529021,0.6,1273.8543537432229,,,False,109
J7,2020-04-19T00:00:00+0000,SHADOW_REQUEST_OR_PENDING,TACTICAL_BUYBACK_RIGHT_TO_60,RIGHT_SIDE_TO_60,BUY,EXECUTE,EXECUTED,0.5455971745529021,0.6,,,,False,109
K,2020-04-19T00:00:00+0000,ACTUAL_EXECUTED,TACTICAL_BUYBACK_RIGHT_TO_60,RIGHT_SIDE_BUY,BUY,EXECUTE,RIGHT_SIDE_TO_60,0.5453054147465652,0.6,1304.8922553774644,,,False,109
K,2020-04-19T00:00:00+0000,SHADOW_REQUEST_OR_PENDING,TACTICAL_BUYBACK_RIGHT_TO_60,RIGHT_SIDE_TO_60,BUY,EXECUTE,EXECUTED,0.5453054147465652,0.6,,22.0,0.0,False,109
B,2020-05-09T00:00:00+0000,ACTUAL_EXECUTED,TACTICAL_BUYBACK_NEW_BULL_REDEPLOY,TACTICAL_BUYBACK_NEW_BULL_REDEPLOY,BUY,EXECUTE,TEN_DAY_NEW_BULL_REDEPLOY,0.6556195307493861,0.6684030168262375,354.3198066297496,,,False,129
J7,2020-05-09T00:00:00+0000,ACTUAL_EXECUTED,TACTICAL_BUYBACK_NEW_BULL_REDEPLOY,TACTICAL_BUYBACK_NEW_BULL_REDEPLOY,BUY,EXECUTE,TEN_DAY_NEW_BULL_REDEPLOY,0.6554593982249708,0.6678355114282684,336.44590234567534,,,False,129
J7,2020-05-09T00:00:00+0000,SHADOW_REQUEST_OR_PENDING,TACTICAL_BUYBACK_NEW_BULL_REDEPLOY,NEW_BULL_REDEPLOY,BUY,EXECUTE,EXECUTED,0.6554593982249708,0.6678355114282684,,,,False,129
K,2020-05-09T00:00:00+0000,ACTUAL_EXECUTED,TACTICAL_BUYBACK_NEW_BULL_REDEPLOY,TACTICAL_BUYBACK_NEW_BULL_REDEPLOY,BUY,EXECUTE,TEN_DAY_NEW_BULL_REDEPLOY,0.655547676695506,0.6683296651622376,354.13630439822145,,,False,129
K,2020-05-09T00:00:00+0000,SHADOW_REQUEST_OR_PENDING,TACTICAL_BUYBACK_NEW_BULL_REDEPLOY,NEW_BULL_REDEPLOY,BUY,EXECUTE,EXECUTED,0.655547676695506,0.6683296651622376,,0.0,0.0,False,129
B,2020-05-10T00:00:00+0000,ACTUAL_EXECUTED,TACTICAL_BUYBACK_NEW_BULL_REDEPLOY,TACTICAL_BUYBACK_NEW_BULL_REDEPLOY,BUY,EXECUTE,TEN_DAY_NEW_BULL_REDEPLOY,0.6644615684302251,0.6773970731299837,354.31980662974956,,,False,130
J7,2020-05-10T00:00:00+0000,ACTUAL_EXECUTED,TACTICAL_BUYBACK_NEW_BULL_REDEPLOY,TACTICAL_BUYBACK_NEW_BULL_REDEPLOY,BUY,EXECUTE,TEN_DAY_NEW_BULL_REDEPLOY,0.6639184566337006,0.6764405628327717,336.44590234567534,,,False,130
J7,2020-05-10T00:00:00+0000,SHADOW_REQUEST_OR_PENDING,TACTICAL_BUYBACK_NEW_BULL_REDEPLOY,NEW_BULL_REDEPLOY,BUY,EXECUTE,EXECUTED,0.6639184566337006,0.6764405628327717,,,,False,130
K,2020-05-10T00:00:00+0000,ACTUAL_EXECUTED,TACTICAL_BUYBACK_NEW_BULL_REDEPLOY,TACTICAL_BUYBACK_NEW_BULL_REDEPLOY,BUY,EXECUTE,TEN_DAY_NEW_BULL_REDEPLOY,0.6643959332229279,0.6773295915438964,354.13630439822145,,,False,130
K,2020-05-10T00:00:00+0000,SHADOW_REQUEST_OR_PENDING,TACTICAL_BUYBACK_NEW_BULL_REDEPLOY,NEW_BULL_REDEPLOY,BUY,EXECUTE,EXECUTED,0.6643959332229279,0.6773295915438964,,0.0,0.0,False,130
B,2020-05-11T00:00:00+0000,ACTUAL_EXECUTED,TACTICAL_BUYBACK_NEW_BULL_REDEPLOY,TACTICAL_BUYBACK_NEW_BULL_REDEPLOY,BUY,EXECUTE,TEN_DAY_NEW_BULL_REDEPLOY,0.6555221105050439,0.6693344525405986,354.31980662974956,,,False,131
J7,2020-05-11T00:00:00+0000,ACTUAL_EXECUTED,TACTICAL_BUYBACK_NEW_BULL_REDEPLOY,TACTICAL_BUYBACK_NEW_BULL_REDEPLOY,BUY,EXECUTE,TEN_DAY_NEW_BULL_REDEPLOY,0.654717514405142,0.6680880923804676,336.44590234567534,,,False,131
J7,2020-05-11T00:00:00+0000,SHADOW_REQUEST_OR_PENDING,TACTICAL_BUYBACK_NEW_BULL_REDEPLOY,NEW_BULL_REDEPLOY,BUY,EXECUTE,EXECUTED,0.654717514405142,0.6680880923804676,,,,False,131
K,2020-05-11T00:00:00+0000,ACTUAL_EXECUTED,TACTICAL_BUYBACK_NEW_BULL_REDEPLOY,TACTICAL_BUYBACK_NEW_BULL_REDEPLOY,BUY,EXECUTE,TEN_DAY_NEW_BULL_REDEPLOY,0.6554434850027706,0.6692541183996465,354.1363043982214,,,False,131
K,2020-05-11T00:00:00+0000,SHADOW_REQUEST_OR_PENDING,TACTICAL_BUYBACK_NEW_BULL_REDEPLOY,NEW_BULL_REDEPLOY,BUY,EXECUTE,EXECUTED,0.6554434850027706,0.6692541183996465,,0.0,0.0,False,131
B,2020-05-12T00:00:00+0000,ACTUAL_EXECUTED,TACTICAL_BUYBACK_NEW_BULL_REDEPLOY,TACTICAL_BUYBACK_NEW_BULL_REDEPLOY,BUY,EXECUTE,TEN_DAY_NEW_BULL_REDEPLOY,0.6662942752449461,0.680239874627375,354.31980662974956,,,False,132
J7,2020-05-12T00:00:00+0000,ACTUAL_EXECUTED,TACTICAL_BUYBACK_NEW_BULL_REDEPLOY,TACTICAL_BUYBACK_NEW_BULL_REDEPLOY,BUY,EXECUTE,TEN_DAY_NEW_BULL_REDEPLOY,0.664848671877485,0.6783473976890847,336.4459023456754,,,False,132
J7,2020-05-12T00:00:00+0000,SHADOW_REQUEST_OR_PENDING,TACTICAL_BUYBACK_NEW_BULL_REDEPLOY,NEW_BULL_REDEPLOY,BUY,EXECUTE,EXECUTED,0.664848671877485,0.6783473976890847,,,,False,132
K,2020-05-12T00:00:00+0000,ACTUAL_EXECUTED,TACTICAL_BUYBACK_NEW_BULL_REDEPLOY,TACTICAL_BUYBACK_NEW_BULL_REDEPLOY,BUY,EXECUTE,TEN_DAY_NEW_BULL_REDEPLOY,0.6662169162020789,0.6801606361809709,354.13630439822145,,,False,132
K,2020-05-12T00:00:00+0000,SHADOW_REQUEST_OR_PENDING,TACTICAL_BUYBACK_NEW_BULL_REDEPLOY,NEW_BULL_REDEPLOY,BUY,EXECUTE,EXECUTED,0.6662169162020789,0.6801606361809709,,0.0,0.0,False,132
B,2020-05-13T00:00:00+0000,ACTUAL_EXECUTED,TACTICAL_BUYBACK_NEW_BULL_REDEPLOY,TACTICAL_BUYBACK_NEW_BULL_REDEPLOY,BUY,EXECUTE,TEN_DAY_NEW_BULL_REDEPLOY,0.6856625395548047,0.6993605307728653,354.31980662974956,,,False,133
J7,2020-05-13T00:00:00+0000,ACTUAL_EXECUTED,TACTICAL_BUYBACK_NEW_BULL_REDEPLOY,TACTICAL_BUYBACK_NEW_BULL_REDEPLOY,BUY,EXECUTE,TEN_DAY_NEW_BULL_REDEPLOY,0.6841813172298226,0.6974412298166754,336.4459023456754,,,False,133
J7,2020-05-13T00:00:00+0000,SHADOW_REQUEST_OR_PENDING,TACTICAL_BUYBACK_NEW_BULL_REDEPLOY,NEW_BULL_REDEPLOY,BUY,EXECUTE,EXECUTED,0.6841813172298226,0.6974412298166754,,,,False,133
K,2020-05-13T00:00:00+0000,ACTUAL_EXECUTED,TACTICAL_BUYBACK_NEW_BULL_REDEPLOY,TACTICAL_BUYBACK_NEW_BULL_REDEPLOY,BUY,EXECUTE,TEN_DAY_NEW_BULL_REDEPLOY,0.685581425037119,0.6992777087699756,354.1363043982214,,,False,133
K,2020-05-13T00:00:00+0000,SHADOW_REQUEST_OR_PENDING,TACTICAL_BUYBACK_NEW_BULL_REDEPLOY,NEW_BULL_REDEPLOY,BUY,EXECUTE,EXECUTED,0.685581425037119,0.6992777087699756,,0.0,0.0,False,133
B,2020-05-14T00:00:00+0000,ACTUAL_EXECUTED,TACTICAL_BUYBACK_NEW_BULL_REDEPLOY,TACTICAL_BUYBACK_NEW_BULL_REDEPLOY,BUY,EXECUTE,TEN_DAY_NEW_BULL_REDEPLOY,0.7106872704514577,0.7238754441843039,354.31980662974945,,,False,134
J7,2020-05-14T00:00:00+0000,ACTUAL_EXECUTED,TACTICAL_BUYBACK_NEW_BULL_REDEPLOY,TACTICAL_BUYBACK_NEW_BULL_REDEPLOY,BUY,EXECUTE,TEN_DAY_NEW_BULL_REDEPLOY,0.7084159942814882,0.7211840063382511,336.44590234567545,,,False,134
J7,2020-05-14T00:00:00+0000,SHADOW_REQUEST_OR_PENDING,TACTICAL_BUYBACK_NEW_BULL_REDEPLOY,NEW_BULL_REDEPLOY,BUY,EXECUTE,EXECUTED,0.7084159942814882,0.7211840063382511,,,,False,134
K,2020-05-14T00:00:00+0000,ACTUAL_EXECUTED,TACTICAL_BUYBACK_NEW_BULL_REDEPLOY,TACTICAL_BUYBACK_NEW_BULL_REDEPLOY,BUY,EXECUTE,TEN_DAY_NEW_BULL_REDEPLOY,0.7106049309981322,0.723791581586775,354.13630439822145,,,False,134
K,2020-05-14T00:00:00+0000,SHADOW_REQUEST_OR_PENDING,TACTICAL_BUYBACK_NEW_BULL_REDEPLOY,NEW_BULL_REDEPLOY,BUY,EXECUTE,EXECUTED,0.7106049309981322,0.723791581586775,,0.0,0.0,False,134
B,2020-05-15T00:00:00+0000,ACTUAL_EXECUTED,TACTICAL_BUYBACK_NEW_BULL_REDEPLOY,TACTICAL_BUYBACK_NEW_BULL_REDEPLOY,BUY,EXECUTE,TEN_DAY_NEW_BULL_REDEPLOY,0.7314044371139836,0.7442306360271614,354.3198066297495,,,False,135
J7,2020-05-15T00:00:00+0000,ACTUAL_EXECUTED,TACTICAL_BUYBACK_NEW_BULL_REDEPLOY,TACTICAL_BUYBACK_NEW_BULL_REDEPLOY,BUY,EXECUTE,TEN_DAY_NEW_BULL_REDEPLOY,0.7289142812286348,0.7413343963333336,336.4459023456754,,,False,135
J7,2020-05-15T00:00:00+0000,SHADOW_REQUEST_OR_PENDING,TACTICAL_BUYBACK_NEW_BULL_REDEPLOY,NEW_BULL_REDEPLOY,BUY,EXECUTE,EXECUTED,0.7289142812286348,0.7413343963333336,,,,False,135
K,2020-05-15T00:00:00+0000,ACTUAL_EXECUTED,TACTICAL_BUYBACK_NEW_BULL_REDEPLOY,TACTICAL_BUYBACK_NEW_BULL_REDEPLOY,BUY,EXECUTE,TEN_DAY_NEW_BULL_REDEPLOY,0.7313123124260125,0.7441375330159214,354.13630439822145,,,False,135
K,2020-05-15T00:00:00+0000,SHADOW_REQUEST_OR_PENDING,TACTICAL_BUYBACK_NEW_BULL_REDEPLOY,NEW_BULL_REDEPLOY,BUY,EXECUTE,EXECUTED,0.7313123124260125,0.7441375330159214,,0.0,0.0,False,135
B,2020-05-16T00:00:00+0000,ACTUAL_EXECUTED,TACTICAL_BUYBACK_NEW_BULL_REDEPLOY,TACTICAL_BUYBACK_NEW_BULL_REDEPLOY,BUY,EXECUTE,TEN_DAY_NEW_BULL_REDEPLOY,0.7354440862991369,0.7487173518669131,354.3198066297496,,,False,136
J7,2020-05-16T00:00:00+0000,ACTUAL_EXECUTED,TACTICAL_BUYBACK_NEW_BULL_REDEPLOY,TACTICAL_BUYBACK_NEW_BULL_REDEPLOY,BUY,EXECUTE,TEN_DAY_NEW_BULL_REDEPLOY,0.7323070144185755,0.7451576962106817,336.4459023456754,,,False,136
J7,2020-05-16T00:00:00+0000,SHADOW_REQUEST_OR_PENDING,TACTICAL_BUYBACK_NEW_BULL_REDEPLOY,NEW_BULL_REDEPLOY,BUY,EXECUTE,EXECUTED,0.7323070144185755,0.7451576962106817,,,,False,136
K,2020-05-16T00:00:00+0000,ACTUAL_EXECUTED,TACTICAL_BUYBACK_NEW_BULL_REDEPLOY,TACTICAL_BUYBACK_NEW_BULL_REDEPLOY,BUY,EXECUTE,TEN_DAY_NEW_BULL_REDEPLOY,0.7353512193136359,0.7486233006592414,354.1363043982215,,,False,136
K,2020-05-16T00:00:00+0000,SHADOW_REQUEST_OR_PENDING,TACTICAL_BUYBACK_NEW_BULL_REDEPLOY,NEW_BULL_REDEPLOY,BUY,EXECUTE,EXECUTED,0.7353512193136359,0.7486233006592414,,0.0,0.0,False,136
B,2020-05-17T00:00:00+0000,ACTUAL_EXECUTED,TACTICAL_BUYBACK_NEW_BULL_REDEPLOY,TACTICAL_BUYBACK_NEW_BULL_REDEPLOY,BUY,EXECUTE,TEN_DAY_NEW_BULL_REDEPLOY,0.7516454564137155,0.7647612119397063,354.3198066297496,,,False,137
J7,2020-05-17T00:00:00+0000,ACTUAL_EXECUTED,TACTICAL_BUYBACK_NEW_BULL_REDEPLOY,TACTICAL_BUYBACK_NEW_BULL_REDEPLOY,BUY,EXECUTE,TEN_DAY_NEW_BULL_REDEPLOY,0.7483225680436174,0.7610203825321404,336.4459023456754,,,False,137
J7,2020-05-17T00:00:00+0000,SHADOW_REQUEST_OR_PENDING,TACTICAL_BUYBACK_NEW_BULL_REDEPLOY,NEW_BULL_REDEPLOY,BUY,EXECUTE,EXECUTED,0.7483225680436174,0.7610203825321404,,,,False,137
K,2020-05-17T00:00:00+0000,ACTUAL_EXECUTED,TACTICAL_BUYBACK_NEW_BULL_REDEPLOY,TACTICAL_BUYBACK_NEW_BULL_REDEPLOY,BUY,EXECUTE,TEN_DAY_NEW_BULL_REDEPLOY,0.7515580686768647,0.7646723600372264,354.13630439822145,,,False,137
K,2020-05-17T00:00:00+0000,SHADOW_REQUEST_OR_PENDING,TACTICAL_BUYBACK_NEW_BULL_REDEPLOY,NEW_BULL_REDEPLOY,BUY,EXECUTE,EXECUTED,0.7515580686768647,0.7646723600372264,,0.0,0.0,False,137
B,2020-05-18T00:00:00+0000,ACTUAL_EXECUTED,TACTICAL_BUYBACK_NEW_BULL_REDEPLOY,TACTICAL_BUYBACK_NEW_BULL_REDEPLOY,BUY,EXECUTE,TEN_DAY_NEW_BULL_REDEPLOY,0.770655228379715,0.7834495079333711,354.3198066297496,,,False,138
J7,2020-05-18T00:00:00+0000,ACTUAL_EXECUTED,TACTICAL_BUYBACK_NEW_BULL_REDEPLOY,TACTICAL_BUYBACK_NEW_BULL_REDEPLOY,BUY,EXECUTE,TEN_DAY_NEW_BULL_REDEPLOY,0.7667984872697277,0.7791864444182021,336.44590234567545,,,False,138
J7,2020-05-18T00:00:00+0000,SHADOW_REQUEST_OR_PENDING,TACTICAL_BUYBACK_NEW_BULL_REDEPLOY,NEW_BULL_REDEPLOY,BUY,EXECUTE,EXECUTED,0.7667984872697277,0.7791864444182021,,,,False,138
K,2020-05-18T00:00:00+0000,ACTUAL_EXECUTED,TACTICAL_BUYBACK_NEW_BULL_REDEPLOY,TACTICAL_BUYBACK_NEW_BULL_REDEPLOY,BUY,EXECUTE,TEN_DAY_NEW_BULL_REDEPLOY,0.7705682073445375,0.7833610808340251,354.13630439822145,,,False,138
K,2020-05-18T00:00:00+0000,SHADOW_REQUEST_OR_PENDING,TACTICAL_BUYBACK_NEW_BULL_REDEPLOY,NEW_BULL_REDEPLOY,BUY,EXECUTE,EXECUTED,0.7705682073445375,0.7833610808340251,,0.0,0.0,False,138
B,2020-06-21T00:00:00+0000,ACTUAL_EXECUTED,TACTICAL_SELL_STAGE2,RISK_SELL,SELL,EXECUTE,EARLY_BEAR_STAGE2,0.7901699532378177,0.7,2582.585917931491,,,False,172
J7,2020-06-21T00:00:00+0000,ACTUAL_EXECUTED,TACTICAL_SELL_STAGE2,RISK_SELL,SELL,EXECUTE,EARLY_BEAR_STAGE2,0.7861813467155161,0.7,2422.302057401736,,,False,172
J7,2020-06-21T00:00:00+0000,SHADOW_REQUEST_OR_PENDING,TACTICAL_SELL_STAGE2,RISK_SELL,SELL,EXECUTE,EXECUTED,0.7861813467155161,0.7,,,,False,172
K,2020-06-21T00:00:00+0000,ACTUAL_EXECUTED,TACTICAL_SELL_STAGE2,RISK_SELL,SELL,EXECUTE,EARLY_BEAR_STAGE2,0.7901168487251932,0.7,2580.4118753802813,,,False,172
K,2020-06-21T00:00:00+0000,SHADOW_REQUEST_OR_PENDING,TACTICAL_SELL_STAGE2,RISK_SELL,SELL,EXECUTE,EXECUTED,0.7901168487251932,0.7,,0.0,3.0,False,172
B,2020-09-05T00:00:00+0000,ACTUAL_EXECUTED,TACTICAL_SELL_STAGE2,RISK_SELL,SELL,EXECUTE,EARLY_BEAR_STAGE2,0.7664510685268818,0.7,2444.440589064274,,,False,248
J7,2020-09-05T00:00:00+0000,ACTUAL_EXECUTED,TACTICAL_SELL_STAGE2,RISK_SELL,SELL,EXECUTE,EARLY_BEAR_STAGE2,0.7668976676800522,0.6999999999999998,2419.6048608971278,,,False,248
J7,2020-09-05T00:00:00+0000,SHADOW_REQUEST_OR_PENDING,TACTICAL_SELL_STAGE2,RISK_SELL,SELL,EXECUTE,EXECUTED,0.7668976676800522,0.6999999999999998,,,,False,248
K,2020-09-05T00:00:00+0000,ACTUAL_EXECUTED,TACTICAL_SELL_STAGE2,RISK_SELL,SELL,EXECUTE,EARLY_BEAR_STAGE2,0.7665695521952482,0.6999999999999998,2449.422317075036,,,False,248
K,2020-09-05T00:00:00+0000,SHADOW_REQUEST_OR_PENDING,TACTICAL_SELL_STAGE2,RISK_SELL,SELL,EXECUTE,EXECUTED,0.7665695521952482,0.6999999999999998,,0.0,3.0,False,248
B,2021-04-21T00:00:00+0000,ACTUAL_EXECUTED,TACTICAL_SELL_STAGE2,RISK_SELL,SELL,EXECUTE,EARLY_BEAR_STAGE2,0.93361025714673,0.7,38838.68811714423,,,False,476
J7,2021-04-21T00:00:00+0000,ACTUAL_EXECUTED,TACTICAL_SELL_STAGE2,RISK_SELL,SELL,EXECUTE,EARLY_BEAR_STAGE2,0.9336915961400831,0.7,38247.744532939556,,,False,476
J7,2021-04-21T00:00:00+0000,SHADOW_REQUEST_OR_PENDING,TACTICAL_SELL_STAGE2,RISK_SELL,SELL,EXECUTE,EXECUTED,0.9336915961400831,0.7,,,,False,476
K,2021-04-21T00:00:00+0000,ACTUAL_EXECUTED,TACTICAL_SELL_STAGE2,RISK_SELL,SELL,EXECUTE,EARLY_BEAR_STAGE2,0.9336213075941119,0.7,38856.868571339284,,,False,476
K,2021-04-21T00:00:00+0000,SHADOW_REQUEST_OR_PENDING,TACTICAL_SELL_STAGE2,RISK_SELL,SELL,EXECUTE,EXECUTED,0.9336213075941119,0.7,,0.0,3.0,False,476
B,2021-05-15T00:00:00+0000,ACTUAL_EXECUTED,TACTICAL_SELL_STAGE2,RISK_SELL,SELL,EXECUTE,EARLY_BEAR_STAGE2,0.7643388263005042,0.6999999999999998,13612.148478647496,,,False,500
J7,2021-05-15T00:00:00+0000,ACTUAL_EXECUTED,TACTICAL_SELL_STAGE2,RISK_SELL,SELL,EXECUTE,EARLY_BEAR_STAGE2,0.7649555854092617,0.7,13564.324884842903,,,False,500
J7,2021-05-15T00:00:00+0000,SHADOW_REQUEST_OR_PENDING,TACTICAL_SELL_STAGE2,RISK_SELL,SELL,EXECUTE,EXECUTED,0.7649555854092617,0.7,,,,False,500
K,2021-05-15T00:00:00+0000,ACTUAL_EXECUTED,TACTICAL_SELL_STAGE2,RISK_SELL,SELL,EXECUTE,EARLY_BEAR_STAGE2,0.7645908309000202,0.7,13685.849919112072,,,False,500
K,2021-05-15T00:00:00+0000,SHADOW_REQUEST_OR_PENDING,TACTICAL_SELL_STAGE2,RISK_SELL,SELL,EXECUTE,EXECUTED,0.7645908309000202,0.7,,0.0,3.0,False,500
B,2021-05-20T00:00:00+0000,ACTUAL_EXECUTED,TACTICAL_SELL_CRASH_L2,RISK_SELL,SELL,EXECUTE,CRASH_BRAKE_LEVEL2,0.5954901799541082,0.4999999999999999,14977.251881808956,,,False,505
J7,2021-05-20T00:00:00+0000,ACTUAL_EXECUTED,TACTICAL_SELL_CRASH_L2,RISK_SELL,SELL,EXECUTE,CRASH_BRAKE_LEVEL2,0.5952258772037473,0.5,14732.364963805077,,,False,505
J7,2021-05-20T00:00:00+0000,SHADOW_REQUEST_OR_PENDING,TACTICAL_SELL_CRASH_L2,RISK_SELL,SELL,EXECUTE,EXECUTED,0.5952258772037473,0.5,,,,False,505
K,2021-05-20T00:00:00+0000,ACTUAL_EXECUTED,TACTICAL_SELL_CRASH_L2,RISK_SELL,SELL,EXECUTE,CRASH_BRAKE_LEVEL2,0.5953800661819972,0.4999999999999999,14978.213945460313,,,False,505
K,2021-05-20T00:00:00+0000,SHADOW_REQUEST_OR_PENDING,TACTICAL_SELL_CRASH_L2,RISK_SELL,SELL,EXECUTE,EXECUTED,0.5953800661819972,0.5,,0.0,3.0,False,505
B,2021-05-25T00:00:00+0000,ACTUAL_EXECUTED,TACTICAL_SELL_STAGE4,RISK_SELL,SELL,EXECUTE,FSM_BEAR_ACCELERATION,0.5194293745903589,0.25000000000000006,43944.650369901574,,,False,510
J7,2021-05-25T00:00:00+0000,ACTUAL_EXECUTED,TACTICAL_SELL_STAGE4,RISK_SELL,SELL,EXECUTE,FSM_BEAR_ACCELERATION,0.5194729567291676,0.25,43357.0657236802,,,False,510
J7,2021-05-25T00:00:00+0000,SHADOW_REQUEST_OR_PENDING,TACTICAL_SELL_STAGE4,RISK_SELL,SELL,EXECUTE,EXECUTED,0.5194729567291676,0.25,,,,False,510
K,2021-05-25T00:00:00+0000,ACTUAL_EXECUTED,TACTICAL_SELL_STAGE4,RISK_SELL,SELL,EXECUTE,FSM_BEAR_ACCELERATION,0.5194461330152415,0.25,44002.48775199604,,,False,510
K,2021-05-25T00:00:00+0000,SHADOW_REQUEST_OR_PENDING,TACTICAL_SELL_STAGE4,RISK_SELL,SELL,EXECUTE,EXECUTED,0.5194461330152415,0.25,,0.0,3.0,False,510
B,2022-01-04T00:00:00+0000,ACTUAL_EXECUTED,TACTICAL_SELL_STAGE4,RISK_SELL,SELL,EXECUTE,FSM_BEAR_ACCELERATION,0.3319491913269284,0.25,14999.678544248385,,,False,734
J7,2022-01-04T00:00:00+0000,ACTUAL_EXECUTED,TACTICAL_SELL_STAGE4,RISK_SELL,SELL,EXECUTE,FSM_BEAR_ACCELERATION,0.33208887297359296,0.24999999999999997,14825.043773572765,,,False,734
J7,2022-01-04T00:00:00+0000,SHADOW_REQUEST_OR_PENDING,TACTICAL_SELL_STAGE4,RISK_SELL,SELL,EXECUTE,EXECUTED,0.33208887297359296,0.24999999999999997,,,,False,734
K,2022-01-04T00:00:00+0000,ACTUAL_EXECUTED,TACTICAL_SELL_STAGE4,RISK_SELL,SELL,EXECUTE,FSM_BEAR_ACCELERATION,0.3319364357270017,0.25,15015.86134740914,,,False,734
K,2022-01-04T00:00:00+0000,SHADOW_REQUEST_OR_PENDING,TACTICAL_SELL_STAGE4,RISK_SELL,SELL,EXECUTE,EXECUTED,0.3319364357270017,0.25,,0.0,3.0,False,734
B,2022-06-15T00:00:00+0000,ACTUAL_EXECUTED,TACTICAL_BUYBACK_AHR999_TO_35,AHR_VALUE_BUY,BUY,EXECUTE,AHR999<=0.35,0.10343733063594943,0.35000000000000003,37713.85840079467,,,False,896
J7,2022-06-15T00:00:00+0000,ACTUAL_EXECUTED,TACTICAL_BUYBACK_AHR999_TO_35,AHR_VALUE_BUY,BUY,EXECUTE,AHR999<=0.35,0.10352814330712086,0.35000000000000003,37201.400698434714,,,False,896
J7,2022-06-15T00:00:00+0000,SHADOW_REQUEST_OR_PENDING,TACTICAL_BUYBACK_AHR999_TO_35,AHR_VALUE_BUY,BUY,EXECUTE,EXECUTED,0.10352814330712086,0.35000000000000003,,,,False,896
K,2022-06-15T00:00:00+0000,ACTUAL_EXECUTED,TACTICAL_BUYBACK_AHR999_TO_35,AHR_VALUE_BUY,BUY,EXECUTE,AHR999<=0.35,0.10342903679116544,0.35,37761.34609235474,,,False,896
K,2022-06-15T00:00:00+0000,SHADOW_REQUEST_OR_PENDING,TACTICAL_BUYBACK_AHR999_TO_35,AHR_VALUE_BUY,BUY,EXECUTE,EXECUTED,0.10342903679116544,0.35,,162.0,0.0,False,896
B,2022-06-18T00:00:00+0000,ACTUAL_EXECUTED,TACTICAL_SELL_STAGE4,RISK_SELL,SELL,EXECUTE,ACCUMULATION_BEARISH_REBREAK,0.32923678238090237,0.24999999999999994,11751.000075954158,,,False,899
J7,2022-06-18T00:00:00+0000,ACTUAL_EXECUTED,TACTICAL_SELL_STAGE4,RISK_SELL,SELL,EXECUTE,ACCUMULATION_BEARISH_REBREAK,0.3292396725242801,0.24999999999999994,11596.072248736267,,,False,899
J7,2022-06-18T00:00:00+0000,SHADOW_REQUEST_OR_PENDING,TACTICAL_SELL_STAGE4,RISK_SELL,SELL,EXECUTE,EXECUTED,0.3292396725242801,0.24999999999999994,,,,False,899
K,2022-06-18T00:00:00+0000,ACTUAL_EXECUTED,TACTICAL_SELL_STAGE4,RISK_SELL,SELL,EXECUTE,ACCUMULATION_BEARISH_REBREAK,0.32923651842526097,0.25,11765.35670448976,,,False,899
K,2022-06-18T00:00:00+0000,SHADOW_REQUEST_OR_PENDING,TACTICAL_SELL_STAGE4,RISK_SELL,SELL,EXECUTE,EXECUTED,0.32923651842526097,0.25,,0.0,3.0,False,899
B,2022-06-19T00:00:00+0000,ACTUAL_EXECUTED,TACTICAL_BUYBACK_AHR999_TO_35,AHR_VALUE_BUY,BUY,EXECUTE,AHR999<=0.35,0.23481002927054045,0.35,16726.77360968088,,,False,900
J7,2022-06-19T00:00:00+0000,SHADOW_REQUEST_OR_PENDING,TACTICAL_BUYBACK_AHR999_TO_35,AHR_VALUE_BUY,BUY,DELAY,AHR_REBUY_COOLDOWN,0.23481126365854763,0.23481126365854763,,,,True,900
K,2022-06-19T00:00:00+0000,SHADOW_REQUEST_OR_PENDING,TACTICAL_BUYBACK_AHR999_TO_35,AHR_VALUE_BUY,BUY,DELAY,THREE_COMPLETED_CLOSE_COOLDOWN,0.23480991653417846,0.23480991653417846,,1.0,2.0,True,900
J7,2022-06-20T00:00:00+0000,SHADOW_REQUEST_OR_PENDING,PENDING_AHR_BUY,AHR_VALUE_BUY,BUY,DELAY,PENDING_COOLDOWN_ACTIVE,0.25467303275653225,0.25467303275653225,,,,True,901
K,2022-06-20T00:00:00+0000,SHADOW_REQUEST_OR_PENDING,PENDING_AHR_BUY,AHR_VALUE_BUY,BUY,DELAY,PENDING_COMPLETED_CLOSE_COOLDOWN_ACTIVE,0.2546722650404128,0.2546722650404128,,2.0,1.0,True,901
J7,2022-06-21T00:00:00+0000,SHADOW_REQUEST_OR_PENDING,PENDING_AHR_BUY,AHR_VALUE_BUY,BUY,DELAY,PENDING_COOLDOWN_ACTIVE,0.25470615061087826,0.25470615061087826,,,,True,902
K,2022-06-21T00:00:00+0000,SHADOW_REQUEST_OR_PENDING,PENDING_AHR_BUY,AHR_VALUE_BUY,BUY,DELAY,PENDING_COMPLETED_CLOSE_COOLDOWN_ACTIVE,0.25470447711824185,0.25470447711824185,,3.0,0.0,True,902
J7,2022-06-22T00:00:00+0000,SHADOW_REQUEST_OR_PENDING,PENDING_AHR_BUY,AHR_VALUE_BUY,BUY,DELAY,PENDING_COOLDOWN_ACTIVE,0.2550999765521745,0.2550999765521745,,,,True,903
K,2022-06-22T00:00:00+0000,ACTUAL_EXECUTED,TACTICAL_BUYBACK_AHR999_TO_35,AHR_VALUE_BUY,BUY,EXECUTE,V3_8_PENDING_AHR_EXECUTION,0.2550970959722793,0.35,14173.53992437489,,,False,903
K,2022-06-22T00:00:00+0000,SHADOW_REQUEST_OR_PENDING,PENDING_AHR_BUY,AHR_VALUE_BUY,BUY,EXECUTE,EXECUTED,0.2550970959722793,0.35,,4.0,0.0,False,903
J7,2022-06-23T00:00:00+0000,SHADOW_REQUEST_OR_PENDING,PENDING_AHR_BUY,AHR_VALUE_BUY,BUY,DELAY,PENDING_COOLDOWN_ACTIVE,0.24474779407487765,0.24474779407487765,,,,True,904
J7,2022-06-24T00:00:00+0000,SHADOW_REQUEST_OR_PENDING,PENDING_AHR_BUY,AHR_VALUE_BUY,BUY,DELAY,PENDING_COOLDOWN_ACTIVE,0.2585418385215079,0.2585418385215079,,,,True,905
J7,2022-06-25T00:00:00+0000,ACTUAL_EXECUTED,TACTICAL_BUYBACK_AHR999_TO_35,AHR_VALUE_BUY,BUY,EXECUTE,V3_7_PENDING_AHR_EXECUTION,0.26684687392647216,0.35000000000000003,12435.719322947542,,,False,906
J7,2022-06-25T00:00:00+0000,SHADOW_REQUEST_OR_PENDING,PENDING_AHR_BUY,AHR_VALUE_BUY,BUY,EXECUTE,EXECUTED,0.26684687392647216,0.35000000000000003,,,,False,906
B,2022-06-26T00:00:00+0000,ACTUAL_EXECUTED,TACTICAL_SELL_STAGE4,RISK_SELL,SELL,EXECUTE,ACCUMULATION_BEARISH_REBREAK,0.39124875981884333,0.25,21916.514027491263,,,False,907
J7,2022-06-26T00:00:00+0000,ACTUAL_EXECUTED,TACTICAL_SELL_STAGE4,RISK_SELL,SELL,EXECUTE,ACCUMULATION_BEARISH_REBREAK,0.35302415444604357,0.25,15491.496532436206,,,False,907
J7,2022-06-26T00:00:00+0000,SHADOW_REQUEST_OR_PENDING,TACTICAL_SELL_STAGE4,RISK_SELL,SELL,EXECUTE,EXECUTED,0.35302415444604357,0.25,,,,False,907
K,2022-06-26T00:00:00+0000,ACTUAL_EXECUTED,TACTICAL_SELL_STAGE4,RISK_SELL,SELL,EXECUTE,ACCUMULATION_BEARISH_REBREAK,0.36620682638605223,0.25,17812.517771399966,,,False,907
K,2022-06-26T00:00:00+0000,SHADOW_REQUEST_OR_PENDING,TACTICAL_SELL_STAGE4,RISK_SELL,SELL,EXECUTE,EXECUTED,0.36620682638605223,0.25,,0.0,3.0,False,907
B,2022-06-27T00:00:00+0000,ACTUAL_EXECUTED,TACTICAL_BUYBACK_AHR999_TO_35,AHR_VALUE_BUY,BUY,EXECUTE,AHR999<=0.35,0.244335047141769,0.35000000000000003,16254.248484101474,,,False,908
J7,2022-06-27T00:00:00+0000,SHADOW_REQUEST_OR_PENDING,TACTICAL_BUYBACK_AHR999_TO_35,AHR_VALUE_BUY,BUY,DELAY,AHR_REBUY_COOLDOWN,0.24435765441137317,0.24435765441137317,,,,True,908
K,2022-06-27T00:00:00+0000,SHADOW_REQUEST_OR_PENDING,TACTICAL_BUYBACK_AHR999_TO_35,AHR_VALUE_BUY,BUY,DELAY,THREE_COMPLETED_CLOSE_COOLDOWN,0.24434336916638183,0.24434336916638183,,1.0,2.0,True,908
J7,2022-06-28T00:00:00+0000,SHADOW_REQUEST_OR_PENDING,PENDING_AHR_BUY,AHR_VALUE_BUY,BUY,DELAY,PENDING_COOLDOWN_ACTIVE,0.24291177998226335,0.24291177998226335,,,,True,909
K,2022-06-28T00:00:00+0000,SHADOW_REQUEST_OR_PENDING,PENDING_AHR_BUY,AHR_VALUE_BUY,BUY,DELAY,PENDING_COMPLETED_CLOSE_COOLDOWN_ACTIVE,0.2429048173914173,0.2429048173914173,,2.0,1.0,True,909
J7,2022-06-29T00:00:00+0000,SHADOW_REQUEST_OR_PENDING,PENDING_AHR_BUY,AHR_VALUE_BUY,BUY,DELAY,PENDING_COOLDOWN_ACTIVE,0.23675124098587966,0.23675124098587966,,,,True,910
K,2022-06-29T00:00:00+0000,SHADOW_REQUEST_OR_PENDING,PENDING_AHR_BUY,AHR_VALUE_BUY,BUY,DELAY,PENDING_COMPLETED_CLOSE_COOLDOWN_ACTIVE,0.2367271033988875,0.2367271033988875,,3.0,0.0,True,910
J7,2022-06-30T00:00:00+0000,SHADOW_REQUEST_OR_PENDING,PENDING_AHR_BUY,AHR_VALUE_BUY,BUY,DELAY,PENDING_COOLDOWN_ACTIVE,0.2320079669441811,0.2320079669441811,,,,True,911
K,2022-06-30T00:00:00+0000,ACTUAL_EXECUTED,TACTICAL_BUYBACK_AHR999_TO_35,AHR_VALUE_BUY,BUY,EXECUTE,V3_8_PENDING_AHR_EXECUTION,0.23195665775610613,0.35,17649.976554005654,,,False,911
K,2022-06-30T00:00:00+0000,SHADOW_REQUEST_OR_PENDING,PENDING_AHR_BUY,AHR_VALUE_BUY,BUY,EXECUTE,EXECUTED,0.23195665775610613,0.35,,4.0,0.0,False,911
J7,2022-07-01T00:00:00+0000,SHADOW_REQUEST_OR_PENDING,PENDING_AHR_BUY,AHR_VALUE_BUY,BUY,DELAY,PENDING_COOLDOWN_ACTIVE,0.2285727495513106,0.2285727495513106,,,,True,912
J7,2022-07-02T00:00:00+0000,SHADOW_REQUEST_OR_PENDING,PENDING_AHR_BUY,AHR_VALUE_BUY,BUY,DELAY,PENDING_COOLDOWN_ACTIVE,0.2251549322463712,0.2251549322463712,,,,True,913
J7,2022-07-03T00:00:00+0000,ACTUAL_EXECUTED,TACTICAL_BUYBACK_AHR999_TO_35,AHR_VALUE_BUY,BUY,EXECUTE,V3_7_PENDING_AHR_EXECUTION,0.22584481799142805,0.35,18067.348629691114,,,False,914
J7,2022-07-03T00:00:00+0000,SHADOW_REQUEST_OR_PENDING,PENDING_AHR_BUY,AHR_VALUE_BUY,BUY,EXECUTE,EXECUTED,0.22584481799142805,0.35,,,,False,914
B,2022-07-04T00:00:00+0000,ACTUAL_EXECUTED,TACTICAL_SELL_STAGE4,RISK_SELL,SELL,EXECUTE,ACCUMULATION_BEARISH_REBREAK,0.3283818554444742,0.25,11677.891543840999,,,False,915
J7,2022-07-04T00:00:00+0000,ACTUAL_EXECUTED,TACTICAL_SELL_STAGE4,RISK_SELL,SELL,EXECUTE,ACCUMULATION_BEARISH_REBREAK,0.3512153186519279,0.25,14767.214244683079,,,False,915
J7,2022-07-04T00:00:00+0000,SHADOW_REQUEST_OR_PENDING,TACTICAL_SELL_STAGE4,RISK_SELL,SELL,EXECUTE,EXECUTED,0.3512153186519279,0.25,,,,False,915
K,2022-07-04T00:00:00+0000,ACTUAL_EXECUTED,TACTICAL_SELL_STAGE4,RISK_SELL,SELL,EXECUTE,ACCUMULATION_BEARISH_REBREAK,0.3429974922839701,0.25,13766.836972464946,,,False,915
K,2022-07-04T00:00:00+0000,SHADOW_REQUEST_OR_PENDING,TACTICAL_SELL_STAGE4,RISK_SELL,SELL,EXECUTE,EXECUTED,0.3429974922839701,0.25,,0.0,3.0,False,915
B,2022-07-05T00:00:00+0000,ACTUAL_EXECUTED,TACTICAL_BUYBACK_AHR999_TO_35,AHR_VALUE_BUY,BUY,EXECUTE,AHR999<=0.35,0.26145902643982727,0.35,13382.521068107962,,,False,916
J7,2022-07-05T00:00:00+0000,SHADOW_REQUEST_OR_PENDING,TACTICAL_BUYBACK_AHR999_TO_35,AHR_VALUE_BUY,BUY,DELAY,AHR_REBUY_COOLDOWN,0.26143274387246657,0.26143274387246657,,,,True,916
K,2022-07-05T00:00:00+0000,SHADOW_REQUEST_OR_PENDING,TACTICAL_BUYBACK_AHR999_TO_35,AHR_VALUE_BUY,BUY,DELAY,THREE_COMPLETED_CLOSE_COOLDOWN,0.26146073989000285,0.26146073989000285,,1.0,2.0,True,916
J7,2022-07-06T00:00:00+0000,SHADOW_REQUEST_OR_PENDING,PENDING_AHR_BUY,AHR_VALUE_BUY,BUY,DELAY,PENDING_COOLDOWN_ACTIVE,0.25941721322801303,0.25941721322801303,,,,True,917
K,2022-07-06T00:00:00+0000,SHADOW_REQUEST_OR_PENDING,PENDING_AHR_BUY,AHR_VALUE_BUY,BUY,DELAY,PENDING_COMPLETED_CLOSE_COOLDOWN_ACTIVE,0.2594273073996635,0.2594273073996635,,2.0,1.0,True,917
J7,2022-07-07T00:00:00+0000,SHADOW_REQUEST_OR_PENDING,PENDING_AHR_BUY,AHR_VALUE_BUY,BUY,DELAY,PENDING_COOLDOWN_ACTIVE,0.266323546394197,0.266323546394197,,,,True,918
K,2022-07-07T00:00:00+0000,SHADOW_REQUEST_OR_PENDING,PENDING_AHR_BUY,AHR_VALUE_BUY,BUY,DELAY,PENDING_COMPLETED_CLOSE_COOLDOWN_ACTIVE,0.2663687797394747,0.2663687797394747,,3.0,0.0,True,918
J7,2022-07-08T00:00:00+0000,SHADOW_REQUEST_OR_PENDING,PENDING_AHR_BUY,AHR_VALUE_BUY,BUY,CANCEL,AHR_VALUE_CONDITION_DISAPPEARED,0.27534471209107836,0.27534471209107836,,,,False,919
K,2022-07-08T00:00:00+0000,SHADOW_REQUEST_OR_PENDING,PENDING_AHR_BUY,AHR_VALUE_BUY,BUY,CANCEL,AHR_VALUE_CONDITION_GONE_AT_COOLDOWN_END,0.27537907869189243,0.27537907869189243,,4.0,0.0,False,919
B,2022-07-12T00:00:00+0000,ACTUAL_EXECUTED,TACTICAL_SELL_STAGE4,RISK_SELL,SELL,EXECUTE,ACCUMULATION_BEARISH_REBREAK,0.3430219064196172,0.25,13921.131376184163,,,False,923
J7,2022-07-12T00:00:00+0000,SHADOW_REQUEST_OR_PENDING,TACTICAL_SELL_STAGE4,RISK_SELL,SELL,EXECUTE,EXECUTE_NO_FILL_AT_TARGET,0.25530408253959186,0.25530408253959186,,,,False,923
K,2022-07-12T00:00:00+0000,SHADOW_REQUEST_OR_PENDING,TACTICAL_SELL_STAGE4,RISK_SELL,SELL,EXECUTE,NO_TRADE_ALREADY_BELOW_TARGET,0.25528131864242287,0.25528131864242287,,0.0,3.0,False,923
B,2022-07-13T00:00:00+0000,ACTUAL_EXECUTED,TACTICAL_BUYBACK_AHR999_TO_35,AHR_VALUE_BUY,BUY,EXECUTE,AHR999<=0.35,0.2417067320529236,0.35,16012.65535204918,,,False,924
J7,2022-07-13T00:00:00+0000,SHADOW_REQUEST_OR_PENDING,TACTICAL_BUYBACK_AHR999_TO_35,AHR_VALUE_BUY,BUY,DELAY,AHR_REBUY_COOLDOWN,0.24692778178115005,0.24692778178115005,,,,True,924
K,2022-07-13T00:00:00+0000,SHADOW_REQUEST_OR_PENDING,TACTICAL_BUYBACK_AHR999_TO_35,AHR_VALUE_BUY,BUY,DELAY,THREE_COMPLETED_CLOSE_COOLDOWN,0.24687721850653957,0.24687721850653957,,1.0,2.0,True,924
J7,2022-07-14T00:00:00+0000,SHADOW_REQUEST_OR_PENDING,PENDING_AHR_BUY,AHR_VALUE_BUY,BUY,DELAY,PENDING_COOLDOWN_ACTIVE,0.25837670616301794,0.25837670616301794,,,,True,925
K,2022-07-14T00:00:00+0000,SHADOW_REQUEST_OR_PENDING,PENDING_AHR_BUY,AHR_VALUE_BUY,BUY,DELAY,PENDING_COMPLETED_CLOSE_COOLDOWN_ACTIVE,0.2583562990503269,0.2583562990503269,,2.0,1.0,True,925
J7,2022-07-15T00:00:00+0000,SHADOW_REQUEST_OR_PENDING,PENDING_AHR_BUY,AHR_VALUE_BUY,BUY,DELAY,PENDING_COOLDOWN_ACTIVE,0.26755435706800473,0.26755435706800473,,,,True,926
K,2022-07-15T00:00:00+0000,SHADOW_REQUEST_OR_PENDING,PENDING_AHR_BUY,AHR_VALUE_BUY,BUY,DELAY,PENDING_COMPLETED_CLOSE_COOLDOWN_ACTIVE,0.2675987945032246,0.2675987945032246,,3.0,0.0,True,926
J7,2022-07-16T00:00:00+0000,SHADOW_REQUEST_OR_PENDING,PENDING_AHR_BUY,AHR_VALUE_BUY,BUY,DELAY,PENDING_COOLDOWN_ACTIVE,0.27220069148852977,0.27220069148852977,,,,True,927
K,2022-07-16T00:00:00+0000,ACTUAL_EXECUTED,TACTICAL_BUYBACK_AHR999_TO_35,AHR_VALUE_BUY,BUY,EXECUTE,V3_8_PENDING_AHR_EXECUTION,0.2722704510538577,0.35,11846.46802583818,,,False,927
K,2022-07-16T00:00:00+0000,SHADOW_REQUEST_OR_PENDING,PENDING_AHR_BUY,AHR_VALUE_BUY,BUY,EXECUTE,EXECUTED,0.2722704510538577,0.35,,4.0,0.0,False,927
J7,2022-07-17T00:00:00+0000,SHADOW_REQUEST_OR_PENDING,PENDING_AHR_BUY,AHR_VALUE_BUY,BUY,DELAY,PENDING_COOLDOWN_ACTIVE,0.28539222589706326,0.28539222589706326,,,,True,928
J7,2022-07-18T00:00:00+0000,SHADOW_REQUEST_OR_PENDING,PENDING_AHR_BUY,AHR_VALUE_BUY,BUY,DELAY,PENDING_COOLDOWN_ACTIVE,0.28237845575634113,0.28237845575634113,,,,True,929
B,2022-07-19T00:00:00+0000,ACTUAL_EXECUTED,TACTICAL_BUYBACK_RIGHT_TO_50,RIGHT_SIDE_BUY,BUY,EXECUTE,RIGHT_SIDE_TO_50,0.42088600402920434,0.5,13124.908597720365,,,False,930
J7,2022-07-19T00:00:00+0000,ACTUAL_EXECUTED,TACTICAL_BUYBACK_RIGHT_TO_50,RIGHT_SIDE_BUY,BUY,EXECUTE,RIGHT_SIDE_TO_50,0.3100646759994908,0.5,30085.446815429776,,,False,930
J7,2022-07-19T00:00:00+0000,SHADOW_REQUEST_OR_PENDING,PENDING_AHR_BUY,AHR_VALUE_BUY,BUY,CANCEL,RIGHT_SIDE_CANCELS_PENDING_AHR,0.3100646759994908,0.3100646759994908,,,,False,930
J7,2022-07-19T00:00:00+0000,SHADOW_REQUEST_OR_PENDING,TACTICAL_BUYBACK_RIGHT_TO_50,RIGHT_SIDE_TO_50,BUY,EXECUTE,EXECUTED,0.3100646759994908,0.5,,,,False,930
K,2022-07-19T00:00:00+0000,ACTUAL_EXECUTED,TACTICAL_BUYBACK_RIGHT_TO_50,RIGHT_SIDE_BUY,BUY,EXECUTE,RIGHT_SIDE_TO_50,0.39097732936168966,0.5,17727.64868689482,,,False,930
K,2022-07-19T00:00:00+0000,SHADOW_REQUEST_OR_PENDING,TACTICAL_BUYBACK_RIGHT_TO_50,RIGHT_SIDE_TO_50,BUY,EXECUTE,EXECUTED,0.39097732936168966,0.5,,7.0,0.0,False,930
B,2022-07-22T00:00:00+0000,ACTUAL_EXECUTED,TACTICAL_BUYBACK_RIGHT_TO_60,RIGHT_SIDE_BUY,BUY,EXECUTE,RIGHT_SIDE_TO_60,0.5031934520422486,0.5999999999999999,16158.973242206592,,,False,933
J7,2022-07-22T00:00:00+0000,ACTUAL_EXECUTED,TACTICAL_BUYBACK_RIGHT_TO_60,RIGHT_SIDE_BUY,BUY,EXECUTE,RIGHT_SIDE_TO_60,0.5033185318618627,0.6000000000000001,15409.806973955869,,,False,933
J7,2022-07-22T00:00:00+0000,SHADOW_REQUEST_OR_PENDING,TACTICAL_BUYBACK_RIGHT_TO_60,RIGHT_SIDE_TO_60,BUY,EXECUTE,EXECUTED,0.5033185318618627,0.6000000000000001,,,,False,933
K,2022-07-22T00:00:00+0000,ACTUAL_EXECUTED,TACTICAL_BUYBACK_RIGHT_TO_60,RIGHT_SIDE_BUY,BUY,EXECUTE,RIGHT_SIDE_TO_60,0.503234006582817,0.6,15832.121556743736,,,False,933
K,2022-07-22T00:00:00+0000,SHADOW_REQUEST_OR_PENDING,TACTICAL_BUYBACK_RIGHT_TO_60,RIGHT_SIDE_TO_60,BUY,EXECUTE,EXECUTED,0.503234006582817,0.6,,10.0,0.0,False,933
B,2022-07-29T00:00:00+0000,ACTUAL_EXECUTED,TACTICAL_SELL_STAGE4,RISK_SELL,SELL,EXECUTE,ACCUMULATION_BEARISH_REBREAK,0.6148384562533349,0.25,63316.563192813745,,,False,940
J7,2022-07-29T00:00:00+0000,ACTUAL_EXECUTED,TACTICAL_SELL_STAGE4,RISK_SELL,SELL,EXECUTE,ACCUMULATION_BEARISH_REBREAK,0.6146828697288965,0.25,60409.0080921139,,,False,940
J7,2022-07-29T00:00:00+0000,SHADOW_REQUEST_OR_PENDING,TACTICAL_SELL_STAGE4,RISK_SELL,SELL,EXECUTE,EXECUTED,0.6146828697288965,0.25,,,,False,940
K,2022-07-29T00:00:00+0000,ACTUAL_EXECUTED,TACTICAL_SELL_STAGE4,RISK_SELL,SELL,EXECUTE,ACCUMULATION_BEARISH_REBREAK,0.61478970895584,0.25,62045.70081304097,,,False,940
K,2022-07-29T00:00:00+0000,SHADOW_REQUEST_OR_PENDING,TACTICAL_SELL_STAGE4,RISK_SELL,SELL,EXECUTE,EXECUTED,0.61478970895584,0.25,,0.0,3.0,False,940
B,2022-08-27T00:00:00+0000,ACTUAL_EXECUTED,TACTICAL_BUYBACK_AHR999_TO_35,AHR_VALUE_BUY,BUY,EXECUTE,AHR999<=0.35,0.22588501267622502,0.3499999999999999,20838.580672611006,,,False,969
J7,2022-08-27T00:00:00+0000,ACTUAL_EXECUTED,TACTICAL_BUYBACK_AHR999_TO_35,AHR_VALUE_BUY,BUY,EXECUTE,AHR999<=0.35,0.22580689443012064,0.3499999999999999,19900.6513095952,,,False,969
J7,2022-08-27T00:00:00+0000,SHADOW_REQUEST_OR_PENDING,TACTICAL_BUYBACK_AHR999_TO_35,AHR_VALUE_BUY,BUY,EXECUTE,EXECUTED,0.22580689443012064,0.3499999999999999,,,,False,969
K,2022-08-27T00:00:00+0000,ACTUAL_EXECUTED,TACTICAL_BUYBACK_AHR999_TO_35,AHR_VALUE_BUY,BUY,EXECUTE,AHR999<=0.35,0.22586720372433608,0.3499999999999999,20425.508628826545,,,False,969
K,2022-08-27T00:00:00+0000,SHADOW_REQUEST_OR_PENDING,TACTICAL_BUYBACK_AHR999_TO_35,AHR_VALUE_BUY,BUY,EXECUTE,EXECUTED,0.22586720372433608,0.3499999999999999,,29.0,0.0,False,969
B,2022-08-29T00:00:00+0000,ACTUAL_EXECUTED,TACTICAL_SELL_STAGE4,RISK_SELL,SELL,EXECUTE,ACCUMULATION_BEARISH_REBREAK,0.3393761406013559,0.25,14775.24255359834,,,False,971
J7,2022-08-29T00:00:00+0000,ACTUAL_EXECUTED,TACTICAL_SELL_STAGE4,RISK_SELL,SELL,EXECUTE,ACCUMULATION_BEARISH_REBREAK,0.33946650234174475,0.25,14117.530436861949,,,False,971
J7,2022-08-29T00:00:00+0000,SHADOW_REQUEST_OR_PENDING,TACTICAL_SELL_STAGE4,RISK_SELL,SELL,EXECUTE,EXECUTED,0.33946650234174475,0.25,,,,False,971
K,2022-08-29T00:00:00+0000,ACTUAL_EXECUTED,TACTICAL_SELL_STAGE4,RISK_SELL,SELL,EXECUTE,ACCUMULATION_BEARISH_REBREAK,0.3394055894683014,0.25,14485.699587779522,,,False,971
K,2022-08-29T00:00:00+0000,SHADOW_REQUEST_OR_PENDING,TACTICAL_SELL_STAGE4,RISK_SELL,SELL,EXECUTE,EXECUTED,0.3394055894683014,0.25,,0.0,3.0,False,971
B,2022-08-30T00:00:00+0000,ACTUAL_EXECUTED,TACTICAL_BUYBACK_AHR999_TO_35,AHR_VALUE_BUY,BUY,EXECUTE,AHR999<=0.35,0.26344576273727643,0.3499999999999999,14554.88570875395,,,False,972
J7,2022-08-30T00:00:00+0000,SHADOW_REQUEST_OR_PENDING,TACTICAL_BUYBACK_AHR999_TO_35,AHR_VALUE_BUY,BUY,DELAY,AHR_REBUY_COOLDOWN,0.26322484553440917,0.26322484553440917,,,,True,972
K,2022-08-30T00:00:00+0000,SHADOW_REQUEST_OR_PENDING,TACTICAL_BUYBACK_AHR999_TO_35,AHR_VALUE_BUY,BUY,DELAY,THREE_COMPLETED_CLOSE_COOLDOWN,0.2633751878725955,0.2633751878725955,,1.0,2.0,True,972
J7,2022-08-31T00:00:00+0000,SHADOW_REQUEST_OR_PENDING,PENDING_AHR_BUY,AHR_VALUE_BUY,BUY,DELAY,PENDING_COOLDOWN_ACTIVE,0.25950782602122374,0.25950782602122374,,,,True,973
K,2022-08-31T00:00:00+0000,SHADOW_REQUEST_OR_PENDING,PENDING_AHR_BUY,AHR_VALUE_BUY,BUY,DELAY,PENDING_COMPLETED_CLOSE_COOLDOWN_ACTIVE,0.2596741233115227,0.2596741233115227,,2.0,1.0,True,973
J7,2022-09-01T00:00:00+0000,SHADOW_REQUEST_OR_PENDING,PENDING_AHR_BUY,AHR_VALUE_BUY,BUY,DELAY,PENDING_COOLDOWN_ACTIVE,0.26282262069211954,0.26282262069211954,,,,True,974
K,2022-09-01T00:00:00+0000,SHADOW_REQUEST_OR_PENDING,PENDING_AHR_BUY,AHR_VALUE_BUY,BUY,DELAY,PENDING_COMPLETED_CLOSE_COOLDOWN_ACTIVE,0.2630121511417356,0.2630121511417356,,3.0,0.0,True,974
J7,2022-09-02T00:00:00+0000,SHADOW_REQUEST_OR_PENDING,PENDING_AHR_BUY,AHR_VALUE_BUY,BUY,DELAY,PENDING_COOLDOWN_ACTIVE,0.2658791121007396,0.2658791121007396,,,,True,975
K,2022-09-02T00:00:00+0000,ACTUAL_EXECUTED,TACTICAL_BUYBACK_AHR999_TO_35,AHR_VALUE_BUY,BUY,EXECUTE,V3_8_PENDING_AHR_EXECUTION,0.2661201043351434,0.35000000000000003,13874.5801982192,,,False,975
K,2022-09-02T00:00:00+0000,SHADOW_REQUEST_OR_PENDING,PENDING_AHR_BUY,AHR_VALUE_BUY,BUY,EXECUTE,EXECUTED,0.2661201043351434,0.35000000000000003,,4.0,0.0,False,975
J7,2022-09-03T00:00:00+0000,SHADOW_REQUEST_OR_PENDING,PENDING_AHR_BUY,AHR_VALUE_BUY,BUY,DELAY,PENDING_COOLDOWN_ACTIVE,0.2644680128592946,0.2644680128592946,,,,True,976
J7,2022-09-04T00:00:00+0000,SHADOW_REQUEST_OR_PENDING,PENDING_AHR_BUY,AHR_VALUE_BUY,BUY,DELAY,PENDING_COOLDOWN_ACTIVE,0.2626302041146108,0.2626302041146108,,,,True,977
J7,2022-09-05T00:00:00+0000,ACTUAL_EXECUTED,TACTICAL_BUYBACK_AHR999_TO_35,AHR_VALUE_BUY,BUY,EXECUTE,V3_7_PENDING_AHR_EXECUTION,0.2650632614166301,0.35,13663.312901468475,,,False,978
J7,2022-09-05T00:00:00+0000,SHADOW_REQUEST_OR_PENDING,PENDING_AHR_BUY,AHR_VALUE_BUY,BUY,EXECUTE,EXECUTED,0.2650632614166301,0.35,,,,False,978
B,2022-09-06T00:00:00+0000,ACTUAL_EXECUTED,TACTICAL_SELL_STAGE4,RISK_SELL,SELL,EXECUTE,ACCUMULATION_BEARISH_REBREAK,0.3543374088607813,0.25,17676.762403764063,,,False,979
J7,2022-09-06T00:00:00+0000,ACTUAL_EXECUTED,TACTICAL_SELL_STAGE4,RISK_SELL,SELL,EXECUTE,ACCUMULATION_BEARISH_REBREAK,0.3525665100995864,0.25,16577.526896427727,,,False,979
J7,2022-09-06T00:00:00+0000,SHADOW_REQUEST_OR_PENDING,TACTICAL_SELL_STAGE4,RISK_SELL,SELL,EXECUTE,EXECUTED,0.3525665100995864,0.25,,,,False,979
K,2022-09-06T00:00:00+0000,ACTUAL_EXECUTED,TACTICAL_SELL_STAGE4,RISK_SELL,SELL,EXECUTE,ACCUMULATION_BEARISH_REBREAK,0.3516331374249912,0.25000000000000006,16866.54270898233,,,False,979
K,2022-09-06T00:00:00+0000,SHADOW_REQUEST_OR_PENDING,TACTICAL_SELL_STAGE4,RISK_SELL,SELL,EXECUTE,EXECUTED,0.3516331374249912,0.25000000000000006,,0.0,3.0,False,979
B,2022-09-07T00:00:00+0000,ACTUAL_EXECUTED,TACTICAL_BUYBACK_AHR999_TO_35,AHR_VALUE_BUY,BUY,EXECUTE,AHR999<=0.35,0.2425038003595146,0.35,18012.656116575192,,,False,980
J7,2022-09-07T00:00:00+0000,SHADOW_REQUEST_OR_PENDING,TACTICAL_BUYBACK_AHR999_TO_35,AHR_VALUE_BUY,BUY,DELAY,AHR_REBUY_COOLDOWN,0.2424274409488429,0.2424274409488429,,,,True,980
K,2022-09-07T00:00:00+0000,SHADOW_REQUEST_OR_PENDING,TACTICAL_BUYBACK_AHR999_TO_35,AHR_VALUE_BUY,BUY,DELAY,THREE_COMPLETED_CLOSE_COOLDOWN,0.24247538422488255,0.24247538422488255,,1.0,2.0,True,980
J7,2022-09-08T00:00:00+0000,SHADOW_REQUEST_OR_PENDING,PENDING_AHR_BUY,AHR_VALUE_BUY,BUY,DELAY,PENDING_COOLDOWN_ACTIVE,0.2498424316477716,0.2498424316477716,,,,True,981
K,2022-09-08T00:00:00+0000,SHADOW_REQUEST_OR_PENDING,PENDING_AHR_BUY,AHR_VALUE_BUY,BUY,DELAY,PENDING_COMPLETED_CLOSE_COOLDOWN_ACTIVE,0.24995007670682345,0.24995007670682345,,2.0,1.0,True,981
J7,2022-09-09T00:00:00+0000,SHADOW_REQUEST_OR_PENDING,PENDING_AHR_BUY,AHR_VALUE_BUY,BUY,DELAY,PENDING_COOLDOWN_ACTIVE,0.25042234877600345,0.25042234877600345,,,,True,982
K,2022-09-09T00:00:00+0000,SHADOW_REQUEST_OR_PENDING,PENDING_AHR_BUY,AHR_VALUE_BUY,BUY,DELAY,PENDING_COMPLETED_CLOSE_COOLDOWN_ACTIVE,0.2505348087698266,0.2505348087698266,,3.0,0.0,True,982
J7,2022-09-10T00:00:00+0000,SHADOW_REQUEST_OR_PENDING,PENDING_AHR_BUY,AHR_VALUE_BUY,BUY,CANCEL,AHR_VALUE_CONDITION_DISAPPEARED,0.2625415921695891,0.2625415921695891,,,,False,983
K,2022-09-10T00:00:00+0000,SHADOW_REQUEST_OR_PENDING,PENDING_AHR_BUY,AHR_VALUE_BUY,BUY,CANCEL,AHR_VALUE_CONDITION_GONE_AT_COOLDOWN_END,0.2624801565322982,0.2624801565322982,,4.0,0.0,False,983
B,2022-09-14T00:00:00+0000,ACTUAL_EXECUTED,TACTICAL_SELL_STAGE4,RISK_SELL,SELL,EXECUTE,ACCUMULATION_BEARISH_REBREAK,0.3576794673682381,0.25,18272.58265697438,,,False,987
J7,2022-09-14T00:00:00+0000,SHADOW_REQUEST_OR_PENDING,TACTICAL_SELL_STAGE4,RISK_SELL,SELL,EXECUTE,EXECUTE_NO_FILL_AT_TARGET,0.24774904468181397,0.24774904468181397,,,,False,987
K,2022-09-14T00:00:00+0000,SHADOW_REQUEST_OR_PENDING,TACTICAL_SELL_STAGE4,RISK_SELL,SELL,EXECUTE,NO_TRADE_ALREADY_BELOW_TARGET,0.2475823984750316,0.2475823984750316,,0.0,3.0,False,987
B,2022-09-15T00:00:00+0000,ACTUAL_EXECUTED,TACTICAL_BUYBACK_AHR999_TO_35,AHR_VALUE_BUY,BUY,EXECUTE,AHR999<=0.35,0.25573376570398393,0.35000000000000003,16102.567521714715,,,False,988
J7,2022-09-15T00:00:00+0000,SHADOW_REQUEST_OR_PENDING,TACTICAL_BUYBACK_AHR999_TO_35,AHR_VALUE_BUY,BUY,DELAY,AHR_REBUY_COOLDOWN,0.2533308535804367,0.2533308535804367,,,,True,988
K,2022-09-15T00:00:00+0000,SHADOW_REQUEST_OR_PENDING,TACTICAL_BUYBACK_AHR999_TO_35,AHR_VALUE_BUY,BUY,DELAY,THREE_COMPLETED_CLOSE_COOLDOWN,0.2532878668492521,0.2532878668492521,,1.0,2.0,True,988
J7,2022-09-16T00:00:00+0000,SHADOW_REQUEST_OR_PENDING,PENDING_AHR_BUY,AHR_VALUE_BUY,BUY,DELAY,PENDING_COOLDOWN_ACTIVE,0.23787634873895874,0.23787634873895874,,,,True,989
K,2022-09-16T00:00:00+0000,SHADOW_REQUEST_OR_PENDING,PENDING_AHR_BUY,AHR_VALUE_BUY,BUY,DELAY,PENDING_COMPLETED_CLOSE_COOLDOWN_ACTIVE,0.23756735299688825,0.23756735299688825,,2.0,1.0,True,989
J7,2022-09-17T00:00:00+0000,SHADOW_REQUEST_OR_PENDING,PENDING_AHR_BUY,AHR_VALUE_BUY,BUY,DELAY,PENDING_COOLDOWN_ACTIVE,0.23481309836418415,0.23481309836418415,,,,True,990
K,2022-09-17T00:00:00+0000,SHADOW_REQUEST_OR_PENDING,PENDING_AHR_BUY,AHR_VALUE_BUY,BUY,DELAY,PENDING_COMPLETED_CLOSE_COOLDOWN_ACTIVE,0.2343980707015607,0.2343980707015607,,3.0,0.0,True,990
J7,2022-09-18T00:00:00+0000,SHADOW_REQUEST_OR_PENDING,PENDING_AHR_BUY,AHR_VALUE_BUY,BUY,DELAY,PENDING_COOLDOWN_ACTIVE,0.23875628807101487,0.23875628807101487,,,,True,991
K,2022-09-18T00:00:00+0000,ACTUAL_EXECUTED,TACTICAL_BUYBACK_AHR999_TO_35,AHR_VALUE_BUY,BUY,EXECUTE,V3_8_PENDING_AHR_EXECUTION,0.23836440231112302,0.3500000000000001,18224.28068970696,,,False,991
K,2022-09-18T00:00:00+0000,SHADOW_REQUEST_OR_PENDING,PENDING_AHR_BUY,AHR_VALUE_BUY,BUY,EXECUTE,EXECUTED,0.23836440231112302,0.3500000000000001,,4.0,0.0,False,991
J7,2022-09-19T00:00:00+0000,SHADOW_REQUEST_OR_PENDING,PENDING_AHR_BUY,AHR_VALUE_BUY,BUY,DELAY,PENDING_COOLDOWN_ACTIVE,0.2250329025159336,0.2250329025159336,,,,True,992
J7,2022-09-20T00:00:00+0000,SHADOW_REQUEST_OR_PENDING,PENDING_AHR_BUY,AHR_VALUE_BUY,BUY,DELAY,PENDING_COOLDOWN_ACTIVE,0.22913855540405245,0.22913855540405245,,,,True,993
J7,2022-09-21T00:00:00+0000,ACTUAL_EXECUTED,TACTICAL_BUYBACK_AHR999_TO_35,AHR_VALUE_BUY,BUY,EXECUTE,V3_7_PENDING_AHR_EXECUTION,0.22258274056684157,0.3499999999999999,19846.860915088197,,,False,994
J7,2022-09-21T00:00:00+0000,SHADOW_REQUEST_OR_PENDING,PENDING_AHR_BUY,AHR_VALUE_BUY,BUY,EXECUTE,EXECUTED,0.22258274056684157,0.3499999999999999,,,,False,994
B,2022-09-22T00:00:00+0000,ACTUAL_EXECUTED,TACTICAL_SELL_STAGE4,RISK_SELL,SELL,EXECUTE,ACCUMULATION_BEARISH_REBREAK,0.3053098906482515,0.24999999999999994,8846.94784903283,,,False,995
J7,2022-09-22T00:00:00+0000,ACTUAL_EXECUTED,TACTICAL_SELL_STAGE4,RISK_SELL,SELL,EXECUTE,ACCUMULATION_BEARISH_REBREAK,0.34014175006569747,0.25,13840.765740712446,,,False,995
J7,2022-09-22T00:00:00+0000,SHADOW_REQUEST_OR_PENDING,TACTICAL_SELL_STAGE4,RISK_SELL,SELL,EXECUTE,EXECUTED,0.34014175006569747,0.25,,,,False,995
K,2022-09-22T00:00:00+0000,ACTUAL_EXECUTED,TACTICAL_SELL_STAGE4,RISK_SELL,SELL,EXECUTE,ACCUMULATION_BEARISH_REBREAK,0.32054335286653385,0.25000000000000006,11024.87153024223,,,False,995
K,2022-09-22T00:00:00+0000,SHADOW_REQUEST_OR_PENDING,TACTICAL_SELL_STAGE4,RISK_SELL,SELL,EXECUTE,EXECUTED,0.32054335286653385,0.25000000000000006,,0.0,3.0,False,995
B,2022-09-23T00:00:00+0000,ACTUAL_EXECUTED,TACTICAL_BUYBACK_AHR999_TO_35,AHR_VALUE_BUY,BUY,EXECUTE,AHR999<=0.35,0.2611190894336699,0.35,14416.475158425987,,,False,996
J7,2022-09-23T00:00:00+0000,SHADOW_REQUEST_OR_PENDING,TACTICAL_BUYBACK_AHR999_TO_35,AHR_VALUE_BUY,BUY,DELAY,AHR_REBUY_COOLDOWN,0.26109413242471424,0.26109413242471424,,,,True,996
K,2022-09-23T00:00:00+0000,SHADOW_REQUEST_OR_PENDING,TACTICAL_BUYBACK_AHR999_TO_35,AHR_VALUE_BUY,BUY,DELAY,THREE_COMPLETED_CLOSE_COOLDOWN,0.261130782429433,0.261130782429433,,1.0,2.0,True,996
J7,2022-09-24T00:00:00+0000,SHADOW_REQUEST_OR_PENDING,PENDING_AHR_BUY,AHR_VALUE_BUY,BUY,DELAY,PENDING_COOLDOWN_ACTIVE,0.26081828857713524,0.26081828857713524,,,,True,997
K,2022-09-24T00:00:00+0000,SHADOW_REQUEST_OR_PENDING,PENDING_AHR_BUY,AHR_VALUE_BUY,BUY,DELAY,PENDING_COMPLETED_CLOSE_COOLDOWN_ACTIVE,0.2608723313298813,0.2608723313298813,,2.0,1.0,True,997
J7,2022-09-25T00:00:00+0000,SHADOW_REQUEST_OR_PENDING,PENDING_AHR_BUY,AHR_VALUE_BUY,BUY,DELAY,PENDING_COOLDOWN_ACTIVE,0.2586114982348301,0.2586114982348301,,,,True,998
K,2022-09-25T00:00:00+0000,SHADOW_REQUEST_OR_PENDING,PENDING_AHR_BUY,AHR_VALUE_BUY,BUY,DELAY,PENDING_COMPLETED_CLOSE_COOLDOWN_ACTIVE,0.25869708941624414,0.25869708941624414,,3.0,0.0,True,998
J7,2022-09-26T00:00:00+0000,SHADOW_REQUEST_OR_PENDING,PENDING_AHR_BUY,AHR_VALUE_BUY,BUY,DELAY,PENDING_COOLDOWN_ACTIVE,0.2561437517712886,0.2561437517712886,,,,True,999
K,2022-09-26T00:00:00+0000,ACTUAL_EXECUTED,TACTICAL_BUYBACK_AHR999_TO_35,AHR_VALUE_BUY,BUY,EXECUTE,V3_8_PENDING_AHR_EXECUTION,0.2561959398023521,0.35,14767.431966622156,,,False,999
K,2022-09-26T00:00:00+0000,SHADOW_REQUEST_OR_PENDING,PENDING_AHR_BUY,AHR_VALUE_BUY,BUY,EXECUTE,EXECUTED,0.2561959398023521,0.35,,4.0,0.0,False,999
J7,2022-09-27T00:00:00+0000,SHADOW_REQUEST_OR_PENDING,PENDING_AHR_BUY,AHR_VALUE_BUY,BUY,DELAY,PENDING_COOLDOWN_ACTIVE,0.26159920651197743,0.26159920651197743,,,,True,1000
J7,2022-09-28T00:00:00+0000,SHADOW_REQUEST_OR_PENDING,PENDING_AHR_BUY,AHR_VALUE_BUY,BUY,DELAY,PENDING_COOLDOWN_ACTIVE,0.26036081789769516,0.26036081789769516,,,,True,1001
J7,2022-09-29T00:00:00+0000,ACTUAL_EXECUTED,TACTICAL_BUYBACK_AHR999_TO_35,AHR_VALUE_BUY,BUY,EXECUTE,V3_7_PENDING_AHR_EXECUTION,0.2624757245819823,0.3499999999999999,13652.054541366168,,,False,1002
J7,2022-09-29T00:00:00+0000,SHADOW_REQUEST_OR_PENDING,PENDING_AHR_BUY,AHR_VALUE_BUY,BUY,EXECUTE,EXECUTED,0.2624757245819823,0.3499999999999999,,,,False,1002
B,2022-09-30T00:00:00+0000,ACTUAL_EXECUTED,TACTICAL_SELL_STAGE4,RISK_SELL,SELL,EXECUTE,ACCUMULATION_BEARISH_REBREAK,0.35218295946039213,0.2500000000000001,16642.670783300488,,,False,1003
J7,2022-09-30T00:00:00+0000,ACTUAL_EXECUTED,TACTICAL_SELL_STAGE4,RISK_SELL,SELL,EXECUTE,ACCUMULATION_BEARISH_REBREAK,0.3507893113228532,0.25,15752.355742595431,,,False,1003
J7,2022-09-30T00:00:00+0000,SHADOW_REQUEST_OR_PENDING,TACTICAL_SELL_STAGE4,RISK_SELL,SELL,EXECUTE,EXECUTED,0.3507893113228532,0.25,,,,False,1003
K,2022-09-30T00:00:00+0000,ACTUAL_EXECUTED,TACTICAL_SELL_STAGE4,RISK_SELL,SELL,EXECUTE,ACCUMULATION_BEARISH_REBREAK,0.35824934231625766,0.25,17273.701068990278,,,False,1003
K,2022-09-30T00:00:00+0000,SHADOW_REQUEST_OR_PENDING,TACTICAL_SELL_STAGE4,RISK_SELL,SELL,EXECUTE,EXECUTED,0.35824934231625766,0.25,,0.0,3.0,False,1003
B,2022-10-01T00:00:00+0000,ACTUAL_EXECUTED,TACTICAL_BUYBACK_AHR999_TO_35,AHR_VALUE_BUY,BUY,EXECUTE,AHR999<=0.35,0.24886159995316065,0.35000000000000003,16430.26210979678,,,False,1004
J7,2022-10-01T00:00:00+0000,SHADOW_REQUEST_OR_PENDING,TACTICAL_BUYBACK_AHR999_TO_35,AHR_VALUE_BUY,BUY,DELAY,AHR_REBUY_COOLDOWN,0.24885641218626264,0.24885641218626264,,,,True,1004
K,2022-10-01T00:00:00+0000,SHADOW_REQUEST_OR_PENDING,TACTICAL_BUYBACK_AHR999_TO_35,AHR_VALUE_BUY,BUY,DELAY,THREE_COMPLETED_CLOSE_COOLDOWN,0.24886455583218278,0.24886455583218278,,1.0,2.0,True,1004
J7,2022-10-02T00:00:00+0000,SHADOW_REQUEST_OR_PENDING,PENDING_AHR_BUY,AHR_VALUE_BUY,BUY,DELAY,PENDING_COOLDOWN_ACTIVE,0.24698908163739988,0.24698908163739988,,,,True,1005
K,2022-10-02T00:00:00+0000,SHADOW_REQUEST_OR_PENDING,PENDING_AHR_BUY,AHR_VALUE_BUY,BUY,DELAY,PENDING_COMPLETED_CLOSE_COOLDOWN_ACTIVE,0.24697638097241054,0.24697638097241054,,2.0,1.0,True,1005
J7,2022-10-03T00:00:00+0000,SHADOW_REQUEST_OR_PENDING,PENDING_AHR_BUY,AHR_VALUE_BUY,BUY,DELAY,PENDING_COOLDOWN_ACTIVE,0.24293674346230085,0.24293674346230085,,,,True,1006
K,2022-10-03T00:00:00+0000,SHADOW_REQUEST_OR_PENDING,PENDING_AHR_BUY,AHR_VALUE_BUY,BUY,DELAY,PENDING_COMPLETED_CLOSE_COOLDOWN_ACTIVE,0.24288519346110266,0.24288519346110266,,3.0,0.0,True,1006
J7,2022-10-04T00:00:00+0000,SHADOW_REQUEST_OR_PENDING,PENDING_AHR_BUY,AHR_VALUE_BUY,BUY,DELAY,PENDING_COOLDOWN_ACTIVE,0.24921161538233785,0.24921161538233785,,,,True,1007
K,2022-10-04T00:00:00+0000,ACTUAL_EXECUTED,TACTICAL_BUYBACK_AHR999_TO_35,AHR_VALUE_BUY,BUY,EXECUTE,V3_8_PENDING_AHR_EXECUTION,0.24917508881681355,0.35000000000000003,16054.219151631602,,,False,1007
K,2022-10-04T00:00:00+0000,SHADOW_REQUEST_OR_PENDING,PENDING_AHR_BUY,AHR_VALUE_BUY,BUY,EXECUTE,EXECUTED,0.24917508881681355,0.35000000000000003,,4.0,0.0,False,1007
J7,2022-10-05T00:00:00+0000,SHADOW_REQUEST_OR_PENDING,PENDING_AHR_BUY,AHR_VALUE_BUY,BUY,CANCEL,AHR_VALUE_CONDITION_DISAPPEARED,0.25512109123685006,0.25512109123685006,,,,False,1008
B,2022-10-08T00:00:00+0000,ACTUAL_EXECUTED,TACTICAL_SELL_STAGE4,RISK_SELL,SELL,EXECUTE,ACCUMULATION_BEARISH_REBREAK,0.35109683852171086,0.24999999999999994,16463.585869419607,,,False,1011
J7,2022-10-08T00:00:00+0000,SHADOW_REQUEST_OR_PENDING,TACTICAL_SELL_STAGE4,RISK_SELL,SELL,EXECUTE,EXECUTE_NO_FILL_AT_TARGET,0.24983526001155182,0.24983526001155182,,,,False,1011
K,2022-10-08T00:00:00+0000,ACTUAL_EXECUTED,TACTICAL_SELL_STAGE4,RISK_SELL,SELL,EXECUTE,ACCUMULATION_BEARISH_REBREAK,0.3505047781009718,0.25,16027.678698984504,,,False,1011
K,2022-10-08T00:00:00+0000,SHADOW_REQUEST_OR_PENDING,TACTICAL_SELL_STAGE4,RISK_SELL,SELL,EXECUTE,EXECUTED,0.3505047781009718,0.25,,0.0,3.0,False,1011
B,2022-10-09T00:00:00+0000,ACTUAL_EXECUTED,TACTICAL_BUYBACK_AHR999_TO_35,AHR_VALUE_BUY,BUY,EXECUTE,AHR999<=0.35,0.24822768345202736,0.35,16517.135403807373,,,False,1012
J7,2022-10-09T00:00:00+0000,SHADOW_REQUEST_OR_PENDING,TACTICAL_BUYBACK_AHR999_TO_35,AHR_VALUE_BUY,BUY,DELAY,AHR_REBUY_COOLDOWN,0.24807876868020295,0.24807876868020295,,,,True,1012
K,2022-10-09T00:00:00+0000,SHADOW_REQUEST_OR_PENDING,TACTICAL_BUYBACK_AHR999_TO_35,AHR_VALUE_BUY,BUY,DELAY,THREE_COMPLETED_CLOSE_COOLDOWN,0.2482239447886097,0.2482239447886097,,1.0,2.0,True,1012
J7,2022-10-10T00:00:00+0000,SHADOW_REQUEST_OR_PENDING,PENDING_AHR_BUY,AHR_VALUE_BUY,BUY,DELAY,PENDING_COOLDOWN_ACTIVE,0.24891727810996364,0.24891727810996364,,,,True,1013
K,2022-10-10T00:00:00+0000,SHADOW_REQUEST_OR_PENDING,PENDING_AHR_BUY,AHR_VALUE_BUY,BUY,DELAY,PENDING_COMPLETED_CLOSE_COOLDOWN_ACTIVE,0.2490751442668637,0.2490751442668637,,2.0,1.0,True,1013
J7,2022-10-11T00:00:00+0000,SHADOW_REQUEST_OR_PENDING,PENDING_AHR_BUY,AHR_VALUE_BUY,BUY,DELAY,PENDING_COOLDOWN_ACTIVE,0.24487888878756062,0.24487888878756062,,,,True,1014
K,2022-10-11T00:00:00+0000,SHADOW_REQUEST_OR_PENDING,PENDING_AHR_BUY,AHR_VALUE_BUY,BUY,DELAY,PENDING_COMPLETED_CLOSE_COOLDOWN_ACTIVE,0.2450064786890555,0.2450064786890555,,3.0,0.0,True,1014
J7,2022-10-12T00:00:00+0000,SHADOW_REQUEST_OR_PENDING,PENDING_AHR_BUY,AHR_VALUE_BUY,BUY,DELAY,PENDING_COOLDOWN_ACTIVE,0.24377129823954596,0.24377129823954596,,,,True,1015
K,2022-10-12T00:00:00+0000,ACTUAL_EXECUTED,TACTICAL_BUYBACK_AHR999_TO_35,AHR_VALUE_BUY,BUY,EXECUTE,V3_8_PENDING_AHR_EXECUTION,0.24388574264749335,0.35,16767.764112252167,,,False,1015
K,2022-10-12T00:00:00+0000,SHADOW_REQUEST_OR_PENDING,PENDING_AHR_BUY,AHR_VALUE_BUY,BUY,EXECUTE,EXECUTED,0.24388574264749335,0.35,,4.0,0.0,False,1015
J7,2022-10-13T00:00:00+0000,SHADOW_REQUEST_OR_PENDING,PENDING_AHR_BUY,AHR_VALUE_BUY,BUY,DELAY,PENDING_COOLDOWN_ACTIVE,0.24548325403547283,0.24548325403547283,,,,True,1016
J7,2022-10-14T00:00:00+0000,SHADOW_REQUEST_OR_PENDING,PENDING_AHR_BUY,AHR_VALUE_BUY,BUY,DELAY,PENDING_COOLDOWN_ACTIVE,0.24561665051134776,0.24561665051134776,,,,True,1017
J7,2022-10-15T00:00:00+0000,ACTUAL_EXECUTED,TACTICAL_BUYBACK_AHR999_TO_35,AHR_VALUE_BUY,BUY,EXECUTE,V3_7_PENDING_AHR_EXECUTION,0.24584178307136642,0.35000000000000003,16172.11580974599,,,False,1018
J7,2022-10-15T00:00:00+0000,SHADOW_REQUEST_OR_PENDING,PENDING_AHR_BUY,AHR_VALUE_BUY,BUY,EXECUTE,EXECUTED,0.24584178307136642,0.35000000000000003,,,,False,1018
B,2022-10-16T00:00:00+0000,ACTUAL_EXECUTED,TACTICAL_SELL_STAGE4,RISK_SELL,SELL,EXECUTE,ACCUMULATION_BEARISH_REBREAK,0.34451755680406687,0.24999999999999994,15222.795567604373,,,False,1019
J7,2022-10-16T00:00:00+0000,ACTUAL_EXECUTED,TACTICAL_SELL_STAGE4,RISK_SELL,SELL,EXECUTE,ACCUMULATION_BEARISH_REBREAK,0.3473639438820419,0.25000000000000006,15067.346252488362,,,False,1019
J7,2022-10-16T00:00:00+0000,SHADOW_REQUEST_OR_PENDING,TACTICAL_SELL_STAGE4,RISK_SELL,SELL,EXECUTE,EXECUTED,0.3473639438820419,0.25000000000000006,,,,False,1019
K,2022-10-16T00:00:00+0000,ACTUAL_EXECUTED,TACTICAL_SELL_STAGE4,RISK_SELL,SELL,EXECUTE,ACCUMULATION_BEARISH_REBREAK,0.34970976198379333,0.24999999999999994,15760.389860172898,,,False,1019
K,2022-10-16T00:00:00+0000,SHADOW_REQUEST_OR_PENDING,TACTICAL_SELL_STAGE4,RISK_SELL,SELL,EXECUTE,EXECUTED,0.34970976198379333,0.24999999999999994,,0.0,3.0,False,1019
B,2022-10-17T00:00:00+0000,ACTUAL_EXECUTED,TACTICAL_BUYBACK_AHR999_TO_35,AHR_VALUE_BUY,BUY,EXECUTE,AHR999<=0.35,0.2536651298731828,0.3499999999999999,15575.447656318449,,,False,1020
J7,2022-10-17T00:00:00+0000,SHADOW_REQUEST_OR_PENDING,TACTICAL_BUYBACK_AHR999_TO_35,AHR_VALUE_BUY,BUY,DELAY,AHR_REBUY_COOLDOWN,0.25363724328121484,0.25363724328121484,,,,True,1020
K,2022-10-17T00:00:00+0000,SHADOW_REQUEST_OR_PENDING,TACTICAL_BUYBACK_AHR999_TO_35,AHR_VALUE_BUY,BUY,DELAY,THREE_COMPLETED_CLOSE_COOLDOWN,0.25367789920709033,0.25367789920709033,,1.0,2.0,True,1020
J7,2022-10-18T00:00:00+0000,SHADOW_REQUEST_OR_PENDING,PENDING_AHR_BUY,AHR_VALUE_BUY,BUY,CANCEL,AHR_VALUE_CONDITION_DISAPPEARED,0.25704724986694366,0.25704724986694366,,,,False,1021
K,2022-10-18T00:00:00+0000,SHADOW_REQUEST_OR_PENDING,PENDING_AHR_BUY,AHR_VALUE_BUY,BUY,DELAY,PENDING_COMPLETED_CLOSE_COOLDOWN_ACTIVE,0.2571009108261785,0.2571009108261785,,2.0,1.0,True,1021
K,2022-10-19T00:00:00+0000,SHADOW_REQUEST_OR_PENDING,PENDING_AHR_BUY,AHR_VALUE_BUY,BUY,DELAY,PENDING_COMPLETED_CLOSE_COOLDOWN_ACTIVE,0.25445873458947954,0.25445873458947954,,3.0,0.0,True,1022
K,2022-10-20T00:00:00+0000,ACTUAL_EXECUTED,TACTICAL_BUYBACK_AHR999_TO_35,AHR_VALUE_BUY,BUY,EXECUTE,V3_8_PENDING_AHR_EXECUTION,0.2513840139907643,0.35,15599.940596695054,,,False,1023
K,2022-10-20T00:00:00+0000,SHADOW_REQUEST_OR_PENDING,PENDING_AHR_BUY,AHR_VALUE_BUY,BUY,EXECUTE,EXECUTED,0.2513840139907643,0.35,,4.0,0.0,False,1023
B,2022-10-24T00:00:00+0000,ACTUAL_EXECUTED,TACTICAL_SELL_STAGE4,RISK_SELL,SELL,EXECUTE,ACCUMULATION_BEARISH_REBREAK,0.35762218628060355,0.24999999999999994,17620.156589790753,,,False,1027
J7,2022-10-24T00:00:00+0000,SHADOW_REQUEST_OR_PENDING,TACTICAL_SELL_STAGE4,RISK_SELL,SELL,EXECUTE,EXECUTE_NO_FILL_AT_TARGET,0.2604639032846808,0.2604639032846808,,,,False,1027
K,2022-10-24T00:00:00+0000,ACTUAL_EXECUTED,TACTICAL_SELL_STAGE4,RISK_SELL,SELL,EXECUTE,ACCUMULATION_BEARISH_REBREAK,0.3603344907229529,0.25,17749.00300026922,,,False,1027
K,2022-10-24T00:00:00+0000,SHADOW_REQUEST_OR_PENDING,TACTICAL_SELL_STAGE4,RISK_SELL,SELL,EXECUTE,EXECUTED,0.3603344907229529,0.25,,0.0,3.0,False,1027
B,2022-11-09T00:00:00+0000,ACTUAL_EXECUTED,TACTICAL_BUYBACK_AHR999_TO_35,AHR_VALUE_BUY,BUY,EXECUTE,AHR999<=0.35,0.24480399618522705,0.35000000000000003,17086.291061973865,,,False,1043
J7,2022-11-09T00:00:00+0000,ACTUAL_EXECUTED,TACTICAL_BUYBACK_AHR999_TO_35,AHR_VALUE_BUY,BUY,EXECUTE,AHR999<=0.35,0.2549744373136296,0.35000000000000003,14788.184450089198,,,False,1043
J7,2022-11-09T00:00:00+0000,SHADOW_REQUEST_OR_PENDING,TACTICAL_BUYBACK_AHR999_TO_35,AHR_VALUE_BUY,BUY,EXECUTE,EXECUTED,0.2549744373136296,0.35000000000000003,,,,False,1043
K,2022-11-09T00:00:00+0000,ACTUAL_EXECUTED,TACTICAL_BUYBACK_AHR999_TO_35,AHR_VALUE_BUY,BUY,EXECUTE,AHR999<=0.35,0.24484874027215575,0.3499999999999999,16781.92274047192,,,False,1043
K,2022-11-09T00:00:00+0000,SHADOW_REQUEST_OR_PENDING,TACTICAL_BUYBACK_AHR999_TO_35,AHR_VALUE_BUY,BUY,EXECUTE,EXECUTED,0.24484874027215575,0.3499999999999999,,16.0,0.0,False,1043
B,2022-11-16T00:00:00+0000,ACTUAL_EXECUTED,TACTICAL_SELL_STAGE4,RISK_SELL,SELL,EXECUTE,ACCUMULATION_BEARISH_REBREAK,0.3334040242469493,0.25000000000000006,13219.303364631702,,,False,1050
J7,2022-11-16T00:00:00+0000,ACTUAL_EXECUTED,TACTICAL_SELL_STAGE4,RISK_SELL,SELL,EXECUTE,ACCUMULATION_BEARISH_REBREAK,0.3333575851876607,0.25,12658.111291025794,,,False,1050
J7,2022-11-16T00:00:00+0000,SHADOW_REQUEST_OR_PENDING,TACTICAL_SELL_STAGE4,RISK_SELL,SELL,EXECUTE,EXECUTED,0.3333575851876607,0.25,,,,False,1050
K,2022-11-16T00:00:00+0000,ACTUAL_EXECUTED,TACTICAL_SELL_STAGE4,RISK_SELL,SELL,EXECUTE,ACCUMULATION_BEARISH_REBREAK,0.3334338388038069,0.25,12994.570292574619,,,False,1050
K,2022-11-16T00:00:00+0000,SHADOW_REQUEST_OR_PENDING,TACTICAL_SELL_STAGE4,RISK_SELL,SELL,EXECUTE,EXECUTED,0.3334338388038069,0.25,,0.0,3.0,False,1050
B,2022-11-17T00:00:00+0000,ACTUAL_EXECUTED,TACTICAL_BUYBACK_AHR999_TO_35,AHR_VALUE_BUY,BUY,EXECUTE,AHR999<=0.35,0.2454656914453571,0.35,16451.954124461852,,,False,1051
J7,2022-11-17T00:00:00+0000,SHADOW_REQUEST_OR_PENDING,TACTICAL_BUYBACK_AHR999_TO_35,AHR_VALUE_BUY,BUY,DELAY,AHR_REBUY_COOLDOWN,0.2455048120864409,0.2455048120864409,,,,True,1051
K,2022-11-17T00:00:00+0000,SHADOW_REQUEST_OR_PENDING,TACTICAL_BUYBACK_AHR999_TO_35,AHR_VALUE_BUY,BUY,DELAY,THREE_COMPLETED_CLOSE_COOLDOWN,0.24545283096583992,0.24545283096583992,,1.0,2.0,True,1051
J7,2022-11-18T00:00:00+0000,SHADOW_REQUEST_OR_PENDING,PENDING_AHR_BUY,AHR_VALUE_BUY,BUY,DELAY,PENDING_COOLDOWN_ACTIVE,0.24413935188070263,0.24413935188070263,,,,True,1052
K,2022-11-18T00:00:00+0000,SHADOW_REQUEST_OR_PENDING,PENDING_AHR_BUY,AHR_VALUE_BUY,BUY,DELAY,PENDING_COMPLETED_CLOSE_COOLDOWN_ACTIVE,0.24403841432813209,0.24403841432813209,,2.0,1.0,True,1052
J7,2022-11-19T00:00:00+0000,SHADOW_REQUEST_OR_PENDING,PENDING_AHR_BUY,AHR_VALUE_BUY,BUY,DELAY,PENDING_COOLDOWN_ACTIVE,0.24542283823910147,0.24542283823910147,,,,True,1053
K,2022-11-19T00:00:00+0000,SHADOW_REQUEST_OR_PENDING,PENDING_AHR_BUY,AHR_VALUE_BUY,BUY,DELAY,PENDING_COMPLETED_CLOSE_COOLDOWN_ACTIVE,0.24535116691089467,0.24535116691089467,,3.0,0.0,True,1053
J7,2022-11-20T00:00:00+0000,SHADOW_REQUEST_OR_PENDING,PENDING_AHR_BUY,AHR_VALUE_BUY,BUY,DELAY,PENDING_COOLDOWN_ACTIVE,0.2459874912263138,0.2459874912263138,,,,True,1054
K,2022-11-20T00:00:00+0000,ACTUAL_EXECUTED,TACTICAL_BUYBACK_AHR999_TO_35,AHR_VALUE_BUY,BUY,EXECUTE,V3_8_PENDING_AHR_EXECUTION,0.24592745190734333,0.35000000000000003,16104.928535266383,,,False,1054
K,2022-11-20T00:00:00+0000,SHADOW_REQUEST_OR_PENDING,PENDING_AHR_BUY,AHR_VALUE_BUY,BUY,EXECUTE,EXECUTED,0.24592745190734333,0.35000000000000003,,4.0,0.0,False,1054
J7,2022-11-21T00:00:00+0000,SHADOW_REQUEST_OR_PENDING,PENDING_AHR_BUY,AHR_VALUE_BUY,BUY,DELAY,PENDING_COOLDOWN_ACTIVE,0.23687111427906501,0.23687111427906501,,,,True,1055
J7,2022-11-22T00:00:00+0000,SHADOW_REQUEST_OR_PENDING,PENDING_AHR_BUY,AHR_VALUE_BUY,BUY,DELAY,PENDING_COOLDOWN_ACTIVE,0.23136926561674256,0.23136926561674256,,,,True,1056
J7,2022-11-23T00:00:00+0000,ACTUAL_EXECUTED,TACTICAL_BUYBACK_AHR999_TO_35,AHR_VALUE_BUY,BUY,EXECUTE,V3_7_PENDING_AHR_EXECUTION,0.23652370039540924,0.35000000000000003,16910.228959832293,,,False,1057
J7,2022-11-23T00:00:00+0000,SHADOW_REQUEST_OR_PENDING,PENDING_AHR_BUY,AHR_VALUE_BUY,BUY,EXECUTE,EXECUTED,0.23652370039540924,0.35000000000000003,,,,False,1057
B,2022-11-24T00:00:00+0000,ACTUAL_EXECUTED,TACTICAL_SELL_STAGE4,RISK_SELL,SELL,EXECUTE,ACCUMULATION_BEARISH_REBREAK,0.3466002447856629,0.25,15135.404151023951,,,False,1058
J7,2022-11-24T00:00:00+0000,ACTUAL_EXECUTED,TACTICAL_SELL_STAGE4,RISK_SELL,SELL,EXECUTE,ACCUMULATION_BEARISH_REBREAK,0.3572714890862179,0.25,16178.243411530642,,,False,1058
J7,2022-11-24T00:00:00+0000,SHADOW_REQUEST_OR_PENDING,TACTICAL_SELL_STAGE4,RISK_SELL,SELL,EXECUTE,EXECUTED,0.3572714890862179,0.25,,,,False,1058
K,2022-11-24T00:00:00+0000,ACTUAL_EXECUTED,TACTICAL_SELL_STAGE4,RISK_SELL,SELL,EXECUTE,ACCUMULATION_BEARISH_REBREAK,0.3460504803071039,0.24999999999999994,14784.762567527992,,,False,1058
K,2022-11-24T00:00:00+0000,SHADOW_REQUEST_OR_PENDING,TACTICAL_SELL_STAGE4,RISK_SELL,SELL,EXECUTE,EXECUTED,0.3460504803071039,0.24999999999999994,,0.0,3.0,False,1058
B,2022-11-25T00:00:00+0000,ACTUAL_EXECUTED,TACTICAL_BUYBACK_AHR999_TO_35,AHR_VALUE_BUY,BUY,EXECUTE,AHR999<=0.35,0.25198428337922607,0.35,15381.838993711026,,,False,1059
J7,2022-11-25T00:00:00+0000,SHADOW_REQUEST_OR_PENDING,TACTICAL_BUYBACK_AHR999_TO_35,AHR_VALUE_BUY,BUY,DELAY,AHR_REBUY_COOLDOWN,0.2519576294773111,0.2519576294773111,,,,True,1059
K,2022-11-25T00:00:00+0000,SHADOW_REQUEST_OR_PENDING,TACTICAL_BUYBACK_AHR999_TO_35,AHR_VALUE_BUY,BUY,DELAY,THREE_COMPLETED_CLOSE_COOLDOWN,0.2519998835466107,0.2519998835466107,,1.0,2.0,True,1059
J7,2022-11-26T00:00:00+0000,SHADOW_REQUEST_OR_PENDING,PENDING_AHR_BUY,AHR_VALUE_BUY,BUY,DELAY,PENDING_COOLDOWN_ACTIVE,0.2512517648182712,0.2512517648182712,,,,True,1060
K,2022-11-26T00:00:00+0000,SHADOW_REQUEST_OR_PENDING,PENDING_AHR_BUY,AHR_VALUE_BUY,BUY,DELAY,PENDING_COMPLETED_CLOSE_COOLDOWN_ACTIVE,0.25129547172204936,0.25129547172204936,,2.0,1.0,True,1060
J7,2022-11-27T00:00:00+0000,SHADOW_REQUEST_OR_PENDING,PENDING_AHR_BUY,AHR_VALUE_BUY,BUY,DELAY,PENDING_COOLDOWN_ACTIVE,0.25167475624314894,0.25167475624314894,,,,True,1061
K,2022-11-27T00:00:00+0000,SHADOW_REQUEST_OR_PENDING,PENDING_AHR_BUY,AHR_VALUE_BUY,BUY,DELAY,PENDING_COMPLETED_CLOSE_COOLDOWN_ACTIVE,0.2517415186406079,0.2517415186406079,,3.0,0.0,True,1061
J7,2022-11-28T00:00:00+0000,SHADOW_REQUEST_OR_PENDING,PENDING_AHR_BUY,AHR_VALUE_BUY,BUY,DELAY,PENDING_COOLDOWN_ACTIVE,0.25044516265673694,0.25044516265673694,,,,True,1062
K,2022-11-28T00:00:00+0000,ACTUAL_EXECUTED,TACTICAL_BUYBACK_AHR999_TO_35,AHR_VALUE_BUY,BUY,EXECUTE,V3_8_PENDING_AHR_EXECUTION,0.25048926555568896,0.35,15311.393416411931,,,False,1062
K,2022-11-28T00:00:00+0000,SHADOW_REQUEST_OR_PENDING,PENDING_AHR_BUY,AHR_VALUE_BUY,BUY,EXECUTE,EXECUTED,0.25048926555568896,0.35,,4.0,0.0,False,1062
J7,2022-11-29T00:00:00+0000,SHADOW_REQUEST_OR_PENDING,PENDING_AHR_BUY,AHR_VALUE_BUY,BUY,DELAY,PENDING_COOLDOWN_ACTIVE,0.24697914557108902,0.24697914557108902,,,,True,1063
J7,2022-11-30T00:00:00+0000,SHADOW_REQUEST_OR_PENDING,PENDING_AHR_BUY,AHR_VALUE_BUY,BUY,DELAY,PENDING_COOLDOWN_ACTIVE,0.25287213590795676,0.25287213590795676,,,,True,1064
J7,2022-12-01T00:00:00+0000,ACTUAL_EXECUTED,TACTICAL_BUYBACK_AHR999_TO_35,AHR_VALUE_BUY,BUY,EXECUTE,V3_7_PENDING_AHR_EXECUTION,0.26351070462850185,0.35000000000000003,13269.161880545074,,,False,1065
J7,2022-12-01T00:00:00+0000,SHADOW_REQUEST_OR_PENDING,PENDING_AHR_BUY,AHR_VALUE_BUY,BUY,EXECUTE,EXECUTED,0.26351070462850185,0.35000000000000003,,,,False,1065
B,2022-12-02T00:00:00+0000,ACTUAL_EXECUTED,TACTICAL_SELL_STAGE4,RISK_SELL,SELL,EXECUTE,ACCUMULATION_BEARISH_REBREAK,0.3602403866553305,0.25000000000000006,17590.444703400524,,,False,1066
J7,2022-12-02T00:00:00+0000,ACTUAL_EXECUTED,TACTICAL_SELL_STAGE4,RISK_SELL,SELL,EXECUTE,ACCUMULATION_BEARISH_REBREAK,0.34715591776082644,0.25,14852.131943719076,,,False,1066
J7,2022-12-02T00:00:00+0000,SHADOW_REQUEST_OR_PENDING,TACTICAL_SELL_STAGE4,RISK_SELL,SELL,EXECUTE,EXECUTED,0.34715591776082644,0.25,,,,False,1066
K,2022-12-02T00:00:00+0000,ACTUAL_EXECUTED,TACTICAL_SELL_STAGE4,RISK_SELL,SELL,EXECUTE,ACCUMULATION_BEARISH_REBREAK,0.36221305196626485,0.24999999999999994,17609.698777833473,,,False,1066
K,2022-12-02T00:00:00+0000,SHADOW_REQUEST_OR_PENDING,TACTICAL_SELL_STAGE4,RISK_SELL,SELL,EXECUTE,EXECUTED,0.36221305196626485,0.24999999999999994,,0.0,3.0,False,1066
B,2022-12-03T00:00:00+0000,ACTUAL_EXECUTED,TACTICAL_BUYBACK_AHR999_TO_35,AHR_VALUE_BUY,BUY,EXECUTE,AHR999<=0.35,0.25234633008237056,0.35000000000000003,15614.309113623842,,,False,1067
J7,2022-12-03T00:00:00+0000,SHADOW_REQUEST_OR_PENDING,TACTICAL_BUYBACK_AHR999_TO_35,AHR_VALUE_BUY,BUY,DELAY,AHR_REBUY_COOLDOWN,0.25232997960132336,0.25232997960132336,,,,True,1067
K,2022-12-03T00:00:00+0000,SHADOW_REQUEST_OR_PENDING,TACTICAL_BUYBACK_AHR999_TO_35,AHR_VALUE_BUY,BUY,DELAY,THREE_COMPLETED_CLOSE_COOLDOWN,0.25235419954606897,0.25235419954606897,,1.0,2.0,True,1067
J7,2022-12-04T00:00:00+0000,SHADOW_REQUEST_OR_PENDING,PENDING_AHR_BUY,AHR_VALUE_BUY,BUY,DELAY,PENDING_COOLDOWN_ACTIVE,0.24629736174307137,0.24629736174307137,,,,True,1068
K,2022-12-04T00:00:00+0000,SHADOW_REQUEST_OR_PENDING,PENDING_AHR_BUY,AHR_VALUE_BUY,BUY,DELAY,PENDING_COMPLETED_CLOSE_COOLDOWN_ACTIVE,0.24622291371733712,0.24622291371733712,,2.0,1.0,True,1068
J7,2022-12-05T00:00:00+0000,SHADOW_REQUEST_OR_PENDING,PENDING_AHR_BUY,AHR_VALUE_BUY,BUY,DELAY,PENDING_COOLDOWN_ACTIVE,0.25095670156296224,0.25095670156296224,,,,True,1069
K,2022-12-05T00:00:00+0000,SHADOW_REQUEST_OR_PENDING,PENDING_AHR_BUY,AHR_VALUE_BUY,BUY,DELAY,PENDING_COMPLETED_CLOSE_COOLDOWN_ACTIVE,0.2509358550286006,0.2509358550286006,,3.0,0.0,True,1069
J7,2022-12-06T00:00:00+0000,SHADOW_REQUEST_OR_PENDING,PENDING_AHR_BUY,AHR_VALUE_BUY,BUY,DELAY,PENDING_COOLDOWN_ACTIVE,0.24855608556860304,0.24855608556860304,,,,True,1070
K,2022-12-06T00:00:00+0000,ACTUAL_EXECUTED,TACTICAL_BUYBACK_AHR999_TO_35,AHR_VALUE_BUY,BUY,EXECUTE,V3_8_PENDING_AHR_EXECUTION,0.24851046325329085,0.3500000000000001,15878.306515466398,,,False,1070
K,2022-12-06T00:00:00+0000,SHADOW_REQUEST_OR_PENDING,PENDING_AHR_BUY,AHR_VALUE_BUY,BUY,EXECUTE,EXECUTED,0.24851046325329085,0.3500000000000001,,4.0,0.0,False,1070
J7,2022-12-07T00:00:00+0000,SHADOW_REQUEST_OR_PENDING,PENDING_AHR_BUY,AHR_VALUE_BUY,BUY,DELAY,PENDING_COOLDOWN_ACTIVE,0.2502312217249055,0.2502312217249055,,,,True,1071
J7,2022-12-08T00:00:00+0000,SHADOW_REQUEST_OR_PENDING,PENDING_AHR_BUY,AHR_VALUE_BUY,BUY,DELAY,PENDING_COOLDOWN_ACTIVE,0.24544036742427786,0.24544036742427786,,,,True,1072
J7,2022-12-09T00:00:00+0000,ACTUAL_EXECUTED,TACTICAL_BUYBACK_AHR999_TO_35,AHR_VALUE_BUY,BUY,EXECUTE,V3_7_PENDING_AHR_EXECUTION,0.2517181169292459,0.3499999999999999,15043.014909419442,,,False,1073
J7,2022-12-09T00:00:00+0000,SHADOW_REQUEST_OR_PENDING,PENDING_AHR_BUY,AHR_VALUE_BUY,BUY,EXECUTE,EXECUTED,0.2517181169292459,0.3499999999999999,,,,False,1073
B,2022-12-10T00:00:00+0000,ACTUAL_EXECUTED,TACTICAL_SELL_STAGE4,RISK_SELL,SELL,EXECUTE,ACCUMULATION_BEARISH_REBREAK,0.34719195990869134,0.25,15485.301118768777,,,False,1074
J7,2022-12-10T00:00:00+0000,ACTUAL_EXECUTED,TACTICAL_SELL_STAGE4,RISK_SELL,SELL,EXECUTE,ACCUMULATION_BEARISH_REBREAK,0.3477670286770994,0.25,14924.207574334709,,,False,1074
J7,2022-12-10T00:00:00+0000,SHADOW_REQUEST_OR_PENDING,TACTICAL_SELL_STAGE4,RISK_SELL,SELL,EXECUTE,EXECUTED,0.3477670286770994,0.25,,,,False,1074
K,2022-12-10T00:00:00+0000,ACTUAL_EXECUTED,TACTICAL_SELL_STAGE4,RISK_SELL,SELL,EXECUTE,ACCUMULATION_BEARISH_REBREAK,0.35149528568843325,0.25,15927.725087423041,,,False,1074
K,2022-12-10T00:00:00+0000,SHADOW_REQUEST_OR_PENDING,TACTICAL_SELL_STAGE4,RISK_SELL,SELL,EXECUTE,EXECUTED,0.35149528568843325,0.25,,0.0,3.0,False,1074
B,2022-12-11T00:00:00+0000,ACTUAL_EXECUTED,TACTICAL_BUYBACK_AHR999_TO_35,AHR_VALUE_BUY,BUY,EXECUTE,AHR999<=0.35,0.2503682239761445,0.35000000000000003,15865.226742356788,,,False,1075
J7,2022-12-11T00:00:00+0000,SHADOW_REQUEST_OR_PENDING,TACTICAL_BUYBACK_AHR999_TO_35,AHR_VALUE_BUY,BUY,DELAY,AHR_REBUY_COOLDOWN,0.2503655597570447,0.2503655597570447,,,,True,1075
K,2022-12-11T00:00:00+0000,SHADOW_REQUEST_OR_PENDING,TACTICAL_BUYBACK_AHR999_TO_35,AHR_VALUE_BUY,BUY,DELAY,THREE_COMPLETED_CLOSE_COOLDOWN,0.2503719839715662,0.2503719839715662,,1.0,2.0,True,1075
J7,2022-12-12T00:00:00+0000,SHADOW_REQUEST_OR_PENDING,PENDING_AHR_BUY,AHR_VALUE_BUY,BUY,DELAY,PENDING_COOLDOWN_ACTIVE,0.24993843160243426,0.24993843160243426,,,,True,1076
K,2022-12-12T00:00:00+0000,SHADOW_REQUEST_OR_PENDING,PENDING_AHR_BUY,AHR_VALUE_BUY,BUY,DELAY,PENDING_COMPLETED_CLOSE_COOLDOWN_ACTIVE,0.2499427362003341,0.2499427362003341,,2.0,1.0,True,1076
J7,2022-12-13T00:00:00+0000,SHADOW_REQUEST_OR_PENDING,PENDING_AHR_BUY,AHR_VALUE_BUY,BUY,DELAY,PENDING_COOLDOWN_ACTIVE,0.2516657668052295,0.2516657668052295,,,,True,1077
K,2022-12-13T00:00:00+0000,SHADOW_REQUEST_OR_PENDING,PENDING_AHR_BUY,AHR_VALUE_BUY,BUY,DELAY,PENDING_COMPLETED_CLOSE_COOLDOWN_ACTIVE,0.25167629923152335,0.25167629923152335,,3.0,0.0,True,1077
J7,2022-12-14T00:00:00+0000,SHADOW_REQUEST_OR_PENDING,PENDING_AHR_BUY,AHR_VALUE_BUY,BUY,DELAY,PENDING_COOLDOWN_ACTIVE,0.2581843241687762,0.2581843241687762,,,,True,1078
K,2022-12-14T00:00:00+0000,ACTUAL_EXECUTED,TACTICAL_BUYBACK_AHR999_TO_35,AHR_VALUE_BUY,BUY,EXECUTE,V3_8_PENDING_AHR_EXECUTION,0.2582011472479325,0.35,14550.0088373348,,,False,1078
K,2022-12-14T00:00:00+0000,SHADOW_REQUEST_OR_PENDING,PENDING_AHR_BUY,AHR_VALUE_BUY,BUY,EXECUTE,EXECUTED,0.2582011472479325,0.35,,4.0,0.0,False,1078
J7,2022-12-15T00:00:00+0000,SHADOW_REQUEST_OR_PENDING,PENDING_AHR_BUY,AHR_VALUE_BUY,BUY,CANCEL,AHR_VALUE_CONDITION_DISAPPEARED,0.25710368308754555,0.25710368308754555,,,,False,1079
B,2022-12-18T00:00:00+0000,ACTUAL_EXECUTED,TACTICAL_SELL_STAGE4,RISK_SELL,SELL,EXECUTE,ACCUMULATION_BEARISH_REBREAK,0.3400042583313181,0.25,14125.68940097714,,,False,1082
J7,2022-12-18T00:00:00+0000,SHADOW_REQUEST_OR_PENDING,TACTICAL_SELL_STAGE4,RISK_SELL,SELL,EXECUTE,EXECUTE_NO_FILL_AT_TARGET,0.24171821382471922,0.24171821382471922,,,,False,1082
K,2022-12-18T00:00:00+0000,ACTUAL_EXECUTED,TACTICAL_SELL_STAGE4,RISK_SELL,SELL,EXECUTE,ACCUMULATION_BEARISH_REBREAK,0.3308512611854029,0.25,12457.605054348887,,,False,1082
K,2022-12-18T00:00:00+0000,SHADOW_REQUEST_OR_PENDING,TACTICAL_SELL_STAGE4,RISK_SELL,SELL,EXECUTE,EXECUTED,0.3308512611854029,0.25,,0.0,3.0,False,1082
B,2022-12-19T00:00:00+0000,ACTUAL_EXECUTED,TACTICAL_BUYBACK_AHR999_TO_35,AHR_VALUE_BUY,BUY,EXECUTE,AHR999<=0.35,0.24948865522124722,0.35,15747.665612743865,,,False,1083
J7,2022-12-19T00:00:00+0000,SHADOW_REQUEST_OR_PENDING,TACTICAL_BUYBACK_AHR999_TO_35,AHR_VALUE_BUY,BUY,DELAY,AHR_REBUY_COOLDOWN,0.24122225710107306,0.24122225710107306,,,,True,1083
K,2022-12-19T00:00:00+0000,SHADOW_REQUEST_OR_PENDING,TACTICAL_BUYBACK_AHR999_TO_35,AHR_VALUE_BUY,BUY,DELAY,THREE_COMPLETED_CLOSE_COOLDOWN,0.24948829056439034,0.24948829056439034,,1.0,2.0,True,1083
J7,2022-12-20T00:00:00+0000,SHADOW_REQUEST_OR_PENDING,PENDING_AHR_BUY,AHR_VALUE_BUY,BUY,DELAY,PENDING_COOLDOWN_ACTIVE,0.23857782987754528,0.23857782987754528,,,,True,1084
K,2022-12-20T00:00:00+0000,SHADOW_REQUEST_OR_PENDING,PENDING_AHR_BUY,AHR_VALUE_BUY,BUY,DELAY,PENDING_COMPLETED_CLOSE_COOLDOWN_ACTIVE,0.24678437009575316,0.24678437009575316,,2.0,1.0,True,1084
J7,2022-12-21T00:00:00+0000,SHADOW_REQUEST_OR_PENDING,PENDING_AHR_BUY,AHR_VALUE_BUY,BUY,DELAY,PENDING_COOLDOWN_ACTIVE,0.2452796055835696,0.2452796055835696,,,,True,1085
K,2022-12-21T00:00:00+0000,SHADOW_REQUEST_OR_PENDING,PENDING_AHR_BUY,AHR_VALUE_BUY,BUY,DELAY,PENDING_COMPLETED_CLOSE_COOLDOWN_ACTIVE,0.25365000142153277,0.25365000142153277,,3.0,0.0,True,1085
J7,2022-12-22T00:00:00+0000,SHADOW_REQUEST_OR_PENDING,PENDING_AHR_BUY,AHR_VALUE_BUY,BUY,DELAY,PENDING_COOLDOWN_ACTIVE,0.24474826346466733,0.24474826346466733,,,,True,1086
K,2022-12-22T00:00:00+0000,ACTUAL_EXECUTED,TACTICAL_BUYBACK_AHR999_TO_35,AHR_VALUE_BUY,BUY,EXECUTE,V3_8_PENDING_AHR_EXECUTION,0.2531049621750818,0.35000000000000003,14976.400747572896,,,False,1086
K,2022-12-22T00:00:00+0000,SHADOW_REQUEST_OR_PENDING,PENDING_AHR_BUY,AHR_VALUE_BUY,BUY,EXECUTE,EXECUTED,0.2531049621750818,0.35000000000000003,,4.0,0.0,False,1086
J7,2022-12-23T00:00:00+0000,SHADOW_REQUEST_OR_PENDING,PENDING_AHR_BUY,AHR_VALUE_BUY,BUY,DELAY,PENDING_COOLDOWN_ACTIVE,0.24518063885937982,0.24518063885937982,,,,True,1087
J7,2022-12-24T00:00:00+0000,SHADOW_REQUEST_OR_PENDING,PENDING_AHR_BUY,AHR_VALUE_BUY,BUY,DELAY,PENDING_COOLDOWN_ACTIVE,0.24528800578469234,0.24528800578469234,,,,True,1088
J7,2022-12-25T00:00:00+0000,ACTUAL_EXECUTED,TACTICAL_BUYBACK_AHR999_TO_35,AHR_VALUE_BUY,BUY,EXECUTE,V3_7_PENDING_AHR_EXECUTION,0.2456170087691595,0.35,15824.989247682468,,,False,1089
J7,2022-12-25T00:00:00+0000,SHADOW_REQUEST_OR_PENDING,PENDING_AHR_BUY,AHR_VALUE_BUY,BUY,EXECUTE,EXECUTED,0.2456170087691595,0.35,,,,False,1089
B,2022-12-26T00:00:00+0000,ACTUAL_EXECUTED,TACTICAL_SELL_STAGE4,RISK_SELL,SELL,EXECUTE,ACCUMULATION_BEARISH_REBREAK,0.3546872842032073,0.25,16533.45264136372,,,False,1090
J7,2022-12-26T00:00:00+0000,ACTUAL_EXECUTED,TACTICAL_SELL_STAGE4,RISK_SELL,SELL,EXECUTE,ACCUMULATION_BEARISH_REBREAK,0.3498312464207962,0.25000000000000006,15142.246349963865,,,False,1090
J7,2022-12-26T00:00:00+0000,SHADOW_REQUEST_OR_PENDING,TACTICAL_SELL_STAGE4,RISK_SELL,SELL,EXECUTE,EXECUTED,0.3498312464207962,0.25000000000000006,,,,False,1090
K,2022-12-26T00:00:00+0000,ACTUAL_EXECUTED,TACTICAL_SELL_STAGE4,RISK_SELL,SELL,EXECUTE,ACCUMULATION_BEARISH_REBREAK,0.3507503948603876,0.25,15602.06485635374,,,False,1090
K,2022-12-26T00:00:00+0000,SHADOW_REQUEST_OR_PENDING,TACTICAL_SELL_STAGE4,RISK_SELL,SELL,EXECUTE,EXECUTED,0.3507503948603876,0.25,,0.0,3.0,False,1090
B,2022-12-27T00:00:00+0000,ACTUAL_EXECUTED,TACTICAL_BUYBACK_AHR999_TO_35,AHR_VALUE_BUY,BUY,EXECUTE,AHR999<=0.35,0.25135217186968173,0.35,15591.280375191214,,,False,1091
J7,2022-12-27T00:00:00+0000,SHADOW_REQUEST_OR_PENDING,TACTICAL_BUYBACK_AHR999_TO_35,AHR_VALUE_BUY,BUY,DELAY,AHR_REBUY_COOLDOWN,0.25134976747682314,0.25134976747682314,,,,True,1091
K,2022-12-27T00:00:00+0000,SHADOW_REQUEST_OR_PENDING,TACTICAL_BUYBACK_AHR999_TO_35,AHR_VALUE_BUY,BUY,DELAY,THREE_COMPLETED_CLOSE_COOLDOWN,0.2513558238646525,0.2513558238646525,,1.0,2.0,True,1091
J7,2022-12-28T00:00:00+0000,SHADOW_REQUEST_OR_PENDING,PENDING_AHR_BUY,AHR_VALUE_BUY,BUY,DELAY,PENDING_COOLDOWN_ACTIVE,0.2489225624190493,0.2489225624190493,,,,True,1092
K,2022-12-28T00:00:00+0000,SHADOW_REQUEST_OR_PENDING,PENDING_AHR_BUY,AHR_VALUE_BUY,BUY,DELAY,PENDING_COMPLETED_CLOSE_COOLDOWN_ACTIVE,0.24892494473766227,0.24892494473766227,,2.0,1.0,True,1092
J7,2022-12-29T00:00:00+0000,SHADOW_REQUEST_OR_PENDING,PENDING_AHR_BUY,AHR_VALUE_BUY,BUY,DELAY,PENDING_COOLDOWN_ACTIVE,0.24622742393035427,0.24622742393035427,,,,True,1093
K,2022-12-29T00:00:00+0000,SHADOW_REQUEST_OR_PENDING,PENDING_AHR_BUY,AHR_VALUE_BUY,BUY,DELAY,PENDING_COMPLETED_CLOSE_COOLDOWN_ACTIVE,0.24620635459358714,0.24620635459358714,,3.0,0.0,True,1093
J7,2022-12-30T00:00:00+0000,SHADOW_REQUEST_OR_PENDING,PENDING_AHR_BUY,AHR_VALUE_BUY,BUY,DELAY,PENDING_COOLDOWN_ACTIVE,0.24765871416082053,0.24765871416082053,,,,True,1094
K,2022-12-30T00:00:00+0000,ACTUAL_EXECUTED,TACTICAL_BUYBACK_AHR999_TO_35,AHR_VALUE_BUY,BUY,EXECUTE,V3_8_PENDING_AHR_EXECUTION,0.2476456419567585,0.3499999999999999,15784.251242057013,,,False,1094
K,2022-12-30T00:00:00+0000,SHADOW_REQUEST_OR_PENDING,PENDING_AHR_BUY,AHR_VALUE_BUY,BUY,EXECUTE,EXECUTED,0.2476456419567585,0.3499999999999999,,4.0,0.0,False,1094
J7,2022-12-31T00:00:00+0000,SHADOW_REQUEST_OR_PENDING,PENDING_AHR_BUY,AHR_VALUE_BUY,BUY,DELAY,PENDING_COOLDOWN_ACTIVE,0.24756276975630045,0.24756276975630045,,,,True,1095
J7,2023-01-01T00:00:00+0000,SHADOW_REQUEST_OR_PENDING,PENDING_AHR_BUY,AHR_VALUE_BUY,BUY,DELAY,PENDING_COOLDOWN_ACTIVE,0.24697309174767204,0.24697309174767204,,,,True,1096
J7,2023-01-02T00:00:00+0000,ACTUAL_EXECUTED,TACTICAL_BUYBACK_AHR999_TO_35,AHR_VALUE_BUY,BUY,EXECUTE,V3_7_PENDING_AHR_EXECUTION,0.2477566925745845,0.35,15445.633853973424,,,False,1097
J7,2023-01-02T00:00:00+0000,SHADOW_REQUEST_OR_PENDING,PENDING_AHR_BUY,AHR_VALUE_BUY,BUY,EXECUTE,EXECUTED,0.2477566925745845,0.35,,,,False,1097
B,2023-01-03T00:00:00+0000,ACTUAL_EXECUTED,TACTICAL_SELL_STAGE4,RISK_SELL,SELL,EXECUTE,ACCUMULATION_BEARISH_REBREAK,0.3474167971824025,0.24999999999999994,15347.306538785098,,,False,1098
J7,2023-01-03T00:00:00+0000,ACTUAL_EXECUTED,TACTICAL_SELL_STAGE4,RISK_SELL,SELL,EXECUTE,ACCUMULATION_BEARISH_REBREAK,0.35182624077199776,0.25,15437.491359305517,,,False,1098
J7,2023-01-03T00:00:00+0000,SHADOW_REQUEST_OR_PENDING,TACTICAL_SELL_STAGE4,RISK_SELL,SELL,EXECUTE,EXECUTED,0.35182624077199776,0.25,,,,False,1098
K,2023-01-03T00:00:00+0000,ACTUAL_EXECUTED,TACTICAL_SELL_STAGE4,RISK_SELL,SELL,EXECUTE,ACCUMULATION_BEARISH_REBREAK,0.3518836003884581,0.25,15769.083873176132,,,False,1098
K,2023-01-03T00:00:00+0000,SHADOW_REQUEST_OR_PENDING,TACTICAL_SELL_STAGE4,RISK_SELL,SELL,EXECUTE,EXECUTED,0.3518836003884581,0.25,,0.0,3.0,False,1098
B,2023-01-04T00:00:00+0000,ACTUAL_EXECUTED,TACTICAL_BUYBACK_AHR999_TO_35,AHR_VALUE_BUY,BUY,EXECUTE,AHR999<=0.35,0.2501251846989272,0.3499999999999999,15720.721685168512,,,False,1099
J7,2023-01-04T00:00:00+0000,SHADOW_REQUEST_OR_PENDING,TACTICAL_BUYBACK_AHR999_TO_35,AHR_VALUE_BUY,BUY,DELAY,AHR_REBUY_COOLDOWN,0.25012688908708514,0.25012688908708514,,,,True,1099
K,2023-01-04T00:00:00+0000,SHADOW_REQUEST_OR_PENDING,TACTICAL_BUYBACK_AHR999_TO_35,AHR_VALUE_BUY,BUY,DELAY,THREE_COMPLETED_CLOSE_COOLDOWN,0.25012648414279165,0.25012648414279165,,1.0,2.0,True,1099
J7,2023-01-05T00:00:00+0000,SHADOW_REQUEST_OR_PENDING,PENDING_AHR_BUY,AHR_VALUE_BUY,BUY,DELAY,PENDING_COOLDOWN_ACTIVE,0.25502034573985266,0.25502034573985266,,,,True,1100
K,2023-01-05T00:00:00+0000,SHADOW_REQUEST_OR_PENDING,PENDING_AHR_BUY,AHR_VALUE_BUY,BUY,DELAY,PENDING_COMPLETED_CLOSE_COOLDOWN_ACTIVE,0.25508419667488896,0.25508419667488896,,2.0,1.0,True,1100
J7,2023-01-06T00:00:00+0000,SHADOW_REQUEST_OR_PENDING,PENDING_AHR_BUY,AHR_VALUE_BUY,BUY,DELAY,PENDING_COOLDOWN_ACTIVE,0.25445606890100275,0.25445606890100275,,,,True,1101
K,2023-01-06T00:00:00+0000,SHADOW_REQUEST_OR_PENDING,PENDING_AHR_BUY,AHR_VALUE_BUY,BUY,DELAY,PENDING_COMPLETED_CLOSE_COOLDOWN_ACTIVE,0.25450927924013245,0.25450927924013245,,3.0,0.0,True,1101
J7,2023-01-07T00:00:00+0000,SHADOW_REQUEST_OR_PENDING,PENDING_AHR_BUY,AHR_VALUE_BUY,BUY,DELAY,PENDING_COOLDOWN_ACTIVE,0.2567215856829172,0.2567215856829172,,,,True,1102
K,2023-01-07T00:00:00+0000,ACTUAL_EXECUTED,TACTICAL_BUYBACK_AHR999_TO_35,AHR_VALUE_BUY,BUY,EXECUTE,V3_8_PENDING_AHR_EXECUTION,0.2567936012813512,0.35000000000000003,14542.614582551934,,,False,1102
K,2023-01-07T00:00:00+0000,SHADOW_REQUEST_OR_PENDING,PENDING_AHR_BUY,AHR_VALUE_BUY,BUY,EXECUTE,EXECUTED,0.2567936012813512,0.35000000000000003,,4.0,0.0,False,1102
J7,2023-01-08T00:00:00+0000,SHADOW_REQUEST_OR_PENDING,PENDING_AHR_BUY,AHR_VALUE_BUY,BUY,DELAY,PENDING_COOLDOWN_ACTIVE,0.25626546207490475,0.25626546207490475,,,,True,1103
J7,2023-01-09T00:00:00+0000,SHADOW_REQUEST_OR_PENDING,PENDING_AHR_BUY,AHR_VALUE_BUY,BUY,DELAY,PENDING_COOLDOWN_ACTIVE,0.25957040211860216,0.25957040211860216,,,,True,1104
J7,2023-01-10T00:00:00+0000,ACTUAL_EXECUTED,TACTICAL_BUYBACK_AHR999_TO_35,AHR_VALUE_BUY,BUY,EXECUTE,V3_7_PENDING_AHR_EXECUTION,0.262709237135257,0.35,13447.77942822611,,,False,1105
J7,2023-01-10T00:00:00+0000,SHADOW_REQUEST_OR_PENDING,PENDING_AHR_BUY,AHR_VALUE_BUY,BUY,EXECUTE,EXECUTED,0.262709237135257,0.35,,,,False,1105
B,2023-01-28T00:00:00+0000,ACTUAL_EXECUTED,TACTICAL_BUYBACK_NEW_BULL_REDEPLOY,TACTICAL_BUYBACK_NEW_BULL_REDEPLOY,BUY,EXECUTE,TEN_DAY_NEW_BULL_REDEPLOY,0.4211250920809735,0.47557262887932106,9620.032160180523,,,False,1123
J7,2023-01-28T00:00:00+0000,ACTUAL_EXECUTED,TACTICAL_BUYBACK_NEW_BULL_REDEPLOY,TACTICAL_BUYBACK_NEW_BULL_REDEPLOY,BUY,EXECUTE,TEN_DAY_NEW_BULL_REDEPLOY,0.4062292815551186,0.4620011695226973,9402.912930196759,,,False,1123
J7,2023-01-28T00:00:00+0000,SHADOW_REQUEST_OR_PENDING,TACTICAL_BUYBACK_NEW_BULL_REDEPLOY,NEW_BULL_REDEPLOY,BUY,EXECUTE,EXECUTED,0.4062292815551186,0.4620011695226973,,,,False,1123
K,2023-01-28T00:00:00+0000,ACTUAL_EXECUTED,TACTICAL_BUYBACK_NEW_BULL_REDEPLOY,TACTICAL_BUYBACK_NEW_BULL_REDEPLOY,BUY,EXECUTE,TEN_DAY_NEW_BULL_REDEPLOY,0.41308429748933434,0.46825715760867404,9530.64218290766,,,False,1123
K,2023-01-28T00:00:00+0000,SHADOW_REQUEST_OR_PENDING,TACTICAL_BUYBACK_NEW_BULL_REDEPLOY,NEW_BULL_REDEPLOY,BUY,EXECUTE,EXECUTED,0.41308429748933434,0.46825715760867404,,0.0,0.0,False,1123
B,2023-01-29T00:00:00+0000,ACTUAL_EXECUTED,TACTICAL_BUYBACK_NEW_BULL_REDEPLOY,TACTICAL_BUYBACK_NEW_BULL_REDEPLOY,BUY,EXECUTE,TEN_DAY_NEW_BULL_REDEPLOY,0.4732128374422276,0.5279141327105901,9620.032160180523,,,False,1124
J7,2023-01-29T00:00:00+0000,ACTUAL_EXECUTED,TACTICAL_BUYBACK_NEW_BULL_REDEPLOY,TACTICAL_BUYBACK_NEW_BULL_REDEPLOY,BUY,EXECUTE,TEN_DAY_NEW_BULL_REDEPLOY,0.4596612493527061,0.5156849002919411,9402.912930196759,,,False,1124
J7,2023-01-29T00:00:00+0000,SHADOW_REQUEST_OR_PENDING,TACTICAL_BUYBACK_NEW_BULL_REDEPLOY,NEW_BULL_REDEPLOY,BUY,EXECUTE,EXECUTED,0.4596612493527061,0.5156849002919411,,,,False,1124
K,2023-01-29T00:00:00+0000,ACTUAL_EXECUTED,TACTICAL_BUYBACK_NEW_BULL_REDEPLOY,TACTICAL_BUYBACK_NEW_BULL_REDEPLOY,BUY,EXECUTE,TEN_DAY_NEW_BULL_REDEPLOY,0.46588509847819815,0.5213130743027228,9530.642182907664,,,False,1124
K,2023-01-29T00:00:00+0000,SHADOW_REQUEST_OR_PENDING,TACTICAL_BUYBACK_NEW_BULL_REDEPLOY,NEW_BULL_REDEPLOY,BUY,EXECUTE,EXECUTED,0.46588509847819815,0.5213130743027228,,0.0,0.0,False,1124
B,2023-01-30T00:00:00+0000,ACTUAL_EXECUTED,TACTICAL_BUYBACK_NEW_BULL_REDEPLOY,TACTICAL_BUYBACK_NEW_BULL_REDEPLOY,BUY,EXECUTE,TEN_DAY_NEW_BULL_REDEPLOY,0.5374601848357866,0.5910648356537681,9620.032160180523,,,False,1125
J7,2023-01-30T00:00:00+0000,ACTUAL_EXECUTED,TACTICAL_BUYBACK_NEW_BULL_REDEPLOY,TACTICAL_BUYBACK_NEW_BULL_REDEPLOY,BUY,EXECUTE,TEN_DAY_NEW_BULL_REDEPLOY,0.5252472773480086,0.580174714328159,9402.912930196759,,,False,1125
J7,2023-01-30T00:00:00+0000,SHADOW_REQUEST_OR_PENDING,TACTICAL_BUYBACK_NEW_BULL_REDEPLOY,NEW_BULL_REDEPLOY,BUY,EXECUTE,EXECUTED,0.5252472773480086,0.580174714328159,,,,False,1125
K,2023-01-30T00:00:00+0000,ACTUAL_EXECUTED,TACTICAL_BUYBACK_NEW_BULL_REDEPLOY,TACTICAL_BUYBACK_NEW_BULL_REDEPLOY,BUY,EXECUTE,TEN_DAY_NEW_BULL_REDEPLOY,0.5308900108387913,0.5852187764261688,9530.642182907664,,,False,1125
K,2023-01-30T00:00:00+0000,SHADOW_REQUEST_OR_PENDING,TACTICAL_BUYBACK_NEW_BULL_REDEPLOY,NEW_BULL_REDEPLOY,BUY,EXECUTE,EXECUTED,0.5308900108387913,0.5852187764261688,,0.0,0.0,False,1125
B,2023-01-31T00:00:00+0000,ACTUAL_EXECUTED,TACTICAL_BUYBACK_NEW_BULL_REDEPLOY,TACTICAL_BUYBACK_NEW_BULL_REDEPLOY,BUY,EXECUTE,TEN_DAY_NEW_BULL_REDEPLOY,0.5803807218008622,0.6353939600849327,9620.032160180523,,,False,1126
J7,2023-01-31T00:00:00+0000,ACTUAL_EXECUTED,TACTICAL_BUYBACK_NEW_BULL_REDEPLOY,TACTICAL_BUYBACK_NEW_BULL_REDEPLOY,BUY,EXECUTE,TEN_DAY_NEW_BULL_REDEPLOY,0.5694230847845494,0.6257656909267287,9402.912930196759,,,False,1126
J7,2023-01-31T00:00:00+0000,SHADOW_REQUEST_OR_PENDING,TACTICAL_BUYBACK_NEW_BULL_REDEPLOY,NEW_BULL_REDEPLOY,BUY,EXECUTE,EXECUTED,0.5694230847845494,0.6257656909267287,,,,False,1126
K,2023-01-31T00:00:00+0000,ACTUAL_EXECUTED,TACTICAL_BUYBACK_NEW_BULL_REDEPLOY,TACTICAL_BUYBACK_NEW_BULL_REDEPLOY,BUY,EXECUTE,TEN_DAY_NEW_BULL_REDEPLOY,0.5744846408302465,0.6302276831496917,9530.642182907663,,,False,1126
K,2023-01-31T00:00:00+0000,SHADOW_REQUEST_OR_PENDING,TACTICAL_BUYBACK_NEW_BULL_REDEPLOY,NEW_BULL_REDEPLOY,BUY,EXECUTE,EXECUTED,0.5744846408302465,0.6302276831496917,,0.0,0.0,False,1126
B,2023-02-01T00:00:00+0000,ACTUAL_EXECUTED,TACTICAL_BUYBACK_NEW_BULL_REDEPLOY,TACTICAL_BUYBACK_NEW_BULL_REDEPLOY,BUY,EXECUTE,TEN_DAY_NEW_BULL_REDEPLOY,0.6383215047731633,0.6929022289969903,9620.032160180523,,,False,1127
J7,2023-02-01T00:00:00+0000,ACTUAL_EXECUTED,TACTICAL_BUYBACK_NEW_BULL_REDEPLOY,TACTICAL_BUYBACK_NEW_BULL_REDEPLOY,BUY,EXECUTE,TEN_DAY_NEW_BULL_REDEPLOY,0.6287276349104828,0.6846339623054974,9402.912930196759,,,False,1127
J7,2023-02-01T00:00:00+0000,SHADOW_REQUEST_OR_PENDING,TACTICAL_BUYBACK_NEW_BULL_REDEPLOY,NEW_BULL_REDEPLOY,BUY,EXECUTE,EXECUTED,0.6287276349104828,0.6846339623054974,,,,False,1127
K,2023-02-01T00:00:00+0000,ACTUAL_EXECUTED,TACTICAL_BUYBACK_NEW_BULL_REDEPLOY,TACTICAL_BUYBACK_NEW_BULL_REDEPLOY,BUY,EXECUTE,TEN_DAY_NEW_BULL_REDEPLOY,0.6331729632430363,0.6884814565365733,9530.642182907664,,,False,1127
K,2023-02-01T00:00:00+0000,SHADOW_REQUEST_OR_PENDING,TACTICAL_BUYBACK_NEW_BULL_REDEPLOY,NEW_BULL_REDEPLOY,BUY,EXECUTE,EXECUTED,0.6331729632430363,0.6884814565365733,,0.0,0.0,False,1127
B,2023-02-02T00:00:00+0000,ACTUAL_EXECUTED,TACTICAL_BUYBACK_NEW_BULL_REDEPLOY,TACTICAL_BUYBACK_NEW_BULL_REDEPLOY,BUY,EXECUTE,TEN_DAY_NEW_BULL_REDEPLOY,0.6993191129748094,0.7527685278412932,9620.03216018052,,,False,1128
J7,2023-02-02T00:00:00+0000,ACTUAL_EXECUTED,TACTICAL_BUYBACK_NEW_BULL_REDEPLOY,TACTICAL_BUYBACK_NEW_BULL_REDEPLOY,BUY,EXECUTE,TEN_DAY_NEW_BULL_REDEPLOY,0.6911410777821252,0.7459034778278016,9402.912930196759,,,False,1128
J7,2023-02-02T00:00:00+0000,SHADOW_REQUEST_OR_PENDING,TACTICAL_BUYBACK_NEW_BULL_REDEPLOY,NEW_BULL_REDEPLOY,BUY,EXECUTE,EXECUTED,0.6911410777821252,0.7459034778278016,,,,False,1128
K,2023-02-02T00:00:00+0000,ACTUAL_EXECUTED,TACTICAL_BUYBACK_NEW_BULL_REDEPLOY,TACTICAL_BUYBACK_NEW_BULL_REDEPLOY,BUY,EXECUTE,TEN_DAY_NEW_BULL_REDEPLOY,0.6949555114728018,0.7491239839579953,9530.642182907663,,,False,1128
K,2023-02-02T00:00:00+0000,SHADOW_REQUEST_OR_PENDING,TACTICAL_BUYBACK_NEW_BULL_REDEPLOY,NEW_BULL_REDEPLOY,BUY,EXECUTE,EXECUTED,0.6949555114728018,0.7491239839579953,,0.0,0.0,False,1128
B,2023-02-03T00:00:00+0000,ACTUAL_EXECUTED,TACTICAL_BUYBACK_NEW_BULL_REDEPLOY,TACTICAL_BUYBACK_NEW_BULL_REDEPLOY,BUY,EXECUTE,TEN_DAY_NEW_BULL_REDEPLOY,0.7518630634826737,0.805516771685817,9620.03216018052,,,False,1129
J7,2023-02-03T00:00:00+0000,ACTUAL_EXECUTED,TACTICAL_BUYBACK_NEW_BULL_REDEPLOY,TACTICAL_BUYBACK_NEW_BULL_REDEPLOY,BUY,EXECUTE,TEN_DAY_NEW_BULL_REDEPLOY,0.7449749085193763,0.7999463960756888,9402.912930196762,,,False,1129
J7,2023-02-03T00:00:00+0000,SHADOW_REQUEST_OR_PENDING,TACTICAL_BUYBACK_NEW_BULL_REDEPLOY,NEW_BULL_REDEPLOY,BUY,EXECUTE,EXECUTED,0.7449749085193763,0.7999463960756888,,,,False,1129
K,2023-02-03T00:00:00+0000,ACTUAL_EXECUTED,TACTICAL_BUYBACK_NEW_BULL_REDEPLOY,TACTICAL_BUYBACK_NEW_BULL_REDEPLOY,BUY,EXECUTE,TEN_DAY_NEW_BULL_REDEPLOY,0.7482147326551178,0.8025882991596497,9530.642182907664,,,False,1129
K,2023-02-03T00:00:00+0000,SHADOW_REQUEST_OR_PENDING,TACTICAL_BUYBACK_NEW_BULL_REDEPLOY,NEW_BULL_REDEPLOY,BUY,EXECUTE,EXECUTED,0.7482147326551178,0.8025882991596497,,0.0,0.0,False,1129
B,2023-02-04T00:00:00+0000,ACTUAL_EXECUTED,TACTICAL_BUYBACK_NEW_BULL_REDEPLOY,TACTICAL_BUYBACK_NEW_BULL_REDEPLOY,BUY,EXECUTE,TEN_DAY_NEW_BULL_REDEPLOY,0.8062405461782407,0.8597032205554681,9620.032160180519,,,False,1130
J7,2023-02-04T00:00:00+0000,ACTUAL_EXECUTED,TACTICAL_BUYBACK_NEW_BULL_REDEPLOY,TACTICAL_BUYBACK_NEW_BULL_REDEPLOY,BUY,EXECUTE,TEN_DAY_NEW_BULL_REDEPLOY,0.80067824875622,0.8554577047243568,9402.91293019676,,,False,1130
J7,2023-02-04T00:00:00+0000,SHADOW_REQUEST_OR_PENDING,TACTICAL_BUYBACK_NEW_BULL_REDEPLOY,NEW_BULL_REDEPLOY,BUY,EXECUTE,EXECUTED,0.80067824875622,0.8554577047243568,,,,False,1130
K,2023-02-04T00:00:00+0000,ACTUAL_EXECUTED,TACTICAL_BUYBACK_NEW_BULL_REDEPLOY,TACTICAL_BUYBACK_NEW_BULL_REDEPLOY,BUY,EXECUTE,TEN_DAY_NEW_BULL_REDEPLOY,0.803325197685878,0.8575046719562146,9530.642182907663,,,False,1130
K,2023-02-04T00:00:00+0000,SHADOW_REQUEST_OR_PENDING,TACTICAL_BUYBACK_NEW_BULL_REDEPLOY,NEW_BULL_REDEPLOY,BUY,EXECUTE,EXECUTED,0.803325197685878,0.8575046719562146,,0.0,0.0,False,1130
B,2023-02-05T00:00:00+0000,ACTUAL_EXECUTED,TACTICAL_BUYBACK_NEW_BULL_REDEPLOY,TACTICAL_BUYBACK_NEW_BULL_REDEPLOY,BUY,EXECUTE,TEN_DAY_NEW_BULL_REDEPLOY,0.8595245768634161,0.9130638967056314,9620.03216018052,,,False,1131
J7,2023-02-05T00:00:00+0000,ACTUAL_EXECUTED,TACTICAL_BUYBACK_NEW_BULL_REDEPLOY,TACTICAL_BUYBACK_NEW_BULL_REDEPLOY,BUY,EXECUTE,TEN_DAY_NEW_BULL_REDEPLOY,0.8552724276428102,0.9101310983381261,9402.912930196759,,,False,1131
J7,2023-02-05T00:00:00+0000,SHADOW_REQUEST_OR_PENDING,TACTICAL_BUYBACK_NEW_BULL_REDEPLOY,NEW_BULL_REDEPLOY,BUY,EXECUTE,EXECUTED,0.8552724276428102,0.9101310983381261,,,,False,1131
K,2023-02-05T00:00:00+0000,ACTUAL_EXECUTED,TACTICAL_BUYBACK_NEW_BULL_REDEPLOY,TACTICAL_BUYBACK_NEW_BULL_REDEPLOY,BUY,EXECUTE,TEN_DAY_NEW_BULL_REDEPLOY,0.8573252362442001,0.9115817367653981,9530.64218290766,,,False,1131
K,2023-02-05T00:00:00+0000,SHADOW_REQUEST_OR_PENDING,TACTICAL_BUYBACK_NEW_BULL_REDEPLOY,NEW_BULL_REDEPLOY,BUY,EXECUTE,EXECUTED,0.8573252362442001,0.9115817367653981,,0.0,0.0,False,1131
B,2023-03-08T00:00:00+0000,ACTUAL_EXECUTED,TACTICAL_SELL_STAGE1,RISK_SELL,SELL,EXECUTE,DISTRIBUTION_STAGE1,0.9086555113273062,0.8500000000000001,10056.43313279829,,,False,1162
J7,2023-03-08T00:00:00+0000,ACTUAL_EXECUTED,TACTICAL_SELL_STAGE1,RISK_SELL,SELL,EXECUTE,DISTRIBUTION_STAGE1,0.9056039083918659,0.85,9096.802321420071,,,False,1162
J7,2023-03-08T00:00:00+0000,SHADOW_REQUEST_OR_PENDING,TACTICAL_SELL_STAGE1,RISK_SELL,SELL,EXECUTE,EXECUTED,0.9056039083918659,0.85,,,,False,1162
K,2023-03-08T00:00:00+0000,ACTUAL_EXECUTED,TACTICAL_SELL_STAGE1,RISK_SELL,SELL,EXECUTE,DISTRIBUTION_STAGE1,0.9071086426974555,0.8499999999999999,9573.067344010904,,,False,1162
K,2023-03-08T00:00:00+0000,SHADOW_REQUEST_OR_PENDING,TACTICAL_SELL_STAGE1,RISK_SELL,SELL,EXECUTE,EXECUTED,0.9071086426974555,0.8499999999999999,,0.0,3.0,False,1162
B,2023-03-09T00:00:00+0000,ACTUAL_EXECUTED,TACTICAL_SELL_STAGE2,RISK_SELL,SELL,EXECUTE,EARLY_BEAR_STAGE2,0.8473226319469223,0.7,24807.623542394034,,,False,1163
J7,2023-03-09T00:00:00+0000,ACTUAL_EXECUTED,TACTICAL_SELL_STAGE2,RISK_SELL,SELL,EXECUTE,EARLY_BEAR_STAGE2,0.8473213940270304,0.6999999999999998,23671.636067735883,,,False,1163
J7,2023-03-09T00:00:00+0000,SHADOW_REQUEST_OR_PENDING,TACTICAL_SELL_STAGE2,RISK_SELL,SELL,EXECUTE,EXECUTED,0.8473213940270304,0.6999999999999998,,,,False,1163
K,2023-03-09T00:00:00+0000,ACTUAL_EXECUTED,TACTICAL_SELL_STAGE2,RISK_SELL,SELL,EXECUTE,EARLY_BEAR_STAGE2,0.8473235145619081,0.7,24255.23097162305,,,False,1163
K,2023-03-09T00:00:00+0000,SHADOW_REQUEST_OR_PENDING,TACTICAL_SELL_STAGE2,RISK_SELL,SELL,EXECUTE,EXECUTED,0.8473235145619081,0.7,,0.0,3.0,False,1163
B,2023-03-12T00:00:00+0000,ACTUAL_EXECUTED,TACTICAL_SELL_STAGE3,RISK_SELL,SELL,EXECUTE,BEAR_STAGE3,0.6894692671132863,0.55,22678.64235295354,,,False,1166
J7,2023-03-12T00:00:00+0000,ACTUAL_EXECUTED,TACTICAL_SELL_STAGE3,RISK_SELL,SELL,EXECUTE,BEAR_STAGE3,0.6894529319503733,0.55,21636.654016554203,,,False,1166
J7,2023-03-12T00:00:00+0000,SHADOW_REQUEST_OR_PENDING,TACTICAL_SELL_STAGE3,RISK_SELL,SELL,EXECUTE,EXECUTED,0.6894529319503733,0.55,,,,False,1166
K,2023-03-12T00:00:00+0000,ACTUAL_EXECUTED,TACTICAL_SELL_STAGE3,RISK_SELL,SELL,EXECUTE,BEAR_STAGE3,0.6894779746110858,0.55,22175.529217978714,,,False,1166
K,2023-03-12T00:00:00+0000,SHADOW_REQUEST_OR_PENDING,TACTICAL_SELL_STAGE3,RISK_SELL,SELL,EXECUTE,EXECUTED,0.6894779746110858,0.55,,0.0,3.0,False,1166
B,2023-11-02T00:00:00+0000,ACTUAL_EXECUTED,TACTICAL_SELL_DRIFT,RISK_SELL,SELL,EXECUTE,DRIFT_ABOVE_ACTIVE_TARGET_PLUS_10PP,0.6506570377641167,0.55,21079.110658240388,,,False,1401
J7,2023-11-02T00:00:00+0000,ACTUAL_EXECUTED,TACTICAL_SELL_DRIFT,RISK_SELL,SELL,EXECUTE,DRIFT_ABOVE_ACTIVE_TARGET_PLUS_10PP,0.6513725376877723,0.55,20297.511158439374,,,False,1401
J7,2023-11-02T00:00:00+0000,SHADOW_REQUEST_OR_PENDING,TACTICAL_SELL_DRIFT,RISK_SELL,SELL,EXECUTE,EXECUTED,0.6513725376877723,0.55,,,,False,1401
K,2023-11-02T00:00:00+0000,ACTUAL_EXECUTED,TACTICAL_SELL_DRIFT,RISK_SELL,SELL,EXECUTE,DRIFT_ABOVE_ACTIVE_TARGET_PLUS_10PP,0.650635950408245,0.5500000000000002,20604.633690088744,,,False,1401
K,2023-11-02T00:00:00+0000,SHADOW_REQUEST_OR_PENDING,TACTICAL_SELL_DRIFT,RISK_SELL,SELL,EXECUTE,EXECUTED,0.650635950408245,0.5500000000000002,,0.0,3.0,False,1401
B,2024-02-19T00:00:00+0000,ACTUAL_EXECUTED,TACTICAL_SELL_DRIFT,RISK_SELL,SELL,EXECUTE,DRIFT_ABOVE_ACTIVE_TARGET_PLUS_10PP,0.6507810822661695,0.55,27191.69614092938,,,False,1510
J7,2024-02-19T00:00:00+0000,ACTUAL_EXECUTED,TACTICAL_SELL_DRIFT,RISK_SELL,SELL,EXECUTE,DRIFT_ABOVE_ACTIVE_TARGET_PLUS_10PP,0.6507815327738683,0.55,25998.76184138873,,,False,1510
J7,2024-02-19T00:00:00+0000,SHADOW_REQUEST_OR_PENDING,TACTICAL_SELL_DRIFT,RISK_SELL,SELL,EXECUTE,EXECUTED,0.6507815327738683,0.55,,,,False,1510
K,2024-02-19T00:00:00+0000,ACTUAL_EXECUTED,TACTICAL_SELL_DRIFT,RISK_SELL,SELL,EXECUTE,DRIFT_ABOVE_ACTIVE_TARGET_PLUS_10PP,0.6508583836177261,0.55,26611.48127068302,,,False,1510
K,2024-02-19T00:00:00+0000,SHADOW_REQUEST_OR_PENDING,TACTICAL_SELL_DRIFT,RISK_SELL,SELL,EXECUTE,EXECUTED,0.6508583836177261,0.55,,0.0,3.0,False,1510
B,2024-11-22T00:00:00+0000,ACTUAL_EXECUTED,TACTICAL_SELL_DRIFT,RISK_SELL,SELL,EXECUTE,DRIFT_ABOVE_ACTIVE_TARGET_PLUS_10PP,0.6599393741505986,0.55,39247.31633701056,,,False,1787
J7,2024-11-22T00:00:00+0000,ACTUAL_EXECUTED,TACTICAL_SELL_DRIFT,RISK_SELL,SELL,EXECUTE,DRIFT_ABOVE_ACTIVE_TARGET_PLUS_10PP,0.6610903910900127,0.55,38045.03923091576,,,False,1787
J7,2024-11-22T00:00:00+0000,SHADOW_REQUEST_OR_PENDING,TACTICAL_SELL_DRIFT,RISK_SELL,SELL,EXECUTE,EXECUTED,0.6610903910900127,0.55,,,,False,1787
K,2024-11-22T00:00:00+0000,ACTUAL_EXECUTED,TACTICAL_SELL_DRIFT,RISK_SELL,SELL,EXECUTE,DRIFT_ABOVE_ACTIVE_TARGET_PLUS_10PP,0.659795927494461,0.55,38314.19413748633,,,False,1787
K,2024-11-22T00:00:00+0000,SHADOW_REQUEST_OR_PENDING,TACTICAL_SELL_DRIFT,RISK_SELL,SELL,EXECUTE,EXECUTED,0.659795927494461,0.55,,0.0,3.0,False,1787
B,2025-11-21T00:00:00+0000,ACTUAL_EXECUTED,TACTICAL_SELL_STAGE4,RISK_SELL,SELL,EXECUTE,FSM_BEAR_ACCELERATION,0.5215485067381412,0.2500000000000001,91118.27517204308,,,False,2151
J7,2025-11-21T00:00:00+0000,ACTUAL_EXECUTED,TACTICAL_SELL_STAGE4,RISK_SELL,SELL,EXECUTE,FSM_BEAR_ACCELERATION,0.5219224185739255,0.25000000000000006,87600.47233193259,,,False,2151
J7,2025-11-21T00:00:00+0000,SHADOW_REQUEST_OR_PENDING,TACTICAL_SELL_STAGE4,RISK_SELL,SELL,EXECUTE,EXECUTED,0.5219224185739255,0.25000000000000006,,,,False,2151
K,2025-11-21T00:00:00+0000,ACTUAL_EXECUTED,TACTICAL_SELL_STAGE4,RISK_SELL,SELL,EXECUTE,FSM_BEAR_ACCELERATION,0.5216701149959343,0.24999999999999994,89130.64479208662,,,False,2151
K,2025-11-21T00:00:00+0000,SHADOW_REQUEST_OR_PENDING,TACTICAL_SELL_STAGE4,RISK_SELL,SELL,EXECUTE,EXECUTED,0.5216701149959343,0.24999999999999994,,0.0,3.0,False,2151
B,2026-02-06T00:00:00+0000,ACTUAL_EXECUTED,TACTICAL_BUYBACK_AHR999_TO_35,AHR_VALUE_BUY,BUY,EXECUTE,AHR999<=0.35,0.19168848761479726,0.35,49224.41005749657,,,False,2228
J7,2026-02-06T00:00:00+0000,ACTUAL_EXECUTED,TACTICAL_BUYBACK_AHR999_TO_35,AHR_VALUE_BUY,BUY,EXECUTE,AHR999<=0.35,0.19209149819913585,0.3499999999999999,47163.262044212905,,,False,2228
J7,2026-02-06T00:00:00+0000,SHADOW_REQUEST_OR_PENDING,TACTICAL_BUYBACK_AHR999_TO_35,AHR_VALUE_BUY,BUY,EXECUTE,EXECUTED,0.19209149819913585,0.3499999999999999,,,,False,2228
K,2026-02-06T00:00:00+0000,ACTUAL_EXECUTED,TACTICAL_BUYBACK_AHR999_TO_35,AHR_VALUE_BUY,BUY,EXECUTE,AHR999<=0.35,0.19163506821005633,0.35,48142.125730746295,,,False,2228
K,2026-02-06T00:00:00+0000,SHADOW_REQUEST_OR_PENDING,TACTICAL_BUYBACK_AHR999_TO_35,AHR_VALUE_BUY,BUY,EXECUTE,EXECUTED,0.19163506821005633,0.35,,77.0,0.0,False,2228
B,2026-02-13T00:00:00+0000,ACTUAL_EXECUTED,TACTICAL_SELL_STAGE4,RISK_SELL,SELL,EXECUTE,ACCUMULATION_BEARISH_REBREAK,0.3629508726180662,0.25000000000000006,35858.41992461054,,,False,2235
J7,2026-02-13T00:00:00+0000,ACTUAL_EXECUTED,TACTICAL_SELL_STAGE4,RISK_SELL,SELL,EXECUTE,ACCUMULATION_BEARISH_REBREAK,0.36294507613360105,0.25,34441.69452118307,,,False,2235
J7,2026-02-13T00:00:00+0000,SHADOW_REQUEST_OR_PENDING,TACTICAL_SELL_STAGE4,RISK_SELL,SELL,EXECUTE,EXECUTED,0.36294507613360105,0.25,,,,False,2235
K,2026-02-13T00:00:00+0000,ACTUAL_EXECUTED,TACTICAL_SELL_STAGE4,RISK_SELL,SELL,EXECUTE,ACCUMULATION_BEARISH_REBREAK,0.3629618246728282,0.25000000000000006,35062.189611218004,,,False,2235
K,2026-02-13T00:00:00+0000,SHADOW_REQUEST_OR_PENDING,TACTICAL_SELL_STAGE4,RISK_SELL,SELL,EXECUTE,EXECUTED,0.3629618246728282,0.25000000000000006,,0.0,3.0,False,2235
B,2026-02-14T00:00:00+0000,ACTUAL_EXECUTED,TACTICAL_BUYBACK_AHR999_TO_35,AHR_VALUE_BUY,BUY,EXECUTE,AHR999<=0.35,0.2579324940722363,0.35000000000000003,29509.062106712285,,,False,2236
J7,2026-02-14T00:00:00+0000,SHADOW_REQUEST_OR_PENDING,TACTICAL_BUYBACK_AHR999_TO_35,AHR_VALUE_BUY,BUY,DELAY,AHR_REBUY_COOLDOWN,0.25788232262850413,0.25788232262850413,,,,True,2236
K,2026-02-14T00:00:00+0000,SHADOW_REQUEST_OR_PENDING,TACTICAL_BUYBACK_AHR999_TO_35,AHR_VALUE_BUY,BUY,DELAY,THREE_COMPLETED_CLOSE_COOLDOWN,0.2579424688011834,0.2579424688011834,,1.0,2.0,True,2236
J7,2026-02-15T00:00:00+0000,SHADOW_REQUEST_OR_PENDING,PENDING_AHR_BUY,AHR_VALUE_BUY,BUY,DELAY,PENDING_COOLDOWN_ACTIVE,0.26082933803485253,0.26082933803485253,,,,True,2237
K,2026-02-15T00:00:00+0000,SHADOW_REQUEST_OR_PENDING,PENDING_AHR_BUY,AHR_VALUE_BUY,BUY,DELAY,PENDING_COMPLETED_CLOSE_COOLDOWN_ACTIVE,0.26087248626686566,0.26087248626686566,,2.0,1.0,True,2237
J7,2026-02-16T00:00:00+0000,SHADOW_REQUEST_OR_PENDING,PENDING_AHR_BUY,AHR_VALUE_BUY,BUY,DELAY,PENDING_COOLDOWN_ACTIVE,0.25582448299093336,0.25582448299093336,,,,True,2238
K,2026-02-16T00:00:00+0000,SHADOW_REQUEST_OR_PENDING,PENDING_AHR_BUY,AHR_VALUE_BUY,BUY,DELAY,PENDING_COMPLETED_CLOSE_COOLDOWN_ACTIVE,0.25573926964730287,0.25573926964730287,,3.0,0.0,True,2238
J7,2026-02-17T00:00:00+0000,SHADOW_REQUEST_OR_PENDING,PENDING_AHR_BUY,AHR_VALUE_BUY,BUY,DELAY,PENDING_COOLDOWN_ACTIVE,0.2567840130117972,0.2567840130117972,,,,True,2239
K,2026-02-17T00:00:00+0000,ACTUAL_EXECUTED,TACTICAL_BUYBACK_AHR999_TO_35,AHR_VALUE_BUY,BUY,EXECUTE,V3_8_PENDING_AHR_EXECUTION,0.2567355665747028,0.35000000000000003,29179.715170574953,,,False,2239
K,2026-02-17T00:00:00+0000,SHADOW_REQUEST_OR_PENDING,PENDING_AHR_BUY,AHR_VALUE_BUY,BUY,EXECUTE,EXECUTED,0.2567355665747028,0.35000000000000003,,4.0,0.0,False,2239
J7,2026-02-18T00:00:00+0000,SHADOW_REQUEST_OR_PENDING,PENDING_AHR_BUY,AHR_VALUE_BUY,BUY,DELAY,PENDING_COOLDOWN_ACTIVE,0.25379113855734986,0.25379113855734986,,,,True,2240
J7,2026-02-19T00:00:00+0000,SHADOW_REQUEST_OR_PENDING,PENDING_AHR_BUY,AHR_VALUE_BUY,BUY,DELAY,PENDING_COOLDOWN_ACTIVE,0.25076667548093995,0.25076667548093995,,,,True,2241
J7,2026-02-20T00:00:00+0000,ACTUAL_EXECUTED,TACTICAL_BUYBACK_AHR999_TO_35,AHR_VALUE_BUY,BUY,EXECUTE,V3_7_PENDING_AHR_EXECUTION,0.25174226769371005,0.35,30000.9012028035,,,False,2242
J7,2026-02-20T00:00:00+0000,SHADOW_REQUEST_OR_PENDING,PENDING_AHR_BUY,AHR_VALUE_BUY,BUY,EXECUTE,EXECUTED,0.25174226769371005,0.35,,,,False,2242
B,2026-02-21T00:00:00+0000,ACTUAL_EXECUTED,TACTICAL_SELL_STAGE4,RISK_SELL,SELL,EXECUTE,ACCUMULATION_BEARISH_REBREAK,0.34550007044283343,0.25,30422.336799384346,,,False,2243
J7,2026-02-21T00:00:00+0000,ACTUAL_EXECUTED,TACTICAL_SELL_STAGE4,RISK_SELL,SELL,EXECUTE,ACCUMULATION_BEARISH_REBREAK,0.35313586101286726,0.25,31666.29770319942,,,False,2243
J7,2026-02-21T00:00:00+0000,SHADOW_REQUEST_OR_PENDING,TACTICAL_SELL_STAGE4,RISK_SELL,SELL,EXECUTE,EXECUTED,0.35313586101286726,0.25,,,,False,2243
K,2026-02-21T00:00:00+0000,ACTUAL_EXECUTED,TACTICAL_SELL_STAGE4,RISK_SELL,SELL,EXECUTE,ACCUMULATION_BEARISH_REBREAK,0.34707070285784275,0.25,30256.8750129736,,,False,2243
K,2026-02-21T00:00:00+0000,SHADOW_REQUEST_OR_PENDING,TACTICAL_SELL_STAGE4,RISK_SELL,SELL,EXECUTE,EXECUTED,0.34707070285784275,0.25,,0.0,3.0,False,2243
B,2026-02-22T00:00:00+0000,ACTUAL_EXECUTED,TACTICAL_BUYBACK_AHR999_TO_35,AHR_VALUE_BUY,BUY,EXECUTE,AHR999<=0.35,0.2500496520103038,0.35000000000000003,31809.18201411879,,,False,2244
J7,2026-02-22T00:00:00+0000,SHADOW_REQUEST_OR_PENDING,TACTICAL_BUYBACK_AHR999_TO_35,AHR_VALUE_BUY,BUY,DELAY,AHR_REBUY_COOLDOWN,0.2500442798967382,0.2500442798967382,,,,True,2244
K,2026-02-22T00:00:00+0000,SHADOW_REQUEST_OR_PENDING,TACTICAL_BUYBACK_AHR999_TO_35,AHR_VALUE_BUY,BUY,DELAY,THREE_COMPLETED_CLOSE_COOLDOWN,0.2500534929684031,0.2500534929684031,,1.0,2.0,True,2244
J7,2026-02-23T00:00:00+0000,SHADOW_REQUEST_OR_PENDING,PENDING_AHR_BUY,AHR_VALUE_BUY,BUY,DELAY,PENDING_COOLDOWN_ACTIVE,0.249002641358586,0.249002641358586,,,,True,2245
K,2026-02-23T00:00:00+0000,SHADOW_REQUEST_OR_PENDING,PENDING_AHR_BUY,AHR_VALUE_BUY,BUY,DELAY,PENDING_COMPLETED_CLOSE_COOLDOWN_ACTIVE,0.2490015959095137,0.2490015959095137,,2.0,1.0,True,2245
J7,2026-02-24T00:00:00+0000,SHADOW_REQUEST_OR_PENDING,PENDING_AHR_BUY,AHR_VALUE_BUY,BUY,DELAY,PENDING_COOLDOWN_ACTIVE,0.2402937478565097,0.2402937478565097,,,,True,2246
K,2026-02-24T00:00:00+0000,SHADOW_REQUEST_OR_PENDING,PENDING_AHR_BUY,AHR_VALUE_BUY,BUY,DELAY,PENDING_COMPLETED_CLOSE_COOLDOWN_ACTIVE,0.24028016561702067,0.24028016561702067,,3.0,0.0,True,2246
J7,2026-02-25T00:00:00+0000,SHADOW_REQUEST_OR_PENDING,PENDING_AHR_BUY,AHR_VALUE_BUY,BUY,DELAY,PENDING_COOLDOWN_ACTIVE,0.23897031651576905,0.23897031651576905,,,,True,2247
K,2026-02-25T00:00:00+0000,ACTUAL_EXECUTED,TACTICAL_BUYBACK_AHR999_TO_35,AHR_VALUE_BUY,BUY,EXECUTE,V3_8_PENDING_AHR_EXECUTION,0.23896376010427836,0.35,34072.70792854733,,,False,2247
K,2026-02-25T00:00:00+0000,SHADOW_REQUEST_OR_PENDING,PENDING_AHR_BUY,AHR_VALUE_BUY,BUY,EXECUTE,EXECUTED,0.23896376010427836,0.35,,4.0,0.0,False,2247
J7,2026-02-26T00:00:00+0000,SHADOW_REQUEST_OR_PENDING,PENDING_AHR_BUY,AHR_VALUE_BUY,BUY,DELAY,PENDING_COOLDOWN_ACTIVE,0.2522620307308977,0.2522620307308977,,,,True,2248
J7,2026-02-27T00:00:00+0000,SHADOW_REQUEST_OR_PENDING,PENDING_AHR_BUY,AHR_VALUE_BUY,BUY,DELAY,PENDING_COOLDOWN_ACTIVE,0.2505431715125394,0.2505431715125394,,,,True,2249
J7,2026-02-28T00:00:00+0000,ACTUAL_EXECUTED,TACTICAL_BUYBACK_AHR999_TO_35,AHR_VALUE_BUY,BUY,EXECUTE,V3_7_PENDING_AHR_EXECUTION,0.2448124279404313,0.35000000000000003,32040.930266273244,,,False,2250
J7,2026-02-28T00:00:00+0000,SHADOW_REQUEST_OR_PENDING,PENDING_AHR_BUY,AHR_VALUE_BUY,BUY,EXECUTE,EXECUTED,0.2448124279404313,0.35000000000000003,,,,False,2250
B,2026-03-01T00:00:00+0000,ACTUAL_EXECUTED,TACTICAL_SELL_STAGE4,RISK_SELL,SELL,EXECUTE,ACCUMULATION_BEARISH_REBREAK,0.3475076347786218,0.25,30936.824575349652,,,False,2251
J7,2026-03-01T00:00:00+0000,ACTUAL_EXECUTED,TACTICAL_SELL_STAGE4,RISK_SELL,SELL,EXECUTE,ACCUMULATION_BEARISH_REBREAK,0.35390048301327887,0.25,31863.05462373654,,,False,2251
J7,2026-03-01T00:00:00+0000,SHADOW_REQUEST_OR_PENDING,TACTICAL_SELL_STAGE4,RISK_SELL,SELL,EXECUTE,EXECUTED,0.35390048301327887,0.25,,,,False,2251
K,2026-03-01T00:00:00+0000,ACTUAL_EXECUTED,TACTICAL_SELL_STAGE4,RISK_SELL,SELL,EXECUTE,ACCUMULATION_BEARISH_REBREAK,0.36132185175085946,0.25,34791.81247969137,,,False,2251
K,2026-03-01T00:00:00+0000,SHADOW_REQUEST_OR_PENDING,TACTICAL_SELL_STAGE4,RISK_SELL,SELL,EXECUTE,EXECUTED,0.36132185175085946,0.25,,0.0,3.0,False,2251
B,2026-03-02T00:00:00+0000,ACTUAL_EXECUTED,TACTICAL_BUYBACK_AHR999_TO_35,AHR_VALUE_BUY,BUY,EXECUTE,AHR999<=0.35,0.2469477273021032,0.35000000000000003,32528.98458657883,,,False,2252
J7,2026-03-02T00:00:00+0000,SHADOW_REQUEST_OR_PENDING,TACTICAL_BUYBACK_AHR999_TO_35,AHR_VALUE_BUY,BUY,DELAY,AHR_REBUY_COOLDOWN,0.24690274186921835,0.24690274186921835,,,,True,2252
K,2026-03-02T00:00:00+0000,SHADOW_REQUEST_OR_PENDING,TACTICAL_BUYBACK_AHR999_TO_35,AHR_VALUE_BUY,BUY,DELAY,THREE_COMPLETED_CLOSE_COOLDOWN,0.2469555830645887,0.2469555830645887,,1.0,2.0,True,2252
J7,2026-03-03T00:00:00+0000,SHADOW_REQUEST_OR_PENDING,PENDING_AHR_BUY,AHR_VALUE_BUY,BUY,DELAY,PENDING_COOLDOWN_ACTIVE,0.2554172392323429,0.2554172392323429,,,,True,2253
K,2026-03-03T00:00:00+0000,SHADOW_REQUEST_OR_PENDING,PENDING_AHR_BUY,AHR_VALUE_BUY,BUY,DELAY,PENDING_COMPLETED_CLOSE_COOLDOWN_ACTIVE,0.25544996056499164,0.25544996056499164,,2.0,1.0,True,2253
J7,2026-03-04T00:00:00+0000,SHADOW_REQUEST_OR_PENDING,PENDING_AHR_BUY,AHR_VALUE_BUY,BUY,DELAY,PENDING_COOLDOWN_ACTIVE,0.2533291187808832,0.2533291187808832,,,,True,2254
K,2026-03-04T00:00:00+0000,SHADOW_REQUEST_OR_PENDING,PENDING_AHR_BUY,AHR_VALUE_BUY,BUY,DELAY,PENDING_COMPLETED_CLOSE_COOLDOWN_ACTIVE,0.2533184450238522,0.2533184450238522,,3.0,0.0,True,2254
J7,2026-03-05T00:00:00+0000,SHADOW_REQUEST_OR_PENDING,PENDING_AHR_BUY,AHR_VALUE_BUY,BUY,CANCEL,AHR_VALUE_CONDITION_DISAPPEARED,0.2656173641709449,0.2656173641709449,,,,False,2255
K,2026-03-05T00:00:00+0000,SHADOW_REQUEST_OR_PENDING,PENDING_AHR_BUY,AHR_VALUE_BUY,BUY,CANCEL,AHR_VALUE_CONDITION_GONE_AT_COOLDOWN_END,0.26562569920717966,0.26562569920717966,,4.0,0.0,False,2255
B,2026-03-06T00:00:00+0000,ACTUAL_EXECUTED,TACTICAL_BUYBACK_RIGHT_TO_50,RIGHT_SIDE_BUY,BUY,EXECUTE,RIGHT_SIDE_TO_50,0.3667228369080059,0.5000000000000001,43163.53874753743,,,False,2256
J7,2026-03-06T00:00:00+0000,ACTUAL_EXECUTED,TACTICAL_BUYBACK_RIGHT_TO_50,RIGHT_SIDE_BUY,BUY,EXECUTE,RIGHT_SIDE_TO_50,0.2607824369275543,0.5,74336.68837404072,,,False,2256
J7,2026-03-06T00:00:00+0000,SHADOW_REQUEST_OR_PENDING,TACTICAL_BUYBACK_RIGHT_TO_50,RIGHT_SIDE_TO_50,BUY,EXECUTE,EXECUTED,0.2607824369275543,0.5,,,,False,2256
K,2026-03-06T00:00:00+0000,ACTUAL_EXECUTED,TACTICAL_BUYBACK_RIGHT_TO_50,RIGHT_SIDE_BUY,BUY,EXECUTE,RIGHT_SIDE_TO_50,0.2608010578967009,0.5,75750.09019054816,,,False,2256
K,2026-03-06T00:00:00+0000,SHADOW_REQUEST_OR_PENDING,TACTICAL_BUYBACK_RIGHT_TO_50,RIGHT_SIDE_TO_50,BUY,EXECUTE,EXECUTED,0.2608010578967009,0.5,,5.0,0.0,False,2256
B,2026-03-13T00:00:00+0000,ACTUAL_EXECUTED,TACTICAL_SELL_STAGE4,RISK_SELL,SELL,EXECUTE,ACCUMULATION_BEARISH_REBREAK,0.49931541947708896,0.24999999999999994,80709.50435173458,,,False,2263
J7,2026-03-13T00:00:00+0000,ACTUAL_EXECUTED,TACTICAL_SELL_STAGE4,RISK_SELL,SELL,EXECUTE,ACCUMULATION_BEARISH_REBREAK,0.4993277884886323,0.25,77432.46927819394,,,False,2263
J7,2026-03-13T00:00:00+0000,SHADOW_REQUEST_OR_PENDING,TACTICAL_SELL_STAGE4,RISK_SELL,SELL,EXECUTE,EXECUTED,0.4993277884886323,0.25,,,,False,2263
K,2026-03-13T00:00:00+0000,ACTUAL_EXECUTED,TACTICAL_SELL_STAGE4,RISK_SELL,SELL,EXECUTE,ACCUMULATION_BEARISH_REBREAK,0.49932336682717166,0.25,78911.29575713235,,,False,2263
K,2026-03-13T00:00:00+0000,SHADOW_REQUEST_OR_PENDING,TACTICAL_SELL_STAGE4,RISK_SELL,SELL,EXECUTE,EXECUTED,0.49932336682717166,0.25,,0.0,3.0,False,2263
B,2026-03-22T00:00:00+0000,ACTUAL_EXECUTED,TACTICAL_BUYBACK_AHR999_TO_35,AHR_VALUE_BUY,BUY,EXECUTE,AHR999<=0.35,0.24738003597907346,0.35000000000000003,33062.96952365466,,,False,2272
J7,2026-03-22T00:00:00+0000,ACTUAL_EXECUTED,TACTICAL_BUYBACK_AHR999_TO_35,AHR_VALUE_BUY,BUY,EXECUTE,AHR999<=0.35,0.24731715304147908,0.35,31735.70267232601,,,False,2272
J7,2026-03-22T00:00:00+0000,SHADOW_REQUEST_OR_PENDING,TACTICAL_BUYBACK_AHR999_TO_35,AHR_VALUE_BUY,BUY,EXECUTE,EXECUTED,0.24731715304147908,0.35,,,,False,2272
K,2026-03-22T00:00:00+0000,ACTUAL_EXECUTED,TACTICAL_BUYBACK_AHR999_TO_35,AHR_VALUE_BUY,BUY,EXECUTE,AHR999<=0.35,0.2474270585471259,0.35,32312.505934491186,,,False,2272
K,2026-03-22T00:00:00+0000,SHADOW_REQUEST_OR_PENDING,TACTICAL_BUYBACK_AHR999_TO_35,AHR_VALUE_BUY,BUY,EXECUTE,EXECUTED,0.2474270585471259,0.35,,9.0,0.0,False,2272
B,2026-03-29T00:00:00+0000,ACTUAL_EXECUTED,TACTICAL_SELL_STAGE4,RISK_SELL,SELL,EXECUTE,ACCUMULATION_BEARISH_REBREAK,0.34120337804548423,0.25,29014.301032438536,,,False,2279
J7,2026-03-29T00:00:00+0000,ACTUAL_EXECUTED,TACTICAL_SELL_STAGE4,RISK_SELL,SELL,EXECUTE,ACCUMULATION_BEARISH_REBREAK,0.34124150950587306,0.24999999999999994,27845.07426422614,,,False,2279
J7,2026-03-29T00:00:00+0000,SHADOW_REQUEST_OR_PENDING,TACTICAL_SELL_STAGE4,RISK_SELL,SELL,EXECUTE,EXECUTED,0.34124150950587306,0.24999999999999994,,,,False,2279
K,2026-03-29T00:00:00+0000,ACTUAL_EXECUTED,TACTICAL_SELL_STAGE4,RISK_SELL,SELL,EXECUTE,ACCUMULATION_BEARISH_REBREAK,0.34119879730391894,0.25,28367.120918583572,,,False,2279
K,2026-03-29T00:00:00+0000,SHADOW_REQUEST_OR_PENDING,TACTICAL_SELL_STAGE4,RISK_SELL,SELL,EXECUTE,EXECUTED,0.34119879730391894,0.25,,0.0,3.0,False,2279
B,2026-03-30T00:00:00+0000,ACTUAL_EXECUTED,TACTICAL_BUYBACK_AHR999_TO_35,AHR_VALUE_BUY,BUY,EXECUTE,AHR999<=0.35,0.24902699032990533,0.3500000000000001,32046.988771882257,,,False,2280
J7,2026-03-30T00:00:00+0000,SHADOW_REQUEST_OR_PENDING,TACTICAL_BUYBACK_AHR999_TO_35,AHR_VALUE_BUY,BUY,DELAY,AHR_REBUY_COOLDOWN,0.24899399425399302,0.24899399425399302,,,,True,2280
K,2026-03-30T00:00:00+0000,SHADOW_REQUEST_OR_PENDING,TACTICAL_BUYBACK_AHR999_TO_35,AHR_VALUE_BUY,BUY,DELAY,THREE_COMPLETED_CLOSE_COOLDOWN,0.2490285088947989,0.2490285088947989,,1.0,2.0,True,2280
J7,2026-03-31T00:00:00+0000,SHADOW_REQUEST_OR_PENDING,PENDING_AHR_BUY,AHR_VALUE_BUY,BUY,DELAY,PENDING_COOLDOWN_ACTIVE,0.25171261163784253,0.25171261163784253,,,,True,2281
K,2026-03-31T00:00:00+0000,SHADOW_REQUEST_OR_PENDING,PENDING_AHR_BUY,AHR_VALUE_BUY,BUY,DELAY,PENDING_COMPLETED_CLOSE_COOLDOWN_ACTIVE,0.2517661033295502,0.2517661033295502,,2.0,1.0,True,2281
J7,2026-04-01T00:00:00+0000,SHADOW_REQUEST_OR_PENDING,PENDING_AHR_BUY,AHR_VALUE_BUY,BUY,DELAY,PENDING_COOLDOWN_ACTIVE,0.2567470153434597,0.2567470153434597,,,,True,2282
K,2026-04-01T00:00:00+0000,SHADOW_REQUEST_OR_PENDING,PENDING_AHR_BUY,AHR_VALUE_BUY,BUY,DELAY,PENDING_COMPLETED_CLOSE_COOLDOWN_ACTIVE,0.2568820007857773,0.2568820007857773,,3.0,0.0,True,2282
J7,2026-04-02T00:00:00+0000,SHADOW_REQUEST_OR_PENDING,PENDING_AHR_BUY,AHR_VALUE_BUY,BUY,DELAY,PENDING_COOLDOWN_ACTIVE,0.2573066404749683,0.2573066404749683,,,,True,2283
K,2026-04-02T00:00:00+0000,ACTUAL_EXECUTED,TACTICAL_BUYBACK_AHR999_TO_35,AHR_VALUE_BUY,BUY,EXECUTE,V3_8_PENDING_AHR_EXECUTION,0.2575018784069026,0.35,29031.475155659544,,,False,2283
K,2026-04-02T00:00:00+0000,SHADOW_REQUEST_OR_PENDING,PENDING_AHR_BUY,AHR_VALUE_BUY,BUY,EXECUTE,EXECUTED,0.2575018784069026,0.35,,4.0,0.0,False,2283
J7,2026-04-03T00:00:00+0000,SHADOW_REQUEST_OR_PENDING,PENDING_AHR_BUY,AHR_VALUE_BUY,BUY,DELAY,PENDING_COOLDOWN_ACTIVE,0.25278460328785096,0.25278460328785096,,,,True,2284
J7,2026-04-04T00:00:00+0000,SHADOW_REQUEST_OR_PENDING,PENDING_AHR_BUY,AHR_VALUE_BUY,BUY,DELAY,PENDING_COOLDOWN_ACTIVE,0.252868162017632,0.252868162017632,,,,True,2285
J7,2026-04-05T00:00:00+0000,ACTUAL_EXECUTED,TACTICAL_BUYBACK_AHR999_TO_35,AHR_VALUE_BUY,BUY,EXECUTE,V3_7_PENDING_AHR_EXECUTION,0.25387303992283816,0.35000000000000003,29458.05721588603,,,False,2286
J7,2026-04-05T00:00:00+0000,SHADOW_REQUEST_OR_PENDING,PENDING_AHR_BUY,AHR_VALUE_BUY,BUY,EXECUTE,EXECUTED,0.25387303992283816,0.35000000000000003,,,,False,2286
B,2026-04-06T00:00:00+0000,ACTUAL_EXECUTED,TACTICAL_SELL_STAGE4,RISK_SELL,SELL,EXECUTE,ACCUMULATION_BEARISH_REBREAK,0.3616023827851096,0.24999999999999994,36091.74175945256,,,False,2287
J7,2026-04-06T00:00:00+0000,ACTUAL_EXECUTED,TACTICAL_SELL_STAGE4,RISK_SELL,SELL,EXECUTE,ACCUMULATION_BEARISH_REBREAK,0.3555486497283203,0.25,32648.8129758949,,,False,2287
J7,2026-04-06T00:00:00+0000,SHADOW_REQUEST_OR_PENDING,TACTICAL_SELL_STAGE4,RISK_SELL,SELL,EXECUTE,EXECUTED,0.3555486497283203,0.25,,,,False,2287
K,2026-04-06T00:00:00+0000,ACTUAL_EXECUTED,TACTICAL_SELL_STAGE4,RISK_SELL,SELL,EXECUTE,ACCUMULATION_BEARISH_REBREAK,0.3511621254537946,0.25,31832.202961036593,,,False,2287
K,2026-04-06T00:00:00+0000,SHADOW_REQUEST_OR_PENDING,TACTICAL_SELL_STAGE4,RISK_SELL,SELL,EXECUTE,EXECUTED,0.3511621254537946,0.25,,0.0,3.0,False,2287
B,2026-06-04T00:00:00+0000,ACTUAL_EXECUTED,TACTICAL_BUYBACK_AHR999_TO_35,AHR_VALUE_BUY,BUY,EXECUTE,AHR999<=0.35,0.2340206872299203,0.35,36685.55647058661,,,False,2346
J7,2026-06-04T00:00:00+0000,ACTUAL_EXECUTED,TACTICAL_BUYBACK_AHR999_TO_35,AHR_VALUE_BUY,BUY,EXECUTE,AHR999<=0.35,0.23430722863006057,0.35,35016.082947777504,,,False,2346
J7,2026-06-04T00:00:00+0000,SHADOW_REQUEST_OR_PENDING,TACTICAL_BUYBACK_AHR999_TO_35,AHR_VALUE_BUY,BUY,EXECUTE,EXECUTED,0.23430722863006057,0.35,,,,False,2346
K,2026-06-04T00:00:00+0000,ACTUAL_EXECUTED,TACTICAL_BUYBACK_AHR999_TO_35,AHR_VALUE_BUY,BUY,EXECUTE,AHR999<=0.35,0.23401458609293457,0.3499999999999999,35697.32418883294,,,False,2346
K,2026-06-04T00:00:00+0000,SHADOW_REQUEST_OR_PENDING,TACTICAL_BUYBACK_AHR999_TO_35,AHR_VALUE_BUY,BUY,EXECUTE,EXECUTED,0.23401458609293457,0.3499999999999999,,59.0,0.0,False,2346
B,2026-06-05T00:00:00+0000,ACTUAL_EXECUTED,TACTICAL_SELL_STAGE4,RISK_SELL,SELL,EXECUTE,ACCUMULATION_BEARISH_REBREAK,0.34777271853934444,0.25,30842.931103446543,,,False,2347
J7,2026-06-05T00:00:00+0000,ACTUAL_EXECUTED,TACTICAL_SELL_STAGE4,RISK_SELL,SELL,EXECUTE,ACCUMULATION_BEARISH_REBREAK,0.34780356758285996,0.25000000000000006,29523.706836384215,,,False,2347
J7,2026-06-05T00:00:00+0000,SHADOW_REQUEST_OR_PENDING,TACTICAL_SELL_STAGE4,RISK_SELL,SELL,EXECUTE,EXECUTED,0.34780356758285996,0.25000000000000006,,,,False,2347
K,2026-06-05T00:00:00+0000,ACTUAL_EXECUTED,TACTICAL_SELL_STAGE4,RISK_SELL,SELL,EXECUTE,ACCUMULATION_BEARISH_REBREAK,0.3477639924374875,0.25,30007.4159478637,,,False,2347
K,2026-06-05T00:00:00+0000,SHADOW_REQUEST_OR_PENDING,TACTICAL_SELL_STAGE4,RISK_SELL,SELL,EXECUTE,EXECUTED,0.3477639924374875,0.25,,0.0,3.0,False,2347
B,2026-06-06T00:00:00+0000,ACTUAL_EXECUTED,TACTICAL_BUYBACK_AHR999_TO_35,AHR_VALUE_BUY,BUY,EXECUTE,AHR999<=0.35,0.23840230445993682,0.35,34631.772742420624,,,False,2348
J7,2026-06-06T00:00:00+0000,SHADOW_REQUEST_OR_PENDING,TACTICAL_BUYBACK_AHR999_TO_35,AHR_VALUE_BUY,BUY,DELAY,AHR_REBUY_COOLDOWN,0.23857336094336537,0.23857336094336537,,,,True,2348
K,2026-06-06T00:00:00+0000,SHADOW_REQUEST_OR_PENDING,TACTICAL_BUYBACK_AHR999_TO_35,AHR_VALUE_BUY,BUY,DELAY,THREE_COMPLETED_CLOSE_COOLDOWN,0.23836715969436997,0.23836715969436997,,1.0,2.0,True,2348
J7,2026-06-07T00:00:00+0000,SHADOW_REQUEST_OR_PENDING,PENDING_AHR_BUY,AHR_VALUE_BUY,BUY,DELAY,PENDING_COOLDOWN_ACTIVE,0.23783096950617497,0.23783096950617497,,,,True,2349
K,2026-06-07T00:00:00+0000,SHADOW_REQUEST_OR_PENDING,PENDING_AHR_BUY,AHR_VALUE_BUY,BUY,DELAY,PENDING_COMPLETED_CLOSE_COOLDOWN_ACTIVE,0.23760690559376688,0.23760690559376688,,2.0,1.0,True,2349
J7,2026-06-08T00:00:00+0000,SHADOW_REQUEST_OR_PENDING,PENDING_AHR_BUY,AHR_VALUE_BUY,BUY,DELAY,PENDING_COOLDOWN_ACTIVE,0.24667789520411568,0.24667789520411568,,,,True,2350
K,2026-06-08T00:00:00+0000,SHADOW_REQUEST_OR_PENDING,PENDING_AHR_BUY,AHR_VALUE_BUY,BUY,DELAY,PENDING_COMPLETED_CLOSE_COOLDOWN_ACTIVE,0.24655637344108872,0.24655637344108872,,3.0,0.0,True,2350
J7,2026-06-09T00:00:00+0000,SHADOW_REQUEST_OR_PENDING,PENDING_AHR_BUY,AHR_VALUE_BUY,BUY,DELAY,PENDING_COOLDOWN_ACTIVE,0.24616680034871113,0.24616680034871113,,,,True,2351
K,2026-06-09T00:00:00+0000,ACTUAL_EXECUTED,TACTICAL_BUYBACK_AHR999_TO_35,AHR_VALUE_BUY,BUY,EXECUTE,V3_8_PENDING_AHR_EXECUTION,0.24605720075238313,0.35000000000000003,31703.91269016202,,,False,2351
K,2026-06-09T00:00:00+0000,SHADOW_REQUEST_OR_PENDING,PENDING_AHR_BUY,AHR_VALUE_BUY,BUY,EXECUTE,EXECUTED,0.24605720075238313,0.35000000000000003,,4.0,0.0,False,2351
J7,2026-06-10T00:00:00+0000,SHADOW_REQUEST_OR_PENDING,PENDING_AHR_BUY,AHR_VALUE_BUY,BUY,DELAY,PENDING_COOLDOWN_ACTIVE,0.24177750481501645,0.24177750481501645,,,,True,2352
J7,2026-06-11T00:00:00+0000,SHADOW_REQUEST_OR_PENDING,PENDING_AHR_BUY,AHR_VALUE_BUY,BUY,DELAY,PENDING_COOLDOWN_ACTIVE,0.24081655612650074,0.24081655612650074,,,,True,2353
J7,2026-06-12T00:00:00+0000,ACTUAL_EXECUTED,TACTICAL_BUYBACK_AHR999_TO_35,AHR_VALUE_BUY,BUY,EXECUTE,V3_7_PENDING_AHR_EXECUTION,0.24697380475734051,0.3499999999999999,30942.894034773406,,,False,2354
J7,2026-06-12T00:00:00+0000,SHADOW_REQUEST_OR_PENDING,PENDING_AHR_BUY,AHR_VALUE_BUY,BUY,EXECUTE,EXECUTED,0.24697380475734051,0.3499999999999999,,,,False,2354
B,2026-06-13T00:00:00+0000,ACTUAL_EXECUTED,TACTICAL_SELL_STAGE4,RISK_SELL,SELL,EXECUTE,ACCUMULATION_BEARISH_REBREAK,0.36016838697384834,0.25,34757.0025301787,,,False,2355
J7,2026-06-13T00:00:00+0000,ACTUAL_EXECUTED,TACTICAL_SELL_STAGE4,RISK_SELL,SELL,EXECUTE,ACCUMULATION_BEARISH_REBREAK,0.349634399060369,0.25,29929.683051618125,,,False,2355
J7,2026-06-13T00:00:00+0000,SHADOW_REQUEST_OR_PENDING,TACTICAL_SELL_STAGE4,RISK_SELL,SELL,EXECUTE,EXECUTED,0.349634399060369,0.25,,,,False,2355
K,2026-06-13T00:00:00+0000,ACTUAL_EXECUTED,TACTICAL_SELL_STAGE4,RISK_SELL,SELL,EXECUTE,ACCUMULATION_BEARISH_REBREAK,0.350374875278092,0.25,30656.11872606292,,,False,2355
K,2026-06-13T00:00:00+0000,SHADOW_REQUEST_OR_PENDING,TACTICAL_SELL_STAGE4,RISK_SELL,SELL,EXECUTE,EXECUTED,0.350374875278092,0.25,,0.0,3.0,False,2355
B,2026-06-14T00:00:00+0000,ACTUAL_EXECUTED,TACTICAL_BUYBACK_AHR999_TO_35,AHR_VALUE_BUY,BUY,EXECUTE,AHR999<=0.35,0.25236402390355006,0.35,30867.654782787267,,,False,2356
J7,2026-06-14T00:00:00+0000,SHADOW_REQUEST_OR_PENDING,TACTICAL_BUYBACK_AHR999_TO_35,AHR_VALUE_BUY,BUY,DELAY,AHR_REBUY_COOLDOWN,0.25238000744161765,0.25238000744161765,,,,True,2356
K,2026-06-14T00:00:00+0000,SHADOW_REQUEST_OR_PENDING,TACTICAL_BUYBACK_AHR999_TO_35,AHR_VALUE_BUY,BUY,DELAY,THREE_COMPLETED_CLOSE_COOLDOWN,0.2523658038693485,0.2523658038693485,,1.0,2.0,True,2356
J7,2026-06-15T00:00:00+0000,SHADOW_REQUEST_OR_PENDING,PENDING_AHR_BUY,AHR_VALUE_BUY,BUY,DELAY,PENDING_COOLDOWN_ACTIVE,0.2564627871844174,0.2564627871844174,,,,True,2357
K,2026-06-15T00:00:00+0000,SHADOW_REQUEST_OR_PENDING,PENDING_AHR_BUY,AHR_VALUE_BUY,BUY,DELAY,PENDING_COMPLETED_CLOSE_COOLDOWN_ACTIVE,0.2564657843144148,0.2564657843144148,,2.0,1.0,True,2357
J7,2026-06-16T00:00:00+0000,SHADOW_REQUEST_OR_PENDING,PENDING_AHR_BUY,AHR_VALUE_BUY,BUY,CANCEL,AHR_VALUE_CONDITION_DISAPPEARED,0.2596954108119753,0.2596954108119753,,,,False,2358
K,2026-06-16T00:00:00+0000,SHADOW_REQUEST_OR_PENDING,PENDING_AHR_BUY,AHR_VALUE_BUY,BUY,DELAY,PENDING_COMPLETED_CLOSE_COOLDOWN_ACTIVE,0.2597879674913824,0.2597879674913824,,3.0,0.0,True,2358
K,2026-06-17T00:00:00+0000,ACTUAL_EXECUTED,TACTICAL_BUYBACK_AHR999_TO_35,AHR_VALUE_BUY,BUY,EXECUTE,V3_8_PENDING_AHR_EXECUTION,0.2583421167351657,0.35,28278.95565294457,,,False,2359
K,2026-06-17T00:00:00+0000,SHADOW_REQUEST_OR_PENDING,PENDING_AHR_BUY,AHR_VALUE_BUY,BUY,EXECUTE,EXECUTED,0.2583421167351657,0.35,,4.0,0.0,False,2359
B,2026-06-21T00:00:00+0000,ACTUAL_EXECUTED,TACTICAL_SELL_STAGE4,RISK_SELL,SELL,EXECUTE,ACCUMULATION_BEARISH_REBREAK,0.3521633181146019,0.25000000000000006,32431.260920605862,,,False,2363
J7,2026-06-21T00:00:00+0000,SHADOW_REQUEST_OR_PENDING,TACTICAL_SELL_STAGE4,RISK_SELL,SELL,EXECUTE,EXECUTE_NO_FILL_AT_TARGET,0.2539084557764358,0.2539084557764358,,,,False,2363
K,2026-06-21T00:00:00+0000,ACTUAL_EXECUTED,TACTICAL_SELL_STAGE4,RISK_SELL,SELL,EXECUTE,ACCUMULATION_BEARISH_REBREAK,0.34474428956210496,0.25000000000000006,29018.855781477156,,,False,2363
K,2026-06-21T00:00:00+0000,SHADOW_REQUEST_OR_PENDING,TACTICAL_SELL_STAGE4,RISK_SELL,SELL,EXECUTE,EXECUTED,0.34474428956210496,0.25000000000000006,,0.0,3.0,False,2363
B,2026-06-22T00:00:00+0000,ACTUAL_EXECUTED,TACTICAL_BUYBACK_AHR999_TO_35,AHR_VALUE_BUY,BUY,EXECUTE,AHR999<=0.35,0.24691967849488652,0.35,32554.209521935532,,,False,2364
J7,2026-06-22T00:00:00+0000,SHADOW_REQUEST_OR_PENDING,TACTICAL_BUYBACK_AHR999_TO_35,AHR_VALUE_BUY,BUY,DELAY,AHR_REBUY_COOLDOWN,0.2508116970356512,0.2508116970356512,,,,True,2364
K,2026-06-22T00:00:00+0000,SHADOW_REQUEST_OR_PENDING,TACTICAL_BUYBACK_AHR999_TO_35,AHR_VALUE_BUY,BUY,DELAY,THREE_COMPLETED_CLOSE_COOLDOWN,0.24692508832473672,0.24692508832473672,,1.0,2.0,True,2364
J7,2026-06-23T00:00:00+0000,SHADOW_REQUEST_OR_PENDING,PENDING_AHR_BUY,AHR_VALUE_BUY,BUY,DELAY,PENDING_COOLDOWN_ACTIVE,0.2529973150169458,0.2529973150169458,,,,True,2365
K,2026-06-23T00:00:00+0000,SHADOW_REQUEST_OR_PENDING,PENDING_AHR_BUY,AHR_VALUE_BUY,BUY,DELAY,PENDING_COMPLETED_CLOSE_COOLDOWN_ACTIVE,0.24909105377428634,0.24909105377428634,,2.0,1.0,True,2365
J7,2026-06-24T00:00:00+0000,SHADOW_REQUEST_OR_PENDING,PENDING_AHR_BUY,AHR_VALUE_BUY,BUY,DELAY,PENDING_COOLDOWN_ACTIVE,0.24846469535969998,0.24846469535969998,,,,True,2366
K,2026-06-24T00:00:00+0000,SHADOW_REQUEST_OR_PENDING,PENDING_AHR_BUY,AHR_VALUE_BUY,BUY,DELAY,PENDING_COMPLETED_CLOSE_COOLDOWN_ACTIVE,0.2445695673212472,0.2445695673212472,,3.0,0.0,True,2366
J7,2026-06-25T00:00:00+0000,SHADOW_REQUEST_OR_PENDING,PENDING_AHR_BUY,AHR_VALUE_BUY,BUY,DELAY,PENDING_COOLDOWN_ACTIVE,0.24350469933394978,0.24350469933394978,,,,True,2367
K,2026-06-25T00:00:00+0000,ACTUAL_EXECUTED,TACTICAL_BUYBACK_AHR999_TO_35,AHR_VALUE_BUY,BUY,EXECUTE,V3_8_PENDING_AHR_EXECUTION,0.23966128978454457,0.35000000000000003,33300.95746605653,,,False,2367
K,2026-06-25T00:00:00+0000,SHADOW_REQUEST_OR_PENDING,PENDING_AHR_BUY,AHR_VALUE_BUY,BUY,EXECUTE,EXECUTED,0.23966128978454457,0.35000000000000003,,4.0,0.0,False,2367
J7,2026-06-26T00:00:00+0000,SHADOW_REQUEST_OR_PENDING,PENDING_AHR_BUY,AHR_VALUE_BUY,BUY,DELAY,PENDING_COOLDOWN_ACTIVE,0.2390548444665981,0.2390548444665981,,,,True,2368
J7,2026-06-27T00:00:00+0000,SHADOW_REQUEST_OR_PENDING,PENDING_AHR_BUY,AHR_VALUE_BUY,BUY,DELAY,PENDING_COOLDOWN_ACTIVE,0.24008928054255652,0.24008928054255652,,,,True,2369
J7,2026-06-28T00:00:00+0000,ACTUAL_EXECUTED,TACTICAL_BUYBACK_AHR999_TO_35,AHR_VALUE_BUY,BUY,EXECUTE,V3_7_PENDING_AHR_EXECUTION,0.23982825649904707,0.35000000000000003,32617.9606536808,,,False,2370
J7,2026-06-28T00:00:00+0000,SHADOW_REQUEST_OR_PENDING,PENDING_AHR_BUY,AHR_VALUE_BUY,BUY,EXECUTE,EXECUTED,0.23982825649904707,0.35000000000000003,,,,False,2370
B,2026-06-29T00:00:00+0000,ACTUAL_EXECUTED,TACTICAL_SELL_STAGE4,RISK_SELL,SELL,EXECUTE,ACCUMULATION_BEARISH_REBREAK,0.3350199096896362,0.25,26265.18459956529,,,False,2371
J7,2026-06-29T00:00:00+0000,ACTUAL_EXECUTED,TACTICAL_SELL_STAGE4,RISK_SELL,SELL,EXECUTE,ACCUMULATION_BEARISH_REBREAK,0.34872270765065483,0.25,29192.42382174509,,,False,2371
J7,2026-06-29T00:00:00+0000,SHADOW_REQUEST_OR_PENDING,TACTICAL_SELL_STAGE4,RISK_SELL,SELL,EXECUTE,EXECUTED,0.34872270765065483,0.25,,,,False,2371
K,2026-06-29T00:00:00+0000,ACTUAL_EXECUTED,TACTICAL_SELL_STAGE4,RISK_SELL,SELL,EXECUTE,ACCUMULATION_BEARISH_REBREAK,0.3440207953023083,0.25,28138.115540249397,,,False,2371
K,2026-06-29T00:00:00+0000,SHADOW_REQUEST_OR_PENDING,TACTICAL_SELL_STAGE4,RISK_SELL,SELL,EXECUTE,EXECUTED,0.3440207953023083,0.25,,0.0,3.0,False,2371
B,2026-06-30T00:00:00+0000,ACTUAL_EXECUTED,TACTICAL_BUYBACK_AHR999_TO_35,AHR_VALUE_BUY,BUY,EXECUTE,AHR999<=0.35,0.2529235613303893,0.3499999999999999,30076.246009892508,,,False,2372
J7,2026-06-30T00:00:00+0000,SHADOW_REQUEST_OR_PENDING,TACTICAL_BUYBACK_AHR999_TO_35,AHR_VALUE_BUY,BUY,DELAY,AHR_REBUY_COOLDOWN,0.25288333802625634,0.25288333802625634,,,,True,2372
K,2026-06-30T00:00:00+0000,SHADOW_REQUEST_OR_PENDING,TACTICAL_BUYBACK_AHR999_TO_35,AHR_VALUE_BUY,BUY,DELAY,THREE_COMPLETED_CLOSE_COOLDOWN,0.25291542750628915,0.25291542750628915,,1.0,2.0,True,2372
J7,2026-07-01T00:00:00+0000,SHADOW_REQUEST_OR_PENDING,PENDING_AHR_BUY,AHR_VALUE_BUY,BUY,DELAY,PENDING_COOLDOWN_ACTIVE,0.2478349474495508,0.2478349474495508,,,,True,2373
K,2026-07-01T00:00:00+0000,SHADOW_REQUEST_OR_PENDING,PENDING_AHR_BUY,AHR_VALUE_BUY,BUY,DELAY,PENDING_COMPLETED_CLOSE_COOLDOWN_ACTIVE,0.24787008540100078,0.24787008540100078,,2.0,1.0,True,2373
J7,2026-07-02T00:00:00+0000,SHADOW_REQUEST_OR_PENDING,PENDING_AHR_BUY,AHR_VALUE_BUY,BUY,DELAY,PENDING_COOLDOWN_ACTIVE,0.2522905674491521,0.2522905674491521,,,,True,2374
K,2026-07-02T00:00:00+0000,SHADOW_REQUEST_OR_PENDING,PENDING_AHR_BUY,AHR_VALUE_BUY,BUY,DELAY,PENDING_COMPLETED_CLOSE_COOLDOWN_ACTIVE,0.25232585399612495,0.25232585399612495,,3.0,0.0,True,2374
J7,2026-07-03T00:00:00+0000,SHADOW_REQUEST_OR_PENDING,PENDING_AHR_BUY,AHR_VALUE_BUY,BUY,DELAY,PENDING_COOLDOWN_ACTIVE,0.25864162942610736,0.25864162942610736,,,,True,2375
K,2026-07-03T00:00:00+0000,ACTUAL_EXECUTED,TACTICAL_BUYBACK_AHR999_TO_35,AHR_VALUE_BUY,BUY,EXECUTE,V3_8_PENDING_AHR_EXECUTION,0.2587455576446961,0.35,27603.12379030258,,,False,2375
K,2026-07-03T00:00:00+0000,SHADOW_REQUEST_OR_PENDING,PENDING_AHR_BUY,AHR_VALUE_BUY,BUY,EXECUTE,EXECUTED,0.2587455576446961,0.35,,4.0,0.0,False,2375
J7,2026-07-04T00:00:00+0000,SHADOW_REQUEST_OR_PENDING,PENDING_AHR_BUY,AHR_VALUE_BUY,BUY,DELAY,PENDING_COOLDOWN_ACTIVE,0.26271961708644553,0.26271961708644553,,,,True,2376
J7,2026-07-05T00:00:00+0000,SHADOW_REQUEST_OR_PENDING,PENDING_AHR_BUY,AHR_VALUE_BUY,BUY,DELAY,PENDING_COOLDOWN_ACTIVE,0.26467237957861445,0.26467237957861445,,,,True,2377
J7,2026-07-06T00:00:00+0000,ACTUAL_EXECUTED,TACTICAL_BUYBACK_AHR999_TO_35,AHR_VALUE_BUY,BUY,EXECUTE,V3_7_PENDING_AHR_EXECUTION,0.2659776499085905,0.35,25359.850197626914,,,False,2378
J7,2026-07-06T00:00:00+0000,SHADOW_REQUEST_OR_PENDING,PENDING_AHR_BUY,AHR_VALUE_BUY,BUY,EXECUTE,EXECUTED,0.2659776499085905,0.35,,,,False,2378
