date,prediction_available_at,training_cutoff,model_version,btc_close,feature_price_sma50,feature_price_sma200,feature_sma50_slope,feature_sma200_slope,feature_drawdown30,feature_bb_position,feature_bb_width,bear_risk,fsm_state,fsm_stage,ai_intervention,ai_intervention_reason,ai_enabled,feature_complete,training_rows,training_positive_rows,training_negative_rows,scale_pos_weight,bear_label,label_end_date,future_min_return_60d
2019-12-31T00:00:00+0000,2020-01-01T00:00:00+0000,2019-12-31T23:59:59+0000,XGB_V3_1_Y2020_N2187_P568_SEED42,7195.23,-0.0389966821001938,-0.22476439476400734,-0.046401388366697605,-0.011067453680291273,-0.04413700752045513,0.008454441951088085,0.09860814579686106,0.5929505825042725,BULL,0,NONE,,True,True,2187,568,1619,2.8503521126760565,0.0,2020-02-29T00:00:00+0000,-0.03189891080618679
2020-01-01T00:00:00+0000,2020-01-02T00:00:00+0000,2019-12-31T23:59:59+0000,XGB_V3_1_Y2020_N2187_P568_SEED42,7200.85,-0.034063278878997516,-0.2234862840568772,-0.04618638550916776,-0.011177910285647075,-0.043390408729626295,0.01618593072475933,0.0986106632333877,0.6270700097084045,BULL,0,NONE,,True,True,2187,568,1619,2.8503521126760565,0.0,2020-03-01T00:00:00+0000,-0.032654478290757405
2020-01-02T00:00:00+0000,2020-01-03T00:00:00+0000,2019-12-31T23:59:59+0000,XGB_V3_1_Y2020_N2187_P568_SEED42,6965.71,-0.06104236293310006,-0.2480370640106654,-0.046239123788571534,-0.01144818126806435,-0.07462799586049496,-0.2856735536457781,0.10198242992924499,0.599545419216156,BULL,0,NONE,,True,True,2187,568,1619,2.8503521126760565,0.0,2020-03-02T00:00:00+0000,0.054445275499554135
2020-01-03T00:00:00+0000,2020-01-04T00:00:00+0000,2019-12-31T23:59:59+0000,XGB_V3_1_Y2020_N2187_P568_SEED42,7344.96,-0.006433772031622653,-0.20625264939611443,-0.044333561753205575,-0.011627792341904253,-0.024245862155545028,0.21143708457262647,0.10275036690270857,0.6158059239387512,BULL,0,NONE,,True,True,2187,568,1619,2.8503521126760565,0.0,2020-03-03T00:00:00+0000,0.0012457521892561552
2020-01-04T00:00:00+0000,2020-01-05T00:00:00+0000,2019-12-31T23:59:59+0000,XGB_V3_1_Y2020_N2187_P568_SEED42,7354.11,-0.002178972982629146,-0.20452134047809745,-0.04201174573189648,-0.011744367682211987,-0.023030314302149413,0.20495287971926351,0.1040483744717005,0.6316725015640259,BULL,0,NONE,,True,True,2187,568,1619,2.8503521126760565,0.0,2020-03-04T00:00:00+0000,0.000630939705824396
2020-01-05T00:00:00+0000,2020-01-06T00:00:00+0000,2019-12-31T23:59:59+0000,XGB_V3_1_Y2020_N2187_P568_SEED42,7358.75,0.0015278616306662052,-0.20320206062693824,-0.03961979237085611,-0.012030583695483377,-0.020154165518214695,0.19140266871557202,0.09752143178566028,0.6316725015640259,BULL,0,NONE,,True,True,2187,568,1619,2.8503521126760565,0.0,2020-03-05T00:00:00+0000,0.05425513844063201
2020-01-06T00:00:00+0000,2020-01-07T00:00:00+0000,2019-12-31T23:59:59+0000,XGB_V3_1_Y2020_N2187_P568_SEED42,7758.0,0.05800969801310196,-0.1591708904745518,-0.03662600508951597,-0.011950896677732414,0.0,0.7694077692581535,0.08521984549806357,0.34710192680358887,BULL,0,NONE,,True,True,2187,568,1619,2.8503521126760565,0.0,2020-03-06T00:00:00+0000,0.007703016241299432
2020-01-07T00:00:00+0000,2020-01-08T00:00:00+0000,2019-12-31T23:59:59+0000,XGB_V3_1_Y2020_N2187_P568_SEED42,8145.28,0.11095256276966259,-0.11623180183649084,-0.03303257954838201,-0.012359963782416328,0.0,0.8413112069498091,0.13328814690707144,0.6926445364952087,BULL,0,NONE,,True,True,2187,568,1619,2.8503521126760565,0.0,2020-03-07T00:00:00+0000,-0.04020979020979021
2020-01-08T00:00:00+0000,2020-01-09T00:00:00+0000,2019-12-31T23:59:59+0000,XGB_V3_1_Y2020_N2187_P568_SEED42,8055.98,0.09900555847724046,-0.12465131024247011,-0.029599714391484566,-0.012959124887810147,-0.010963404572955193,0.5966454912681587,0.1561813178399846,0.6859085559844971,BULL,0,NONE,,True,True,2187,568,1619,2.8503521126760565,0.0,2020-03-08T00:00:00+0000,-0.02957057986737799
2020-01-09T00:00:00+0000,2020-01-10T00:00:00+0000,2019-12-31T23:59:59+0000,XGB_V3_1_Y2020_N2187_P568_SEED42,7817.76,0.06732344524782108,-0.14910820825862192,-0.025715329689529165,-0.01412462685062521,-0.04020979020979021,0.3470844316315809,0.16233491890648433,0.6725157499313354,BULL,0,NONE,,True,True,2187,568,1619,2.8503521126760565,0.0,2020-03-09T00:00:00+0000,0.014340424878737545
2020-01-10T00:00:00+0000,2020-01-11T00:00:00+0000,2019-12-31T23:59:59+0000,XGB_V3_1_Y2020_N2187_P568_SEED42,8197.02,0.11736523929251286,-0.10643866871394214,-0.020191857411379854,-0.015366025214621826,0.0,0.5466145974440563,0.18236417715362485,0.7012537717819214,BULL,0,NONE,,True,True,2187,568,1619,2.8503521126760565,0.0,2020-03-10T00:00:00+0000,-0.036898775408624074
2020-01-11T00:00:00+0000,2020-01-12T00:00:00+0000,2019-12-31T23:59:59+0000,XGB_V3_1_Y2020_N2187_P568_SEED42,8020.01,0.09100030346638932,-0.12391967592190667,-0.013913641821754141,-0.01726078453832114,-0.02159443309885789,0.3734537415895204,0.19334723796472916,0.8156376481056213,BULL,0,NONE,,True,True,2187,568,1619,2.8503521126760565,0.0,2020-03-11T00:00:00+0000,-0.015642125134507245
2020-01-12T00:00:00+0000,2020-01-13T00:00:00+0000,2019-12-31T23:59:59+0000,XGB_V3_1_Y2020_N2187_P568_SEED42,8184.98,0.11080238073013571,-0.10349524290795509,-0.006743468493235927,-0.01964851206148166,-0.0014688264759633585,0.4237735747992949,0.2075391544699306,0.7654629945755005,BULL,0,NONE,,True,True,2187,568,1619,2.8503521126760565,1.0,2020-03-12T00:00:00+0000,-0.4135599598288572
2020-01-13T00:00:00+0000,2020-01-14T00:00:00+0000,2019-12-31T23:59:59+0000,XGB_V3_1_Y2020_N2187_P568_SEED42,8110.34,0.09707850367362525,-0.11010148499511863,2.012844926602142e-05,-0.020996168091782286,-0.010574574662499336,0.335815646150014,0.21422579745321102,0.7367004752159119,BULL,0,NONE,,True,True,2187,568,1619,2.8503521126760565,1.0,2020-03-13T00:00:00+0000,-0.40816291302214214
2020-01-14T00:00:00+0000,2020-01-15T00:00:00+0000,2019-12-31T23:59:59+0000,XGB_V3_1_Y2020_N2187_P568_SEED42,8810.01,0.18626502175386772,-0.03142294570949267,0.007667394999089083,-0.022562985542921243,0.0,0.6084844829893765,0.25011604930655296,0.7226774096488953,BULL,0,NONE,,True,True,2187,568,1619,2.8503521126760565,1.0,2020-03-14T00:00:00+0000,-0.45516520412576156
2020-01-15T00:00:00+0000,2020-01-16T00:00:00+0000,2019-12-31T23:59:59+0000,XGB_V3_1_Y2020_N2187_P568_SEED42,8821.41,0.18249704744706707,-0.02852391471666782,0.015305945240873031,-0.02399532708811236,0.0,0.5158147612895045,0.27450504022337757,0.5952333211898804,BULL,0,NONE,,True,True,2187,568,1619,2.8503521126760565,1.0,2020-03-15T00:00:00+0000,-0.45586929980581337
2020-01-16T00:00:00+0000,2020-01-17T00:00:00+0000,2019-12-31T23:59:59+0000,XGB_V3_1_Y2020_N2187_P568_SEED42,8720.01,0.16512025189657198,-0.03856100797236528,0.02067177478876636,-0.024760673991845228,-0.011494761041602186,0.41024526367920594,0.28732246514150006,0.605434000492096,BULL,0,NONE,,True,True,2187,568,1619,2.8503521126760565,1.0,2020-03-16T00:00:00+0000,-0.44954191566294077
2020-01-17T00:00:00+0000,2020-01-18T00:00:00+0000,2019-12-31T23:59:59+0000,XGB_V3_1_Y2020_N2187_P568_SEED42,8913.28,0.18620877917572032,-0.016323506456723313,0.02486323205131291,-0.025382891114818507,0.0,0.4317157095407738,0.3036025521312601,0.5990483164787292,BULL,0,NONE,,True,True,2187,568,1619,2.8503521126760565,1.0,2020-03-17T00:00:00+0000,-0.4614777051769944
2020-01-18T00:00:00+0000,2020-01-19T00:00:00+0000,2019-12-31T23:59:59+0000,XGB_V3_1_Y2020_N2187_P568_SEED42,8915.96,0.1828620614263181,-0.014980402347289368,0.028289777490384083,-0.026031871776121207,0.0,0.38230088096943954,0.31532339743020205,0.5937830209732056,BULL,0,NONE,,True,True,2187,568,1619,2.8503521126760565,1.0,2020-03-18T00:00:00+0000,-0.4616395766692537
2020-01-19T00:00:00+0000,2020-01-20T00:00:00+0000,2019-12-31T23:59:59+0000,XGB_V3_1_Y2020_N2187_P568_SEED42,8701.7,0.15089487343701014,-0.03692872067822328,0.03224352323117574,-0.027265142723031155,-0.024031063396426022,0.2688558287089999,0.3113459967533278,0.6690738797187805,BULL,0,NONE,,True,True,2187,568,1619,2.8503521126760565,1.0,2020-03-19T00:00:00+0000,-0.4483836491720009
2020-01-20T00:00:00+0000,2020-01-21T00:00:00+0000,2019-12-31T23:59:59+0000,XGB_V3_1_Y2020_N2187_P568_SEED42,8642.35,0.1392737528100707,-0.042170482792747044,0.03405328901796634,-0.02785138015782329,-0.03068766571406767,0.22230911346667853,0.3000483422811704,0.6641747355461121,BULL,0,NONE,,True,True,2187,568,1619,2.8503521126760565,1.0,2020-03-20T00:00:00+0000,-0.4445955093232744
2020-01-21T00:00:00+0000,2020-01-22T00:00:00+0000,2019-12-31T23:59:59+0000,XGB_V3_1_Y2020_N2187_P568_SEED42,8736.03,0.1472621476074807,-0.030587473458802972,0.03586083598378975,-0.028213511406594227,-0.02018066478539593,0.2379250780631951,0.2864194377907865,0.6641747355461121,BULL,0,NONE,,True,True,2187,568,1619,2.8503521126760565,1.0,2020-03-21T00:00:00+0000,-0.4505513373923854
2020-01-22T00:00:00+0000,2020-01-23T00:00:00+0000,2019-12-31T23:59:59+0000,XGB_V3_1_Y2020_N2187_P568_SEED42,8682.36,0.13606735540216897,-0.03516508533239815,0.03717702476697715,-0.028560354846284386,-0.02620020726876282,0.19930174375125714,0.2536802978677655,0.6641747355461121,BULL,0,NONE,,True,True,2187,568,1619,2.8503521126760565,1.0,2020-03-22T00:00:00+0000,-0.4471549210122594
2020-01-23T00:00:00+0000,2020-01-24T00:00:00+0000,2019-12-31T23:59:59+0000,XGB_V3_1_Y2020_N2187_P568_SEED42,8404.52,0.09624077634505745,-0.06447999910416469,0.03706411590961456,-0.02914875520177529,-0.057362303105890855,0.045305621118557265,0.2309454870123506,0.6709502935409546,BULL,0,NONE,,True,True,2187,568,1619,2.8503521126760565,1.0,2020-03-23T00:00:00+0000,-0.4288787461984742
2020-01-24T00:00:00+0000,2020-01-25T00:00:00+0000,2019-12-31T23:59:59+0000,XGB_V3_1_Y2020_N2187_P568_SEED42,8439.0,0.09773133702584191,-0.05865131069168317,0.035142758417712416,-0.030296693958366094,-0.05349508073163167,0.03941606111733505,0.20383754497083137,0.6474152207374573,BULL,0,NONE,,True,True,2187,568,1619,2.8503521126760565,1.0,2020-03-24T00:00:00+0000,-0.4312122289370779
2020-01-25T00:00:00+0000,2020-01-26T00:00:00+0000,2019-12-31T23:59:59+0000,XGB_V3_1_Y2020_N2187_P568_SEED42,8340.58,0.08263885279622518,-0.06744382699940199,0.032701246254550176,-0.03157631054731791,-0.06453371257834262,-0.05600249741475918,0.17016780083488792,0.6687665581703186,BULL,0,NONE,,True,True,2187,568,1619,2.8503521126760565,1.0,2020-03-25T00:00:00+0000,-0.4245004544048495
2020-01-26T00:00:00+0000,2020-01-27T00:00:00+0000,2019-12-31T23:59:59+0000,XGB_V3_1_Y2020_N2187_P568_SEED42,8615.0,0.1149979795434175,-0.03487621281975439,0.032369034420792975,-0.03254622097116888,-0.033755198542837705,0.11596697395546803,0.15417206669501507,0.6416170597076416,BULL,0,NONE,,True,True,2187,568,1619,2.8503521126760565,1.0,2020-03-26T00:00:00+0000,-0.44283226929773656
2020-01-27T00:00:00+0000,2020-01-28T00:00:00+0000,2019-12-31T23:59:59+0000,XGB_V3_1_Y2020_N2187_P568_SEED42,8907.57,0.14870864755517643,-0.0007369752290727893,0.03198393780303732,-0.03281004408772148,-0.0009410091566134371,0.3062178340861251,0.15586401499826819,0.4824909567832947,BULL,0,NONE,,True,True,2187,568,1619,2.8503521126760565,1.0,2020-03-27T00:00:00+0000,-0.46113249741511997
2020-01-28T00:00:00+0000,2020-01-29T00:00:00+0000,2019-12-31T23:59:59+0000,XGB_V3_1_Y2020_N2187_P568_SEED42,9374.21,0.20257232334231157,0.05301883283789799,0.03416411767328009,-0.03269986913634981,0.0,0.5517885298348314,0.17059641133603248,0.47194164991378784,BULL,0,NONE,,True,True,2187,568,1619,2.8503521126760565,1.0,2020-03-28T00:00:00+0000,-0.48795685183071424
2020-01-29T00:00:00+0000,2020-01-30T00:00:00+0000,2019-12-31T23:59:59+0000,XGB_V3_1_Y2020_N2187_P568_SEED42,9301.53,0.18692226810332957,0.0460614992208741,0.03648652984662171,-0.03219207605277474,-0.007753186668529755,0.46307277806789204,0.16483389354127773,0.4742695689201355,BULL,0,NONE,,True,True,2187,568,1619,2.8503521126760565,1.0,2020-03-29T00:00:00+0000,-0.48395586532538204
2020-01-30T00:00:00+0000,2020-01-31T00:00:00+0000,2019-12-31T23:59:59+0000,XGB_V3_1_Y2020_N2187_P568_SEED42,9513.21,0.20683987183042163,0.07026507500136292,0.03913907295768149,-0.03104389859781309,0.0,0.5189949669687531,0.17823892936749644,0.4335164725780487,BULL,0,NONE,,True,True,2187,568,1619,2.8503521126760565,1.0,2020-03-30T00:00:00+0000,-0.4954384482209474
2020-01-31T00:00:00+0000,2020-02-01T00:00:00+0000,2019-12-31T23:59:59+0000,XGB_V3_1_Y2020_N2187_P568_SEED42,9352.89,0.1800502568787532,0.053108777530130435,0.04086371943527345,-0.029843917582070834,-0.01685235582942035,0.38210535467779594,0.1725590392129361,0.49576035141944885,BULL,0,NONE,,True,True,2187,568,1619,2.8503521126760565,1.0,2020-03-31T00:00:00+0000,-0.48678964469805586
2020-02-01T00:00:00+0000,2020-02-02T00:00:00+0000,2019-12-31T23:59:59+0000,XGB_V3_1_Y2020_N2187_P568_SEED42,9384.61,0.1777337453125567,0.05671306758772188,0.04264244747908341,-0.0272659307573192,-0.013518044908080284,0.3664500961268519,0.1699794924981089,0.49916067719459534,BULL,0,NONE,,True,True,2187,568,1619,2.8503521126760565,1.0,2020-04-01T00:00:00+0000,-0.48852429669426867
2020-02-02T00:00:00+0000,2020-02-03T00:00:00+0000,2019-12-31T23:59:59+0000,XGB_V3_1_Y2020_N2187_P568_SEED42,9331.51,0.16444286581691814,0.05093302035388092,0.045265890679522025,-0.02573228994052601,-0.01909975707463607,0.31043019256522664,0.15793565629389944,0.62338787317276,BULL,0,NONE,,True,True,2187,568,1619,2.8503521126760565,1.0,2020-04-02T00:00:00+0000,-0.48561379669528293
2020-02-03T00:00:00+0000,2020-02-04T00:00:00+0000,2019-12-31T23:59:59+0000,XGB_V3_1_Y2020_N2187_P568_SEED42,9292.24,0.15328613769483668,0.0472976161886931,0.048065491439841956,-0.024543115520976655,-0.02322770127012852,0.2581643408909703,0.16187174813450989,0.6557426452636719,BULL,0,NONE,,True,True,2187,568,1619,2.8503521126760565,1.0,2020-04-03T00:00:00+0000,-0.4834399455890076
2020-02-04T00:00:00+0000,2020-02-05T00:00:00+0000,2019-12-31T23:59:59+0000,XGB_V3_1_Y2020_N2187_P568_SEED42,9197.02,0.13497340438660288,0.037329876070874235,0.051837868426625855,-0.023607687887445716,-0.033236941053545355,0.17716687017231433,0.16339126406563115,0.6283396482467651,BULL,0,NONE,,True,True,2187,568,1619,2.8503521126760565,1.0,2020-04-04T00:00:00+0000,-0.4780918166971476
2020-02-05T00:00:00+0000,2020-02-06T00:00:00+0000,2019-12-31T23:59:59+0000,XGB_V3_1_Y2020_N2187_P568_SEED42,9612.04,0.17750514892977098,0.08483010513356093,0.056504991398790505,-0.02308092628344227,0.0,0.4039305547489401,0.17339574274317107,0.34620794653892517,BULL,0,NONE,,True,True,2187,568,1619,2.8503521126760565,1.0,2020-04-05T00:00:00+0000,-0.5006262978514446
2020-02-06T00:00:00+0000,2020-02-07T00:00:00+0000,2019-12-31T23:59:59+0000,XGB_V3_1_Y2020_N2187_P568_SEED42,9772.0,0.18982985262644703,0.10339243265196107,0.05912993680017831,-0.02260930307788267,0.0,0.43886367422053635,0.18837770729549447,0.3286204934120178,BULL,0,NONE,,True,True,2187,568,1619,2.8503521126760565,1.0,2020-04-06T00:00:00+0000,-0.5088006549324601
2020-02-07T00:00:00+0000,2020-02-08T00:00:00+0000,2019-12-31T23:59:59+0000,XGB_V3_1_Y2020_N2187_P568_SEED42,9813.73,0.18721068655473871,0.10843384707052595,0.060432023473111274,-0.021859849410752363,0.0,0.406222071136384,0.2016502976353652,0.3146204352378845,BULL,0,NONE,,True,True,2187,568,1619,2.8503521126760565,1.0,2020-04-07T00:00:00+0000,-0.5108893356552504
2020-02-08T00:00:00+0000,2020-02-09T00:00:00+0000,2019-12-31T23:59:59+0000,XGB_V3_1_Y2020_N2187_P568_SEED42,9895.05,0.1892585794447159,0.11759969486689426,0.06171899324714025,-0.02009032961586832,0.0,0.3962865378205306,0.21133941268600795,0.2740945816040039,BULL,0,NONE,,True,True,2187,568,1619,2.8503521126760565,1.0,2020-04-08T00:00:00+0000,-0.5149089696363333
2020-02-09T00:00:00+0000,2020-02-10T00:00:00+0000,2019-12-31T23:59:59+0000,XGB_V3_1_Y2020_N2187_P568_SEED42,10151.75,0.2113202044881044,0.14634127764654492,0.06317442090788639,-0.018515717296507472,0.0,0.4574199075694997,0.22463119461700543,0.2740945816040039,BULL,0,NONE,,True,True,2187,568,1619,2.8503521126760565,1.0,2020-04-09T00:00:00+0000,-0.5271751175905632
2020-02-10T00:00:00+0000,2020-02-11T00:00:00+0000,2019-12-31T23:59:59+0000,XGB_V3_1_Y2020_N2187_P568_SEED42,9851.83,0.16897652677886432,0.11249175617470542,0.06332443938689458,-0.017314340702957343,-0.02954367473588293,0.28188659354216383,0.2260660780115385,0.34165459871292114,BULL,0,NONE,,True,True,2187,568,1619,2.8503521126760565,1.0,2020-04-10T00:00:00+0000,-0.5127808742132172
2020-02-11T00:00:00+0000,2020-02-12T00:00:00+0000,2019-12-31T23:59:59+0000,XGB_V3_1_Y2020_N2187_P568_SEED42,10223.08,0.2047194370267449,0.15415411706994986,0.06494390378550796,-0.015687101831102335,0.0,0.4053753882419244,0.23362108908414825,0.2980380356311798,BULL,0,NONE,,True,True,2187,568,1619,2.8503521126760565,1.0,2020-04-11T00:00:00+0000,-0.5304741819490799
2020-02-12T00:00:00+0000,2020-02-13T00:00:00+0000,2019-12-31T23:59:59+0000,XGB_V3_1_Y2020_N2187_P568_SEED42,10326.46,0.20815838182969548,0.16526633023159576,0.06658102845270641,-0.013569638292395991,0.0,0.4115452396854892,0.22965049984206573,0.2828395366668701,BULL,0,NONE,,True,True,2187,568,1619,2.8503521126760565,1.0,2020-04-12T00:00:00+0000,-0.5351746871628806
2020-02-13T00:00:00+0000,2020-02-14T00:00:00+0000,2019-12-31T23:59:59+0000,XGB_V3_1_Y2020_N2187_P568_SEED42,10229.63,0.1884176690803685,0.15389178970882367,0.06833505577109,-0.011095443532124105,-0.009376882300420442,0.3409938522359558,0.21717744747922066,0.2748855650424957,BULL,0,NONE,,True,True,2187,568,1619,2.8503521126760565,1.0,2020-04-13T00:00:00+0000,-0.5307748178575373
2020-02-14T00:00:00+0000,2020-02-15T00:00:00+0000,2019-12-31T23:59:59+0000,XGB_V3_1_Y2020_N2187_P568_SEED42,10344.36,0.19303570957769733,0.1662828406021828,0.07001221923260026,-0.008304165073684033,0.0,0.38287997911953225,0.19535129095552123,0.27161353826522827,BULL,0,NONE,,True,True,2187,568,1619,2.8503521126760565,1.0,2020-04-14T00:00:00+0000,-0.5359790262519866
2020-02-15T00:00:00+0000,2020-02-16T00:00:00+0000,2019-12-31T23:59:59+0000,XGB_V3_1_Y2020_N2187_P568_SEED42,9904.72,0.1353910157620113,0.1165072645448586,0.06867092758745863,-0.006178500669497988,-0.04250045435387029,0.13091211110735543,0.17009410061320374,0.25950735807418823,BULL,0,NONE,,True,True,2187,568,1619,2.8503521126760565,1.0,2020-04-15T00:00:00+0000,-0.515382565080083
2020-02-16T00:00:00+0000,2020-02-17T00:00:00+0000,2019-12-31T23:59:59+0000,XGB_V3_1_Y2020_N2187_P568_SEED42,9917.27,0.13009043622422745,0.1180248379304103,0.0685143040755567,-0.004912526890565094,-0.04128723284959146,0.119113238439492,0.15327408507652135,0.25950735807418823,BULL,0,NONE,,True,True,2187,568,1619,2.8503521126760565,1.0,2020-04-16T00:00:00+0000,-0.5159958335308004
2020-02-17T00:00:00+0000,2020-02-18T00:00:00+0000,2019-12-31T23:59:59+0000,XGB_V3_1_Y2020_N2187_P568_SEED42,9706.0,0.10020428478900145,0.09462005857311251,0.06723644346894941,-0.003956410018397305,-0.061710922667037926,-0.03438636484796239,0.14918102337178682,0.26627790927886963,BULL,0,NONE,,True,True,2187,568,1619,2.8503521126760565,1.0,2020-04-17T00:00:00+0000,-0.505460539872244
2020-02-18T00:00:00+0000,2020-02-19T00:00:00+0000,2019-12-31T23:59:59+0000,XGB_V3_1_Y2020_N2187_P568_SEED42,10164.71,0.14462657319701067,0.1465844390076605,0.06730727257692948,-0.003007764334524987,-0.01736695165288149,0.2548588144139301,0.1463531938361845,0.12193280458450317,BULL,0,NONE,,True,True,2187,568,1619,2.8503521126760565,1.0,2020-04-18T00:00:00+0000,-0.5277779690714246
2020-02-19T00:00:00+0000,2020-02-20T00:00:00+0000,2019-12-31T23:59:59+0000,XGB_V3_1_Y2020_N2187_P568_SEED42,9593.79,0.07453192268567976,0.0829313955563431,0.06534171478100026,-0.003325072441131227,-0.07255837963875966,-0.14718862854334214,0.14515276404521496,0.19272755086421967,BULL,0,NONE,,True,True,2187,568,1619,2.8503521126760565,1.0,2020-04-19T00:00:00+0000,-0.49967635314093806
2020-02-20T00:00:00+0000,2020-02-21T00:00:00+0000,2019-12-31T23:59:59+0000,XGB_V3_1_Y2020_N2187_P568_SEED42,9596.42,0.06908952718231665,0.08404371274821854,0.06508447258896166,-0.0032417057869519317,-0.07230413481356024,-0.15910610302084782,0.1402267725778548,0.19272755086421967,DISTRIBUTION,1,NONE,,True,True,2187,568,1619,2.8503521126760565,1.0,2020-04-20T00:00:00+0000,-0.49981347210730664
2020-02-21T00:00:00+0000,2020-02-22T00:00:00+0000,2019-12-31T23:59:59+0000,XGB_V3_1_Y2020_N2187_P568_SEED42,9677.05,0.07159844055271636,0.09448212004965906,0.06417994471650212,-0.004422294322662279,-0.06450954916495566,-0.11538564748244506,0.13487653675449154,0.26627790927886963,DISTRIBUTION,1,NONE,,True,True,2187,568,1619,2.8503521126760565,1.0,2020-04-21T00:00:00+0000,-0.5039810686107853
2020-02-22T00:00:00+0000,2020-02-23T00:00:00+0000,2019-12-31T23:59:59+0000,XGB_V3_1_Y2020_N2187_P568_SEED42,9650.86,0.06326823097936374,0.09265127747686752,0.06192924634889985,-0.00526465467032855,-0.0670413636029682,-0.1552141759108183,0.1276897911194455,0.26627790927886963,DISTRIBUTION,1,NONE,,True,True,2187,568,1619,2.8503521126760565,1.0,2020-04-22T00:00:00+0000,-0.5026349983317548
2020-02-23T00:00:00+0000,2020-02-24T00:00:00+0000,2019-12-31T23:59:59+0000,XGB_V3_1_Y2020_N2187_P568_SEED42,9936.4,0.08853339985798359,0.12627933213440112,0.060465346357746697,-0.005665179248297791,-0.039437915927133305,0.05054865960957641,0.11653911602850078,0.262643963098526,DISTRIBUTION,1,NONE,,True,True,2187,568,1619,2.8503521126760565,1.0,2020-04-23T00:00:00+0000,-0.5169276599170726
2020-02-24T00:00:00+0000,2020-02-25T00:00:00+0000,2019-12-31T23:59:59+0000,XGB_V3_1_Y2020_N2187_P568_SEED42,9656.13,0.05253181396990425,0.0959667666399402,0.058078011163353205,-0.006253815537320184,-0.06653190724220748,-0.24688445760515235,0.10024122039192923,0.34812021255493164,DISTRIBUTION,1,NONE,,True,True,2187,568,1619,2.8503521126760565,1.0,2020-04-24T00:00:00+0000,-0.5029064438859046
2020-02-25T00:00:00+0000,2020-02-26T00:00:00+0000,2019-12-31T23:59:59+0000,XGB_V3_1_Y2020_N2187_P568_SEED42,9315.84,0.012002824705259929,0.058884828270391765,0.05522129448047286,-0.007068120642198861,-0.09942809414985565,-0.5232608054578307,0.11028385628053267,0.44652053713798523,DISTRIBUTION,1,NONE,,True,True,2187,568,1619,2.8503521126760565,1.0,2020-04-25T00:00:00+0000,-0.48474855729596045
2020-02-26T00:00:00+0000,2020-02-27T00:00:00+0000,2019-12-31T23:59:59+0000,XGB_V3_1_Y2020_N2187_P568_SEED42,8785.25,-0.04696161784840713,9.823379842233138e-06,0.05042438600623078,-0.008034880660181876,-0.15072077924588867,-0.7241858749809086,0.1476406281508463,0.5631632804870605,DISTRIBUTION,1,NONE,,True,True,2187,568,1619,2.8503521126760565,1.0,2020-04-26T00:00:00+0000,-0.4536296633561936
2020-02-27T00:00:00+0000,2020-02-28T00:00:00+0000,2019-12-31T23:59:59+0000,XGB_V3_1_Y2020_N2187_P568_SEED42,8823.21,-0.04443429636569429,0.005891800015411119,0.0466442862489882,-0.009279791501177859,-0.1470511467118315,-0.5670408951371321,0.17374713395599697,0.5881326794624329,EARLY_BEAR,2,NONE,,True,True,2187,568,1619,2.8503521126760565,1.0,2020-04-27T00:00:00+0000,-0.45598030648709476
2020-02-28T00:00:00+0000,2020-02-29T00:00:00+0000,2019-12-31T23:59:59+0000,XGB_V3_1_Y2020_N2187_P568_SEED42,8692.91,-0.060327207117831794,-0.00743365443676125,0.04173525519572241,-0.010823206560858778,-0.1596473827283661,-0.5318444068603075,0.199957977484538,0.5491047501564026,EARLY_BEAR,2,NONE,,True,True,2187,568,1619,2.8503521126760565,1.0,2020-04-28T00:00:00+0000,-0.44782587188870004
2020-02-29T00:00:00+0000,2020-03-01T00:00:00+0000,2019-12-31T23:59:59+0000,XGB_V3_1_Y2020_N2187_P568_SEED42,8523.61,-0.07927802675111362,-0.025446405329108357,0.036869684022234006,-0.012377764413127768,-0.17601378915660315,-0.5181257894971496,0.22457080012868008,0.5422809720039368,BEAR,3,NONE,,True,True,2187,568,1619,2.8503521126760565,1.0,2020-04-29T00:00:00+0000,-0.43685832646026745
2020-03-01T00:00:00+0000,2020-03-02T00:00:00+0000,2019-12-31T23:59:59+0000,XGB_V3_1_Y2020_N2187_P568_SEED42,8531.88,-0.0794027384808812,-0.023653292897455103,0.03247581608311756,-0.013219485927456254,-0.17521431968725,-0.4436233382046485,0.24661720080019497,0.5422809720039368,BEAR,3,NONE,,True,True,2187,568,1619,2.8503521126760565,1.0,2020-04-30T00:00:00+0000,-0.43740418289990013
2020-03-02T00:00:00+0000,2020-03-03T00:00:00+0000,2019-12-31T23:59:59+0000,XGB_V3_1_Y2020_N2187_P568_SEED42,8915.24,-0.0395514456478534,0.021021990532374524,0.027893263189861184,-0.014220031590699622,-0.1381545112505752,-0.25472915983426125,0.2472918087194417,0.6064204573631287,BEAR,3,NONE,,True,True,2187,568,1619,2.8503521126760565,1.0,2020-05-01T00:00:00+0000,-0.4615960983663928
2020-03-03T00:00:00+0000,2020-03-04T00:00:00+0000,2019-12-31T23:59:59+0000,XGB_V3_1_Y2020_N2187_P568_SEED42,8760.07,-0.057587384027425914,0.004154679713726184,0.024102219954706516,-0.015579405438790217,-0.15315495593734174,-0.29190881816477965,0.24548564552385627,0.5510867238044739,BEAR,3,NONE,,True,True,2187,568,1619,2.8503521126760565,1.0,2020-05-02T00:00:00+0000,-0.4520591730431378
2020-03-04T00:00:00+0000,2020-03-05T00:00:00+0000,2019-12-31T23:59:59+0000,XGB_V3_1_Y2020_N2187_P568_SEED42,8750.87,-0.05845731679696864,0.00394314825611386,0.018178477103606427,-0.016787775731316068,-0.15404432947035873,-0.26941947870383837,0.2424123733874815,0.5510867238044739,BEAR,3,NONE,,True,True,2187,568,1619,2.8503521126760565,1.0,2020-05-03T00:00:00+0000,-0.45148310967938055
2020-03-05T00:00:00+0000,2020-03-06T00:00:00+0000,2019-12-31T23:59:59+0000,XGB_V3_1_Y2020_N2187_P568_SEED42,9054.68,-0.026257918131023517,0.03954437392852039,0.013587614736249698,-0.017957385323204345,-0.12467470196319541,-0.11607622468835184,0.2253078679918609,0.6364070177078247,BEAR,3,NONE,,True,True,2187,568,1619,2.8503521126760565,1.0,2020-05-04T00:00:00+0000,-0.46988739524754053
2020-03-06T00:00:00+0000,2020-03-07T00:00:00+0000,2019-12-31T23:59:59+0000,XGB_V3_1_Y2020_N2187_P568_SEED42,9131.88,-0.018824990310071232,0.0494820570773693,0.011051834227961743,-0.01914563677621195,-0.11721169796874831,-0.06294187908399515,0.21847172357686986,0.6518702507019043,BEAR,3,NONE,,True,True,2187,568,1619,2.8503521126760565,1.0,2020-05-05T00:00:00+0000,-0.4743689141775844
2020-03-07T00:00:00+0000,2020-03-08T00:00:00+0000,2019-12-31T23:59:59+0000,XGB_V3_1_Y2020_N2187_P568_SEED42,8886.66,-0.045118034781812866,0.02240101086620183,0.009590233145716498,-0.02011161669627959,-0.14091736946509992,-0.16437102329043424,0.2121033236846067,0.691984236240387,BEAR,3,NONE,,True,True,2187,568,1619,2.8503521126760565,1.0,2020-05-06T00:00:00+0000,-0.45986456103868045
2020-03-08T00:00:00+0000,2020-03-09T00:00:00+0000,2019-12-31T23:59:59+0000,XGB_V3_1_Y2020_N2187_P568_SEED42,8033.31,-0.13517104780238554,-0.07465326005057349,0.006000610516465388,-0.020931354984450312,-0.22341159820423884,-0.50817674841524,0.23524194518926464,0.7609578371047974,DEEP_BEAR,4,AI_STAGE4_ACCELERATION,risk>=0.70_and_close_below_sma200,True,True,2187,568,1619,2.8503521126760565,1.0,2020-05-07T00:00:00+0000,-0.402487891043667
2020-03-09T00:00:00+0000,2020-03-10T00:00:00+0000,2019-12-31T23:59:59+0000,XGB_V3_1_Y2020_N2187_P568_SEED42,7929.87,-0.1448858623894127,-0.08542534326651507,0.002428603153338038,-0.02195698524131695,-0.2334112501885086,-0.5002717094862037,0.24008056290094906,0.7644380927085876,BEAR,3,NONE,,True,True,2187,568,1619,2.8503521126760565,1.0,2020-05-08T00:00:00+0000,-0.394693733945197
2020-03-10T00:00:00+0000,2020-03-11T00:00:00+0000,2019-12-31T23:59:59+0000,XGB_V3_1_Y2020_N2187_P568_SEED42,7894.56,-0.14731833682057627,-0.08818585441146642,0.00010579497426554951,-0.02269000323910142,-0.2368247044766424,-0.4488220786911785,0.2577565271482049,0.7813214063644409,DEEP_BEAR,4,AI_STAGE4_ACCELERATION,risk>=0.70_and_close_below_sma200,True,True,2187,568,1619,2.8503521126760565,1.0,2020-05-09T00:00:00+0000,-0.39198638049492307
2020-03-11T00:00:00+0000,2020-03-12T00:00:00+0000,2019-12-31T23:59:59+0000,XGB_V3_1_Y2020_N2187_P568_SEED42,7934.52,-0.14151592552378112,-0.082404807573765,-0.0027286187415609398,-0.023196791524676352,-0.23296172987019015,-0.383916697103928,0.2679231390373005,0.7804047465324402,BEAR,3,NONE,,True,True,2187,568,1619,2.8503521126760565,1.0,2020-05-10T00:00:00+0000,-0.3950484717412017
2020-03-12T00:00:00+0000,2020-03-13T00:00:00+0000,2019-12-31T23:59:59+0000,XGB_V3_1_Y2020_N2187_P568_SEED42,4800.0,-0.47625873193990087,-0.443179198065753,-0.012662777373091738,-0.02502950729247133,-0.5359790262519866,-0.9165330031665193,0.48212733331538793,0.493367075920105,DEEP_BEAR,4,NONE,,True,True,2187,568,1619,2.8503521126760565,0.0,2020-05-11T00:00:00+0000,0.04770208333333348
2020-03-13T00:00:00+0000,2020-03-14T00:00:00+0000,2019-12-31T23:59:59+0000,XGB_V3_1_Y2020_N2187_P568_SEED42,5578.6,-0.3875264837759953,-0.3510538804831117,-0.020123317793475204,-0.026732671339257608,-0.4607109574686109,-0.5882422769243423,0.5705571560884783,0.5054075717926025,ACCUMULATION,4,NONE,,True,True,2187,568,1619,2.8503521126760565,0.0,2020-05-12T00:00:00+0000,-0.0985247194636647
2020-03-14T00:00:00+0000,2020-03-15T00:00:00+0000,2019-12-31T23:59:59+0000,XGB_V3_1_Y2020_N2187_P568_SEED42,5172.06,-0.428057589995786,-0.3965863704955904,-0.027028690956483414,-0.028449258933555543,-0.5000116005243437,-0.5597477915508827,0.6539678345581699,0.4401845633983612,ACCUMULATION,4,NONE,,True,True,2187,568,1619,2.8503521126760565,0.0,2020-05-13T00:00:00+0000,-0.02766595901826352
2020-03-15T00:00:00+0000,2020-03-16T00:00:00+0000,2019-12-31T23:59:59+0000,XGB_V3_1_Y2020_N2187_P568_SEED42,5361.3,-0.40319842365037384,-0.3729133297165287,-0.0339246954493847,-0.029631206643335295,-0.4725575053297142,-0.45514697900265977,0.7142696224957399,0.4533170163631439,ACCUMULATION,4,NONE,,True,True,2187,568,1619,2.8503521126760565,0.0,2020-05-14T00:00:00+0000,-0.06198683155204898
2020-03-16T00:00:00+0000,2020-03-17T00:00:00+0000,2019-12-31T23:59:59+0000,XGB_V3_1_Y2020_N2187_P568_SEED42,5028.97,-0.43568696102116555,-0.4102428988743305,-0.04248575853894043,-0.030757228183824536,-0.5052519944002336,-0.445463821169357,0.7843001339457818,0.4105500280857086,ACCUMULATION,4,NONE,,True,True,2187,568,1619,2.8503521126760565,0.0,2020-05-15T00:00:00+0000,0.05640717681751939
2020-03-17T00:00:00+0000,2020-03-18T00:00:00+0000,2019-12-31T23:59:59+0000,XGB_V3_1_Y2020_N2187_P568_SEED42,5312.64,-0.3990068925559883,-0.3754118535923314,-0.05015657031527909,-0.031796180417218545,-0.4773446561682526,-0.35446275280249917,0.8375580357666069,0.41404950618743896,ACCUMULATION,4,NONE,,True,True,2187,568,1619,2.8503521126760565,0.0,2020-05-16T00:00:00+0000,0.015133718829056564
2020-03-18T00:00:00+0000,2020-03-19T00:00:00+0000,2019-12-31T23:59:59+0000,XGB_V3_1_Y2020_N2187_P568_SEED42,5393.04,-0.3843663687218336,-0.36439234467230674,-0.05692333615720524,-0.032682212027801305,-0.469434937150199,-0.307131995339867,0.8780088881030653,0.32410162687301636,ACCUMULATION,4,NONE,,True,True,2187,568,1619,2.8503521126760565,0.0,2020-05-17T00:00:00+0000,0.0784622402207289
2020-03-19T00:00:00+0000,2020-03-20T00:00:00+0000,2019-12-31T23:59:59+0000,XGB_V3_1_Y2020_N2187_P568_SEED42,6162.37,-0.2914667688892333,-0.27219344683091495,-0.06212369104196003,-0.03322330819964825,-0.3798186465923272,-0.16983119684103262,0.8887187686662841,0.22776220738887787,ACCUMULATION,4,NONE,,True,True,2187,568,1619,2.8503521126760565,0.0,2020-05-18T00:00:00+0000,-0.056176438610469726
2020-03-20T00:00:00+0000,2020-03-21T00:00:00+0000,2019-12-31T23:59:59+0000,XGB_V3_1_Y2020_N2187_P568_SEED42,6208.36,-0.2807126186022558,-0.2649684424485165,-0.06774774078069601,-0.03427591159331134,-0.3751902097339077,-0.14583602974495619,0.896422116022735,0.22287465631961823,ACCUMULATION,4,NONE,,True,True,2187,568,1619,2.8503521126760565,0.0,2020-05-19T00:00:00+0000,-0.06316805082179511
2020-03-21T00:00:00+0000,2020-03-22T00:00:00+0000,2019-12-31T23:59:59+0000,XGB_V3_1_Y2020_N2187_P568_SEED42,6186.98,-0.2778923417218231,-0.2655744669983242,-0.07298161971241102,-0.03597061425144532,-0.3773418944486937,-0.1325475016902338,0.8997974464267623,0.23017100989818573,ACCUMULATION,4,NONE,,True,True,2187,568,1619,2.8503521126760565,0.0,2020-05-20T00:00:00+0000,-0.05993069316532462
2020-03-22T00:00:00+0000,2020-03-23T00:00:00+0000,2019-12-31T23:59:59+0000,XGB_V3_1_Y2020_N2187_P568_SEED42,5816.19,-0.31546680014157236,-0.3076368164238039,-0.07291484471082321,-0.037929991649433226,-0.4146582263193913,-0.17119812352721042,0.8958865514146995,0.1443556547164917,ACCUMULATION,4,NONE,,True,True,2187,568,1619,2.8503521126760565,0.0,2020-05-21T00:00:00+0000,0.0112152457192769
2020-03-23T00:00:00+0000,2020-03-24T00:00:00+0000,2019-12-31T23:59:59+0000,XGB_V3_1_Y2020_N2187_P568_SEED42,6467.31,-0.23366697576043804,-0.2282450076605571,-0.07345134700147848,-0.03941174750484733,-0.3491294633871421,-0.04870539504187421,0.8750312713311854,0.27542567253112793,ACCUMULATION,4,NONE,,True,True,2187,568,1619,2.8503521126760565,0.0,2020-05-22T00:00:00+0000,-0.09059253383555144
2020-03-24T00:00:00+0000,2020-03-25T00:00:00+0000,2019-12-31T23:59:59+0000,XGB_V3_1_Y2020_N2187_P568_SEED42,6744.72,-0.19594141585037517,-0.19343085117307868,-0.07239094610186514,-0.04064309278832001,-0.3015089896262788,0.015979824620469017,0.8446068663388617,0.2585494816303253,ACCUMULATION,4,NONE,,True,True,2187,568,1619,2.8503521126760565,0.0,2020-05-23T00:00:00+0000,-0.12799641793877292
2020-03-25T00:00:00+0000,2020-03-26T00:00:00+0000,2019-12-31T23:59:59+0000,XGB_V3_1_Y2020_N2187_P568_SEED42,6677.43,-0.19915228106009042,-0.1996696096041516,-0.07184768312016998,-0.04212252360628377,-0.2832176164468261,0.027332395465974435,0.7914637061106984,0.2722350060939789,ACCUMULATION,4,NONE,,True,True,2187,568,1619,2.8503521126760565,0.0,2020-05-24T00:00:00+0000,-0.11920903700974783
2020-03-26T00:00:00+0000,2020-03-27T00:00:00+0000,2019-12-31T23:59:59+0000,XGB_V3_1_Y2020_N2187_P568_SEED42,6737.36,-0.18635424371302334,-0.19071943528231727,-0.07082946275193036,-0.04323459171413724,-0.26221544742156044,0.06977204059517629,0.7171373795500718,0.2623867392539978,ACCUMULATION,4,NONE,,True,True,2187,568,1619,2.8503521126760565,0.0,2020-05-25T00:00:00+0000,-0.12704382725577967
2020-03-27T00:00:00+0000,2020-03-28T00:00:00+0000,2019-12-31T23:59:59+0000,XGB_V3_1_Y2020_N2187_P568_SEED42,6359.11,-0.2256509363482685,-0.23434055301340506,-0.07099369094344854,-0.04447204405132732,-0.3036362720491289,0.01727343374922142,0.6366845799749451,0.22473149001598358,DEEP_BEAR,4,NONE,,True,True,2187,568,1619,2.8503521126760565,0.0,2020-05-26T00:00:00+0000,-0.07511900250192238
2020-03-28T00:00:00+0000,2020-03-29T00:00:00+0000,2019-12-31T23:59:59+0000,XGB_V3_1_Y2020_N2187_P568_SEED42,6236.65,-0.23388882315574644,-0.24733545933273537,-0.07071640775999932,-0.04553526081238557,-0.31704643512617336,0.009954730990980572,0.5921547992616777,0.13333743810653687,DEEP_BEAR,4,NONE,,True,True,2187,568,1619,2.8503521126760565,0.0,2020-05-27T00:00:00+0000,-0.05695846327756082
2020-03-29T00:00:00+0000,2020-03-30T00:00:00+0000,2019-12-31T23:59:59+0000,XGB_V3_1_Y2020_N2187_P568_SEED42,5881.42,-0.27033028415783433,-0.2883695165321336,-0.0732377702572341,-0.046807216259964646,-0.35594642067131843,-0.06520751211826556,0.543892374702506,0.14965195953845978,ACCUMULATION,4,NONE,,True,True,2187,568,1619,2.8503521126760565,0.0,2020-05-28T00:00:00+0000,0.0872170326213737
2020-03-30T00:00:00+0000,2020-03-31T00:00:00+0000,2019-12-31T23:59:59+0000,XGB_V3_1_Y2020_N2187_P568_SEED42,6394.38,-0.19922499002910266,-0.2244166822035899,-0.07484717477681424,-0.04775570801480922,-0.2997739786330963,0.128279235784491,0.48112529809885285,0.13344192504882812,ACCUMULATION,4,NONE,,True,True,2187,568,1619,2.8503521126760565,0.0,2020-05-29T00:00:00+0000,0.002511580481610265
2020-03-31T00:00:00+0000,2020-04-01T00:00:00+0000,2019-12-31T23:59:59+0000,XGB_V3_1_Y2020_N2187_P568_SEED42,6410.44,-0.19023410026416776,-0.22061039804457894,-0.07604335265013551,-0.04881782621894126,-0.2980153046251155,0.19784484597835628,0.39437507464132815,0.1311197429895401,ACCUMULATION,4,NONE,,True,True,2187,568,1619,2.8503521126760565,0.0,2020-05-30T00:00:00+0000,0.03288385820630091
2020-04-01T00:00:00+0000,2020-04-02T00:00:00+0000,2019-12-31T23:59:59+0000,XGB_V3_1_Y2020_N2187_P568_SEED42,6642.92,-0.15320810520262296,-0.1905283585439831,-0.07670972588212699,-0.04801172864136327,-0.2725572390351164,0.2787359300851453,0.3590276265992337,0.12682616710662842,ACCUMULATION,4,NONE,,True,True,2187,568,1619,2.8503521126760565,0.0,2020-05-31T00:00:00+0000,-0.003263625032365325
2020-04-02T00:00:00+0000,2020-04-03T00:00:00+0000,2019-12-31T23:59:59+0000,XGB_V3_1_Y2020_N2187_P568_SEED42,6794.09,-0.12606772939402033,-0.17033433807151754,-0.07881388756860996,-0.047397763111133195,-0.25600314502599675,0.31292421031333356,0.36397689818957707,0.12569716572761536,ACCUMULATION,4,NONE,,True,True,2187,568,1619,2.8503521126760565,0.0,2020-06-01T00:00:00+0000,-0.025441229068204896
2020-04-03T00:00:00+0000,2020-04-04T00:00:00+0000,2019-12-31T23:59:59+0000,XGB_V3_1_Y2020_N2187_P568_SEED42,6734.1,-0.12592402567611316,-0.17589026026893528,-0.0815529024560746,-0.04666381934649522,-0.2625724385340148,0.26340645324215267,0.3420687443420759,0.13271939754486084,ACCUMULATION,4,NONE,,True,True,2187,568,1619,2.8503521126760565,0.0,2020-06-02T00:00:00+0000,-0.016759477881231444
2020-04-04T00:00:00+0000,2020-04-05T00:00:00+0000,2019-12-31T23:59:59+0000,XGB_V3_1_Y2020_N2187_P568_SEED42,6856.99,-0.10184196932903089,-0.15913738209948758,-0.08436716631692842,-0.04618108568910739,-0.24911518767219887,0.29464160135760714,0.3282613754627707,0.12225501239299774,ACCUMULATION,4,NONE,,True,True,2187,568,1619,2.8503521126760565,0.0,2020-06-03T00:00:00+0000,-0.034380974742561965
2020-04-05T00:00:00+0000,2020-04-06T00:00:00+0000,2019-12-31T23:59:59+0000,XGB_V3_1_Y2020_N2187_P568_SEED42,6772.78,-0.10553332706451157,-0.16773698208899024,-0.08557431831130702,-0.045665760492653806,-0.23787114618990712,0.2457033466464494,0.2781897432017865,0.1316295564174652,ACCUMULATION,4,NONE,,True,True,2187,568,1619,2.8503521126760565,0.0,2020-06-04T00:00:00+0000,-0.022374859363511024
2020-04-06T00:00:00+0000,2020-04-07T00:00:00+0000,2019-12-31T23:59:59+0000,XGB_V3_1_Y2020_N2187_P568_SEED42,7329.9,-0.025294368441042603,-0.09766034106651655,-0.0842751190399531,-0.04498244647886496,-0.08756166511686969,0.523396329217877,0.26390219455743896,0.41942957043647766,ACCUMULATION,4,NONE,,True,True,2187,568,1619,2.8503521126760565,0.0,2020-06-05T00:00:00+0000,-0.09668071870011863
2020-04-07T00:00:00+0000,2020-04-08T00:00:00+0000,2019-12-31T23:59:59+0000,XGB_V3_1_Y2020_N2187_P568_SEED42,7197.32,-0.03649599468161935,-0.1123580765663369,-0.08239089532208899,-0.04437284027736532,-0.09291047221508053,0.4359372200898434,0.23421181659856047,0.4913775622844696,ACCUMULATION,4,NONE,,True,True,2187,568,1619,2.8503521126760565,0.0,2020-06-06T00:00:00+0000,-0.0800409041143092
2020-04-08T00:00:00+0000,2020-04-09T00:00:00+0000,2019-12-31T23:59:59+0000,XGB_V3_1_Y2020_N2187_P568_SEED42,7361.28,-0.007094050581704092,-0.09066496859760376,-0.08020858453613133,-0.043912575225413586,-0.07224633626230703,0.4668794316489393,0.25050467046685393,0.5581175088882446,ACCUMULATION,4,NONE,,True,True,2187,568,1619,2.8503521126760565,0.0,2020-06-07T00:00:00+0000,-0.10053142931664061
2020-04-09T00:00:00+0000,2020-04-10T00:00:00+0000,2019-12-31T23:59:59+0000,XGB_V3_1_Y2020_N2187_P568_SEED42,7283.54,-0.011418726252836575,-0.09873993187533392,-0.07733892304691381,-0.04319932396172321,-0.08204403038873187,0.3724118164891085,0.2583639077651367,0.5688789486885071,ACCUMULATION,4,NONE,,True,True,2187,568,1619,2.8503521126760565,0.0,2020-06-08T00:00:00+0000,-0.09093105824914816
2020-04-10T00:00:00+0000,2020-04-11T00:00:00+0000,2019-12-31T23:59:59+0000,XGB_V3_1_Y2020_N2187_P568_SEED42,6858.92,-0.062081827402610146,-0.14978644906548766,-0.07623302649480801,-0.04237214563635372,-0.06824356633628925,0.10824612756997144,0.25050474083811164,0.25400465726852417,ACCUMULATION,4,NONE,,True,True,2187,568,1619,2.8503521126760565,0.0,2020-06-09T00:00:00+0000,-0.03465268584558501
2020-04-11T00:00:00+0000,2020-04-12T00:00:00+0000,2019-12-31T23:59:59+0000,XGB_V3_1_Y2020_N2187_P568_SEED42,6876.83,-0.05237556179175307,-0.14671157628329623,-0.07494041728133005,-0.04062628489528575,-0.0658105655538167,0.09860312497964728,0.21991674201093697,0.3589358627796173,ACCUMULATION,4,NONE,,True,True,2187,568,1619,2.8503521126760565,0.0,2020-06-10T00:00:00+0000,-0.037166834137240534
2020-04-12T00:00:00+0000,2020-04-13T00:00:00+0000,2019-12-31T23:59:59+0000,XGB_V3_1_Y2020_N2187_P568_SEED42,6903.79,-0.04140303985563076,-0.14255441604117858,-0.07360115319456739,-0.03919163953631,-0.06214815901582327,0.10300012976468328,0.21723255064726593,0.4794495105743408,ACCUMULATION,4,NONE,,True,True,2187,568,1619,2.8503521126760565,0.0,2020-06-11T00:00:00+0000,-0.04092679528201182
2020-04-13T00:00:00+0000,2020-04-14T00:00:00+0000,2019-12-31T23:59:59+0000,XGB_V3_1_Y2020_N2187_P568_SEED42,6837.91,-0.04231003350446405,-0.15008968610813012,-0.0732383275922166,-0.037882837063141106,-0.07109768953225526,0.054843954147350625,0.2173555032550174,0.2757367789745331,ACCUMULATION,4,NONE,,True,True,2187,568,1619,2.8503521126760565,0.0,2020-06-12T00:00:00+0000,-0.03168658259614421
2020-04-14T00:00:00+0000,2020-04-15T00:00:00+0000,2019-12-31T23:59:59+0000,XGB_V3_1_Y2020_N2187_P568_SEED42,6868.7,-0.030427362357019594,-0.14556748250788976,-0.07207379634466826,-0.03648885030695981,-0.06691499304468784,0.06924241103979834,0.21721645707392478,0.4026268422603607,ACCUMULATION,4,NONE,,True,True,2187,568,1619,2.8503521126760565,0.0,2020-06-13T00:00:00+0000,-0.03602719583036096
2020-04-15T00:00:00+0000,2020-04-16T00:00:00+0000,2019-12-31T23:59:59+0000,XGB_V3_1_Y2020_N2187_P568_SEED42,6621.24,-0.058193750217627516,-0.17554132323249305,-0.07151486080574077,-0.035327731566046405,-0.10053142931664061,-0.09481598813953666,0.2181934561258279,0.26133400201797485,ACCUMULATION,4,NONE,,True,True,2187,568,1619,2.8503521126760565,0.0,2020-06-14T00:00:00+0000,0.03105007521249803
2020-04-16T00:00:00+0000,2020-04-17T00:00:00+0000,2019-12-31T23:59:59+0000,XGB_V3_1_Y2020_N2187_P568_SEED42,7101.94,0.015041811872087418,-0.11516700784480483,-0.06960259100237876,-0.033604276849840575,-0.0352302860372109,0.20867482988119912,0.21406853374030932,0.6327955722808838,ACCUMULATION,4,NONE,,True,True,2187,568,1619,2.8503521126760565,0.0,2020-06-15T00:00:00+0000,-0.03873730276515985
2020-04-17T00:00:00+0000,2020-04-18T00:00:00+0000,2019-12-31T23:59:59+0000,XGB_V3_1_Y2020_N2187_P568_SEED42,7027.55,0.009591764651561308,-0.12374651677691151,-0.06816105557967433,-0.03211386004902461,-0.045335865501651806,0.13829254758033993,0.2006605087212045,0.6072803735733032,ACCUMULATION,4,NONE,,True,True,2187,568,1619,2.8503521126760565,0.0,2020-06-16T00:00:00+0000,-0.028561874337429183
2020-04-18T00:00:00+0000,2020-04-19T00:00:00+0000,2019-12-31T23:59:59+0000,XGB_V3_1_Y2020_N2187_P568_SEED42,7248.6,0.0456876916358373,-0.09559559885221758,-0.06501011131237944,-0.03024100444606015,-0.015307120500782423,0.3111669866082571,0.15935034475391244,0.5372995734214783,ACCUMULATION,4,NONE,,True,True,2187,568,1619,2.8503521126760565,0.0,2020-06-17T00:00:00+0000,-0.05818640840989986
2020-04-19T00:00:00+0000,2020-04-20T00:00:00+0000,2019-12-31T23:59:59+0000,XGB_V3_1_Y2020_N2187_P568_SEED42,7120.74,0.03141726831973912,-0.11086126245241601,-0.06295467057737447,-0.02862792454721408,-0.03267638236828374,0.17673929681371792,0.1452809399382609,0.606914222240448,ACCUMULATION,4,NONE,,True,True,2187,568,1619,2.8503521126760565,0.0,2020-06-18T00:00:00+0000,-0.04127520454334799
2020-04-20T00:00:00+0000,2020-04-21T00:00:00+0000,2019-12-31T23:59:59+0000,XGB_V3_1_Y2020_N2187_P568_SEED42,6826.83,-0.006246117756551817,-0.14681643879087225,-0.0606023635376044,-0.027155614034267583,-0.07260286254564419,-0.15309340962542606,0.12801501448729422,0.4606734812259674,ACCUMULATION,4,NONE,,True,True,2187,568,1619,2.8503521126760565,0.0,2020-06-19T00:00:00+0000,0.002129831854609021
2020-04-21T00:00:00+0000,2020-04-22T00:00:00+0000,2019-12-31T23:59:59+0000,XGB_V3_1_Y2020_N2187_P568_SEED42,6841.37,0.0019196979237088296,-0.14430645605311332,-0.05906824042998993,-0.02575667302588247,-0.07062766258042075,-0.15508555041640623,0.12192104119521302,0.7014013528823853,ACCUMULATION,4,NONE,,True,True,2187,568,1619,2.8503521126760565,0.0,2020-06-20T00:00:00+0000,0.04147853427018289
2020-04-22T00:00:00+0000,2020-04-23T00:00:00+0000,2019-12-31T23:59:59+0000,XGB_V3_1_Y2020_N2187_P568_SEED42,7125.14,0.048498820524544684,-0.10825527565368531,-0.056430420683574956,-0.024281198225767575,-0.032078660233002876,0.16051269387311837,0.1206531635361861,0.8004330396652222,ACCUMULATION,4,NONE,,True,True,2187,568,1619,2.8503521126760565,0.0,2020-06-21T00:00:00+0000,0.050139365682639214
2020-04-23T00:00:00+0000,2020-04-24T00:00:00+0000,2019-12-31T23:59:59+0000,XGB_V3_1_Y2020_N2187_P568_SEED42,7482.39,0.10519586914028589,-0.06332579662026072,-0.05179411809276635,-0.022408837487483124,0.0,0.49944948472244544,0.12969732523050248,0.7643733024597168,ACCUMULATION,4,NONE,,True,True,2187,568,1619,2.8503521126760565,0.0,2020-06-22T00:00:00+0000,0.0030217617632868343
2020-04-24T00:00:00+0000,2020-04-25T00:00:00+0000,2019-12-31T23:59:59+0000,XGB_V3_1_Y2020_N2187_P568_SEED42,7505.0,0.11363366571699918,-0.0600923476488594,-0.04870733623486634,-0.020832386411137493,0.0,0.45147106726407504,0.13975009611979541,0.7368481755256653,ACCUMULATION,4,NONE,,True,True,2187,568,1619,2.8503521126760565,0.0,2020-06-23T00:00:00+0000,0.004486342438374535
2020-04-25T00:00:00+0000,2020-04-26T00:00:00+0000,2019-12-31T23:59:59+0000,XGB_V3_1_Y2020_N2187_P568_SEED42,7538.67,0.12394402558464424,-0.055503163344692075,-0.04594746968406993,-0.019183296492855217,0.0,0.42658740415673513,0.14557671441448428,0.7152503132820129,ACCUMULATION,4,NONE,,True,True,2187,568,1619,2.8503521126760565,0.0,2020-06-24T00:00:00+0000,0.020485045770673116
2020-04-26T00:00:00+0000,2020-04-27T00:00:00+0000,2019-12-31T23:59:59+0000,XGB_V3_1_Y2020_N2187_P568_SEED42,7693.1,0.1510646738519421,-0.03563094877162187,-0.04476861010273869,-0.017957893659617752,0.0,0.5055749974730427,0.16039637966717568,0.7511878609657288,ACCUMULATION,4,NONE,,True,True,2187,568,1619,2.8503521126760565,0.0,2020-06-25T00:00:00+0000,0.005963785730069615
2020-04-27T00:00:00+0000,2020-04-28T00:00:00+0000,2019-12-31T23:59:59+0000,XGB_V3_1_Y2020_N2187_P568_SEED42,7774.62,0.16416314186258552,-0.024933224571180634,-0.04058350440362757,-0.01664165811489582,0.0,0.49305782949885546,0.17875058377608666,0.7435665130615234,ACCUMULATION,4,NONE,,True,True,2187,568,1619,2.8503521126760565,0.0,2020-06-26T00:00:00+0000,-0.004584146877918194
2020-04-28T00:00:00+0000,2020-04-29T00:00:00+0000,2019-12-31T23:59:59+0000,XGB_V3_1_Y2020_N2187_P568_SEED42,7738.98,0.15948929600883832,-0.0290867675557146,-0.03713623813485056,-0.015368128666173098,-0.004584146877918194,0.42058396699978395,0.19090324935001304,0.7867452502250671,ACCUMULATION,4,NONE,,True,True,2187,568,1619,2.8503521126760565,0.0,2020-06-27T00:00:00+0000,0.10628532442259853
2020-04-29T00:00:00+0000,2020-04-30T00:00:00+0000,2019-12-31T23:59:59+0000,XGB_V3_1_Y2020_N2187_P568_SEED42,8778.57,0.3117706271279024,0.10100715357969126,-0.030662210286964364,-0.013399672029011933,0.0,0.7843163753142172,0.27125976481563363,0.6253029704093933,ACCUMULATION,4,NONE,,True,True,2187,568,1619,2.8503521126760565,0.0,2020-06-28T00:00:00+0000,-0.024724983681852386
2020-04-30T00:00:00+0000,2020-05-01T00:00:00+0000,2019-12-31T23:59:59+0000,XGB_V3_1_Y2020_N2187_P568_SEED42,8620.0,0.28544234457048545,0.08088548195122502,-0.02385482115536497,-0.011447207212071708,-0.018063306438292348,0.5703384345684507,0.3095268502162921,0.6348017454147339,ACCUMULATION,4,NONE,,True,True,2187,568,1619,2.8503521126760565,0.0,2020-06-29T00:00:00+0000,-0.006784222737818979
2020-05-01T00:00:00+0000,2020-05-02T00:00:00+0000,2019-12-31T23:59:59+0000,XGB_V3_1_Y2020_N2187_P568_SEED42,8826.96,0.3006833370613766,0.10650463079990069,-0.006130374204457167,-0.010158887423360463,0.0,0.544834606112216,0.3468198883670125,0.6066514849662781,ACCUMULATION,4,NONE,,True,True,2187,568,1619,2.8503521126760565,0.0,2020-06-30T00:00:00+0000,-0.030071508197612618
2020-05-02T00:00:00+0000,2020-05-03T00:00:00+0000,2019-12-31T23:59:59+0000,XGB_V3_1_Y2020_N2187_P568_SEED42,8972.05,0.30897217224122,0.1241197581802842,0.008639136782658596,-0.008715993312118475,0.0,0.5057198145226984,0.3794594687235075,0.5100048780441284,ACCUMULATION,4,NONE,,True,True,2187,568,1619,2.8503521126760565,0.0,2020-07-01T00:00:00+0000,-0.045756543933660465
2020-05-03T00:00:00+0000,2020-05-04T00:00:00+0000,2019-12-31T23:59:59+0000,XGB_V3_1_Y2020_N2187_P568_SEED42,8894.16,0.2836669667223912,0.11373119710826796,0.023414308270298445,-0.007399997282936055,-0.008681405030065537,0.4188737809733829,0.3954230321605872,0.28839749097824097,ACCUMULATION,4,NONE,,True,True,2187,568,1619,2.8503521126760565,0.0,2020-07-02T00:00:00+0000,-0.037399821905609865
2020-05-04T00:00:00+0000,2020-05-05T00:00:00+0000,2019-12-31T23:59:59+0000,XGB_V3_1_Y2020_N2187_P568_SEED42,8871.96,0.26761730963815555,0.11039416604885677,0.03853961894586888,-0.00609328796652886,-0.011155755930918776,0.3662711293606026,0.40313756041462817,0.3101646304130554,ACCUMULATION,4,NONE,,True,True,2187,568,1619,2.8503521126760565,0.0,2020-07-03T00:00:00+0000,-0.03499114062732456
2020-05-05T00:00:00+0000,2020-05-06T00:00:00+0000,2019-12-31T23:59:59+0000,XGB_V3_1_Y2020_N2187_P568_SEED42,9021.83,0.27448877726644394,0.12839258335678871,0.05537930574461458,-0.004447930927784394,0.0,0.3735614221150164,0.39940190170196094,0.2807323932647705,ACCUMULATION,4,NONE,,True,True,2187,568,1619,2.8503521126760565,0.0,2020-07-04T00:00:00+0000,-0.051021799346695706
2020-05-06T00:00:00+0000,2020-05-07T00:00:00+0000,2019-12-31T23:59:59+0000,XGB_V3_1_Y2020_N2187_P568_SEED42,9142.92,0.27776700889357664,0.14268386318236304,0.07061074281743052,-0.0031194239601343154,0.0,0.36643001926522306,0.4084842268537266,0.13710126280784607,ACCUMULATION,4,NONE,,True,True,2187,568,1619,2.8503521126760565,0.0,2020-07-05T00:00:00+0000,-0.06359018781745873
2020-05-07T00:00:00+0000,2020-05-08T00:00:00+0000,2019-12-31T23:59:59+0000,XGB_V3_1_Y2020_N2187_P568_SEED42,9986.4,0.37795597732559805,0.24672859211428433,0.08519626009696957,-0.0012360666011000943,0.0,0.5265619601134941,0.4421333104595885,0.12162505090236664,ACCUMULATION,4,NONE,,True,True,2187,568,1619,2.8503521126760565,0.0,2020-07-06T00:00:00+0000,-0.14268204758471514
2020-05-08T00:00:00+0000,2020-05-09T00:00:00+0000,2019-12-31T23:59:59+0000,XGB_V3_1_Y2020_N2187_P568_SEED42,9800.01,0.33879753426532666,0.2222363832436003,0.09671714905431461,0.00041419116384822097,-0.018664383561643794,0.4157305824056106,0.4595376276029384,0.11456448584794998,NEW_BULL,0,NONE,,True,True,2187,568,1619,2.8503521126760565,0.0,2020-07-07T00:00:00+0000,-0.12637640165673303
2020-05-09T00:00:00+0000,2020-05-10T00:00:00+0000,2019-12-31T23:59:59+0000,XGB_V3_1_Y2020_N2187_P568_SEED42,9539.4,0.29144146360225065,0.1886074750843043,0.10377476116356665,0.00213678915633686,-0.04476087478971402,0.31306878684441164,0.45541903999881583,0.14613373577594757,NEW_BULL,0,NONE,,True,True,2187,568,1619,2.8503521126760565,0.0,2020-07-08T00:00:00+0000,-0.10250959179822627
2020-05-10T00:00:00+0000,2020-05-11T00:00:00+0000,2019-12-31T23:59:59+0000,XGB_V3_1_Y2020_N2187_P568_SEED42,8722.77,0.17283375939932122,0.08600564156397983,0.10908108647853632,0.003796623918443709,-0.12653508771929822,0.0786746879219695,0.41991405547012156,0.14483797550201416,NEW_BULL,0,NONE,,True,True,2187,568,1619,2.8503521126760565,0.0,2020-07-09T00:00:00+0000,-0.018486100172307673
2020-05-11T00:00:00+0000,2020-05-12T00:00:00+0000,2019-12-31T23:59:59+0000,XGB_V3_1_Y2020_N2187_P568_SEED42,8561.52,0.14271647182405323,0.06516768112511118,0.10400948838574564,0.005328677491523992,-0.14268204758471514,0.009824120717216863,0.37826079088382036,0.17796938121318817,NEW_BULL,0,NONE,,True,True,2187,568,1619,2.8503521126760565,0.0,2020-07-10T00:00:00+0000,0.018550444313626624
2020-05-12T00:00:00+0000,2020-05-13T00:00:00+0000,2019-12-31T23:59:59+0000,XGB_V3_1_Y2020_N2187_P568_SEED42,8810.79,0.1686759059921279,0.0960739966480686,0.0999159210366789,0.006055922809840464,-0.11772110069694774,0.06637314685148472,0.3440081013024909,0.17879801988601685,NEW_BULL,0,NONE,,True,True,2187,568,1619,2.8503521126760565,0.0,2020-07-11T00:00:00+0000,-0.010265821793505547
2020-05-13T00:00:00+0000,2020-05-14T00:00:00+0000,2019-12-31T23:59:59+0000,XGB_V3_1_Y2020_N2187_P568_SEED42,9309.37,0.22646393448748037,0.15804084095576276,0.09550140119817319,0.006339765839523448,-0.06779520147400453,0.21338516939585075,0.3251029264267509,0.17479969561100006,NEW_BULL,0,NONE,,True,True,2187,568,1619,2.8503521126760565,0.0,2020-07-12T00:00:00+0000,-0.06327281008274466
2020-05-14T00:00:00+0000,2020-05-15T00:00:00+0000,2019-12-31T23:59:59+0000,XGB_V3_1_Y2020_N2187_P568_SEED42,9791.98,0.2795448114574062,0.217876702878403,0.09341141502535066,0.006935572931010325,-0.019468477128895323,0.3528267135156517,0.3124100512094049,0.14295731484889984,NEW_BULL,0,NONE,,True,True,2187,568,1619,2.8503521126760565,0.0,2020-07-13T00:00:00+0000,-0.10944058300772663
2020-05-15T00:00:00+0000,2020-05-16T00:00:00+0000,2019-12-31T23:59:59+0000,XGB_V3_1_Y2020_N2187_P568_SEED42,9316.42,0.2092514206700764,0.15864878614905042,0.08836315008593143,0.007402496948511361,-0.06708924136826078,0.16180190834895958,0.2828620104884073,0.18016090989112854,NEW_BULL,0,NONE,,True,True,2187,568,1619,2.8503521126760565,0.0,2020-07-14T00:00:00+0000,-0.06398165819059254
2020-05-16T00:00:00+0000,2020-05-17T00:00:00+0000,2019-12-31T23:59:59+0000,XGB_V3_1_Y2020_N2187_P568_SEED42,9381.27,0.20819007980470472,0.1667330586368161,0.08515836106185137,0.007933822353470399,-0.06059540975726985,0.16969334847356887,0.25436004467974666,0.164590522646904,NEW_BULL,0,NONE,,True,True,2187,568,1619,2.8503521126760565,0.0,2020-07-15T00:00:00+0000,-0.07045208164779393
2020-05-17T00:00:00+0000,2020-05-18T00:00:00+0000,2019-12-31T23:59:59+0000,XGB_V3_1_Y2020_N2187_P568_SEED42,9680.04,0.23570803607741952,0.20349744859595198,0.0809053500826975,0.008758402593997516,-0.03067772170151395,0.286090747170436,0.22755675812586118,0.1329980343580246,BULL,0,NONE,,True,True,2187,568,1619,2.8503521126760565,0.0,2020-07-16T00:00:00+0000,-0.09914215230515588
2020-05-18T00:00:00+0000,2020-05-19T00:00:00+0000,2019-12-31T23:59:59+0000,XGB_V3_1_Y2020_N2187_P568_SEED42,9733.93,0.2304845006253724,0.20975145729866074,0.08068831609360028,0.00945917703593424,-0.02528138268044533,0.3154067334399217,0.18834147898677345,0.1297447234392166,BULL,0,NONE,,True,True,2187,568,1619,2.8503521126760565,0.0,2020-07-17T00:00:00+0000,-0.10412957561848091
2020-05-19T00:00:00+0000,2020-05-20T00:00:00+0000,2019-12-31T23:59:59+0000,XGB_V3_1_Y2020_N2187_P568_SEED42,9775.53,0.22526920368412662,0.2145110837291846,0.0800962571591175,0.009497376150366055,-0.021115717375630783,0.3054765314495205,0.1904918475864687,0.1297447234392166,BULL,0,NONE,,True,True,2187,568,1619,2.8503521126760565,0.0,2020-07-18T00:00:00+0000,-0.10794197347867585
2020-05-20T00:00:00+0000,2020-05-21T00:00:00+0000,2019-12-31T23:59:59+0000,XGB_V3_1_Y2020_N2187_P568_SEED42,9511.43,0.18297086510923544,0.18153644507756383,0.08106997206099997,0.009418155207105094,-0.04756168389009041,0.13632119237846357,0.18088495499632887,0.15332673490047455,BULL,0,NONE,,True,True,2187,568,1619,2.8503521126760565,0.0,2020-07-19T00:00:00+0000,-0.0831725618545266
2020-05-21T00:00:00+0000,2020-05-22T00:00:00+0000,2019-12-31T23:59:59+0000,XGB_V3_1_Y2020_N2187_P568_SEED42,9068.65,0.12113585719009001,0.12662128647164872,0.07962270677433958,0.00903624263471281,-0.09189998397821042,-0.13784128112395574,0.1763772872367755,0.15908251702785492,BULL,0,NONE,,True,True,2187,568,1619,2.8503521126760565,0.0,2020-07-20T00:00:00+0000,-0.03840814233651091
2020-05-22T00:00:00+0000,2020-05-23T00:00:00+0000,2019-12-31T23:59:59+0000,XGB_V3_1_Y2020_N2187_P568_SEED42,9170.0,0.12704462425647334,0.13937032531234417,0.07921373547778465,0.008382563937243903,-0.08175118160698547,-0.08318367191358975,0.1738007378708376,0.15908251702785492,BULL,0,NONE,,True,True,2187,568,1619,2.8503521126760565,0.0,2020-07-21T00:00:00+0000,-0.04903598691384947
2020-05-23T00:00:00+0000,2020-05-24T00:00:00+0000,2019-12-31T23:59:59+0000,XGB_V3_1_Y2020_N2187_P568_SEED42,9179.15,0.12142918787031975,0.14059898087984624,0.07836330631100696,0.007731733753259418,-0.0808349355122967,-0.08848449247830582,0.16932351701062073,0.15908251702785492,BULL,0,NONE,,True,True,2187,568,1619,2.8503521126760565,0.0,2020-07-22T00:00:00+0000,-0.04998393097400078
2020-05-24T00:00:00+0000,2020-05-25T00:00:00+0000,2019-12-31T23:59:59+0000,XGB_V3_1_Y2020_N2187_P568_SEED42,8720.34,0.06054712027806475,0.0840040554093422,0.07445549520536887,0.00683918029461994,-0.12677841864936312,-0.36533441292155944,0.17369197255846444,0.1530594825744629,BULL,0,NONE,,True,True,2187,568,1619,2.8503521126760565,0.0,2020-07-23T00:00:00+0000,0.013857257859211991
2020-05-25T00:00:00+0000,2020-05-26T00:00:00+0000,2019-12-31T23:59:59+0000,XGB_V3_1_Y2020_N2187_P568_SEED42,8900.35,0.07686672466515354,0.10659789576251533,0.07278495725821221,0.005964902902377611,-0.1087529039493711,-0.2471082128787797,0.17603235046994012,0.16043339669704437,BULL,0,NONE,,True,True,2187,568,1619,2.8503521126760565,0.0,2020-07-24T00:00:00+0000,-0.006648053166448564
2020-05-26T00:00:00+0000,2020-05-27T00:00:00+0000,2019-12-31T23:59:59+0000,XGB_V3_1_Y2020_N2187_P568_SEED42,8841.18,0.06580994699050624,0.099195083822331,0.0683267269222052,0.005255898091604427,-0.11467796202835856,-0.2667857468558351,0.18109992342612566,0.16043339669704437,BULL,0,NONE,,True,True,2187,568,1619,2.8503521126760565,0.0,2020-07-25T00:00:00+0000,0.019320950370878
2020-05-27T00:00:00+0000,2020-05-28T00:00:00+0000,2019-12-31T23:59:59+0000,XGB_V3_1_Y2020_N2187_P568_SEED42,9204.07,0.10421405139364692,0.14403134462945055,0.06405815054589237,0.004395946738831924,-0.07833954177681646,-0.030084866399457406,0.16830008811480163,0.16626720130443573,BULL,0,NONE,,True,True,2187,568,1619,2.8503521126760565,0.0,2020-07-26T00:00:00+0000,-0.020867942116911342
2020-05-28T00:00:00+0000,2020-05-29T00:00:00+0000,2019-12-31T23:59:59+0000,XGB_V3_1_Y2020_N2187_P568_SEED42,9575.89,0.1427490925685131,0.18985050827801775,0.059293219486109994,0.0037266074016488737,-0.041106905391332216,0.22336586386068552,0.16289387815481807,0.16909416019916534,BULL,0,NONE,,True,True,2187,568,1619,2.8503521126760565,0.0,2020-07-27T00:00:00+0000,-0.05888643248825953
2020-05-29T00:00:00+0000,2020-05-30T00:00:00+0000,2019-12-31T23:59:59+0000,XGB_V3_1_Y2020_N2187_P568_SEED42,9427.07,0.11926333714001136,0.17085422067766598,0.05568817966478745,0.003208731815482313,-0.05600917247456538,0.12949146806912662,0.161392291581574,0.23437993228435516,BULL,0,NONE,,True,True,2187,568,1619,2.8503521126760565,0.0,2020-07-28T00:00:00+0000,-0.044029587135769654
2020-05-30T00:00:00+0000,2020-05-31T00:00:00+0000,2019-12-31T23:59:59+0000,XGB_V3_1_Y2020_N2187_P568_SEED42,9697.72,0.14368771937579217,0.20381458619764237,0.05460643153338607,0.0029694378338349647,-0.028907313946967883,0.28322520286538055,0.15780298199112414,0.20534230768680573,BULL,0,NONE,,True,True,2187,568,1619,2.8503521126760565,0.0,2020-07-29T00:00:00+0000,-0.07070940385987623
2020-05-31T00:00:00+0000,2020-06-01T00:00:00+0000,2019-12-31T23:59:59+0000,XGB_V3_1_Y2020_N2187_P568_SEED42,9448.27,0.10755165705178804,0.17236105522160972,0.05463919172442466,0.0026699921037312002,-0.05388628534807327,0.0923355023290969,0.14061007904968179,0.22922024130821228,BULL,0,NONE,,True,True,2187,568,1619,2.8503521126760565,0.0,2020-07-30T00:00:00+0000,-0.04617459069226437
2020-06-01T00:00:00+0000,2020-06-02T00:00:00+0000,2019-12-31T23:59:59+0000,XGB_V3_1_Y2020_N2187_P568_SEED42,10200.77,0.18658984814075974,0.26451361459158407,0.056584178717174805,0.00353949774891138,0.0,0.5629879997102804,0.15199736866159994,0.12005800008773804,BULL,0,NONE,,True,True,2187,568,1619,2.8503521126760565,0.0,2020-07-31T00:00:00+0000,-0.1165372810091787
2020-06-02T00:00:00+0000,2020-06-03T00:00:00+0000,2019-12-31T23:59:59+0000,XGB_V3_1_Y2020_N2187_P568_SEED42,9518.04,0.10031155402273528,0.17911597656349,0.05682052861883524,0.004140736437680648,-0.06692926122243703,0.07759592508286405,0.15197553506419648,0.2225712239742279,BULL,0,NONE,,True,True,2187,568,1619,2.8503521126760565,0.0,2020-08-01T00:00:00+0000,-0.053166408210093774
2020-06-03T00:00:00+0000,2020-06-04T00:00:00+0000,2019-12-31T23:59:59+0000,XGB_V3_1_Y2020_N2187_P568_SEED42,9666.24,0.11026262882620474,0.19660426106189122,0.05883527910602471,0.00470793887025045,-0.05240094620308078,0.18869945892787213,0.14962377839795168,0.20281855762004852,BULL,0,NONE,,True,True,2187,568,1619,2.8503521126760565,0.0,2020-08-02T00:00:00+0000,-0.06768298738702949
2020-06-04T00:00:00+0000,2020-06-05T00:00:00+0000,2019-12-31T23:59:59+0000,XGB_V3_1_Y2020_N2187_P568_SEED42,9789.06,0.11624666827099306,0.21084410190772096,0.061049602257372104,0.005438501465548251,-0.04036067865465065,0.25254242794403914,0.15319274900215948,0.13376007974147797,BULL,0,NONE,,True,True,2187,568,1619,2.8503521126760565,0.0,2020-08-03T00:00:00+0000,-0.0793804512384233
2020-06-05T00:00:00+0000,2020-06-06T00:00:00+0000,2019-12-31T23:59:59+0000,XGB_V3_1_Y2020_N2187_P568_SEED42,9621.16,0.09083382399819895,0.18902143025640816,0.06325731120370692,0.006346690950001399,-0.05682022043433976,0.12711527441997297,0.15399166351121504,0.16071835160255432,BULL,0,NONE,,True,True,2187,568,1619,2.8503521126760565,0.0,2020-08-04T00:00:00+0000,-0.06331461071222177
2020-06-06T00:00:00+0000,2020-06-07T00:00:00+0000,2019-12-31T23:59:59+0000,XGB_V3_1_Y2020_N2187_P568_SEED42,9666.3,0.08943305053358563,0.19346972304126497,0.06446915025280497,0.006970819882730073,-0.05239506429416618,0.1588480949488753,0.1538127074021035,0.16071835160255432,BULL,0,NONE,,True,True,2187,568,1619,2.8503521126760565,0.0,2020-08-05T00:00:00+0000,-0.06768877440178755
2020-06-07T00:00:00+0000,2020-06-08T00:00:00+0000,2019-12-31T23:59:59+0000,XGB_V3_1_Y2020_N2187_P568_SEED42,9746.99,0.09237535342251069,0.20220846427165262,0.06480569223513588,0.0076243971861083,-0.044484877122021205,0.21367273541895068,0.15403409149869432,0.12200914323329926,BULL,0,NONE,,True,True,2187,568,1619,2.8503521126760565,0.0,2020-08-06T00:00:00+0000,-0.07540686919756767
2020-06-08T00:00:00+0000,2020-06-09T00:00:00+0000,2019-12-31T23:59:59+0000,XGB_V3_1_Y2020_N2187_P568_SEED42,9782.01,0.08979935256938254,0.2049270725779173,0.06570524476470152,0.008622169823897075,-0.04105180295213007,0.2373437172343939,0.1541580778030619,0.11760134994983673,BULL,0,NONE,,True,True,2187,568,1619,2.8503521126760565,0.0,2020-08-07T00:00:00+0000,-0.07871695081072294
2020-06-09T00:00:00+0000,2020-06-10T00:00:00+0000,2019-12-31T23:59:59+0000,XGB_V3_1_Y2020_N2187_P568_SEED42,9772.43,0.08163297787927659,0.20189333654922814,0.06551720176986375,0.010038543663347665,-0.04199094774218026,0.21756419355786233,0.15693372609983158,0.11760134994983673,BULL,0,NONE,,True,True,2187,568,1619,2.8503521126760565,0.0,2020-08-08T00:00:00+0000,-0.07781380884795286
2020-06-10T00:00:00+0000,2020-06-11T00:00:00+0000,2019-12-31T23:59:59+0000,XGB_V3_1_Y2020_N2187_P568_SEED42,9885.0,0.08677033843688453,0.2138172408243244,0.06622925096785504,0.011716152011588044,-0.030955506300014646,0.2654256712603319,0.15656620270329966,0.1265750229358673,BULL,0,NONE,,True,True,2187,568,1619,2.8503521126760565,0.0,2020-08-09T00:00:00+0000,-0.08831562974203333
2020-06-11T00:00:00+0000,2020-06-12T00:00:00+0000,2019-12-31T23:59:59+0000,XGB_V3_1_Y2020_N2187_P568_SEED42,9280.4,0.015487352956547129,0.13791531398420354,0.06306507221191904,0.013333316601031875,-0.090225541797335,-0.1467614434989179,0.15478760404622868,0.10468869656324387,BULL,0,NONE,,True,True,2187,568,1619,2.8503521126760565,0.0,2020-08-10T00:00:00+0000,-0.028921167191069297
2020-06-12T00:00:00+0000,2020-06-13T00:00:00+0000,2019-12-31T23:59:59+0000,XGB_V3_1_Y2020_N2187_P568_SEED42,9465.13,0.03122639188592302,0.15889236878325974,0.06106187872772617,0.014878360473974395,-0.07211612456706706,-0.031421239153291716,0.15156148755464136,0.10214150696992874,BULL,0,NONE,,True,True,2187,568,1619,2.8503521126760565,0.0,2020-08-11T00:00:00+0000,-0.04787361610458596
2020-06-13T00:00:00+0000,2020-06-14T00:00:00+0000,2019-12-31T23:59:59+0000,XGB_V3_1_Y2020_N2187_P568_SEED42,9473.34,0.027712995501961712,0.15825452307344712,0.05876462929382198,0.016708860790963787,-0.07131128336390291,-0.05989587259940635,0.13067372086596976,0.14334438741207123,BULL,0,NONE,,True,True,2187,568,1619,2.8503521126760565,0.0,2020-08-12T00:00:00+0000,-0.048698769388621166
2020-06-14T00:00:00+0000,2020-06-15T00:00:00+0000,2019-12-31T23:59:59+0000,XGB_V3_1_Y2020_N2187_P568_SEED42,9342.1,0.00952529110423228,0.1409296320190816,0.055228454119703896,0.018048355742561695,-0.08417697879669872,-0.20420976451151115,0.11669456473310559,0.14880158007144928,BULL,0,NONE,,True,True,2187,568,1619,2.8503521126760565,0.0,2020-08-13T00:00:00+0000,-0.03533466779417904
2020-06-15T00:00:00+0000,2020-06-16T00:00:00+0000,2019-12-31T23:59:59+0000,XGB_V3_1_Y2020_N2187_P568_SEED42,9426.02,0.014793190086811459,0.14976981994924587,0.053129968676209005,0.01925299646091494,-0.07595014886131146,-0.1908831840137593,0.09462120381322348,0.14401821792125702,BULL,0,NONE,,True,True,2187,568,1619,2.8503521126760565,0.0,2020-08-14T00:00:00+0000,-0.043923097977725534
2020-06-16T00:00:00+0000,2020-06-17T00:00:00+0000,2019-12-31T23:59:59+0000,XGB_V3_1_Y2020_N2187_P568_SEED42,9525.59,0.02166095973422899,0.1606510043438436,0.050812821893187365,0.020112909963665215,-0.06618912101733498,-0.10741836574662568,0.08702521775040477,0.15075677633285522,DISTRIBUTION,1,NONE,,True,True,2187,568,1619,2.8503521126760565,0.0,2020-08-15T00:00:00+0000,-0.05391687024110847
2020-06-17T00:00:00+0000,2020-06-18T00:00:00+0000,2019-12-31T23:59:59+0000,XGB_V3_1_Y2020_N2187_P568_SEED42,9465.14,0.011432339692963422,0.15193571901878666,0.048797343598631304,0.020967808632265772,-0.07211514424891463,-0.17105730354495283,0.0880852740530905,0.17466114461421967,DISTRIBUTION,1,NONE,,True,True,2187,568,1619,2.8503521126760565,0.0,2020-08-16T00:00:00+0000,-0.04787462203411674
2020-06-18T00:00:00+0000,2020-06-19T00:00:00+0000,2019-12-31T23:59:59+0000,XGB_V3_1_Y2020_N2187_P568_SEED42,9386.32,0.0017086522244398328,0.14095768377684204,0.04393239400642601,0.021767095164416883,-0.07984201192655072,-0.25938819427494575,0.088910847533825,0.1800476759672165,DISTRIBUTION,1,NONE,,True,True,2187,568,1619,2.8503521126760565,0.0,2020-08-17T00:00:00+0000,-0.039879313724654586
2020-06-19T00:00:00+0000,2020-06-20T00:00:00+0000,2019-12-31T23:59:59+0000,XGB_V3_1_Y2020_N2187_P568_SEED42,9310.23,-0.0078733058869489,0.130323608450156,0.03865335137510417,0.022462931265403663,-0.08730125274856715,-0.31347302480712796,0.09258837344526029,0.16253164410591125,DISTRIBUTION,1,NONE,,True,True,2187,568,1619,2.8503521126760565,0.0,2020-08-18T00:00:00+0000,-0.03203250617868725
2020-06-20T00:00:00+0000,2020-06-21T00:00:00+0000,2019-12-31T23:59:59+0000,XGB_V3_1_Y2020_N2187_P568_SEED42,9358.95,-0.00381104186040504,0.13481516767450508,0.0328720047301172,0.023319106350142116,-0.08252514270981504,-0.2494663574311253,0.09415321673639318,0.16701950132846832,EARLY_BEAR,2,NONE,,True,True,2187,568,1619,2.8503521126760565,0.0,2020-08-19T00:00:00+0000,-0.037071466350391935
2020-06-21T00:00:00+0000,2020-06-22T00:00:00+0000,2019-12-31T23:59:59+0000,XGB_V3_1_Y2020_N2187_P568_SEED42,9294.69,-0.011330098840716785,0.1255900280562825,0.028706349384899355,0.02363523568971493,-0.08882466715747928,-0.33086199944956524,0.0773339846318503,0.15575054287910461,EARLY_BEAR,2,NONE,,True,True,2187,568,1619,2.8503521126760565,0.0,2020-08-20T00:00:00+0000,-0.030414139686207986
2020-06-22T00:00:00+0000,2020-06-23T00:00:00+0000,2019-12-31T23:59:59+0000,XGB_V3_1_Y2020_N2187_P568_SEED42,9685.69,0.028528378331138082,0.17131137348484504,0.025986678895220106,0.02439441707159995,-0.05049422739655929,0.1851523430786257,0.07838006452094616,0.1407247930765152,EARLY_BEAR,2,NONE,,True,True,2187,568,1619,2.8503521126760565,0.0,2020-08-21T00:00:00+0000,-0.06955518915017933
2020-06-23T00:00:00+0000,2020-06-24T00:00:00+0000,2019-12-31T23:59:59+0000,XGB_V3_1_Y2020_N2187_P568_SEED42,9624.89,0.02044022920123445,0.16248440358376115,0.023238628454111288,0.024947477637620397,-0.05645456176347485,0.10729730470699743,0.07793505030788993,0.15295535326004028,EARLY_BEAR,2,NONE,,True,True,2187,568,1619,2.8503521126760565,0.0,2020-08-22T00:00:00+0000,-0.0636776108610072
2020-06-24T00:00:00+0000,2020-06-25T00:00:00+0000,2019-12-31T23:59:59+0000,XGB_V3_1_Y2020_N2187_P568_SEED42,9296.49,-0.014950746424748917,0.12159579129367959,0.019844016072092963,0.025250230767424275,-0.08864820989003774,-0.3032257163284995,0.07757729697206853,0.1527387499809265,EARLY_BEAR,2,NONE,,True,True,2187,568,1619,2.8503521126760565,0.0,2020-08-23T00:00:00+0000,-0.030601872319552803
2020-06-25T00:00:00+0000,2020-06-26T00:00:00+0000,2019-12-31T23:59:59+0000,XGB_V3_1_Y2020_N2187_P568_SEED42,9249.49,-0.020152122302266373,0.11475570622634357,0.016268157530277882,0.02541656335044329,-0.09325570520656778,-0.3283969093808748,0.08087793221689289,0.14436893165111542,EARLY_BEAR,2,NONE,,True,True,2187,568,1619,2.8503521126760565,0.0,2020-08-24T00:00:00+0000,-0.02567601024488919
2020-06-26T00:00:00+0000,2020-06-27T00:00:00+0000,2019-12-31T23:59:59+0000,XGB_V3_1_Y2020_N2187_P568_SEED42,9162.21,-0.02770031265053885,0.10302454992013721,0.010683112390803329,0.025572104107382643,-0.10181192204117939,-0.38970068689517046,0.08514499404491263,0.16563215851783752,EARLY_BEAR,2,NONE,,True,True,2187,568,1619,2.8503521126760565,0.0,2020-08-25T00:00:00+0000,-0.01639451617022525
2020-06-27T00:00:00+0000,2020-06-28T00:00:00+0000,2019-12-31T23:59:59+0000,XGB_V3_1_Y2020_N2187_P568_SEED42,9012.0,-0.04203852161670052,0.08377464349397257,0.0052704836757129225,0.025631753363948517,-0.1165372810091787,-0.4961843855445223,0.09135611300627831,0.26748281717300415,EARLY_BEAR,2,NONE,,True,True,2187,568,1619,2.8503521126760565,0.0,2020-08-26T00:00:00+0000,0.005133155792276911
2020-06-28T00:00:00+0000,2020-06-29T00:00:00+0000,2019-12-31T23:59:59+0000,XGB_V3_1_Y2020_N2187_P568_SEED42,9116.35,-0.03007393731900876,0.09506842209149169,0.0030635060993822183,0.025445054085212693,-0.10630766108832956,-0.343015392063176,0.08996203984232615,0.2574450671672821,EARLY_BEAR,2,NONE,,True,True,2187,568,1619,2.8503521126760565,0.0,2020-08-27T00:00:00+0000,-0.006372067768350309
2020-06-29T00:00:00+0000,2020-06-30T00:00:00+0000,2019-12-31T23:59:59+0000,XGB_V3_1_Y2020_N2187_P568_SEED42,9192.56,-0.02294236459392851,0.1029017073538856,0.0025891842319905045,0.025092422692968963,-0.09883665644848383,-0.23274542303021895,0.0847931232230038,0.251395583152771,EARLY_BEAR,2,NONE,,True,True,2187,568,1619,2.8503521126760565,0.0,2020-08-28T00:00:00+0000,-0.014609640839983506
2020-06-30T00:00:00+0000,2020-07-01T00:00:00+0000,2019-12-31T23:59:59+0000,XGB_V3_1_Y2020_N2187_P568_SEED42,9138.55,-0.029872955400897183,0.09518652844410114,0.0026821352146557675,0.02462707476025039,-0.10413135478988367,-0.3008361703427635,0.07180214346348292,0.2502213716506958,EARLY_BEAR,2,NONE,,True,True,2187,568,1619,2.8503521126760565,0.0,2020-08-29T00:00:00+0000,-0.00878585771265672
2020-07-01T00:00:00+0000,2020-07-02T00:00:00+0000,2019-12-31T23:59:59+0000,XGB_V3_1_Y2020_N2187_P568_SEED42,9232.0,-0.020828189287317334,0.1049504088274622,0.002889990737997561,0.0244629476594882,-0.06605968639352555,-0.15677135405397458,0.07233147484164423,0.25806063413619995,EARLY_BEAR,2,NONE,,True,True,2187,568,1619,2.8503521126760565,0.0,2020-08-30T00:00:00+0000,-0.018819324090121325
2020-07-02T00:00:00+0000,2020-07-03T00:00:00+0000,2019-12-31T23:59:59+0000,XGB_V3_1_Y2020_N2187_P568_SEED42,9086.54,-0.03580032740942163,0.08626145795920981,0.0007308243403776338,0.024190379709267074,-0.08077491148204341,-0.33268735844093095,0.07496614792786563,0.2639908194541931,EARLY_BEAR,2,NONE,,True,True,2187,568,1619,2.8503521126760565,0.0,2020-08-31T00:00:00+0000,-0.0031122957693467956
2020-07-03T00:00:00+0000,2020-07-04T00:00:00+0000,2019-12-31T23:59:59+0000,XGB_V3_1_Y2020_N2187_P568_SEED42,9058.26,-0.0373021427330249,0.08148016525540736,-0.0024226641124657222,0.02406401067517039,-0.08363581183611535,-0.33387935796836693,0.07728947777861145,0.26380303502082825,EARLY_BEAR,2,NONE,,True,True,2187,568,1619,2.8503521126760565,0.0,2020-09-01T00:00:00+0000,0.0012309207287051205
2020-07-04T00:00:00+0000,2020-07-05T00:00:00+0000,2019-12-31T23:59:59+0000,XGB_V3_1_Y2020_N2187_P568_SEED42,9135.46,-0.028723851633561726,0.08906431524863323,-0.0033867972000052315,0.024451116988929433,-0.07582599898836628,-0.20848938537255265,0.07870776678091441,0.27024713158607483,EARLY_BEAR,2,NONE,,True,True,2187,568,1619,2.8503521126760565,0.0,2020-09-02T00:00:00+0000,-0.007230068327155892
2020-07-05T00:00:00+0000,2020-07-06T00:00:00+0000,2019-12-31T23:59:59+0000,XGB_V3_1_Y2020_N2187_P568_SEED42,9069.41,-0.03510638979220415,0.08003693776081144,-0.004272562988200224,0.024290098385921555,-0.08250784016186141,-0.269984766836663,0.08016358330455196,0.26380303502082825,EARLY_BEAR,2,NONE,,True,True,2187,568,1619,2.8503521126760565,0.0,2020-09-03T00:00:00+0000,0.007090869196562988
2020-07-06T00:00:00+0000,2020-07-07T00:00:00+0000,2019-12-31T23:59:59+0000,XGB_V3_1_Y2020_N2187_P568_SEED42,9344.2,-0.005160597648051435,0.11130877992509336,-0.003243556465514219,0.02451222900690886,-0.05470915528578646,0.11734362276795399,0.07658717100272304,0.2781759798526764,EARLY_BEAR,2,NONE,,True,True,2187,568,1619,2.8503521126760565,0.0,2020-09-04T00:00:00+0000,-0.0225252027995978
2020-07-07T00:00:00+0000,2020-07-08T00:00:00+0000,2019-12-31T23:59:59+0000,XGB_V3_1_Y2020_N2187_P568_SEED42,9257.39,-0.013401802232322901,0.09963115800542877,-0.002586814886934019,0.02457257351478992,-0.06349114820435009,0.009948737530229753,0.07395283378140435,0.2867876887321472,EARLY_BEAR,2,NONE,,True,True,2187,568,1619,2.8503521126760565,0.0,2020-09-05T00:00:00+0000,-0.01335905692641226
2020-07-08T00:00:00+0000,2020-07-09T00:00:00+0000,2019-12-31T23:59:59+0000,XGB_V3_1_Y2020_N2187_P568_SEED42,9436.06,0.006367977924377266,0.11932310563686999,-0.0024112951235294444,0.024729894831501564,-0.04541628730399605,0.26393362231202094,0.07492803978419635,0.2511700391769409,EARLY_BEAR,2,NONE,,True,True,2187,568,1619,2.8503521126760565,0.0,2020-09-06T00:00:00+0000,-0.03204091538205567
2020-07-09T00:00:00+0000,2020-07-10T00:00:00+0000,2019-12-31T23:59:59+0000,XGB_V3_1_Y2020_N2187_P568_SEED42,9232.43,-0.014763095922645242,0.09404491462590014,-0.004000632965531992,0.02452665150115796,-0.0660161861406171,-0.02422420832280901,0.07476319757172195,0.28537359833717346,EARLY_BEAR,2,NONE,,True,True,2187,568,1619,2.8503521126760565,0.0,2020-09-07T00:00:00+0000,-0.010691659725554525
2020-07-10T00:00:00+0000,2020-07-11T00:00:00+0000,2019-12-31T23:59:59+0000,XGB_V3_1_Y2020_N2187_P568_SEED42,9288.34,-0.009261212607513003,0.099386213886683,-0.004754419231741802,0.024438337001515542,-0.041024439146823855,0.06229834337583942,0.07411516804032572,0.24580411612987518,EARLY_BEAR,2,NONE,,True,True,2187,568,1619,2.8503521126760565,0.0,2020-09-08T00:00:00+0000,-0.016646677447208047
2020-07-11T00:00:00+0000,2020-07-12T00:00:00+0000,2019-12-31T23:59:59+0000,XGB_V3_1_Y2020_N2187_P568_SEED42,9234.03,-0.015188697295329234,0.09167988701610974,-0.005507841435258731,0.02433331906771441,-0.046631680344921156,-0.012558330214885853,0.07398435147179035,0.24737724661827087,EARLY_BEAR,2,NONE,,True,True,2187,568,1619,2.8503521126760565,0.0,2020-09-09T00:00:00+0000,-0.010863079283909727
2020-07-12T00:00:00+0000,2020-07-13T00:00:00+0000,2019-12-31T23:59:59+0000,XGB_V3_1_Y2020_N2187_P568_SEED42,9302.75,-0.008121192657831067,0.09844188272732057,-0.004775231842496508,0.02417945944958899,-0.039536677304353174,0.14295127446590009,0.06012824220057623,0.23470087349414825,EARLY_BEAR,2,NONE,,True,True,2187,568,1619,2.8503521126760565,0.0,2020-09-10T00:00:00+0000,-0.018169895998495167
2020-07-13T00:00:00+0000,2020-07-14T00:00:00+0000,2019-12-31T23:59:59+0000,XGB_V3_1_Y2020_N2187_P568_SEED42,9242.62,-0.01562870565583374,0.09002869088092269,-0.0021129644301960404,0.024114532001952016,-0.04574480496485023,0.09196420180728442,0.04520294779219951,0.2732796370983124,EARLY_BEAR,2,NONE,,True,True,2187,568,1619,2.8503521126760565,0.0,2020-09-11T00:00:00+0000,-0.011782373396288182
2020-07-14T00:00:00+0000,2020-07-15T00:00:00+0000,2019-12-31T23:59:59+0000,XGB_V3_1_Y2020_N2187_P568_SEED42,9255.85,-0.014965571765135244,0.09030240921452393,-0.0009730559342473466,0.024204549420137944,-0.044378872336405584,0.13044263957569535,0.04459021129672214,0.2700628638267517,DISTRIBUTION,1,NONE,,True,True,2187,568,1619,2.8503521126760565,0.0,2020-09-12T00:00:00+0000,-0.013194898361576834
2020-07-15T00:00:00+0000,2020-07-16T00:00:00+0000,2019-12-31T23:59:59+0000,XGB_V3_1_Y2020_N2187_P568_SEED42,9197.6,-0.021906711917412114,0.08224151236685606,0.00044826319873614295,0.02426479720785646,-0.050392899215234044,-0.005221183253295389,0.04435448050555832,0.26547715067863464,DISTRIBUTION,1,NONE,,True,True,2187,568,1619,2.8503521126760565,0.0,2020-09-13T00:00:00+0000,-0.006945290075672017
2020-07-16T00:00:00+0000,2020-07-17T00:00:00+0000,2019-12-31T23:59:59+0000,XGB_V3_1_Y2020_N2187_P568_SEED42,9133.72,-0.028554502432676654,0.07362251193300007,0.0010138968126194303,0.02419115644272507,-0.05698819598810212,-0.15718523804037313,0.04467029062384933,0.43098488450050354,DISTRIBUTION,1,NONE,,True,True,2187,568,1619,2.8503521126760565,0.0,2020-09-14T00:00:00+0000,0.0022553789693575688
2020-07-17T00:00:00+0000,2020-07-18T00:00:00+0000,2019-12-31T23:59:59+0000,XGB_V3_1_Y2020_N2187_P568_SEED42,9154.32,-0.02548963442086205,0.07483843452894412,0.0011320942528734168,0.024237576053106835,-0.0548613469974778,-0.13570570709375307,0.040906854202941434,0.26864105463027954,DISTRIBUTION,1,NONE,,True,True,2187,568,1619,2.8503521126760565,0.0,2020-09-15T00:00:00+0000,0.000705677756512868
2020-07-18T00:00:00+0000,2020-07-19T00:00:00+0000,2019-12-31T23:59:59+0000,XGB_V3_1_Y2020_N2187_P568_SEED42,9170.28,-0.0232566254250699,0.07546536381319457,0.0013092725746333134,0.02425108652178687,-0.053213555255226974,-0.10248141212028633,0.04009755677859454,0.26864105463027954,DISTRIBUTION,1,NONE,,True,True,2187,568,1619,2.8503521126760565,0.0,2020-09-16T00:00:00+0000,-0.0010359552816271433
2020-07-19T00:00:00+0000,2020-07-20T00:00:00+0000,2019-12-31T23:59:59+0000,XGB_V3_1_Y2020_N2187_P568_SEED42,9208.99,-0.01811129744519313,0.07873490696355234,0.0008624263128984566,0.024230265416947505,-0.04921693756459278,0.00013552085423946435,0.04006399292061579,0.26785799860954285,DISTRIBUTION,1,NONE,,True,True,2187,568,1619,2.8503521126760565,0.0,2020-09-17T00:00:00+0000,-0.005235101786406404
2020-07-20T00:00:00+0000,2020-07-21T00:00:00+0000,2019-12-31T23:59:59+0000,XGB_V3_1_Y2020_N2187_P568_SEED42,9160.78,-0.022652412006891942,0.07170978146194362,-0.00021994278628933994,0.02439172044952631,-0.05419438367323337,-0.1346026148789787,0.039744791994368395,0.4332565665245056,DISTRIBUTION,1,NONE,,True,True,2187,568,1619,2.8503521126760565,0.0,2020-09-18T00:00:00+0000,0.02502188678256645
2020-07-21T00:00:00+0000,2020-07-22T00:00:00+0000,2019-12-31T23:59:59+0000,XGB_V3_1_Y2020_N2187_P568_SEED42,9390.0,0.0035387834074747104,0.09721345699470385,-0.0020858649428580067,0.024286521540351158,-0.030528542623189492,0.4321313101299297,0.0431917437142994,0.1986222118139267,DISTRIBUTION,1,NONE,,True,True,2187,568,1619,2.8503521126760565,0.0,2020-09-19T00:00:00+0000,0.013648562300319522
2020-07-22T00:00:00+0000,2020-07-23T00:00:00+0000,2019-12-31T23:59:59+0000,XGB_V3_1_Y2020_N2187_P568_SEED42,9518.16,0.017235384097263662,0.1107844374177378,-0.002348629127581603,0.024375168250089008,-0.011088957899778595,0.6089610150053772,0.04952043948591674,0.11838644742965698,DISTRIBUTION,1,NONE,,True,True,2187,568,1619,2.8503521126760565,0.0,2020-09-20T00:00:00+0000,0.0020634240231305334
2020-07-23T00:00:00+0000,2020-07-24T00:00:00+0000,2019-12-31T23:59:59+0000,XGB_V3_1_Y2020_N2187_P568_SEED42,9603.27,0.0264695133871784,0.11925103220703193,-0.0035926396545130634,0.02439019381620633,0.0,0.6393085330140235,0.056797444488239895,0.09985550493001938,DISTRIBUTION,1,NONE,,True,True,2187,568,1619,2.8503521126760565,0.0,2020-09-21T00:00:00+0000,-0.006817469466129933
2020-07-24T00:00:00+0000,2020-07-25T00:00:00+0000,2019-12-31T23:59:59+0000,XGB_V3_1_Y2020_N2187_P568_SEED42,9537.8,0.020019472962917506,0.11046882851080575,-0.004881384437668168,0.023917455585088288,-0.006817469466129933,0.446676580296588,0.060483471455837434,0.11593764275312424,DISTRIBUTION,1,NONE,,True,True,2187,568,1619,2.8503521126760565,0.0,2020-09-22T00:00:00+0000,0.01705005347145061
2020-07-25T00:00:00+0000,2020-07-26T00:00:00+0000,2019-12-31T23:59:59+0000,XGB_V3_1_Y2020_N2187_P568_SEED42,9700.42,0.03723501797600148,0.12838084615267764,-0.005467160349831857,0.023751158353938706,0.0,0.6050505984914955,0.06774750236062663,0.08827629685401917,DISTRIBUTION,1,NONE,,True,True,2187,568,1619,2.8503521126760565,0.0,2020-09-23T00:00:00+0000,0.023825772492325203
2020-07-26T00:00:00+0000,2020-07-27T00:00:00+0000,2019-12-31T23:59:59+0000,XGB_V3_1_Y2020_N2187_P568_SEED42,9931.54,0.06134592120255111,0.15400654026200655,-0.004754123904045948,0.023530871039842305,0.0,0.705322706915492,0.08853364468201642,0.12444986402988434,DISTRIBUTION,1,NONE,,True,True,2187,568,1619,2.8503521126760565,0.0,2020-09-24T00:00:00+0000,0.01964549304538865
2020-07-27T00:00:00+0000,2020-07-28T00:00:00+0000,2019-12-31T23:59:59+0000,XGB_V3_1_Y2020_N2187_P568_SEED42,11029.96,0.1755065076617297,0.27925132420389165,-0.0011293024235780047,0.024180585540385824,0.0,0.9495340068927998,0.1778430513030462,0.13542792201042175,DISTRIBUTION,1,NONE,,True,True,2187,568,1619,2.8503521126760565,0.0,2020-09-25T00:00:00+0000,-0.08189603588770944
2020-07-28T00:00:00+0000,2020-07-29T00:00:00+0000,2019-12-31T23:59:59+0000,XGB_V3_1_Y2020_N2187_P568_SEED42,10906.27,0.15954571259177652,0.2629216331770958,0.0018120432892227978,0.024388318900906647,-0.011214002589311156,0.6613054485360724,0.22202521824140797,0.1745075285434723,DISTRIBUTION,1,NONE,,True,True,2187,568,1619,2.8503521126760565,0.0,2020-09-26T00:00:00+0000,-0.07148365114745925
2020-07-29T00:00:00+0000,2020-07-30T00:00:00+0000,2019-12-31T23:59:59+0000,XGB_V3_1_Y2020_N2187_P568_SEED42,11100.53,0.17687572098749715,0.28312793622511334,0.005688243419781802,0.025162903871164488,0.0,0.5973899753494686,0.2609693315840942,0.1892542839050293,DISTRIBUTION,1,NONE,,True,True,2187,568,1619,2.8503521126760565,0.0,2020-09-27T00:00:00+0000,-0.0877327478958213
2020-07-30T00:00:00+0000,2020-07-31T00:00:00+0000,2019-12-31T23:59:59+0000,XGB_V3_1_Y2020_N2187_P568_SEED42,11099.61,0.17375523061156306,0.28086393361318995,0.008896861203942397,0.025691850270641137,-8.287892560088217e-05,0.5013484610758815,0.28923355061641665,0.18554508686065674,DISTRIBUTION,1,NONE,,True,True,2187,568,1619,2.8503521126760565,0.0,2020-09-28T00:00:00+0000,-0.0876571338992993
2020-07-31T00:00:00+0000,2020-08-01T00:00:00+0000,2019-12-31T23:59:59+0000,XGB_V3_1_Y2020_N2187_P568_SEED42,11335.46,0.19350836134761584,0.30565074459386343,0.015037884390622258,0.026398847745908283,0.0,0.49406249534556607,0.31736480115966026,0.11376847326755524,DISTRIBUTION,1,NONE,,True,True,2187,568,1619,2.8503521126760565,0.0,2020-09-29T00:00:00+0000,-0.10663969525718409
2020-08-01T00:00:00+0000,2020-08-02T00:00:00+0000,2019-12-31T23:59:59+0000,XGB_V3_1_Y2020_N2187_P568_SEED42,11801.17,0.2364604501908496,0.35695499500115146,0.020030821350648598,0.026893385433364614,0.0,0.5324285957717044,0.35528606466464097,0.09769679605960846,DISTRIBUTION,1,NONE,,True,True,2187,568,1619,2.8503521126760565,0.0,2020-09-30T00:00:00+0000,-0.1418944053852288
2020-08-02T00:00:00+0000,2020-08-03T00:00:00+0000,2019-12-31T23:59:59+0000,XGB_V3_1_Y2020_N2187_P568_SEED42,11071.35,0.15612259662335592,0.27139219704979967,0.02358427774673877,0.02698445534895355,-0.06184302064964742,0.29311007377731174,0.35972052949203814,0.1381884515285492,DISTRIBUTION,1,NONE,,True,True,2187,568,1619,2.8503521126760565,0.0,2020-10-01T00:00:00+0000,-0.08532834749149842
2020-08-03T00:00:00+0000,2020-08-04T00:00:00+0000,2019-12-31T23:59:59+0000,XGB_V3_1_Y2020_N2187_P568_SEED42,11219.81,0.16704880707805247,0.28659408754136706,0.02815060388921542,0.027246369607256904,-0.049262912067193354,0.30081288921513616,0.3636271244921794,0.136116161942482,DISTRIBUTION,1,NONE,,True,True,2187,568,1619,2.8503521126760565,0.0,2020-10-02T00:00:00+0000,-0.09743123992295766
2020-08-04T00:00:00+0000,2020-08-05T00:00:00+0000,2019-12-31T23:59:59+0000,XGB_V3_1_Y2020_N2187_P568_SEED42,11191.97,0.15989180394127978,0.2817270452443703,0.031752880153965934,0.02744991178047873,-0.051622000191506534,0.2651477180619756,0.361407065058366,0.1381884515285492,DISTRIBUTION,1,NONE,,True,True,2187,568,1619,2.8503521126760565,0.0,2020-10-03T00:00:00+0000,-0.09518610217861556
2020-08-05T00:00:00+0000,2020-08-06T00:00:00+0000,2019-12-31T23:59:59+0000,XGB_V3_1_Y2020_N2187_P568_SEED42,11744.91,0.21162282941445398,0.34287554814353194,0.03591138133345462,0.028058534015202863,-0.004767323917882704,0.3705545139482261,0.3655354076295302,0.10631296038627625,DISTRIBUTION,1,NONE,,True,True,2187,568,1619,2.8503521126760565,0.0,2020-10-04T00:00:00+0000,-0.13778394215025913
2020-08-06T00:00:00+0000,2020-08-07T00:00:00+0000,2019-12-31T23:59:59+0000,XGB_V3_1_Y2020_N2187_P568_SEED42,11762.46,0.20770889394660652,0.3425330114438987,0.037975243125041525,0.028703658363708806,-0.0032801832360690453,0.3382782725985766,0.36357544818149784,0.10380663722753525,DISTRIBUTION,1,NONE,,True,True,2187,568,1619,2.8503521126760565,0.0,2020-10-05T00:00:00+0000,-0.1390703985390811
2020-08-07T00:00:00+0000,2020-08-08T00:00:00+0000,2019-12-31T23:59:59+0000,XGB_V3_1_Y2020_N2187_P568_SEED42,11594.23,0.18506290245114276,0.32110619904992777,0.04018871484816722,0.02924321519939621,-0.017535549441284215,0.2677972399415064,0.3520073318126977,0.10529123246669769,DISTRIBUTION,1,NONE,,True,True,2187,568,1619,2.8503521126760565,0.0,2020-10-06T00:00:00+0000,-0.12657847912280507
2020-08-08T00:00:00+0000,2020-08-09T00:00:00+0000,2019-12-31T23:59:59+0000,XGB_V3_1_Y2020_N2187_P568_SEED42,11761.41,0.19615694000179773,0.33784958135446885,0.04245691335037516,0.029804614528146534,-0.0033691574648954115,0.2858012913361568,0.33881521820818455,0.12610739469528198,DISTRIBUTION,1,NONE,,True,True,2187,568,1619,2.8503521126760565,0.0,2020-10-07T00:00:00+0000,-0.13899353903996203
2020-08-09T00:00:00+0000,2020-08-10T00:00:00+0000,2019-12-31T23:59:59+0000,XGB_V3_1_Y2020_N2187_P568_SEED42,11681.68,0.1824616915240782,0.3265175278849979,0.04469146527086276,0.03023678727548007,-0.010125267240451596,0.24311535173593174,0.31566003291368727,0.1286935806274414,DISTRIBUTION,1,NONE,,True,True,2187,568,1619,2.8503521126760565,0.0,2020-10-08T00:00:00+0000,-0.13311698317365317
2020-08-10T00:00:00+0000,2020-08-11T00:00:00+0000,2019-12-31T23:59:59+0000,XGB_V3_1_Y2020_N2187_P568_SEED42,11892.92,0.197545025246892,0.34783539782955897,0.04564186654479441,0.03104393708325648,0.0,0.2815586307879741,0.29731555644684765,0.13362550735473633,DISTRIBUTION,1,NONE,,True,True,2187,568,1619,2.8503521126760565,0.0,2020-10-09T00:00:00+0000,-0.14851441025416812
2020-08-11T00:00:00+0000,2020-08-12T00:00:00+0000,2019-12-31T23:59:59+0000,XGB_V3_1_Y2020_N2187_P568_SEED42,11392.08,0.14318495755775018,0.2889179024121762,0.04409901909582503,0.031465141940121955,-0.04211245009635989,0.10835320359432782,0.2702841805588387,0.16042858362197876,DISTRIBUTION,1,NONE,,True,True,2187,568,1619,2.8503521126760565,0.0,2020-10-10T00:00:00+0000,-0.11107980281037355
2020-08-12T00:00:00+0000,2020-08-13T00:00:00+0000,2019-12-31T23:59:59+0000,XGB_V3_1_Y2020_N2187_P568_SEED42,11564.33,0.15597056553496325,0.3060247407716792,0.04466491611854839,0.031994627233277395,-0.027629043161813915,0.14767226195830208,0.24157475450114385,0.16294938325881958,DISTRIBUTION,1,NONE,,True,True,2187,568,1619,2.8503521126760565,0.0,2020-10-11T00:00:00+0000,-0.12432021569775342
2020-08-13T00:00:00+0000,2020-08-14T00:00:00+0000,2019-12-31T23:59:59+0000,XGB_V3_1_Y2020_N2187_P568_SEED42,11780.0,0.17171135485580735,0.32800814093791897,0.04575071061681868,0.032767859447511816,-0.009494724592446602,0.2189243400669918,0.20327418777884607,0.10840106755495071,DISTRIBUTION,1,NONE,,True,True,2187,568,1619,2.8503521126760565,0.0,2020-10-12T00:00:00+0000,-0.14035229202037358
2020-08-14T00:00:00+0000,2020-08-15T00:00:00+0000,2019-12-31T23:59:59+0000,XGB_V3_1_Y2020_N2187_P568_SEED42,11760.54,0.16396141858845747,0.32368566862258485,0.0471276330039434,0.03349305783855394,-0.01113099222058156,0.20947456531091044,0.15915268614026368,0.0916360467672348,DISTRIBUTION,1,NONE,,True,True,2187,568,1619,2.8503521126760565,0.0,2020-10-13T00:00:00+0000,-0.13892984505813522
2020-08-15T00:00:00+0000,2020-08-16T00:00:00+0000,2019-12-31T23:59:59+0000,XGB_V3_1_Y2020_N2187_P568_SEED42,11852.4,0.16683947817533484,0.3321669061355934,0.04788335039418645,0.033806678033436954,-0.0034070690797550762,0.2939123737425726,0.1112406184204772,0.07210394740104675,DISTRIBUTION,1,NONE,,True,True,2187,568,1619,2.8503521126760565,0.0,2020-10-14T00:00:00+0000,-0.14560342209172827
2020-08-16T00:00:00+0000,2020-08-17T00:00:00+0000,2019-12-31T23:59:59+0000,XGB_V3_1_Y2020_N2187_P568_SEED42,11911.0,0.16595325650225723,0.33679296084848676,0.04889300692640486,0.03339418246346759,0.0,0.30916810199935735,0.10943139920207864,0.06767479330301285,DISTRIBUTION,1,NONE,,True,True,2187,568,1619,2.8503521126760565,0.0,2020-10-15T00:00:00+0000,-0.1498069011837797
2020-08-17T00:00:00+0000,2020-08-18T00:00:00+0000,2019-12-31T23:59:59+0000,XGB_V3_1_Y2020_N2187_P568_SEED42,12281.13,0.19478204579038083,0.3761957500015436,0.05062839080052117,0.03337576877336579,0.0,0.5343030337019709,0.1116149305493563,0.06267130374908447,DISTRIBUTION,1,NONE,,True,True,2187,568,1619,2.8503521126760565,0.0,2020-10-16T00:00:00+0000,-0.175430111072841
2020-08-18T00:00:00+0000,2020-08-19T00:00:00+0000,2019-12-31T23:59:59+0000,XGB_V3_1_Y2020_N2187_P568_SEED42,11945.01,0.15589189879640264,0.3365897234362638,0.05098876249679063,0.03303407151761606,-0.02736881703882288,0.2509419172362943,0.1071724935266598,0.1048022210597992,DISTRIBUTION,1,NONE,,True,True,2187,568,1619,2.8503521126760565,0.0,2020-10-17T00:00:00+0000,-0.15222758289863303
2020-08-19T00:00:00+0000,2020-08-20T00:00:00+0000,2019-12-31T23:59:59+0000,XGB_V3_1_Y2020_N2187_P568_SEED42,11754.59,0.13173544238024615,0.31354094627058027,0.05134279582333612,0.03266426266600253,-0.04287390492568677,0.07798461254544117,0.09856989295902321,0.11867419630289078,DISTRIBUTION,1,NONE,,True,True,2187,568,1619,2.8503521126760565,0.0,2020-10-18T00:00:00+0000,-0.13849398405218727
2020-08-20T00:00:00+0000,2020-08-21T00:00:00+0000,2019-12-31T23:59:59+0000,XGB_V3_1_Y2020_N2187_P568_SEED42,11853.55,0.13553109763353577,0.322735499433068,0.05112110724511232,0.03219867846093116,-0.034816014487266234,0.14537217316653475,0.09574639382480657,0.11471389979124069,DISTRIBUTION,1,NONE,,True,True,2187,568,1619,2.8503521126760565,0.0,2020-10-19T00:00:00+0000,-0.1456863133829106
2020-08-21T00:00:00+0000,2020-08-22T00:00:00+0000,2019-12-31T23:59:59+0000,XGB_V3_1_Y2020_N2187_P568_SEED42,11531.34,0.09951423137182114,0.2851745703426767,0.052428008653624625,0.031710929446393754,-0.0610521995940112,-0.13002956042511035,0.09615095836979802,0.11966690421104431,DISTRIBUTION,1,NONE,,True,True,2187,568,1619,2.8503521126760565,0.0,2020-10-20T00:00:00+0000,-0.12181498420825343
2020-08-22T00:00:00+0000,2020-08-23T00:00:00+0000,2019-12-31T23:59:59+0000,XGB_V3_1_Y2020_N2187_P568_SEED42,11662.96,0.10656770250728043,0.29805996409849644,0.053554715971422695,0.031793986083570314,-0.05033494474856959,-0.045025893732924475,0.08338987454996633,0.1085536926984787,DISTRIBUTION,1,NONE,,True,True,2187,568,1619,2.8503521126760565,0.0,2020-10-21T00:00:00+0000,-0.1317255653796292
2020-08-23T00:00:00+0000,2020-08-24T00:00:00+0000,2019-12-31T23:59:59+0000,XGB_V3_1_Y2020_N2187_P568_SEED42,11648.13,0.0999162682977075,0.29494217274474743,0.053348137345975655,0.031482544423939274,-0.0515424883540847,-0.09207984283709496,0.0742650329030081,0.10674039274454117,DISTRIBUTION,1,NONE,,True,True,2187,568,1619,2.8503521126760565,0.0,2020-10-22T00:00:00+0000,-0.13062010812035918
2020-08-24T00:00:00+0000,2020-08-25T00:00:00+0000,2019-12-31T23:59:59+0000,XGB_V3_1_Y2020_N2187_P568_SEED42,11748.2,0.10378160904529321,0.30463399873069097,0.053415002987561744,0.031268257136687794,-0.04339421535314736,-0.011053528934610838,0.06112882793683647,0.09705445170402527,DISTRIBUTION,1,NONE,,True,True,2187,568,1619,2.8503521126760565,0.0,2020-10-23T00:00:00+0000,-0.13802539963568894
2020-08-25T00:00:00+0000,2020-08-26T00:00:00+0000,2019-12-31T23:59:59+0000,XGB_V3_1_Y2020_N2187_P568_SEED42,11318.42,0.0594720692507702,0.25585782175383054,0.05172236214131787,0.030460629737195433,-0.07838936645080696,-0.5116427538654539,0.06935319204861268,0.10706280171871185,DISTRIBUTION,1,NONE,,True,True,2187,568,1619,2.8503521126760565,0.0,2020-10-24T00:00:00+0000,-0.10529473195021921
2020-08-26T00:00:00+0000,2020-08-27T00:00:00+0000,2019-12-31T23:59:59+0000,XGB_V3_1_Y2020_N2187_P568_SEED42,11461.43,0.06844999609495761,0.2706216056546915,0.05006823141620176,0.029554602244494577,-0.06674467251791971,-0.30489768769985215,0.07229600937930557,0.11381359398365021,DISTRIBUTION,1,NONE,,True,True,2187,568,1619,2.8503521126760565,0.0,2020-10-25T00:00:00+0000,-0.11645841749240715
2020-08-27T00:00:00+0000,2020-08-28T00:00:00+0000,2019-12-31T23:59:59+0000,XGB_V3_1_Y2020_N2187_P568_SEED42,11330.38,0.05251603927698323,0.25527322401511054,0.04728796296827764,0.02849463231206939,-0.07741551469612329,-0.4144760607157874,0.07753248709790998,0.1291278600692749,DISTRIBUTION,1,NONE,,True,True,2187,568,1619,2.8503521126760565,0.0,2020-10-26T00:00:00+0000,-0.10623915526222416
2020-08-28T00:00:00+0000,2020-08-29T00:00:00+0000,2019-12-31T23:59:59+0000,XGB_V3_1_Y2020_N2187_P568_SEED42,11526.91,0.06622720286785255,0.2758625752565702,0.0461497268246045,0.02767762550339925,-0.06141291558675788,-0.18269153902240562,0.07860335053792818,0.12863993644714355,DISTRIBUTION,1,NONE,,True,True,2187,568,1619,2.8503521126760565,0.0,2020-10-27T00:00:00+0000,-0.12147748182296902
2020-08-29T00:00:00+0000,2020-08-30T00:00:00+0000,2019-12-31T23:59:59+0000,XGB_V3_1_Y2020_N2187_P568_SEED42,11465.84,0.05632307361469535,0.2682307464669105,0.04507279406814768,0.026633157914507155,-0.06638558503981307,-0.2319653618946332,0.08051443098048071,0.12508036196231842,DISTRIBUTION,1,NONE,,True,True,2187,568,1619,2.8503521126760565,0.0,2020-10-28T00:00:00+0000,-0.11679824592005472
2020-08-30T00:00:00+0000,2020-08-31T00:00:00+0000,2019-12-31T23:59:59+0000,XGB_V3_1_Y2020_N2187_P568_SEED42,11711.16,0.07402176854916909,0.29437422920313394,0.04456970694579221,0.025388440546788127,-0.046410224466315375,0.03926857561652432,0.07893828038779999,0.12327927350997925,DISTRIBUTION,1,NONE,,True,True,2187,568,1619,2.8503521126760565,0.0,2020-10-29T00:00:00+0000,-0.13529915055383068
2020-08-31T00:00:00+0000,2020-09-01T00:00:00+0000,2019-12-31T23:59:59+0000,XGB_V3_1_Y2020_N2187_P568_SEED42,11649.51,0.0637889280939754,0.2865508668804768,0.044174949935008145,0.024478683776056887,-0.05143012084392873,-0.04331321167832546,0.07571834505188998,0.13206949830055237,DISTRIBUTION,1,NONE,,True,True,2187,568,1619,2.8503521126760565,0.0,2020-10-30T00:00:00+0000,-0.13072309479111144
2020-09-01T00:00:00+0000,2020-09-02T00:00:00+0000,2019-12-31T23:59:59+0000,XGB_V3_1_Y2020_N2187_P568_SEED42,11921.97,0.08336762976249723,0.31549487487004857,0.04409826415621643,0.023504584065153766,-0.0292448659040333,0.24031404780158067,0.07687261713293851,0.101984903216362,DISTRIBUTION,1,NONE,,True,True,2187,568,1619,2.8503521126760565,0.0,2020-10-31T00:00:00+0000,-0.15058920631405714
2020-09-02T00:00:00+0000,2020-09-03T00:00:00+0000,2019-12-31T23:59:59+0000,XGB_V3_1_Y2020_N2187_P568_SEED42,11388.54,0.03089825252384304,0.2556072144113588,0.043171382794615853,0.022515019583244422,-0.07267979412317904,-0.3173132947404114,0.08025803194679432,0.13334901630878448,DISTRIBUTION,1,NONE,,True,True,2187,568,1619,2.8503521126760565,0.0,2020-11-01T00:00:00+0000,-0.11080349193136263
2020-09-03T00:00:00+0000,2020-09-04T00:00:00+0000,2019-12-31T23:59:59+0000,XGB_V3_1_Y2020_N2187_P568_SEED42,10140.85,-0.08360837688133027,0.11790934345384962,0.039692881847865014,0.0209991400490126,-0.1742738656784839,-0.8943615040481959,0.14108159247087715,0.08411219716072083,DISTRIBUTION,1,NONE,,True,True,2187,568,1619,2.8503521126760565,0.0,2020-11-02T00:00:00+0000,-0.0014002770970875655
2020-09-04T00:00:00+0000,2020-09-05T00:00:00+0000,2019-12-31T23:59:59+0000,XGB_V3_1_Y2020_N2187_P568_SEED42,10446.25,-0.05824449796617792,0.15110642498322502,0.03830741473564836,0.019993203727826092,-0.149406447126608,-0.5715957594984682,0.16510888762281822,0.11412716656923294,EARLY_BEAR,2,NONE,,True,True,2187,568,1619,2.8503521126760565,0.0,2020-11-03T00:00:00+0000,-0.030594711020701215
2020-09-05T00:00:00+0000,2020-09-06T00:00:00+0000,2019-12-31T23:59:59+0000,XGB_V3_1_Y2020_N2187_P568_SEED42,10166.69,-0.08511751356604114,0.12029957285444492,0.035928217396517415,0.018500710657364472,-0.17216982476368203,-0.5792807823350024,0.19316480360576135,0.08306661248207092,EARLY_BEAR,2,NONE,,True,True,2187,568,1619,2.8503521126760565,0.0,2020-11-04T00:00:00+0000,-0.003938351616898039
2020-09-06T00:00:00+0000,2020-09-07T00:00:00+0000,2019-12-31T23:59:59+0000,XGB_V3_1_Y2020_N2187_P568_SEED42,10256.2,-0.07886293738809669,0.12975064181990748,0.03429987355553976,0.017292325591895086,-0.16488140749263291,-0.4733001454919625,0.20300661492443559,0.0880131721496582,EARLY_BEAR,2,NONE,,True,True,2187,568,1619,2.8503521126760565,0.0,2020-11-05T00:00:00+0000,-0.012631383943370933
2020-09-07T00:00:00+0000,2020-09-08T00:00:00+0000,2019-12-31T23:59:59+0000,XGB_V3_1_Y2020_N2187_P568_SEED42,10373.44,-0.07027794722923197,0.14217617293203322,0.03206374747221141,0.016251742530537072,-0.15533505467330766,-0.37535616160433394,0.21146462908422986,0.08596806228160858,EARLY_BEAR,2,NONE,,True,True,2187,568,1619,2.8503521126760565,0.0,2020-11-06T00:00:00+0000,-0.02379056513557709
2020-09-08T00:00:00+0000,2020-09-09T00:00:00+0000,2019-12-31T23:59:59+0000,XGB_V3_1_Y2020_N2187_P568_SEED42,10126.65,-0.09396520244462303,0.11472724135287637,0.02970260525186519,0.015157237955811587,-0.175430111072841,-0.41813712899490635,0.22656986100385548,0.08112622052431107,EARLY_BEAR,2,NONE,,True,True,2187,568,1619,2.8503521126760565,0.0,2020-11-07T00:00:00+0000,0.009139251381256486
2020-09-09T00:00:00+0000,2020-09-10T00:00:00+0000,2019-12-31T23:59:59+0000,XGB_V3_1_Y2020_N2187_P568_SEED42,10219.2,-0.08703935184510991,0.12456323887153986,0.02654504234069588,0.014045843998995222,-0.16789415957652098,-0.34186419051842876,0.23325432386181646,0.08763495832681656,EARLY_BEAR,2,NONE,,True,True,2187,568,1619,2.8503521126760565,0.0,2020-11-08T00:00:00+0000,0.0021782527007983
2020-09-10T00:00:00+0000,2020-09-11T00:00:00+0000,2019-12-31T23:59:59+0000,XGB_V3_1_Y2020_N2187_P568_SEED42,10336.87,-0.07787589032884912,0.13726154263332435,0.023640557540161034,0.013003736436533853,-0.158312793692437,-0.26805797042520246,0.23917020112188556,0.09282606095075607,EARLY_BEAR,2,NONE,,True,True,2187,568,1619,2.8503521126760565,0.0,2020-11-09T00:00:00+0000,-0.00923006674167337
2020-09-11T00:00:00+0000,2020-09-12T00:00:00+0000,2019-12-31T23:59:59+0000,XGB_V3_1_Y2020_N2187_P568_SEED42,10387.89,-0.07461995233155483,0.1424148899455311,0.02008189887325673,0.01202084110700996,-0.15415845284595142,-0.22501564203535898,0.24012507124295965,0.14005613327026367,EARLY_BEAR,2,NONE,,True,True,2187,568,1619,2.8503521126760565,0.0,2020-11-10T00:00:00+0000,-0.014096221658103869
2020-09-12T00:00:00+0000,2020-09-13T00:00:00+0000,2019-12-31T23:59:59+0000,XGB_V3_1_Y2020_N2187_P568_SEED42,10440.92,-0.0713900784246927,0.1475369665720887,0.017778331683805382,0.01150084362906778,-0.14984044627815185,-0.18442399025642273,0.23829662083089756,0.1455121636390686,EARLY_BEAR,2,NONE,,True,True,2187,568,1619,2.8503521126760565,0.0,2020-11-11T00:00:00+0000,-0.019103680518575028
2020-09-13T00:00:00+0000,2020-09-14T00:00:00+0000,2019-12-31T23:59:59+0000,XGB_V3_1_Y2020_N2187_P568_SEED42,10332.83,-0.08203618579964345,0.13469204499759968,0.01718623433451838,0.011250233363988338,-0.1586417536497048,-0.2041265111043135,0.23355121928233308,0.1360938549041748,EARLY_BEAR,2,NONE,,True,True,2187,568,1619,2.8503521126760565,0.0,2020-11-12T00:00:00+0000,-0.008842688789034603
2020-09-14T00:00:00+0000,2020-09-15T00:00:00+0000,2019-12-31T23:59:59+0000,XGB_V3_1_Y2020_N2187_P568_SEED42,10671.77,-0.0531702162665455,0.1707242143408132,0.016113676670816757,0.011431615803076056,-0.13104331604665032,-0.05837614488269389,0.23118786190782337,0.20393089950084686,EARLY_BEAR,2,NONE,,True,True,2187,568,1619,2.8503521126760565,0.0,2020-11-13T00:00:00+0000,-0.04032227081355777
2020-09-15T00:00:00+0000,2020-09-16T00:00:00+0000,2019-12-31T23:59:59+0000,XGB_V3_1_Y2020_N2187_P568_SEED42,10785.31,-0.04268103242334176,0.1818234898347557,0.013821976887098186,0.01171326490939939,-0.12179823843571391,0.0005559249913330225,0.22535174378687303,0.19111204147338867,EARLY_BEAR,2,NONE,,True,True,2187,568,1619,2.8503521126760565,0.0,2020-11-14T00:00:00+0000,-0.050425068913179216
2020-09-16T00:00:00+0000,2020-09-17T00:00:00+0000,2019-12-31T23:59:59+0000,XGB_V3_1_Y2020_N2187_P568_SEED42,10954.01,-0.027789382344348246,0.19871297039462354,0.011930180824768488,0.0123990245912462,-0.08296351363456367,0.07921719748241031,0.22147395145108142,0.20281946659088135,EARLY_BEAR,2,NONE,,True,True,2187,568,1619,2.8503521126760565,0.0,2020-11-15T00:00:00+0000,-0.0650492376764309
2020-09-17T00:00:00+0000,2020-09-18T00:00:00+0000,2019-12-31T23:59:59+0000,XGB_V3_1_Y2020_N2187_P568_SEED42,10939.99,-0.028756935405370165,0.19560339726972242,0.00953022822744809,0.012793209458141552,-0.0823672597733428,0.08928123946861302,0.2130353952824543,0.1766614466905594,DISTRIBUTION,1,NONE,,True,True,2187,568,1619,2.8503521126760565,0.0,2020-11-16T00:00:00+0000,-0.06385106384923578
2020-09-18T00:00:00+0000,2020-09-19T00:00:00+0000,2019-12-31T23:59:59+0000,XGB_V3_1_Y2020_N2187_P568_SEED42,10933.39,-0.029056316010692584,0.19356584519577424,0.007487987309813704,0.013213244090866327,-0.0829208595559291,0.102082259883199,0.20509935978673652,0.24719424545764923,DISTRIBUTION,1,NONE,,True,True,2187,568,1619,2.8503521126760565,0.0,2020-11-17T00:00:00+0000,-0.06328595248134383
2020-09-19T00:00:00+0000,2020-09-20T00:00:00+0000,2019-12-31T23:59:59+0000,XGB_V3_1_Y2020_N2187_P568_SEED42,11080.65,-0.015533298041502497,0.20811152417633583,0.005540032322052024,0.013720323061711781,-0.07056887410386037,0.1986497789635675,0.18999632162562397,0.24643604457378387,DISTRIBUTION,1,NONE,,True,True,2187,568,1619,2.8503521126760565,0.0,2020-11-18T00:00:00+0000,-0.07573472675339443
2020-09-20T00:00:00+0000,2020-09-21T00:00:00+0000,2019-12-31T23:59:59+0000,XGB_V3_1_Y2020_N2187_P568_SEED42,10920.28,-0.02826043411974888,0.18922013095940016,0.0024996059714212926,0.014123449416669542,-0.08402051003315714,0.15167557986846422,0.17292046654337653,0.24719424545764923,DISTRIBUTION,1,NONE,,True,True,2187,568,1619,2.8503521126760565,0.0,2020-11-19T00:00:00+0000,-0.062161409780701726
2020-09-21T00:00:00+0000,2020-09-22T00:00:00+0000,2019-12-31T23:59:59+0000,XGB_V3_1_Y2020_N2187_P568_SEED42,10417.22,-0.07194475824408697,0.1335958021386605,-6.723953179910147e-05,0.013992500247966166,-0.1262165564919221,-0.10456361623156771,0.13461772130263105,0.19423048198223114,DISTRIBUTION,1,NONE,,True,True,2187,568,1619,2.8503521126760565,0.0,2020-11-20T00:00:00+0000,-0.016872063755973277
2020-09-22T00:00:00+0000,2020-09-23T00:00:00+0000,2019-12-31T23:59:59+0000,XGB_V3_1_Y2020_N2187_P568_SEED42,10529.61,-0.06077705746412687,0.14495527693957344,-0.0029013123339410862,0.01393359691896423,-0.11678942322451735,0.0054821694602605105,0.11456281705854449,0.21535159647464752,DISTRIBUTION,1,NONE,,True,True,2187,568,1619,2.8503521126760565,0.0,2020-11-21T00:00:00+0000,-0.027365685908595005
2020-09-23T00:00:00+0000,2020-09-24T00:00:00+0000,2019-12-31T23:59:59+0000,XGB_V3_1_Y2020_N2187_P568_SEED42,10241.46,-0.08492787087656828,0.11280311908583318,-0.005710569784973973,0.014555398254177287,-0.14095908645970423,-0.24223919456614126,0.11236767822149658,0.219880148768425,DISTRIBUTION,1,NONE,,True,True,2187,568,1619,2.8503521126760565,0.0,2020-11-22T00:00:00+0000,0.029351283898975344
2020-09-24T00:00:00+0000,2020-09-25T00:00:00+0000,2019-12-31T23:59:59+0000,XGB_V3_1_Y2020_N2187_P568_SEED42,10736.32,-0.03898015202279326,0.1648623664345974,-0.00880627459308525,0.015630876486454115,-0.09945084579142538,0.16230646229863885,0.1132502824963178,0.2748516798019409,DISTRIBUTION,1,NONE,,True,True,2187,568,1619,2.8503521126760565,0.0,2020-11-23T00:00:00+0000,-0.018093722988882566
2020-09-25T00:00:00+0000,2020-09-26T00:00:00+0000,2019-12-31T23:59:59+0000,XGB_V3_1_Y2020_N2187_P568_SEED42,10686.67,-0.04157855156065737,0.15774403440071727,-0.010285561859605608,0.01714867087036276,-0.10361542597406292,0.10289038825276361,0.10864073795528269,0.2748516798019409,DISTRIBUTION,1,NONE,,True,True,2187,568,1619,2.8503521126760565,0.0,2020-11-24T00:00:00+0000,-0.013531811125448878
2020-09-26T00:00:00+0000,2020-09-27T00:00:00+0000,2019-12-31T23:59:59+0000,XGB_V3_1_Y2020_N2187_P568_SEED42,10728.6,-0.0363218440362274,0.1605050051875827,-0.011905992413569044,0.018338471692868286,-0.10009838977954144,0.12195175651239468,0.10563028759250323,0.2748516798019409,DISTRIBUTION,1,NONE,,True,True,2187,568,1619,2.8503521126760565,0.0,2020-11-25T00:00:00+0000,-0.0173871707398916
2020-09-27T00:00:00+0000,2020-09-28T00:00:00+0000,2019-12-31T23:59:59+0000,XGB_V3_1_Y2020_N2187_P568_SEED42,10774.25,-0.030502104033366617,0.16365572334551093,-0.013377118738941207,0.019466208940601692,-0.09626932461665305,0.14590343272073208,0.10466297234682222,0.2924822270870209,DISTRIBUTION,1,NONE,,True,True,2187,568,1619,2.8503521126760565,0.0,2020-11-26T00:00:00+0000,-0.021550455948209923
2020-09-28T00:00:00+0000,2020-09-29T00:00:00+0000,2019-12-31T23:59:59+0000,XGB_V3_1_Y2020_N2187_P568_SEED42,10696.12,-0.03582233210182706,0.1515508729814503,-0.014836303739567236,0.022459117806491458,-0.10282277173990528,0.054434778630669325,0.09573524664079987,0.2706792652606964,DISTRIBUTION,1,NONE,,True,True,2187,568,1619,2.8503521126760565,0.0,2020-11-27T00:00:00+0000,-0.01440335373948698
2020-09-29T00:00:00+0000,2020-09-30T00:00:00+0000,2019-12-31T23:59:59+0000,XGB_V3_1_Y2020_N2187_P568_SEED42,10840.48,-0.020951681697523816,0.1637963225245902,-0.016260339137057822,0.02503457779958418,-0.09071403467715489,0.176690734523385,0.08949318155611477,0.2944015860557556,DISTRIBUTION,1,NONE,,True,True,2187,568,1619,2.8503521126760565,0.0,2020-11-28T00:00:00+0000,-0.027528301329830418
2020-09-30T00:00:00+0000,2020-10-01T00:00:00+0000,2019-12-31T23:59:59+0000,XGB_V3_1_Y2020_N2187_P568_SEED42,10776.59,-0.025638605310937312,0.15346720633902988,-0.015813499127547925,0.02789181387647388,-0.09607304833009978,0.0913237231664276,0.08485852602291401,0.15965302288532257,DISTRIBUTION,1,NONE,,True,True,2187,568,1619,2.8503521126760565,0.0,2020-11-29T00:00:00+0000,-0.021762913871642198
2020-10-01T00:00:00+0000,2020-10-02T00:00:00+0000,2019-12-31T23:59:59+0000,XGB_V3_1_Y2020_N2187_P568_SEED42,10619.13,-0.03823143985560351,0.13342426766348292,-0.016350550127269936,0.030369378109014855,-0.06756002086307833,-0.0994139514379825,0.08094870673682611,0.148271843791008,DISTRIBUTION,1,NONE,,True,True,2187,568,1619,2.8503521126760565,0.0,2020-11-30T00:00:00+0000,-0.007257656700690118
2020-10-02T00:00:00+0000,2020-10-03T00:00:00+0000,2019-12-31T23:59:59+0000,XGB_V3_1_Y2020_N2187_P568_SEED42,10570.4,-0.04054266378301785,0.12489645384757497,-0.017297274018961084,0.032777554717151824,-0.046048742627914474,-0.16788253725861954,0.07860351874400938,0.14506664872169495,DISTRIBUTION,1,NONE,,True,True,2187,568,1619,2.8503521126760565,0.0,2020-12-01T00:00:00+0000,-0.0026810716718383976
2020-10-03T00:00:00+0000,2020-10-04T00:00:00+0000,2019-12-31T23:59:59+0000,XGB_V3_1_Y2020_N2187_P568_SEED42,10542.06,-0.04099372788723987,0.11876748734158715,-0.017805515600818667,0.03477129520122957,-0.048606354320369305,-0.22966019264729864,0.07316060174721735,0.15066805481910706,DISTRIBUTION,1,NONE,,True,True,2187,568,1619,2.8503521126760565,0.0,2020-12-02T00:00:00+0000,0.005463827752830053
2020-10-04T00:00:00+0000,2020-10-05T00:00:00+0000,2019-12-31T23:59:59+0000,XGB_V3_1_Y2020_N2187_P568_SEED42,10666.63,-0.02756373976932769,0.1288286013795712,-0.01815485678653106,0.03661471720145082,-0.037364234047641665,-0.07050723213138509,0.07318820708745048,0.14301392436027527,DISTRIBUTION,1,NONE,,True,True,2187,568,1619,2.8503521126760565,0.0,2020-12-03T00:00:00+0000,-0.006278459082203036
2020-10-05T00:00:00+0000,2020-10-06T00:00:00+0000,2019-12-31T23:59:59+0000,XGB_V3_1_Y2020_N2187_P568_SEED42,10792.21,-0.014103940692015149,0.139327323811834,-0.01826701683776155,0.037962969400620494,-0.026030963887497593,0.0890313772696279,0.07322955097913733,0.1388639509677887,DISTRIBUTION,1,NONE,,True,True,2187,568,1619,2.8503521126760565,0.0,2020-12-04T00:00:00+0000,-0.0178415727640584
2020-10-06T00:00:00+0000,2020-10-07T00:00:00+0000,2019-12-31T23:59:59+0000,XGB_V3_1_Y2020_N2187_P568_SEED42,10599.66,-0.028709945783049418,0.11641216173107582,-0.01976105208223844,0.03898540628478142,-0.0434081033152387,-0.13770542370360436,0.0711806903162411,0.14811725914478302,DISTRIBUTION,1,NONE,,True,True,2187,568,1619,2.8503521126760565,0.0,2020-12-05T00:00:00+0000,0.006295484949517149
2020-10-07T00:00:00+0000,2020-10-08T00:00:00+0000,2019-12-31T23:59:59+0000,XGB_V3_1_Y2020_N2187_P568_SEED42,10666.39,-0.02029946842029784,0.12079658592581888,-0.02032068669740439,0.040065941412691375,-0.03738589342682963,-0.033535655310414886,0.06837987530195928,0.14579243957996368,DISTRIBUTION,1,NONE,,True,True,2187,568,1619,2.8503521126760565,0.0,2020-12-06T00:00:00+0000,0.024298755248964188
2020-10-08T00:00:00+0000,2020-10-09T00:00:00+0000,2019-12-31T23:59:59+0000,XGB_V3_1_Y2020_N2187_P568_SEED42,10925.57,0.005036603501226811,0.14495702296607393,-0.020074574015112034,0.04170910785598392,-0.013995568852007811,0.3224363228219315,0.06819097607150586,0.0848739966750145,DISTRIBUTION,1,NONE,,True,True,2187,568,1619,2.8503521126760565,0.0,2020-12-07T00:00:00+0000,0.011447457661247773
2020-10-09T00:00:00+0000,2020-10-10T00:00:00+0000,2019-12-31T23:59:59+0000,XGB_V3_1_Y2020_N2187_P568_SEED42,11050.64,0.018045558225986635,0.15528935559689883,-0.019662014249616,0.042889869840433636,-0.00270832487263839,0.5047034257236359,0.06703245547205655,0.0665258839726448,DISTRIBUTION,1,NONE,,True,True,2187,568,1619,2.8503521126760565,0.0,2020-12-08T00:00:00+0000,0.021951669767542814
2020-10-10T00:00:00+0000,2020-10-11T00:00:00+0000,2019-12-31T23:59:59+0000,XGB_V3_1_Y2020_N2187_P568_SEED42,11293.22,0.04085001900553453,0.17784941350411043,-0.019001502419902394,0.044134622670454426,0.0,0.6729717631953674,0.08126037344314725,0.06095787137746811,DISTRIBUTION,1,NONE,,True,True,2187,568,1619,2.8503521126760565,0.0,2020-12-09T00:00:00+0000,0.002311121185985865
2020-10-11T00:00:00+0000,2020-10-12T00:00:00+0000,2019-12-31T23:59:59+0000,XGB_V3_1_Y2020_N2187_P568_SEED42,11369.02,0.048404247441558024,0.18286114724448987,-0.01785435040751282,0.045913229682476464,0.0,0.6127634612682209,0.09313033489325957,0.09099927544593811,DISTRIBUTION,1,NONE,,True,True,2187,568,1619,2.8503521126760565,0.0,2020-12-10T00:00:00+0000,-0.004371528944447367
2020-10-12T00:00:00+0000,2020-10-13T00:00:00+0000,2019-12-31T23:59:59+0000,XGB_V3_1_Y2020_N2187_P568_SEED42,11528.25,0.06332288019586585,0.19644595383036156,-0.015915315345898517,0.04772314464882421,0.0,0.6109539710423676,0.10953113859527086,0.09099927544593811,DISTRIBUTION,1,NONE,,True,True,2187,568,1619,2.8503521126760565,0.0,2020-12-11T00:00:00+0000,-0.01812330579229282
2020-10-13T00:00:00+0000,2020-10-14T00:00:00+0000,2019-12-31T23:59:59+0000,XGB_V3_1_Y2020_N2187_P568_SEED42,11420.56,0.054027015473557594,0.1821645375378096,-0.014329811896657163,0.049701780040475985,-0.009341400472751782,0.4713077768329365,0.10866858280106426,0.09811193495988846,DISTRIBUTION,1,NONE,,True,True,2187,568,1619,2.8503521126760565,0.0,2020-12-12T00:00:00+0000,-0.008864714164629417
2020-10-14T00:00:00+0000,2020-10-15T00:00:00+0000,2019-12-31T23:59:59+0000,XGB_V3_1_Y2020_N2187_P568_SEED42,11417.89,0.0535871509333774,0.17872728374339908,-0.012017384302782652,0.050973307024025694,-0.00957300544315054,0.40988378482391524,0.11633595636783384,0.09998896718025208,DISTRIBUTION,1,NONE,,True,True,2187,568,1619,2.8503521126760565,0.0,2020-12-13T00:00:00+0000,-0.008632943564879314
2020-10-15T00:00:00+0000,2020-10-16T00:00:00+0000,2019-12-31T23:59:59+0000,XGB_V3_1_Y2020_N2187_P568_SEED42,11505.12,0.06155071667350942,0.1842946930090037,-0.00991803829649307,0.05245012181334041,-0.0020063756424435475,0.41730035148235883,0.12398511732475537,0.11005546152591705,DISTRIBUTION,1,NONE,,True,True,2187,568,1619,2.8503521126760565,0.0,2020-12-14T00:00:00+0000,-0.01614933177576605
2020-10-16T00:00:00+0000,2020-10-17T00:00:00+0000,2019-12-31T23:59:59+0000,XGB_V3_1_Y2020_N2187_P568_SEED42,11319.32,0.04442869833612706,0.16222314979772468,-0.006887272162407032,0.05350058309735495,-0.01812330579229282,0.25400126013687757,0.12585688296363437,0.12979938089847565,DISTRIBUTION,1,NONE,,True,True,2187,568,1619,2.8503521126760565,0.0,2020-12-15T00:00:00+0000,0.003611524367188146
2020-10-17T00:00:00+0000,2020-10-18T00:00:00+0000,2019-12-31T23:59:59+0000,XGB_V3_1_Y2020_N2187_P568_SEED42,11360.2,0.048523251147540636,0.1634640577919293,-0.004860885774144341,0.0545579919738457,-0.01457723418558754,0.2571384360122989,0.1280858550457515,0.12852023541927338,DISTRIBUTION,1,NONE,,True,True,2187,568,1619,2.8503521126760565,0.0,2020-12-16T00:00:00+0000,0.012582524955546459
2020-10-18T00:00:00+0000,2020-10-19T00:00:00+0000,2019-12-31T23:59:59+0000,XGB_V3_1_Y2020_N2187_P568_SEED42,11503.14,0.06164322244620357,0.17517856918831476,-0.003274454599460852,0.0538272022236137,-0.0021781276429641006,0.321550389970689,0.13095705227785698,0.11681374162435532,DISTRIBUTION,1,NONE,,True,True,2187,568,1619,2.8503521126760565,0.0,2020-12-17T00:00:00+0000,0.021588018575797507
2020-10-19T00:00:00+0000,2020-10-20T00:00:00+0000,2019-12-31T23:59:59+0000,XGB_V3_1_Y2020_N2187_P568_SEED42,11751.47,0.08448130469058746,0.19751591470257268,-0.0017256577156132824,0.05351171773181118,0.0,0.4280910797152916,0.14069747781634834,0.10237521678209305,DISTRIBUTION,1,NONE,,True,True,2187,568,1619,2.8503521126760565,0.0,2020-12-18T00:00:00+0000,0.013489376222719507
2020-10-20T00:00:00+0000,2020-10-21T00:00:00+0000,2019-12-31T23:59:59+0000,XGB_V3_1_Y2020_N2187_P568_SEED42,11909.99,0.09858211946978956,0.2104773785802636,-0.0008073365989930137,0.053121818766635354,0.0,0.45570014166743406,0.15156289291687494,0.0942787304520607,DISTRIBUTION,1,NONE,,True,True,2187,568,1619,2.8503521126760565,0.0,2020-12-19T00:00:00+0000,0.07312936450828245
2020-10-21T00:00:00+0000,2020-10-22T00:00:00+0000,2019-12-31T23:59:59+0000,XGB_V3_1_Y2020_N2187_P568_SEED42,12780.96,0.17705548550646988,0.29510001565554944,0.0013185949478644599,0.053328261111028175,0.0,0.7145011902036892,0.1906549589401928,0.13489100337028503,DISTRIBUTION,1,NONE,,True,True,2187,568,1619,2.8503521126760565,0.0,2020-12-20T00:00:00+0000,0.011118883088594433
2020-10-22T00:00:00+0000,2020-10-23T00:00:00+0000,2019-12-31T23:59:59+0000,XGB_V3_1_Y2020_N2187_P568_SEED42,12968.52,0.19086313288834833,0.30999336877803496,0.004454661764493162,0.05351917508728521,0.0,0.6340489477843627,0.2219661575030475,0.13412480056285858,DISTRIBUTION,1,NONE,,True,True,2187,568,1619,2.8503521126760565,0.0,2020-12-21T00:00:00+0000,-0.003504640467840603
2020-10-23T00:00:00+0000,2020-10-24T00:00:00+0000,2019-12-31T23:59:59+0000,XGB_V3_1_Y2020_N2187_P568_SEED42,12923.07,0.18065681840556813,0.30172503923650273,0.010197663567419246,0.05356368131668199,-0.003504640467840603,0.5231963431889426,0.23883777062101957,0.10709939152002335,DISTRIBUTION,1,NONE,,True,True,2187,568,1619,2.8503521126760565,0.0,2020-12-22T00:00:00+0000,0.008183813907995496
2020-10-24T00:00:00+0000,2020-10-25T00:00:00+0000,2019-12-31T23:59:59+0000,XGB_V3_1_Y2020_N2187_P568_SEED42,13111.73,0.19208694718647878,0.3168060857458468,0.014931369088883484,0.05375329718518951,0.0,0.5045771104013257,0.25637886644233987,0.0946819931268692,DISTRIBUTION,1,NONE,,True,True,2187,568,1619,2.8503521126760565,0.0,2020-12-23T00:00:00+0000,-0.006322582908586449
2020-10-25T00:00:00+0000,2020-10-26T00:00:00+0000,2019-12-31T23:59:59+0000,XGB_V3_1_Y2020_N2187_P568_SEED42,13028.83,0.17841695177028938,0.304767168601326,0.02013120205575336,0.0541696845224231,-0.006322582908586449,0.4189342586332293,0.266189311479661,0.09870331734418869,DISTRIBUTION,1,NONE,,True,True,2187,568,1619,2.8503521126760565,0.0,2020-12-24T00:00:00+0000,0.0017929468724360298
2020-10-26T00:00:00+0000,2020-10-27T00:00:00+0000,2019-12-31T23:59:59+0000,XGB_V3_1_Y2020_N2187_P568_SEED42,13052.19,0.17458898848032245,0.3033418488687485,0.02531171841337465,0.054769761965129504,-0.004540972091402029,0.3838132180561136,0.2657030102767562,0.10003579407930374,DISTRIBUTION,1,NONE,,True,True,2187,568,1619,2.8503521126760565,0.0,2020-12-25T00:00:00+0000,0.01641180522195884
2020-10-27T00:00:00+0000,2020-10-28T00:00:00+0000,2019-12-31T23:59:59+0000,XGB_V3_1_Y2020_N2187_P568_SEED42,13636.17,0.21997818381259782,0.3570638945157314,0.03165011395105788,0.05584812082405333,0.0,0.4952742039119802,0.27667578972268325,0.10004476457834244,DISTRIBUTION,1,NONE,,True,True,2187,568,1619,2.8503521126760565,0.0,2020-12-26T00:00:00+0000,-0.027116851725961233
2020-10-28T00:00:00+0000,2020-10-29T00:00:00+0000,2019-12-31T23:59:59+0000,XGB_V3_1_Y2020_N2187_P568_SEED42,13266.4,0.18026543944113915,0.3160802067276851,0.03737453648850031,0.05636939791931783,-0.027116851725961233,0.3459423616327938,0.2760757620052631,0.11614833027124405,DISTRIBUTION,1,NONE,,True,True,2187,568,1619,2.8503521126760565,0.0,2020-12-27T00:00:00+0000,0.014269131037809801
2020-10-29T00:00:00+0000,2020-10-30T00:00:00+0000,2019-12-31T23:59:59+0000,XGB_V3_1_Y2020_N2187_P568_SEED42,13455.7,0.19025237291954866,0.33053544838405347,0.043270946821640566,0.0572633730549863,-0.013234654598761941,0.3614543498658614,0.2772491107770181,0.11044862121343613,DISTRIBUTION,1,NONE,,True,True,2187,568,1619,2.8503521126760565,0.0,2020-12-28T00:00:00+0000,0.006961362099333401
2020-10-30T00:00:00+0000,2020-10-31T00:00:00+0000,2019-12-31T23:59:59+0000,XGB_V3_1_Y2020_N2187_P568_SEED42,13560.1,0.19268617861065063,0.3364171621820542,0.0487158578884781,0.058261092901456424,-0.0055785458820181155,0.3511514968290081,0.28069962270847604,0.1085338443517685,DISTRIBUTION,1,NONE,,True,True,2187,568,1619,2.8503521126760565,0.0,2020-12-29T00:00:00+0000,-0.0007912920996157036
2020-10-31T00:00:00+0000,2020-11-01T00:00:00+0000,2019-12-31T23:59:59+0000,XGB_V3_1_Y2020_N2187_P568_SEED42,13791.0,0.20577679610512845,0.35455296721992635,0.05332476805828512,0.05927934261959722,0.0,0.3724075966168738,0.2857609049155781,0.09385817497968674,DISTRIBUTION,1,NONE,,True,True,2187,568,1619,2.8503521126760565,0.0,2020-12-30T00:00:00+0000,-0.017520846929156675
2020-11-01T00:00:00+0000,2020-11-02T00:00:00+0000,2019-12-31T23:59:59+0000,XGB_V3_1_Y2020_N2187_P568_SEED42,13761.5,0.19625150247502332,0.3469323436025731,0.05636672456311631,0.060351102258235034,-0.002139076209121904,0.3270902479807868,0.28814697157545943,0.09385817497968674,DISTRIBUTION,1,NONE,,True,True,2187,568,1619,2.8503521126760565,0.0,2020-12-31T00:00:00+0000,-0.015414744032263838
2020-11-02T00:00:00+0000,2020-11-03T00:00:00+0000,2019-12-31T23:59:59+0000,XGB_V3_1_Y2020_N2187_P568_SEED42,13549.37,0.17126176760038359,0.32199846306386304,0.05687376631486596,0.060910333852462806,-0.017520846929156675,0.2437900054217735,0.28032494553741655,0.0952155813574791,DISTRIBUTION,1,NONE,,True,True,2187,568,1619,2.8503521126760565,0.0,2021-01-01T00:00:00+0000,0.034994985006682855
2020-11-03T00:00:00+0000,2020-11-04T00:00:00+0000,2019-12-31T23:59:59+0000,XGB_V3_1_Y2020_N2187_P568_SEED42,14023.53,0.2052657922742107,0.3636078488471717,0.05784601017957036,0.06168415798289817,0.0,0.3420438602641702,0.2762333498646844,0.09385817497968674,DISTRIBUTION,1,NONE,,True,True,2187,568,1619,2.8503521126760565,0.0,2021-01-02T00:00:00+0000,0.008591274807412841
2020-11-04T00:00:00+0000,2020-11-05T00:00:00+0000,2019-12-31T23:59:59+0000,XGB_V3_1_Y2020_N2187_P568_SEED42,14144.01,0.20864266397233444,0.37072768328452166,0.05844476237525775,0.062160144165195774,0.0,0.3419496239665089,0.270903130354038,0.09248258918523788,DISTRIBUTION,1,NONE,,True,True,2187,568,1619,2.8503521126760565,0.0,2021-01-03T00:00:00+0000,0.0476731846202032
2020-11-05T00:00:00+0000,2020-11-06T00:00:00+0000,2019-12-31T23:59:59+0000,XGB_V3_1_Y2020_N2187_P568_SEED42,15590.02,0.32173564778359043,0.5046886820966068,0.06146238087953915,0.06382257478716125,0.0,0.6267635625146586,0.29484240164924247,0.0789303258061409,DISTRIBUTION,1,NONE,,True,True,2187,568,1619,2.8503521126760565,0.0,2021-01-04T00:00:00+0000,-0.04950089865182994
2020-11-06T00:00:00+0000,2020-11-07T00:00:00+0000,2019-12-31T23:59:59+0000,XGB_V3_1_Y2020_N2187_P568_SEED42,15579.92,0.3105684021547066,0.4973887899469376,0.06356781875809192,0.0656084112955746,-0.0006478503555480408,0.5451281191269004,0.30331109494783354,0.0789303258061409,DISTRIBUTION,1,NONE,,True,True,2187,568,1619,2.8503521126760565,0.0,2021-01-05T00:00:00+0000,-0.048884718278399464
2020-11-07T00:00:00+0000,2020-11-08T00:00:00+0000,2019-12-31T23:59:59+0000,XGB_V3_1_Y2020_N2187_P568_SEED42,14818.3,0.2384075267444814,0.41875083404258273,0.06453857327630397,0.0670375689278846,-0.04950089865182994,0.3324509697406162,0.28516145835025897,0.10290773212909698,DISTRIBUTION,1,NONE,,True,True,2187,568,1619,2.8503521126760565,0.0,2021-01-06T00:00:00+0000,0.0323188219971251
2020-11-08T00:00:00+0000,2020-11-09T00:00:00+0000,2019-12-31T23:59:59+0000,XGB_V3_1_Y2020_N2187_P568_SEED42,15475.1,0.28386799058444256,0.4757360427932651,0.06621761472317012,0.0685968194878459,-0.007371382461343834,0.4557463296033191,0.28045029486054357,0.10931296646595001,DISTRIBUTION,1,NONE,,True,True,2187,568,1619,2.8503521126760565,0.0,2021-01-07T00:00:00+0000,-0.011495240741578483
2020-11-09T00:00:00+0000,2020-11-10T00:00:00+0000,2019-12-31T23:59:59+0000,XGB_V3_1_Y2020_N2187_P568_SEED42,15328.41,0.26246406957651347,0.45629929266201263,0.06792653036955953,0.06977329086332773,-0.01678060708068374,0.3868520574540749,0.26723181514776495,0.1467403918504715,DISTRIBUTION,1,NONE,,True,True,2187,568,1619,2.8503521126760565,0.0,2021-01-08T00:00:00+0000,-0.002035436160697679
2020-11-10T00:00:00+0000,2020-11-11T00:00:00+0000,2019-12-31T23:59:59+0000,XGB_V3_1_Y2020_N2187_P568_SEED42,15297.21,0.24984760108294757,0.4479753283990553,0.07010484741157375,0.07051042158013643,-0.018781887386930984,0.3404105102890438,0.268060499822206,0.1523999273777008,DISTRIBUTION,1,NONE,,True,True,2187,568,1619,2.8503521126760565,0.0,2021-01-09T00:00:00+0000,0.025300692086988485
2020-11-11T00:00:00+0000,2020-11-12T00:00:00+0000,2019-12-31T23:59:59+0000,XGB_V3_1_Y2020_N2187_P568_SEED42,15684.24,0.2707658137920026,0.4789087027730736,0.07288871715124157,0.07127457011581084,0.0,0.39299299209624466,0.27513501803463214,0.15703794360160828,DISTRIBUTION,1,NONE,,True,True,2187,568,1619,2.8503521126760565,0.0,2021-01-10T00:00:00+0000,0.017390705574513055
2020-11-12T00:00:00+0000,2020-11-13T00:00:00+0000,2019-12-31T23:59:59+0000,XGB_V3_1_Y2020_N2187_P568_SEED42,16291.86,0.30718032330412837,0.5300001881995287,0.07738278612579985,0.07258753911191418,0.0,0.47551602574764024,0.2891987643694232,0.16358903050422668,DISTRIBUTION,1,NONE,,True,True,2187,568,1619,2.8503521126760565,0.0,2021-01-11T00:00:00+0000,-0.020553822583793457
2020-11-13T00:00:00+0000,2020-11-14T00:00:00+0000,2019-12-31T23:59:59+0000,XGB_V3_1_Y2020_N2187_P568_SEED42,16320.7,0.29786379191987833,0.5265825932375519,0.0807746460921428,0.07369344878294126,0.0,0.4242720066408452,0.29911909531918174,0.16242240369319916,DISTRIBUTION,1,NONE,,True,True,2187,568,1619,2.8503521126760565,0.0,2021-01-12T00:00:00+0000,-0.02228458338184025
2020-11-14T00:00:00+0000,2020-11-15T00:00:00+0000,2019-12-31T23:59:59+0000,XGB_V3_1_Y2020_N2187_P568_SEED42,16070.45,0.2671134371448911,0.4973406944342169,0.08377195164496198,0.07481820234737246,-0.015333288400620093,0.33179205366672976,0.2956601639155013,0.18653827905654907,DISTRIBUTION,1,NONE,,True,True,2187,568,1619,2.8503521126760565,0.0,2021-01-13T00:00:00+0000,-0.007059540958716193
2020-11-15T00:00:00+0000,2020-11-16T00:00:00+0000,2019-12-31T23:59:59+0000,XGB_V3_1_Y2020_N2187_P568_SEED42,15957.0,0.24787953540124064,0.4818146738766602,0.08411789561642147,0.07530658893222464,-0.02228458338184025,0.27912392522586066,0.28528914362516117,0.21221038699150085,DISTRIBUTION,1,NONE,,True,True,2187,568,1619,2.8503521126760565,0.0,2021-01-14T00:00:00+0000,0.04741304756533182
2020-11-16T00:00:00+0000,2020-11-17T00:00:00+0000,2019-12-31T23:59:59+0000,XGB_V3_1_Y2020_N2187_P568_SEED42,16713.57,0.29501537818025336,0.5462612272945959,0.08564732981757106,0.07570762657763352,0.0,0.4046245923022896,0.29451582824438055,0.17839044332504272,DISTRIBUTION,1,NONE,,True,True,2187,568,1619,2.8503521126760565,0.0,2021-01-15T00:00:00+0000,0.025485279326918242
2020-11-17T00:00:00+0000,2020-11-18T00:00:00+0000,2019-12-31T23:59:59+0000,XGB_V3_1_Y2020_N2187_P568_SEED42,17659.38,0.3536922093795982,0.627115282092289,0.09023651182712933,0.07667938491960213,0.0,0.5307432871118457,0.31156522014920285,0.2356717586517334,DISTRIBUTION,1,NONE,,True,True,2187,568,1619,2.8503521126760565,0.0,2021-01-16T00:00:00+0000,-0.02943817959633921
2020-11-18T00:00:00+0000,2020-11-19T00:00:00+0000,2019-12-31T23:59:59+0000,XGB_V3_1_Y2020_N2187_P568_SEED42,17776.12,0.3483043048875305,0.6312552264556246,0.09379506420119821,0.07754449132718677,0.0,0.48382581849841977,0.32362350856167466,0.22911395132541656,DISTRIBUTION,1,NONE,,True,True,2187,568,1619,2.8503521126760565,0.0,2021-01-17T00:00:00+0000,-0.03581208947734371
2020-11-19T00:00:00+0000,2020-11-20T00:00:00+0000,2019-12-31T23:59:59+0000,XGB_V3_1_Y2020_N2187_P568_SEED42,17802.82,0.3360885419211308,0.6270546639505004,0.0974265924947133,0.07836506177158431,0.0,0.4344465181485422,0.3281067511434114,0.2478477954864502,DISTRIBUTION,1,NONE,,True,True,2187,568,1619,2.8503521126760565,0.0,2021-01-18T00:00:00+0000,-0.03725814224937396
2020-11-20T00:00:00+0000,2020-11-21T00:00:00+0000,2019-12-31T23:59:59+0000,XGB_V3_1_Y2020_N2187_P568_SEED42,18655.67,0.3834066484098646,0.6974104456506849,0.10180775468765657,0.07950389573696137,0.0,0.515231207781363,0.34717686606141557,0.18626824021339417,DISTRIBUTION,1,NONE,,True,True,2187,568,1619,2.8503521126760565,0.0,2021-01-19T00:00:00+0000,-0.08127019828288118
2020-11-21T00:00:00+0000,2020-11-22T00:00:00+0000,2019-12-31T23:59:59+0000,XGB_V3_1_Y2020_N2187_P568_SEED42,18703.8,0.3704445840401962,0.6943267285136958,0.1057842877413131,0.08046995572051063,0.0,0.4621223387261409,0.35433315005192934,0.18909841775894165,DISTRIBUTION,1,NONE,,True,True,2187,568,1619,2.8503521126760565,0.0,2021-01-20T00:00:00+0000,-0.0836343416845774
2020-11-22T00:00:00+0000,2020-11-23T00:00:00+0000,2019-12-31T23:59:59+0000,XGB_V3_1_Y2020_N2187_P568_SEED42,18414.43,0.33385441342952427,0.6611376913647118,0.10768093947821833,0.08159456311975877,-0.015471187673093079,0.37833743471805115,0.3400624284971241,0.24388732016086578,DISTRIBUTION,1,NONE,,True,True,2187,568,1619,2.8503521126760565,0.0,2021-01-21T00:00:00+0000,-0.06923429071657394
2020-11-23T00:00:00+0000,2020-11-24T00:00:00+0000,2019-12-31T23:59:59+0000,XGB_V3_1_Y2020_N2187_P568_SEED42,18368.0,0.31581071942452543,0.6507088780462562,0.11009152060201988,0.08199070042536993,-0.01795357093211003,0.33968388329452653,0.32683430938257324,0.3255594074726105,DISTRIBUTION,1,NONE,,True,True,2187,568,1619,2.8503521126760565,0.0,2021-01-22T00:00:00+0000,-0.06688153310104528
2020-11-24T00:00:00+0000,2020-11-25T00:00:00+0000,2019-12-31T23:59:59+0000,XGB_V3_1_Y2020_N2187_P568_SEED42,19160.01,0.3562870305630059,0.7146741391697087,0.1138624951548266,0.08291099383201073,0.0,0.440204362040345,0.32168733248896353,0.32213306427001953,DISTRIBUTION,1,NONE,,True,True,2187,568,1619,2.8503521126760565,0.0,2021-01-23T00:00:00+0000,-0.10545349402218462
2020-11-25T00:00:00+0000,2020-11-26T00:00:00+0000,2019-12-31T23:59:59+0000,XGB_V3_1_Y2020_N2187_P568_SEED42,18719.11,0.31001809226599364,0.6683640463573424,0.1174531401957506,0.08291496719826319,-0.023011470244535204,0.3215706900018488,0.3266371179159067,0.3205835223197937,DISTRIBUTION,1,NONE,,True,True,2187,568,1619,2.8503521126760565,0.0,2021-01-24T00:00:00+0000,-0.0843838195298815
2020-11-26T00:00:00+0000,2020-11-27T00:00:00+0000,2019-12-31T23:59:59+0000,XGB_V3_1_Y2020_N2187_P568_SEED42,17149.47,0.18937756332656863,0.5227496910964613,0.1172147536311261,0.0824093545683442,-0.10493418322850545,0.02433023753093942,0.3168329773116882,0.3072916567325592,DISTRIBUTION,1,NONE,,True,True,2187,568,1619,2.8503521126760565,0.0,2021-01-25T00:00:00+0000,-0.000580192857272066
2020-11-27T00:00:00+0000,2020-11-28T00:00:00+0000,2019-12-31T23:59:59+0000,XGB_V3_1_Y2020_N2187_P568_SEED42,17139.52,0.17852951730466038,0.5160924317562607,0.11481465309966987,0.08238240112082296,-0.10545349402218462,0.0010353526736989786,0.29179674286121987,0.32030245661735535,DISTRIBUTION,1,NONE,,True,True,2187,568,1619,2.8503521126760565,0.0,2021-01-26T00:00:00+0000,0.033859174585985974
2020-11-28T00:00:00+0000,2020-11-29T00:00:00+0000,2019-12-31T23:59:59+0000,XGB_V3_1_Y2020_N2187_P568_SEED42,17719.85,0.20736010223237855,0.5612741867384317,0.11320248903061425,0.0823209928966393,-0.07516488770099805,0.09896849676906914,0.2772733132621201,0.3311770260334015,DISTRIBUTION,1,NONE,,True,True,2187,568,1619,2.8503521126760565,0.0,2021-01-27T00:00:00+0000,0.01787148311074871
2020-11-29T00:00:00+0000,2020-11-30T00:00:00+0000,2019-12-31T23:59:59+0000,XGB_V3_1_Y2020_N2187_P568_SEED42,18184.99,0.22752452657454714,0.59601651611634,0.11180680278051525,0.08250326668133234,-0.050888282417388964,0.17656783614840918,0.25911193345018196,0.3413826525211334,DISTRIBUTION,1,NONE,,True,True,2187,568,1619,2.8503521126760565,0.0,2021-01-28T00:00:00+0000,-0.00816387581186473
2020-11-30T00:00:00+0000,2020-12-01T00:00:00+0000,2019-12-31T23:59:59+0000,XGB_V3_1_Y2020_N2187_P568_SEED42,19695.87,0.3147323730312328,0.7211395506335905,0.11090474007430795,0.08319842028694535,0.0,0.4633032738117029,0.2557499085125412,0.3067024052143097,DISTRIBUTION,1,NONE,,True,True,2187,568,1619,2.8503521126760565,0.0,2021-01-29T00:00:00+0000,-0.08424811902190665
2020-12-01T00:00:00+0000,2020-12-02T00:00:00+0000,2019-12-31T23:59:59+0000,XGB_V3_1_Y2020_N2187_P568_SEED42,18764.96,0.24060675551320787,0.6330494404487541,0.10826885895596083,0.08349321282379418,-0.047264223413334916,0.23603417055831075,0.23888320392465037,0.43651315569877625,DISTRIBUTION,1,NONE,,True,True,2187,568,1619,2.8503521126760565,0.0,2021-01-30T00:00:00+0000,-0.03881862791074431
2020-12-02T00:00:00+0000,2020-12-03T00:00:00+0000,2019-12-31T23:59:59+0000,XGB_V3_1_Y2020_N2187_P568_SEED42,19204.09,0.2567051225531731,0.6641524324594736,0.10690537703896608,0.0837308672733903,-0.024968686328656675,0.3087493871290936,0.23422105101047763,0.4205690026283264,DISTRIBUTION,1,NONE,,True,True,2187,568,1619,2.8503521126760565,0.0,2021-01-31T00:00:00+0000,-0.06079746553989285
2020-12-03T00:00:00+0000,2020-12-04T00:00:00+0000,2019-12-31T23:59:59+0000,XGB_V3_1_Y2020_N2187_P568_SEED42,19421.9,0.2577825127023283,0.6759528772469559,0.10615939106961969,0.0839554529754345,-0.013910022761116747,0.32909969063185923,0.228406797173285,0.3460017144680023,DISTRIBUTION,1,NONE,,True,True,2187,568,1619,2.8503521126760565,0.0,2021-02-01T00:00:00+0000,-0.07133030239060045
2020-12-04T00:00:00+0000,2020-12-05T00:00:00+0000,2019-12-31T23:59:59+0000,XGB_V3_1_Y2020_N2187_P568_SEED42,18650.52,0.19675135917967856,0.6032211933296237,0.10317114324446308,0.08390217991559679,-0.05307457857916398,0.12291074690565294,0.20458008531476962,0.43697598576545715,DISTRIBUTION,1,NONE,,True,True,2187,568,1619,2.8503521126760565,0.0,2021-02-02T00:00:00+0000,-0.03292079791877123
2020-12-05T00:00:00+0000,2020-12-06T00:00:00+0000,2019-12-31T23:59:59+0000,XGB_V3_1_Y2020_N2187_P568_SEED42,19147.66,0.21643062296876536,0.6393523116333262,0.10159120459063353,0.08464109723338753,-0.02783375397989518,0.24925673264879752,0.1738052201425597,0.44859766960144043,DISTRIBUTION,1,NONE,,True,True,2187,568,1619,2.8503521126760565,0.0,2021-02-03T00:00:00+0000,-0.05802954512457403
2020-12-06T00:00:00+0000,2020-12-07T00:00:00+0000,2019-12-31T23:59:59+0000,XGB_V3_1_Y2020_N2187_P568_SEED42,19359.4,0.2175079599250873,0.6505225468239668,0.1027806134925553,0.08513575413136754,-0.017083276849410467,0.2989666463392268,0.1582454205736618,0.35077807307243347,DISTRIBUTION,1,NONE,,True,True,2187,568,1619,2.8503521126760565,0.0,2021-02-04T00:00:00+0000,-0.06833217971631367
2020-12-07T00:00:00+0000,2020-12-08T00:00:00+0000,2019-12-31T23:59:59+0000,XGB_V3_1_Y2020_N2187_P568_SEED42,19166.9,0.1938932195817349,0.6271063425741763,0.10389610353890433,0.08537249355616439,-0.02685689944135483,0.21066433240056462,0.15515295163008422,0.45545828342437744,DISTRIBUTION,1,NONE,,True,True,2187,568,1619,2.8503521126760565,0.0,2021-02-05T00:00:00+0000,-0.05897510812911855
2020-12-08T00:00:00+0000,2020-12-09T00:00:00+0000,2019-12-31T23:59:59+0000,XGB_V3_1_Y2020_N2187_P568_SEED42,18324.11,0.13212643020770987,0.5495398767727442,0.10282026989986792,0.08518823279007526,-0.06964708845052281,-0.09416338339392463,0.15057279039264082,0.43573033809661865,DISTRIBUTION,1,NONE,,True,True,2187,568,1619,2.8503521126760565,0.0,2021-02-06T00:00:00+0000,-0.015694077365831283
2020-12-09T00:00:00+0000,2020-12-10T00:00:00+0000,2019-12-31T23:59:59+0000,XGB_V3_1_Y2020_N2187_P568_SEED42,18541.28,0.13623355289847505,0.5617224105310332,0.10151195328737739,0.08504865589696031,-0.05862091900484723,-0.03078663898971712,0.14527158109694613,0.4357214570045471,DISTRIBUTION,1,NONE,,True,True,2187,568,1619,2.8503521126760565,0.0,2021-02-07T00:00:00+0000,-0.02722303961754524
2020-12-10T00:00:00+0000,2020-12-11T00:00:00+0000,2019-12-31T23:59:59+0000,XGB_V3_1_Y2020_N2187_P568_SEED42,18254.63,0.11121251185758707,0.5314288197507397,0.09657439199501061,0.08455664228332305,-0.073174731555397,-0.12842738298999473,0.1464406059440142,0.4510486423969269,DISTRIBUTION,1,NONE,,True,True,2187,568,1619,2.8503521126760565,0.0,2021-02-08T00:00:00+0000,-0.011947653828097482
2020-12-11T00:00:00+0000,2020-12-12T00:00:00+0000,2019-12-31T23:59:59+0000,XGB_V3_1_Y2020_N2187_P568_SEED42,18036.53,0.09120330608672189,0.5073552151432699,0.09278270770984709,0.08393862634379579,-0.08424811902190665,-0.1932323904094185,0.14898260036210723,0.41826143860816956,DISTRIBUTION,1,NONE,,True,True,2187,568,1619,2.8503521126760565,0.0,2021-02-09T00:00:00+0000,0.04281089544385752
2020-12-12T00:00:00+0000,2020-12-13T00:00:00+0000,2019-12-31T23:59:59+0000,XGB_V3_1_Y2020_N2187_P568_SEED42,18808.69,0.12987224814294573,0.5653666251385618,0.08935356658362137,0.08390153360410335,-0.045043960992837584,0.07862638924030697,0.14901178951122,0.4325925409793854,DISTRIBUTION,1,NONE,,True,True,2187,568,1619,2.8503521126760565,0.0,2021-02-10T00:00:00+0000,0.019475040526480303
2020-12-13T00:00:00+0000,2020-12-14T00:00:00+0000,2019-12-31T23:59:59+0000,XGB_V3_1_Y2020_N2187_P568_SEED42,19174.99,0.14354625454085013,0.5892580784527073,0.08591354175310917,0.08429969293696415,-0.026446153432166053,0.19369015136335452,0.15068260620659651,0.42870089411735535,DISTRIBUTION,1,NONE,,True,True,2187,568,1619,2.8503521126760565,0.0,2021-02-11T00:00:00+0000,0.005118646737234167
2020-12-14T00:00:00+0000,2020-12-15T00:00:00+0000,2019-12-31T23:59:59+0000,XGB_V3_1_Y2020_N2187_P568_SEED42,19273.14,0.14090235278722396,0.5909992937592805,0.08396930606359732,0.08409753192072089,-0.021462875211909926,0.22513549138427721,0.1516411588871429,0.4416331648826599,DISTRIBUTION,1,NONE,,True,True,2187,568,1619,2.8503521126760565,0.0,2021-02-12T00:00:00+0000,0.007953556088940328
2020-12-15T00:00:00+0000,2020-12-16T00:00:00+0000,2019-12-31T23:59:59+0000,XGB_V3_1_Y2020_N2187_P568_SEED42,19426.43,0.14136311178919492,0.5970619380364042,0.08128655463388212,0.08411877028023218,-0.013680025304797283,0.25929005558302504,0.15577386437471558,0.34691789746284485,DISTRIBUTION,1,NONE,,True,True,2187,568,1619,2.8503521126760565,0.0,2021-02-13T00:00:00+0000,0.098272816981813
2020-12-16T00:00:00+0000,2020-12-17T00:00:00+0000,2019-12-31T23:59:59+0000,XGB_V3_1_Y2020_N2187_P568_SEED42,21335.52,0.2422888263527858,0.7456588951434076,0.08009155188940098,0.0852296821908971,0.0,0.7211745260744642,0.18021520422388246,0.2868441343307495,DISTRIBUTION,1,NONE,,True,True,2187,568,1619,2.8503521126760565,0.0,2021-02-14T00:00:00+0000,0.0648772563312261
2020-12-17T00:00:00+0000,2020-12-18T00:00:00+0000,2019-12-31T23:59:59+0000,XGB_V3_1_Y2020_N2187_P568_SEED42,22797.16,0.3128239465515503,0.8551185828647041,0.08165276844458758,0.08701639929869631,0.0,0.8095515671074869,0.23414913281106337,0.29055336117744446,DISTRIBUTION,1,NONE,,True,True,2187,568,1619,2.8503521126760565,0.0,2021-02-15T00:00:00+0000,-0.003397353003619763
2020-12-18T00:00:00+0000,2020-12-19T00:00:00+0000,2019-12-31T23:59:59+0000,XGB_V3_1_Y2020_N2187_P568_SEED42,23107.39,0.31605954081613974,0.8705406249986214,0.084794302499821,0.08843597505746459,0.0,0.6735899512823933,0.28063137942806893,0.2626074254512787,DISTRIBUTION,1,NONE,,True,True,2187,568,1619,2.8503521126760565,0.0,2021-02-16T00:00:00+0000,-0.01677731669392346
2020-12-19T00:00:00+0000,2020-12-20T00:00:00+0000,2019-12-31T23:59:59+0000,XGB_V3_1_Y2020_N2187_P568_SEED42,23821.61,0.341062004737108,0.9172569593353701,0.08855442977196049,0.09047346476927887,0.0,0.6288883514169645,0.3311551165962636,0.23658797144889832,DISTRIBUTION,1,NONE,,True,True,2187,568,1619,2.8503521126760565,0.0,2021-02-17T00:00:00+0000,-0.0462563193671629
2020-12-20T00:00:00+0000,2020-12-21T00:00:00+0000,2019-12-31T23:59:59+0000,XGB_V3_1_Y2020_N2187_P568_SEED42,23455.52,0.30623877887520057,0.8773748956271132,0.09306649115463617,0.09177959895339938,-0.015367978906547508,0.4867412010270509,0.3666319706110165,0.20438416302204132,DISTRIBUTION,1,NONE,,True,True,2187,568,1619,2.8503521126760565,0.0,2021-02-18T00:00:00+0000,-0.03137044073207507
2020-12-21T00:00:00+0000,2020-12-22T00:00:00+0000,2019-12-31T23:59:59+0000,XGB_V3_1_Y2020_N2187_P568_SEED42,22719.71,0.25276185960182573,0.8091189301976272,0.09720289662525827,0.09291743903622662,-0.0462563193671629,0.34400779076953436,0.37864669186046856,0.2620891332626343,DISTRIBUTION,1,NONE,,True,True,2187,568,1619,2.8503521126760565,0.0,2021-02-19T00:00:00+0000,0.022581714291247446
2020-12-22T00:00:00+0000,2020-12-23T00:00:00+0000,2019-12-31T23:59:59+0000,XGB_V3_1_Y2020_N2187_P568_SEED42,23810.79,0.29823272061871586,0.8853479930891026,0.1017728011184702,0.0944140334568202,-0.0004542094342070424,0.4236282723450747,0.4039316756825407,0.2076474130153656,DISTRIBUTION,1,NONE,,True,True,2187,568,1619,2.8503521126760565,0.0,2021-02-20T00:00:00+0000,-0.024275969003968445
2020-12-23T00:00:00+0000,2020-12-24T00:00:00+0000,2019-12-31T23:59:59+0000,XGB_V3_1_Y2020_N2187_P568_SEED42,23232.76,0.25412262050540857,0.8297517670719028,0.10478913485095687,0.09566735085941325,-0.024719152064029304,0.31737989883729895,0.4161491201045489,0.24709340929985046,DISTRIBUTION,1,NONE,,True,True,2187,568,1619,2.8503521126760565,0.0,2021-02-21T00:00:00+0000,0.021368102627496777
2020-12-24T00:00:00+0000,2020-12-25T00:00:00+0000,2019-12-31T23:59:59+0000,XGB_V3_1_Y2020_N2187_P568_SEED42,23729.2,0.267801226557028,0.8586165247709752,0.10796981485431667,0.09747794893055062,-0.003879250814701418,0.33580958611511147,0.42326183587599375,0.2118261158466339,DISTRIBUTION,1,NONE,,True,True,2187,568,1619,2.8503521126760565,0.0,2021-02-22T00:00:00+0000,0.04143713230955948
2020-12-25T00:00:00+0000,2020-12-26T00:00:00+0000,2019-12-31T23:59:59+0000,XGB_V3_1_Y2020_N2187_P568_SEED42,24712.47,0.307589070456461,0.9243799787162732,0.11039042461610382,0.09946628280301284,0.0,0.39362312885365086,0.4413945133999575,0.18522588908672333,DISTRIBUTION,1,NONE,,True,True,2187,568,1619,2.8503521126760565,0.0,2021-02-23T00:00:00+0000,0.06349790207130246
2020-12-26T00:00:00+0000,2020-12-27T00:00:00+0000,2019-12-31T23:59:59+0000,XGB_V3_1_Y2020_N2187_P568_SEED42,26493.39,0.38581638929701634,1.0497172318872985,0.11314358105240085,0.10197856895447677,0.0,0.4943410473521602,0.48016735042870645,0.18850114941596985,DISTRIBUTION,1,NONE,,True,True,2187,568,1619,2.8503521126760565,0.0,2021-02-24T00:00:00+0000,-0.007991804748278653
2020-12-27T00:00:00+0000,2020-12-28T00:00:00+0000,2019-12-31T23:59:59+0000,XGB_V3_1_Y2020_N2187_P568_SEED42,26281.66,0.3584499902666072,1.0205205109452153,0.1141274644113015,0.10421486707139493,-0.007991804748278653,0.4145325809832162,0.500363174925006,0.2243799865245819,DISTRIBUTION,1,NONE,,True,True,2187,568,1619,2.8503521126760565,0.0,2021-02-25T00:00:00+0000,0.03035386653658856
2020-12-28T00:00:00+0000,2020-12-29T00:00:00+0000,2019-12-31T23:59:59+0000,XGB_V3_1_Y2020_N2187_P568_SEED42,27079.41,0.38309248033825805,1.0677041091574249,0.11509693300937718,0.10746669348550864,0.0,0.4297827330897534,0.510815721130989,0.21446341276168823,DISTRIBUTION,1,NONE,,True,True,2187,568,1619,2.8503521126760565,0.0,2021-02-26T00:00:00+0000,0.011284957833276321
2020-12-29T00:00:00+0000,2020-12-30T00:00:00+0000,2019-12-31T23:59:59+0000,XGB_V3_1_Y2020_N2187_P568_SEED42,27385.0,0.38168392563199394,1.076829345855748,0.11578826136407949,0.1106470398889896,0.0,0.4059151653357673,0.515431867913315,0.2218974381685257,DISTRIBUTION,1,NONE,,True,True,2187,568,1619,2.8503521126760565,0.0,2021-02-27T00:00:00+0000,0.05442906700748584
2020-12-30T00:00:00+0000,2020-12-31T00:00:00+0000,2019-12-31T23:59:59+0000,XGB_V3_1_Y2020_N2187_P568_SEED42,28875.54,0.4371957644116904,1.1738757204527004,0.11890108052705872,0.11434375539796582,0.0,0.46938126770770205,0.5237214266773711,0.23337559401988983,DISTRIBUTION,1,NONE,,True,True,2187,568,1619,2.8503521126760565,0.0,2021-02-28T00:00:00+0000,0.0016654233998740775
2020-12-31T00:00:00+0000,2021-01-01T00:00:00+0000,2020-12-31T23:59:59+0000,XGB_V3_1_Y2021_N2553_P635_SEED42,28923.63,0.4208636841489859,1.161563450056338,0.12244772015219008,0.11827194207326253,0.0,0.42773923701383937,0.5126118644965447,0.2486145794391632,DISTRIBUTION,1,NONE,,True,True,2553,635,1918,3.0204724409448818,0.0,2021-03-01T00:00:00+0000,0.014108187665241134
2021-01-01T00:00:00+0000,2021-01-02T00:00:00+0000,2020-12-31T23:59:59+0000,XGB_V3_1_Y2021_N2553_P635_SEED42,29331.69,0.42268273032716297,1.175874819023063,0.12410731196568059,0.12191693001119996,0.0,0.4160218202316672,0.5039074799269461,0.2618976831436157,DISTRIBUTION,1,NONE,,True,True,2553,635,1918,3.0204724409448818,0.0,2021-03-02T00:00:00+0000,0.035267657608545555
2021-01-02T00:00:00+0000,2021-01-03T00:00:00+0000,2020-12-31T23:59:59+0000,XGB_V3_1_Y2021_N2553_P635_SEED42,32178.33,0.5371088169115432,1.3671543771476418,0.1300511008020766,0.12666862602052942,0.0,0.5546692784808398,0.5271237597990627,0.3731697201728821,DISTRIBUTION,1,NONE,,True,True,2553,635,1918,3.0204724409448818,0.0,2021-03-03T00:00:00+0000,-0.05631678213257185
2021-01-03T00:00:00+0000,2021-01-04T00:00:00+0000,2020-12-31T23:59:59+0000,XGB_V3_1_Y2021_N2553_P635_SEED42,33000.05,0.5512708287525867,1.406768721917382,0.13656700187791548,0.13187312914168725,0.0,0.5352705334702688,0.5414591233163748,0.31577807664871216,DISTRIBUTION,1,NONE,,True,True,2553,635,1918,3.0204724409448818,0.0,2021-03-04T00:00:00+0000,-0.07981503058328698
2021-01-04T00:00:00+0000,2021-01-05T00:00:00+0000,2020-12-31T23:59:59+0000,XGB_V3_1_Y2021_N2553_P635_SEED42,31988.71,0.48140132379174205,1.31393741685444,0.14256028774709062,0.13651161875481388,-0.03064662023239373,0.4211670471770355,0.5231622249985104,0.4576336443424225,DISTRIBUTION,1,NONE,,True,True,2553,635,1918,3.0204724409448818,0.0,2021-03-05T00:00:00+0000,-0.05072289567162902
2021-01-05T00:00:00+0000,2021-01-06T00:00:00+0000,2020-12-31T23:59:59+0000,XGB_V3_1_Y2021_N2553_P635_SEED42,33949.53,0.547502831901014,1.434083959414504,0.1475469799905038,0.14118056160507564,0.0,0.4897082533335884,0.5405510960815765,0.38810619711875916,DISTRIBUTION,1,NONE,,True,True,2553,635,1918,3.0204724409448818,0.0,2021-03-06T00:00:00+0000,-0.1055502093843419
2021-01-06T00:00:00+0000,2021-01-07T00:00:00+0000,2020-12-31T23:59:59+0000,XGB_V3_1_Y2021_N2553_P635_SEED42,36769.36,0.6473383369802701,1.6106052540520253,0.15370328068417805,0.14613504355561568,0.0,0.5631520516545155,0.5948921730680534,0.4119212329387665,DISTRIBUTION,1,NONE,,True,True,2553,635,1918,3.0204724409448818,0.0,2021-03-07T00:00:00+0000,-0.17414526660241025
2021-01-07T00:00:00+0000,2021-01-08T00:00:00+0000,2020-12-31T23:59:59+0000,XGB_V3_1_Y2021_N2553_P635_SEED42,39432.28,0.7330135900842651,1.7700352191053184,0.16214934802725733,0.15234586723482568,0.0,0.5876003632098863,0.6645517946410883,0.43690821528434753,DISTRIBUTION,1,NONE,,True,True,2553,635,1918,3.0204724409448818,0.0,2021-03-08T00:00:00+0000,-0.22991645423495666
2021-01-08T00:00:00+0000,2021-01-09T00:00:00+0000,2020-12-31T23:59:59+0000,XGB_V3_1_Y2021_N2553_P635_SEED42,40582.81,0.7485664535961776,1.820251359215085,0.17099740445238143,0.158146529780123,0.0,0.5385479162532586,0.7241407437127518,0.4533030092716217,DISTRIBUTION,1,NONE,,True,True,2553,635,1918,3.0204724409448818,1.0,2021-03-09T00:00:00+0000,-0.2517484619719531
2021-01-09T00:00:00+0000,2021-01-10T00:00:00+0000,2020-12-31T23:59:59+0000,XGB_V3_1_Y2021_N2553_P635_SEED42,40088.22,0.6959341175685407,1.756700623748917,0.1765045468489781,0.16394674251621355,-0.012187179744330034,0.4478984219415364,0.7479773655439705,0.5317546725273132,DISTRIBUTION,1,NONE,,True,True,2553,635,1918,3.0204724409448818,0.0,2021-03-10T00:00:00+0000,-0.2425168790233141
2021-01-10T00:00:00+0000,2021-01-11T00:00:00+0000,2020-12-31T23:59:59+0000,XGB_V3_1_Y2021_N2553_P635_SEED42,38150.02,0.5878134371215884,1.5976481913342626,0.18030681321497943,0.16944222722136626,-0.05994631717222143,0.32708739445180157,0.7296134690900482,0.7188587188720703,DISTRIBUTION,1,NONE,,True,True,2553,635,1918,3.0204724409448818,0.0,2021-03-11T00:00:00+0000,-0.20403318268247295
2021-01-11T00:00:00+0000,2021-01-12T00:00:00+0000,2020-12-31T23:59:59+0000,XGB_V3_1_Y2021_N2553_P635_SEED42,35404.47,0.45299385154221317,1.3894260674979813,0.18185798624299965,0.17322745736050082,-0.12759934563427222,0.18419823994134224,0.6963700753213183,0.7328395247459412,DISTRIBUTION,1,NONE,,True,True,2553,635,1918,3.0204724409448818,0.0,2021-03-12T00:00:00+0000,-0.14230745439770742
2021-01-12T00:00:00+0000,2021-01-13T00:00:00+0000,2020-12-31T23:59:59+0000,XGB_V3_1_Y2021_N2553_P635_SEED42,34051.24,0.3796970063942351,1.2789570622043138,0.17893625154718418,0.17676070594226778,-0.16094425201212037,0.10331092003040937,0.6461703835915626,0.6807688474655151,DISTRIBUTION,1,NONE,,True,True,2553,635,1918,3.0204724409448818,0.0,2021-03-13T00:00:00+0000,-0.10822190322584424
2021-01-13T00:00:00+0000,2021-01-14T00:00:00+0000,2020-12-31T23:59:59+0000,XGB_V3_1_Y2021_N2553_P635_SEED42,37371.38,0.4922015999883216,1.4776519012375604,0.17729327098186753,0.18142332944638584,-0.07913276581882822,0.24207970269092796,0.6042426011181511,0.7577522397041321,DISTRIBUTION,1,NONE,,True,True,2553,635,1918,3.0204724409448818,0.0,2021-03-14T00:00:00+0000,-0.18744905861116168
2021-01-14T00:00:00+0000,2021-01-15T00:00:00+0000,2020-12-31T23:59:59+0000,XGB_V3_1_Y2021_N2553_P635_SEED42,39144.5,0.5379150946560036,1.5696282051035881,0.17873014992682323,0.18624701953866918,-0.035441360516928144,0.3049952838722522,0.57267034900687,0.84196537733078,DISTRIBUTION,1,NONE,,True,True,2553,635,1918,3.0204724409448818,0.0,2021-03-15T00:00:00+0000,-0.22425500389582187
2021-01-15T00:00:00+0000,2021-01-16T00:00:00+0000,2020-12-31T23:59:59+0000,XGB_V3_1_Y2021_N2553_P635_SEED42,36742.22,0.421647322249163,1.3903169958565016,0.17807030225377662,0.18923125149572417,-0.09463588154689129,0.15947035082297115,0.5385028093946728,0.8755223155021667,DISTRIBUTION,1,NONE,,True,True,2553,635,1918,3.0204724409448818,0.0,2021-03-16T00:00:00+0000,-0.17353524092991657
2021-01-16T00:00:00+0000,2021-01-17T00:00:00+0000,2020-12-31T23:59:59+0000,XGB_V3_1_Y2021_N2553_P635_SEED42,35994.98,0.3727052232440957,1.3214244761226643,0.17479309482529426,0.19205926704151333,-0.11304860358363544,0.09886366876744421,0.4929871094257127,0.9013469219207764,DISTRIBUTION,1,NONE,,True,True,2553,635,1918,3.0204724409448818,0.0,2021-03-17T00:00:00+0000,-0.1563781949594083
2021-01-17T00:00:00+0000,2021-01-18T00:00:00+0000,2020-12-31T23:59:59+0000,XGB_V3_1_Y2021_N2553_P635_SEED42,35828.61,0.3477455795483806,1.291045674803312,0.16834774061319968,0.1941129417571792,-0.11714812256716567,0.06856292322312826,0.4485447082027171,0.8894455432891846,DISTRIBUTION,1,NONE,,True,True,2553,635,1918,3.0204724409448818,0.0,2021-03-18T00:00:00+0000,-0.152460840652205
2021-01-18T00:00:00+0000,2021-01-19T00:00:00+0000,2020-12-31T23:59:59+0000,XGB_V3_1_Y2021_N2553_P635_SEED42,36631.27,0.35907796580025386,1.3219229997794346,0.16130857202621662,0.19644359450373017,-0.09736979770498888,0.09991426031326665,0.40047121488637055,0.9113432168960571,DISTRIBUTION,1,NONE,,True,True,2553,635,1918,3.0204724409448818,0.0,2021-03-19T00:00:00+0000,-0.1710320171809494
2021-01-19T00:00:00+0000,2021-01-20T00:00:00+0000,2020-12-31T23:59:59+0000,XGB_V3_1_Y2021_N2553_P635_SEED42,35891.49,0.31581790525426534,1.255846629362479,0.1539524143669233,0.197806087354766,-0.11559869806945355,0.024804937198791593,0.36123966498651916,0.893683910369873,DISTRIBUTION,1,NONE,,True,True,2553,635,1918,3.0204724409448818,0.0,2021-03-20T00:00:00+0000,-0.15394568461771851
2021-01-20T00:00:00+0000,2021-01-21T00:00:00+0000,2020-12-31T23:59:59+0000,XGB_V3_1_Y2021_N2553_P635_SEED42,35468.23,0.28456844046304397,1.210947661888452,0.14917712100798508,0.19888146254850225,-0.12602823707870392,-0.0381522840381912,0.3152152076039335,0.901127278804779,DISTRIBUTION,1,NONE,,True,True,2553,635,1918,3.0204724409448818,0.0,2021-03-21T00:00:00+0000,-0.14384929837209248
2021-01-21T00:00:00+0000,2021-01-22T00:00:00+0000,2020-12-31T23:59:59+0000,XGB_V3_1_Y2021_N2553_P635_SEED42,30850.13,0.10796611277118173,0.9101067906177314,0.14271045239137004,0.19810855638916292,-0.239822722970637,-0.48038476015173426,0.2965907544084542,0.8562150597572327,DISTRIBUTION,1,NONE,,True,True,2553,635,1918,3.0204724409448818,0.0,2021-03-22T00:00:00+0000,-0.015688102448838892
2021-01-22T00:00:00+0000,2021-01-23T00:00:00+0000,2020-12-31T23:59:59+0000,XGB_V3_1_Y2021_N2553_P635_SEED42,32945.17,0.17182569529702763,1.0250270601257854,0.13914635902264516,0.19680667469777857,-0.18819889504940635,-0.2931051969807768,0.2907422716211263,0.8628478050231934,DISTRIBUTION,1,NONE,,True,True,2553,635,1918,3.0204724409448818,0.0,2021-03-23T00:00:00+0000,-0.07828218825399891
2021-01-23T00:00:00+0000,2021-01-24T00:00:00+0000,2020-12-31T23:59:59+0000,XGB_V3_1_Y2021_N2553_P635_SEED42,32078.0,0.1301857824883439,0.9579926526017466,0.1333024027375831,0.19485714853752523,-0.20956680919827875,-0.3631803191695946,0.2977995582225873,0.8913753628730774,DISTRIBUTION,1,NONE,,True,True,2553,635,1918,3.0204724409448818,0.0,2021-03-24T00:00:00+0000,-0.0533652347403204
2021-01-24T00:00:00+0000,2021-01-25T00:00:00+0000,2020-12-31T23:59:59+0000,XGB_V3_1_Y2021_N2553_P635_SEED42,32259.9,0.1261891132922881,0.9554743771870573,0.12541656049698213,0.19334431667271135,-0.2050846158755394,-0.3500221125916085,0.2955118343134421,0.8913753628730774,DISTRIBUTION,1,NONE,,True,True,2553,635,1918,3.0204724409448818,0.0,2021-03-25T00:00:00+0000,-0.05870290980443216
2021-01-25T00:00:00+0000,2021-01-26T00:00:00+0000,2020-12-31T23:59:59+0000,XGB_V3_1_Y2021_N2553_P635_SEED42,32254.2,0.11594315970077251,0.9415815422366209,0.11833180997201453,0.19105667675193172,-0.20522506943210683,-0.3314888520332423,0.3061259203784361,0.8903452754020691,DISTRIBUTION,1,NONE,,True,True,2553,635,1918,3.0204724409448818,0.0,2021-03-26T00:00:00+0000,-0.058536562680209014
2021-01-26T00:00:00+0000,2021-01-27T00:00:00+0000,2020-12-31T23:59:59+0000,XGB_V3_1_Y2021_N2553_P635_SEED42,32467.77,0.11308773080381096,0.9408968453603217,0.1123934288009576,0.18769558935357744,-0.19996249643629893,-0.283185654925961,0.318080754598269,0.8539484739303589,DISTRIBUTION,1,NONE,,True,True,2553,635,1918,3.0204724409448818,0.0,2021-03-27T00:00:00+0000,-0.06472942243954538
2021-01-27T00:00:00+0000,2021-01-28T00:00:00+0000,2020-12-31T23:59:59+0000,XGB_V3_1_Y2021_N2553_P635_SEED42,30366.15,0.03251304477187844,0.8038699216494876,0.10629803786886938,0.1825456579885083,-0.2517484619719531,-0.41560274927090435,0.332105890737178,0.7040718793869019,DISTRIBUTION,1,NONE,,True,True,2553,635,1918,3.0204724409448818,0.0,2021-03-28T00:00:00+0000,0.0897983445382442
2021-01-28T00:00:00+0000,2021-01-29T00:00:00+0000,2020-12-31T23:59:59+0000,XGB_V3_1_Y2021_N2553_P635_SEED42,33364.86,0.12315337359390788,0.9679404841339698,0.10215490201684418,0.17821093536510335,-0.17785732432032175,-0.1403543367304373,0.30707690537037746,0.6961677074432373,DISTRIBUTION,1,NONE,,True,True,2553,635,1918,3.0204724409448818,0.0,2021-03-29T00:00:00+0000,-0.008148692966192472
2021-01-29T00:00:00+0000,2021-01-30T00:00:00+0000,2020-12-31T23:59:59+0000,XGB_V3_1_Y2021_N2553_P635_SEED42,34252.2,0.14073743628691227,1.0054862304796859,0.10079660319706663,0.1744691623454091,-0.15599240170899953,-0.033782544146869105,0.27707442141275557,0.7086309194564819,DISTRIBUTION,1,NONE,,True,True,2553,635,1918,3.0204724409448818,0.0,2021-03-30T00:00:00+0000,-0.03384366551637541
2021-01-30T00:00:00+0000,2021-01-31T00:00:00+0000,2020-12-31T23:59:59+0000,XGB_V3_1_Y2021_N2553_P635_SEED42,34262.88,0.12889198265835544,0.9915317839890674,0.09923160937504916,0.17144576317180316,-0.1557292360977468,-0.013175445586605897,0.2618206716564237,0.6848046183586121,DISTRIBUTION,1,NONE,,True,True,2553,635,1918,3.0204724409448818,0.0,2021-03-31T00:00:00+0000,-0.03414482378597461
2021-01-31T00:00:00+0000,2021-02-01T00:00:00+0000,2020-12-31T23:59:59+0000,XGB_V3_1_Y2021_N2553_P635_SEED42,33092.98,0.08017869749752427,0.9102652514551735,0.10029654148093425,0.16917010177254843,-0.18455671255883943,-0.13007716837025296,0.26315282405056645,0.6386592388153076,DISTRIBUTION,1,NONE,,True,True,2553,635,1918,3.0204724409448818,0.0,2021-04-01T00:00:00+0000,0.013096130961913977
2021-02-01T00:00:00+0000,2021-02-02T00:00:00+0000,2020-12-31T23:59:59+0000,XGB_V3_1_Y2021_N2553_P635_SEED42,33526.37,0.0841675239782671,0.9217527558234262,0.09992077154668677,0.1675950150442833,-0.17387756047449632,-0.07891516631850373,0.26398478619530713,0.5922209024429321,DISTRIBUTION,1,NONE,,True,True,2553,635,1918,3.0204724409448818,0.0,2021-04-02T00:00:00+0000,0.057861021041049066
2021-02-02T00:00:00+0000,2021-02-03T00:00:00+0000,2020-12-31T23:59:59+0000,XGB_V3_1_Y2021_N2553_P635_SEED42,35466.24,0.13501162138938816,1.0177314589812454,0.10092414584671605,0.16534076300904843,-0.12607727261862844,0.1527224015358549,0.25348607111254157,0.5385118722915649,DISTRIBUTION,1,NONE,,True,True,2553,635,1918,3.0204724409448818,0.0,2021-04-03T00:00:00+0000,0.04145970928973597
2021-02-03T00:00:00+0000,2021-02-04T00:00:00+0000,2020-12-31T23:59:59+0000,XGB_V3_1_Y2021_N2553_P635_SEED42,37618.87,0.19004436050488693,1.1230176707589976,0.10354717505965838,0.16319272554531739,-0.07303437095656995,0.4422051249840178,0.2356933588124261,0.565140426158905,DISTRIBUTION,1,NONE,,True,True,2553,635,1918,3.0204724409448818,0.0,2021-04-04T00:00:00+0000,-0.018134781826248392
2021-02-04T00:00:00+0000,2021-02-05T00:00:00+0000,2020-12-31T23:59:59+0000,XGB_V3_1_Y2021_N2553_P635_SEED42,36936.66,0.15704245760598723,1.068334470082212,0.1044959456750032,0.16178819206022843,-0.08984469039970355,0.353680044949962,0.23719355150284385,0.5811750888824463,DISTRIBUTION,1,NONE,,True,True,2553,635,1918,3.0204724409448818,0.0,2021-04-05T00:00:00+0000,0.03664597719447271
2021-02-05T00:00:00+0000,2021-02-06T00:00:00+0000,2020-12-31T23:59:59+0000,XGB_V3_1_Y2021_N2553_P635_SEED42,38290.24,0.18791301706800945,1.126785013873575,0.1050460640845774,0.161120037014858,-0.05649115968066287,0.4688596511493552,0.25559803412081084,0.5213652849197388,DISTRIBUTION,1,NONE,,True,True,2553,635,1918,3.0204724409448818,0.0,2021-04-06T00:00:00+0000,0.013200491822459304
2021-02-06T00:00:00+0000,2021-02-07T00:00:00+0000,2020-12-31T23:59:59+0000,XGB_V3_1_Y2021_N2553_P635_SEED42,39186.94,0.20372260517044372,1.1587272840147893,0.10693150879665758,0.16077316423443055,-0.03439559754487176,0.49849018497239345,0.2817785973491284,0.41115856170654297,DISTRIBUTION,1,NONE,,True,True,2553,635,1918,3.0204724409448818,0.0,2021-04-07T00:00:00+0000,-0.009984193713517775
2021-02-07T00:00:00+0000,2021-02-08T00:00:00+0000,2020-12-31T23:59:59+0000,XGB_V3_1_Y2021_N2553_P635_SEED42,38795.69,0.18084147979235232,1.1200774209322049,0.10596565156694693,0.15991882590148632,-0.03224213996031744,0.4219319791995254,0.2975178764556085,0.5175544619560242,DISTRIBUTION,1,NONE,,True,True,2553,635,1918,3.0204724409448818,0.0,2021-04-08T00:00:00+0000,0.1549628322115162
2021-02-08T00:00:00+0000,2021-02-09T00:00:00+0000,2020-12-31T23:59:59+0000,XGB_V3_1_Y2021_N2553_P635_SEED42,46374.87,0.39210942779852465,1.5090494430746757,0.10944698329829872,0.16169352066005294,0.0,0.7806933448097071,0.4166353723992857,0.4457945227622986,DISTRIBUTION,1,NONE,,True,True,2553,635,1918,3.0204724409448818,0.0,2021-04-09T00:00:00+0000,-0.033796105520080166
2021-02-09T00:00:00+0000,2021-02-10T00:00:00+0000,2020-12-31T23:59:59+0000,XGB_V3_1_Y2021_N2553_P635_SEED42,46420.42,0.3739268269412097,1.486702982344151,0.1132020193725305,0.16365461493776667,0.0,0.6159061515425677,0.4970341386980847,0.42461976408958435,DISTRIBUTION,1,NONE,,True,True,2553,635,1918,3.0204724409448818,0.0,2021-04-10T00:00:00+0000,-0.03474419231881132
2021-02-10T00:00:00+0000,2021-02-11T00:00:00+0000,2020-12-31T23:59:59+0000,XGB_V3_1_Y2021_N2553_P635_SEED42,44807.58,0.30990993162216585,1.377943961809378,0.1165284283209298,0.16667669597496992,-0.03474419231881132,0.4545760781967122,0.5201920431039854,0.4905497133731842,DISTRIBUTION,1,NONE,,True,True,2553,635,1918,3.0204724409448818,0.0,2021-04-11T00:00:00+0000,0.0073219754336208975
2021-02-11T00:00:00+0000,2021-02-12T00:00:00+0000,2020-12-31T23:59:59+0000,XGB_V3_1_Y2021_N2553_P635_SEED42,47969.51,0.3823529913525199,1.5203094979033263,0.1221636224023106,0.16990469609219772,0.0,0.5188976927220382,0.5720533844807065,0.3955638110637665,DISTRIBUTION,1,NONE,,True,True,2553,635,1918,3.0204724409448818,0.0,2021-04-12T00:00:00+0000,-0.05907606727690151
2021-02-12T00:00:00+0000,2021-02-13T00:00:00+0000,2020-12-31T23:59:59+0000,XGB_V3_1_Y2021_N2553_P635_SEED42,47287.6,0.3444475269018583,1.461041022340535,0.1256116407458363,0.17282224467651908,-0.014215488129855847,0.4248200925827686,0.5947187007061295,0.501656174659729,DISTRIBUTION,1,NONE,,True,True,2553,635,1918,3.0204724409448818,0.0,2021-04-13T00:00:00+0000,-0.04550749033573276
2021-02-13T00:00:00+0000,2021-02-14T00:00:00+0000,2020-12-31T23:59:59+0000,XGB_V3_1_Y2021_N2553_P635_SEED42,47153.69,0.32374839319627124,1.4311404922167945,0.12685397920176555,0.17569518632849324,-0.01700705302180494,0.37200430866282835,0.6046625134958075,0.5078016519546509,DISTRIBUTION,1,NONE,,True,True,2553,635,1918,3.0204724409448818,0.0,2021-04-14T00:00:00+0000,-0.04279686276938244
2021-02-14T00:00:00+0000,2021-02-15T00:00:00+0000,2020-12-31T23:59:59+0000,XGB_V3_1_Y2021_N2553_P635_SEED42,48577.79,0.3470247594414344,1.4805983350787035,0.12967586017205068,0.17882860399723088,0.0,0.38435082567942835,0.6133232231887403,0.45097607374191284,DISTRIBUTION,1,NONE,,True,True,2553,635,1918,3.0204724409448818,0.0,2021-04-15T00:00:00+0000,-0.07085810202563758
2021-02-15T00:00:00+0000,2021-02-16T00:00:00+0000,2020-12-31T23:59:59+0000,XGB_V3_1_Y2021_N2553_P635_SEED42,47911.1,0.3127905698349147,1.4237736269059673,0.13223674850693845,0.18166420422253138,-0.013724173125208128,0.32132759776401865,0.6077701487456433,0.6548678278923035,DISTRIBUTION,1,NONE,,True,True,2553,635,1918,3.0204724409448818,0.0,2021-04-16T00:00:00+0000,-0.057928955920444225
2021-02-16T00:00:00+0000,2021-02-17T00:00:00+0000,2020-12-31T23:59:59+0000,XGB_V3_1_Y2021_N2553_P635_SEED42,49133.45,0.3302069429251935,1.462071669291276,0.13460087511292662,0.18547405426975772,0.0,0.33995821517213826,0.5816856904243096,0.709906280040741,DISTRIBUTION,1,NONE,,True,True,2553,635,1918,3.0204724409448818,0.0,2021-04-17T00:00:00+0000,-0.08136595333728847
2021-02-17T00:00:00+0000,2021-02-18T00:00:00+0000,2020-12-31T23:59:59+0000,XGB_V3_1_Y2021_N2553_P635_SEED42,52119.71,0.39240645791022266,1.585593704593963,0.13931569890339746,0.1889521103522318,0.0,0.4124197933045776,0.587146817028416,0.6258732676506042,DISTRIBUTION,1,NONE,,True,True,2553,635,1918,3.0204724409448818,0.0,2021-04-18T00:00:00+0000,-0.13400016999327113
2021-02-18T00:00:00+0000,2021-02-19T00:00:00+0000,2020-12-31T23:59:59+0000,XGB_V3_1_Y2021_N2553_P635_SEED42,51552.6,0.3607679240958803,1.5320356094600958,0.1372532306890375,0.1920980498109881,-0.01088091242257494,0.35023391888326755,0.5819472421750141,0.781408429145813,DISTRIBUTION,1,NONE,,True,True,2553,635,1918,3.0204724409448818,0.0,2021-04-19T00:00:00+0000,-0.12447364439426911
2021-02-19T00:00:00+0000,2021-02-20T00:00:00+0000,2020-12-31T23:59:59+0000,XGB_V3_1_Y2021_N2553_P635_SEED42,55906.0,0.4549541247806299,1.7160495908408002,0.13727019653866135,0.1964212049082097,0.0,0.4599568216369088,0.5941842846265035,0.6637279987335205,DISTRIBUTION,1,NONE,,True,True,2553,635,1918,3.0204724409448818,0.0,2021-04-20T00:00:00+0000,-0.1926508782599362
2021-02-20T00:00:00+0000,2021-02-21T00:00:00+0000,2020-12-31T23:59:59+0000,XGB_V3_1_Y2021_N2553_P635_SEED42,55841.19,0.43348789241446717,1.6837929765543551,0.13880818957705943,0.20105653785343858,-0.0011592673416090937,0.4139633884266177,0.579055961639197,0.6626646518707275,DISTRIBUTION,1,NONE,,True,True,2553,635,1918,3.0204724409448818,0.0,2021-04-21T00:00:00+0000,-0.1917138585334589
2021-02-21T00:00:00+0000,2021-02-22T00:00:00+0000,2020-12-31T23:59:59+0000,XGB_V3_1_Y2021_N2553_P635_SEED42,57408.57,0.45487787008481195,1.7291751870835932,0.13711363084171269,0.20574728824897592,0.0,0.4303753577414314,0.5613477501846046,0.7318450212478638,DISTRIBUTION,1,NONE,,True,True,2553,635,1918,3.0204724409448818,0.0,2021-04-22T00:00:00+0000,-0.2137818447663824
2021-02-22T00:00:00+0000,2021-02-23T00:00:00+0000,2020-12-31T23:59:59+0000,XGB_V3_1_Y2021_N2553_P635_SEED42,54087.67,0.3562222254585068,1.5456900688338306,0.13387191903459694,0.2087624535838788,-0.05784676399359889,0.2786948164754859,0.5263038128847402,0.9253913760185242,DISTRIBUTION,1,NONE,,True,True,2553,635,1918,3.0204724409448818,0.0,2021-04-23T00:00:00+0000,-0.16550925562147523
2021-02-23T00:00:00+0000,2021-02-24T00:00:00+0000,2020-12-31T23:59:59+0000,XGB_V3_1_Y2021_N2553_P635_SEED42,48891.0,0.21561427860516735,1.2810824480153564,0.12907525530736064,0.2095833509104572,-0.1483675695109633,0.04982051291310912,0.48711318747277255,0.9318866729736328,DISTRIBUTION,1,NONE,,True,True,2553,635,1918,3.0204724409448818,0.0,2021-04-24T00:00:00+0000,-0.07681045591213098
2021-02-24T00:00:00+0000,2021-02-25T00:00:00+0000,2020-12-31T23:59:59+0000,XGB_V3_1_Y2021_N2553_P635_SEED42,49676.2,0.2255528890010985,1.2973969805251202,0.12396848508567215,0.21080852208571033,-0.1346901690810275,0.062015503123077735,0.43558504310665536,0.9334900975227356,DISTRIBUTION,1,NONE,,True,True,2553,635,1918,3.0204724409448818,0.0,2021-04-25T00:00:00+0000,-0.09140272404088867
2021-02-25T00:00:00+0000,2021-02-26T00:00:00+0000,2020-12-31T23:59:59+0000,XGB_V3_1_Y2021_N2553_P635_SEED42,47073.73,0.15547297945279204,1.1593672392922563,0.1162928020318148,0.21084236258028488,-0.18002259941329313,-0.09133176478724402,0.38921421407550966,0.8939089775085449,DISTRIBUTION,1,NONE,,True,True,2553,635,1918,3.0204724409448818,0.0,2021-04-26T00:00:00+0000,-0.04117094608818972
2021-02-26T00:00:00+0000,2021-02-27T00:00:00+0000,2020-12-31T23:59:59+0000,XGB_V3_1_Y2021_N2553_P635_SEED42,46276.87,0.13210917730784266,1.1062034919338104,0.10666867327095342,0.2103753692161563,-0.19390310540743305,-0.16951155657660372,0.3463500937270571,0.8932183384895325,DISTRIBUTION,1,NONE,,True,True,2553,635,1918,3.0204724409448818,0.0,2021-04-27T00:00:00+0000,-0.02466048373625962
2021-02-27T00:00:00+0000,2021-02-28T00:00:00+0000,2020-12-31T23:59:59+0000,XGB_V3_1_Y2021_N2553_P635_SEED42,46106.43,0.12489943557246774,1.081998892120136,0.09499424261304346,0.21017796939650668,-0.1968720001212363,-0.2365656697878356,0.29209042179482647,0.9057928919792175,DISTRIBUTION,1,NONE,,True,True,2553,635,1918,3.0204724409448818,0.0,2021-04-28T00:00:00+0000,-0.021054980834560366
2021-02-28T00:00:00+0000,2021-03-01T00:00:00+0000,2020-12-31T23:59:59+0000,XGB_V3_1_Y2021_N2553_P635_SEED42,45135.66,0.0985091403337015,1.0228298069444128,0.0845500848968137,0.2072215163049309,-0.2137818447663824,-0.29421530808983365,0.2975957072580819,0.892649233341217,DISTRIBUTION,1,NONE,,True,True,2553,635,1918,3.0204724409448818,0.0,2021-04-29T00:00:00+0000,0.07174881235812203
2021-03-01T00:00:00+0000,2021-03-02T00:00:00+0000,2020-12-31T23:59:59+0000,XGB_V3_1_Y2021_N2553_P635_SEED42,49587.03,0.20016493417641357,1.2036561600848241,0.07527127323752181,0.20542200430239665,-0.13624342149612856,-0.0026387784201289456,0.29124895726073924,0.9369666576385498,DISTRIBUTION,1,NONE,,True,True,2553,635,1918,3.0204724409448818,0.0,2021-04-30T00:00:00+0000,-0.024460831794120397
2021-03-02T00:00:00+0000,2021-03-03T00:00:00+0000,2020-12-31T23:59:59+0000,XGB_V3_1_Y2021_N2553_P635_SEED42,48440.65,0.16506689142759856,1.135307328821698,0.0673293836380886,0.20392573633899036,-0.1562122170958099,-0.09887233297508394,0.2774226533290799,0.9132331609725952,DISTRIBUTION,1,NONE,,True,True,2553,635,1918,3.0204724409448818,0.0,2021-05-01T00:00:00+0000,-0.0013740525777421464
2021-03-03T00:00:00+0000,2021-03-04T00:00:00+0000,2020-12-31T23:59:59+0000,XGB_V3_1_Y2021_N2553_P635_SEED42,50349.37,0.2015543109678266,1.200772077658451,0.06194113469717011,0.20200857899104063,-0.122964219453646,0.03087177859483598,0.27480364051215406,0.9127987623214722,DISTRIBUTION,1,NONE,,True,True,2553,635,1918,3.0204724409448818,0.0,2021-05-02T00:00:00+0000,-0.0392314739985824
2021-03-04T00:00:00+0000,2021-03-05T00:00:00+0000,2020-12-31T23:59:59+0000,XGB_V3_1_Y2021_N2553_P635_SEED42,48374.09,0.14838488135765715,1.0977158218119696,0.05622860742468916,0.20015609381522137,-0.15737162587397668,-0.1182250292773648,0.27180169653827113,0.9088088870048523,DISTRIBUTION,1,NONE,,True,True,2553,635,1918,3.0204724409448818,0.0,2021-05-03T00:00:00+0000,0.007806245037374371
2021-03-05T00:00:00+0000,2021-03-06T00:00:00+0000,2020-12-31T23:59:59+0000,XGB_V3_1_Y2021_N2553_P635_SEED42,48751.71,0.1520942467097839,1.0975048067423199,0.05212833793729832,0.19834332622735396,-0.1507938623101046,-0.09771892160391787,0.2674531795540782,0.9073710441589355,DISTRIBUTION,1,NONE,,True,True,2553,635,1918,3.0204724409448818,0.0,2021-05-04T00:00:00+0000,0.0026766240609816805
2021-03-06T00:00:00+0000,2021-03-07T00:00:00+0000,2020-12-31T23:59:59+0000,XGB_V3_1_Y2021_N2553_P635_SEED42,48882.2,0.14858759314677816,1.0865394568185307,0.04995410042155157,0.19630753084503016,-0.14852085672923054,-0.08927184815669546,0.2668855617338154,0.9081289768218994,DISTRIBUTION,1,NONE,,True,True,2553,635,1918,3.0204724409448818,0.0,2021-05-05T00:00:00+0000,0.0037758120542856766
2021-03-07T00:00:00+0000,2021-03-08T00:00:00+0000,2020-12-31T23:59:59+0000,XGB_V3_1_Y2021_N2553_P635_SEED42,50971.75,0.18931522103360976,1.1576724414721231,0.05199517827692435,0.19508815870701612,-0.1121229809416956,0.056179512186963494,0.26346860942167066,0.9104902744293213,DISTRIBUTION,1,NONE,,True,True,2553,635,1918,3.0204724409448818,0.0,2021-05-06T00:00:00+0000,-0.03737325086935417
2021-03-08T00:00:00+0000,2021-03-09T00:00:00+0000,2020-12-31T23:59:59+0000,XGB_V3_1_Y2021_N2553_P635_SEED42,52375.17,0.2126970672646089,1.1982270528489067,0.056567997412549476,0.19392302607599543,-0.08767680504844488,0.14900272741277018,0.26434598084524097,0.918575644493103,DISTRIBUTION,1,NONE,,True,True,2553,635,1918,3.0204724409448818,0.0,2021-05-07T00:00:00+0000,-0.06316733673609076
2021-03-09T00:00:00+0000,2021-03-10T00:00:00+0000,2020-12-31T23:59:59+0000,XGB_V3_1_Y2021_N2553_P635_SEED42,54884.5,0.2601465393528304,1.282777283379489,0.06262704162366273,0.19273636657953785,-0.04396678056952119,0.3152670914945479,0.27343863889547065,0.9294226169586182,DISTRIBUTION,1,NONE,,True,True,2553,635,1918,3.0204724409448818,0.0,2021-05-08T00:00:00+0000,-0.10599950805783054
2021-03-10T00:00:00+0000,2021-03-11T00:00:00+0000,2020-12-31T23:59:59+0000,XGB_V3_1_Y2021_N2553_P635_SEED42,55851.59,0.27070404847024854,1.301847910872843,0.06973204362352425,0.19173076715846982,-0.02712103785201414,0.35083342485094826,0.28692652682689807,0.9243149161338806,DISTRIBUTION,1,NONE,,True,True,2553,635,1918,3.0204724409448818,0.0,2021-05-09T00:00:00+0000,-0.12147944221462625
2021-03-11T00:00:00+0000,2021-03-12T00:00:00+0000,2020-12-31T23:59:59+0000,XGB_V3_1_Y2021_N2553_P635_SEED42,57773.16,0.3012159890891408,1.358624326709958,0.0746067593126214,0.1899990760349668,0.0,0.457305714214228,0.2983580465072639,0.7829135656356812,DISTRIBUTION,1,NONE,,True,True,2553,635,1918,3.0204724409448818,0.0,2021-05-10T00:00:00+0000,-0.1506995636035835
2021-03-12T00:00:00+0000,2021-03-13T00:00:00+0000,2020-12-31T23:59:59+0000,XGB_V3_1_Y2021_N2553_P635_SEED42,57221.72,0.27366577726423147,1.3146261215039239,0.08055363062609766,0.188158570960679,-0.009544916705265916,0.4055252622191735,0.3059423336801956,0.8727628588676453,DISTRIBUTION,1,NONE,,True,True,2553,635,1918,3.0204724409448818,0.0,2021-05-11T00:00:00+0000,-0.1425149401311251
2021-03-13T00:00:00+0000,2021-03-14T00:00:00+0000,2020-12-31T23:59:59+0000,XGB_V3_1_Y2021_N2553_P635_SEED42,61188.39,0.34504637008353156,1.4503635057132191,0.08562824646258216,0.18711610108925592,0.0,0.5899246711780272,0.33486129426668343,0.7197693586349487,DISTRIBUTION,1,NONE,,True,True,2553,635,1918,3.0204724409448818,0.0,2021-05-12T00:00:00+0000,-0.19810326762969255
2021-03-14T00:00:00+0000,2021-03-15T00:00:00+0000,2020-12-31T23:59:59+0000,XGB_V3_1_Y2021_N2553_P635_SEED42,58968.31,0.281099194014957,1.3392063428939611,0.09272425059835698,0.18647175388836645,-0.03628270003508838,0.4173233538353429,0.35609567943400255,0.8282904624938965,DISTRIBUTION,1,NONE,,True,True,2553,635,1918,3.0204724409448818,0.0,2021-05-13T00:00:00+0000,-0.16791290101412104
2021-03-15T00:00:00+0000,2021-03-16T00:00:00+0000,2020-12-31T23:59:59+0000,XGB_V3_1_Y2021_N2553_P635_SEED42,55605.2,0.19590409493165883,1.1865936389618574,0.09879635116688101,0.18647717907788897,-0.09124590465609572,0.21248201606589864,0.3579721691579573,0.8803986310958862,DISTRIBUTION,1,NONE,,True,True,2553,635,1918,3.0204724409448818,0.0,2021-05-14T00:00:00+0000,-0.11758666455655231
2021-03-16T00:00:00+0000,2021-03-17T00:00:00+0000,2020-12-31T23:59:59+0000,XGB_V3_1_Y2021_N2553_P635_SEED42,56900.75,0.2109298938803552,1.2177540069901904,0.10411006109365073,0.18656708569651181,-0.07007277034090942,0.25684704588980833,0.36399082937011684,0.9049257040023804,DISTRIBUTION,1,NONE,,True,True,2553,635,1918,3.0204724409448818,0.0,2021-05-15T00:00:00+0000,-0.17816566565467062
2021-03-17T00:00:00+0000,2021-03-18T00:00:00+0000,2020-12-31T23:59:59+0000,XGB_V3_1_Y2021_N2553_P635_SEED42,58912.97,0.2397978681248858,1.2751449246100224,0.10873425370493472,0.18781757732124627,-0.03718711997488411,0.32618453340068254,0.3661276855571981,0.9059403538703918,DISTRIBUTION,1,NONE,,True,True,2553,635,1918,3.0204724409448818,0.0,2021-05-16T00:00:00+0000,-0.21186285464813603
2021-03-18T00:00:00+0000,2021-03-19T00:00:00+0000,2020-12-31T23:59:59+0000,XGB_V3_1_Y2021_N2553_P635_SEED42,57648.16,0.1994079757970595,1.2067255719917158,0.11287247073600715,0.18897705518399754,-0.057857871403382166,0.23660686130903388,0.3536860117375251,0.894096851348877,DISTRIBUTION,1,NONE,,True,True,2553,635,1918,3.0204724409448818,0.0,2021-05-17T00:00:00+0000,-0.24476271228778168
2021-03-19T00:00:00+0000,2021-03-20T00:00:00+0000,2020-12-31T23:59:59+0000,XGB_V3_1_Y2021_N2553_P635_SEED42,58030.01,0.19508684990993563,1.2017970390479076,0.11487073802549785,0.1901298824241313,-0.05161730844691281,0.23440446603078757,0.3360546532886822,0.8833385109901428,DISTRIBUTION,1,NONE,,True,True,2553,635,1918,3.0204724409448818,1.0,2021-05-18T00:00:00+0000,-0.26159275175034435
2021-03-20T00:00:00+0000,2021-03-21T00:00:00+0000,2020-12-31T23:59:59+0000,XGB_V3_1_Y2021_N2553_P635_SEED42,58102.28,0.18493497951990623,1.1853930039062273,0.11559748659937985,0.1915250402500721,-0.05043620203113697,0.22080005215866935,0.30458880995532595,0.9175974726676941,DISTRIBUTION,1,NONE,,True,True,2553,635,1918,3.0204724409448818,1.0,2021-05-19T00:00:00+0000,-0.3685258134448425
2021-03-21T00:00:00+0000,2021-03-22T00:00:00+0000,2020-12-31T23:59:59+0000,XGB_V3_1_Y2021_N2553_P635_SEED42,57351.56,0.15871278612760098,1.138669609018125,0.11478907685750528,0.1917283533848022,-0.06270519619816772,0.15628628938417874,0.29435974877491167,0.9141352772712708,DISTRIBUTION,1,NONE,,True,True,2553,635,1918,3.0204724409448818,1.0,2021-05-20T00:00:00+0000,-0.36025994759340463
2021-03-22T00:00:00+0000,2021-03-23T00:00:00+0000,2020-12-31T23:59:59+0000,XGB_V3_1_Y2021_N2553_P635_SEED42,54083.25,0.08349112895062683,1.0004029711655686,0.1110458805495893,0.1917789743243541,-0.11611908729744314,-0.06823386392228446,0.2733861561286214,0.9082497358322144,DISTRIBUTION,1,NONE,,True,True,2553,635,1918,3.0204724409448818,1.0,2021-05-21T00:00:00+0000,-0.32159975593182744
2021-03-23T00:00:00+0000,2021-03-24T00:00:00+0000,2020-12-31T23:59:59+0000,XGB_V3_1_Y2021_N2553_P635_SEED42,54340.89,0.07964850637684928,0.9937476598430737,0.10640107593879211,0.1913451000290416,-0.11190848459977454,-0.06714383167575462,0.2611871984447939,0.9082497358322144,DISTRIBUTION,1,NONE,,True,True,2553,635,1918,3.0204724409448818,1.0,2021-05-22T00:00:00+0000,-0.324816174339434
2021-03-24T00:00:00+0000,2021-03-25T00:00:00+0000,2020-12-31T23:59:59+0000,XGB_V3_1_Y2021_N2553_P635_SEED42,52303.65,0.032266069701951006,0.9042820550113717,0.10078986232657616,0.19106254516244903,-0.1452030360661557,-0.24092613732446022,0.23956249885938968,0.8861361742019653,DISTRIBUTION,1,NONE,,True,True,2553,635,1918,3.0204724409448818,1.0,2021-05-23T00:00:00+0000,-0.3374219581233815
2021-03-25T00:00:00+0000,2021-03-26T00:00:00+0000,2020-12-31T23:59:59+0000,XGB_V3_1_Y2021_N2553_P635_SEED42,51293.78,0.00690023876480006,0.8536666403640554,0.09561812121309954,0.19054600446082914,-0.16170731081500922,-0.3494909379797938,0.22324327707026626,0.8564773201942444,DISTRIBUTION,1,NONE,,True,True,2553,635,1918,3.0204724409448818,1.0,2021-05-24T00:00:00+0000,-0.3243771467027776
2021-03-26T00:00:00+0000,2021-03-27T00:00:00+0000,2020-12-31T23:59:59+0000,XGB_V3_1_Y2021_N2553_P635_SEED42,55025.59,0.0725390213287822,0.9726121380558801,0.0918239482835812,0.1906904349040166,-0.10071845328827911,-0.08484457990651079,0.19299989968055264,0.9025870561599731,DISTRIBUTION,1,NONE,,True,True,2553,635,1918,3.0204724409448818,1.0,2021-05-25T00:00:00+0000,-0.37019757534630704
2021-03-27T00:00:00+0000,2021-03-28T00:00:00+0000,2020-12-31T23:59:59+0000,XGB_V3_1_Y2021_N2553_P635_SEED42,55817.14,0.08058447042572947,0.9847338553318083,0.08704826177190528,0.19047772133755303,-0.08778217567090751,-0.037455501204750184,0.17428442829877322,0.9077845215797424,DISTRIBUTION,1,NONE,,True,True,2553,635,1918,3.0204724409448818,1.0,2021-05-26T00:00:00+0000,-0.3791288840667938
2021-03-28T00:00:00+0000,2021-03-29T00:00:00+0000,2020-12-31T23:59:59+0000,XGB_V3_1_Y2021_N2553_P635_SEED42,55777.63,0.07292741270703873,0.967393504310162,0.08161125550215531,0.18991496531982288,-0.08842788640132548,-0.06290998405420585,0.16258362709666493,0.9077845215797424,DISTRIBUTION,1,NONE,,True,True,2553,635,1918,3.0204724409448818,1.0,2021-05-27T00:00:00+0000,-0.3786890909491851
2021-03-29T00:00:00+0000,2021-03-30T00:00:00+0000,2020-12-31T23:59:59+0000,XGB_V3_1_Y2021_N2553_P635_SEED42,57635.47,0.10068671481797109,1.0161058486431909,0.07838276122176269,0.1890232300065553,-0.05806526368809506,0.12538515402218067,0.1614939885373371,0.897244393825531,DISTRIBUTION,1,NONE,,True,True,2553,635,1918,3.0204724409448818,1.0,2021-05-28T00:00:00+0000,-0.3987166236347166
2021-03-30T00:00:00+0000,2021-03-31T00:00:00+0000,2020-12-31T23:59:59+0000,XGB_V3_1_Y2021_N2553_P635_SEED42,58746.57,0.1166293626058379,1.0377372646754073,0.07293846779896485,0.1881613232516226,-0.03990659012273401,0.226718025192182,0.1643432904673647,0.8980531692504883,DISTRIBUTION,1,NONE,,True,True,2553,635,1918,3.0204724409448818,1.0,2021-05-29T00:00:00+0000,-0.4109417792391964
2021-03-31T00:00:00+0000,2021-04-01T00:00:00+0000,2020-12-31T23:59:59+0000,XGB_V3_1_Y2021_N2553_P635_SEED42,58740.55,0.11131010072968772,1.020602216792462,0.06790669874149624,0.18683360374412294,-0.040004974799957904,0.21779069493192757,0.16652815636627985,0.8980531692504883,DISTRIBUTION,1,NONE,,True,True,2553,635,1918,3.0204724409448818,1.0,2021-05-30T00:00:00+0000,-0.4108814098608202
2021-04-01T00:00:00+0000,2021-04-02T00:00:00+0000,2020-12-31T23:59:59+0000,XGB_V3_1_Y2021_N2553_P635_SEED42,58720.44,0.10511195893440739,1.0032387645411567,0.06449984080569204,0.18570466248344197,-0.040333631919388546,0.20431667402176032,0.16908000875538354,0.8902579545974731,DISTRIBUTION,1,NONE,,True,True,2553,635,1918,3.0204724409448818,1.0,2021-05-31T00:00:00+0000,-0.4106796543077674
2021-04-02T00:00:00+0000,2021-04-03T00:00:00+0000,2020-12-31T23:59:59+0000,XGB_V3_1_Y2021_N2553_P635_SEED42,58950.01,0.10486599018017029,0.9946445646597026,0.060058710379828684,0.18353159140488207,-0.03658177637947324,0.2573285076734842,0.15793978986772889,0.8902579545974731,DISTRIBUTION,1,NONE,,True,True,2553,635,1918,3.0204724409448818,1.0,2021-06-01T00:00:00+0000,-0.4129746542875904
2021-04-03T00:00:00+0000,2021-04-04T00:00:00+0000,2020-12-31T23:59:59+0000,XGB_V3_1_Y2021_N2553_P635_SEED42,57051.94,0.06539206809206277,0.9154281900039347,0.05686767043556262,0.1815562277005156,-0.06760187676126139,0.057464184689488905,0.15387473078072883,0.7887609601020813,DISTRIBUTION,1,NONE,,True,True,2553,635,1918,3.0204724409448818,1.0,2021-06-02T00:00:00+0000,-0.39344481537349996
2021-04-04T00:00:00+0000,2021-04-05T00:00:00+0000,2020-12-31T23:59:59+0000,XGB_V3_1_Y2021_N2553_P635_SEED42,58202.01,0.08240219645519509,0.9386636789093845,0.055531157347687765,0.18056032167856073,-0.04880631766908716,0.1733476508808224,0.15472546307701324,0.7176241874694824,DISTRIBUTION,1,NONE,,True,True,2553,635,1918,3.0204724409448818,1.0,2021-06-03T00:00:00+0000,-0.40543032792166456
2021-04-05T00:00:00+0000,2021-04-06T00:00:00+0000,2020-12-31T23:59:59+0000,XGB_V3_1_Y2021_N2553_P635_SEED42,59129.99,0.09536101619524429,0.9538923104388244,0.05220150595221673,0.17951254315900944,-0.03364036870393228,0.25888947221607544,0.15893151378537804,0.7176241874694824,DISTRIBUTION,1,NONE,,True,True,2553,635,1918,3.0204724409448818,1.0,2021-06-04T00:00:00+0000,-0.4147614433893866
2021-04-06T00:00:00+0000,2021-04-07T00:00:00+0000,2020-12-31T23:59:59+0000,XGB_V3_1_Y2021_N2553_P635_SEED42,57991.15,0.07026742693482335,0.9014766977192628,0.04896393045691183,0.17779271048763778,-0.05225239624706579,0.1399731406005641,0.15662035629832094,0.7194547653198242,DISTRIBUTION,1,NONE,,True,True,2553,635,1918,3.0204724409448818,1.0,2021-06-05T00:00:00+0000,-0.4032684297517811
2021-04-07T00:00:00+0000,2021-04-08T00:00:00+0000,2020-12-31T23:59:59+0000,XGB_V3_1_Y2021_N2553_P635_SEED42,55953.45,0.030067193684664595,0.8212639068198453,0.04489246711898476,0.1760258451526766,-0.08555446547948076,-0.07989532627392369,0.15659572744141553,0.7471550703048706,DISTRIBUTION,1,NONE,,True,True,2553,635,1918,3.0204724409448818,1.0,2021-06-06T00:00:00+0000,-0.38153679531825113
2021-04-08T00:00:00+0000,2021-04-09T00:00:00+0000,2020-12-31T23:59:59+0000,XGB_V3_1_Y2021_N2553_P635_SEED42,58077.52,0.06682977613193541,0.8760037274633163,0.039649190829889935,0.1746243621735517,-0.050840853959386756,0.1591136949996656,0.15669421890297938,0.7385090589523315,DISTRIBUTION,1,NONE,,True,True,2553,635,1918,3.0204724409448818,1.0,2021-06-07T00:00:00+0000,-0.4222757789933178
2021-04-09T00:00:00+0000,2021-04-10T00:00:00+0000,2020-12-31T23:59:59+0000,XGB_V3_1_Y2021_N2553_P635_SEED42,58142.54,0.06544466906700208,0.8637381991883935,0.03726477218779056,0.173398333874363,-0.049778234073490024,0.1661110235350012,0.15678187031145221,0.7385090589523315,DISTRIBUTION,1,NONE,,True,True,2553,635,1918,3.0204724409448818,1.0,2021-06-08T00:00:00+0000,-0.4258797431278373
2021-04-10T00:00:00+0000,2021-04-11T00:00:00+0000,2020-12-31T23:59:59+0000,XGB_V3_1_Y2021_N2553_P635_SEED42,59769.13,0.09370296466694406,0.9008766645117567,0.033891102861233646,0.17252323512760026,-0.023194923089167818,0.3214618161993001,0.1633243389388279,0.7056562900543213,DISTRIBUTION,1,NONE,,True,True,2553,635,1918,3.0204724409448818,1.0,2021-06-09T00:00:00+0000,-0.44150416778694956
2021-04-11T00:00:00+0000,2021-04-12T00:00:00+0000,2020-12-31T23:59:59+0000,XGB_V3_1_Y2021_N2553_P635_SEED42,60002.43,0.09630249938478919,0.8933148398884458,0.030043135554026934,0.17219728021020253,-0.019382108272500753,0.312864701621599,0.16343377719589372,0.7321022748947144,DISTRIBUTION,1,NONE,,True,True,2553,635,1918,3.0204724409448818,1.0,2021-06-10T00:00:00+0000,-0.44367569780090577
2021-04-12T00:00:00+0000,2021-04-13T00:00:00+0000,2020-12-31T23:59:59+0000,XGB_V3_1_Y2021_N2553_P635_SEED42,59860.0,0.0927213056186107,0.8742943851896803,0.026722368646356465,0.17176993807097052,-0.002373737196976866,0.26968092480339534,0.1616450094397044,0.6431900262832642,DISTRIBUTION,1,NONE,,True,True,2553,635,1918,3.0204724409448818,1.0,2021-06-11T00:00:00+0000,-0.44235198797193453
2021-04-13T00:00:00+0000,2021-04-14T00:00:00+0000,2020-12-31T23:59:59+0000,XGB_V3_1_Y2021_N2553_P635_SEED42,63575.0,0.15653126688055852,0.9742688931376584,0.026521459418809012,0.17240954049946144,0.0,0.5913685003631144,0.16499966053370635,0.4720282256603241,DISTRIBUTION,1,NONE,,True,True,2553,635,1918,3.0204724409448818,1.0,2021-06-12T00:00:00+0000,-0.47493810460086516
2021-04-14T00:00:00+0000,2021-04-15T00:00:00+0000,2020-12-31T23:59:59+0000,XGB_V3_1_Y2021_N2553_P635_SEED42,62959.53,0.13950224346065632,0.9394273413897887,0.02753582956713152,0.173153641143033,-0.009681006685017701,0.5283690805364469,0.14405360461828978,0.49529457092285156,DISTRIBUTION,1,NONE,,True,True,2553,635,1918,3.0204724409448818,1.0,2021-06-13T00:00:00+0000,-0.46980528603056604
2021-04-15T00:00:00+0000,2021-04-16T00:00:00+0000,2020-12-31T23:59:59+0000,XGB_V3_1_Y2021_N2553_P635_SEED42,63159.98,0.13757783522183442,0.93002954950737,0.028514306454670013,0.17315398128594572,-0.006528037750688109,0.48709269791331317,0.14799391654592606,0.4154486656188965,DISTRIBUTION,1,NONE,,True,True,2553,635,1918,3.0204724409448818,1.0,2021-06-14T00:00:00+0000,-0.47148795803925214
2021-04-16T00:00:00+0000,2021-04-17T00:00:00+0000,2020-12-31T23:59:59+0000,XGB_V3_1_Y2021_N2553_P635_SEED42,61334.8,0.09905840410923994,0.859866234866997,0.029951486859884913,0.17262713932212503,-0.03523712151002745,0.2531956664185648,0.1431826849469026,0.758357048034668,DISTRIBUTION,1,NONE,,True,True,2553,635,1918,3.0204724409448818,1.0,2021-06-15T00:00:00+0000,-0.4557606774620607
2021-04-17T00:00:00+0000,2021-04-18T00:00:00+0000,2020-12-31T23:59:59+0000,XGB_V3_1_Y2021_N2553_P635_SEED42,60006.66,0.06999457102216544,0.806129241022461,0.03242037378430451,0.17187639558978485,-0.05612803775068809,0.07678212199585818,0.13291288934382034,0.7350621819496155,DISTRIBUTION,1,NONE,,True,True,2553,635,1918,3.0204724409448818,1.0,2021-06-16T00:00:00+0000,-0.44371491431117815
2021-04-18T00:00:00+0000,2021-04-19T00:00:00+0000,2020-12-31T23:59:59+0000,XGB_V3_1_Y2021_N2553_P635_SEED42,56150.01,-0.002347756926713296,0.6785865422536212,0.03385044800240666,0.1701178148815301,-0.11679103421156112,-0.38459051724736654,0.13920649357185821,0.6865984201431274,DISTRIBUTION,1,NONE,,True,True,2553,635,1918,3.0204724409448818,1.0,2021-06-17T00:00:00+0000,-0.4055066063211744
2021-04-19T00:00:00+0000,2021-04-20T00:00:00+0000,2020-12-31T23:59:59+0000,XGB_V3_1_Y2021_N2553_P635_SEED42,55633.14,-0.015204895104583338,0.6520194367898835,0.035200783347256515,0.1681109439461974,-0.12492111679119156,-0.3993562455966774,0.1496977099618399,0.68132084608078,DISTRIBUTION,1,NONE,,True,True,2553,635,1918,3.0204724409448818,1.0,2021-06-18T00:00:00+0000,-0.3999833552447336
2021-04-20T00:00:00+0000,2021-04-21T00:00:00+0000,2020-12-31T23:59:59+0000,XGB_V3_1_Y2021_N2553_P635_SEED42,56425.0,-0.0035998573010193047,0.6642033384957162,0.03623973569896144,0.16629387638668547,-0.11246559182068427,-0.2867118133287042,0.15531446705809274,0.6299127340316772,EARLY_BEAR,2,NONE,,True,True,2553,635,1918,3.0204724409448818,1.0,2021-06-19T00:00:00+0000,-0.4084038989809482
2021-04-21T00:00:00+0000,2021-04-22T00:00:00+0000,2020-12-31T23:59:59+0000,XGB_V3_1_Y2021_N2553_P635_SEED42,53787.63,-0.05196305752329344,0.5763633781141562,0.036617922000892644,0.16404424054842526,-0.1539499803381833,-0.4893469214191605,0.17445766327220363,0.4526471495628357,EARLY_BEAR,2,NONE,,True,True,2553,635,1918,3.0204724409448818,1.0,2021-06-20T00:00:00+0000,-0.37939615484080635
2021-04-22T00:00:00+0000,2021-04-23T00:00:00+0000,2020-12-31T23:59:59+0000,XGB_V3_1_Y2021_N2553_P635_SEED42,51690.96,-0.08934870442360354,0.505863356380388,0.03617995496703075,0.16147714235926247,-0.18692945340149436,-0.5635204594916357,0.20507595271816292,0.5184990167617798,EARLY_BEAR,2,NONE,,True,True,2553,635,1918,3.0204724409448818,1.0,2021-06-21T00:00:00+0000,-0.3885017805821366
2021-04-23T00:00:00+0000,2021-04-24T00:00:00+0000,2020-12-31T23:59:59+0000,XGB_V3_1_Y2021_N2553_P635_SEED42,51125.14,-0.1001890852638283,0.4806810047013903,0.03360419432040729,0.1592269343570467,-0.19582949272512784,-0.5184046089598842,0.23299900136709092,0.5348811149597168,EARLY_BEAR,2,NONE,,True,True,2553,635,1918,3.0204724409448818,1.0,2021-06-22T00:00:00+0000,-0.38173411358873544
2021-04-24T00:00:00+0000,2021-04-25T00:00:00+0000,2020-12-31T23:59:59+0000,XGB_V3_1_Y2021_N2553_P635_SEED42,50047.84,-0.11955144098723658,0.4412472712635169,0.028809720353926593,0.1566749526021427,-0.21277483287455767,-0.5035660301740853,0.26458711242523425,0.6077772378921509,EARLY_BEAR,2,NONE,,True,True,2553,635,1918,3.0204724409448818,1.0,2021-06-23T00:00:00+0000,-0.3684256902995213
2021-04-25T00:00:00+0000,2021-04-26T00:00:00+0000,2020-12-31T23:59:59+0000,XGB_V3_1_Y2021_N2553_P635_SEED42,49066.77,-0.13686661237311093,0.40522530669736656,0.023879131560269773,0.15381007181462514,-0.22820652772316163,-0.4814865327484061,0.2964939481519876,0.6466658711433411,EARLY_BEAR,2,NONE,,True,True,2553,635,1918,3.0204724409448818,1.0,2021-06-24T00:00:00+0000,-0.35579762026316375
2021-04-26T00:00:00+0000,2021-04-27T00:00:00+0000,2020-12-31T23:59:59+0000,XGB_V3_1_Y2021_N2553_P635_SEED42,54001.39,-0.05107317785919019,0.5370670822880159,0.01973196778305364,0.15197062100682635,-0.15058765237907978,-0.17673610851851684,0.3012727328432567,0.5055965781211853,EARLY_BEAR,2,NONE,,True,True,2553,635,1918,3.0204724409448818,1.0,2021-06-25T00:00:00+0000,-0.41511783307800043
2021-04-27T00:00:00+0000,2021-04-28T00:00:00+0000,2020-12-31T23:59:59+0000,XGB_V3_1_Y2021_N2553_P635_SEED42,55011.97,-0.03420998563726263,0.5560960448675474,0.015679311799956963,0.15071244492595026,-0.13469178136059767,-0.11474026344239337,0.3026976503615572,0.5541835427284241,EARLY_BEAR,2,NONE,,True,True,2553,635,1918,3.0204724409448818,1.0,2021-06-26T00:00:00+0000,-0.42586222598463574
2021-04-28T00:00:00+0000,2021-04-29T00:00:00+0000,2020-12-31T23:59:59+0000,XGB_V3_1_Y2021_N2553_P635_SEED42,54846.22,-0.03710695012067222,0.5419096876902232,0.012040738289677444,0.1489824580605461,-0.13729893826189543,-0.11453729313326841,0.30473908346512163,0.5668290257453918,EARLY_BEAR,2,NONE,,True,True,2553,635,1918,3.0204724409448818,1.0,2021-06-27T00:00:00+0000,-0.42412713218887277
2021-04-29T00:00:00+0000,2021-04-30T00:00:00+0000,2020-12-31T23:59:59+0000,XGB_V3_1_Y2021_N2553_P635_SEED42,53555.0,-0.059017111421103,0.4967336558267317,0.0074664816298088965,0.1469550701071205,-0.1576091230829728,-0.17401567991795203,0.30920072834335266,0.7189440727233887,EARLY_BEAR,2,NONE,,True,True,2553,635,1918,3.0204724409448818,1.0,2021-06-28T00:00:00+0000,-0.4102427411072729
2021-04-30T00:00:00+0000,2021-05-01T00:00:00+0000,2020-12-31T23:59:59+0000,XGB_V3_1_Y2021_N2553_P635_SEED42,57694.27,0.01373963067586148,0.6020810528398437,0.005005575267159168,0.1453156717683648,-0.09250066850176963,0.06925410391847922,0.30608153233239643,0.7112576961517334,EARLY_BEAR,2,NONE,,True,True,2553,635,1918,3.0204724409448818,1.0,2021-06-29T00:00:00+0000,-0.4525548204353742
2021-05-01T00:00:00+0000,2021-05-02T00:00:00+0000,2020-12-31T23:59:59+0000,XGB_V3_1_Y2021_N2553_P635_SEED42,57800.37,0.015397423093834739,0.594757875697222,0.0033152509570704147,0.1436413852125038,-0.09083177349587102,0.08296785076942034,0.3022024991860704,0.7131773829460144,EARLY_BEAR,2,NONE,,True,True,2553,635,1918,3.0204724409448818,1.0,2021-06-30T00:00:00+0000,-0.45355972634777253
2021-05-02T00:00:00+0000,2021-05-03T00:00:00+0000,2020-12-31T23:59:59+0000,XGB_V3_1_Y2021_N2553_P635_SEED42,56578.21,-0.004460103533935111,0.5513723965431105,0.0012166103544977158,0.1419162025242715,-0.11005568226504125,0.021246151613515316,0.2977915722393771,0.7305365204811096,EARLY_BEAR,2,NONE,,True,True,2553,635,1918,3.0204724409448818,1.0,2021-07-01T00:00:00+0000,-0.44175593395407875
2021-05-03T00:00:00+0000,2021-05-04T00:00:00+0000,2020-12-31T23:59:59+0000,XGB_V3_1_Y2021_N2553_P635_SEED42,57169.39,0.006579426880202188,0.5578296395979623,-0.00038617226680637273,0.13962909842733962,-0.10075674400314594,0.08246120510739577,0.2748895644060319,0.7224841713905334,DISTRIBUTION,1,NONE,,True,True,2553,635,1918,3.0204724409448818,1.0,2021-07-02T00:00:00+0000,-0.4475286512590041
2021-05-04T00:00:00+0000,2021-05-05T00:00:00+0000,2020-12-31T23:59:59+0000,XGB_V3_1_Y2021_N2553_P635_SEED42,53200.01,-0.06251529249614285,0.44144152492259514,-0.0016882788792009773,0.13691166232649565,-0.16319292174596933,-0.15722747156444472,0.2541397171759413,0.6573195457458496,DISTRIBUTION,1,NONE,,True,True,2553,635,1918,3.0204724409448818,1.0,2021-07-03T00:00:00+0000,-0.4063074424234131
2021-05-05T00:00:00+0000,2021-05-06T00:00:00+0000,2020-12-31T23:59:59+0000,XGB_V3_1_Y2021_N2553_P635_SEED42,57436.11,0.011941860101395418,0.5465638661239463,-0.0015647543356979154,0.13485175583791031,-0.0965613841918993,0.18702904022856232,0.22385484409154477,0.6780613660812378,DISTRIBUTION,1,NONE,,True,True,2553,635,1918,3.0204724409448818,1.0,2021-07-04T00:00:00+0000,-0.45009420032101755
2021-05-06T00:00:00+0000,2021-05-07T00:00:00+0000,2020-12-31T23:59:59+0000,XGB_V3_1_Y2021_N2553_P635_SEED42,56393.68,-0.005541454802390988,0.509372390825857,-0.0035132338057725088,0.13294490460578978,-0.11295823830121898,0.1370773118023491,0.2010772154537848,0.7322267889976501,DISTRIBUTION,1,NONE,,True,True,2553,635,1918,3.0204724409448818,1.0,2021-07-05T00:00:00+0000,-0.4399292615768292
2021-05-07T00:00:00+0000,2021-05-08T00:00:00+0000,2020-12-31T23:59:59+0000,XGB_V3_1_Y2021_N2553_P635_SEED42,57314.75,0.01081975675875757,0.5247277475532623,-0.004552881131447362,0.13141900116697625,-0.09847031065670464,0.2503970153947481,0.18735734848492316,0.7322267889976501,DISTRIBUTION,1,NONE,,True,True,2553,635,1918,3.0204724409448818,1.0,2021-07-06T00:00:00+0000,-0.44892981300625057
2021-05-08T00:00:00+0000,2021-05-09T00:00:00+0000,2020-12-31T23:59:59+0000,XGB_V3_1_Y2021_N2553_P635_SEED42,58862.05,0.03780381702093072,0.5561714268284355,-0.004247351502590702,0.13076366651856253,-0.07413212740857256,0.36813011383190364,0.19699619534654317,0.6820397973060608,DISTRIBUTION,1,NONE,,True,True,2553,635,1918,3.0204724409448818,1.0,2021-07-07T00:00:00+0000,-0.4634157322077638
2021-05-09T00:00:00+0000,2021-05-10T00:00:00+0000,2020-12-31T23:59:59+0000,XGB_V3_1_Y2021_N2553_P635_SEED42,58240.84,0.026801020655112806,0.5305506612826276,-0.0033950479887744356,0.12995591722256905,-0.08390342115611493,0.2885412095920128,0.20338884387077563,0.7352207899093628,DISTRIBUTION,1,NONE,,True,True,2553,635,1918,3.0204724409448818,1.0,2021-07-08T00:00:00+0000,-0.4576924027881466
2021-05-10T00:00:00+0000,2021-05-11T00:00:00+0000,2020-12-31T23:59:59+0000,XGB_V3_1_Y2021_N2553_P635_SEED42,55816.14,-0.015414013399952964,0.45861814139350066,-0.003906992658344932,0.12863368936878272,-0.12204262681871803,0.07488430273094743,0.2026100208176958,0.7322267889976501,DISTRIBUTION,1,NONE,,True,True,2553,635,1918,3.0204724409448818,1.0,2021-07-09T00:00:00+0000,-0.43413410529642504
2021-05-11T00:00:00+0000,2021-05-12T00:00:00+0000,2020-12-31T23:59:59+0000,XGB_V3_1_Y2021_N2553_P635_SEED42,56670.02,-0.0012631839733966421,0.4725151646662171,-0.0032006527284202946,0.12789200435698023,-0.1086115611482501,0.1381496531728384,0.20273573428696806,0.7322267889976501,DISTRIBUTION,1,NONE,,True,True,2553,635,1918,3.0204724409448818,1.0,2021-07-10T00:00:00+0000,-0.44266033433550933
2021-05-12T00:00:00+0000,2021-05-13T00:00:00+0000,2020-12-31T23:59:59+0000,XGB_V3_1_Y2021_N2553_P635_SEED42,49631.32,-0.1238568927021283,0.2835315327140697,-0.0032408224276974096,0.12647160978899774,-0.219326464805348,-0.45658815494237465,0.21461526813579798,0.7404135465621948,DISTRIBUTION,1,NONE,,True,True,2553,635,1918,3.0204724409448818,1.0,2021-07-11T00:00:00+0000,-0.3636185779463451
2021-05-13T00:00:00+0000,2021-05-14T00:00:00+0000,2020-12-31T23:59:59+0000,XGB_V3_1_Y2021_N2553_P635_SEED42,49670.97,-0.122341170186541,0.2784993137878389,-0.0035364750492022923,0.12519847949580853,-0.21356894033215335,-0.4308829822250009,0.2229740425334442,0.7273735404014587,DISTRIBUTION,1,NONE,,True,True,2553,635,1918,3.0204724409448818,1.0,2021-07-12T00:00:00+0000,-0.36412657131519677
2021-05-14T00:00:00+0000,2021-05-15T00:00:00+0000,2020-12-31T23:59:59+0000,XGB_V3_1_Y2021_N2553_P635_SEED42,49841.45,-0.11887665642568557,0.27684194690705666,-0.003203648971745854,0.12410449937739632,-0.21086976278333214,-0.41385694800054756,0.2242391146928572,0.731027364730835,EARLY_BEAR,2,NONE,,True,True,2553,635,1918,3.0204724409448818,1.0,2021-07-13T00:00:00+0000,-0.3663015421902853
2021-05-15T00:00:00+0000,2021-05-16T00:00:00+0000,2020-12-31T23:59:59+0000,XGB_V3_1_Y2021_N2553_P635_SEED42,46762.99,-0.17087708057096385,0.19291591871686053,-0.006303193289922793,0.12266693115013272,-0.23757817747836474,-0.6051846039524044,0.24297985782287687,0.8016178607940674,EARLY_BEAR,2,NONE,,True,True,2553,635,1918,3.0204724409448818,1.0,2021-07-14T00:00:00+0000,-0.3245844630550784
2021-05-16T00:00:00+0000,2021-05-17T00:00:00+0000,2020-12-31T23:59:59+0000,XGB_V3_1_Y2021_N2553_P635_SEED42,46431.5,-0.17400542311696943,0.17947029322699914,-0.008730448261654367,0.12050446171051976,-0.22622755540801642,-0.5273596489863475,0.2791388804414746,0.8113529086112976,EARLY_BEAR,2,NONE,,True,True,2553,635,1918,3.0204724409448818,1.0,2021-07-15T00:00:00+0000,-0.3197624457534217
2021-05-17T00:00:00+0000,2021-05-18T00:00:00+0000,2020-12-31T23:59:59+0000,XGB_V3_1_Y2021_N2553_P635_SEED42,43538.04,-0.22209113353553323,0.10175992244921006,-0.012931092697731184,0.11779227771698486,-0.2603376878651016,-0.5771342817651207,0.33239114179390666,0.808374285697937,EARLY_BEAR,2,NONE,,True,True,2553,635,1918,3.0204724409448818,1.0,2021-07-16T00:00:00+0000,-0.2791620844668249
2021-05-18T00:00:00+0000,2021-05-19T00:00:00+0000,2020-12-31T23:59:59+0000,XGB_V3_1_Y2021_N2553_P635_SEED42,42849.78,-0.2303218216835935,0.08033931900150026,-0.01843445993775128,0.11506619492860981,-0.2720304508592549,-0.513918220442189,0.3807110860177122,0.7967283725738525,EARLY_BEAR,2,NONE,,True,True,2553,635,1918,3.0204724409448818,1.0,2021-07-17T00:00:00+0000,-0.26758387090902214
2021-05-19T00:00:00+0000,2021-05-20T00:00:00+0000,2020-12-31T23:59:59+0000,XGB_V3_1_Y2021_N2553_P635_SEED42,36690.09,-0.3356999737735211,-0.07762293308445323,-0.02625964480439602,0.11169277020142054,-0.3766766532935908,-0.6321693235834517,0.4748770994089195,0.6735788583755493,EARLY_BEAR,2,NONE,,True,True,2553,635,1918,3.0204724409448818,0.0,2021-07-18T00:00:00+0000,-0.14462270329672122
2021-05-20T00:00:00+0000,2021-05-21T00:00:00+0000,2020-12-31T23:59:59+0000,XGB_V3_1_Y2021_N2553_P635_SEED42,40526.64,-0.2613648440377161,0.015410519259349442,-0.03215797658759312,0.10828317943268106,-0.3114979855441664,-0.4176626999383307,0.5127622339760332,0.7867581844329834,EARLY_BEAR,2,NONE,,True,True,2553,635,1918,3.0204724409448818,0.0,2021-07-19T00:00:00+0000,-0.23902771115493404
2021-05-21T00:00:00+0000,2021-05-22T00:00:00+0000,2020-12-31T23:59:59+0000,XGB_V3_1_Y2021_N2553_P635_SEED42,37252.01,-0.3156928380004004,-0.06939991024253123,-0.040607500214410175,0.10446194836050338,-0.367130264746131,-0.4654844010007279,0.5649505519102707,0.7518523931503296,EARLY_BEAR,2,NONE,,True,True,2553,635,1918,3.0204724409448818,0.0,2021-07-20T00:00:00+0000,-0.20030221188064756
2021-05-22T00:00:00+0000,2021-05-23T00:00:00+0000,2020-12-31T23:59:59+0000,XGB_V3_1_Y2021_N2553_P635_SEED42,37449.73,-0.30658344679771365,-0.06719009677032228,-0.04660315853140917,0.10083543141746398,-0.3637712244136927,-0.40263121096240834,0.6079332381868843,0.7404270172119141,BEAR,3,NONE,,True,True,2553,635,1918,3.0204724409448818,0.0,2021-07-21T00:00:00+0000,-0.2045243049816382
2021-05-23T00:00:00+0000,2021-05-24T00:00:00+0000,2020-12-31T23:59:59+0000,XGB_V3_1_Y2021_N2553_P635_SEED42,34655.25,-0.3529593435818681,-0.13899534094870214,-0.053630900855357155,0.0967810518622374,-0.41124629536348123,-0.4321094206706806,0.6593088970227953,0.3882444202899933,BEAR,3,NONE,,True,True,2553,635,1918,3.0204724409448818,0.0,2021-07-22T00:00:00+0000,-0.1403798847216512
2021-05-24T00:00:00+0000,2021-05-25T00:00:00+0000,2020-12-31T23:59:59+0000,XGB_V3_1_Y2021_N2553_P635_SEED42,38796.29,-0.2703555887822091,-0.03888249516031361,-0.0600062296295214,0.09370204701565177,-0.3408946851154522,-0.2735449462353216,0.6849598171472664,0.5767530202865601,DEEP_BEAR,4,NONE,,True,True,2553,635,1918,3.0204724409448818,0.0,2021-07-23T00:00:00+0000,-0.23213405199311588
2021-05-25T00:00:00+0000,2021-05-26T00:00:00+0000,2020-12-31T23:59:59+0000,XGB_V3_1_Y2021_N2553_P635_SEED42,38324.72,-0.27353935817934205,-0.0532322669778128,-0.06462975798272153,0.08997963288665356,-0.34890612882154126,-0.26105629713634015,0.6927592269393413,0.5767530202865601,BEAR,3,NONE,,True,True,2553,635,1918,3.0204724409448818,0.0,2021-07-24T00:00:00+0000,-0.22268577565602576
2021-05-26T00:00:00+0000,2021-05-27T00:00:00+0000,2020-12-31T23:59:59+0000,XGB_V3_1_Y2021_N2553_P635_SEED42,39241.91,-0.2508285463531129,-0.03348990527371487,-0.06817705851212064,0.08670010512631987,-0.3333241027113395,-0.2103507416234203,0.6920996757271511,0.5767530202865601,DEEP_BEAR,4,NONE,,True,True,2553,635,1918,3.0204724409448818,0.0,2021-07-25T00:00:00+0000,-0.24085371991322557
2021-05-27T00:00:00+0000,2021-05-28T00:00:00+0000,2020-12-31T23:59:59+0000,XGB_V3_1_Y2021_N2553_P635_SEED42,38529.98,-0.2594937363035338,-0.05371107301066158,-0.07032769251355153,0.08318073386316538,-0.34541899237284457,-0.21108131484784642,0.6801668334623628,0.5767530202865601,BEAR,3,NONE,,True,True,2553,635,1918,3.0204724409448818,0.0,2021-07-26T00:00:00+0000,-0.22682674634142053
2021-05-28T00:00:00+0000,2021-05-29T00:00:00+0000,2020-12-31T23:59:59+0000,XGB_V3_1_Y2021_N2553_P635_SEED42,35663.49,-0.30862819613499815,-0.12629327605592333,-0.07344169293770497,0.07914602713403407,-0.3941174321995242,-0.2833586410249864,0.6574945084851588,0.09520307183265686,DEEP_BEAR,4,NONE,,True,True,2553,635,1918,3.0204724409448818,0.0,2021-07-27T00:00:00+0000,-0.16468214411993887
2021-05-29T00:00:00+0000,2021-05-30T00:00:00+0000,2020-12-31T23:59:59+0000,XGB_V3_1_Y2021_N2553_P635_SEED42,34605.15,-0.32296661225445666,-0.15422150122107214,-0.07456452750560738,0.07523693664582543,-0.41209743799273046,-0.30181776602891314,0.6247971623108831,0.05218540132045746,BEAR,3,NONE,,True,True,2553,635,1918,3.0204724409448818,0.0,2021-07-28T00:00:00+0000,-0.13913535991030246
2021-05-30T00:00:00+0000,2021-05-31T00:00:00+0000,2020-12-31T23:59:59+0000,XGB_V3_1_Y2021_N2553_P635_SEED42,35641.27,-0.2960494148433611,-0.13101717392290335,-0.07721532725068636,0.07182476843864638,-0.3944949249983649,-0.2460205512409088,0.5854533557198454,0.08690185844898224,DEEP_BEAR,4,NONE,,True,True,2553,635,1918,3.0204724409448818,0.0,2021-07-29T00:00:00+0000,-0.16416137808781783
2021-05-31T00:00:00+0000,2021-06-01T00:00:00+0000,2020-12-31T23:59:59+0000,XGB_V3_1_Y2021_N2553_P635_SEED42,37253.81,-0.25752817436256303,-0.09401640185468096,-0.07829468570125098,0.06845631459336055,-0.3670996847714275,-0.16782814765860468,0.5002061611392175,0.21208734810352325,BEAR,3,NONE,,True,True,2553,635,1918,3.0204724409448818,0.0,2021-07-30T00:00:00+0000,-0.20034085104315502
2021-06-01T00:00:00+0000,2021-06-02T00:00:00+0000,2020-12-31T23:59:59+0000,XGB_V3_1_Y2021_N2553_P635_SEED42,36693.09,-0.26188736801810897,-0.10985773807366572,-0.07953524839689452,0.06604510885087866,-0.3766256866690848,-0.1765038698715705,0.47110574129158167,0.15934568643569946,DEEP_BEAR,4,NONE,,True,True,2553,635,1918,3.0204724409448818,0.0,2021-07-31T00:00:00+0000,-0.18812097863657706
2021-06-02T00:00:00+0000,2021-06-03T00:00:00+0000,2020-12-31T23:59:59+0000,XGB_V3_1_Y2021_N2553_P635_SEED42,37568.68,-0.2362835321527026,-0.09098707031633357,-0.08154831591459433,0.06378468485362188,-0.3617503977520321,-0.1104000486937501,0.4244768829518113,0.19647812843322754,BEAR,3,NONE,,True,True,2553,635,1918,3.0204724409448818,0.0,2021-08-01T00:00:00+0000,-0.2070429410881618
2021-06-03T00:00:00+0000,2021-06-04T00:00:00+0000,2020-12-31T23:59:59+0000,XGB_V3_1_Y2021_N2553_P635_SEED42,39246.79,-0.19440331973210712,-0.053051593518729345,-0.08376360924008475,0.061754957003463895,-0.33324119700214316,0.026273498957956477,0.35307730153477673,0.17098012566566467,DEEP_BEAR,4,NONE,,True,True,2553,635,1918,3.0204724409448818,0.0,2021-08-02T00:00:00+0000,-0.2409481132087491
2021-06-04T00:00:00+0000,2021-06-05T00:00:00+0000,2020-12-31T23:59:59+0000,XGB_V3_1_Y2021_N2553_P635_SEED42,36829.0,-0.2357709003803662,-0.11353934593245962,-0.08651913183571569,0.05983443219922857,-0.37431672869021726,-0.13267875932714224,0.3063464146400424,0.1420397162437439,BEAR,3,NONE,,True,True,2553,635,1918,3.0204724409448818,0.0,2021-08-03T00:00:00+0000,-0.19111705449509897
2021-06-05T00:00:00+0000,2021-06-06T00:00:00+0000,2020-12-31T23:59:59+0000,XGB_V3_1_Y2021_N2553_P635_SEED42,35513.2,-0.2550920348922633,-0.14704290148291954,-0.08983889489316899,0.057637673709033166,-0.3966706901985235,-0.24781902147152976,0.2484714287411885,0.06639575213193893,DEEP_BEAR,4,NONE,,True,True,2553,635,1918,3.0204724409448818,0.0,2021-08-04T00:00:00+0000,-0.16114712275998777
2021-06-06T00:00:00+0000,2021-06-07T00:00:00+0000,2020-12-31T23:59:59+0000,XGB_V3_1_Y2021_N2553_P635_SEED42,35796.31,-0.24144943915021166,-0.14209969389394284,-0.09304930171030279,0.05589208426092096,-0.39186096984389784,-0.20843775579885868,0.21262732963610742,0.0689878985285759,BEAR,3,NONE,,True,True,2553,635,1918,3.0204724409448818,0.0,2021-08-05T00:00:00+0000,-0.1677815394938752
2021-06-07T00:00:00+0000,2021-06-08T00:00:00+0000,2020-12-31T23:59:59+0000,XGB_V3_1_Y2021_N2553_P635_SEED42,33552.79,-0.2821161021063101,-0.19738307113452513,-0.09392896000398032,0.05397888158748754,-0.4238958435352237,-0.4917932910049695,0.18902191339976226,0.05227670446038246,DEEP_BEAR,4,NONE,,True,True,2553,635,1918,3.0204724409448818,0.0,2021-08-06T00:00:00+0000,-0.11213493721386514
2021-06-08T00:00:00+0000,2021-06-09T00:00:00+0000,2020-12-31T23:59:59+0000,XGB_V3_1_Y2021_N2553_P635_SEED42,33380.81,-0.2789296492708194,-0.2029008604087189,-0.09429120996131812,0.05279605754332639,-0.41096173955823556,-0.44925574436313925,0.20824292074704603,0.05227670446038246,BEAR,3,NONE,,True,True,2553,635,1918,3.0204724409448818,0.0,2021-08-07T00:00:00+0000,-0.1075606014353756
2021-06-09T00:00:00+0000,2021-06-10T00:00:00+0000,2020-12-31T23:59:59+0000,XGB_V3_1_Y2021_N2553_P635_SEED42,37388.05,-0.18567044839776636,-0.1091993236647556,-0.09317888723275058,0.05160668049493333,-0.3402499240339071,0.10408066728757837,0.18837280580248375,0.14790374040603638,DEEP_BEAR,4,NONE,,True,True,2553,635,1918,3.0204724409448818,0.0,2021-08-08T00:00:00+0000,-0.20321198885740244
2021-06-10T00:00:00+0000,2021-06-11T00:00:00+0000,2020-12-31T23:59:59+0000,XGB_V3_1_Y2021_N2553_P635_SEED42,36675.72,-0.19518616357772556,-0.12806800959783915,-0.09177699709308063,0.05077423623401334,-0.2641522267109002,0.005142882670814868,0.1879569428453114,0.14592385292053223,BEAR,3,NONE,,True,True,2553,635,1918,3.0204724409448818,0.0,2021-08-09T00:00:00+0000,-0.18773646434207703
2021-06-11T00:00:00+0000,2021-06-12T00:00:00+0000,2020-12-31T23:59:59+0000,XGB_V3_1_Y2021_N2553_P635_SEED42,37331.98,-0.17558982436856185,-0.11446225290620538,-0.0890888195004772,0.050070368498187134,-0.2509852743048204,0.10144216360851771,0.1877056022860539,0.1451222002506256,DEEP_BEAR,4,NONE,,True,True,2553,635,1918,3.0204724409448818,0.0,2021-08-10T00:00:00+0000,-0.20201526948209025
2021-06-12T00:00:00+0000,2021-06-13T00:00:00+0000,2020-12-31T23:59:59+0000,XGB_V3_1_Y2021_N2553_P635_SEED42,35546.11,-0.2095889948872044,-0.15845968332996963,-0.08579136027556789,0.04943034697961668,-0.28681629446976353,-0.16874720352625847,0.18302814688324295,0.08649832755327225,BEAR,3,NONE,,True,True,2553,635,1918,3.0204724409448818,0.0,2021-08-11T00:00:00+0000,-0.16192376606047754
2021-06-13T00:00:00+0000,2021-06-14T00:00:00+0000,2020-12-31T23:59:59+0000,XGB_V3_1_Y2021_N2553_P635_SEED42,39020.57,-0.1280540433058438,-0.0784178915708218,-0.08141876911755175,0.04892844900929805,-0.16556725735458744,0.3440993937369662,0.18458505821609364,0.1929742395877838,DEEP_BEAR,4,NONE,,True,True,2553,635,1918,3.0204724409448818,0.0,2021-08-12T00:00:00+0000,-0.2365475440261381
2021-06-14T00:00:00+0000,2021-06-15T00:00:00+0000,2020-12-31T23:59:59+0000,XGB_V3_1_Y2021_N2553_P635_SEED42,40516.29,-0.09115797883379606,-0.04572539298851952,-0.0749293213106077,0.048867819884468755,-0.1273964872984935,0.500012083817615,0.2019823603251461,0.15639565885066986,BEAR,3,NONE,,True,True,2553,635,1918,3.0204724409448818,1.0,2021-08-13T00:00:00+0000,-0.26473154378152597
2021-06-15T00:00:00+0000,2021-06-16T00:00:00+0000,2020-12-31T23:59:59+0000,XGB_V3_1_Y2021_N2553_P635_SEED42,40144.04,-0.09387488791103127,-0.057047509469030366,-0.07072185989195945,0.04854608194844179,-0.07795481836113893,0.4280988991783983,0.20916330287315063,0.19414687156677246,DEEP_BEAR,4,NONE,,True,True,2553,635,1918,3.0204724409448818,1.0,2021-08-14T00:00:00+0000,-0.2579135034739902
2021-06-16T00:00:00+0000,2021-06-17T00:00:00+0000,2020-12-31T23:59:59+0000,XGB_V3_1_Y2021_N2553_P635_SEED42,38349.01,-0.1278313366841759,-0.10138854706469635,-0.06824881956835982,0.04811076620953503,-0.10503601185350298,0.1971215695316427,0.20839752534410355,0.1987055391073227,BEAR,3,NONE,,True,True,2553,635,1918,3.0204724409448818,0.0,2021-08-15T00:00:00+0000,-0.22317812115619162
2021-06-17T00:00:00+0000,2021-06-18T00:00:00+0000,2020-12-31T23:59:59+0000,XGB_V3_1_Y2021_N2553_P635_SEED42,38092.97,-0.12700187682025055,-0.10946533311303852,-0.06640805026044594,0.04793860987715193,-0.06005111699366139,0.14803308165601506,0.20758703843449888,0.19328951835632324,DEEP_BEAR,4,NONE,,True,True,2553,635,1918,3.0204724409448818,0.0,2021-08-16T00:00:00+0000,-0.21795675160009842
2021-06-18T00:00:00+0000,2021-06-19T00:00:00+0000,2020-12-31T23:59:59+0000,XGB_V3_1_Y2021_N2553_P635_SEED42,35819.84,-0.17236872198206077,-0.1641816876502239,-0.06509493215972706,0.04743640393444459,-0.11614088905470576,-0.1609671612474663,0.2010806904145979,0.09886779636144638,BEAR,3,NONE,,True,True,2553,635,1918,3.0204724409448818,0.0,2021-08-17T00:00:00+0000,-0.16832822257162505
2021-06-19T00:00:00+0000,2021-06-20T00:00:00+0000,2020-12-31T23:59:59+0000,XGB_V3_1_Y2021_N2553_P635_SEED42,35483.72,-0.17163281970349864,-0.17363657707038238,-0.06701719381758375,0.04692622877250896,-0.12421102721892852,-0.2043905935876244,0.20178651607259251,0.10164414346218109,DEEP_BEAR,4,NONE,,True,True,2553,635,1918,3.0204724409448818,0.0,2021-08-18T00:00:00+0000,-0.1604502008244908
2021-06-20T00:00:00+0000,2021-06-21T00:00:00+0000,2020-12-31T23:59:59+0000,XGB_V3_1_Y2021_N2553_P635_SEED42,35600.16,-0.16020987336625692,-0.17250471650434196,-0.06975365732266192,0.04625142571426766,-0.12133712143930253,-0.17548671206955785,0.2048209220499625,0.09886779636144638,BEAR,3,NONE,,True,True,2553,635,1918,3.0204724409448818,0.0,2021-08-19T00:00:00+0000,-0.16319617664639718
2021-06-21T00:00:00+0000,2021-06-22T00:00:00+0000,2020-12-31T23:59:59+0000,XGB_V3_1_Y2021_N2553_P635_SEED42,31608.93,-0.2454724811228538,-0.26631662409594214,-0.07488221541366225,0.04514428629574385,-0.21984638771220166,-0.5706541188310282,0.24199069873778364,0.13671989738941193,DEEP_BEAR,4,NONE,,True,True,2553,635,1918,3.0204724409448818,0.0,2021-08-20T00:00:00+0000,-0.05753374125603117
2021-06-22T00:00:00+0000,2021-06-23T00:00:00+0000,2020-12-31T23:59:59+0000,XGB_V3_1_Y2021_N2553_P635_SEED42,32509.56,-0.21472884654869806,-0.24662361175500858,-0.07943948012259006,0.044102681991829096,-0.1976175508665774,-0.41004161076245427,0.2618706042321541,0.13370941579341888,BEAR,3,NONE,,True,True,2553,635,1918,3.0204724409448818,0.0,2021-08-21T00:00:00+0000,-0.08364339597336912
2021-06-23T00:00:00+0000,2021-06-24T00:00:00+0000,2020-12-31T23:59:59+0000,XGB_V3_1_Y2021_N2553_P635_SEED42,33678.07,-0.17875819044837438,-0.220856362631083,-0.08362738324018681,0.04292203363763214,-0.1687770523905323,-0.2606543713763557,0.2615336658461836,0.12536312639713287,DEEP_BEAR,4,NONE,,True,True,2553,635,1918,3.0204724409448818,0.0,2021-08-22T00:00:00+0000,-0.1154377314376982
2021-06-24T00:00:00+0000,2021-06-25T00:00:00+0000,2020-12-31T23:59:59+0000,XGB_V3_1_Y2021_N2553_P635_SEED42,34663.09,-0.14524514223310292,-0.1994849992733827,-0.0903288425128651,0.04223904142652146,-0.14446534961616686,-0.14403666105150936,0.2640520974097325,0.12548519670963287,BEAR,3,NONE,,True,True,2553,635,1918,3.0204724409448818,0.0,2021-08-23T00:00:00+0000,-0.14057431117652808
2021-06-25T00:00:00+0000,2021-06-26T00:00:00+0000,2020-12-31T23:59:59+0000,XGB_V3_1_Y2021_N2553_P635_SEED42,31584.45,-0.21151369130148312,-0.271627995608577,-0.09583799752328159,0.04149563557691116,-0.22045058913340787,-0.41397128254701226,0.2866544464360857,0.131956547498703,DEEP_BEAR,4,NONE,,True,True,2553,635,1918,3.0204724409448818,0.0,2021-08-24T00:00:00+0000,-0.05680326869709629
2021-06-26T00:00:00+0000,2021-06-27T00:00:00+0000,2020-12-31T23:59:59+0000,XGB_V3_1_Y2021_N2553_P635_SEED42,32283.65,-0.18385868959148954,-0.25670010191750403,-0.10037070103734014,0.04091943990806546,-0.20319333285451358,-0.3147954319160736,0.3008924053335591,0.12448006123304367,BEAR,3,NONE,,True,True,2553,635,1918,3.0204724409448818,0.0,2021-08-25T00:00:00+0000,-0.07723104419729498
2021-06-27T00:00:00+0000,2021-06-28T00:00:00+0000,2020-12-31T23:59:59+0000,XGB_V3_1_Y2021_N2553_P635_SEED42,34700.34,-0.11191483765442778,-0.202541605076632,-0.10453711230171636,0.040891286070555255,-0.14354596632613703,-0.0961269912307486,0.2966401530960449,0.1274859607219696,DEEP_BEAR,4,NONE,,True,True,2553,635,1918,3.0204724409448818,0.0,2021-08-26T00:00:00+0000,-0.14149688446856712
2021-06-28T00:00:00+0000,2021-06-29T00:00:00+0000,2020-12-31T23:59:59+0000,XGB_V3_1_Y2021_N2553_P635_SEED42,34494.89,-0.10631048317960345,-0.20873968896729922,-0.10817148456198755,0.04100029235492442,-0.14861676624389852,-0.12254688441543625,0.2918941157279357,0.1274859607219696,BEAR,3,NONE,,True,True,2553,635,1918,3.0204724409448818,0.0,2021-08-27T00:00:00+0000,-0.136383678857941
2021-06-29T00:00:00+0000,2021-06-30T00:00:00+0000,2020-12-31T23:59:59+0000,XGB_V3_1_Y2021_N2553_P635_SEED42,35911.73,-0.05990740102049186,-0.1779249111673451,-0.10821649752060059,0.0408126510100113,-0.11364712810575694,0.020406245418987033,0.2895932392473969,0.12020882219076157,DEEP_BEAR,4,NONE,,True,True,2553,635,1918,3.0204724409448818,0.0,2021-08-28T00:00:00+0000,-0.17045628266864343
2021-06-30T00:00:00+0000,2021-07-01T00:00:00+0000,2020-12-31T23:59:59+0000,XGB_V3_1_Y2021_N2553_P635_SEED42,35045.0,-0.07209081485984714,-0.1992537863285856,-0.1090785707508114,0.04048334752547644,-0.1350392644538777,-0.05567717270389673,0.2895454444008019,0.12020882219076157,BEAR,3,NONE,,True,True,2553,635,1918,3.0204724409448818,0.0,2021-08-29T00:00:00+0000,-0.14994007704380086
2021-07-01T00:00:00+0000,2021-07-02T00:00:00+0000,2020-12-31T23:59:59+0000,XGB_V3_1_Y2021_N2553_P635_SEED42,33504.69,-0.10523337961967427,-0.235699699862848,-0.10615725609541393,0.039842652913868015,-0.17305631882879702,-0.18591065849978433,0.29198968239924267,0.12206730991601944,DEEP_BEAR,4,NONE,,True,True,2553,635,1918,3.0204724409448818,0.0,2021-08-30T00:00:00+0000,-0.11086030045345896
2021-07-02T00:00:00+0000,2021-07-03T00:00:00+0000,2020-12-31T23:59:59+0000,XGB_V3_1_Y2021_N2553_P635_SEED42,33786.55,-0.08998545756545706,-0.23054372571914317,-0.10318251396462153,0.03954369517429224,-0.16609961079852076,-0.14876120429438103,0.2954665394984243,0.11891454458236694,BEAR,3,NONE,,True,True,2553,635,1918,3.0204724409448818,0.0,2021-08-31T00:00:00+0000,-0.1182778354108367
2021-07-03T00:00:00+0000,2021-07-04T00:00:00+0000,2020-12-31T23:59:59+0000,XGB_V3_1_Y2021_N2553_P635_SEED42,34669.13,-0.058519037125022266,-0.2118118624045605,-0.10204358666858349,0.03885150846593044,-0.14431627377531364,-0.045825665251695645,0.28156238034846787,0.12921515107154846,DEEP_BEAR,4,NONE,,True,True,2553,635,1918,3.0204724409448818,0.0,2021-09-01T00:00:00+0000,-0.14072403893607943
2021-07-04T00:00:00+0000,2021-07-05T00:00:00+0000,2020-12-31T23:59:59+0000,XGB_V3_1_Y2021_N2553_P635_SEED42,35286.51,-0.03574300313853662,-0.19904617915860212,-0.09761844259448182,0.037635749013282815,-0.1290784521485061,0.04967208599024887,0.2458368969307718,0.12820151448249817,BEAR,3,NONE,,True,True,2553,635,1918,3.0204724409448818,0.0,2021-09-02T00:00:00+0000,-0.15575810699329584
2021-07-05T00:00:00+0000,2021-07-06T00:00:00+0000,2020-12-31T23:59:59+0000,XGB_V3_1_Y2021_N2553_P635_SEED42,33690.14,-0.07291039356526641,-0.23622575399351586,-0.09280229803337281,0.03611161145123232,-0.1684791475231321,-0.11927264259264414,0.20584808118363065,0.09019450098276138,DEEP_BEAR,4,NONE,,True,True,2553,635,1918,3.0204724409448818,0.0,2021-09-03T00:00:00+0000,-0.1157546391911699
2021-07-06T00:00:00+0000,2021-07-07T00:00:00+0000,2020-12-31T23:59:59+0000,XGB_V3_1_Y2021_N2553_P635_SEED42,34220.01,-0.053475304915151844,-0.2251892933948162,-0.08603216187791829,0.03490935167652798,-0.1554011978885529,-0.018036399515536254,0.18032613014100748,0.10204251110553741,BEAR,3,NONE,,True,True,2553,635,1918,3.0204724409448818,0.0,2021-09-04T00:00:00+0000,-0.12944648467373343
2021-07-07T00:00:00+0000,2021-07-08T00:00:00+0000,2020-12-31T23:59:59+0000,XGB_V3_1_Y2021_N2553_P635_SEED42,33862.12,-0.05869439145352895,-0.23416316924746716,-0.07932917273691675,0.03367471138067346,-0.16423443508771407,-0.05014877935019023,0.1507869735413248,0.09970763325691223,DEEP_BEAR,4,NONE,,True,True,2553,635,1918,3.0204724409448818,0.0,2021-09-05T00:00:00+0000,-0.12024557233864874
2021-07-08T00:00:00+0000,2021-07-09T00:00:00+0000,2020-12-31T23:59:59+0000,XGB_V3_1_Y2021_N2553_P635_SEED42,32875.71,-0.08417264718030582,-0.25726334251584904,-0.06997755538060935,0.03282923490937151,-0.18858044505062044,-0.21922062787486493,0.14732499023426862,0.0858425498008728,BEAR,3,NONE,,True,True,2553,635,1918,3.0204724409448818,0.0,2021-09-06T00:00:00+0000,-0.09384922789500216
2021-07-09T00:00:00+0000,2021-07-10T00:00:00+0000,2020-12-31T23:59:59+0000,XGB_V3_1_Y2021_N2553_P635_SEED42,33815.81,-0.05444870403492086,-0.2369807481225351,-0.06379920212470058,0.03211060651027764,-0.16537743213902367,-0.015326775465476698,0.1419225318711138,0.09970763325691223,DEEP_BEAR,4,NONE,,True,True,2553,635,1918,3.0204724409448818,0.0,2021-09-07T00:00:00+0000,-0.11904076820871656
2021-07-10T00:00:00+0000,2021-07-11T00:00:00+0000,2020-12-31T23:59:59+0000,XGB_V3_1_Y2021_N2553_P635_SEED42,33502.87,-0.06123079819626931,-0.244867626599091,-0.05506357937357942,0.03127027514136338,-0.17310123903249774,-0.06188275897471468,0.13478456993380203,0.20393580198287964,BEAR,3,NONE,,True,True,2553,635,1918,3.0204724409448818,0.0,2021-09-08T00:00:00+0000,-0.11081199909142125
2021-07-11T00:00:00+0000,2021-07-12T00:00:00+0000,2020-12-31T23:59:59+0000,XGB_V3_1_Y2021_N2553_P635_SEED42,34258.99,-0.038324294063747266,-0.2287835140191954,-0.048628624272309406,0.031091328817120623,-0.15443911572357694,0.08327833280579632,0.12101845786630475,0.23305381834506989,DEEP_BEAR,4,NONE,,True,True,2553,635,1918,3.0204724409448818,0.0,2021-09-09T00:00:00+0000,-0.1304370035427197
2021-07-12T00:00:00+0000,2021-07-13T00:00:00+0000,2020-12-31T23:59:59+0000,XGB_V3_1_Y2021_N2553_P635_SEED42,33086.63,-0.07041468762454406,-0.25595858898986423,-0.041333024789215744,0.03051979946814276,-0.18337463770745055,-0.21619459309414998,0.11709978892521158,0.15189367532730103,BEAR,3,NONE,,True,True,2553,635,1918,3.0204724409448818,0.0,2021-09-10T00:00:00+0000,-0.09962574006479352
2021-07-13T00:00:00+0000,2021-07-14T00:00:00+0000,2020-12-31T23:59:59+0000,XGB_V3_1_Y2021_N2553_P635_SEED42,32729.77,-0.07729549660091106,-0.264646427109983,-0.03672805327276807,0.02971509609522327,-0.19218245303308867,-0.2843954465851884,0.1212406856957026,0.19002947211265564,DEEP_BEAR,4,NONE,,True,True,2553,635,1918,3.0204724409448818,0.0,2021-09-11T00:00:00+0000,-0.08980875820392265
2021-07-14T00:00:00+0000,2021-07-15T00:00:00+0000,2020-12-31T23:59:59+0000,XGB_V3_1_Y2021_N2553_P635_SEED42,32820.02,-0.07187054564589923,-0.26314243820235117,-0.033694662966308186,0.02862599730390203,-0.18244352088130655,-0.23772209634211916,0.1227431786931751,0.19778193533420563,BEAR,3,NONE,,True,True,2553,635,1918,3.0204724409448818,0.0,2021-09-12T00:00:00+0000,-0.09231164392952829
2021-07-15T00:00:00+0000,2021-07-16T00:00:00+0000,2020-12-31T23:59:59+0000,XGB_V3_1_Y2021_N2553_P635_SEED42,31880.0,-0.0946841608899821,-0.2846968008901333,-0.030970294389270348,0.027798718020810576,-0.16868779663412437,-0.48179532338858405,0.11913094713321232,0.20423613488674164,DEEP_BEAR,4,NONE,,True,True,2553,635,1918,3.0204724409448818,0.0,2021-09-13T00:00:00+0000,-0.06554736511919701
2021-07-16T00:00:00+0000,2021-07-17T00:00:00+0000,2020-12-31T23:59:59+0000,XGB_V3_1_Y2021_N2553_P635_SEED42,31383.87,-0.10514114962739518,-0.29616853365404594,-0.029928432741050726,0.02664255027900775,-0.1761243610041433,-0.5479399966835639,0.12926587029176717,0.2538989782333374,BEAR,3,NONE,,True,True,2553,635,1918,3.0204724409448818,0.0,2021-09-14T00:00:00+0000,-0.050775127477905024
2021-07-17T00:00:00+0000,2021-07-18T00:00:00+0000,2020-12-31T23:59:59+0000,XGB_V3_1_Y2021_N2553_P635_SEED42,31520.07,-0.09912900601750763,-0.2934416540314815,-0.02738475756251535,0.025211447239007923,-0.12229040483429798,-0.4466335227302549,0.1396746043528015,0.2541801631450653,DEEP_BEAR,4,NONE,,True,True,2553,635,1918,3.0204724409448818,0.0,2021-09-15T00:00:00+0000,-0.05487678168227417
2021-07-18T00:00:00+0000,2021-07-19T00:00:00+0000,2020-12-31T23:59:59+0000,XGB_V3_1_Y2021_N2553_P635_SEED42,31778.56,-0.09027126300008459,-0.28787901025267304,-0.02689261211135252,0.02363480753165237,-0.11509247814015089,-0.3487523658624788,0.14583281198241016,0.23436741530895233,BEAR,3,NONE,,True,True,2553,635,1918,3.0204724409448818,0.0,2021-09-16T00:00:00+0000,-0.06256450890159915
2021-07-19T00:00:00+0000,2021-07-20T00:00:00+0000,2020-12-31T23:59:59+0000,XGB_V3_1_Y2021_N2553_P635_SEED42,30839.65,-0.11471579226874595,-0.30906723254164825,-0.025925839057899136,0.02175980010917211,-0.1412374174120824,-0.49087118464546764,0.14641761180937216,0.2634139060974121,DEEP_BEAR,4,NONE,,True,True,2553,635,1918,3.0204724409448818,0.0,2021-09-17T00:00:00+0000,-0.034024380951145794
2021-07-20T00:00:00+0000,2021-07-21T00:00:00+0000,2020-12-31T23:59:59+0000,XGB_V3_1_Y2021_N2553_P635_SEED42,29790.35,-0.14115695920873295,-0.33261008218404786,-0.02806185738276601,0.01991691293230513,-0.17045628266864343,-0.585744029198468,0.16441591905074365,0.2538989782333374,BEAR,3,NONE,,True,True,2553,635,1918,3.0204724409448818,0.0,2021-09-18T00:00:00+0000,0.079024247784937
2021-07-21T00:00:00+0000,2021-07-22T00:00:00+0000,2020-12-31T23:59:59+0000,XGB_V3_1_Y2021_N2553_P635_SEED42,32144.51,-0.07085067976583015,-0.2798673678503404,-0.02887443729084327,0.018246075723908683,-0.10490221440181258,-0.1383035887900828,0.165404300574578,0.19715017080307007,DEEP_BEAR,4,NONE,,True,True,2553,635,1918,3.0204724409448818,0.0,2021-09-19T00:00:00+0000,0.004458615172544311
2021-07-22T00:00:00+0000,2021-07-23T00:00:00+0000,2020-12-31T23:59:59+0000,XGB_V3_1_Y2021_N2553_P635_SEED42,32287.83,-0.06384998845405021,-0.2765988611832114,-0.030985826821986806,0.01648217583078182,-0.10091131783403362,-0.09890658598370625,0.16458536031538418,0.19715017080307007,BEAR,3,NONE,,True,True,2553,635,1918,3.0204724409448818,0.0,2021-09-20T00:00:00+0000,0.04169558623171632
2021-07-23T00:00:00+0000,2021-07-24T00:00:00+0000,2020-12-31T23:59:59+0000,XGB_V3_1_Y2021_N2553_P635_SEED42,33634.09,-0.021632390556463155,-0.2465750992040866,-0.03083593555874431,0.014907970610125165,-0.06342328815682252,0.16641467300463883,0.1583788469457831,0.2040492445230484,DEEP_BEAR,4,NONE,,True,True,2553,635,1918,3.0204724409448818,0.0,2021-09-21T00:00:00+0000,0.018554091994164246
2021-07-24T00:00:00+0000,2021-07-25T00:00:00+0000,2020-12-31T23:59:59+0000,XGB_V3_1_Y2021_N2553_P635_SEED42,34258.14,-0.0019869869050436195,-0.23262250891452774,-0.0292725969408284,0.013336052684258748,-0.046045957685692196,0.31682774886313514,0.1484798757497634,0.2030201256275177,BEAR,3,NONE,,True,True,2553,635,1918,3.0204724409448818,0.0,2021-09-22T00:00:00+0000,0.03277702759110679
2021-07-25T00:00:00+0000,2021-07-26T00:00:00+0000,2020-12-31T23:59:59+0000,XGB_V3_1_Y2021_N2553_P635_SEED42,35381.02,0.030804299247158218,-0.20734690363061004,-0.025288850702053556,0.01192746416026047,-0.014778179720108309,0.483649676517904,0.16246161898940956,0.1421535313129425,DEEP_BEAR,4,NONE,,True,True,2553,635,1918,3.0204724409448818,0.0,2021-09-23T00:00:00+0000,0.05247389702162342
2021-07-26T00:00:00+0000,2021-07-27T00:00:00+0000,2020-12-31T23:59:59+0000,XGB_V3_1_Y2021_N2553_P635_SEED42,37237.6,0.08398426407521287,-0.1655481643420953,-0.02049479900201956,0.010405936829753548,0.0,0.6596512210101936,0.19703474152670297,0.16171441972255707,BEAR,3,NONE,,True,True,2553,635,1918,3.0204724409448818,0.0,2021-09-24T00:00:00+0000,0.02603416976389461
2021-07-27T00:00:00+0000,2021-07-28T00:00:00+0000,2020-12-31T23:59:59+0000,XGB_V3_1_Y2021_N2553_P635_SEED42,39457.87,0.1446808552363612,-0.11568300236995388,-0.01479944266847999,0.009131514529398865,0.0,0.723072037224786,0.2589896520540806,0.40197572112083435,DEEP_BEAR,4,NONE,,True,True,2553,635,1918,3.0204724409448818,0.0,2021-09-25T00:00:00+0000,-0.031700139921389536
2021-07-28T00:00:00+0000,2021-07-29T00:00:00+0000,2020-12-31T23:59:59+0000,XGB_V3_1_Y2021_N2553_P635_SEED42,40019.56,0.15652087507874368,-0.10308768730497841,-0.0094040842441947,0.00804992459770415,0.0,0.6163469677654404,0.31048204424973636,0.42861247062683105,BEAR,3,NONE,,True,True,2553,635,1918,3.0204724409448818,0.0,2021-09-26T00:00:00+0000,-0.04529060289518416
2021-07-29T00:00:00+0000,2021-07-30T00:00:00+0000,2020-12-31T23:59:59+0000,XGB_V3_1_Y2021_N2553_P635_SEED42,40016.48,0.1546777099038288,-0.10334425501723554,-0.005164262416259224,0.006998560161990852,-7.696236540322143e-05,0.5164093353816589,0.3492938411492664,0.3768725097179413,DEEP_BEAR,4,NONE,,True,True,2553,635,1918,3.0204724409448818,0.0,2021-09-27T00:00:00+0000,-0.045217120546334866
2021-07-30T00:00:00+0000,2021-07-31T00:00:00+0000,2020-12-31T23:59:59+0000,XGB_V3_1_Y2021_N2553_P635_SEED42,42206.37,0.21399235215108736,-0.054995182243956275,0.0023058064678096457,0.006665202218525623,0.0,0.567594500125474,0.4038021946276367,0.3149540424346924,BEAR,3,NONE,,True,True,2553,635,1918,3.0204724409448818,0.0,2021-09-28T00:00:00+0000,-0.0947563128504062
2021-07-31T00:00:00+0000,2021-08-01T00:00:00+0000,2020-12-31T23:59:59+0000,XGB_V3_1_Y2021_N2553_P635_SEED42,41461.83,0.18975040316152714,-0.07243503255433159,0.0073289363199475765,0.006249965304365057,-0.01764046517148954,0.4453255209062893,0.43783406386586393,0.4286561608314514,DEEP_BEAR,4,NONE,,True,True,2553,635,1918,3.0204724409448818,0.0,2021-09-29T00:00:00+0000,-0.07850063540369534
2021-08-01T00:00:00+0000,2021-08-02T00:00:00+0000,2020-12-31T23:59:59+0000,XGB_V3_1_Y2021_N2553_P635_SEED42,39845.44,0.14055377431969007,-0.10884278649453438,0.012906714352117099,0.005469434534515871,-0.05593776484450097,0.3054329923029766,0.44957537520459095,0.3916124403476715,BEAR,3,NONE,,True,True,2553,635,1918,3.0204724409448818,0.0,2021-09-30T00:00:00+0000,-0.04111863239557645
2021-08-02T00:00:00+0000,2021-08-03T00:00:00+0000,2020-12-31T23:59:59+0000,XGB_V3_1_Y2021_N2553_P635_SEED42,39147.82,0.12050315826321212,-0.124445627059105,0.016288197598615106,0.0045642411659203574,-0.0724665494805643,0.23714544122801873,0.4522997682152147,0.38103577494621277,DEEP_BEAR,4,NONE,,True,True,2553,635,1918,3.0204724409448818,0.0,2021-10-01T00:00:00+0000,-0.0240312231945482
2021-08-03T00:00:00+0000,2021-08-04T00:00:00+0000,2020-12-31T23:59:59+0000,XGB_V3_1_Y2021_N2553_P635_SEED42,38207.05,0.09502362839907774,-0.14562622212025012,0.016465026600850585,0.004015226907514657,-0.0947563128504062,0.16140835990735508,0.4490563030996051,0.32345718145370483,BEAR,3,NONE,,True,True,2553,635,1918,3.0204724409448818,0.0,2021-10-02T00:00:00+0000,0.0396819435156599
2021-08-04T00:00:00+0000,2021-08-05T00:00:00+0000,2020-12-31T23:59:59+0000,XGB_V3_1_Y2021_N2553_P635_SEED42,39723.18,0.1387510053933545,-0.11209312882445699,0.016298084439748894,0.0038029000343744457,-0.05883448398902824,0.2317773768329788,0.44395565558128486,0.3877636790275574,DEEP_BEAR,4,NONE,,True,True,2553,635,1918,3.0204724409448818,0.0,2021-10-03T00:00:00+0000,0.02545616942047424
2021-08-05T00:00:00+0000,2021-08-06T00:00:00+0000,2020-12-31T23:59:59+0000,XGB_V3_1_Y2021_N2553_P635_SEED42,40862.46,0.1697252788178365,-0.08714109791766,0.016908618679192466,0.003882852938932757,-0.03184140213906106,0.27445511594091954,0.43648576103489845,0.3882381021976471,BEAR,3,NONE,,True,True,2553,635,1918,3.0204724409448818,0.0,2021-10-04T00:00:00+0000,-0.0031344172622010946
2021-08-06T00:00:00+0000,2021-08-07T00:00:00+0000,2020-12-31T23:59:59+0000,XGB_V3_1_Y2021_N2553_P635_SEED42,42836.87,0.2229231483379419,-0.043696057797322,0.016176965818013533,0.00411311985205276,0.0,0.35776151408273066,0.43598205236122767,0.36762651801109314,DEEP_BEAR,4,NONE,,True,True,2553,635,1918,3.0204724409448818,0.0,2021-10-05T00:00:00+0000,-0.04908131709903185
2021-08-07T00:00:00+0000,2021-08-08T00:00:00+0000,2020-12-31T23:59:59+0000,XGB_V3_1_Y2021_N2553_P635_SEED42,44572.54,0.2661461361279793,-0.005911671660822737,0.017336710172520364,0.004759177033946571,0.0,0.4128612449448602,0.4418051590688941,0.34971076250076294,BEAR,3,NONE,,True,True,2553,635,1918,3.0204724409448818,0.0,2021-10-06T00:00:00+0000,-0.08611041686204113
2021-08-08T00:00:00+0000,2021-08-09T00:00:00+0000,2020-12-31T23:59:59+0000,XGB_V3_1_Y2021_N2553_P635_SEED42,43794.37,0.23819495804962276,-0.024173002909793406,0.0205896279918083,0.005476218498044361,-0.017458506964153186,0.3361996026314682,0.422772657679621,0.3719172179698944,DEEP_BEAR,4,NONE,,True,True,2553,635,1918,3.0204724409448818,0.0,2021-10-07T00:00:00+0000,-0.06987176662205674
2021-08-09T00:00:00+0000,2021-08-10T00:00:00+0000,2020-12-31T23:59:59+0000,XGB_V3_1_Y2021_N2553_P635_SEED42,46253.4,0.29988844713666984,0.028853556181387408,0.023470966939682203,0.007149949377590836,0.0,0.4541359716166231,0.39837212784164594,0.30275958776474,BEAR,3,NONE,,True,True,2553,635,1918,3.0204724409448818,0.0,2021-10-08T00:00:00+0000,-0.11932139042751455
2021-08-10T00:00:00+0000,2021-08-11T00:00:00+0000,2020-12-31T23:59:59+0000,XGB_V3_1_Y2021_N2553_P635_SEED42,45584.99,0.27111835267486883,0.012562095561833297,0.02906609283705608,0.00856961262153444,-0.014451045760960346,0.3790763515050037,0.3804444172495449,0.34559911489486694,BEAR,3,NONE,,True,True,2553,635,1918,3.0204724409448818,0.0,2021-10-09T00:00:00+0000,-0.10640805229967143
2021-08-11T00:00:00+0000,2021-08-12T00:00:00+0000,2020-12-31T23:59:59+0000,XGB_V3_1_Y2021_N2553_P635_SEED42,45511.0,0.2599197537062987,0.009412630273817557,0.0339764140263239,0.010154897773732019,-0.016050711947662277,0.35179691662974094,0.35165639791057884,0.34559911489486694,BEAR,3,NONE,,True,True,2553,635,1918,3.0204724409448818,0.0,2021-10-10T00:00:00+0000,-0.10495528553536515
2021-08-12T00:00:00+0000,2021-08-13T00:00:00+0000,2020-12-31T23:59:59+0000,XGB_V3_1_Y2021_N2553_P635_SEED42,44399.0,0.2218823001199639,-0.016574892708700606,0.04003826237634622,0.011328356194219014,-0.0400921878175442,0.25572894722252404,0.3201722307556535,0.43119797110557556,BEAR,3,NONE,,True,True,2553,635,1918,3.0204724409448818,0.0,2021-10-11T00:00:00+0000,-0.08253834545823113
2021-08-13T00:00:00+0000,2021-08-14T00:00:00+0000,2020-12-31T23:59:59+0000,XGB_V3_1_Y2021_N2553_P635_SEED42,47800.0,0.3060359577492011,0.056936579859385716,0.048945070342601316,0.013034519145259882,0.0,0.4735007905719462,0.3080140599704726,0.3472031354904175,BEAR,3,NONE,,True,True,2553,635,1918,3.0204724409448818,0.0,2021-10-12T00:00:00+0000,-0.14781631799163186
2021-08-14T00:00:00+0000,2021-08-15T00:00:00+0000,2020-12-31T23:59:59+0000,XGB_V3_1_Y2021_N2553_P635_SEED42,47068.51,0.2752590360137779,0.03908480967750738,0.058075860374043886,0.014827590387051393,-0.015303138075313805,0.3887381650696786,0.2899699698863725,0.42677512764930725,BEAR,3,NONE,,True,True,2553,635,1918,3.0204724409448818,0.0,2021-10-13T00:00:00+0000,-0.1345725624201829
2021-08-15T00:00:00+0000,2021-08-16T00:00:00+0000,2020-12-31T23:59:59+0000,XGB_V3_1_Y2021_N2553_P635_SEED42,46973.82,0.2626426293826316,0.03509693903756528,0.06496368430631771,0.016937931822903485,-0.017284100418409998,0.3493436897828921,0.28009475299696385,0.41364777088165283,BEAR,3,NONE,,True,True,2553,635,1918,3.0204724409448818,0.0,2021-10-14T00:00:00+0000,-0.1328280305923598
2021-08-16T00:00:00+0000,2021-08-17T00:00:00+0000,2020-12-31T23:59:59+0000,XGB_V3_1_Y2021_N2553_P635_SEED42,45901.29,0.22642831612260994,0.010067936701472657,0.06847448888411822,0.018470937990854974,-0.03972196652719662,0.2352469019598638,0.2753081958243274,0.4322822391986847,BEAR,3,NONE,,True,True,2553,635,1918,3.0204724409448818,0.0,2021-10-15T00:00:00+0000,-0.11256568170524195
2021-08-17T00:00:00+0000,2021-08-18T00:00:00+0000,2020-12-31T23:59:59+0000,XGB_V3_1_Y2021_N2553_P635_SEED42,44695.95,0.18774839245212993,-0.017584712609291953,0.06895684309721539,0.019649092803450063,-0.06493828451882855,0.11671034237928458,0.2674325150950463,0.44216829538345337,BEAR,3,NONE,,True,True,2553,635,1918,3.0204724409448818,0.0,2021-10-16T00:00:00+0000,-0.08863375764470827
2021-08-18T00:00:00+0000,2021-08-19T00:00:00+0000,2020-12-31T23:59:59+0000,XGB_V3_1_Y2021_N2553_P635_SEED42,44705.29,0.18247020727381957,-0.01850580103712296,0.06890585785894165,0.02060579747400615,-0.06474288702928865,0.10042187935623106,0.25769991453592345,0.44216829538345337,BEAR,3,NONE,,True,True,2553,635,1918,3.0204724409448818,0.0,2021-10-17T00:00:00+0000,-0.0888241637622752
2021-08-19T00:00:00+0000,2021-08-20T00:00:00+0000,2020-12-31T23:59:59+0000,XGB_V3_1_Y2021_N2553_P635_SEED42,46760.62,0.22921614561885795,0.025080510254154254,0.06909039155489527,0.02135872965579866,-0.021744351464435097,0.25734402125766936,0.2621610945935513,0.4393764138221741,BEAR,3,NONE,,True,True,2553,635,1918,3.0204724409448818,0.0,2021-10-18T00:00:00+0000,-0.12887425359201832
2021-08-20T00:00:00+0000,2021-08-21T00:00:00+0000,2020-12-31T23:59:59+0000,XGB_V3_1_Y2021_N2553_P635_SEED42,49322.47,0.2858670840940456,0.07937224223684769,0.06957898994964418,0.022279008572072545,0.0,0.4192681830344644,0.2765194769340779,0.16940133273601532,BEAR,3,NONE,,True,True,2553,635,1918,3.0204724409448818,0.0,2021-10-19T00:00:00+0000,-0.17412124737467538
2021-08-21T00:00:00+0000,2021-08-22T00:00:00+0000,2020-12-31T23:59:59+0000,XGB_V3_1_Y2021_N2553_P635_SEED42,48821.87,0.26291538255570934,0.06685804227636538,0.07020423135595988,0.023489695336618377,-0.01014953225173032,0.343056874244013,0.27256515146271887,0.3363487422466278,BEAR,3,NONE,,True,True,2553,635,1918,3.0204724409448818,0.0,2021-10-20T00:00:00+0000,-0.1656530157488848
2021-08-22T00:00:00+0000,2021-08-23T00:00:00+0000,2020-12-31T23:59:59+0000,XGB_V3_1_Y2021_N2553_P635_SEED42,49239.22,0.2641820026987376,0.07461362109683889,0.07190857833643505,0.024788780845886427,-0.0016878716739043842,0.34961253017911054,0.25894013735406224,0.22007277607917786,BEAR,3,NONE,,True,True,2553,635,1918,3.0204724409448818,0.0,2021-10-21T00:00:00+0000,-0.17272491318912042
2021-08-23T00:00:00+0000,2021-08-24T00:00:00+0000,2020-12-31T23:59:59+0000,XGB_V3_1_Y2021_N2553_P635_SEED42,49488.85,0.2613921215160171,0.0785842771397538,0.0719745760373669,0.02602438084441605,0.0,0.36294863383204434,0.2273960620161879,0.17895685136318207,BEAR,3,NONE,,True,True,2553,635,1918,3.0204724409448818,0.0,2021-10-22T00:00:00+0000,-0.1768978264801061
2021-08-24T00:00:00+0000,2021-08-25T00:00:00+0000,2020-12-31T23:59:59+0000,XGB_V3_1_Y2021_N2553_P635_SEED42,47674.01,0.20653391860617698,0.03796936491997949,0.0705577670830122,0.02664561397596743,-0.03667169473527865,0.1746225740158053,0.19381527467298124,0.38512903451919556,BEAR,3,NONE,,True,True,2553,635,1918,3.0204724409448818,0.0,2021-10-23T00:00:00+0000,-0.1455642183235688
2021-08-25T00:00:00+0000,2021-08-26T00:00:00+0000,2020-12-31T23:59:59+0000,XGB_V3_1_Y2021_N2553_P635_SEED42,48973.32,0.23023007093813974,0.06512350093500219,0.07003449139794449,0.02716148447563249,-0.010417093951465839,0.31238827191554785,0.16890029389747171,0.3152385354042053,BEAR,3,NONE,,True,True,2553,635,1918,3.0204724409448818,0.0,2021-10-24T00:00:00+0000,-0.16823323393227174
2021-08-26T00:00:00+0000,2021-08-27T00:00:00+0000,2020-12-31T23:59:59+0000,XGB_V3_1_Y2021_N2553_P635_SEED42,46843.87,0.16911229294838792,0.017919088269828798,0.07056691581307462,0.02734834200337133,-0.05344597823550146,0.01757038942199689,0.15185079117513398,0.37908583879470825,BEAR,3,NONE,,True,True,2553,635,1918,3.0204724409448818,0.0,2021-10-25T00:00:00+0000,-0.13042240105268854
2021-08-27T00:00:00+0000,2021-08-28T00:00:00+0000,2020-12-31T23:59:59+0000,XGB_V3_1_Y2021_N2553_P635_SEED42,49069.9,0.21484866475307607,0.06597867027729265,0.07336955055838601,0.026654345045171945,-0.008465543248630691,0.29987238906850705,0.1510106493662768,0.2940128743648529,BEAR,3,NONE,,True,True,2553,635,1918,3.0204724409448818,0.0,2021-10-26T00:00:00+0000,-0.1698703278384509
2021-08-28T00:00:00+0000,2021-08-29T00:00:00+0000,2020-12-31T23:59:59+0000,XGB_V3_1_Y2021_N2553_P635_SEED42,48895.35,0.20155565977345846,0.061901339013037626,0.07635357257600628,0.02597773617620769,-0.011992600353412985,0.25477950825771056,0.14105288292940021,0.3038632571697235,BEAR,3,NONE,,True,True,2553,635,1918,3.0204724409448818,0.0,2021-10-27T00:00:00+0000,-0.166906873557506
2021-08-29T00:00:00+0000,2021-08-30T00:00:00+0000,2020-12-31T23:59:59+0000,XGB_V3_1_Y2021_N2553_P635_SEED42,48767.83,0.18949785444259537,0.058676606515710494,0.07774933507937876,0.024660548744918964,-0.014569342387224515,0.21433650944297739,0.1422566019710852,0.33524784445762634,BEAR,3,NONE,,True,True,2553,635,1918,3.0204724409448818,0.0,2021-10-28T00:00:00+0000,-0.16472846956692566
2021-08-30T00:00:00+0000,2021-08-31T00:00:00+0000,2020-12-31T23:59:59+0000,XGB_V3_1_Y2021_N2553_P635_SEED42,46982.91,0.13889271055006303,0.020037898378694186,0.07549491424105392,0.023112537332154792,-0.050636456494745685,-0.06286619980385764,0.138224574390931,0.36102333664894104,BEAR,3,NONE,,True,True,2553,635,1918,3.0204724409448818,0.0,2021-10-29T00:00:00+0000,-0.1329958063474571
2021-08-31T00:00:00+0000,2021-09-01T00:00:00+0000,2020-12-31T23:59:59+0000,XGB_V3_1_Y2021_N2553_P635_SEED42,47100.89,0.1340475832944379,0.022620068528123483,0.07437941610585885,0.021567712965002928,-0.048252485155747205,-0.05899901101918898,0.1332978708551633,0.36102333664894104,BEAR,3,NONE,,True,True,2553,635,1918,3.0204724409448818,0.0,2021-10-30T00:00:00+0000,-0.13516750957359835
2021-09-01T00:00:00+0000,2021-09-02T00:00:00+0000,2020-12-31T23:59:59+0000,XGB_V3_1_Y2021_N2553_P635_SEED42,48810.52,0.1661799862299047,0.05954773483795561,0.07459864640831015,0.02037782123234,-0.01370672383779381,0.19383437629325162,0.1206823129750183,0.2686637341976166,BEAR,3,NONE,,True,True,2553,635,1918,3.0204724409448818,0.0,2021-10-31T00:00:00+0000,-0.16545900350989906
2021-09-02T00:00:00+0000,2021-09-03T00:00:00+0000,2020-12-31T23:59:59+0000,XGB_V3_1_Y2021_N2553_P635_SEED42,49246.64,0.16743621173366008,0.06893715118139943,0.07519242679376781,0.018698028439702474,-0.004894233751642996,0.25020499100232835,0.1237897734758439,0.28557950258255005,BEAR,3,NONE,,True,True,2553,635,1918,3.0204724409448818,0.0,2021-11-01T00:00:00+0000,-0.1728495588734582
2021-09-03T00:00:00+0000,2021-09-04T00:00:00+0000,2020-12-31T23:59:59+0000,XGB_V3_1_Y2021_N2553_P635_SEED42,49999.14,0.17517939504287372,0.08502487651653867,0.07675331746774705,0.017286741796009863,0.0,0.3373477848674276,0.12902169260000088,0.16416428983211517,BEAR,3,NONE,,True,True,2553,635,1918,3.0204724409448818,0.0,2021-11-02T00:00:00+0000,-0.18529838713225877
2021-09-04T00:00:00+0000,2021-09-05T00:00:00+0000,2020-12-31T23:59:59+0000,XGB_V3_1_Y2021_N2553_P635_SEED42,49915.64,0.16308470220072802,0.08312092822735595,0.07808273725856663,0.01551148970048044,-0.001670028724494066,0.2919345587377252,0.13220109579214281,0.16416428983211517,BEAR,3,NONE,,True,True,2553,635,1918,3.0204724409448818,0.0,2021-11-03T00:00:00+0000,-0.18393553603640067
2021-09-05T00:00:00+0000,2021-09-06T00:00:00+0000,2020-12-31T23:59:59+0000,XGB_V3_1_Y2021_N2553_P635_SEED42,51756.88,0.19472032711161513,0.12311826057024433,0.08119815384766826,0.014070838965399624,0.0,0.5007265023764194,0.1405639517691385,0.08303546160459518,BEAR,3,NONE,,True,True,2553,635,1918,3.0204724409448818,0.0,2021-11-04T00:00:00+0000,-0.2129668558073825
2021-09-06T00:00:00+0000,2021-09-07T00:00:00+0000,2020-12-31T23:59:59+0000,XGB_V3_1_Y2021_N2553_P635_SEED42,52663.9,0.20404785635658018,0.14266271178571,0.08286988590252786,0.013029054445900412,0.0,0.5657183089634391,0.14184053142613723,0.09014640003442764,BEAR,3,NONE,,True,True,2553,635,1918,3.0204724409448818,0.0,2021-11-05T00:00:00+0000,-0.2265217729792135
2021-09-07T00:00:00+0000,2021-09-08T00:00:00+0000,2020-12-31T23:59:59+0000,XGB_V3_1_Y2021_N2553_P635_SEED42,46863.73,0.06364585810616519,0.01781331024052557,0.08271993530700561,0.010875211207734159,-0.11013559573066178,-0.32648005077744335,0.12513641545446125,0.3341248631477356,BEAR,3,NONE,,True,True,2553,635,1918,3.0204724409448818,0.0,2021-11-06T00:00:00+0000,-0.13079091228973894
2021-09-08T00:00:00+0000,2021-09-09T00:00:00+0000,2020-12-31T23:59:59+0000,XGB_V3_1_Y2021_N2553_P635_SEED42,46048.31,0.037482007024810526,0.0011682311847815985,0.08258836201271902,0.008287425993075637,-0.12561906733075223,-0.43803618985443993,0.12979750544422386,0.34396281838417053,BEAR,3,NONE,,True,True,2553,635,1918,3.0204724409448818,0.0,2021-11-07T00:00:00+0000,-0.11539902333006358
2021-09-09T00:00:00+0000,2021-09-10T00:00:00+0000,2020-12-31T23:59:59+0000,XGB_V3_1_Y2021_N2553_P635_SEED42,46395.14,0.038626732885101545,0.009918030134519862,0.0828190655140395,0.005339605044451856,-0.1190333416249082,-0.3428159476793777,0.13679388299965503,0.34463149309158325,BEAR,3,NONE,,True,True,2553,635,1918,3.0204724409448818,0.0,2021-11-08T00:00:00+0000,-0.12201191762757913
2021-09-10T00:00:00+0000,2021-09-11T00:00:00+0000,2020-12-31T23:59:59+0000,XGB_V3_1_Y2021_N2553_P635_SEED42,44850.91,-0.0015593434415951402,-0.02271390687536079,0.08156136650353907,0.002863362875173525,-0.1483557047617058,-0.48744737630558865,0.15354483041472283,0.34396281838417053,BEAR,3,NONE,,True,True,2553,635,1918,3.0204724409448818,0.0,2021-11-09T00:00:00+0000,-0.09178253016493998
2021-09-11T00:00:00+0000,2021-09-12T00:00:00+0000,2020-12-31T23:59:59+0000,XGB_V3_1_Y2021_N2553_P635_SEED42,45173.69,0.0004859346623053984,-0.015281834773202774,0.078764706057467,0.0011860602828137612,-0.1422266486150855,-0.3907755798459933,0.1644507520733765,0.3391380310058594,BEAR,3,NONE,,True,True,2553,635,1918,3.0204724409448818,0.0,2021-11-10T00:00:00+0000,-0.09827202515446498
2021-09-12T00:00:00+0000,2021-09-13T00:00:00+0000,2020-12-31T23:59:59+0000,XGB_V3_1_Y2021_N2553_P635_SEED42,46025.24,0.014060138755928708,0.0036800596148609532,0.07594211122095129,-0.0005812590648464067,-0.12605712831750027,-0.256862983583404,0.16815117103823765,0.3391380310058594,BEAR,3,NONE,,True,True,2553,635,1918,3.0204724409448818,0.0,2021-11-11T00:00:00+0000,-0.11495562000328519
2021-09-13T00:00:00+0000,2021-09-14T00:00:00+0000,2020-12-31T23:59:59+0000,XGB_V3_1_Y2021_N2553_P635_SEED42,44940.73,-0.013988139185244552,-0.019742048284951075,0.07127166314187483,-0.00183439394287499,-0.14665017212929532,-0.35416055551626346,0.1780987937528088,0.3437645137310028,BEAR,3,NONE,,True,True,2553,635,1918,3.0204724409448818,0.0,2021-11-12T00:00:00+0000,-0.09359772304544245
2021-09-14T00:00:00+0000,2021-09-15T00:00:00+0000,2020-12-31T23:59:59+0000,XGB_V3_1_Y2021_N2553_P635_SEED42,47111.52,0.029180424074103373,0.027514209917453014,0.06662141579941427,-0.0028059001444944442,-0.10543047514521342,-0.08937802176995187,0.17799754183431551,0.7531196475028992,BEAR,3,NONE,,True,True,2553,635,1918,3.0204724409448818,0.0,2021-11-13T00:00:00+0000,-0.13536264590911096
2021-09-15T00:00:00+0000,2021-09-16T00:00:00+0000,2020-12-31T23:59:59+0000,XGB_V3_1_Y2021_N2553_P635_SEED42,48121.41,0.04727793345194686,0.049309595940409956,0.060656006462810774,-0.003458954898306943,-0.0862543412090635,0.02176924293740177,0.17670026126015045,0.7645455002784729,BEAR,3,NONE,,True,True,2553,635,1918,3.0204724409448818,0.0,2021-11-14T00:00:00+0000,-0.15350817858412724
2021-09-16T00:00:00+0000,2021-09-17T00:00:00+0000,2020-12-31T23:59:59+0000,XGB_V3_1_Y2021_N2553_P635_SEED42,47737.82,0.035451185966549836,0.04064999944242875,0.05405599851018228,-0.0034680297486293643,-0.0935380782661368,-0.015770772723709952,0.17562674421327545,0.7628552913665771,BEAR,3,NONE,,True,True,2553,635,1918,3.0204724409448818,0.0,2021-11-15T00:00:00+0000,-0.1467063221571493
2021-09-17T00:00:00+0000,2021-09-18T00:00:00+0000,2020-12-31T23:59:59+0000,XGB_V3_1_Y2021_N2553_P635_SEED42,47299.98,0.02272283971428113,0.03136250189512935,0.04969518077269841,-0.003984197288098179,-0.10185193272811166,-0.0586447620657736,0.17506925895322334,0.7616804838180542,BEAR,3,NONE,,True,True,2553,635,1918,3.0204724409448818,0.0,2021-11-16T00:00:00+0000,-0.13880766968611835
2021-09-18T00:00:00+0000,2021-09-19T00:00:00+0000,2020-12-31T23:59:59+0000,XGB_V3_1_Y2021_N2553_P635_SEED42,48292.74,0.041447266729328414,0.05302632980883937,0.0447477387638433,-0.004428394686929682,-0.08300106904350046,0.0631089511269759,0.17444015131835464,0.7837768793106079,BEAR,3,NONE,,True,True,2553,635,1918,3.0204724409448818,0.0,2021-11-17T00:00:00+0000,-0.15651130998158314
2021-09-19T00:00:00+0000,2021-09-20T00:00:00+0000,2020-12-31T23:59:59+0000,XGB_V3_1_Y2021_N2553_P635_SEED42,47241.75,0.016248934559254247,0.030458553571012015,0.04066963017316816,-0.004659114472494674,-0.10295762372327155,-0.06470391344236193,0.17404874782232194,0.767412543296814,BEAR,3,NONE,,True,True,2553,635,1918,3.0204724409448818,0.0,2021-11-18T00:00:00+0000,-0.13774616732021994
2021-09-20T00:00:00+0000,2021-09-21T00:00:00+0000,2020-12-31T23:59:59+0000,XGB_V3_1_Y2021_N2553_P635_SEED42,43015.62,-0.07592254447361824,-0.06117506175295828,0.03626018013703414,-0.0052206362554316765,-0.18320481392376942,-0.4909187902369707,0.1952387585880369,0.7151366472244263,DEEP_BEAR,4,AI_STAGE4_ACCELERATION,risk>=0.70_and_close_below_sma200,True,True,2553,635,1918,3.0204724409448818,0.0,2021-11-19T00:00:00+0000,-0.05303282853995839
2021-09-21T00:00:00+0000,2021-09-22T00:00:00+0000,2020-12-31T23:59:59+0000,XGB_V3_1_Y2021_N2553_P635_SEED42,40734.38,-0.1255250815031188,-0.1101851050782151,0.031666130888236,-0.006269700016404589,-0.2265217729792135,-0.5879181411625276,0.23211869352038902,0.7291735410690308,BEAR,3,NONE,,True,True,2553,635,1918,3.0204724409448818,0.0,2021-11-20T00:00:00+0000,0.007172319794728654
2021-09-22T00:00:00+0000,2021-09-23T00:00:00+0000,2020-12-31T23:59:59+0000,XGB_V3_1_Y2021_N2553_P635_SEED42,43543.61,-0.06735422335793284,-0.04826443474255393,0.02866829236238866,-0.0069212260112200275,-0.173179160677428,-0.29820140992934996,0.23909885075628745,0.7386852502822876,DEEP_BEAR,4,AI_STAGE4_ACCELERATION,risk>=0.70_and_close_below_sma200,True,True,2553,635,1918,3.0204724409448818,0.0,2021-11-21T00:00:00+0000,-0.057805726259260504
2021-09-23T00:00:00+0000,2021-09-24T00:00:00+0000,2020-12-31T23:59:59+0000,XGB_V3_1_Y2021_N2553_P635_SEED42,44865.26,-0.04115832002866737,-0.018722187700415782,0.026609552978050566,-0.007808800111730907,-0.14808322209331248,-0.16099603080224362,0.2350604398927891,0.7612805962562561,BEAR,3,NONE,,True,True,2553,635,1918,3.0204724409448818,0.0,2021-11-22T00:00:00+0000,-0.085561077769303
2021-09-24T00:00:00+0000,2021-09-25T00:00:00+0000,2020-12-31T23:59:59+0000,XGB_V3_1_Y2021_N2553_P635_SEED42,42810.57,-0.08583151370102504,-0.06268126748384173,0.023031873473621678,-0.008930713917089661,-0.18709837288920872,-0.3147170057223247,0.23786232615639755,0.7123268246650696,DEEP_BEAR,4,NONE,,True,True,2553,635,1918,3.0204724409448818,0.0,2021-11-23T00:00:00+0000,-0.04167265233796236
2021-09-25T00:00:00+0000,2021-09-26T00:00:00+0000,2020-12-31T23:59:59+0000,XGB_V3_1_Y2021_N2553_P635_SEED42,42670.64,-0.0887548594883204,-0.0644941222331471,0.019101733205946436,-0.010216895336294773,-0.18975541120198092,-0.30855917876828987,0.2227785516028986,0.7110199928283691,BEAR,3,NONE,,True,True,2553,635,1918,3.0204724409448818,0.0,2021-11-24T00:00:00+0000,-0.038530005643224396
2021-09-26T00:00:00+0000,2021-09-27T00:00:00+0000,2020-12-31T23:59:59+0000,XGB_V3_1_Y2021_N2553_P635_SEED42,43160.9,-0.07772914469837366,-0.052427510772632746,0.015077157064672608,-0.011712990905376919,-0.1804461879959517,-0.2633835769723877,0.18289077466753648,0.7409816980361938,DEEP_BEAR,4,NONE,,True,True,2553,635,1918,3.0204724409448818,0.0,2021-11-25T00:00:00+0000,-0.04945123943198593
2021-09-27T00:00:00+0000,2021-09-28T00:00:00+0000,2020-12-31T23:59:59+0000,XGB_V3_1_Y2021_N2553_P635_SEED42,42147.35,-0.0987525189366032,-0.07308950319526297,0.011167744610508734,-0.01243941764419565,-0.1996918192537963,-0.34380901435050987,0.19098758184065615,0.7455520033836365,BEAR,3,NONE,,True,True,2553,635,1918,3.0204724409448818,0.0,2021-11-26T00:00:00+0000,-0.026592656477809395
2021-09-28T00:00:00+0000,2021-09-29T00:00:00+0000,2020-12-31T23:59:59+0000,XGB_V3_1_Y2021_N2553_P635_SEED42,41026.54,-0.12075366428256162,-0.09612887166141537,0.006258965071232359,-0.013148644475976856,-0.22097413978076064,-0.413559672090614,0.2065457530493527,0.7853630185127258,DEEP_BEAR,4,NONE,,True,True,2553,635,1918,3.0204724409448818,0.0,2021-11-27T00:00:00+0000,0.012132146654336484
2021-09-29T00:00:00+0000,2021-09-30T00:00:00+0000,2020-12-31T23:59:59+0000,XGB_V3_1_Y2021_N2553_P635_SEED42,41524.28,-0.10853491087841594,-0.08317701037122849,0.00200963311511293,-0.014105935005439552,-0.2115228837970603,-0.32237950703105256,0.21487121974325804,0.7904769778251648,BEAR,3,NONE,,True,True,2553,635,1918,3.0204724409448818,0.0,2021-11-28T00:00:00+0000,0.05538494586781506
2021-09-30T00:00:00+0000,2021-10-01T00:00:00+0000,2020-12-31T23:59:59+0000,XGB_V3_1_Y2021_N2553_P635_SEED42,43824.1,-0.05847921683764967,-0.030778415532779935,-7.993589798349632e-05,-0.014763736865077148,-0.16785312139814945,-0.07694730946643108,0.21560195968653706,0.807109534740448,DEEP_BEAR,4,NONE,,True,True,2553,635,1918,3.0204724409448818,0.0,2021-11-29T00:00:00+0000,0.08695672016082479
2021-10-01T00:00:00+0000,2021-10-02T00:00:00+0000,2020-12-31T23:59:59+0000,XGB_V3_1_Y2021_N2553_P635_SEED42,48141.61,0.03261795907874032,0.06558786505384417,0.0008458288008501569,-0.015178034730320089,-0.0858707767559942,0.3397591616811639,0.2257752807662355,0.8188135623931885,BEAR,3,NONE,,True,True,2553,635,1918,3.0204724409448818,0.0,2021-11-30T00:00:00+0000,-0.010525406192273157
2021-10-02T00:00:00+0000,2021-10-03T00:00:00+0000,2020-12-31T23:59:59+0000,XGB_V3_1_Y2021_N2553_P635_SEED42,47634.9,0.021821607724686443,0.055454459231942366,-0.0015128684936942527,-0.01579630108329233,-0.0954923581428645,0.27447616491501486,0.2312118599945296,0.8417363166809082,BEAR,3,NONE,,True,True,2553,635,1918,3.0204724409448818,0.0,2021-12-01T00:00:00+0000,0.011863360687227154
2021-10-03T00:00:00+0000,2021-10-04T00:00:00+0000,2020-12-31T23:59:59+0000,XGB_V3_1_Y2021_N2553_P635_SEED42,48200.01,0.03344217321060139,0.06924472311894259,-0.0032237923383692246,-0.016735716436214187,-0.08476185774315992,0.30113248385734837,0.23968708173258738,0.8293155431747437,BEAR,3,NONE,,True,True,2553,635,1918,3.0204724409448818,0.0,2021-12-02T00:00:00+0000,0.021264103472177665
2021-10-04T00:00:00+0000,2021-10-05T00:00:00+0000,2020-12-31T23:59:59+0000,XGB_V3_1_Y2021_N2553_P635_SEED42,49224.94,0.05439956998180895,0.09300242640284173,-0.003091701853570328,-0.017743775630817415,-0.06530013918452682,0.3698018048919108,0.24988700330971977,0.756852924823761,BEAR,3,NONE,,True,True,2553,635,1918,3.0204724409448818,0.0,2021-12-03T00:00:00+0000,0.045648608205515195
2021-10-05T00:00:00+0000,2021-10-06T00:00:00+0000,2020-12-31T23:59:59+0000,XGB_V3_1_Y2021_N2553_P635_SEED42,51471.99,0.09990652587712234,0.14372919145935392,-0.0006416419226852321,-0.018674568684219794,-0.02263239144841156,0.5068686628616015,0.272347749977041,0.5900595784187317,BEAR,3,NONE,,True,True,2553,635,1918,3.0204724409448818,0.0,2021-12-04T00:00:00+0000,-0.04506373272142761
2021-10-06T00:00:00+0000,2021-10-07T00:00:00+0000,2020-12-31T23:59:59+0000,XGB_V3_1_Y2021_N2553_P635_SEED42,55315.0,0.17668767272382757,0.22950322791719202,0.00449945540998864,-0.019256701588750036,0.0,0.6460512123758926,0.32946901491493885,0.5555849075317383,BEAR,3,NONE,,True,True,2553,635,1918,3.0204724409448818,0.0,2021-12-05T00:00:00+0000,-0.11140793636445812
2021-10-07T00:00:00+0000,2021-10-08T00:00:00+0000,2020-12-31T23:59:59+0000,XGB_V3_1_Y2021_N2553_P635_SEED42,53785.22,0.13974255896626908,0.19597437051527367,0.009090166586580795,-0.019400975858168357,-0.027655789568833078,0.47332215023222085,0.3612462864727682,0.5401511192321777,BEAR,3,NONE,,True,True,2553,635,1918,3.0204724409448818,0.0,2021-12-06T00:00:00+0000,-0.08613425770127925
2021-10-08T00:00:00+0000,2021-10-09T00:00:00+0000,2020-12-31T23:59:59+0000,XGB_V3_1_Y2021_N2553_P635_SEED42,53951.43,0.13979107657281942,0.1996878177055903,0.014433033180510257,-0.0193995344995872,-0.02465099882491184,0.4318140278058882,0.38769779822333067,0.5345689058303833,BEAR,3,NONE,,True,True,2553,635,1918,3.0204724409448818,0.0,2021-12-07T00:00:00+0000,-0.08894963488456187
2021-10-09T00:00:00+0000,2021-10-10T00:00:00+0000,2020-12-31T23:59:59+0000,XGB_V3_1_Y2021_N2553_P635_SEED42,54949.72,0.15812756909095493,0.22180352972277917,0.018617922326623626,-0.019000784974639418,-0.00660363373406847,0.428985734791603,0.4176851771674284,0.5173580050468445,BEAR,3,NONE,,True,True,2553,635,1918,3.0204724409448818,0.0,2021-12-08T00:00:00+0000,-0.10550099254372902
2021-10-10T00:00:00+0000,2021-10-11T00:00:00+0000,2020-12-31T23:59:59+0000,XGB_V3_1_Y2021_N2553_P635_SEED42,54659.0,0.1491727963696543,0.21502122927776135,0.021864355480758935,-0.018170116952635484,-0.011859350989785744,0.3669794865092561,0.43182160500725,0.5173580050468445,BEAR,3,NONE,,True,True,2553,635,1918,3.0204724409448818,0.0,2021-12-09T00:00:00+0000,-0.13014160522512308
2021-10-11T00:00:00+0000,2021-10-12T00:00:00+0000,2020-12-31T23:59:59+0000,XGB_V3_1_Y2021_N2553_P635_SEED42,57471.35,0.20413265380865053,0.27666071503213985,0.02375521875041775,-0.016635638100358507,0.0,0.4429703887284361,0.4443818687455002,0.5187576413154602,BEAR,3,NONE,,True,True,2553,635,1918,3.0204724409448818,0.0,2021-12-10T00:00:00+0000,-0.17975582616381902
2021-10-12T00:00:00+0000,2021-10-13T00:00:00+0000,2020-12-31T23:59:59+0000,XGB_V3_1_Y2021_N2553_P635_SEED42,55996.93,0.1700499093763379,0.2437739647569499,0.02661984409314133,-0.01595576103577734,-0.025654869774244027,0.3343218571703362,0.4523039945520054,0.5431891083717346,BEAR,3,NONE,,True,True,2553,635,1918,3.0204724409448818,0.0,2021-12-11T00:00:00+0000,-0.1581584919030382
2021-10-13T00:00:00+0000,2021-10-14T00:00:00+0000,2020-12-31T23:59:59+0000,XGB_V3_1_Y2021_N2553_P635_SEED42,57367.0,0.1938415067694521,0.2739859467049264,0.030278215611258208,-0.015129130714798267,-0.0018156872946258895,0.35276187163574635,0.4660876713400438,0.5192559361457825,BEAR,3,NONE,,True,True,2553,635,1918,3.0204724409448818,0.0,2021-12-12T00:00:00+0000,-0.1782638102044729
2021-10-14T00:00:00+0000,2021-10-15T00:00:00+0000,2020-12-31T23:59:59+0000,XGB_V3_1_Y2021_N2553_P635_SEED42,57347.94,0.18929941476942602,0.273340643681363,0.03287232664561812,-0.013926001922117015,-0.002147330800477021,0.31715089951835906,0.46383897723717504,0.5223998427391052,BEAR,3,NONE,,True,True,2553,635,1918,3.0204724409448818,0.0,2021-12-13T00:00:00+0000,-0.18562462749315845
2021-10-15T00:00:00+0000,2021-10-16T00:00:00+0000,2020-12-31T23:59:59+0000,XGB_V3_1_Y2021_N2553_P635_SEED42,61672.42,0.27116368413804315,0.36874697434340864,0.03675068949527582,-0.012163243283363823,0.0,0.44188380407480654,0.4765985312454768,0.4773319661617279,BEAR,3,NONE,,True,True,2553,635,1918,3.0204724409448818,0.0,2021-12-14T00:00:00+0000,-0.24272875946817063
2021-10-16T00:00:00+0000,2021-10-17T00:00:00+0000,2020-12-31T23:59:59+0000,XGB_V3_1_Y2021_N2553_P635_SEED42,60875.57,0.24866255903093104,0.35074270649479655,0.03708950176808212,-0.01055339926934773,-0.012920686426769024,0.3670509480694285,0.47551496264931836,0.5103365182876587,BEAR,3,NONE,,True,True,2553,635,1918,3.0204724409448818,0.0,2021-12-15T00:00:00+0000,-0.23281621839434108
2021-10-17T00:00:00+0000,2021-10-18T00:00:00+0000,2020-12-31T23:59:59+0000,XGB_V3_1_Y2021_N2553_P635_SEED42,61528.33,0.2555449485802943,0.3648044138826332,0.03845260155892172,-0.008546760975641443,-0.0023363766169707256,0.35860191300844935,0.46108031991872445,0.46601131558418274,BEAR,3,NONE,,True,True,2553,635,1918,3.0204724409448818,0.0,2021-12-16T00:00:00+0000,-0.24095534528565954
2021-10-18T00:00:00+0000,2021-10-19T00:00:00+0000,2020-12-31T23:59:59+0000,XGB_V3_1_Y2021_N2553_P635_SEED42,62009.84,0.258568915811098,0.3749835102997403,0.04089255372698575,-0.006415647946948266,0.0,0.3538615552829897,0.4283619765080569,0.47309285402297974,BEAR,3,NONE,,True,True,2553,635,1918,3.0204724409448818,1.0,2021-12-17T00:00:00+0000,-0.2560664565494767
2021-10-19T00:00:00+0000,2021-10-20T00:00:00+0000,2020-12-31T23:59:59+0000,XGB_V3_1_Y2021_N2553_P635_SEED42,64280.59,0.29555982347365317,0.42449242707064605,0.04571490658101318,-0.003670261169676503,0.0,0.42563106430925085,0.39717130704045656,0.4029991626739502,BEAR,3,NONE,,True,True,2553,635,1918,3.0204724409448818,1.0,2021-12-18T00:00:00+0000,-0.28234635058576785
2021-10-20T00:00:00+0000,2021-10-21T00:00:00+0000,2020-12-31T23:59:59+0000,XGB_V3_1_Y2021_N2553_P635_SEED42,66001.41,0.32018443590688284,0.4611777823618668,0.051095701224172396,-0.0010121070647037822,0.0,0.46462056336918944,0.38012977474955123,0.09464545547962189,BEAR,3,NONE,,True,True,2553,635,1918,3.0204724409448818,1.0,2021-12-19T00:00:00+0000,-0.3010573561989055
2021-10-21T00:00:00+0000,2021-10-22T00:00:00+0000,2020-12-31T23:59:59+0000,XGB_V3_1_Y2021_N2553_P635_SEED42,62193.15,0.23738564745219692,0.3762602778009625,0.05307769579503874,0.00025477743351975946,-0.05769967641600382,0.261471201392762,0.36337004185416477,0.11610644310712814,BEAR,3,NONE,,True,True,2553,635,1918,3.0204724409448818,1.0,2021-12-20T00:00:00+0000,-0.25825914911851233
2021-10-22T00:00:00+0000,2021-10-23T00:00:00+0000,2020-12-31T23:59:59+0000,XGB_V3_1_Y2021_N2553_P635_SEED42,60688.22,0.2019714494392586,0.3427264727719852,0.05499503888355872,0.0014541937381138403,-0.08050115899039134,0.1697353123609908,0.33213490636637305,0.1499466747045517,BEAR,3,NONE,,True,True,2553,635,1918,3.0204724409448818,0.0,2021-12-21T00:00:00+0000,-0.2398656609140951
2021-10-23T00:00:00+0000,2021-10-24T00:00:00+0000,2020-12-31T23:59:59+0000,XGB_V3_1_Y2021_N2553_P635_SEED42,61286.75,0.2084226727557943,0.3554747720426805,0.05543687017847354,0.0030097158554280856,-0.0714327163616657,0.1835908933903718,0.2983790921488226,0.16165022552013397,BEAR,3,NONE,,True,True,2553,635,1918,3.0204724409448818,0.0,2021-12-22T00:00:00+0000,-0.2472891775138999
2021-10-24T00:00:00+0000,2021-10-25T00:00:00+0000,2020-12-31T23:59:59+0000,XGB_V3_1_Y2021_N2553_P635_SEED42,60852.22,0.1947022540321095,0.34513560370492535,0.05630692414916716,0.00449155378597732,-0.07801636358980824,0.14042613688886377,0.2629574930667824,0.15921112895011902,BEAR,3,NONE,,True,True,2553,635,1918,3.0204724409448818,0.0,2021-12-23T00:00:00+0000,-0.24191426376884861
2021-10-25T00:00:00+0000,2021-10-26T00:00:00+0000,2020-12-31T23:59:59+0000,XGB_V3_1_Y2021_N2553_P635_SEED42,63078.78,0.23293480075583717,0.39358329152161997,0.05451718270493111,0.005779086608362238,-0.04428132671711116,0.2653155482641579,0.24250950673273675,0.14003156125545502,BEAR,3,NONE,,True,True,2553,635,1918,3.0204724409448818,1.0,2021-12-24T00:00:00+0000,-0.26867323686349043
2021-10-26T00:00:00+0000,2021-10-27T00:00:00+0000,2020-12-31T23:59:59+0000,XGB_V3_1_Y2021_N2553_P635_SEED42,60328.81,0.17566131571392885,0.33250710520475235,0.052554468919915553,0.006333619785098721,-0.08594664871553515,0.05834241351341115,0.2340152486084763,0.13873857259750366,BEAR,3,NONE,,True,True,2553,635,1918,3.0204724409448818,0.0,2021-12-25T00:00:00+0000,-0.2353371465473959
2021-10-27T00:00:00+0000,2021-10-28T00:00:00+0000,2020-12-31T23:59:59+0000,XGB_V3_1_Y2021_N2553_P635_SEED42,58413.44,0.13323415884130596,0.2903947403267704,0.05184140714180119,0.00658191245935047,-0.11496678631562574,-0.1029908813090128,0.2168218259448454,0.11687313765287399,BEAR,3,NONE,,True,True,2553,635,1918,3.0204724409448818,0.0,2021-12-26T00:00:00+0000,-0.21026393925781472
2021-10-28T00:00:00+0000,2021-10-29T00:00:00+0000,2020-12-31T23:59:59+0000,XGB_V3_1_Y2021_N2553_P635_SEED42,60575.89,0.16859906416836656,0.3380800551870664,0.05208459127969456,0.0066604235114628985,-0.08220309232787604,0.04204537786001316,0.19675945531973305,0.12363966554403305,BEAR,3,NONE,,True,True,2553,635,1918,3.0204724409448818,0.0,2021-12-27T00:00:00+0000,-0.23845609201944873
2021-10-29T00:00:00+0000,2021-10-30T00:00:00+0000,2020-12-31T23:59:59+0000,XGB_V3_1_Y2021_N2553_P635_SEED42,62253.71,0.19366303290508347,0.3747784935968168,0.05114132734133925,0.006858406157289831,-0.056782120260764235,0.16496240723128675,0.18149059308955037,0.12363966554403305,BEAR,3,NONE,,True,True,2553,635,1918,3.0204724409448818,1.0,2021-12-28T00:00:00+0000,-0.25898070974404586
2021-10-30T00:00:00+0000,2021-10-31T00:00:00+0000,2020-12-31T23:59:59+0000,XGB_V3_1_Y2021_N2553_P635_SEED42,61859.19,0.17841237306674262,0.3663249769535939,0.04999765692271074,0.006404119286302468,-0.0627595683183132,0.10935352270453202,0.15868413022733768,0.12462371587753296,BEAR,3,NONE,,True,True,2553,635,1918,3.0204724409448818,1.0,2021-12-29T00:00:00+0000,-0.25425470330277533
2021-10-31T00:00:00+0000,2021-11-01T00:00:00+0000,2020-12-31T23:59:59+0000,XGB_V3_1_Y2021_N2553_P635_SEED42,61299.8,0.16062513556448743,0.3542175839227615,0.050823087974793735,0.005529241617750369,-0.07123499331302163,0.03323734888605214,0.1500992416257852,0.12363966554403305,BEAR,3,NONE,,True,True,2553,635,1918,3.0204724409448818,0.0,2021-12-30T00:00:00+0000,-0.2474494207158915
2021-11-01T00:00:00+0000,2021-11-02T00:00:00+0000,2020-12-31T23:59:59+0000,XGB_V3_1_Y2021_N2553_P635_SEED42,60911.11,0.14680148172260132,0.34596510311524,0.051957079428321506,0.005171017212647566,-0.07712410992431828,-0.041630774155795226,0.12947481871919767,0.1361471265554428,BEAR,3,NONE,,True,True,2553,635,1918,3.0204724409448818,0.0,2021-12-31T00:00:00+0000,-0.2426471952325282
2021-11-02T00:00:00+0000,2021-11-03T00:00:00+0000,2020-12-31T23:59:59+0000,XGB_V3_1_Y2021_N2553_P635_SEED42,63219.99,0.18213514306472156,0.3966939775540328,0.05448296413435294,0.005207361760449336,-0.0421418269700603,0.23242804910211906,0.1178932360278443,0.09601979702711105,BEAR,3,NONE,,True,True,2553,635,1918,3.0204724409448818,1.0,2022-01-01T00:00:00+0000,-0.27030674949489875
2021-11-03T00:00:00+0000,2021-11-04T00:00:00+0000,2020-12-31T23:59:59+0000,XGB_V3_1_Y2021_N2553_P635_SEED42,62896.48,0.16918400245636822,0.3891033733242062,0.05615274658762104,0.005352944442841512,-0.0470433889215397,0.17407605963906964,0.10085581990607824,0.10436305403709412,BEAR,3,NONE,,True,True,2553,635,1918,3.0204724409448818,1.0,2022-01-02T00:00:00+0000,-0.2665535495786092
2021-11-04T00:00:00+0000,2021-11-05T00:00:00+0000,2020-12-31T23:59:59+0000,XGB_V3_1_Y2021_N2553_P635_SEED42,61395.01,0.13566877306198477,0.3551576835023311,0.056667174235945916,0.005484602706784747,-0.06979244837345144,-0.06445015139542952,0.10103424059388819,0.10838218033313751,BEAR,3,NONE,,True,True,2553,635,1918,3.0204724409448818,0.0,2022-01-03T00:00:00+0000,-0.248616459220383
2021-11-05T00:00:00+0000,2021-11-06T00:00:00+0000,2020-12-31T23:59:59+0000,XGB_V3_1_Y2021_N2553_P635_SEED42,60937.12,0.12172131768730465,0.34426389626564236,0.05865492143619355,0.005835548811685687,-0.07673002743426238,-0.13843607442846353,0.10091523867395849,0.10725502669811249,BEAR,3,NONE,,True,True,2553,635,1918,3.0204724409448818,0.0,2022-01-04T00:00:00+0000,-0.24788027396109302
2021-11-06T00:00:00+0000,2021-11-07T00:00:00+0000,2020-12-31T23:59:59+0000,XGB_V3_1_Y2021_N2553_P635_SEED42,61470.61,0.12566908707352042,0.3552783580349397,0.05940899776294395,0.006084157330946693,-0.06864701829854847,-0.05241304017336825,0.10095583791986334,0.10838218033313751,BEAR,3,NONE,,True,True,2553,635,1918,3.0204724409448818,1.0,2022-01-05T00:00:00+0000,-0.2931397622375962
2021-11-07T00:00:00+0000,2021-11-08T00:00:00+0000,2020-12-31T23:59:59+0000,XGB_V3_1_Y2021_N2553_P635_SEED42,63273.59,0.1523631737252702,0.39357243267780406,0.059250885124342956,0.006768939775418259,-0.04132972310743066,0.22181917356518807,0.10295917191609828,0.0819115936756134,BEAR,3,NONE,,True,True,2553,635,1918,3.0204724409448818,1.0,2022-01-06T00:00:00+0000,-0.3191107063784432
2021-11-08T00:00:00+0000,2021-11-09T00:00:00+0000,2020-12-31T23:59:59+0000,XGB_V3_1_Y2021_N2553_P635_SEED42,67525.83,0.22078691906691716,0.48463723092767763,0.060587660378149666,0.007928845315086752,0.0,0.7037831330909523,0.1260635997615107,0.06743458658456802,BEAR,3,NONE,,True,True,2553,635,1918,3.0204724409448818,1.0,2022-01-07T00:00:00+0000,-0.38443585217686327
2021-11-09T00:00:00+0000,2021-11-10T00:00:00+0000,2020-12-31T23:59:59+0000,XGB_V3_1_Y2021_N2553_P635_SEED42,66947.66,0.1999508072875491,0.46936966096188204,0.06283298562601147,0.00868178864587743,-0.008562205011030555,0.592163739109222,0.1326944097669364,0.07900787144899368,BEAR,3,NONE,,True,True,2553,635,1918,3.0204724409448818,1.0,2022-01-08T00:00:00+0000,-0.37911974817342387
2021-11-10T00:00:00+0000,2021-11-11T00:00:00+0000,2020-12-31T23:59:59+0000,XGB_V3_1_Y2021_N2553_P635_SEED42,64882.43,0.15295371983955452,0.4217274163089335,0.06548697793282776,0.009877717921749296,-0.03914650142027132,0.31155310446901874,0.13816217782687598,0.11328252404928207,BEAR,3,NONE,,True,True,2553,635,1918,3.0204724409448818,1.0,2022-01-09T00:00:00+0000,-0.35935691681091475
2021-11-11T00:00:00+0000,2021-11-12T00:00:00+0000,2020-12-31T23:59:59+0000,XGB_V3_1_Y2021_N2553_P635_SEED42,64774.26,0.14241168123830383,0.41691872212425296,0.06750902805885328,0.01144127663655059,-0.04074840694294313,0.2701694260233961,0.14027165657803214,0.11328252404928207,BEAR,3,NONE,,True,True,2553,635,1918,3.0204724409448818,1.0,2022-01-10T00:00:00+0000,-0.3582870726736206
2021-11-12T00:00:00+0000,2021-11-13T00:00:00+0000,2020-12-31T23:59:59+0000,XGB_V3_1_Y2021_N2553_P635_SEED42,64122.23,0.12328190705304931,0.401104792578413,0.06741317633917965,0.012191873729385128,-0.050404415613995446,0.17831201682011813,0.14088052472400164,0.11157754808664322,BEAR,3,NONE,,True,True,2553,635,1918,3.0204724409448818,1.0,2022-01-11T00:00:00+0000,-0.3517617837059004
2021-11-13T00:00:00+0000,2021-11-14T00:00:00+0000,2020-12-31T23:59:59+0000,XGB_V3_1_Y2021_N2553_P635_SEED42,64380.0,0.11933864618490908,0.4052989056638594,0.06916811218923424,0.012679236579505426,-0.046587061573326816,0.18770396430348985,0.14036692849238608,0.10215304791927338,BEAR,3,NONE,,True,True,2553,635,1918,3.0204724409448818,1.0,2022-01-12T00:00:00+0000,-0.3543572538055296
2021-11-14T00:00:00+0000,2021-11-15T00:00:00+0000,2020-12-31T23:59:59+0000,XGB_V3_1_Y2021_N2553_P635_SEED42,65519.1,0.13016430472249407,0.4284994123869146,0.07237071800917394,0.013298740059357606,-0.0297179612601578,0.29230248134186204,0.14532608602233224,0.10482989251613617,BEAR,3,NONE,,True,True,2553,635,1918,3.0204724409448818,1.0,2022-01-13T00:00:00+0000,-0.3655822500614324
2021-11-15T00:00:00+0000,2021-11-16T00:00:00+0000,2020-12-31T23:59:59+0000,XGB_V3_1_Y2021_N2553_P635_SEED42,63606.74,0.08949246229725238,0.3852866525765637,0.07468690300928915,0.014164168409523281,-0.058038383237940305,0.06704514610779413,0.14048957514650015,0.10000654309988022,BEAR,3,NONE,,True,True,2553,635,1918,3.0204724409448818,1.0,2022-01-14T00:00:00+0000,-0.3465082473964236
2021-11-16T00:00:00+0000,2021-11-17T00:00:00+0000,2020-12-31T23:59:59+0000,XGB_V3_1_Y2021_N2553_P635_SEED42,60058.87,0.02244880510513303,0.3076811271751043,0.07566936944939595,0.014577208721314294,-0.11057931461190484,-0.3673846679701458,0.13099957221345077,0.09004446119070053,BEAR,3,NONE,,True,True,2553,635,1918,3.0204724409448818,1.0,2022-01-15T00:00:00+0000,-0.3079043944716242
2021-11-17T00:00:00+0000,2021-11-18T00:00:00+0000,2020-12-31T23:59:59+0000,XGB_V3_1_Y2021_N2553_P635_SEED42,60344.87,0.02060462517330275,0.3135444309461475,0.07683637867105397,0.014793980088920966,-0.10634389832749924,-0.3290531700791646,0.13195222733180828,0.09004446119070053,BEAR,3,NONE,,True,True,2553,635,1918,3.0204724409448818,1.0,2022-01-16T00:00:00+0000,-0.31118452985315903
2021-11-18T00:00:00+0000,2021-11-19T00:00:00+0000,2020-12-31T23:59:59+0000,XGB_V3_1_Y2021_N2553_P635_SEED42,56891.62,-0.04277548801597453,0.2383342882971793,0.07449506550523788,0.01456036862697041,-0.1574835881321266,-0.5976296941699114,0.15780794905904258,0.0871877446770668,BEAR,3,NONE,,True,True,2553,635,1918,3.0204724409448818,1.0,2022-01-17T00:00:00+0000,-0.26937429449187766
2021-11-19T00:00:00+0000,2021-11-20T00:00:00+0000,2020-12-31T23:59:59+0000,XGB_V3_1_Y2021_N2553_P635_SEED42,58052.24,-0.027901880399591517,0.2634755829809694,0.0703773718914178,0.014850119327221911,-0.14029579495727784,-0.4262604394792358,0.171315919427762,0.09415671974420547,BEAR,3,NONE,,True,True,2553,635,1918,3.0204724409448818,1.0,2022-01-18T00:00:00+0000,-0.2839814622140333
2021-11-20T00:00:00+0000,2021-11-21T00:00:00+0000,2020-12-31T23:59:59+0000,XGB_V3_1_Y2021_N2553_P635_SEED42,59707.51,-0.004041820551763942,0.29858203336963696,0.06530171299191978,0.015754982323028743,-0.11578265679962763,-0.25866335316618044,0.17544176480282483,0.09587251394987106,BEAR,3,NONE,,True,True,2553,635,1918,3.0204724409448818,1.0,2022-01-19T00:00:00+0000,-0.3038316285505793
2021-11-21T00:00:00+0000,2021-11-22T00:00:00+0000,2020-12-31T23:59:59+0000,XGB_V3_1_Y2021_N2553_P635_SEED42,58622.02,-0.0257196301728575,0.2748092474729553,0.06119941513920768,0.01613839208041168,-0.13185783869668843,-0.33361843931639756,0.18289512954904033,0.09377695620059967,BEAR,3,NONE,,True,True,2553,635,1918,3.0204724409448818,1.0,2022-01-20T00:00:00+0000,-0.3060472839386973
2021-11-22T00:00:00+0000,2021-11-23T00:00:00+0000,2020-12-31T23:59:59+0000,XGB_V3_1_Y2021_N2553_P635_SEED42,56247.18,-0.06768254947494878,0.22318486151750583,0.0568590887229623,0.01591060478445061,-0.16702719537101585,-0.4634729211590984,0.20280993185837434,0.07663240283727646,BEAR,3,NONE,,True,True,2553,635,1918,3.0204724409448818,1.0,2022-01-21T00:00:00+0000,-0.35205089392926014
2021-11-23T00:00:00+0000,2021-11-24T00:00:00+0000,2020-12-31T23:59:59+0000,XGB_V3_1_Y2021_N2553_P635_SEED42,57541.27,-0.04885477236783686,0.25129609798991814,0.05182414488151932,0.015611425220028563,-0.1478628252329517,-0.32459185630057513,0.2129984019000938,0.09412837028503418,BEAR,3,NONE,,True,True,2553,635,1918,3.0204724409448818,1.0,2022-01-22T00:00:00+0000,-0.3904997230683299
2021-11-24T00:00:00+0000,2021-11-25T00:00:00+0000,2020-12-31T23:59:59+0000,XGB_V3_1_Y2021_N2553_P635_SEED42,57138.29,-0.05728189956710017,0.2427657947557631,0.04548800973555389,0.014833289376523506,-0.15383061563256606,-0.3238541664260603,0.2237521371241077,0.10154451429843903,BEAR,3,NONE,,True,True,2553,635,1918,3.0204724409448818,1.0,2022-01-23T00:00:00+0000,-0.3862010921222879
2021-11-25T00:00:00+0000,2021-11-26T00:00:00+0000,2020-12-31T23:59:59+0000,XGB_V3_1_Y2021_N2553_P635_SEED42,58960.36,-0.02838851473908821,0.28229573449451206,0.039414040683689144,0.01431894896660868,-0.12684731161394092,-0.18207752783716116,0.22708419731239088,0.1120510995388031,BEAR,3,NONE,,True,True,2553,635,1918,3.0204724409448818,1.0,2022-01-24T00:00:00+0000,-0.4051695071061303
2021-11-26T00:00:00+0000,2021-11-27T00:00:00+0000,2020-12-31T23:59:59+0000,XGB_V3_1_Y2021_N2553_P635_SEED42,53726.53,-0.11462000287591578,0.1687336770990404,0.03305513542984184,0.013524412750921755,-0.2043558738929977,-0.4759619712040816,0.2540345752683387,0.10786440968513489,BEAR,3,NONE,,True,True,2553,635,1918,3.0204724409448818,1.0,2022-01-25T00:00:00+0000,-0.3472234294677137
2021-11-27T00:00:00+0000,2021-11-28T00:00:00+0000,2020-12-31T23:59:59+0000,XGB_V3_1_Y2021_N2553_P635_SEED42,54721.03,-0.09845993395928154,0.190619808773957,0.02656489122538397,0.01225103666011762,-0.18962817635858753,-0.36512619845529426,0.26930286685864646,0.09829527139663696,BEAR,3,NONE,,True,True,2553,635,1918,3.0204724409448818,1.0,2022-01-26T00:00:00+0000,-0.35908699086987217
2021-11-28T00:00:00+0000,2021-11-29T00:00:00+0000,2020-12-31T23:59:59+0000,XGB_V3_1_Y2021_N2553_P635_SEED42,57274.88,-0.05710713435739012,0.24515106397843267,0.02203871890321185,0.011329231339329837,-0.1518078341280663,-0.18931267961788625,0.2546573358217544,0.12044703215360641,BEAR,3,NONE,,True,True,2553,635,1918,3.0204724409448818,1.0,2022-01-27T00:00:00+0000,-0.3876648890403611
2021-11-29T00:00:00+0000,2021-11-30T00:00:00+0000,2020-12-31T23:59:59+0000,XGB_V3_1_Y2021_N2553_P635_SEED42,57776.25,-0.04982850379929804,0.2549451479959166,0.018212614669494087,0.010462668332932301,-0.1443829716717292,-0.13746867956217082,0.23645634966844686,0.11975481361150742,BEAR,3,NONE,,True,True,2553,635,1918,3.0204724409448818,1.0,2022-01-28T00:00:00+0000,-0.3929786027995933
2021-11-30T00:00:00+0000,2021-12-01T00:00:00+0000,2020-12-31T23:59:59+0000,XGB_V3_1_Y2021_N2553_P635_SEED42,56950.56,-0.06324710140826617,0.2360561875318714,0.014110071569793936,0.009599245664243528,-0.15661073695799077,-0.17585965619986743,0.2272047636900448,0.0926121398806572,BEAR,3,NONE,,True,True,2553,635,1918,3.0204724409448818,1.0,2022-01-29T00:00:00+0000,-0.3841777850823591
2021-12-01T00:00:00+0000,2021-12-02T00:00:00+0000,2020-12-31T23:59:59+0000,XGB_V3_1_Y2021_N2553_P635_SEED42,57184.07,-0.05977339612942345,0.23972229573832493,0.01080108634600796,0.009004560646995063,-0.1531526528441043,-0.13926337928534557,0.2140757201142189,0.09825193881988525,BEAR,3,NONE,,True,True,2553,635,1918,3.0204724409448818,1.0,2022-01-30T00:00:00+0000,-0.38669248271415446
2021-12-02T00:00:00+0000,2021-12-03T00:00:00+0000,2020-12-31T23:59:59+0000,XGB_V3_1_Y2021_N2553_P635_SEED42,56480.34,-0.07107335193212672,0.22313345633510595,0.007810642756426178,0.008986737854998372,-0.16357429445887606,-0.1755400711726334,0.20223257775566092,0.11410952359437943,BEAR,3,NONE,,True,True,2553,635,1918,3.0204724409448818,1.0,2022-01-31T00:00:00+0000,-0.37905083432571407
2021-12-03T00:00:00+0000,2021-12-04T00:00:00+0000,2020-12-31T23:59:59+0000,XGB_V3_1_Y2021_N2553_P635_SEED42,53601.05,-0.11734088129981735,0.159516365679637,0.003801118249689317,0.009053400272462708,-0.20621412576491094,-0.39036067681479003,0.19511784922364597,0.12000161409378052,BEAR,3,NONE,,True,True,2553,635,1918,3.0204724409448818,1.0,2022-02-01T00:00:00+0000,-0.3456952802230554
2021-12-04T00:00:00+0000,2021-12-05T00:00:00+0000,2020-12-31T23:59:59+0000,XGB_V3_1_Y2021_N2553_P635_SEED42,49152.47,-0.1872452416774234,0.06255879496037675,-0.002207046004772728,0.008566454952420033,-0.272093804696662,-0.6918403504745541,0.20339914983792826,0.299308180809021,BEAR,3,NONE,,True,True,2553,635,1918,3.0204724409448818,1.0,2022-02-02T00:00:00+0000,-0.2864769562953805
2021-12-05T00:00:00+0000,2021-12-06T00:00:00+0000,2020-12-31T23:59:59+0000,XGB_V3_1_Y2021_N2553_P635_SEED42,49396.33,-0.18010036204312552,0.06636592567930988,-0.007189179082624619,0.00884613910726384,-0.2684824459025531,-0.5928714587309675,0.21184250702113755,0.33047929406166077,BEAR,3,NONE,,True,True,2553,635,1918,3.0204724409448818,1.0,2022-02-03T00:00:00+0000,-0.28999947971843254
2021-12-06T00:00:00+0000,2021-12-07T00:00:00+0000,2020-12-31T23:59:59+0000,XGB_V3_1_Y2021_N2553_P635_SEED42,50441.92,-0.1596524921475979,0.08777388572570866,-0.010823918297255819,0.00966587882331682,-0.2529981490046106,-0.44216065322603426,0.22485248665385743,0.1926385760307312,BEAR,3,NONE,,True,True,2553,635,1918,3.0204724409448818,1.0,2022-02-04T00:00:00+0000,-0.3047167911134231
2021-12-07T00:00:00+0000,2021-12-08T00:00:00+0000,2020-12-31T23:59:59+0000,XGB_V3_1_Y2021_N2553_P635_SEED42,50588.95,-0.15398360763814378,0.08937799257783108,-0.014837989396434437,0.010837812995856622,-0.25082075999658215,-0.38610094327266004,0.2301490509855877,0.19246283173561096,BEAR,3,NONE,,True,True,2553,635,1918,3.0204724409448818,1.0,2022-02-05T00:00:00+0000,-0.3067375385336125
2021-12-08T00:00:00+0000,2021-12-09T00:00:00+0000,2020-12-31T23:59:59+0000,XGB_V3_1_Y2021_N2553_P635_SEED42,50471.19,-0.15203638541368558,0.08532052360747588,-0.020138962895090318,0.012220495351215943,-0.24610972213218507,-0.3520489036041502,0.24341893776115203,0.21541349589824677,BEAR,3,NONE,,True,True,2553,635,1918,3.0204724409448818,1.0,2022-02-06T00:00:00+0000,-0.30512001004929745
2021-12-09T00:00:00+0000,2021-12-10T00:00:00+0000,2020-12-31T23:59:59+0000,XGB_V3_1_Y2021_N2553_P635_SEED42,47545.59,-0.19620448494851095,0.020994062766111377,-0.0272140036463826,0.013526003886394689,-0.2743247388929335,-0.4845908250525866,0.2691306804913366,0.41523775458335876,BEAR,3,NONE,,True,True,2553,635,1918,3.0204724409448818,1.0,2022-02-07T00:00:00+0000,-0.26236229269633626
2021-12-10T00:00:00+0000,2021-12-11T00:00:00+0000,2020-12-31T23:59:59+0000,XGB_V3_1_Y2021_N2553_P635_SEED42,47140.54,-0.1989753390883423,0.01138989189387174,-0.03199920712830018,0.013716169976765835,-0.2805069056198879,-0.450214288710903,0.28387145566114513,0.41523775458335876,BEAR,3,NONE,,True,True,2553,635,1918,3.0204724409448818,1.0,2022-02-08T00:00:00+0000,-0.2560242203419817
2021-12-11T00:00:00+0000,2021-12-12T00:00:00+0000,2020-12-31T23:59:59+0000,XGB_V3_1_Y2021_N2553_P635_SEED42,49389.99,-0.15751724351376584,0.058395015294052,-0.03609243104140003,0.014788596622710815,-0.24617416905909884,-0.2751488999091424,0.2846160051944714,0.39820075035095215,BEAR,3,NONE,,True,True,2553,635,1918,3.0204724409448818,1.0,2022-02-09T00:00:00+0000,-0.2899083397263291
2021-12-12T00:00:00+0000,2021-12-13T00:00:00+0000,2020-12-31T23:59:59+0000,XGB_V3_1_Y2021_N2553_P635_SEED42,50053.9,-0.14290792200348557,0.07138100823387283,-0.03950621319736236,0.015980381627671125,-0.236041093360562,-0.21006066117095112,0.28797903294610594,0.2534157931804657,BEAR,3,NONE,,True,True,2553,635,1918,3.0204724409448818,1.0,2022-02-10T00:00:00+0000,-0.299326925574231
2021-12-13T00:00:00+0000,2021-12-14T00:00:00+0000,2020-12-31T23:59:59+0000,XGB_V3_1_Y2021_N2553_P635_SEED42,46702.75,-0.19639689715967468,-0.0012224392346819046,-0.04298099143217604,0.016843986313654025,-0.2871887739605703,-0.38095393849697096,0.30026057907919274,0.39955782890319824,BEAR,3,NONE,,True,True,2553,635,1918,3.0204724409448818,0.0,2022-02-11T00:00:00+0000,-0.24905021652900527
2021-12-14T00:00:00+0000,2021-12-15T00:00:00+0000,2020-12-31T23:59:59+0000,XGB_V3_1_Y2021_N2553_P635_SEED42,48343.28,-0.16392896770029142,0.03246182076307336,-0.043891650971587426,0.018413540018821672,-0.23996607906646372,-0.2511716961280174,0.3008606276034064,0.4115560054779053,BEAR,3,NONE,,True,True,2553,635,1918,3.0204724409448818,1.0,2022-02-12T00:00:00+0000,-0.27453370975242064
2021-12-15T00:00:00+0000,2021-12-16T00:00:00+0000,2020-12-31T23:59:59+0000,XGB_V3_1_Y2021_N2553_P635_SEED42,48864.98,-0.15154212841876047,0.042016999000796806,-0.0440537949495694,0.019884502266639625,-0.19023804343268946,-0.19843053159436871,0.2846562082314409,0.44126376509666443,BEAR,3,NONE,,True,True,2553,635,1918,3.0204724409448818,1.0,2022-02-13T00:00:00+0000,-0.2822790472849882
2021-12-16T00:00:00+0000,2021-12-17T00:00:00+0000,2020-12-31T23:59:59+0000,XGB_V3_1_Y2021_N2553_P635_SEED42,47632.38,-0.1698360971988968,0.014435554943105222,-0.044114785607488716,0.021420537959350394,-0.21066397193332265,-0.25592592255321095,0.2924328091813206,0.4356735646724701,BEAR,3,NONE,,True,True,2553,635,1918,3.0204724409448818,1.0,2022-02-14T00:00:00+0000,-0.26370632750242584
2021-12-17T00:00:00+0000,2021-12-18T00:00:00+0000,2020-12-31T23:59:59+0000,XGB_V3_1_Y2021_N2553_P635_SEED42,46131.2,-0.19193087542067866,-0.01846321498010861,-0.045294661016036186,0.022602881290089583,-0.22738027427370533,-0.3190376115588774,0.30235027207523063,0.4297393262386322,BEAR,3,NONE,,True,True,2553,635,1918,3.0204724409448818,0.0,2022-02-15T00:00:00+0000,-0.23974620213651499
2021-12-18T00:00:00+0000,2021-12-19T00:00:00+0000,2020-12-31T23:59:59+0000,XGB_V3_1_Y2021_N2553_P635_SEED42,46834.48,-0.1751559649712613,-0.00457343806406818,-0.04604577142209432,0.022855614714987205,-0.21560152148364586,-0.25099965334426755,0.2916759749443804,0.42869246006011963,BEAR,3,NONE,,True,True,2553,635,1918,3.0204724409448818,1.0,2022-02-16T00:00:00+0000,-0.25116239146884956
2021-12-19T00:00:00+0000,2021-12-20T00:00:00+0000,2020-12-31T23:59:59+0000,XGB_V3_1_Y2021_N2553_P635_SEED42,46681.23,-0.1734359674529049,-0.008790519234303185,-0.04522481043890014,0.022944889162427762,-0.21816820028167305,-0.2443070578306024,0.27011025056819365,0.4242631793022156,BEAR,3,NONE,,True,True,2553,635,1918,3.0204724409448818,0.0,2022-02-17T00:00:00+0000,-0.2487040294353856
2021-12-20T00:00:00+0000,2021-12-21T00:00:00+0000,2020-12-31T23:59:59+0000,XGB_V3_1_Y2021_N2553_P635_SEED42,46914.16,-0.16505804651001998,-0.004654821488408678,-0.04522949399508558,0.022987770043160216,-0.20431015007371045,-0.21152664474675972,0.2449287760883675,0.4242631793022156,BEAR,3,NONE,,True,True,2553,635,1918,3.0204724409448818,1.0,2022-02-18T00:00:00+0000,-0.25243423307589874
2021-12-21T00:00:00+0000,2021-12-22T00:00:00+0000,2020-12-31T23:59:59+0000,XGB_V3_1_Y2021_N2553_P635_SEED42,48889.88,-0.12615662855650445,0.035937242746608034,-0.04565048410426775,0.023139552872037727,-0.17080085671118705,-0.01757229231067797,0.20060456109713215,0.40839365124702454,BEAR,3,NONE,,True,True,2553,635,1918,3.0204724409448818,1.0,2022-02-19T00:00:00+0000,-0.28264458820516636
2021-12-22T00:00:00+0000,2021-12-23T00:00:00+0000,2020-12-31T23:59:59+0000,XGB_V3_1_Y2021_N2553_P635_SEED42,48588.16,-0.12698316813710486,0.028119846410979532,-0.046990137089184314,0.023442042082902903,-0.17591819317249757,-0.011261457678385904,0.1460776042550262,0.41544634103775024,BEAR,3,NONE,,True,True,2553,635,1918,3.0204724409448818,1.0,2022-02-20T00:00:00+0000,-0.2781899952581042
2021-12-23T00:00:00+0000,2021-12-24T00:00:00+0000,2020-12-31T23:59:59+0000,XGB_V3_1_Y2021_N2553_P635_SEED42,50838.81,-0.08256899442057886,0.07403402807046455,-0.046499085538031504,0.023955117212153265,-0.1377459364223692,0.39282932388129277,0.12110230971668151,0.2760073244571686,BEAR,3,NONE,,True,True,2553,635,1918,3.0204724409448818,1.0,2022-02-21T00:00:00+0000,-0.31014474965090644
2021-12-24T00:00:00+0000,2021-12-25T00:00:00+0000,2020-12-31T23:59:59+0000,XGB_V3_1_Y2021_N2553_P635_SEED42,50820.0,-0.07939475694119513,0.07168194020267604,-0.04529701570044875,0.02512393133777091,-0.1380649643251839,0.356473186617556,0.1273277468747617,0.2831153869628906,BEAR,3,NONE,,True,True,2553,635,1918,3.0204724409448818,1.0,2022-02-22T00:00:00+0000,-0.3098894136166864
2021-12-25T00:00:00+0000,2021-12-26T00:00:00+0000,2020-12-31T23:59:59+0000,XGB_V3_1_Y2021_N2553_P635_SEED42,50399.66,-0.0835103176558667,0.06091413698105952,-0.04515564614851775,0.025554975872093655,-0.127675126024967,0.2733413204636062,0.13050934402287878,0.3793598413467407,BEAR,3,NONE,,True,True,2553,635,1918,3.0204724409448818,1.0,2022-02-23T00:00:00+0000,-0.30413379772800064
2021-12-26T00:00:00+0000,2021-12-27T00:00:00+0000,2020-12-31T23:59:59+0000,XGB_V3_1_Y2021_N2553_P635_SEED42,50775.49,-0.07307058551493151,0.0673214803811022,-0.04529538338716965,0.025902038362040747,-0.12117020401981782,0.32574381714174905,0.13212569447810935,0.3793598413467407,BEAR,3,NONE,,True,True,2553,635,1918,3.0204724409448818,1.0,2022-02-24T00:00:00+0000,-0.3092844598840897
2021-12-27T00:00:00+0000,2021-12-28T00:00:00+0000,2020-12-31T23:59:59+0000,XGB_V3_1_Y2021_N2553_P635_SEED42,50701.44,-0.07015421874069305,0.06419615389821587,-0.04486858326381504,0.025939004128605392,-0.1224518725254754,0.31202753423471796,0.13267309046520898,0.3793598413467407,BEAR,3,NONE,,True,True,2553,635,1918,3.0204724409448818,1.0,2022-02-25T00:00:00+0000,-0.3082756623874984
2021-12-28T00:00:00+0000,2021-12-29T00:00:00+0000,2020-12-31T23:59:59+0000,XGB_V3_1_Y2021_N2553_P635_SEED42,47543.74,-0.12162743476843474,-0.0031506035258532794,-0.046719487610460075,0.02560059255598124,-0.17710581770191047,-0.15770510177161448,0.13009155081628204,0.40984922647476196,BEAR,3,NONE,,True,True,2553,635,1918,3.0204724409448818,1.0,2022-02-26T00:00:00+0000,-0.26233359007936696
2021-12-29T00:00:00+0000,2021-12-30T00:00:00+0000,2020-12-31T23:59:59+0000,XGB_V3_1_Y2021_N2553_P635_SEED42,46464.66,-0.13501687020784847,-0.026889536304528394,-0.04884928461670146,0.025353449311658505,-0.1874544781440005,-0.31005713571074095,0.1344267928713393,0.3856894373893738,BEAR,3,NONE,,True,True,2553,635,1918,3.0204724409448818,0.0,2022-02-27T00:00:00+0000,-0.2452022677019482
2021-12-30T00:00:00+0000,2021-12-31T00:00:00+0000,2020-12-31T23:59:59+0000,XGB_V3_1_Y2021_N2553_P635_SEED42,47120.87,-0.11696140696363966,-0.013982878143456223,-0.050301057179486075,0.025304585459225093,-0.17597907948839597,-0.20912098526005993,0.1344969432466389,0.4170984923839569,BEAR,3,NONE,,True,True,2553,635,1918,3.0204724409448818,1.0,2022-02-28T00:00:00+0000,-0.2557136572393507
2021-12-31T00:00:00+0000,2022-01-01T00:00:00+0000,2021-12-31T23:59:59+0000,XGB_V3_1_Y2022_N2918_P706_SEED42,46216.93,-0.12783500428689465,-0.03347454224667956,-0.05285370152005964,0.024699781687608224,-0.1817165052476667,-0.3123839140683926,0.13970173150040865,0.3428471088409424,BEAR,3,NONE,,True,True,2918,706,2212,3.13314447592068,0.0,2022-03-01T00:00:00+0000,-0.2411564333675993
2022-01-01T00:00:00+0000,2022-01-02T00:00:00+0000,2021-12-31T23:59:59+0000,XGB_V3_1_Y2022_N2918_P706_SEED42,47722.65,-0.09381147443721272,-0.002775969591153782,-0.05376685398650738,0.02432515570581839,-0.1096694934147745,-0.07399251490830952,0.13643671049957565,0.39545875787734985,BEAR,3,NONE,,True,True,2918,706,2212,3.13314447592068,1.0,2022-03-02T00:00:00+0000,-0.265099067214415
2022-01-02T00:00:00+0000,2022-01-03T00:00:00+0000,2021-12-31T23:59:59+0000,XGB_V3_1_Y2022_N2918_P706_SEED42,47286.18,-0.09623239745559375,-0.01281834919987912,-0.05581847298220277,0.024385634445329707,-0.06988027453829071,-0.146744820524508,0.13453347257286088,0.4113781750202179,BEAR,3,NONE,,True,True,2918,706,2212,3.13314447592068,1.0,2022-03-03T00:00:00+0000,-0.2583156431752365
2022-01-03T00:00:00+0000,2022-01-04T00:00:00+0000,2021-12-31T23:59:59+0000,XGB_V3_1_Y2022_N2918_P706_SEED42,46446.1,-0.10576900813685297,-0.03120121306546264,-0.059111156905878204,0.02389059632074164,-0.08640465817354892,-0.25437759962045275,0.13861323423179067,0.33667320013046265,DEEP_BEAR,4,NONE,,True,True,2918,706,2212,3.13314447592068,0.0,2022-03-04T00:00:00+0000,-0.24490064827832692
2022-01-04T00:00:00+0000,2022-01-05T00:00:00+0000,2021-12-31T23:59:59+0000,XGB_V3_1_Y2022_N2918_P706_SEED42,45832.01,-0.1115109913890483,-0.04500744709935578,-0.061969806232844094,0.02340137848573698,-0.09848381580922128,-0.31168905044369577,0.14439815151213692,0.33232566714286804,BEAR,3,NONE,,True,True,2918,706,2212,3.13314447592068,0.0,2022-03-05T00:00:00+0000,-0.23478328792474956
2022-01-05T00:00:00+0000,2022-01-06T00:00:00+0000,2021-12-31T23:59:59+0000,XGB_V3_1_Y2022_N2918_P706_SEED42,43451.13,-0.15220719000763572,-0.09536828783224272,-0.06437054193698177,0.022943030237605244,-0.1453157538502573,-0.5426767288211556,0.16705337042882296,0.35776495933532715,DEEP_BEAR,4,NONE,,True,True,2918,706,2212,3.13314447592068,0.0,2022-03-06T00:00:00+0000,-0.19285367262025177
2022-01-06T00:00:00+0000,2022-01-07T00:00:00+0000,2021-12-31T23:59:59+0000,XGB_V3_1_Y2022_N2918_P706_SEED42,43082.31,-0.15370244208107076,-0.10374501316777751,-0.06638778638863041,0.022772929185596258,-0.1525704476560329,-0.5122315400216995,0.18641749479065373,0.35776495933532715,BEAR,3,NONE,,True,True,2918,706,2212,3.13314447592068,0.0,2022-03-07T00:00:00+0000,-0.1859438363448942
2022-01-07T00:00:00+0000,2022-01-08T00:00:00+0000,2021-12-31T23:59:59+0000,XGB_V3_1_Y2022_N2918_P706_SEED42,41566.48,-0.17853306996840357,-0.13617401449874622,-0.06515720700945438,0.022728849253055294,-0.18238684186352894,-0.5617115900206743,0.2180137439103362,0.25502103567123413,DEEP_BEAR,4,NONE,,True,True,2918,706,2212,3.13314447592068,0.0,2022-03-08T00:00:00+0000,-0.15625715720936684
2022-01-08T00:00:00+0000,2022-01-09T00:00:00+0000,2021-12-31T23:59:59+0000,XGB_V3_1_Y2022_N2918_P706_SEED42,41679.74,-0.1709295765844101,-0.13464483432831886,-0.064123693094286,0.022712978452297028,-0.18015901631057063,-0.47480344859316514,0.2430468621904218,0.31629106402397156,BEAR,3,NONE,,True,True,2918,706,2212,3.13314447592068,0.0,2022-03-09T00:00:00+0000,-0.1585499333729049
2022-01-09T00:00:00+0000,2022-01-10T00:00:00+0000,2021-12-31T23:59:59+0000,XGB_V3_1_Y2022_N2918_P706_SEED42,41864.62,-0.16129859169847027,-0.1315444076206227,-0.06458104572716683,0.022749579889027816,-0.17652242450206834,-0.4053373916260125,0.26320992494542406,0.31505295634269714,DEEP_BEAR,4,NONE,,True,True,2918,706,2212,3.13314447592068,0.0,2022-03-10T00:00:00+0000,-0.16226589420852267
2022-01-10T00:00:00+0000,2022-01-11T00:00:00+0000,2021-12-31T23:59:59+0000,XGB_V3_1_Y2022_N2918_P706_SEED42,41822.49,-0.15646467195145797,-0.13306214477052258,-0.0643699352357302,0.02220121833765476,-0.17735112210533643,-0.36258702465251147,0.27802340751835436,0.3196585178375244,BEAR,3,NONE,,True,True,2918,706,2212,3.13314447592068,0.0,2022-03-11T00:00:00+0000,-0.16142200045956134
2022-01-11T00:00:00+0000,2022-01-12T00:00:00+0000,2021-12-31T23:59:59+0000,XGB_V3_1_Y2022_N2918_P706_SEED42,42729.29,-0.13344977923003876,-0.11528703672729501,-0.06367645084395257,0.021966301297180246,-0.1595143552730679,-0.2646222961387189,0.28526846017395435,0.356395959854126,DEEP_BEAR,4,NONE,,True,True,2918,706,2212,3.13314447592068,0.0,2022-03-12T00:00:00+0000,-0.1792182832899869
2022-01-12T00:00:00+0000,2022-01-13T00:00:00+0000,2021-12-31T23:59:59+0000,XGB_V3_1_Y2022_N2918_P706_SEED42,43902.66,-0.10470119632407271,-0.09208442535792949,-0.06277175542922386,0.021569770008946998,-0.13643415335646125,-0.15607460772307205,0.2749912457441766,0.3729695677757263,BEAR,3,NONE,,True,True,2918,706,2212,3.13314447592068,0.0,2022-03-13T00:00:00+0000,-0.20115500974200662
2022-01-13T00:00:00+0000,2022-01-14T00:00:00+0000,2021-12-31T23:59:59+0000,XGB_V3_1_Y2022_N2918_P706_SEED42,42560.11,-0.12688821935721406,-0.12056334640593458,-0.06150198546153651,0.020538588267454472,-0.1628421278940242,-0.240219601428221,0.2654136036611194,0.356395959854126,DEEP_BEAR,4,NONE,,True,True,2918,706,2212,3.13314447592068,0.0,2022-03-14T00:00:00+0000,-0.17595560725759407
2022-01-14T00:00:00+0000,2022-01-15T00:00:00+0000,2021-12-31T23:59:59+0000,XGB_V3_1_Y2022_N2918_P706_SEED42,43059.96,-0.11083309350308646,-0.11102141764452034,-0.06119912196709654,0.019612037375507985,-0.153010072423017,-0.1792196790459604,0.25138152901820643,0.36801138520240784,BEAR,3,NONE,,True,True,2918,706,2212,3.13314447592068,0.0,2022-03-15T00:00:00+0000,-0.18552130563985658
2022-01-15T00:00:00+0000,2022-01-16T00:00:00+0000,2021-12-31T23:59:59+0000,XGB_V3_1_Y2022_N2918_P706_SEED42,43084.29,-0.10640320801992709,-0.11117719909163748,-0.05926783543446246,0.01893124576865768,-0.15253150103238056,-0.15949543068356067,0.22755530299537796,0.34679290652275085,DEEP_BEAR,4,NONE,,True,True,2918,706,2212,3.13314447592068,0.0,2022-03-16T00:00:00+0000,-0.18598124745701983
2022-01-16T00:00:00+0000,2022-01-17T00:00:00+0000,2021-12-31T23:59:59+0000,XGB_V3_1_Y2022_N2918_P706_SEED42,43071.66,-0.10232732689453994,-0.11217282564699649,-0.057464510760792176,0.018273794365541773,-0.15277993328325334,-0.14519658369526814,0.19480334096543442,0.4134976267814636,BEAR,3,NONE,,True,True,2918,706,2212,3.13314447592068,0.0,2022-03-17T00:00:00+0000,-0.18574255090238
2022-01-17T00:00:00+0000,2022-01-18T00:00:00+0000,2021-12-31T23:59:59+0000,XGB_V3_1_Y2022_N2918_P706_SEED42,42201.62,-0.11489911359290572,-0.1308858011789994,-0.0577130355988108,0.018095424190305298,-0.1698936304764017,-0.22394009811460946,0.18818056610545686,0.3859025239944458,DEEP_BEAR,4,NONE,,True,True,2918,706,2212,3.13314447592068,0.0,2022-03-18T00:00:00+0000,-0.1689555993348124
2022-01-18T00:00:00+0000,2022-01-19T00:00:00+0000,2021-12-31T23:59:59+0000,XGB_V3_1_Y2022_N2918_P706_SEED42,42352.12,-0.10595833762458873,-0.12855497820611717,-0.05771165778789311,0.01782834244138276,-0.1669332936785891,-0.18504193052951834,0.18491909695635766,0.3859025239944458,BEAR,3,NONE,,True,True,2918,706,2212,3.13314447592068,0.0,2022-03-19T00:00:00+0000,-0.17190874978631543
2022-01-19T00:00:00+0000,2022-01-20T00:00:00+0000,2021-12-31T23:59:59+0000,XGB_V3_1_Y2022_N2918_P706_SEED42,41660.01,-0.11485445667508287,-0.14341204323393708,-0.05710159399268866,0.017697158244088795,-0.1805471056462572,-0.24809458613769678,0.17754638937022002,0.2725863456726074,DEEP_BEAR,4,NONE,,True,True,2918,706,2212,3.13314447592068,0.0,2022-03-20T00:00:00+0000,-0.1581514262718613
2022-01-20T00:00:00+0000,2022-01-21T00:00:00+0000,2021-12-31T23:59:59+0000,XGB_V3_1_Y2022_N2918_P706_SEED42,40680.91,-0.12955299981657242,-0.16400733237123166,-0.05736900416115298,0.017654587610246297,-0.19980601434219236,-0.3390545875144526,0.17857946128164004,0.15992382168769836,BEAR,3,NONE,,True,True,2918,706,2212,3.13314447592068,0.0,2022-03-21T00:00:00+0000,-0.1378899832870013
2022-01-21T00:00:00+0000,2022-01-22T00:00:00+0000,2021-12-31T23:59:59+0000,XGB_V3_1_Y2022_N2918_P706_SEED42,36445.31,-0.2134380814400989,-0.25126087228352545,-0.06032690289387188,0.017136649472444976,-0.28312031693896844,-0.7186073394222868,0.20492096886424316,0.11589284986257553,DEEP_BEAR,4,NONE,,True,True,2918,706,2212,3.13314447592068,0.0,2022-03-22T00:00:00+0000,-0.03769730590849685
2022-01-22T00:00:00+0000,2022-01-23T00:00:00+0000,2021-12-31T23:59:59+0000,XGB_V3_1_Y2022_N2918_P706_SEED42,35071.42,-0.23698667321840938,-0.2795493291243737,-0.06265731017144649,0.01627664091563341,-0.3098894136166864,-0.7013879204826752,0.238822921882697,0.12019424140453339,BEAR,3,NONE,,True,True,2918,706,2212,3.13314447592068,0.0,2022-03-23T00:00:00+0000,0.033449743409305954
2022-01-23T00:00:00+0000,2022-01-24T00:00:00+0000,2021-12-31T23:59:59+0000,XGB_V3_1_Y2022_N2918_P706_SEED42,36244.55,-0.20701025378993088,-0.2556325887211509,-0.06234678579294228,0.015639760136650027,-0.28618020229839236,-0.5127167611261704,0.2518279661975772,0.12570245563983917,DEEP_BEAR,4,NONE,,True,True,2918,706,2212,3.13314447592068,0.0,2022-03-24T00:00:00+0000,0.011472069593911227
2022-01-24T00:00:00+0000,2022-01-25T00:00:00+0000,2021-12-31T23:59:59+0000,XGB_V3_1_Y2022_N2918_P706_SEED42,36660.35,-0.19341795734145795,-0.24738564444298006,-0.06144932473678433,0.014974637105071187,-0.2779912119016478,-0.4252547325194738,0.2570488436983409,0.10383223742246628,BEAR,3,NONE,,True,True,2918,706,2212,3.13314447592068,0.0,2022-03-25T00:00:00+0000,0.004064063763711934
2022-01-25T00:00:00+0000,2022-01-26T00:00:00+0000,2021-12-31T23:59:59+0000,XGB_V3_1_Y2022_N2918_P706_SEED42,36958.32,-0.1820088840617745,-0.24151316857845506,-0.06289922926779157,0.014459956782671757,-0.27105975688264483,-0.35363281048195644,0.2684514890137842,0.10341865569353104,DEEP_BEAR,4,NONE,,True,True,2918,706,2212,3.13314447592068,0.0,2022-03-26T00:00:00+0000,-0.004031027384361674
2022-01-26T00:00:00+0000,2022-01-27T00:00:00+0000,2021-12-31T23:59:59+0000,XGB_V3_1_Y2022_N2918_P706_SEED42,36809.34,-0.18030640335275805,-0.2448268720765926,-0.0640925966341983,0.014014363074528635,-0.2286819780544459,-0.3287086362781123,0.27867936838889057,0.10341865569353104,BEAR,3,NONE,,True,True,2918,706,2212,3.13314447592068,0.0,2022-03-27T00:00:00+0000,0.0023640739008090605
2022-01-27T00:00:00+0000,2022-01-28T00:00:00+0000,2021-12-31T23:59:59+0000,XGB_V3_1_Y2022_N2918_P706_SEED42,37160.1,-0.16756042792744819,-0.23785755764674776,-0.06375866817648168,0.013266635332294996,-0.2213320090145875,-0.27041443079986355,0.28820480639206225,0.09133490175008774,DEEP_BEAR,4,NONE,,True,True,2918,706,2212,3.13314447592068,0.0,2022-03-28T00:00:00+0000,-0.00709739747740179
2022-01-28T00:00:00+0000,2022-01-29T00:00:00+0000,2021-12-31T23:59:59+0000,XGB_V3_1_Y2022_N2918_P706_SEED42,37716.56,-0.15135777005657935,-0.22681183470982658,-0.061811642961471014,0.012782682495750208,-0.20967171772732662,-0.20305492631602653,0.29303752764306074,0.08996991813182831,BEAR,3,NONE,,True,True,2918,706,2212,3.13314447592068,0.0,2022-03-29T00:00:00+0000,-0.021746415897950344
2022-01-29T00:00:00+0000,2022-01-30T00:00:00+0000,2021-12-31T23:59:59+0000,XGB_V3_1_Y2022_N2918_P706_SEED42,38166.84,-0.13774422406622333,-0.21801690858719913,-0.05952899806431067,0.01248664711476355,-0.20023636575085424,-0.14902265271374207,0.29436080676458654,0.09334931522607803,DEEP_BEAR,4,NONE,,True,True,2918,706,2212,3.13314447592068,0.0,2022-03-30T00:00:00+0000,-0.03328753441469079
2022-01-30T00:00:00+0000,2022-01-31T00:00:00+0000,2021-12-31T23:59:59+0000,XGB_V3_1_Y2022_N2918_P706_SEED42,37881.76,-0.13971133314843587,-0.22426003456576016,-0.057811887866972334,0.012259969743410704,-0.20621004910666108,-0.15663271322124797,0.2955997111731066,0.15577606856822968,BEAR,3,NONE,,True,True,2918,706,2212,3.13314447592068,0.0,2022-03-31T00:00:00+0000,-0.026012518953712815
2022-01-31T00:00:00+0000,2022-02-01T00:00:00+0000,2021-12-31T23:59:59+0000,XGB_V3_1_Y2022_N2918_P706_SEED42,38466.9,-0.12180113227517475,-0.212808485428845,-0.05466533584701794,0.011773962169390861,-0.18650861625954984,-0.09088554223047203,0.28987234327127004,0.16048546135425568,DEEP_BEAR,4,NONE,,True,True,2918,706,2212,3.13314447592068,0.0,2022-04-01T00:00:00+0000,-0.04082834852821515
2022-02-01T00:00:00+0000,2022-02-02T00:00:00+0000,2021-12-31T23:59:59+0000,XGB_V3_1_Y2022_N2918_P706_SEED42,38694.59,-0.11336095539764013,-0.20874089990504374,-0.05052798188579177,0.011314335342499815,-0.16689259162771475,-0.05151144259196407,0.2734083112960131,0.18297600746154785,BEAR,3,NONE,,True,True,2918,706,2212,3.13314447592068,0.0,2022-04-02T00:00:00+0000,-0.046472388000493026
2022-02-02T00:00:00+0000,2022-02-03T00:00:00+0000,2021-12-31T23:59:59+0000,XGB_V3_1_Y2022_N2918_P706_SEED42,36896.36,-0.15010678314819914,-0.24592710931267903,-0.050174074185721174,0.011048561834415382,-0.1949652655425761,-0.19760223913370406,0.26856478389424193,0.15881261229515076,DEEP_BEAR,4,NONE,,True,True,2918,706,2212,3.13314447592068,0.0,2022-04-03T00:00:00+0000,0.0030301092031843613
2022-02-03T00:00:00+0000,2022-02-04T00:00:00+0000,2021-12-31T23:59:59+0000,XGB_V3_1_Y2022_N2918_P706_SEED42,37311.61,-0.13594267601498544,-0.2378713137654911,-0.04993487671238339,0.01072581113972304,-0.1501287165743489,-0.13864559445813154,0.25457474268774605,0.19553452730178833,BEAR,3,NONE,,True,True,2918,706,2212,3.13314447592068,0.0,2022-04-04T00:00:00+0000,-0.008132857306345054
2022-02-04T00:00:00+0000,2022-02-05T00:00:00+0000,2021-12-31T23:59:59+0000,XGB_V3_1_Y2022_N2918_P706_SEED42,41574.25,-0.0345200144441663,-0.15173240913162012,-0.04694598895117352,0.01108529761114374,-0.05303573860900468,0.3168709529811353,0.24306051556383848,0.21400894224643707,DEEP_BEAR,4,NONE,,True,True,2918,706,2212,3.13314447592068,0.0,2022-04-05T00:00:00+0000,-0.109829762413032
2022-02-05T00:00:00+0000,2022-02-06T00:00:00+0000,2021-12-31T23:59:59+0000,XGB_V3_1_Y2022_N2918_P706_SEED42,41382.59,-0.03684666483295751,-0.15664035333228843,-0.04321193927821865,0.011443609991667714,-0.05740130552454015,0.3242466381180537,0.22946828593208454,0.17984645068645477,BEAR,3,NONE,,True,True,2918,706,2212,3.13314447592068,0.0,2022-04-06T00:00:00+0000,-0.10570701350495448
2022-02-06T00:00:00+0000,2022-02-07T00:00:00+0000,2021-12-31T23:59:59+0000,XGB_V3_1_Y2022_N2918_P706_SEED42,42380.87,-0.011563208962317217,-0.1371957894813648,-0.03950123921379278,0.011591879478777711,-0.03466281997491727,0.43319325881909243,0.23099713655461912,0.37890177965164185,DEEP_BEAR,4,NONE,,True,True,2918,706,2212,3.13314447592068,0.0,2022-04-07T00:00:00+0000,-0.12677205541084924
2022-02-07T00:00:00+0000,2022-02-08T00:00:00+0000,2021-12-31T23:59:59+0000,XGB_V3_1_Y2022_N2918_P706_SEED42,43839.99,0.02382430834568572,-0.10853880847448916,-0.036531381507385885,0.01188892745323078,-0.0014274761483701326,0.5523612640889446,0.2457579412322671,0.36069604754447937,BEAR,3,NONE,,True,True,2918,706,2212,3.13314447592068,0.0,2022-04-08T00:00:00+0000,-0.15583557386760338
2022-02-08T00:00:00+0000,2022-02-09T00:00:00+0000,2021-12-31T23:59:59+0000,XGB_V3_1_Y2022_N2918_P706_SEED42,44042.99,0.029946307801484773,-0.1053577149164786,-0.03392216595691211,0.012231779058491599,0.0,0.5171526504403675,0.26586937580412895,0.3607059419155121,DEEP_BEAR,4,NONE,,True,True,2918,706,2212,3.13314447592068,0.0,2022-04-09T00:00:00+0000,-0.15972644000781955
2022-02-09T00:00:00+0000,2022-02-10T00:00:00+0000,2021-12-31T23:59:59+0000,XGB_V3_1_Y2022_N2918_P706_SEED42,44372.72,0.03985392750008221,-0.09958491359481303,-0.030924155683049404,0.012709997770242953,0.0,0.48353829259828307,0.2907182148041794,0.3358176052570343,BEAR,3,NONE,,True,True,2918,706,2212,3.13314447592068,0.0,2022-04-10T00:00:00+0000,-0.16597044310107645
2022-02-10T00:00:00+0000,2022-02-11T00:00:00+0000,2021-12-31T23:59:59+0000,XGB_V3_1_Y2022_N2918_P706_SEED42,43495.44,0.02173406872072281,-0.11811280669344448,-0.028122476986676026,0.013256907738943946,-0.01977070596528674,0.36090558703184666,0.2992030341139247,0.46381253004074097,DEEP_BEAR,4,NONE,,True,True,2918,706,2212,3.13314447592068,0.0,2022-04-11T00:00:00+0000,-0.14914850844134464
2022-02-11T00:00:00+0000,2022-02-12T00:00:00+0000,2021-12-31T23:59:59+0000,XGB_V3_1_Y2022_N2918_P706_SEED42,42373.73,-0.0006411276828499624,-0.14130303004962763,-0.02843508010079865,0.013695840297964113,-0.045049976652321466,0.24176868228743206,0.2873127831988157,0.41108399629592896,BEAR,3,NONE,,True,True,2918,706,2212,3.13314447592068,0.0,2022-04-12T00:00:00+0000,-0.1266249159561832
2022-02-12T00:00:00+0000,2022-02-13T00:00:00+0000,2021-12-31T23:59:59+0000,XGB_V3_1_Y2022_N2918_P706_SEED42,42217.87,-0.000260527916826625,-0.1447006970010829,-0.02727446018728419,0.013731261148237861,-0.048562495154680585,0.2059814263231269,0.2794313184387141,0.38511934876441956,DEEP_BEAR,4,NONE,,True,True,2918,706,2212,3.13314447592068,0.0,2022-04-13T00:00:00+0000,-0.12340058842381196
2022-02-13T00:00:00+0000,2022-02-14T00:00:00+0000,2021-12-31T23:59:59+0000,XGB_V3_1_Y2022_N2918_P706_SEED42,42053.66,-0.00019713302985602255,-0.1482029658022388,-0.02593488959884982,0.01354623927765597,-0.052263192339797926,0.1712829370064024,0.27075555047324795,0.2514796555042267,BEAR,3,NONE,,True,True,2918,706,2212,3.13314447592068,0.0,2022-04-14T00:00:00+0000,-0.11997766662877851
2022-02-14T00:00:00+0000,2022-02-15T00:00:00+0000,2021-12-31T23:59:59+0000,XGB_V3_1_Y2022_N2918_P706_SEED42,42535.94,0.015246360082709964,-0.1386541622602221,-0.02702104778764647,0.013477937553961539,-0.0413943522055894,0.19428472907147254,0.2629249292313464,0.3905527591705322,DEEP_BEAR,4,NONE,,True,True,2918,706,2212,3.13314447592068,0.0,2022-04-15T00:00:00+0000,-0.1299555152654437
2022-02-15T00:00:00+0000,2022-02-16T00:00:00+0000,2021-12-31T23:59:59+0000,XGB_V3_1_Y2022_N2918_P706_SEED42,44544.86,0.066329029137558,-0.09818738272704408,-0.02773616761673381,0.013374071752669137,0.0,0.34645448477245194,0.26064937734920973,0.43851158022880554,BEAR,3,NONE,,True,True,2918,706,2212,3.13314447592068,0.0,2022-04-16T00:00:00+0000,-0.16919348270485068
2022-02-16T00:00:00+0000,2022-02-17T00:00:00+0000,2021-12-31T23:59:59+0000,XGB_V3_1_Y2022_N2918_P706_SEED42,43873.56,0.05210795686480063,-0.11199466712980877,-0.02742835264288246,0.013319907725800384,-0.015070201141052064,0.2581626399763529,0.25224761745498986,0.44598373770713806,DEEP_BEAR,4,NONE,,True,True,2918,706,2212,3.13314447592068,0.0,2022-04-17T00:00:00+0000,-0.15648148907907167
2022-02-17T00:00:00+0000,2022-02-18T00:00:00+0000,2021-12-31T23:59:59+0000,XGB_V3_1_Y2022_N2918_P706_SEED42,40515.7,-0.025635021512760536,-0.18001371649518216,-0.028916284758393695,0.01290772105203386,-0.09045173786605243,-0.08222099340358963,0.2399479410824314,0.20867867767810822,BEAR,3,NONE,,True,True,2918,706,2212,3.13314447592068,0.0,2022-04-18T00:00:00+0000,-0.08657236577425531
2022-02-18T00:00:00+0000,2022-02-19T00:00:00+0000,2021-12-31T23:59:59+0000,XGB_V3_1_Y2022_N2918_P706_SEED42,39974.44,-0.03533598233099777,-0.19103579989730457,-0.030954655936445863,0.012428224496884743,-0.10260263473720643,-0.15112465553530122,0.2311654532024348,0.1950700581073761,DEEP_BEAR,4,NONE,,True,True,2918,706,2212,3.13314447592068,0.0,2022-04-19T00:00:00+0000,-0.07420441662222155
2022-02-19T00:00:00+0000,2022-02-20T00:00:00+0000,2021-12-31T23:59:59+0000,XGB_V3_1_Y2022_N2918_P706_SEED42,40079.17,-0.029934982078815286,-0.1890699901913172,-0.03177975165695257,0.012095199275716784,-0.100251521724392,-0.1594858920977298,0.21924292833430645,0.1983933448791504,BEAR,3,NONE,,True,True,2918,706,2212,3.13314447592068,0.0,2022-04-20T00:00:00+0000,-0.0766235927540414
2022-02-20T00:00:00+0000,2022-02-21T00:00:00+0000,2021-12-31T23:59:59+0000,XGB_V3_1_Y2022_N2918_P706_SEED42,38386.89,-0.06667657624097445,-0.22320522344635485,-0.03384921983952327,0.01127634158501678,-0.1382419879644925,-0.3440767753425768,0.21978859795814135,0.1905273050069809,DEEP_BEAR,4,NONE,,True,True,2918,706,2212,3.13314447592068,0.0,2022-04-21T00:00:00+0000,-0.035916689265527824
2022-02-21T00:00:00+0000,2022-02-22T00:00:00+0000,2021-12-31T23:59:59+0000,XGB_V3_1_Y2022_N2918_P706_SEED42,37008.16,-0.0956787446839773,-0.2508129544139731,-0.03483951751757475,0.010126354773597024,-0.16919348270485068,-0.4595998851313019,0.23283612163561196,0.2260030061006546,BEAR,3,NONE,,True,True,2918,706,2212,3.13314447592068,0.0,2022-04-22T00:00:00+0000,0.006535045244075777
2022-02-22T00:00:00+0000,2022-02-23T00:00:00+0000,2021-12-31T23:59:59+0000,XGB_V3_1_Y2022_N2918_P706_SEED42,38230.33,-0.062048100859336985,-0.2257105198083047,-0.034798471693956,0.009100666212790376,-0.1417566471193309,-0.35620541584247145,0.22179155317816887,0.1905273050069809,DEEP_BEAR,4,NONE,,True,True,2918,706,2212,3.13314447592068,0.0,2022-04-23T00:00:00+0000,-0.025642467642837508
2022-02-23T00:00:00+0000,2022-02-24T00:00:00+0000,2021-12-31T23:59:59+0000,XGB_V3_1_Y2022_N2918_P706_SEED42,37250.01,-0.0822347411009291,-0.24500536447866494,-0.03504878249610843,0.00778258011836952,-0.1637641245252538,-0.4612198389838638,0.2223525105524625,0.22997097671031952,BEAR,3,NONE,,True,True,2918,706,2212,3.13314447592068,0.0,2022-04-24T00:00:00+0000,0.012055298777100987
2022-02-24T00:00:00+0000,2022-02-25T00:00:00+0000,2021-12-31T23:59:59+0000,XGB_V3_1_Y2022_N2918_P706_SEED42,38327.21,-0.0533044264127267,-0.22274170400482862,-0.033699362272777034,0.006121179775076646,-0.13958176094840125,-0.31313085033481836,0.23304920840418478,0.21355795860290527,DEEP_BEAR,4,NONE,,True,True,2918,706,2212,3.13314447592068,0.0,2022-04-25T00:00:00+0000,-0.016388878814815877
2022-02-25T00:00:00+0000,2022-02-26T00:00:00+0000,2021-12-31T23:59:59+0000,XGB_V3_1_Y2022_N2918_P706_SEED42,39219.17,-0.02942042868828254,-0.20408547310952163,-0.03270067135396171,0.004215951461947087,-0.11955790185444526,-0.2055745225061551,0.23793110497149667,0.21474547684192657,BEAR,3,NONE,,True,True,2918,706,2212,3.13314447592068,0.0,2022-04-26T00:00:00+0000,-0.03875910683474426
2022-02-26T00:00:00+0000,2022-02-27T00:00:00+0000,2021-12-31T23:59:59+0000,XGB_V3_1_Y2022_N2918_P706_SEED42,39116.72,-0.03078062756131239,-0.20564323032783716,-0.03217290821651375,0.002511165756156286,-0.12185783051063581,-0.19722305195724274,0.2414914124816476,0.22310151159763336,DEEP_BEAR,4,NONE,,True,True,2918,706,2212,3.13314447592068,0.0,2022-04-27T00:00:00+0000,-0.03624153558887355
2022-02-27T00:00:00+0000,2022-02-28T00:00:00+0000,2021-12-31T23:59:59+0000,XGB_V3_1_Y2022_N2918_P706_SEED42,37699.07,-0.06406036251529568,-0.23382421049297253,-0.03131825487314022,0.000539427682272553,-0.1536830511982752,-0.30690473782555944,0.2451244984100703,0.23612256348133087,BEAR,3,NONE,,True,True,2918,706,2212,3.13314447592068,0.0,2022-04-28T00:00:00+0000,0.0020761785370302377
2022-02-28T00:00:00+0000,2022-03-01T00:00:00+0000,2021-12-31T23:59:59+0000,XGB_V3_1_Y2022_N2918_P706_SEED42,43160.0,0.07082719520182867,-0.12272873025114195,-0.02735191772753176,-0.0006441576230834523,-0.031089108821983014,0.24909205328454626,0.2403782840568711,0.5557902455329895,DEEP_BEAR,4,NONE,,True,True,2918,706,2212,3.13314447592068,0.0,2022-04-29T00:00:00+0000,-0.12471408711770171
2022-03-01T00:00:00+0000,2022-03-02T00:00:00+0000,2021-12-31T23:59:59+0000,XGB_V3_1_Y2022_N2918_P706_SEED42,44421.2,0.10069900774937568,-0.0967833929882096,-0.02320408238533933,-0.002012540761272663,-0.0027760778684680076,0.3771274867825063,0.2407211646382547,0.6464410424232483,BEAR,3,NONE,,True,True,2918,706,2212,3.13314447592068,0.0,2022-04-30T00:00:00+0000,-0.15286394784472268
2022-03-02T00:00:00+0000,2022-03-03T00:00:00+0000,2021-12-31T23:59:59+0000,XGB_V3_1_Y2022_N2918_P706_SEED42,43892.98,0.0869835526260232,-0.10723547393904542,-0.018203834189292722,-0.0031554261499693315,-0.014634236138580281,0.3181161510735834,0.2429492387752685,0.6945858597755432,DEEP_BEAR,4,NONE,,True,True,2918,706,2212,3.13314447592068,0.0,2022-05-01T00:00:00+0000,-0.14266928333414586
2022-03-03T00:00:00+0000,2022-03-04T00:00:00+0000,2021-12-31T23:59:59+0000,XGB_V3_1_Y2022_N2918_P706_SEED42,42454.0,0.05210295664325204,-0.1361066206651752,-0.013980235945016517,-0.004132165556780865,-0.04693829995200349,0.1721524935202023,0.24319069056046552,0.727688729763031,BEAR,3,NONE,,True,True,2918,706,2212,3.13314447592068,0.0,2022-05-02T00:00:00+0000,-0.11361002496820083
2022-03-04T00:00:00+0000,2022-03-05T00:00:00+0000,2021-12-31T23:59:59+0000,XGB_V3_1_Y2022_N2918_P706_SEED42,39148.66,-0.028167359886328347,-0.20281904725274758,-0.011679188891126069,-0.00509460057670541,-0.12114080053231724,-0.14595610284108892,0.24403708933844967,0.6040857434272766,DEEP_BEAR,4,NONE,,True,True,2918,706,2212,3.13314447592068,0.0,2022-05-03T00:00:00+0000,-0.03877169742208286
2022-03-05T00:00:00+0000,2022-03-06T00:00:00+0000,2021-12-31T23:59:59+0000,XGB_V3_1_Y2022_N2918_P706_SEED42,39397.96,-0.020197296125775033,-0.1973095904150063,-0.009304200681173214,-0.005836108617379709,-0.11554419522252402,-0.10784968610863867,0.24378828227396984,0.6467950940132141,DEEP_BEAR,4,NONE,,True,True,2918,706,2212,3.13314447592068,0.0,2022-05-04T00:00:00+0000,-0.04485409904472204
2022-03-06T00:00:00+0000,2022-03-07T00:00:00+0000,2021-12-31T23:59:59+0000,XGB_V3_1_Y2022_N2918_P706_SEED42,38420.81,-0.0422769143528644,-0.21671649873287557,-0.009100291362386992,-0.006726011600764914,-0.13748050841331638,-0.18680822933605978,0.2440419992750178,0.6273596882820129,DEEP_BEAR,4,NONE,,True,True,2918,706,2212,3.13314447592068,0.0,2022-05-05T00:00:00+0000,-0.04861532070771013
2022-03-07T00:00:00+0000,2022-03-08T00:00:00+0000,2021-12-31T23:59:59+0000,XGB_V3_1_Y2022_N2918_P706_SEED42,37988.0,-0.05065961962948817,-0.22484700959099924,-0.00972179007447016,-0.007849143971143002,-0.14719678095295397,-0.21144859408918684,0.22980654426007055,0.6178217530250549,DEEP_BEAR,4,NONE,,True,True,2918,706,2212,3.13314447592068,0.0,2022-05-06T00:00:00+0000,-0.05196983257870913
2022-03-08T00:00:00+0000,2022-03-09T00:00:00+0000,2021-12-31T23:59:59+0000,XGB_V3_1_Y2022_N2918_P706_SEED42,38730.63,-0.03041883377550081,-0.20883852753321686,-0.010239665233290896,-0.009163196164673981,-0.13052527272506864,-0.11096028930785158,0.213640241718792,0.6571746468544006,DEEP_BEAR,4,NONE,,True,True,2918,706,2212,3.13314447592068,0.0,2022-05-07T00:00:00+0000,-0.08412566488074158
2022-03-09T00:00:00+0000,2022-03-10T00:00:00+0000,2021-12-31T23:59:59+0000,XGB_V3_1_Y2022_N2918_P706_SEED42,41941.71,0.05018302035766631,-0.14264241533982736,-0.008487156076461999,-0.009926629192534286,-0.05843884120412546,0.25344655725106524,0.21835097316831784,0.740968644618988,DEEP_BEAR,4,NONE,,True,True,2918,706,2212,3.13314447592068,0.0,2022-05-08T00:00:00+0000,-0.18843556926982707
2022-03-10T00:00:00+0000,2022-03-11T00:00:00+0000,2021-12-31T23:59:59+0000,XGB_V3_1_Y2022_N2918_P706_SEED42,39422.0,-0.011800741549015004,-0.19334003179771253,-0.010235013968166728,-0.011002797803683073,-0.11500451455005134,-0.033727732613743004,0.2185417230147501,0.7444338202476501,DEEP_BEAR,4,NONE,,True,True,2918,706,2212,3.13314447592068,0.0,2022-05-09T00:00:00+0000,-0.23706788087869712
2022-03-11T00:00:00+0000,2022-03-12T00:00:00+0000,2021-12-31T23:59:59+0000,XGB_V3_1_Y2022_N2918_P706_SEED42,38729.57,-0.02820732692437533,-0.206635328400549,-0.012476718069656112,-0.012278582374221414,-0.1305490689610429,-0.105315446241099,0.21977990147707893,0.6208905577659607,DEEP_BEAR,4,NONE,,True,True,2918,706,2212,3.13314447592068,0.0,2022-05-10T00:00:00+0000,-0.22342773235024294
2022-03-12T00:00:00+0000,2022-03-13T00:00:00+0000,2021-12-31T23:59:59+0000,XGB_V3_1_Y2022_N2918_P706_SEED42,38807.36,-0.02740831036864999,-0.2043192203784262,-0.011875993507704075,-0.013042162044990424,-0.12880273953044186,-0.09926834474661889,0.21862882107271456,0.6861562728881836,DEEP_BEAR,4,NONE,,True,True,2918,706,2212,3.13314447592068,1.0,2022-05-11T00:00:00+0000,-0.25004071392643046
2022-03-13T00:00:00+0000,2022-03-14T00:00:00+0000,2021-12-31T23:59:59+0000,XGB_V3_1_Y2022_N2918_P706_SEED42,37777.34,-0.05450510634227779,-0.22454803351999675,-0.009825329150437323,-0.013790368925148178,-0.15192594611364818,-0.22676766065728862,0.21427730356881303,0.6900699734687805,DEEP_BEAR,4,NONE,,True,True,2918,706,2212,3.13314447592068,0.0,2022-05-12T00:00:00+0000,-0.2315565362728026
2022-03-14T00:00:00+0000,2022-03-15T00:00:00+0000,2021-12-31T23:59:59+0000,XGB_V3_1_Y2022_N2918_P706_SEED42,39671.37,-0.008801379880725047,-0.1850695467972462,-0.006446884268907271,-0.01405664746105062,-0.10940633779071252,-0.012787511147812878,0.2111745153237665,0.7402225136756897,DEEP_BEAR,4,NONE,,True,True,2918,706,2212,3.13314447592068,1.0,2022-05-13T00:00:00+0000,-0.268244328340564
2022-03-15T00:00:00+0000,2022-03-16T00:00:00+0000,2021-12-31T23:59:59+0000,XGB_V3_1_Y2022_N2918_P706_SEED42,39280.33,-0.01985482954290818,-0.19229015931949944,-0.003334048311330551,-0.014317092187322467,-0.11818490393728931,-0.07414295707762263,0.202910454492019,0.6907541751861572,DEEP_BEAR,4,NONE,,True,True,2918,706,2212,3.13314447592068,1.0,2022-05-14T00:00:00+0000,-0.26095962024758956
2022-03-16T00:00:00+0000,2022-03-17T00:00:00+0000,2021-12-31T23:59:59+0000,XGB_V3_1_Y2022_N2918_P706_SEED42,41114.0,0.02377674043390532,-0.15390804664666247,0.001054938903241709,-0.01455968255101292,-0.0770203341081328,0.1363056843055532,0.2006187106479676,0.5889759659767151,DEEP_BEAR,4,NONE,,True,True,2918,706,2212,3.13314447592068,1.0,2022-05-15T00:00:00+0000,-0.29392056233886266
2022-03-17T00:00:00+0000,2022-03-18T00:00:00+0000,2021-12-31T23:59:59+0000,XGB_V3_1_Y2022_N2918_P706_SEED42,40917.9,0.01681312741111629,-0.1572629217252457,0.005651988970058364,-0.014652843878211752,-0.07886549665475029,0.10128793797878939,0.20022093135640606,0.5546273589134216,DEEP_BEAR,4,NONE,,True,True,2918,706,2212,3.13314447592068,1.0,2022-05-16T00:00:00+0000,-0.2905366599947701
2022-03-18T00:00:00+0000,2022-03-19T00:00:00+0000,2021-12-31T23:59:59+0000,XGB_V3_1_Y2022_N2918_P706_SEED42,41757.51,0.03531189879496455,-0.1395074414011378,0.00970149186849567,-0.014536270426356301,-0.05996438637407353,0.18777363486556276,0.20129903807166724,0.7007737159729004,DEEP_BEAR,4,NONE,,True,True,2918,706,2212,3.13314447592068,1.0,2022-05-17T00:00:00+0000,-0.30480169914345945
2022-03-19T00:00:00+0000,2022-03-20T00:00:00+0000,2021-12-31T23:59:59+0000,XGB_V3_1_Y2022_N2918_P706_SEED42,42201.13,0.04398918147433317,-0.1299265598406114,0.012154804467549685,-0.01425188276899314,-0.04997771334407897,0.2196179382726884,0.195744257779533,0.7498767971992493,DEEP_BEAR,4,NONE,,True,True,2918,706,2212,3.13314447592068,1.0,2022-05-18T00:00:00+0000,-0.3195604003968614
2022-03-20T00:00:00+0000,2022-03-21T00:00:00+0000,2021-12-31T23:59:59+0000,XGB_V3_1_Y2022_N2918_P706_SEED42,41262.11,0.01919846950400661,-0.14862412975100392,0.014842250515195055,-0.014894903511664781,-0.07111671904405992,0.11830035266953635,0.18747740844392477,0.5859798192977905,BEAR,3,NONE,,True,True,2918,706,2212,3.13314447592068,1.0,2022-05-19T00:00:00+0000,-0.30407533691321165
2022-03-21T00:00:00+0000,2022-03-22T00:00:00+0000,2021-12-31T23:59:59+0000,XGB_V3_1_Y2022_N2918_P706_SEED42,41002.25,0.011220917538216524,-0.15326572655773418,0.017402006568146833,-0.015394680395535487,-0.07696662854672986,0.12159547786602512,0.1649813480141711,0.5626582503318787,DEEP_BEAR,4,NONE,,True,True,2918,706,2212,3.13314447592068,1.0,2022-05-20T00:00:00+0000,-0.2996647744940827
2022-03-22T00:00:00+0000,2022-03-23T00:00:00+0000,2021-12-31T23:59:59+0000,XGB_V3_1_Y2022_N2918_P706_SEED42,42364.13,0.04280378366963533,-0.12445140995730652,0.018150898274715166,-0.015853171648104847,-0.046308294237886405,0.3704775055741468,0.15102191467153203,0.7228055596351624,DEEP_BEAR,4,NONE,,True,True,2918,706,2212,3.13314447592068,1.0,2022-05-21T00:00:00+0000,-0.3221784561609078
2022-03-23T00:00:00+0000,2022-03-24T00:00:00+0000,2021-12-31T23:59:59+0000,XGB_V3_1_Y2022_N2918_P706_SEED42,42882.76,0.053398035977339386,-0.11308820881536807,0.018868271143820614,-0.016116152387825267,-0.03463301306583333,0.4421719575502279,0.15447953393323116,0.7228100895881653,DEEP_BEAR,4,NONE,,True,True,2918,706,2212,3.13314447592068,1.0,2022-05-22T00:00:00+0000,-0.33037612317863874
2022-03-24T00:00:00+0000,2022-03-25T00:00:00+0000,2021-12-31T23:59:59+0000,XGB_V3_1_Y2022_N2918_P706_SEED42,43991.46,0.07687906393914279,-0.08942658342473442,0.020669018124021665,-0.016230349303071878,-0.009674209611626794,0.5176750113592521,0.17260920468593202,0.6751305460929871,BEAR,3,NONE,,True,True,2918,706,2212,3.13314447592068,1.0,2022-05-23T00:00:00+0000,-0.34725239853371537
2022-03-25T00:00:00+0000,2022-03-26T00:00:00+0000,2021-12-31T23:59:59+0000,XGB_V3_1_Y2022_N2918_P706_SEED42,44313.16,0.08104836717300379,-0.08197435000888331,0.022828621898922208,-0.01655009112143757,-0.002432172025969459,0.47884773619714605,0.1893797966980896,0.6727803945541382,DEEP_BEAR,4,NONE,,True,True,2918,706,2212,3.13314447592068,1.0,2022-05-24T00:00:00+0000,-0.35199114664808384
2022-03-26T00:00:00+0000,2022-03-27T00:00:00+0000,2021-12-31T23:59:59+0000,XGB_V3_1_Y2022_N2918_P706_SEED42,44511.27,0.08432753700836315,-0.07764539372519341,0.022174460361537918,-0.016159883564528355,0.0,0.4408288687265233,0.19828505167900745,0.7119655609130859,BEAR,3,NONE,,True,True,2918,706,2212,3.13314447592068,1.0,2022-05-25T00:00:00+0000,-0.35487529338075496
2022-03-27T00:00:00+0000,2022-03-28T00:00:00+0000,2021-12-31T23:59:59+0000,XGB_V3_1_Y2022_N2918_P706_SEED42,46827.76,0.1377405620039569,-0.029721858517714472,0.022793478312946425,-0.015199787424270528,0.0,0.596309413711816,0.22099415833544608,0.6727803945541382,DEEP_BEAR,4,NONE,,True,True,2918,706,2212,3.13314447592068,1.0,2022-05-26T00:00:00+0000,-0.3867885203135918
2022-03-28T00:00:00+0000,2022-03-29T00:00:00+0000,2021-12-31T23:59:59+0000,XGB_V3_1_Y2022_N2918_P706_SEED42,47122.21,0.14226289896605793,-0.023694351004706515,0.02281288613132837,-0.014060157953155628,0.0,0.5284793287561832,0.24119025313736778,0.6786110401153564,BEAR,3,NONE,,True,True,2918,706,2212,3.13314447592068,1.0,2022-05-27T00:00:00+0000,-0.39243511711356494
2022-03-29T00:00:00+0000,2022-03-30T00:00:00+0000,2021-12-31T23:59:59+0000,XGB_V3_1_Y2022_N2918_P706_SEED42,47434.8,0.14783976709733238,-0.017480921212985168,0.02232204327693288,-0.013102741387534311,0.0,0.47828149542234516,0.266649740259142,0.669760525226593,BEAR,3,NONE,,True,True,2918,706,2212,3.13314447592068,1.0,2022-05-28T00:00:00+0000,-0.39643890139728644
2022-03-30T00:00:00+0000,2022-03-31T00:00:00+0000,2021-12-31T23:59:59+0000,XGB_V3_1_Y2022_N2918_P706_SEED42,47067.99,0.1372986028664982,-0.025269898774802235,0.02225319643297996,-0.011917685877078976,-0.007732930253737891,0.3931233338733472,0.27660282147207865,0.7034025192260742,DEEP_BEAR,4,NONE,,True,True,2918,706,2212,3.13314447592068,1.0,2022-05-29T00:00:00+0000,-0.391735232373424
2022-03-31T00:00:00+0000,2022-04-01T00:00:00+0000,2021-12-31T23:59:59+0000,XGB_V3_1_Y2022_N2918_P706_SEED42,45510.34,0.09905705762681372,-0.05747699184893418,0.02124089116287875,-0.010881552579090847,-0.04057063590444154,0.23630530423420018,0.2689438106002947,0.7285848259925842,BEAR,3,NONE,,True,True,2918,706,2212,3.13314447592068,1.0,2022-05-30T00:00:00+0000,-0.37091658730741184
2022-04-01T00:00:00+0000,2022-04-02T00:00:00+0000,2021-12-31T23:59:59+0000,XGB_V3_1_Y2022_N2918_P706_SEED42,46283.49,0.11622521407189734,-0.04159824906660026,0.02065408290619075,-0.009844808298531404,-0.024271420982063918,0.2764569045163456,0.2613575898122888,0.7082040905952454,DEEP_BEAR,4,NONE,,True,True,2918,706,2212,3.13314447592068,1.0,2022-05-31T00:00:00+0000,-0.38142521231653015
2022-04-02T00:00:00+0000,2022-04-03T00:00:00+0000,2021-12-31T23:59:59+0000,XGB_V3_1_Y2022_N2918_P706_SEED42,45811.0,0.10300139606928371,-0.0512544474881198,0.020242673530580513,-0.00884050494698263,-0.034232251427222304,0.21692513356515886,0.2375132750604937,0.6991119384765625,BEAR,3,NONE,,True,True,2918,706,2212,3.13314447592068,1.0,2022-06-01T00:00:00+0000,-0.3750452947981926
2022-04-03T00:00:00+0000,2022-04-04T00:00:00+0000,2021-12-31T23:59:59+0000,XGB_V3_1_Y2022_N2918_P706_SEED42,46407.35,0.11511019847389337,-0.0387334263045046,0.01874980796008474,-0.008286380467839694,-0.021660257869749677,0.25095038182867213,0.2272929300567443,0.6943510174751282,DEEP_BEAR,4,NONE,,True,True,2918,706,2212,3.13314447592068,1.0,2022-06-02T00:00:00+0000,-0.38307617220117074
2022-04-04T00:00:00+0000,2022-04-05T00:00:00+0000,2021-12-31T23:59:59+0000,XGB_V3_1_Y2022_N2918_P706_SEED42,46580.51,0.11684133797220708,-0.03503098520320724,0.01747831752390261,-0.0074072076293040245,-0.018009773415298524,0.2492250750456382,0.20959024017338712,0.6811204552650452,BEAR,3,NONE,,True,True,2918,706,2212,3.13314447592068,1.0,2022-06-03T00:00:00+0000,-0.3853695461900267
2022-04-05T00:00:00+0000,2022-04-06T00:00:00+0000,2021-12-31T23:59:59+0000,XGB_V3_1_Y2022_N2918_P706_SEED42,45497.55,0.0893286117740717,-0.05728974999445935,0.017465287368635618,-0.006797932322813782,-0.04084026916947048,0.11397163752901183,0.19924208323528386,0.6934853196144104,DEEP_BEAR,4,NONE,,True,True,2918,706,2212,3.13314447592068,1.0,2022-06-04T00:00:00+0000,-0.3707397431290257
2022-04-06T00:00:00+0000,2022-04-07T00:00:00+0000,2021-12-31T23:59:59+0000,XGB_V3_1_Y2022_N2918_P706_SEED42,43170.47,0.03429301678928942,-0.10503196879317556,0.014105275779686677,-0.006522535858992651,-0.08989876630659355,-0.17139938771606633,0.1869984993613719,0.702978253364563,BEAR,3,NONE,,True,True,2918,706,2212,3.13314447592068,1.0,2022-06-05T00:00:00+0000,-0.3368198215122513
2022-04-07T00:00:00+0000,2022-04-08T00:00:00+0000,2021-12-31T23:59:59+0000,XGB_V3_1_Y2022_N2918_P706_SEED42,43444.19,0.04106508361819561,-0.09900280761310343,0.01156604752715551,-0.0063789308345993945,-0.08412831929300857,-0.15495409480388214,0.17910223343624812,0.7023622393608093,DEEP_BEAR,4,NONE,,True,True,2918,706,2212,3.13314447592068,1.0,2022-06-06T00:00:00+0000,-0.34099818640881563
2022-04-08T00:00:00+0000,2022-04-09T00:00:00+0000,2021-12-31T23:59:59+0000,XGB_V3_1_Y2022_N2918_P706_SEED42,42252.01,0.011654694129345167,-0.12365826030714511,0.010646475907016395,-0.005955771559729484,-0.10926134399217458,-0.3047141022511722,0.17881194599906206,0.7003297209739685,BEAR,3,NONE,,True,True,2918,706,2212,3.13314447592068,1.0,2022-06-07T00:00:00+0000,-0.3224038335691013
2022-04-09T00:00:00+0000,2022-04-10T00:00:00+0000,2021-12-31T23:59:59+0000,XGB_V3_1_Y2022_N2918_P706_SEED42,42753.97,0.022312574625175996,-0.11343287597539953,0.010512287019781352,-0.004973309761565514,-0.09867923971430259,-0.2650466504487164,0.16920817872187716,0.6851373314857483,DEEP_BEAR,4,NONE,,True,True,2918,706,2212,3.13314447592068,1.0,2022-06-08T00:00:00+0000,-0.33035926254333814
2022-04-10T00:00:00+0000,2022-04-11T00:00:00+0000,2021-12-31T23:59:59+0000,XGB_V3_1_Y2022_N2918_P706_SEED42,42158.85,0.007080739908260858,-0.1256480385206845,0.010961518592909725,-0.004269254971198011,-0.11122530294214383,-0.3709877965899926,0.1600017760020288,0.681024432182312,BEAR,3,NONE,,True,True,2918,706,2212,3.13314447592068,1.0,2022-06-09T00:00:00+0000,-0.3209065237785186
2022-04-11T00:00:00+0000,2022-04-12T00:00:00+0000,2021-12-31T23:59:59+0000,XGB_V3_1_Y2022_N2918_P706_SEED42,39530.45,-0.0562214897319524,-0.17970585506087267,0.010153569817477948,-0.00403492965208585,-0.16663609839189808,-0.62117631219477,0.1854644059166738,0.5929839611053467,DEEP_BEAR,4,NONE,,True,True,2918,706,2212,3.13314447592068,1.0,2022-06-10T00:00:00+0000,-0.2757532484451859
2022-04-12T00:00:00+0000,2022-04-13T00:00:00+0000,2021-12-31T23:59:59+0000,XGB_V3_1_Y2022_N2918_P706_SEED42,40074.94,-0.04462097104617191,-0.1681710719247569,0.009958356285943992,-0.0035934802627940465,-0.15515739499270575,-0.4906401450364385,0.20420570654718545,0.5857709050178528,DEEP_BEAR,4,NONE,,True,True,2918,706,2212,3.13314447592068,1.0,2022-06-11T00:00:00+0000,-0.2907113522815006
2022-04-13T00:00:00+0000,2022-04-14T00:00:00+0000,2021-12-31T23:59:59+0000,XGB_V3_1_Y2022_N2918_P706_SEED42,41147.79,-0.020407075930908958,-0.14576709162967405,0.009327005758434703,-0.0029502976032503847,-0.1325400338991627,-0.3397606372027876,0.2152800931902868,0.5273655652999878,DEEP_BEAR,4,NONE,,True,True,2918,706,2212,3.13314447592068,1.0,2022-06-12T00:00:00+0000,-0.3541687172020661
2022-04-14T00:00:00+0000,2022-04-15T00:00:00+0000,2021-12-31T23:59:59+0000,XGB_V3_1_Y2022_N2918_P706_SEED42,39942.38,-0.05032132557999158,-0.17051442542672035,0.008427067855851345,-0.0024212344480794012,-0.15795196775363252,-0.41041082020821357,0.23353388394770205,0.5247111320495605,DEEP_BEAR,4,NONE,,True,True,2918,706,2212,3.13314447592068,1.0,2022-06-13T00:00:00+0000,-0.4370037539075037
2022-04-15T00:00:00+0000,2022-04-16T00:00:00+0000,2021-12-31T23:59:59+0000,XGB_V3_1_Y2022_N2918_P706_SEED42,40551.9,-0.03684815886606507,-0.1577169545211522,0.008062241545563342,-0.00234339145905893,-0.1451023299349845,-0.3178399628452838,0.2451400128663551,0.5439706444740295,DEEP_BEAR,4,NONE,,True,True,2918,706,2212,3.13314447592068,1.0,2022-06-14T00:00:00+0000,-0.45412150848665545
2022-04-16T00:00:00+0000,2022-04-17T00:00:00+0000,2021-12-31T23:59:59+0000,XGB_V3_1_Y2022_N2918_P706_SEED42,40378.71,-0.041489564258107015,-0.16125776706118433,0.00928172641917846,-0.0024910694942625877,-0.14875344683649983,-0.30114716294309585,0.24928587511261482,0.5041603446006775,DEEP_BEAR,4,NONE,,True,True,2918,706,2212,3.13314447592068,1.0,2022-06-15T00:00:00+0000,-0.45178015840525865
2022-04-17T00:00:00+0000,2022-04-18T00:00:00+0000,2021-12-31T23:59:59+0000,XGB_V3_1_Y2022_N2918_P706_SEED42,39678.12,-0.058371153143467636,-0.1756522859835401,0.009758478318217856,-0.002757450328060851,-0.1635229831263123,-0.3301653953487332,0.25231014789196154,0.49687209725379944,DEEP_BEAR,4,NONE,,True,True,2918,706,2212,3.13314447592068,1.0,2022-06-16T00:00:00+0000,-0.48582972177109196
2022-04-18T00:00:00+0000,2022-04-19T00:00:00+0000,2021-12-31T23:59:59+0000,XGB_V3_1_Y2022_N2918_P706_SEED42,40801.13,-0.033143771411451195,-0.1520544936539916,0.010404377143324872,-0.0033373881083845758,-0.13984817054145915,-0.20635910492537413,0.24268182256203985,0.56795734167099,DEEP_BEAR,4,NONE,,True,True,2918,706,2212,3.13314447592068,1.0,2022-06-17T00:00:00+0000,-0.49998174070178936
2022-04-19T00:00:00+0000,2022-04-20T00:00:00+0000,2021-12-31T23:59:59+0000,XGB_V3_1_Y2022_N2918_P706_SEED42,41493.18,-0.0159670481941262,-0.13707587936846477,0.008264166978915188,-0.004221289653787985,-0.12525867084925002,-0.12073351930917686,0.229078202516978,0.6904739737510681,DEEP_BEAR,4,NONE,,True,True,2918,706,2212,3.13314447592068,1.0,2022-06-18T00:00:00+0000,-0.542797394656182
2022-04-20T00:00:00+0000,2022-04-21T00:00:00+0000,2021-12-31T23:59:59+0000,XGB_V3_1_Y2022_N2918_P706_SEED42,41358.19,-0.017741364808734783,-0.13932149073752542,0.0057990083853942664,-0.00481815259822882,-0.12810447182237517,-0.11687210708921543,0.22317221348008517,0.6819674372673035,DEEP_BEAR,4,NONE,,True,True,2918,706,2212,3.13314447592068,1.0,2022-06-19T00:00:00+0000,-0.5413051199774459
2022-04-21T00:00:00+0000,2022-04-22T00:00:00+0000,2021-12-31T23:59:59+0000,XGB_V3_1_Y2022_N2918_P706_SEED42,40480.01,-0.03703705395337786,-0.1569194966514894,0.003620124119809942,-0.005755804939774012,-0.1466178839164496,-0.1896182924982518,0.21202542848761927,0.6058353185653687,DEEP_BEAR,4,NONE,,True,True,2918,706,2212,3.13314447592068,1.0,2022-06-20T00:00:00+0000,-0.5313541177484886
2022-04-22T00:00:00+0000,2022-04-23T00:00:00+0000,2021-12-31T23:59:59+0000,XGB_V3_1_Y2022_N2918_P706_SEED42,39709.18,-0.054138815529340634,-0.17215330043600097,0.0008438816593838716,-0.0066072679382974675,-0.16286818959919724,-0.25336870087604163,0.20373532922184856,0.58710116147995,DEEP_BEAR,4,NONE,,True,True,2918,706,2212,3.13314447592068,1.0,2022-06-21T00:00:00+0000,-0.5222568181966991
2022-04-23T00:00:00+0000,2022-04-24T00:00:00+0000,2021-12-31T23:59:59+0000,XGB_V3_1_Y2022_N2918_P706_SEED42,39441.6,-0.06064358556127347,-0.17669929331299927,-0.0004069135692428283,-0.007676886197044874,-0.16850919578031331,-0.2706893400917524,0.18511784557720515,0.5679333209991455,DEEP_BEAR,4,NONE,,True,True,2918,706,2212,3.13314447592068,1.0,2022-06-22T00:00:00+0000,-0.5190157093018539
2022-04-24T00:00:00+0000,2022-04-25T00:00:00+0000,2021-12-31T23:59:59+0000,XGB_V3_1_Y2022_N2918_P706_SEED42,39450.13,-0.06046377927139868,-0.17515545299462265,-0.001661871938996362,-0.009201226847924127,-0.16832936999839787,-0.2712105933255148,0.15366515096791714,0.5894222855567932,DEEP_BEAR,4,NONE,,True,True,2918,706,2212,3.13314447592068,1.0,2022-06-23T00:00:00+0000,-0.5191197088577401
2022-04-25T00:00:00+0000,2022-04-26T00:00:00+0000,2021-12-31T23:59:59+0000,XGB_V3_1_Y2022_N2918_P706_SEED42,40426.08,-0.038139467236150915,-0.153567637405023,-0.0017643449971088687,-0.010400221454769487,-0.14775481292215842,-0.09838027791595462,0.12076770946594118,0.6218183636665344,DEEP_BEAR,4,NONE,,True,True,2918,706,2212,3.13314447592068,1.0,2022-06-24T00:00:00+0000,-0.530728925485726
2022-04-26T00:00:00+0000,2022-04-27T00:00:00+0000,2021-12-31T23:59:59+0000,XGB_V3_1_Y2022_N2918_P706_SEED42,38112.65,-0.09323685378120727,-0.20068033795125384,-0.0022546984119575786,-0.011516564554282405,-0.19652554664507915,-0.5035292540850466,0.12438853152478235,0.6665421724319458,DEEP_BEAR,4,NONE,,True,True,2918,706,2212,3.13314447592068,1.0,2022-06-25T00:00:00+0000,-0.5022442679792667
2022-04-27T00:00:00+0000,2022-04-28T00:00:00+0000,2021-12-31T23:59:59+0000,XGB_V3_1_Y2022_N2918_P706_SEED42,39235.72,-0.06674145410720667,-0.17576851028304596,-0.002280824255704972,-0.01275678608398545,-0.17284946916609745,-0.2693388622271843,0.11135301209514005,0.6307105422019958,DEEP_BEAR,4,NONE,,True,True,2918,706,2212,3.13314447592068,1.0,2022-06-26T00:00:00+0000,-0.5164918599684165
2022-04-28T00:00:00+0000,2022-04-29T00:00:00+0000,2021-12-31T23:59:59+0000,XGB_V3_1_Y2022_N2918_P706_SEED42,39742.07,-0.0537072321817722,-0.16382139400770568,-0.004790137558551066,-0.01422555427982275,-0.1556454822056348,-0.13764787057627387,0.10472759220736133,0.6665574908256531,DEEP_BEAR,4,NONE,,True,True,2918,706,2212,3.13314447592068,1.0,2022-06-27T00:00:00+0000,-0.5226521919970449
2022-04-29T00:00:00+0000,2022-04-30T00:00:00+0000,2021-12-31T23:59:59+0000,XGB_V3_1_Y2022_N2918_P706_SEED42,38596.11,-0.08063193230512788,-0.18631682857991894,-0.004395062503453784,-0.016389002312286127,-0.17141074668353784,-0.3949052035019289,0.09590760806153363,0.6658381223678589,DEEP_BEAR,4,NONE,,True,True,2918,706,2212,3.13314447592068,1.0,2022-06-28T00:00:00+0000,-0.5084792223879557
2022-04-30T00:00:00+0000,2022-05-01T00:00:00+0000,2021-12-31T23:59:59+0000,XGB_V3_1_Y2022_N2918_P706_SEED42,37630.8,-0.1031563739194723,-0.20512864345531245,-0.0034684414798655805,-0.018152278284171874,-0.19213422094348043,-0.5721112476420803,0.09895531135525458,0.6984005570411682,DEEP_BEAR,4,NONE,,True,True,2918,706,2212,3.13314447592068,1.0,2022-06-29T00:00:00+0000,-0.4958706697705072
2022-05-01T00:00:00+0000,2022-05-02T00:00:00+0000,2021-12-31T23:59:59+0000,XGB_V3_1_Y2022_N2918_P706_SEED42,38468.35,-0.08304712386479018,-0.1858120692105384,-0.002011569150064063,-0.019569638188152605,-0.17415352472525536,-0.3312309280361551,0.10364626237054518,0.675643801689148,DEEP_BEAR,4,NONE,,True,True,2918,706,2212,3.13314447592068,1.0,2022-06-30T00:00:00+0000,-0.5068467974321746
2022-05-02T00:00:00+0000,2022-05-03T00:00:00+0000,2021-12-31T23:59:59+0000,XGB_V3_1_Y2022_N2918_P706_SEED42,38525.16,-0.08202023734156783,-0.18298223253102186,-0.0003503260149035903,-0.021244785916709863,-0.17293391592320473,-0.2884561619435502,0.10753761003982261,0.6414650678634644,DEEP_BEAR,4,NONE,,True,True,2918,706,2212,3.13314447592068,1.0,2022-07-01T00:00:00+0000,-0.5075740113733467
2022-05-03T00:00:00+0000,2022-05-04T00:00:00+0000,2021-12-31T23:59:59+0000,XGB_V3_1_Y2022_N2918_P706_SEED42,37728.95,-0.10015940953931979,-0.19783114208564578,-0.0014150411144912,-0.023575417538074017,-0.19002711649142534,-0.4201990452556527,0.11172896825169898,0.6324298977851868,DEEP_BEAR,4,NONE,,True,True,2918,706,2212,3.13314447592068,1.0,2022-07-02T00:00:00+0000,-0.4971821373242562
2022-05-04T00:00:00+0000,2022-05-05T00:00:00+0000,2021-12-31T23:59:59+0000,XGB_V3_1_Y2022_N2918_P706_SEED42,39690.0,-0.053573045039235545,-0.15423173423347702,-0.0012447230151559907,-0.02544890986126025,-0.12764533474879425,0.026085516504984533,0.11149322779489144,0.6635415554046631,DEEP_BEAR,4,NONE,,True,True,2918,706,2212,3.13314447592068,1.0,2022-07-03T00:00:00+0000,-0.5220259511211892
2022-05-05T00:00:00+0000,2022-05-06T00:00:00+0000,2021-12-31T23:59:59+0000,XGB_V3_1_Y2022_N2918_P706_SEED42,36552.97,-0.12647693340400734,-0.21900154623313095,-0.00436818391311844,-0.02788118807315798,-0.1586223612409392,-0.5602545623421886,0.12792319568844707,0.7628817558288574,DEEP_BEAR,4,NONE,,True,True,2918,706,2212,3.13314447592068,1.0,2022-07-04T00:00:00+0000,-0.4810055106329253
2022-05-06T00:00:00+0000,2022-05-07T00:00:00+0000,2021-12-31T23:59:59+0000,XGB_V3_1_Y2022_N2918_P706_SEED42,36013.77,-0.13734043360937587,-0.2283792715063624,-0.0067607851346216385,-0.030515718622474375,-0.1710336871282444,-0.5484382329867142,0.14635311890387837,0.7717041969299316,DEEP_BEAR,4,NONE,,True,True,2918,706,2212,3.13314447592068,1.0,2022-07-05T00:00:00+0000,-0.47323509868586366
2022-05-07T00:00:00+0000,2022-05-08T00:00:00+0000,2021-12-31T23:59:59+0000,XGB_V3_1_Y2022_N2918_P706_SEED42,35472.39,-0.1477422657367774,-0.23762589979174598,-0.009989391422459137,-0.03332237090756285,-0.1703135404735514,-0.53117435741819,0.1679303325549164,0.7717041969299316,DEEP_BEAR,4,NONE,,True,True,2918,706,2212,3.13314447592068,1.0,2022-07-06T00:00:00+0000,-0.46519560706228136
2022-05-08T00:00:00+0000,2022-05-09T00:00:00+0000,2021-12-31T23:59:59+0000,XGB_V3_1_Y2022_N2918_P706_SEED42,34038.4,-0.17897488758808133,-0.2659239040985212,-0.012839581104726272,-0.03634005602628143,-0.20385405144832158,-0.6028424399752259,0.196345514262991,0.6967779397964478,DEEP_BEAR,4,NONE,,True,True,2918,706,2212,3.13314447592068,1.0,2022-07-07T00:00:00+0000,-0.44266504888596414
2022-05-09T00:00:00+0000,2022-05-10T00:00:00+0000,2021-12-31T23:59:59+0000,XGB_V3_1_Y2022_N2918_P706_SEED42,30076.31,-0.2706067806116068,-0.3491166736383894,-0.017780140913597475,-0.039013482297463375,-0.28659557838982797,-0.7812967755635711,0.26788444077260887,0.690112829208374,DEEP_BEAR,4,NONE,,True,True,2918,706,2212,3.13314447592068,1.0,2022-07-08T00:00:00+0000,-0.3692447644009521
2022-05-10T00:00:00+0000,2022-05-11T00:00:00+0000,2021-12-31T23:59:59+0000,XGB_V3_1_Y2022_N2918_P706_SEED42,31017.1,-0.2441305502058264,-0.3265949617848106,-0.022025181813603023,-0.041473191693011,-0.25247715407688687,-0.5700308813051953,0.304065575564827,0.696925699710846,DEEP_BEAR,4,NONE,,True,True,2918,706,2212,3.13314447592068,1.0,2022-07-09T00:00:00+0000,-0.38837641172127624
2022-05-11T00:00:00+0000,2022-05-12T00:00:00+0000,2021-12-31T23:59:59+0000,XGB_V3_1_Y2022_N2918_P706_SEED42,29103.94,-0.2861396076179188,-0.36591591768470977,-0.028188669370653452,-0.044053977841004954,-0.2985849722773719,-0.5938327180991125,0.35763672685796394,0.6048094630241394,DEEP_BEAR,4,NONE,,True,True,2918,706,2212,3.13314447592068,1.0,2022-07-10T00:00:00+0000,-0.3481710723702701
2022-05-12T00:00:00+0000,2022-05-13T00:00:00+0000,2021-12-31T23:59:59+0000,XGB_V3_1_Y2022_N2918_P706_SEED42,29029.75,-0.2830873980886871,-0.36533217110799454,-0.03513681203796559,-0.04642289800624022,-0.30037297695669507,-0.504786232659155,0.40188318160380937,0.4894603192806244,DEEP_BEAR,4,NONE,,True,True,2918,706,2212,3.13314447592068,1.0,2022-07-11T00:00:00+0000,-0.3465052230901058
2022-05-13T00:00:00+0000,2022-05-14T00:00:00+0000,2021-12-31T23:59:59+0000,XGB_V3_1_Y2022_N2918_P706_SEED42,29287.05,-0.2714418426651407,-0.357332966779464,-0.04125687164157277,-0.048752409000117125,-0.2941719578976594,-0.4244733057452955,0.4344897518760356,0.4356924891471863,DEEP_BEAR,4,NONE,,True,True,2918,706,2212,3.13314447592068,1.0,2022-07-12T00:00:00+0000,-0.35224647070975046
2022-05-14T00:00:00+0000,2022-05-15T00:00:00+0000,2021-12-31T23:59:59+0000,XGB_V3_1_Y2022_N2918_P706_SEED42,30086.74,-0.24621303647274084,-0.3375868221179278,-0.048228901807509605,-0.05033629878153778,-0.2748991521016224,-0.3340141065405578,0.45235348883548193,0.4210720658302307,DEEP_BEAR,4,NONE,,True,True,2918,706,2212,3.13314447592068,1.0,2022-07-13T00:00:00+0000,-0.36946342475123595
2022-05-15T00:00:00+0000,2022-05-16T00:00:00+0000,2021-12-31T23:59:59+0000,XGB_V3_1_Y2022_N2918_P706_SEED42,31328.89,-0.20987338661425137,-0.3081759531336795,-0.05245460493835996,-0.05184359486001555,-0.24496290715727265,-0.2325730450067588,0.4495472734453694,0.38823479413986206,DEEP_BEAR,4,NONE,,True,True,2918,706,2212,3.13314447592068,1.0,2022-07-14T00:00:00+0000,-0.3944633850736492
2022-05-16T00:00:00+0000,2022-05-17T00:00:00+0000,2021-12-31T23:59:59+0000,XGB_V3_1_Y2022_N2918_P706_SEED42,29874.01,-0.2400673769052143,-0.338059613585859,-0.05835047984169872,-0.05348828774433223,-0.28002601873368105,-0.29280280058688807,0.46435042317218705,0.3273222744464874,DEEP_BEAR,4,NONE,,True,True,2918,706,2212,3.13314447592068,1.0,2022-07-15T00:00:00+0000,-0.36497343342925836
2022-05-17T00:00:00+0000,2022-05-18T00:00:00+0000,2021-12-31T23:59:59+0000,XGB_V3_1_Y2022_N2918_P706_SEED42,30444.93,-0.218917102128118,-0.32302361939221924,-0.06352033478483854,-0.0552671009518394,-0.2662666491216147,-0.23296952669234255,0.46406192667106333,0.089603953063488,DEEP_BEAR,4,NONE,,True,True,2918,706,2212,3.13314447592068,1.0,2022-07-16T00:00:00+0000,-0.37688179936692245
2022-05-18T00:00:00+0000,2022-05-19T00:00:00+0000,2021-12-31T23:59:59+0000,XGB_V3_1_Y2022_N2918_P706_SEED42,28715.32,-0.25614642738039917,-0.35912178804818484,-0.0688631580881075,-0.05727131661855678,-0.3079508487900904,-0.31141701456692605,0.46552183640216865,0.09871483594179153,DEEP_BEAR,4,NONE,,True,True,2918,706,2212,3.13314447592068,1.0,2022-07-17T00:00:00+0000,-0.33934951795766155
2022-05-19T00:00:00+0000,2022-05-20T00:00:00+0000,2021-12-31T23:59:59+0000,XGB_V3_1_Y2022_N2918_P706_SEED42,30319.23,-0.20772322443743818,-0.3209776844734422,-0.07193496393930299,-0.058661288668272804,-0.2669111003165274,-0.18794035081992275,0.45732499866041,0.09372027963399887,DEEP_BEAR,4,NONE,,True,True,2918,706,2212,3.13314447592068,1.0,2022-07-18T00:00:00+0000,-0.37429842380561773
2022-05-20T00:00:00+0000,2022-05-21T00:00:00+0000,2021-12-31T23:59:59+0000,XGB_V3_1_Y2022_N2918_P706_SEED42,29201.01,-0.23038368579487134,-0.34369061307847937,-0.07536738117207364,-0.06018439191298808,-0.27863135409304496,-0.23706247894536822,0.45697269521041206,0.09087210893630981,DEEP_BEAR,4,NONE,,True,True,2918,706,2212,3.13314447592068,1.0,2022-07-19T00:00:00+0000,-0.35033788214859685
2022-05-21T00:00:00+0000,2022-05-22T00:00:00+0000,2021-12-31T23:59:59+0000,XGB_V3_1_Y2022_N2918_P706_SEED42,29445.06,-0.21700180702691052,-0.33568400244706487,-0.07761297798514188,-0.061879051034503085,-0.271632075135655,-0.2000762305609498,0.4414270228464705,0.09372027963399887,DEEP_BEAR,4,NONE,,True,True,2918,706,2212,3.13314447592068,1.0,2022-07-20T00:00:00+0000,-0.355722487914781
2022-05-22T00:00:00+0000,2022-05-23T00:00:00+0000,2021-12-31T23:59:59+0000,XGB_V3_1_Y2022_N2918_P706_SEED42,30293.94,-0.18772519762885653,-0.31400933692568,-0.07896592366765498,-0.06346371915336912,-0.25063374930243054,-0.12113317712447588,0.4121859375641365,0.0890866219997406,DEEP_BEAR,4,NONE,,True,True,2918,706,2212,3.13314447592068,1.0,2022-07-21T00:00:00+0000,-0.37377607534708257
2022-05-23T00:00:00+0000,2022-05-24T00:00:00+0000,2021-12-31T23:59:59+0000,XGB_V3_1_Y2022_N2918_P706_SEED42,29109.15,-0.21218504025776208,-0.33841990102047703,-0.08083411470297364,-0.06451210964038656,-0.27994131511143305,-0.19242375393306824,0.3875712232045449,0.10100409388542175,DEEP_BEAR,4,NONE,,True,True,2918,706,2212,3.13314447592068,1.0,2022-07-22T00:00:00+0000,-0.3482877377044675
2022-05-24T00:00:00+0000,2022-05-25T00:00:00+0000,2021-12-31T23:59:59+0000,XGB_V3_1_Y2022_N2918_P706_SEED42,29654.58,-0.1900024560030581,-0.32361915262115204,-0.08276300126765168,-0.06573352940965083,-0.26644928224552067,-0.13471096795501544,0.31144561971339496,0.05015921965241432,DEEP_BEAR,4,NONE,,True,True,2918,706,2212,3.13314447592068,1.0,2022-07-23T00:00:00+0000,-0.36027453432151124
2022-05-25T00:00:00+0000,2022-05-26T00:00:00+0000,2021-12-31T23:59:59+0000,XGB_V3_1_Y2022_N2918_P706_SEED42,29542.15,-0.1859781993162073,-0.3237210450556456,-0.08471204930040188,-0.06665172292533594,-0.2566529624652163,-0.12910775346256548,0.26841917969771395,0.049527741968631744,DEEP_BEAR,4,NONE,,True,True,2918,706,2212,3.13314447592068,1.0,2022-07-24T00:00:00+0000,-0.3578398999395779
2022-05-26T00:00:00+0000,2022-05-27T00:00:00+0000,2021-12-31T23:59:59+0000,XGB_V3_1_Y2022_N2918_P706_SEED42,29201.35,-0.18912648223464368,-0.32890543162152697,-0.08392426592463931,-0.06770253129467607,-0.26522825811539263,-0.16033520868779466,0.2186106166441123,0.04853648319840431,DEEP_BEAR,4,NONE,,True,True,2918,706,2212,3.13314447592068,1.0,2022-07-25T00:00:00+0000,-0.3503454463577882
2022-05-27T00:00:00+0000,2022-05-28T00:00:00+0000,2021-12-31T23:59:59+0000,XGB_V3_1_Y2022_N2918_P706_SEED42,28629.8,-0.19840240230762718,-0.3390866484879368,-0.08368656089509963,-0.06899616074326409,-0.27960974352870904,-0.27315925660736184,0.1578551482966464,0.04773736745119095,DEEP_BEAR,4,NONE,,True,True,2918,706,2212,3.13314447592068,1.0,2022-07-26T00:00:00+0000,-0.3373760906468085
2022-05-28T00:00:00+0000,2022-05-29T00:00:00+0000,2021-12-31T23:59:59+0000,XGB_V3_1_Y2022_N2918_P706_SEED42,29031.33,-0.18109754631112795,-0.32687148979375436,-0.08164931795306696,-0.06987591217865485,-0.2685479969765684,-0.22066035255447447,0.09748918704102073,0.04160052165389061,DEEP_BEAR,4,NONE,,True,True,2918,706,2212,3.13314447592068,1.0,2022-07-27T00:00:00+0000,-0.3465407888649952
2022-05-29T00:00:00+0000,2022-05-30T00:00:00+0000,2021-12-31T23:59:59+0000,XGB_V3_1_Y2022_N2918_P706_SEED42,29468.1,-0.16250007986177517,-0.31392765781906495,-0.08055423132977835,-0.07047555179276632,-0.2575434618291762,-0.05955338172248808,0.09691816345265596,0.03680136427283287,DEEP_BEAR,4,NONE,,True,True,2918,706,2212,3.13314447592068,1.0,2022-07-28T00:00:00+0000,-0.35622622428999484
2022-05-30T00:00:00+0000,2022-05-31T00:00:00+0000,2021-12-31T23:59:59+0000,XGB_V3_1_Y2022_N2918_P706_SEED42,31734.22,-0.09271961052181543,-0.2583155128942769,-0.0781448281358621,-0.07106825666671779,-0.20044797178130513,0.6440153298217136,0.10774809796519912,0.03323066979646683,DEEP_BEAR,4,NONE,,True,True,2918,706,2212,3.13314447592068,1.0,2022-07-29T00:00:00+0000,-0.40219769069477684
2022-05-31T00:00:00+0000,2022-06-01T00:00:00+0000,2021-12-31T23:59:59+0000,XGB_V3_1_Y2022_N2918_P706_SEED42,31801.04,-0.08677306526737749,-0.25393591681222083,-0.07400012690687607,-0.07133248319034824,-0.19876442428823382,0.5462385227260305,0.12228213840961513,0.040537018328905106,DEEP_BEAR,4,NONE,,True,True,2918,706,2212,3.13314447592068,1.0,2022-07-30T00:00:00+0000,-0.403453786417048
2022-06-01T00:00:00+0000,2022-06-02T00:00:00+0000,2021-12-31T23:59:59+0000,XGB_V3_1_Y2022_N2918_P706_SEED42,29805.83,-0.1389911124113975,-0.29789681726209394,-0.07180162033887372,-0.07188141938191306,-0.24903426555807506,-0.011989703037834618,0.11975207545470226,0.03960007429122925,DEEP_BEAR,4,NONE,,True,True,2918,706,2212,3.13314447592068,1.0,2022-07-31T00:00:00+0000,-0.3635208279722457
2022-06-02T00:00:00+0000,2022-06-03T00:00:00+0000,2021-12-31T23:59:59+0000,XGB_V3_1_Y2022_N2918_P706_SEED42,30452.62,-0.11483762606447245,-0.2796861185229842,-0.06889980487870717,-0.07228778950586867,-0.23273822121441168,0.15274369179408223,0.11944899866463733,0.04077843576669693,DEEP_BEAR,4,NONE,,True,True,2918,706,2212,3.13314447592068,1.0,2022-08-01T00:00:00+0000,-0.37703915131111865
2022-06-03T00:00:00+0000,2022-06-04T00:00:00+0000,2021-12-31T23:59:59+0000,XGB_V3_1_Y2022_N2918_P706_SEED42,29700.21,-0.13153686483270433,-0.2946548446920568,-0.0658856225860679,-0.07293184557472232,-0.18747477975113924,-0.052461476293542225,0.11953732146833894,0.03960007429122925,DEEP_BEAR,4,NONE,,True,True,2918,706,2212,3.13314447592068,1.0,2022-08-02T00:00:00+0000,-0.3612573783148334
2022-06-04T00:00:00+0000,2022-06-05T00:00:00+0000,2021-12-31T23:59:59+0000,XGB_V3_1_Y2022_N2918_P706_SEED42,29864.04,-0.12125373924953331,-0.2882119875947414,-0.06356204961128797,-0.07349336318267885,-0.1707605174354142,0.014956709670214619,0.11132807198964545,0.04122091457247734,DEEP_BEAR,4,NONE,,True,True,2918,706,2212,3.13314447592068,1.0,2022-08-03T00:00:00+0000,-0.3647614321438091
2022-06-05T00:00:00+0000,2022-06-06T00:00:00+0000,2021-12-31T23:59:59+0000,XGB_V3_1_Y2022_N2918_P706_SEED42,29919.21,-0.11417778306679716,-0.2843020229526957,-0.06210603573789786,-0.07371274297124852,-0.1565493613483614,0.030889177939584712,0.11134925582681435,0.042360130697488785,DEEP_BEAR,4,NONE,,True,True,2918,706,2212,3.13314447592068,1.0,2022-08-04T00:00:00+0000,-0.36593279033771275
2022-06-06T00:00:00+0000,2022-06-07T00:00:00+0000,2021-12-31T23:59:59+0000,XGB_V3_1_Y2022_N2918_P706_SEED42,31373.1,-0.06654173784066131,-0.24722591769701696,-0.05897616753337709,-0.0732740751015466,-0.07830274043433305,0.42522570972505574,0.11891407732286949,0.032468073070049286,DEEP_BEAR,4,NONE,,True,True,2918,706,2212,3.13314447592068,1.0,2022-08-05T00:00:00+0000,-0.39531668850065815
2022-06-07T00:00:00+0000,2022-06-08T00:00:00+0000,2021-12-31T23:59:59+0000,XGB_V3_1_Y2022_N2918_P706_SEED42,31125.33,-0.06855068112388363,-0.25075055673427715,-0.05741619176872448,-0.07285132409503603,-0.02124804723367535,0.321667873994166,0.11838202611455542,0.10698443651199341,DEEP_BEAR,4,NONE,,True,True,2918,706,2212,3.13314447592068,1.0,2022-08-06T00:00:00+0000,-0.39050316896238535
2022-06-08T00:00:00+0000,2022-06-09T00:00:00+0000,2021-12-31T23:59:59+0000,XGB_V3_1_Y2022_N2918_P706_SEED42,30204.77,-0.08995058934893085,-0.27031923032700833,-0.05671441085894591,-0.07293857189331221,-0.050195528196562145,0.06406321775741375,0.11816230949053386,0.11977018415927887,DEEP_BEAR,4,NONE,,True,True,2918,706,2212,3.13314447592068,1.0,2022-08-07T00:00:00+0000,-0.37192734789902393
2022-06-09T00:00:00+0000,2022-06-10T00:00:00+0000,2021-12-31T23:59:59+0000,XGB_V3_1_Y2022_N2918_P706_SEED42,30109.93,-0.08661709961844843,-0.2700966076050142,-0.05752342509164021,-0.0728391039378038,-0.053177820599577874,0.02496392099837142,0.11559988897339037,0.10388278216123581,DEEP_BEAR,4,NONE,,True,True,2918,706,2212,3.13314447592068,1.0,2022-08-08T00:00:00+0000,-0.3699490500310031
2022-06-10T00:00:00+0000,2022-06-11T00:00:00+0000,2021-12-31T23:59:59+0000,XGB_V3_1_Y2022_N2918_P706_SEED42,29091.88,-0.11135982332201355,-0.2924466087450156,-0.05988012950260124,-0.07236988793905397,-0.08519092457353594,-0.258786689887762,0.11767446808401412,0.04202223941683769,DEEP_BEAR,4,NONE,,True,True,2918,706,2212,3.13314447592068,1.0,2022-08-09T00:00:00+0000,-0.347900857558879
2022-06-11T00:00:00+0000,2022-06-12T00:00:00+0000,2021-12-31T23:59:59+0000,XGB_V3_1_Y2022_N2918_P706_SEED42,28424.7,-0.1257122321676124,-0.3062167913913084,-0.06082201934260023,-0.07224233972716843,-0.10617074158580975,-0.39389539959379805,0.12624626957429178,0.05437285825610161,DEEP_BEAR,4,NONE,,True,True,2918,706,2212,3.13314447592068,1.0,2022-08-10T00:00:00+0000,-0.3325948910630543
2022-06-12T00:00:00+0000,2022-06-13T00:00:00+0000,2021-12-31T23:59:59+0000,XGB_V3_1_Y2022_N2918_P706_SEED42,26574.53,-0.17609837562480446,-0.34894688875820745,-0.06246278713853737,-0.07231169358117762,-0.16435028539947127,-0.6784359926953871,0.1588966531525535,0.07802268117666245,DEEP_BEAR,4,NONE,,True,True,2918,706,2212,3.13314447592068,1.0,2022-08-11T00:00:00+0000,-0.28612886098079626
2022-06-13T00:00:00+0000,2022-06-14T00:00:00+0000,2021-12-31T23:59:59+0000,XGB_V3_1_Y2022_N2918_P706_SEED42,22487.41,-0.29540212507130925,-0.4466053656600534,-0.0667672369107346,-0.07316160118339643,-0.29287186834141277,-0.8747327795840123,0.26959766602834984,0.07341668754816055,DEEP_BEAR,4,NONE,,True,True,2918,706,2212,3.13314447592068,0.0,2022-08-12T00:00:00+0000,-0.15638172648606485
2022-06-14T00:00:00+0000,2022-06-15T00:00:00+0000,2021-12-31T23:59:59+0000,XGB_V3_1_Y2022_N2918_P706_SEED42,22136.41,-0.29835820699762394,-0.4531174116690547,-0.07166083768311249,-0.07339024618474366,-0.3039092432197186,-0.6810308244932773,0.3497160483565684,0.06820794194936752,ACCUMULATION,4,NONE,,True,True,2918,706,2212,3.13314447592068,0.0,2022-08-13T00:00:00+0000,-0.143005121426645
2022-06-15T00:00:00+0000,2022-06-16T00:00:00+0000,2021-12-31T23:59:59+0000,XGB_V3_1_Y2022_N2918_P706_SEED42,22583.72,-0.27706342338734447,-0.4398428654432516,-0.0751064967318722,-0.07345524283497784,-0.2898433510350604,-0.5286144798342103,0.40449237605928773,0.07259716093540192,ACCUMULATION,4,NONE,,True,True,2918,706,2212,3.13314447592068,0.0,2022-08-14T00:00:00+0000,-0.1599794010906972
2022-06-16T00:00:00+0000,2022-06-17T00:00:00+0000,2021-12-31T23:59:59+0000,XGB_V3_1_Y2022_N2918_P706_SEED42,20401.31,-0.33895433191604085,-0.4916497723330253,-0.08174339325174285,-0.07355158234357584,-0.3584703519130191,-0.5775360346782185,0.4839082172750041,0.067807637155056,ACCUMULATION,4,NONE,,True,True,2918,706,2212,3.13314447592068,0.0,2022-08-15T00:00:00+0000,-0.0701190266703462
2022-06-17T00:00:00+0000,2022-06-18T00:00:00+0000,2021-12-31T23:59:59+0000,XGB_V3_1_Y2022_N2918_P706_SEED42,20468.81,-0.32837871347692715,-0.487586115821543,-0.0879610052914439,-0.07380430305174457,-0.35634777982103727,-0.4852798872690289,0.5481208169164578,0.06059796363115311,DEEP_BEAR,4,NONE,,True,True,2918,706,2212,3.13314447592068,0.0,2022-08-16T00:00:00+0000,-0.07318549539518904
2022-06-18T00:00:00+0000,2022-06-19T00:00:00+0000,2021-12-31T23:59:59+0000,XGB_V3_1_Y2022_N2918_P706_SEED42,18970.79,-0.3694103522313791,-0.5228189055125132,-0.09358304736985912,-0.07440720674316403,-0.403453786417048,-0.49202839166494217,0.6232587637753093,0.017483392730355263,ACCUMULATION,4,NONE,,True,True,2918,706,2212,3.13314447592068,0.0,2022-08-17T00:00:00+0000,0.014866012432797948
2022-06-19T00:00:00+0000,2022-06-20T00:00:00+0000,2021-12-31T23:59:59+0000,XGB_V3_1_Y2022_N2918_P706_SEED42,20574.0,-0.308275885613133,-0.4800988122570048,-0.09774572086548405,-0.07511168375344313,-0.3530400263639176,-0.3553084631483939,0.6541165943044667,0.0520053505897522,ACCUMULATION,4,NONE,,True,True,2918,706,2212,3.13314447592068,0.0,2022-08-18T00:00:00+0000,-0.06421648682803527
2022-06-20T00:00:00+0000,2022-06-21T00:00:00+0000,2021-12-31T23:59:59+0000,XGB_V3_1_Y2022_N2918_P706_SEED42,20573.89,-0.299854954789357,-0.4777321951098823,-0.10240060603237433,-0.07581701489118775,-0.35304348537028984,-0.32017487250486754,0.6746236659529509,0.0520053505897522,ACCUMULATION,4,NONE,,True,True,2918,706,2212,3.13314447592068,0.0,2022-08-19T00:00:00+0000,-0.06421148358429052
2022-06-21T00:00:00+0000,2022-06-22T00:00:00+0000,2021-12-31T23:59:59+0000,XGB_V3_1_Y2022_N2918_P706_SEED42,20723.52,-0.286113436226093,-0.4717293790768404,-0.10712054724538866,-0.07592592210899751,-0.34833829333883426,-0.28122146909808854,0.6983439039614615,0.04650323837995529,ACCUMULATION,4,NONE,,True,True,2918,706,2212,3.13314447592068,0.0,2022-08-20T00:00:00+0000,-0.0709681559889439
2022-06-22T00:00:00+0000,2022-06-23T00:00:00+0000,2021-12-31T23:59:59+0000,XGB_V3_1_Y2022_N2918_P706_SEED42,19987.99,-0.3029308938776063,-0.48857797255867375,-0.11099735125282084,-0.07554278769293421,-0.37146741112869264,-0.2907219892751235,0.7184164129232583,0.01510883029550314,ACCUMULATION,4,NONE,,True,True,2918,706,2212,3.13314447592068,0.0,2022-08-21T00:00:00+0000,-0.03678108704276917
2022-06-23T00:00:00+0000,2022-06-24T00:00:00+0000,2021-12-31T23:59:59+0000,XGB_V3_1_Y2022_N2918_P706_SEED42,21110.13,-0.25413104625527827,-0.45790468467386647,-0.11319064012290847,-0.07517955695634282,-0.3361811437613361,-0.2067724472806742,0.7254064157612775,0.04694022983312607,ACCUMULATION,4,NONE,,True,True,2918,706,2212,3.13314447592068,0.0,2022-08-22T00:00:00+0000,-0.08798240465596374
2022-06-24T00:00:00+0000,2022-06-25T00:00:00+0000,2021-12-31T23:59:59+0000,XGB_V3_1_Y2022_N2918_P706_SEED42,21237.69,-0.24141428672849685,-0.452576327965871,-0.11261746331382516,-0.07533202891633495,-0.3321699541901775,-0.17933759654104858,0.7234621572083926,0.04694022983312607,ACCUMULATION,4,NONE,,True,True,2918,706,2212,3.13314447592068,0.0,2022-08-23T00:00:00+0000,-0.09346025862511398
2022-06-25T00:00:00+0000,2022-06-26T00:00:00+0000,2021-12-31T23:59:59+0000,XGB_V3_1_Y2022_N2918_P706_SEED42,21491.19,-0.22431211230385828,-0.44395686853657235,-0.11309281902395196,-0.07544734337952319,-0.32419851677806766,-0.14596550078152942,0.7116913513948965,0.04694022983312607,DEEP_BEAR,4,NONE,,True,True,2918,706,2212,3.13314447592068,0.0,2022-08-24T00:00:00+0000,-0.10415337633700128
2022-06-26T00:00:00+0000,2022-06-27T00:00:00+0000,2021-12-31T23:59:59+0000,XGB_V3_1_Y2022_N2918_P706_SEED42,21038.07,-0.23267141621467935,-0.45359998837806526,-0.11162172817905402,-0.07614796409943447,-0.33844710739019856,-0.15345436413565058,0.6741962577229306,0.04694022983312607,ACCUMULATION,4,NONE,,True,True,2918,706,2212,3.13314447592068,0.0,2022-08-25T00:00:00+0000,-0.08485854453379038
2022-06-27T00:00:00+0000,2022-06-28T00:00:00+0000,2021-12-31T23:59:59+0000,XGB_V3_1_Y2022_N2918_P706_SEED42,20742.56,-0.23604010181024804,-0.4593933081526844,-0.10911088965095839,-0.07637984373691709,-0.3477395707813329,-0.15395034086196763,0.623924514222228,0.04592539742588997,ACCUMULATION,4,NONE,,True,True,2918,706,2212,3.13314447592068,0.0,2022-08-26T00:00:00+0000,-0.07182093242107046
2022-06-28T00:00:00+0000,2022-06-29T00:00:00+0000,2021-12-31T23:59:59+0000,XGB_V3_1_Y2022_N2918_P706_SEED42,20281.29,-0.24760027577925137,-0.4695586317922308,-0.10399926169902352,-0.07633272692949122,-0.3622444423201253,-0.16908925652053466,0.5714232906147172,0.04592539742588997,ACCUMULATION,4,NONE,,True,True,2918,706,2212,3.13314447592068,0.0,2022-08-27T00:00:00+0000,-0.050710778259173805
2022-06-29T00:00:00+0000,2022-06-30T00:00:00+0000,2021-12-31T23:59:59+0000,XGB_V3_1_Y2022_N2918_P706_SEED42,20123.01,-0.24738880548197195,-0.4716762816761638,-0.10104811030311944,-0.0766880187863751,-0.3672216380344795,-0.1683027472658702,0.49483439578128974,0.043419599533081055,ACCUMULATION,4,NONE,,True,True,2918,706,2212,3.13314447592068,0.0,2022-08-28T00:00:00+0000,-0.04324402760819568
2022-06-30T00:00:00+0000,2022-07-01T00:00:00+0000,2021-12-31T23:59:59+0000,XGB_V3_1_Y2022_N2918_P706_SEED42,19942.21,-0.2490041935116032,-0.4743452889534797,-0.09633517131862224,-0.07730077978921868,-0.3643532197965773,-0.1767183686173159,0.40845677591279406,0.04506487771868706,ACCUMULATION,4,NONE,,True,True,2918,706,2212,3.13314447592068,0.0,2022-08-29T00:00:00+0000,-0.03456988969627728
2022-07-01T00:00:00+0000,2022-07-02T00:00:00+0000,2021-12-31T23:59:59+0000,XGB_V3_1_Y2022_N2918_P706_SEED42,19279.8,-0.26857851653968634,-0.48996231251957334,-0.09196937624401258,-0.07736876925563907,-0.3854671677328667,-0.28049641018462623,0.29769935210353093,0.03796897456049919,ACCUMULATION,4,NONE,,True,True,2918,706,2212,3.13314447592068,0.0,2022-08-30T00:00:00+0000,-0.00139991078745616
2022-07-02T00:00:00+0000,2022-07-03T00:00:00+0000,2021-12-31T23:59:59+0000,XGB_V3_1_Y2022_N2918_P706_SEED42,19252.81,-0.26399895786759386,-0.4887089378110302,-0.08773207071833089,-0.0774779607550028,-0.38632745887400344,-0.36498909042948363,0.18788929814408864,0.04112052172422409,ACCUMULATION,4,NONE,,True,True,2918,706,2212,3.13314447592068,0.0,2022-08-31T00:00:00+0000,0.003273288418677689
2022-07-03T00:00:00+0000,2022-07-04T00:00:00+0000,2021-12-31T23:59:59+0000,XGB_V3_1_Y2022_N2918_P706_SEED42,19315.83,-0.25545847101523955,-0.4850147182214608,-0.08336577189654604,-0.07697372668386804,-0.38431873165227526,-0.32540007116918257,0.1791770094058593,0.04112052172422409,DEEP_BEAR,4,NONE,,True,True,2918,706,2212,3.13314447592068,0.0,2022-09-01T00:00:00+0000,0.0006688814304121049
2022-07-04T00:00:00+0000,2022-07-05T00:00:00+0000,2021-12-31T23:59:59+0000,XGB_V3_1_Y2022_N2918_P706_SEED42,20236.71,-0.21323482323504317,-0.4584852296405002,-0.08126098202614973,-0.07675597075479457,-0.3549661971561624,-0.05353539965025212,0.1647330703012922,0.04507257416844368,ACCUMULATION,4,NONE,,True,True,2918,706,2212,3.13314447592068,0.0,2022-09-02T00:00:00+0000,-0.044866976894959665
2022-07-05T00:00:00+0000,2022-07-06T00:00:00+0000,2021-12-31T23:59:59+0000,XGB_V3_1_Y2022_N2918_P706_SEED42,20175.83,-0.2096416786969858,-0.4582329234204938,-0.07863029983134329,-0.0762952182417076,-0.35690671307585153,-0.04440260278139133,0.1337554695960111,0.043824002146720886,ACCUMULATION,4,NONE,,True,True,2918,706,2212,3.13314447592068,0.0,2022-09-03T00:00:00+0000,-0.04198488984096327
2022-07-06T00:00:00+0000,2022-07-07T00:00:00+0000,2021-12-31T23:59:59+0000,XGB_V3_1_Y2022_N2918_P706_SEED42,20564.51,-0.18813102258086278,-0.44584143725893477,-0.07613630779900271,-0.07532464026538888,-0.339299856419193,0.09545691112026379,0.13413318516200273,0.045122142881155014,ACCUMULATION,4,NONE,,True,True,2918,706,2212,3.13314447592068,0.0,2022-09-04T00:00:00+0000,-0.060091876733265104
2022-07-07T00:00:00+0000,2022-07-08T00:00:00+0000,2021-12-31T23:59:59+0000,XGB_V3_1_Y2022_N2918_P706_SEED42,21624.98,-0.1414581201335321,-0.41529063030434554,-0.07231093670519673,-0.07414291304567344,-0.2840541411174461,0.42715961631395943,0.14516485623247322,0.044239770621061325,ACCUMULATION,4,NONE,,True,True,2918,706,2212,3.13314447592068,0.0,2022-09-05T00:00:00+0000,-0.10618414444776358
2022-07-08T00:00:00+0000,2022-07-09T00:00:00+0000,2021-12-31T23:59:59+0000,XGB_V3_1_Y2022_N2918_P706_SEED42,21594.75,-0.13667764445355246,-0.4141024754800201,-0.072042157940441,-0.07290480553733891,-0.2828030486952311,0.3862627601128629,0.13911403471902517,0.044239770621061325,ACCUMULATION,4,NONE,,True,True,2918,706,2212,3.13314447592068,0.0,2022-09-06T00:00:00+0000,-0.12985285775477828
2022-07-09T00:00:00+0000,2022-07-10T00:00:00+0000,2021-12-31T23:59:59+0000,XGB_V3_1_Y2022_N2918_P706_SEED42,21591.83,-0.13151044876131934,-0.41200424382579204,-0.07017207451744001,-0.07206547240439598,-0.2578056144876164,0.3482400975735112,0.14639953501853137,0.045248717069625854,ACCUMULATION,4,NONE,,True,True,2918,706,2212,3.13314447592068,0.0,2022-09-07T00:00:00+0000,-0.12973518224254266
2022-07-10T00:00:00+0000,2022-07-11T00:00:00+0000,2021-12-31T23:59:59+0000,XGB_V3_1_Y2022_N2918_P706_SEED42,20862.47,-0.15501345001807343,-0.4297134817094014,-0.07022009496295079,-0.07135556304488666,-0.2660443206084848,0.10051843764506602,0.14691724116425178,0.046532366424798965,ACCUMULATION,4,NONE,,True,True,2918,706,2212,3.13314447592068,0.0,2022-09-08T00:00:00+0000,-0.09931038846311102
2022-07-11T00:00:00+0000,2022-07-12T00:00:00+0000,2021-12-31T23:59:59+0000,XGB_V3_1_Y2022_N2918_P706_SEED42,19963.61,-0.18459631337534865,-0.4519716379405646,-0.07117992293969833,-0.07139936543603365,-0.24876902808817314,-0.18212657797102025,0.14910212935549466,0.04853648319840431,DEEP_BEAR,4,NONE,,True,True,2918,706,2212,3.13314447592068,0.0,2022-09-09T00:00:00+0000,-0.05875690819445978
2022-07-12T00:00:00+0000,2022-07-13T00:00:00+0000,2021-12-31T23:59:59+0000,XGB_V3_1_Y2022_N2918_P706_SEED42,19328.75,-0.2041685489798618,-0.46709599358983933,-0.07153192584446233,-0.07196343128029548,-0.144129045170592,-0.3619847976649363,0.15629762984567658,0.0527057945728302,ACCUMULATION,4,NONE,,True,True,2918,706,2212,3.13314447592068,0.0,2022-09-10T00:00:00+0000,-0.02784142792472355
2022-07-13T00:00:00+0000,2022-07-14T00:00:00+0000,2021-12-31T23:59:59+0000,XGB_V3_1_Y2022_N2918_P706_SEED42,20234.87,-0.16034740520452195,-0.4397842354503618,-0.07108422867848407,-0.07246599779433016,-0.10400633730846831,-0.06629264452939918,0.1544079662514501,0.04063025116920471,ACCUMULATION,4,NONE,,True,True,2918,706,2212,3.13314447592068,0.0,2022-09-11T00:00:00+0000,-0.0713748099197078
2022-07-14T00:00:00+0000,2022-07-15T00:00:00+0000,2021-12-31T23:59:59+0000,XGB_V3_1_Y2022_N2918_P706_SEED42,20588.84,-0.13926367889915336,-0.42759242978168954,-0.07003421554208389,-0.07286536330030502,-0.08833265733014761,0.05759105731671497,0.15069273098968058,0.042433083057403564,ACCUMULATION,4,NONE,,True,True,2918,706,2212,3.13314447592068,0.0,2022-09-12T00:00:00+0000,-0.08734003469840945
2022-07-15T00:00:00+0000,2022-07-16T00:00:00+0000,2021-12-31T23:59:59+0000,XGB_V3_1_Y2022_N2918_P706_SEED42,20830.04,-0.12304188743858813,-0.4184718900285721,-0.0695267887112001,-0.07323972840967807,-0.036760265211805865,0.15346866035946485,0.14433382810981124,0.03364820405840874,ACCUMULATION,4,NONE,,True,True,2918,706,2212,3.13314447592068,0.0,2022-09-13T00:00:00+0000,-0.09790811731518523
2022-07-16T00:00:00+0000,2022-07-17T00:00:00+0000,2021-12-31T23:59:59+0000,XGB_V3_1_Y2022_N2918_P706_SEED42,21195.6,-0.10203056344697048,-0.40608189806312733,-0.06813770276560471,-0.07311904885948739,-0.019855740907043673,0.27217904731699166,0.1458130750756401,0.03933299705386162,ACCUMULATION,4,NONE,,True,True,2918,706,2212,3.13314447592068,0.0,2022-09-14T00:00:00+0000,-0.11346647417388511
2022-07-17T00:00:00+0000,2022-07-18T00:00:00+0000,2021-12-31T23:59:59+0000,XGB_V3_1_Y2022_N2918_P706_SEED42,20798.16,-0.11267839621885634,-0.41511525797333637,-0.06942875202681598,-0.07322633354156016,-0.03823448622842651,0.13727959700176176,0.14607359920448315,0.034617356956005096,ACCUMULATION,4,NONE,,True,True,2918,706,2212,3.13314447592068,0.0,2022-09-15T00:00:00+0000,-0.0965253657054278
2022-07-18T00:00:00+0000,2022-07-19T00:00:00+0000,2021-12-31T23:59:59+0000,XGB_V3_1_Y2022_N2918_P706_SEED42,22432.58,-0.03716830829403284,-0.3669546237514537,-0.06856263699079479,-0.07319963588667044,0.0,0.558421001911572,0.16911945941534662,0.05224942788481712,ACCUMULATION,4,NONE,,True,True,2918,706,2212,3.13314447592068,0.0,2022-09-16T00:00:00+0000,-0.16235181151699896
2022-07-19T00:00:00+0000,2022-07-20T00:00:00+0000,2021-12-31T23:59:59+0000,XGB_V3_1_Y2022_N2918_P706_SEED42,23396.62,0.011448501645933584,-0.33761667071267243,-0.06956831449724787,-0.0726345902723674,0.0,0.6413035381342782,0.2065016314763685,0.06627637892961502,ACCUMULATION,4,NONE,,True,True,2918,706,2212,3.13314447592068,0.0,2022-09-17T00:00:00+0000,-0.19686647045598893
2022-07-20T00:00:00+0000,2022-07-21T00:00:00+0000,2021-12-31T23:59:59+0000,XGB_V3_1_Y2022_N2918_P706_SEED42,23223.3,0.011457162069484994,-0.34023547263685194,-0.07004804990270719,-0.07218316911088707,-0.007407907637940858,0.5044237591303408,0.22835201231319327,0.0751073881983757,ACCUMULATION,4,NONE,,True,True,2918,706,2212,3.13314447592068,0.0,2022-09-18T00:00:00+0000,-0.19087252888263073
2022-07-21T00:00:00+0000,2022-07-22T00:00:00+0000,2021-12-31T23:59:59+0000,XGB_V3_1_Y2022_N2918_P706_SEED42,23152.19,0.014238384717718766,-0.3399930534211788,-0.06763571606536756,-0.07200996023991435,-0.010447235540860134,0.43167063096232694,0.2352021130486981,0.07428507506847382,ACCUMULATION,4,NONE,,True,True,2918,706,2212,3.13314447592068,0.0,2022-09-19T00:00:00+0000,-0.18838736205948547
2022-07-22T00:00:00+0000,2022-07-23T00:00:00+0000,2021-12-31T23:59:59+0000,XGB_V3_1_Y2022_N2918_P706_SEED42,22684.83,0.0005741843609661235,-0.3511185709849366,-0.06652312227215562,-0.07158048579514475,-0.030422770468554794,0.3071193796301717,0.22972653557299444,0.04766208678483963,ACCUMULATION,4,NONE,,True,True,2918,706,2212,3.13314447592068,0.0,2022-09-20T00:00:00+0000,-0.17166626331341261
2022-07-23T00:00:00+0000,2022-07-24T00:00:00+0000,2021-12-31T23:59:59+0000,XGB_V3_1_Y2022_N2918_P706_SEED42,22451.07,-0.0033630742549149995,-0.35565040611964605,-0.06524179506836147,-0.07104018540358503,-0.04041395722971952,0.23674080065286032,0.21855543526168797,0.03890788182616234,ACCUMULATION,4,NONE,,True,True,2918,706,2212,3.13314447592068,0.0,2022-09-21T00:00:00+0000,-0.17770689771133397
2022-07-24T00:00:00+0000,2022-07-25T00:00:00+0000,2021-12-31T23:59:59+0000,XGB_V3_1_Y2022_N2918_P706_SEED42,22579.68,0.008870762636948859,-0.35001251812166234,-0.06433475614639239,-0.07042766761244867,-0.03491700937998732,0.2391348259335073,0.21741953067852243,0.03890788182616234,ACCUMULATION,4,NONE,,True,True,2918,706,2212,3.13314447592068,0.0,2022-09-22T00:00:00+0000,-0.18239053874988487
2022-07-25T00:00:00+0000,2022-07-26T00:00:00+0000,2021-12-31T23:59:59+0000,XGB_V3_1_Y2022_N2918_P706_SEED42,21310.9,-0.04043752399930556,-0.3846077202474498,-0.06498779287597634,-0.07011134990174184,-0.08914621000811218,-0.04638148303272351,0.20996707551184435,0.04082173481583595,ACCUMULATION,4,NONE,,True,True,2918,706,2212,3.13314447592068,0.0,2022-09-23T00:00:00+0000,-0.13371279486084586
2022-07-26T00:00:00+0000,2022-07-27T00:00:00+0000,2021-12-31T23:59:59+0000,XGB_V3_1_Y2022_N2918_P706_SEED42,21254.67,-0.03416871062097482,-0.3844261686088579,-0.06767155223623145,-0.0695567285265628,-0.09154954861001297,-0.06762105510402948,0.20603936788022154,0.04082173481583595,ACCUMULATION,4,NONE,,True,True,2918,706,2212,3.13314447592068,0.0,2022-09-24T00:00:00+0000,-0.1314210006553853
2022-07-27T00:00:00+0000,2022-07-28T00:00:00+0000,2021-12-31T23:59:59+0000,XGB_V3_1_Y2022_N2918_P706_SEED42,22952.45,0.05078480943256647,-0.3334477667318064,-0.06809550882540727,-0.068936715762142,-0.018984366117840934,0.289012658398223,0.21301362096905768,0.054090097546577454,ACCUMULATION,4,NONE,,True,True,2918,706,2212,3.13314447592068,0.0,2022-09-25T00:00:00+0000,-0.19566930763382562
2022-07-28T00:00:00+0000,2022-07-29T00:00:00+0000,2021-12-31T23:59:59+0000,XGB_V3_1_Y2022_N2918_P706_SEED42,23842.93,0.097947390008424,-0.30577106105174456,-0.06792846606455438,-0.06818350748641366,0.0,0.42219097014829926,0.22986118019446078,0.07767817378044128,DEEP_BEAR,4,NONE,,True,True,2918,706,2212,3.13314447592068,0.0,2022-09-26T00:00:00+0000,-0.22570925637075645
2022-07-29T00:00:00+0000,2022-07-30T00:00:00+0000,2021-12-31T23:59:59+0000,XGB_V3_1_Y2022_N2918_P706_SEED42,23773.75,0.10118770832590873,-0.3059617006085369,-0.06668769803585861,-0.06717754083835548,-0.0029014890367921042,0.3643814952586184,0.2425997623400687,0.08103309571743011,DEEP_BEAR,4,NONE,,True,True,2918,706,2212,3.13314447592068,0.0,2022-09-27T00:00:00+0000,-0.22345612282454386
2022-07-30T00:00:00+0000,2022-07-31T00:00:00+0000,2021-12-31T23:59:59+0000,XGB_V3_1_Y2022_N2918_P706_SEED42,23643.51,0.10071069097889196,-0.3078355568276596,-0.06446007308425084,-0.06625122658931515,-0.008363904939535649,0.30542878614136393,0.24748505806336743,0.07803693413734436,DEEP_BEAR,4,NONE,,True,True,2918,706,2212,3.13314447592068,0.0,2022-09-28T00:00:00+0000,-0.21917853990376213
2022-07-31T00:00:00+0000,2022-08-01T00:00:00+0000,2021-12-31T23:59:59+0000,XGB_V3_1_Y2022_N2918_P706_SEED42,23293.32,0.08961371257001693,-0.31602403228849585,-0.06350212168237424,-0.06512292876733738,-0.023051277674346227,0.2192489954465454,0.23577294848136912,0.11040910333395004,DEEP_BEAR,4,NONE,,True,True,2918,706,2212,3.13314447592068,0.0,2022-09-29T00:00:00+0000,-0.20743972950184852
2022-08-01T00:00:00+0000,2022-08-02T00:00:00+0000,2021-12-31T23:59:59+0000,XGB_V3_1_Y2022_N2918_P706_SEED42,23268.01,0.09180720761370487,-0.31482652035841807,-0.06000174084010812,-0.06372395183447699,-0.024112808283210274,0.199956896588206,0.20649536203282431,0.08870735764503479,DEEP_BEAR,4,NONE,,True,True,2918,706,2212,3.13314447592068,0.0,2022-09-30T00:00:00+0000,-0.20657761450162682
2022-08-02T00:00:00+0000,2022-08-03T00:00:00+0000,2021-12-31T23:59:59+0000,XGB_V3_1_Y2022_N2918_P706_SEED42,22987.79,0.07815212904910362,-0.3210717078456621,-0.05350765429954385,-0.06259293713244896,-0.035865558469533765,0.11979658276837636,0.18741376976204766,0.31299373507499695,DEEP_BEAR,4,NONE,,True,True,2918,706,2212,3.13314447592068,0.0,2022-10-01T00:00:00+0000,-0.19690583566319342
2022-08-03T00:00:00+0000,2022-08-04T00:00:00+0000,2021-12-31T23:59:59+0000,XGB_V3_1_Y2022_N2918_P706_SEED42,22818.37,0.06952198251531905,-0.32405250170724476,-0.04673717680056555,-0.06147651838303536,-0.04297122878773718,0.0582435040292802,0.17012502377621408,0.31299373507499695,DEEP_BEAR,4,NONE,,True,True,2918,706,2212,3.13314447592068,0.0,2022-10-02T00:00:00+0000,-0.19094308664466386
2022-08-04T00:00:00+0000,2022-08-05T00:00:00+0000,2021-12-31T23:59:59+0000,XGB_V3_1_Y2022_N2918_P706_SEED42,22622.98,0.060324815981480207,-0.327804617745981,-0.039312033116700285,-0.06041755154050632,-0.051166110876473714,-0.01753976717780501,0.15370551988295578,0.3106216490268707,DEEP_BEAR,4,NONE,,True,True,2918,706,2212,3.13314447592068,0.0,2022-10-03T00:00:00+0000,-0.18395542939082288
2022-08-05T00:00:00+0000,2022-08-06T00:00:00+0000,2021-12-31T23:59:59+0000,XGB_V3_1_Y2022_N2918_P706_SEED42,23312.42,0.08966491547195443,-0.3053700057354809,-0.027832059202364978,-0.05959555378230463,-0.02225020163209812,0.16106948650154684,0.14232532322193583,0.2869414985179901,DEEP_BEAR,4,NONE,,True,True,2918,706,2212,3.13314447592068,0.0,2022-10-04T00:00:00+0000,-0.20808907869710647
2022-08-06T00:00:00+0000,2022-08-07T00:00:00+0000,2021-12-31T23:59:59+0000,XGB_V3_1_Y2022_N2918_P706_SEED42,22954.21,0.07043443580978104,-0.3140610998893181,-0.01828141104448222,-0.05892920697200699,-0.03727394242234494,0.02105597571062277,0.11704396241251226,0.25200119614601135,DEEP_BEAR,4,NONE,,True,True,2918,706,2212,3.13314447592068,0.0,2022-10-05T00:00:00+0000,-0.1957309791972801
2022-08-07T00:00:00+0000,2022-08-08T00:00:00+0000,2021-12-31T23:59:59+0000,XGB_V3_1_Y2022_N2918_P706_SEED42,23174.39,0.07648177191770622,-0.3055634288323321,-0.00865792748386851,-0.058259293321317074,-0.028039339124847573,0.09021681457586314,0.1157601091310287,0.25963157415390015,DEEP_BEAR,4,NONE,,True,True,2918,706,2212,3.13314447592068,0.0,2022-10-06T00:00:00+0000,-0.20337234334970622
2022-08-08T00:00:00+0000,2022-08-09T00:00:00+0000,2021-12-31T23:59:59+0000,XGB_V3_1_Y2022_N2918_P706_SEED42,23810.0,0.10269165968951377,-0.2847088654228669,0.00015882022879454283,-0.057605321088116446,-0.0013811222026822723,0.31233858762727695,0.11917341156691216,0.17961139976978302,DEEP_BEAR,4,NONE,,True,True,2918,706,2212,3.13314447592068,0.0,2022-10-07T00:00:00+0000,-0.22463838723225538
2022-08-09T00:00:00+0000,2022-08-10T00:00:00+0000,2021-12-31T23:59:59+0000,XGB_V3_1_Y2022_N2918_P706_SEED42,23149.95,0.06957128542611413,-0.30314617448728887,0.007631085004614846,-0.0562142883411586,-0.029064380929692768,0.07253809839428965,0.11897457833253536,0.22357125580310822,DEEP_BEAR,4,NONE,,True,True,2918,706,2212,3.13314447592068,0.0,2022-10-08T00:00:00+0000,-0.20253132296182064
2022-08-10T00:00:00+0000,2022-08-11T00:00:00+0000,2021-12-31T23:59:59+0000,XGB_V3_1_Y2022_N2918_P706_SEED42,23954.05,0.10342834110669652,-0.27773282211191896,0.015490779448973147,-0.0545523192901195,0.0,0.335927236350169,0.1245640175748238,0.19546522200107574,DEEP_BEAR,4,NONE,,True,True,2918,706,2212,3.13314447592068,0.0,2022-10-09T00:00:00+0000,-0.22930109939655297
2022-08-11T00:00:00+0000,2022-08-12T00:00:00+0000,2021-12-31T23:59:59+0000,XGB_V3_1_Y2022_N2918_P706_SEED42,23934.39,0.09852871884741465,-0.27698377444536626,0.02234543811724987,-0.05309995850617455,-0.0008207380380352847,0.2970535980057183,0.12848948140826447,0.18910863995552063,DEEP_BEAR,4,NONE,,True,True,2918,706,2212,3.13314447592068,0.0,2022-10-10T00:00:00+0000,-0.22866803791531765
2022-08-12T00:00:00+0000,2022-08-13T00:00:00+0000,2021-12-31T23:59:59+0000,XGB_V3_1_Y2022_N2918_P706_SEED42,24403.68,0.11669184716862246,-0.26144007225464894,0.024955003574893775,-0.05168177632718163,0.0,0.400065646376496,0.13512852088753546,0.20761065185070038,DEEP_BEAR,4,NONE,,True,True,2918,706,2212,3.13314447592068,0.0,2022-10-11T00:00:00+0000,-0.2435009801800384
2022-08-13T00:00:00+0000,2022-08-14T00:00:00+0000,2021-12-31T23:59:59+0000,XGB_V3_1_Y2022_N2918_P706_SEED42,24441.38,0.1151473963681866,-0.2588953964111016,0.02730297515023894,-0.0506345509959647,0.0,0.3654116453187435,0.14083061958382828,0.21943847835063934,DEEP_BEAR,4,NONE,,True,True,2918,706,2212,3.13314447592068,0.0,2022-10-12T00:00:00+0000,-0.2446678542700944
2022-08-14T00:00:00+0000,2022-08-15T00:00:00+0000,2021-12-31T23:59:59+0000,XGB_V3_1_Y2022_N2918_P706_SEED42,24305.24,0.106095677000279,-0.2616236335265847,0.029903023524299188,-0.049455663323682564,-0.005570061919580649,0.31668099049550974,0.1228777007953151,0.21228331327438354,DEEP_BEAR,4,NONE,,True,True,2918,706,2212,3.13314447592068,0.0,2022-10-13T00:00:00+0000,-0.24043704155976242
2022-08-15T00:00:00+0000,2022-08-16T00:00:00+0000,2021-12-31T23:59:59+0000,XGB_V3_1_Y2022_N2918_P706_SEED42,24094.82,0.09347753905475309,-0.26656048481459893,0.02995779466152526,-0.04855176564600505,-0.014179232105552164,0.25821473939474365,0.09180281158516529,0.1816992610692978,DEEP_BEAR,4,NONE,,True,True,2918,706,2212,3.13314447592068,0.0,2022-10-14T00:00:00+0000,-0.23380378023160164
2022-08-16T00:00:00+0000,2022-08-17T00:00:00+0000,2021-12-31T23:59:59+0000,XGB_V3_1_Y2022_N2918_P706_SEED42,23854.74,0.07953274833470036,-0.27233325771068473,0.030472929313333008,-0.04797731020762641,-0.024001918058636607,0.1293820762672335,0.08939221993156266,0.2110079675912857,DEEP_BEAR,4,NONE,,True,True,2918,706,2212,3.13314447592068,0.0,2022-10-15T00:00:00+0000,-0.22609259208023225
2022-08-17T00:00:00+0000,2022-08-18T00:00:00+0000,2021-12-31T23:59:59+0000,XGB_V3_1_Y2022_N2918_P706_SEED42,23342.66,0.05343997456002203,-0.2863402064534766,0.029292762077442358,-0.047637680960772255,-0.044953271869264344,-0.10188304990142302,0.08929911893174443,0.2188514620065689,DEEP_BEAR,4,NONE,,True,True,2918,706,2212,3.13314447592068,0.0,2022-10-16T00:00:00+0000,-0.2091149851816374
2022-08-18T00:00:00+0000,2022-08-19T00:00:00+0000,2021-12-31T23:59:59+0000,XGB_V3_1_Y2022_N2918_P706_SEED42,23191.2,0.043714308077791975,-0.2893749817756637,0.02904952952856843,-0.04727299904802551,-0.05115013964023307,-0.15903559084791172,0.08997234566155947,0.2188514620065689,DEEP_BEAR,4,NONE,,True,True,2918,706,2212,3.13314447592068,0.0,2022-10-17T00:00:00+0000,-0.2039497740522267
2022-08-19T00:00:00+0000,2022-08-20T00:00:00+0000,2021-12-31T23:59:59+0000,XGB_V3_1_Y2022_N2918_P706_SEED42,20834.39,-0.06310572202078368,-0.35986306524699707,0.027424412171361157,-0.047192342253112196,-0.14757718263044073,-0.8090113562617239,0.13493228615136887,0.45120251178741455,DEEP_BEAR,4,NONE,,True,True,2918,706,2212,3.13314447592068,0.0,2022-10-18T00:00:00+0000,-0.11389966300909216
2022-08-20T00:00:00+0000,2022-08-21T00:00:00+0000,2021-12-31T23:59:59+0000,XGB_V3_1_Y2022_N2918_P706_SEED42,21140.07,-0.05094754403321711,-0.3487146470930578,0.026080386940749767,-0.04688663521582248,-0.13507052384112517,-0.5758456754887565,0.15961070258421578,0.45475149154663086,DEEP_BEAR,4,NONE,,True,True,2918,706,2212,3.13314447592068,0.0,2022-10-19T00:00:00+0000,-0.12671244702595585
2022-08-21T00:00:00+0000,2022-08-22T00:00:00+0000,2021-12-31T23:59:59+0000,XGB_V3_1_Y2022_N2918_P706_SEED42,21515.61,-0.03604669184860365,-0.33557076942982034,0.024440447485959638,-0.04644392753772941,-0.11970559763810396,-0.4168769992377806,0.1734031744659358,0.42867305874824524,DEEP_BEAR,4,NONE,,True,True,2918,706,2212,3.13314447592068,0.0,2022-10-20T00:00:00+0000,-0.14195507354892567
2022-08-22T00:00:00+0000,2022-08-23T00:00:00+0000,2021-12-31T23:59:59+0000,XGB_V3_1_Y2022_N2918_P706_SEED42,21399.83,-0.04302095891081248,-0.33751856518358603,0.023259819263223624,-0.045967220364504846,-0.12444264603717137,-0.3970734585397176,0.18664111595349417,0.4251379668712616,DEEP_BEAR,4,NONE,,True,True,2918,706,2212,3.13314447592068,0.0,2022-10-21T00:00:00+0000,-0.13731277304539335
2022-08-23T00:00:00+0000,2022-08-24T00:00:00+0000,2021-12-31T23:59:59+0000,XGB_V3_1_Y2022_N2918_P706_SEED42,21529.12,-0.03835081492133896,-0.33144174541703486,0.021447763942721076,-0.04607249708191696,-0.11915284652503266,-0.3356918096383688,0.19634415391714125,0.42867305874824524,DEEP_BEAR,4,NONE,,True,True,2918,706,2212,3.13314447592068,0.0,2022-10-22T00:00:00+0000,-0.14249351575912061
2022-08-24T00:00:00+0000,2022-08-25T00:00:00+0000,2021-12-31T23:59:59+0000,XGB_V3_1_Y2022_N2918_P706_SEED42,21368.08,-0.04655955148987034,-0.3343741164556592,0.019916715936473484,-0.04614796079635897,-0.12574167252421908,-0.3407583577504776,0.20650244958164984,0.43004927039146423,DEEP_BEAR,4,NONE,,True,True,2918,706,2212,3.13314447592068,0.0,2022-10-23T00:00:00+0000,-0.136030939607115
2022-08-25T00:00:00+0000,2022-08-26T00:00:00+0000,2021-12-31T23:59:59+0000,XGB_V3_1_Y2022_N2918_P706_SEED42,21559.04,-0.038891943925995376,-0.32624058612703744,0.017989693759921987,-0.04656575748691705,-0.11792869306070275,-0.2735712471706586,0.21372311754535983,0.4124961793422699,DEEP_BEAR,4,NONE,,True,True,2918,706,2212,3.13314447592068,0.0,2022-10-24T00:00:00+0000,-0.14368357774743212
2022-08-26T00:00:00+0000,2022-08-27T00:00:00+0000,2021-12-31T23:59:59+0000,XGB_V3_1_Y2022_N2918_P706_SEED42,20241.05,-0.09653350300006291,-0.3650889167312721,0.01386964217826181,-0.04732841576857272,-0.1718532259635095,-0.46576711283846145,0.23780076965178126,0.4238332509994507,ACCUMULATION,4,NONE,,True,True,2918,706,2212,3.13314447592068,0.0,2022-10-25T00:00:00+0000,-0.08792478651058111
2022-08-27T00:00:00+0000,2022-08-28T00:00:00+0000,2021-12-31T23:59:59+0000,XGB_V3_1_Y2022_N2918_P706_SEED42,20037.6,-0.10436956943372488,-0.3690953126026052,0.00966269852677537,-0.04828651850873722,-0.18017722403563152,-0.4358482442157091,0.2606186266153731,0.4447491765022278,ACCUMULATION,4,NONE,,True,True,2918,706,2212,3.13314447592068,0.0,2022-10-26T00:00:00+0000,-0.0786641114704355
2022-08-28T00:00:00+0000,2022-08-29T00:00:00+0000,2021-12-31T23:59:59+0000,XGB_V3_1_Y2022_N2918_P706_SEED42,19555.61,-0.12431933008609164,-0.38185620458648795,0.005041558832269866,-0.04960246756395037,-0.19989746896451843,-0.44709828395130796,0.2833698815862661,0.4919833838939667,DEEP_BEAR,4,NONE,,True,True,2918,706,2212,3.13314447592068,0.0,2022-10-27T00:00:00+0000,-0.05595581012302864
2022-08-29T00:00:00+0000,2022-08-30T00:00:00+0000,2021-12-31T23:59:59+0000,XGB_V3_1_Y2022_N2918_P706_SEED42,20285.73,-0.09115585295894135,-0.3564166298458328,0.0037164066462722634,-0.05119392148537305,-0.17002517861102773,-0.29936068841609725,0.294820960235233,0.38448432087898254,ACCUMULATION,4,NONE,,True,True,2918,706,2212,3.13314447592068,0.0,2022-10-28T00:00:00+0000,-0.0899336627274443
2022-08-30T00:00:00+0000,2022-08-31T00:00:00+0000,2021-12-31T23:59:59+0000,XGB_V3_1_Y2022_N2918_P706_SEED42,19811.66,-0.11227433706586287,-0.36919929181948896,0.0019034858509450192,-0.053005139961700753,-0.18942138291700394,-0.333371325453565,0.3035592422632945,0.444273978471756,ACCUMULATION,4,NONE,,True,True,2918,706,2212,3.13314447592068,0.0,2022-10-29T00:00:00+0000,-0.06815683289537566
2022-08-31T00:00:00+0000,2022-09-01T00:00:00+0000,2021-12-31T23:59:59+0000,XGB_V3_1_Y2022_N2918_P706_SEED42,20050.02,-0.1021741782147998,-0.3593490138699267,0.0005183381462727787,-0.05459261287654271,-0.17966906942243033,-0.2696031961870666,0.30525661924778175,0.4350568950176239,ACCUMULATION,4,NONE,,True,True,2918,706,2212,3.13314447592068,0.0,2022-10-30T00:00:00+0000,-0.07923483368096385
2022-09-01T00:00:00+0000,2022-09-02T00:00:00+0000,2021-12-31T23:59:59+0000,XGB_V3_1_Y2022_N2918_P706_SEED42,20131.46,-0.09844385677218703,-0.35448596845816227,-0.001439003822338858,-0.05615646739479074,-0.1763370153403777,-0.2350696351524214,0.29554108715184463,0.4571978747844696,ACCUMULATION,4,NONE,,True,True,2918,706,2212,3.13314447592068,0.0,2022-10-31T00:00:00+0000,-0.08295970585342538
2022-09-02T00:00:00+0000,2022-09-03T00:00:00+0000,2021-12-31T23:59:59+0000,XGB_V3_1_Y2022_N2918_P706_SEED42,19951.86,-0.10597690269385585,-0.3579199973580307,-0.0031609579593028236,-0.0577892989925014,-0.18368520926396137,-0.24289578254661323,0.28038815829475716,0.49276530742645264,ACCUMULATION,4,NONE,,True,True,2918,706,2212,3.13314447592068,0.0,2022-11-01T00:00:00+0000,-0.07470481448847377
2022-09-03T00:00:00+0000,2022-09-04T00:00:00+0000,2021-12-31T23:59:59+0000,XGB_V3_1_Y2022_N2918_P706_SEED42,19831.9,-0.1105565725693386,-0.3592324760531236,-0.005112292134986984,-0.05975354349106565,-0.18859327910289847,-0.24515415432371743,0.26077101884268244,0.5080087780952454,ACCUMULATION,4,NONE,,True,True,2918,706,2212,3.13314447592068,0.0,2022-11-02T00:00:00+0000,-0.06910785149178855
2022-09-04T00:00:00+0000,2022-09-05T00:00:00+0000,2021-12-31T23:59:59+0000,XGB_V3_1_Y2022_N2918_P706_SEED42,20000.3,-0.10204122095168244,-0.35128958873486116,-0.007060223643932884,-0.061517323730292395,-0.18170332444403714,-0.19943398362805373,0.23451064157348675,0.5307316184043884,ACCUMULATION,4,NONE,,True,True,2918,706,2212,3.13314447592068,0.0,2022-11-03T00:00:00+0000,-0.07694584581231279
2022-09-05T00:00:00+0000,2022-09-06T00:00:00+0000,2021-12-31T23:59:59+0000,XGB_V3_1_Y2022_N2918_P706_SEED42,19796.84,-0.11037613054752726,-0.35572399886056894,-0.0067273874758491115,-0.06269322252472409,-0.19002773165835973,-0.23097378112055753,0.2045828116599476,0.5269604921340942,DEEP_BEAR,4,NONE,,True,True,2918,706,2212,3.13314447592068,0.0,2022-11-04T00:00:00+0000,-0.06745925107239337
2022-09-06T00:00:00+0000,2022-09-07T00:00:00+0000,2021-12-31T23:59:59+0000,XGB_V3_1_Y2022_N2918_P706_SEED42,18790.61,-0.1528207475227371,-0.3863558597402318,-0.008600476525307044,-0.06380746668453763,-0.2311968473138587,-0.45237869472415504,0.1893634342741483,0.5994954705238342,ACCUMULATION,4,NONE,,True,True,2918,706,2212,3.13314447592068,0.0,2022-11-05T00:00:00+0000,-0.017522049576889742
2022-09-07T00:00:00+0000,2022-09-08T00:00:00+0000,2021-12-31T23:59:59+0000,XGB_V3_1_Y2022_N2918_P706_SEED42,19292.84,-0.12694694075924073,-0.3678088417128095,-0.01046782574183891,-0.06488501407442748,-0.21064849857086632,-0.3324997342931576,0.1571031717938469,0.5808388590812683,ACCUMULATION,4,NONE,,True,True,2918,706,2212,3.13314447592068,0.0,2022-11-06T00:00:00+0000,-0.043097853918863116
2022-09-08T00:00:00+0000,2022-09-09T00:00:00+0000,2021-12-31T23:59:59+0000,XGB_V3_1_Y2022_N2918_P706_SEED42,19319.77,-0.12262861561581428,-0.364942491850368,-0.013454181674189436,-0.0652811663820172,-0.20954667862452936,-0.29216410422593064,0.1621340776955329,0.46412086486816406,ACCUMULATION,4,NONE,,True,True,2918,706,2212,3.13314447592068,0.0,2022-11-07T00:00:00+0000,-0.04443168836896094
2022-09-09T00:00:00+0000,2022-09-10T00:00:00+0000,2021-12-31T23:59:59+0000,XGB_V3_1_Y2022_N2918_P706_SEED42,21360.11,-0.02838890178753606,-0.2960643567870207,-0.01492584061136426,-0.0651640200582223,-0.12606775885813326,0.32001798285245564,0.16457021357862908,0.40376994013786316,ACCUMULATION,4,NONE,,True,True,2918,706,2212,3.13314447592068,0.0,2022-11-08T00:00:00+0000,-0.1357085707891954
2022-09-10T00:00:00+0000,2022-09-11T00:00:00+0000,2021-12-31T23:59:59+0000,XGB_V3_1_Y2022_N2918_P706_SEED42,21648.34,-0.014348722752961507,-0.28461086619702725,-0.01649042430534331,-0.06550425615924405,-0.11427505320894327,0.39947668372228123,0.16652064745204934,0.2666296362876892,ACCUMULATION,4,NONE,,True,True,2918,706,2212,3.13314447592068,1.0,2022-11-09T00:00:00+0000,-0.26447893926277954
2022-09-11T00:00:00+0000,2022-09-12T00:00:00+0000,2021-12-31T23:59:59+0000,XGB_V3_1_Y2022_N2918_P706_SEED42,21826.87,-0.005655048853346334,-0.2768683808728529,-0.01695840707935259,-0.06558995366041764,-0.10697063750082858,0.4295364806757578,0.17271307248983547,0.2506282925605774,ACCUMULATION,4,NONE,,True,True,2918,706,2212,3.13314447592068,1.0,2022-11-10T00:00:00+0000,-0.2704950366222917
2022-09-12T00:00:00+0000,2022-09-13T00:00:00+0000,2021-12-31T23:59:59+0000,XGB_V3_1_Y2022_N2918_P706_SEED42,22395.74,0.020431410019841723,-0.2560582062485143,-0.016562082287606916,-0.06515537289992057,-0.0785633056904601,0.5327050483110456,0.18741612280081602,0.29406261444091797,ACCUMULATION,4,NONE,,True,True,2918,706,2212,3.13314447592068,1.0,2022-11-11T00:00:00+0000,-0.2890250556579065
2022-09-13T00:00:00+0000,2022-09-14T00:00:00+0000,2021-12-31T23:59:59+0000,XGB_V3_1_Y2022_N2918_P706_SEED42,20173.57,-0.07986509715630308,-0.3277477345429688,-0.01670176155804859,-0.06520757219998363,-0.16274244837687102,-0.03494596125319243,0.18248664395833616,0.42892128229141235,DEEP_BEAR,4,NONE,,True,True,2918,706,2212,3.13314447592068,0.0,2022-11-12T00:00:00+0000,-0.21070935882939912
2022-09-14T00:00:00+0000,2022-09-15T00:00:00+0000,2021-12-31T23:59:59+0000,XGB_V3_1_Y2022_N2918_P706_SEED42,20226.71,-0.07657541610833318,-0.32384881110846186,-0.016569425624882395,-0.065117867105979,-0.15208843190074606,-0.0027602723755875366,0.174003545140979,0.43124470114707947,ACCUMULATION,4,NONE,,True,True,2918,706,2212,3.13314447592068,0.0,2022-11-13T00:00:00+0000,-0.21278299832251513
2022-09-15T00:00:00+0000,2022-09-16T00:00:00+0000,2021-12-31T23:59:59+0000,XGB_V3_1_Y2022_N2918_P706_SEED42,19701.88,-0.09785829099929799,-0.3394060212374612,-0.01860585820951699,-0.06448031686166078,-0.1559710847007153,-0.14290758091994374,0.17575338559495982,0.4570475220680237,ACCUMULATION,4,NONE,,True,True,2918,706,2212,3.13314447592068,0.0,2022-11-14T00:00:00+0000,-0.191812659502545
2022-09-16T00:00:00+0000,2022-09-17T00:00:00+0000,2021-12-31T23:59:59+0000,XGB_V3_1_Y2022_N2918_P706_SEED42,19803.3,-0.08984723076139789,-0.333395242068273,-0.019025531485605374,-0.06462187576298539,-0.1460855841871055,-0.11059116859322127,0.17659361536042464,0.4093248248100281,ACCUMULATION,4,NONE,,True,True,2918,706,2212,3.13314447592068,0.0,2022-11-15T00:00:00+0000,-0.19595168482020675
2022-09-17T00:00:00+0000,2022-09-18T00:00:00+0000,2021-12-31T23:59:59+0000,XGB_V3_1_Y2022_N2918_P706_SEED42,20113.62,-0.07246446264491047,-0.3201681927014224,-0.018694667829359135,-0.06479481126021558,-0.10189973628913362,-0.031835037151517025,0.17400092013410476,0.387188583612442,ACCUMULATION,4,NONE,,True,True,2918,706,2212,3.13314447592068,0.0,2022-11-16T00:00:00+0000,-0.20835682487786877
2022-09-18T00:00:00+0000,2022-09-19T00:00:00+0000,2021-12-31T23:59:59+0000,XGB_V3_1_Y2022_N2918_P706_SEED42,19416.18,-0.101122178557424,-0.3410154608147391,-0.019055043965957474,-0.06523436729035448,-0.13304137304683838,-0.21346693108420126,0.17779909352988127,0.4256623387336731,ACCUMULATION,4,NONE,,True,True,2918,706,2212,3.13314447592068,0.0,2022-11-17T00:00:00+0000,-0.1799205610990422
2022-09-19T00:00:00+0000,2022-09-20T00:00:00+0000,2021-12-31T23:59:59+0000,XGB_V3_1_Y2022_N2918_P706_SEED42,19537.02,-0.09237113938854258,-0.3343253409996042,-0.02087304648155386,-0.06552518190838963,-0.12764570404907372,-0.1744795404153456,0.17943459620392105,0.2125052660703659,ACCUMULATION,4,NONE,,True,True,2918,706,2212,3.13314447592068,0.0,2022-11-18T00:00:00+0000,-0.18499290065731622
2022-09-20T00:00:00+0000,2022-09-21T00:00:00+0000,2021-12-31T23:59:59+0000,XGB_V3_1_Y2022_N2918_P706_SEED42,18875.0,-0.11953270626958012,-0.3546530582103471,-0.02394920151116242,-0.06545462448212813,-0.15720579002971102,-0.32572721385017916,0.1884952850039242,0.4740179777145386,ACCUMULATION,4,NONE,,True,True,2918,706,2212,3.13314447592068,0.0,2022-11-19T00:00:00+0000,-0.15640741721854312
2022-09-21T00:00:00+0000,2022-09-22T00:00:00+0000,2021-12-31T23:59:59+0000,XGB_V3_1_Y2022_N2918_P706_SEED42,18461.36,-0.1351758078205021,-0.3665283406823414,-0.027518221945565746,-0.06552665986904926,-0.17567537397737254,-0.386052426729526,0.20240572878344526,0.2677305340766907,DEEP_BEAR,4,NONE,,True,True,2918,706,2212,3.13314447592068,0.0,2022-11-20T00:00:00+0000,-0.13750612089250203
2022-09-22T00:00:00+0000,2022-09-23T00:00:00+0000,2021-12-31T23:59:59+0000,XGB_V3_1_Y2022_N2918_P706_SEED42,19401.63,-0.08820999199731805,-0.33208505123738097,-0.030468797172604756,-0.06519116159475524,-0.1336910501729347,-0.14598830008962227,0.2044988956065561,0.4068396985530853,ACCUMULATION,4,NONE,,True,True,2918,706,2212,3.13314447592068,0.0,2022-11-21T00:00:00+0000,-0.18659978568810975
2022-09-23T00:00:00+0000,2022-09-24T00:00:00+0000,2021-12-31T23:59:59+0000,XGB_V3_1_Y2022_N2918_P706_SEED42,19289.91,-0.09061141143650919,-0.3337869014316337,-0.03250340236870064,-0.06447972844399064,-0.13867949886898145,-0.16487603020885627,0.20701615347604171,0.4166661500930786,ACCUMULATION,4,NONE,,True,True,2918,706,2212,3.13314447592068,0.0,2022-11-22T00:00:00+0000,-0.18188887350951866
2022-09-24T00:00:00+0000,2022-09-25T00:00:00+0000,2021-12-31T23:59:59+0000,XGB_V3_1_Y2022_N2918_P706_SEED42,18920.5,-0.10431758264089896,-0.3443020897325112,-0.03560545604703025,-0.06407043258559486,-0.15517415365600784,-0.23547397024038128,0.21259579296189401,0.4268041253089905,ACCUMULATION,4,NONE,,True,True,2918,706,2212,3.13314447592068,0.0,2022-11-23T00:00:00+0000,-0.16591580560767416
2022-09-25T00:00:00+0000,2022-09-26T00:00:00+0000,2021-12-31T23:59:59+0000,XGB_V3_1_Y2022_N2918_P706_SEED42,18807.38,-0.10616325599454723,-0.3455990467866873,-0.03653223626274593,-0.06467949040659682,-0.16022511424047614,-0.24421675267623077,0.2186127849919499,0.45485761761665344,ACCUMULATION,4,NONE,,True,True,2918,706,2212,3.13314447592068,0.0,2022-11-24T00:00:00+0000,-0.1608990725980971
2022-09-26T00:00:00+0000,2022-09-27T00:00:00+0000,2021-12-31T23:59:59+0000,XGB_V3_1_Y2022_N2918_P706_SEED42,19227.82,-0.08274058840480902,-0.3286111057638722,-0.03658234764970658,-0.06474162179036103,-0.141451901120481,-0.15497023870752646,0.21482197679808424,0.4166661500930786,ACCUMULATION,4,NONE,,True,True,2918,706,2212,3.13314447592068,0.0,2022-11-25T00:00:00+0000,-0.1792470493274848
2022-09-27T00:00:00+0000,2022-09-28T00:00:00+0000,2021-12-31T23:59:59+0000,XGB_V3_1_Y2022_N2918_P706_SEED42,19079.13,-0.08570696720280391,-0.331509591055154,-0.03769337871914935,-0.0647760039152202,-0.14809111018434762,-0.1860552588709845,0.2163391205235898,0.4402296543121338,ACCUMULATION,4,NONE,,True,True,2918,706,2212,3.13314447592068,0.0,2022-11-26T00:00:00+0000,-0.17285064885034063
2022-09-28T00:00:00+0000,2022-09-29T00:00:00+0000,2021-12-31T23:59:59+0000,XGB_V3_1_Y2022_N2918_P706_SEED42,19412.82,-0.06637215315651579,-0.31749889365449924,-0.03738703565573975,-0.06503280947641965,-0.1331914015790504,-0.10977471747233722,0.21583944681002648,0.39687466621398926,ACCUMULATION,4,NONE,,True,True,2918,706,2212,3.13314447592068,0.0,2022-11-27T00:00:00+0000,-0.18706864844983873
2022-09-29T00:00:00+0000,2022-09-30T00:00:00+0000,2021-12-31T23:59:59+0000,XGB_V3_1_Y2022_N2918_P706_SEED42,19591.51,-0.053807953176811085,-0.3090076705717345,-0.03808080115732615,-0.06561866425653451,-0.1252126520490059,-0.050042194131953974,0.20593805662489617,0.2087513506412506,DEEP_BEAR,4,NONE,,True,True,2918,706,2212,3.13314447592068,0.0,2022-11-28T00:00:00+0000,-0.1944832225795764
2022-09-30T00:00:00+0000,2022-10-01T00:00:00+0000,2021-12-31T23:59:59+0000,XGB_V3_1_Y2022_N2918_P706_SEED42,19422.61,-0.05785928292139464,-0.31250983521717746,-0.03834767892494828,-0.06640430735218728,-0.13275426487358766,-0.07046147259595605,0.18862424702232403,0.2087513506412506,ACCUMULATION,4,NONE,,True,True,2918,706,2212,3.13314447592068,0.0,2022-11-29T00:00:00+0000,-0.18747840789677594
2022-10-01T00:00:00+0000,2022-10-02T00:00:00+0000,2021-12-31T23:59:59+0000,XGB_V3_1_Y2022_N2918_P706_SEED42,19310.95,-0.05862456420142004,-0.31403785486801894,-0.039040872131277604,-0.06732705406052464,-0.13774003448870187,-0.07837307662967281,0.16145172397766028,0.2087513506412506,ACCUMULATION,4,NONE,,True,True,2918,706,2212,3.13314447592068,0.0,2022-11-30T00:00:00+0000,-0.18278023608367278
2022-10-02T00:00:00+0000,2022-10-03T00:00:00+0000,2021-12-31T23:59:59+0000,XGB_V3_1_Y2022_N2918_P706_SEED42,19056.8,-0.06611122742303743,-0.32040338435534166,-0.04101584310701867,-0.06852262800090936,-0.14908817480467274,-0.1846173969516334,0.09348728696683554,0.19300764799118042,ACCUMULATION,4,NONE,,True,True,2918,706,2212,3.13314447592068,0.0,2022-12-01T00:00:00+0000,-0.17188142815163088
2022-10-03T00:00:00+0000,2022-10-04T00:00:00+0000,2021-12-31T23:59:59+0000,XGB_V3_1_Y2022_N2918_P706_SEED42,19629.08,-0.033637347319975364,-0.29732762118277056,-0.04241109277847244,-0.0691138311479017,-0.12353510087186226,0.15740693805868994,0.08688107259934955,0.16942758858203888,ACCUMULATION,4,NONE,,True,True,2918,706,2212,3.13314447592068,0.0,2022-12-02T00:00:00+0000,-0.19602497926545714
2022-10-04T00:00:00+0000,2022-10-05T00:00:00+0000,2021-12-31T23:59:59+0000,XGB_V3_1_Y2022_N2918_P706_SEED42,20337.82,0.00497237932157879,-0.2691545286418603,-0.0419863139556208,-0.06975486538822528,-0.09188890387189719,0.5595180306421667,0.08931770805854662,0.18224592506885529,ACCUMULATION,4,NONE,,True,True,2918,706,2212,3.13314447592068,0.0,2022-12-03T00:00:00+0000,-0.2240422031466499
2022-10-05T00:00:00+0000,2022-10-06T00:00:00+0000,2021-12-31T23:59:59+0000,XGB_V3_1_Y2022_N2918_P706_SEED42,20158.26,-0.00024814435544207036,-0.27272664168708405,-0.04172374323375638,-0.07064357650548103,-0.09990650007546087,0.4155911596798132,0.09499767618837265,0.19200368225574493,ACCUMULATION,4,NONE,,True,True,2918,706,2212,3.13314447592068,0.0,2022-12-04T00:00:00+0000,-0.21713034755975946
2022-10-06T00:00:00+0000,2022-10-07T00:00:00+0000,2021-12-31T23:59:59+0000,XGB_V3_1_Y2022_N2918_P706_SEED42,19960.67,-0.006715571643171159,-0.27707743735632184,-0.041342186531055924,-0.07057536875845405,-0.10872916009919753,0.29873408620120606,0.09665389324405756,0.18257752060890198,ACCUMULATION,4,NONE,,True,True,2918,706,2212,3.13314447592068,0.0,2022-12-05T00:00:00+0000,-0.20938074723944622
2022-10-07T00:00:00+0000,2022-10-08T00:00:00+0000,2021-12-31T23:59:59+0000,XGB_V3_1_Y2022_N2918_P706_SEED42,19530.09,-0.02458802968559015,-0.2899108472997237,-0.040504357384805956,-0.07038610743370333,-0.12795513789676083,0.09003906483391379,0.09102463555152769,0.18605713546276093,DEEP_BEAR,4,NONE,,True,True,2918,706,2212,3.13314447592068,0.0,2022-12-06T00:00:00+0000,-0.1919499602920416
2022-10-08T00:00:00+0000,2022-10-09T00:00:00+0000,2021-12-31T23:59:59+0000,XGB_V3_1_Y2022_N2918_P706_SEED42,19417.96,-0.028814179370198256,-0.2910303071257342,-0.038417749822237224,-0.07041872317916242,-0.1329618936458452,0.026395888980243868,0.09102612249163276,0.18605713546276093,ACCUMULATION,4,NONE,,True,True,2918,706,2212,3.13314447592068,0.0,2022-12-07T00:00:00+0000,-0.18728383414117644
2022-10-09T00:00:00+0000,2022-10-10T00:00:00+0000,2021-12-31T23:59:59+0000,XGB_V3_1_Y2022_N2918_P706_SEED42,19439.02,-0.026103729851041813,-0.28721080727669335,-0.03600884937715987,-0.07078339143732659,-0.13202153623858826,0.041242237732150445,0.09077541575788546,0.18605713546276093,ACCUMULATION,4,NONE,,True,True,2918,706,2212,3.13314447592068,0.0,2022-12-08T00:00:00+0000,-0.18816432104087544
2022-10-10T00:00:00+0000,2022-10-11T00:00:00+0000,2021-12-31T23:59:59+0000,XGB_V3_1_Y2022_N2918_P706_SEED42,19131.87,-0.03919707827950436,-0.29526134683216376,-0.034101948938915605,-0.07181269304025872,-0.14573619804480686,-0.1443703913289107,0.08845842965364309,0.18789926171302795,ACCUMULATION,4,NONE,,True,True,2918,706,2212,3.13314447592068,0.0,2022-12-09T00:00:00+0000,-0.1751308157540271
2022-10-11T00:00:00+0000,2022-10-12T00:00:00+0000,2021-12-31T23:59:59+0000,XGB_V3_1_Y2022_N2918_P706_SEED42,19060.0,-0.04055156626584133,-0.29462797790438044,-0.03158729081470746,-0.07281122502792958,-0.14894529048828042,-0.22874048015010037,0.07867473816958971,0.1606535017490387,ACCUMULATION,4,NONE,,True,True,2918,706,2212,3.13314447592068,0.0,2022-12-10T00:00:00+0000,-0.17202046169989504
2022-10-12T00:00:00+0000,2022-10-13T00:00:00+0000,2021-12-31T23:59:59+0000,XGB_V3_1_Y2022_N2918_P706_SEED42,19155.53,-0.03343298865563793,-0.2877508589982435,-0.028802888457089004,-0.07414029333582128,-0.05813258254817877,-0.15648541397073387,0.07954827646604533,0.10067496448755264,ACCUMULATION,4,NONE,,True,True,2918,706,2212,3.13314447592068,0.0,2022-12-11T00:00:00+0000,-0.17614965495603607
2022-10-13T00:00:00+0000,2022-10-14T00:00:00+0000,2021-12-31T23:59:59+0000,XGB_V3_1_Y2022_N2918_P706_SEED42,19375.13,-0.02038196544956139,-0.2758899007679825,-0.026293552788839936,-0.07589145452967494,-0.047334965104421145,-0.01695884843268174,0.079378993641748,0.10133769363164902,ACCUMULATION,4,NONE,,True,True,2918,706,2212,3.13314447592068,0.0,2022-12-12T00:00:00+0000,-0.18548727156927458
2022-10-14T00:00:00+0000,2022-10-15T00:00:00+0000,2021-12-31T23:59:59+0000,XGB_V3_1_Y2022_N2918_P706_SEED42,19176.93,-0.02806185277397999,-0.2795349817699745,-0.025032404444628176,-0.07756159800676432,-0.057080355711674136,-0.15899662279687998,0.07682428298985715,0.10133769363164902,ACCUMULATION,4,NONE,,True,True,2918,706,2212,3.13314447592068,0.0,2022-12-13T00:00:00+0000,-0.17706900948170534
2022-10-15T00:00:00+0000,2022-10-16T00:00:00+0000,2021-12-31T23:59:59+0000,XGB_V3_1_Y2022_N2918_P706_SEED42,19069.39,-0.032363046752791114,-0.2797373783332183,-0.022619810640374882,-0.07878384126120119,-0.06236804141250141,-0.25158783223411596,0.07320087802271642,0.09534969180822372,DEEP_BEAR,4,NONE,,True,True,2918,706,2212,3.13314447592068,0.0,2022-12-14T00:00:00+0000,-0.17242816891363588
2022-10-16T00:00:00+0000,2022-10-17T00:00:00+0000,2021-12-31T23:59:59+0000,XGB_V3_1_Y2022_N2918_P706_SEED42,19262.98,-0.021770705232500687,-0.2685846574060724,-0.02010098357933021,-0.08039036496798235,-0.05284932210040216,-0.11699060626878996,0.07300807454696087,0.08684439212083817,ACCUMULATION,4,NONE,,True,True,2918,706,2212,3.13314447592068,0.0,2022-12-15T00:00:00+0000,-0.18074513912177648
2022-10-17T00:00:00+0000,2022-10-18T00:00:00+0000,2021-12-31T23:59:59+0000,XGB_V3_1_Y2022_N2918_P706_SEED42,19549.86,-0.007196319187765199,-0.25401516525147694,-0.016523222833800588,-0.08177256100077068,-0.03874358215383944,0.07034443587580393,0.07117651985955908,0.08809471130371094,ACCUMULATION,4,NONE,,True,True,2918,706,2212,3.13314447592068,0.0,2022-12-16T00:00:00+0000,-0.1927671093296831
2022-10-18T00:00:00+0000,2022-10-19T00:00:00+0000,2021-12-31T23:59:59+0000,XGB_V3_1_Y2022_N2918_P706_SEED42,19327.44,-0.017535276959838475,-0.2586897579735462,-0.0160883579457608,-0.08338055653357135,-0.0496798575265196,-0.08696735536352876,0.07139528939365221,0.08809471130371094,ACCUMULATION,4,NONE,,True,True,2918,706,2212,3.13314447592068,0.0,2022-12-17T00:00:00+0000,-0.18347748072170955
2022-10-19T00:00:00+0000,2022-10-20T00:00:00+0000,2021-12-31T23:59:59+0000,XGB_V3_1_Y2022_N2918_P706_SEED42,19123.97,-0.02719806681306114,-0.262720557699339,-0.015100391673332325,-0.08514714994484107,-0.05968437128463122,-0.21343281658799307,0.07256529659463419,0.08809471130371094,ACCUMULATION,4,NONE,,True,True,2918,706,2212,3.13314447592068,0.0,2022-12-18T00:00:00+0000,-0.17479006712518375
2022-10-20T00:00:00+0000,2022-10-21T00:00:00+0000,2021-12-31T23:59:59+0000,XGB_V3_1_Y2022_N2918_P706_SEED42,19041.92,-0.03037735313719614,-0.26199076788119413,-0.01375485207014715,-0.08671181068406741,-0.063718726982538,-0.25118724192455316,0.07464654881012571,0.0986066684126854,ACCUMULATION,4,NONE,,True,True,2918,706,2212,3.13314447592068,0.0,2022-12-19T00:00:00+0000,-0.1712343083050447
2022-10-21T00:00:00+0000,2022-10-22T00:00:00+0000,2021-12-31T23:59:59+0000,XGB_V3_1_Y2022_N2918_P706_SEED42,19164.37,-0.02318008440674335,-0.2532777416540607,-0.012405225270941345,-0.08834197247009146,-0.057697924359641384,-0.16013143142122716,0.0753579266968034,0.10237788408994675,ACCUMULATION,4,NONE,,True,True,2918,706,2212,3.13314447592068,0.0,2022-12-20T00:00:00+0000,-0.17652967459926927
2022-10-22T00:00:00+0000,2022-10-23T00:00:00+0000,2021-12-31T23:59:59+0000,XGB_V3_1_Y2022_N2918_P706_SEED42,19204.35,-0.020395799812868765,-0.2478671921847574,-0.01079393620842295,-0.08944473297974842,-0.055732128615554766,-0.13994413356876267,0.07419066917243335,0.11193710565567017,ACCUMULATION,4,NONE,,True,True,2918,706,2212,3.13314447592068,0.0,2022-12-21T00:00:00+0000,-0.17824399159565396
2022-10-23T00:00:00+0000,2022-10-24T00:00:00+0000,2021-12-31T23:59:59+0000,XGB_V3_1_Y2022_N2918_P706_SEED42,19570.4,-0.001457383215046848,-0.22997230577439942,-0.009064826444500018,-0.09019924138791102,-0.03773364106870836,0.11686073859092434,0.07387283556659936,0.11502119153738022,DEEP_BEAR,4,NONE,,True,True,2918,706,2212,3.13314447592068,0.0,2022-12-22T00:00:00+0000,-0.19361433593590327
2022-10-24T00:00:00+0000,2022-10-25T00:00:00+0000,2021-12-31T23:59:59+0000,XGB_V3_1_Y2022_N2918_P706_SEED42,19329.72,-0.013062261672527886,-0.23581686743398445,-0.007351816244643428,-0.09103057195564346,-0.04956775111590128,-0.019829962435185963,0.05934189839105175,0.11193710565567017,DEEP_BEAR,4,NONE,,True,True,2918,706,2212,3.13314447592068,0.0,2022-12-23T00:00:00+0000,-0.18357379206734503
2022-10-25T00:00:00+0000,2022-10-26T00:00:00+0000,2021-12-31T23:59:59+0000,XGB_V3_1_Y2022_N2918_P706_SEED42,20080.07,0.02495270303841579,-0.20265791152632895,-0.005884050083649117,-0.09141582290428707,-0.012673433042479476,0.6615263165876948,0.057149181342132586,0.0755990520119667,DEEP_BEAR,4,NONE,,True,True,2918,706,2212,3.13314447592068,0.0,2022-12-24T00:00:00+0000,-0.21408192302118467
2022-10-26T00:00:00+0000,2022-10-27T00:00:00+0000,2021-12-31T23:59:59+0000,XGB_V3_1_Y2022_N2918_P706_SEED42,20771.59,0.058110322536547354,-0.1715834051041677,-0.003089934146711548,-0.0918917602858742,0.0,0.8714511267721617,0.0818184757171677,0.07358061522245407,DEEP_BEAR,4,NONE,,True,True,2918,706,2212,3.13314447592068,0.0,2022-12-25T00:00:00+0000,-0.24024641349073417
2022-10-27T00:00:00+0000,2022-10-28T00:00:00+0000,2021-12-31T23:59:59+0000,XGB_V3_1_Y2022_N2918_P706_SEED42,20295.11,0.032783710483171635,-0.1870420826296323,-0.002066143360415662,-0.09232164667410436,-0.022939023926430213,0.49015938544673604,0.09112400375011694,0.11443118751049042,DEEP_BEAR,4,NONE,,True,True,2918,706,2212,3.13314447592068,0.0,2022-12-26T00:00:00+0000,-0.2224092404525031
2022-10-28T00:00:00+0000,2022-10-29T00:00:00+0000,2021-12-31T23:59:59+0000,XGB_V3_1_Y2022_N2918_P706_SEED42,20591.84,0.04652888746599437,-0.17201538549869122,0.0001993452654811545,-0.09197677594809439,-0.008653646639472434,0.5419151905920039,0.10471462749272722,0.08074461668729782,DEEP_BEAR,4,NONE,,True,True,2918,706,2212,3.13314447592068,0.0,2022-12-27T00:00:00+0000,-0.23361438317314043
2022-10-29T00:00:00+0000,2022-10-30T00:00:00+0000,2021-12-31T23:59:59+0000,XGB_V3_1_Y2022_N2918_P706_SEED42,20809.67,0.058191606380570304,-0.1600030883797634,0.0003391179429681479,-0.09160602797635475,0.0,0.5357380109399231,0.1198019738350571,0.08517041057348251,DEEP_BEAR,4,NONE,,True,True,2918,706,2212,3.13314447592068,0.0,2022-12-28T00:00:00+0000,-0.2416367006300435
2022-10-30T00:00:00+0000,2022-10-31T00:00:00+0000,2021-12-31T23:59:59+0000,XGB_V3_1_Y2022_N2918_P706_SEED42,20627.48,0.05001723450150397,-0.16389451474628047,0.0003264712086856747,-0.09122625191274969,-0.008755064352293895,0.40160353958880096,0.12660956360409337,0.11353699117898941,DEEP_BEAR,4,NONE,,True,True,2918,706,2212,3.13314447592068,0.0,2022-12-29T00:00:00+0000,-0.2349385382993947
2022-10-31T00:00:00+0000,2022-11-01T00:00:00+0000,2021-12-31T23:59:59+0000,XGB_V3_1_Y2022_N2918_P706_SEED42,20490.74,0.04447743199749388,-0.16614985288305584,-4.941092382260148e-05,-0.09057902518226768,-0.015326047938290066,0.3115004893237825,0.12870052324322312,0.11059693992137909,DEEP_BEAR,4,NONE,,True,True,2918,706,2212,3.13314447592068,0.0,2022-12-30T00:00:00+0000,-0.2298330855791445
2022-11-01T00:00:00+0000,2022-11-02T00:00:00+0000,2021-12-31T23:59:59+0000,XGB_V3_1_Y2022_N2918_P706_SEED42,20483.62,0.04615380781003342,-0.1630219677793765,-0.0012375719700621346,-0.09002300623774862,-0.015668196564385672,0.2785958302152427,0.13006693067123246,0.12699660658836365,DEEP_BEAR,4,NONE,,True,True,2918,706,2212,3.13314447592068,0.0,2022-12-31T00:00:00+0000,-0.22956537955693368
2022-11-02T00:00:00+0000,2022-11-03T00:00:00+0000,2021-12-31T23:59:59+0000,XGB_V3_1_Y2022_N2918_P706_SEED42,20151.84,0.029231751969930553,-0.17316192445669254,-0.0009932260090167455,-0.08913457269977942,-0.03161174588544646,0.13474275129456595,0.12952774566920733,0.13588379323482513,DEEP_BEAR,4,NONE,,True,True,2918,706,2212,3.13314447592068,0.0,2023-01-01T00:00:00+0000,-0.21688093990424695
2022-11-03T00:00:00+0000,2022-11-04T00:00:00+0000,2021-12-31T23:59:59+0000,XGB_V3_1_Y2022_N2918_P706_SEED42,20207.82,0.03211078055033245,-0.16753988801338515,-0.0003284257768874088,-0.0880104806045936,-0.02892165036735317,0.1389228069824221,0.12691210981279183,0.13588379323482513,DEEP_BEAR,4,NONE,,True,True,2918,706,2212,3.13314447592068,0.0,2023-01-02T00:00:00+0000,-0.2190503478356398
2022-11-04T00:00:00+0000,2022-11-05T00:00:00+0000,2021-12-31T23:59:59+0000,XGB_V3_1_Y2022_N2918_P706_SEED42,21148.52,0.07856303114659213,-0.12524685017503545,0.0008593545101096556,-0.08683650437270318,0.0,0.44813415247924737,0.13267608993798097,0.33340147137641907,DEEP_BEAR,4,NONE,,True,True,2918,706,2212,3.13314447592068,1.0,2023-01-03T00:00:00+0000,-0.2537874990779496
2022-11-05T00:00:00+0000,2022-11-06T00:00:00+0000,2021-12-31T23:59:59+0000,XGB_V3_1_Y2022_N2918_P706_SEED42,21299.37,0.08460122468645337,-0.1153125969362333,0.0003635912435273614,-0.08584990896578681,0.0,0.44000427937720843,0.13999572992652698,0.33340147137641907,DEEP_BEAR,4,NONE,,True,True,2918,706,2212,3.13314447592068,1.0,2023-01-04T00:00:00+0000,-0.2590724514387045
2022-11-06T00:00:00+0000,2022-11-07T00:00:00+0000,2021-12-31T23:59:59+0000,XGB_V3_1_Y2022_N2918_P706_SEED42,20905.58,0.06369081793320852,-0.12796495785298967,0.00014917397190306048,-0.0852242759749412,-0.018488340265463088,0.2708615937403428,0.14200239934405418,0.4078207314014435,BEAR,3,NONE,,True,True,2918,706,2212,3.13314447592068,0.0,2023-01-05T00:00:00+0000,-0.2451158972867531
2022-11-07T00:00:00+0000,2022-11-08T00:00:00+0000,2021-12-31T23:59:59+0000,XGB_V3_1_Y2022_N2918_P706_SEED42,20591.13,0.04644020578502195,-0.13750387599315017,5.0263457258115096e-05,-0.08430952829330696,-0.033251687725974866,0.14239338895291687,0.13794701547302757,0.3438720107078552,DEEP_BEAR,4,NONE,,True,True,2918,706,2212,3.13314447592068,0.0,2023-01-06T00:00:00+0000,-0.23358795753317085
2022-11-08T00:00:00+0000,2022-11-09T00:00:00+0000,2021-12-31T23:59:59+0000,XGB_V3_1_Y2022_N2918_P706_SEED42,18547.23,-0.05648149091148136,-0.21965776487094835,-0.00039653575220344184,-0.08367820786069724,-0.1292122724756648,-0.5394295444400206,0.1487772434984553,0.31768685579299927,ACCUMULATION,4,NONE,,True,True,2918,706,2212,3.13314447592068,0.0,2023-01-07T00:00:00+0000,-0.14912954656840938
2022-11-09T00:00:00+0000,2022-11-10T00:00:00+0000,2021-12-31T23:59:59+0000,XGB_V3_1_Y2022_N2918_P706_SEED42,15922.81,-0.1875483966301047,-0.3267446714342237,-0.0023631888192273687,-0.08337653246006194,-0.2524281234609287,-0.8712618231712427,0.23442318266937337,0.34990400075912476,ACCUMULATION,4,NONE,,True,True,2918,706,2212,3.13314447592068,0.0,2023-01-08T00:00:00+0000,-0.00888787845863881
2022-11-10T00:00:00+0000,2022-11-11T00:00:00+0000,2021-12-31T23:59:59+0000,XGB_V3_1_Y2022_N2918_P706_SEED42,17601.15,-0.10112306415624406,-0.2523267452019483,-0.0018812250314428347,-0.08273726862302033,-0.17363048766231104,-0.45724546702378904,0.25570080187074923,0.34174755215644836,ACCUMULATION,4,NONE,,True,True,2918,706,2212,3.13314447592068,0.0,2023-01-09T00:00:00+0000,-0.10339438048082084
2022-11-11T00:00:00+0000,2022-11-12T00:00:00+0000,2021-12-31T23:59:59+0000,XGB_V3_1_Y2022_N2918_P706_SEED42,17070.31,-0.12615186271092738,-0.2712611281276943,-0.00231309286085557,-0.08258805059656837,-0.19855329054333526,-0.4875524777935441,0.28497779212591606,0.3170436918735504,ACCUMULATION,4,NONE,,True,True,2918,706,2212,3.13314447592068,0.0,2023-01-10T00:00:00+0000,-0.07551239549838284
2022-11-12T00:00:00+0000,2022-11-13T00:00:00+0000,2021-12-31T23:59:59+0000,XGB_V3_1_Y2022_N2918_P706_SEED42,16812.08,-0.13718209735479303,-0.2790069731212961,-0.00482199312883258,-0.08251911225152431,-0.2106771233139758,-0.46138303687244236,0.3164970270007965,0.3538990914821625,ACCUMULATION,4,NONE,,True,True,2918,706,2212,3.13314447592068,0.0,2023-01-11T00:00:00+0000,-0.06131246103991894
2022-11-13T00:00:00+0000,2022-11-14T00:00:00+0000,2021-12-31T23:59:59+0000,XGB_V3_1_Y2022_N2918_P706_SEED42,16329.85,-0.15969631011901975,-0.296230947456971,-0.007449129785164099,-0.08267355314361569,-0.2333176990680944,-0.4659295462726818,0.35231306655253414,0.32298895716667175,ACCUMULATION,4,NONE,,True,True,2918,706,2212,3.13314447592068,0.0,2023-01-12T00:00:00+0000,-0.033592470230896176
2022-11-14T00:00:00+0000,2022-11-15T00:00:00+0000,2021-12-31T23:59:59+0000,XGB_V3_1_Y2022_N2918_P706_SEED42,16619.46,-0.14286348207170585,-0.28016294833699784,-0.011145349879733257,-0.08322623139908503,-0.21972058328485777,-0.375307874761889,0.3776311400255093,0.2917613983154297,ACCUMULATION,4,NONE,,True,True,2918,706,2212,3.13314447592068,0.0,2023-01-13T00:00:00+0000,-0.0504330465610795
2022-11-15T00:00:00+0000,2022-11-16T00:00:00+0000,2021-12-31T23:59:59+0000,XGB_V3_1_Y2022_N2918_P706_SEED42,16900.57,-0.1262680240949987,-0.26453167208855355,-0.015022171279649665,-0.08353385685347525,-0.2065225403380475,-0.3029265185417703,0.3908494572304472,0.20568864047527313,DEEP_BEAR,4,NONE,,True,True,2918,706,2212,3.13314447592068,0.0,2023-01-14T00:00:00+0000,-0.06622735209522512
2022-11-16T00:00:00+0000,2022-11-17T00:00:00+0000,2021-12-31T23:59:59+0000,XGB_V3_1_Y2022_N2918_P706_SEED42,16662.76,-0.1364047664841238,-0.27155711174613006,-0.018274907129215312,-0.08372025384025739,-0.21768765930635514,-0.30120417900291635,0.40666883207654264,0.19841155409812927,ACCUMULATION,4,NONE,,True,True,2918,706,2212,3.13314447592068,0.0,2023-01-15T00:00:00+0000,-0.052900599900616574
2022-11-17T00:00:00+0000,2022-11-18T00:00:00+0000,2021-12-31T23:59:59+0000,XGB_V3_1_Y2022_N2918_P706_SEED42,16692.56,-0.1324139592925363,-0.26676426460081504,-0.02221217048776103,-0.08460942849634845,-0.21628855689158877,-0.268621003949543,0.4162054677282771,0.20143143832683563,ACCUMULATION,4,NONE,,True,True,2918,706,2212,3.13314447592068,0.0,2023-01-16T00:00:00+0000,-0.05459138682143427
2022-11-18T00:00:00+0000,2022-11-19T00:00:00+0000,2021-12-31T23:59:59+0000,XGB_V3_1_Y2022_N2918_P706_SEED42,16700.45,-0.12938749639995784,-0.2628844361805571,-0.02416893389957242,-0.08545498164263787,-0.2159181233998939,-0.24218045822318868,0.41935496639519926,0.20143143832683563,ACCUMULATION,4,NONE,,True,True,2918,706,2212,3.13314447592068,0.0,2023-01-17T00:00:00+0000,-0.055038037897182424
2022-11-19T00:00:00+0000,2022-11-20T00:00:00+0000,2021-12-31T23:59:59+0000,XGB_V3_1_Y2022_N2918_P706_SEED42,16700.68,-0.12689769163240283,-0.2594375766050425,-0.024006769507337045,-0.08591331963314741,-0.21590732495843767,-0.2189415671950219,0.42000210370488733,0.20143143832683563,ACCUMULATION,4,NONE,,True,True,2918,706,2212,3.13314447592068,0.0,2023-01-18T00:00:00+0000,-0.05505105181345904
2022-11-20T00:00:00+0000,2022-11-21T00:00:00+0000,2021-12-31T23:59:59+0000,XGB_V3_1_Y2022_N2918_P706_SEED42,16280.23,-0.1461729031246778,-0.27431515474348767,-0.02624478686717091,-0.08705871020859413,-0.23564734543791666,-0.24750206236812913,0.4224886180131867,0.20143143832683563,ACCUMULATION,4,NONE,,True,True,2918,706,2212,3.13314447592068,0.0,2023-01-19T00:00:00+0000,-0.03064698717401404
2022-11-21T00:00:00+0000,2022-11-22T00:00:00+0000,2021-12-31T23:59:59+0000,XGB_V3_1_Y2022_N2918_P706_SEED42,15781.29,-0.1694867164364836,-0.29328350210035037,-0.027274112131897232,-0.08755936151267774,-0.2590724514387045,-0.2830887314170085,0.4261472270893637,0.20143143832683563,ACCUMULATION,4,NONE,,True,True,2918,706,2212,3.13314447592068,0.0,2023-01-20T00:00:00+0000,0.027350108894773406
2022-11-22T00:00:00+0000,2022-11-23T00:00:00+0000,2021-12-31T23:59:59+0000,XGB_V3_1_Y2022_N2918_P706_SEED42,16226.94,-0.14296482325272897,-0.27009261205966884,-0.028292214566086993,-0.08783242125658275,-0.23814929737358426,-0.20290800109367207,0.4228923015316116,0.20143143832683563,ACCUMULATION,4,NONE,,True,True,2918,706,2212,3.13314447592068,0.0,2023-01-21T00:00:00+0000,-0.0008646115657049425
2022-11-23T00:00:00+0000,2022-11-24T00:00:00+0000,2021-12-31T23:59:59+0000,XGB_V3_1_Y2022_N2918_P706_SEED42,16603.11,-0.11962409008982933,-0.24998912292672493,-0.02954507125248995,-0.0880608685854044,-0.22048821162316057,-0.1339978313450117,0.4106050974583027,0.21002715826034546,DEEP_BEAR,4,NONE,,True,True,2918,706,2212,3.13314447592068,0.0,2023-01-22T00:00:00+0000,-0.023501621081833513
2022-11-24T00:00:00+0000,2022-11-25T00:00:00+0000,2021-12-31T23:59:59+0000,XGB_V3_1_Y2022_N2918_P706_SEED42,16598.95,-0.11650982357916406,-0.24721184436343036,-0.031026317555756577,-0.0879610747894024,-0.22068352256428236,-0.11508166686325887,0.37247297409073415,0.20226448774337769,ACCUMULATION,4,NONE,,True,True,2918,706,2212,3.13314447592068,0.0,2023-01-23T00:00:00+0000,-0.023256892755264658
2022-11-25T00:00:00+0000,2022-11-26T00:00:00+0000,2021-12-31T23:59:59+0000,XGB_V3_1_Y2022_N2918_P706_SEED42,16522.14,-0.11736733281202782,-0.24838519905762724,-0.03225000357235752,-0.08695105363498556,-0.22428973251321516,-0.10827732358098924,0.31390386501225126,0.20803196728229523,ACCUMULATION,4,NONE,,True,True,2918,706,2212,3.13314447592068,0.0,2023-01-24T00:00:00+0000,-0.018716098519925395
2022-11-26T00:00:00+0000,2022-11-27T00:00:00+0000,2021-12-31T23:59:59+0000,XGB_V3_1_Y2022_N2918_P706_SEED42,16458.57,-0.11786844005308439,-0.248789498928364,-0.0330098808264947,-0.08609266125347248,-0.22727432783223167,-0.10308611306856241,0.24281201382209622,0.20239003002643585,ACCUMULATION,4,NONE,,True,True,2918,706,2212,3.13314447592068,0.0,2023-01-25T00:00:00+0000,-0.014925962583626662
2022-11-27T00:00:00+0000,2022-11-28T00:00:00+0000,2021-12-31T23:59:59+0000,XGB_V3_1_Y2022_N2918_P706_SEED42,16428.78,-0.11663459394510711,-0.24797385541452166,-0.03338276134848617,-0.0849404746137381,-0.22867296074954335,-0.1064773041100173,0.13756356461833052,0.192246213555336,ACCUMULATION,4,NONE,,True,True,2918,706,2212,3.13314447592068,0.0,2023-01-26T00:00:00+0000,-0.013139746225830473
2022-11-28T00:00:00+0000,2022-11-29T00:00:00+0000,2021-12-31T23:59:59+0000,XGB_V3_1_Y2022_N2918_P706_SEED42,16212.91,-0.12520685468253578,-0.2556718391570867,-0.033832716763404824,-0.08356307974663191,-0.2388080023024155,-0.22156292878926534,0.09360574163805611,0.17577522993087769,ACCUMULATION,4,NONE,,True,True,2918,706,2212,3.13314447592068,0.0,2023-01-27T00:00:00+0000,0.0139376583229045
2022-11-29T00:00:00+0000,2022-11-30T00:00:00+0000,2021-12-31T23:59:59+0000,XGB_V3_1_Y2022_N2918_P706_SEED42,16442.53,-0.11023511254924934,-0.24289781195955973,-0.03389492960467966,-0.08172189758113779,-0.22802740174944147,-0.09688285890988395,0.08697961557259504,0.16230832040309906,ACCUMULATION,4,NONE,,True,True,2918,706,2212,3.13314447592068,0.0,2023-01-28T00:00:00+0000,-0.00022198530274830652
2022-11-30T00:00:00+0000,2022-12-01T00:00:00+0000,2021-12-31T23:59:59+0000,XGB_V3_1_Y2022_N2918_P706_SEED42,17163.64,-0.06930309500518372,-0.2073356738419181,-0.032812835520987904,-0.080205337251542,-0.19417147079937103,0.4905075833002911,0.07426439907467926,0.1020236685872078,ACCUMULATION,4,NONE,,True,True,2918,706,2212,3.13314447592068,0.0,2023-01-29T00:00:00+0000,-0.042226474104560485
2022-12-01T00:00:00+0000,2022-12-02T00:00:00+0000,2021-12-31T23:59:59+0000,XGB_V3_1_Y2022_N2918_P706_SEED42,16977.37,-0.07722377781993905,-0.21333114471446812,-0.03177096732795215,-0.07868321155621405,-0.2029167998865694,0.3509580792709516,0.07256445962123485,0.11065257340669632,DEEP_BEAR,4,NONE,,True,True,2918,706,2212,3.13314447592068,0.0,2023-01-30T00:00:00+0000,-0.03171810474767278
2022-12-02T00:00:00+0000,2022-12-03T00:00:00+0000,2021-12-31T23:59:59+0000,XGB_V3_1_Y2022_N2918_P706_SEED42,17092.74,-0.06864223659512603,-0.20563305586943714,-0.03070233846137016,-0.07721582216729028,-0.19750020775262356,0.41110267281375756,0.07677227806715366,0.1200069785118103,ACCUMULATION,4,NONE,,True,True,2918,706,2212,3.13314447592068,0.0,2023-01-31T00:00:00+0000,-0.03825366793153118
2022-12-03T00:00:00+0000,2022-12-04T00:00:00+0000,2021-12-31T23:59:59+0000,XGB_V3_1_Y2022_N2918_P706_SEED42,16885.2,-0.07764724205480222,-0.21279788527894705,-0.029293666090704495,-0.07558299306077976,-0.20724415792579776,0.2246597955729873,0.07714437219488787,0.13289892673492432,ACCUMULATION,4,NONE,,True,True,2918,706,2212,3.13314447592068,0.0,2023-02-01T00:00:00+0000,-0.026432615544974225
2022-12-04T00:00:00+0000,2022-12-05T00:00:00+0000,2021-12-31T23:59:59+0000,XGB_V3_1_Y2022_N2918_P706_SEED42,17105.7,-0.06359354714532794,-0.20035394845415277,-0.027706099068443457,-0.07346817260720084,-0.19689173905143664,0.35706547165891056,0.0815225936764381,0.11586787551641464,ACCUMULATION,4,NONE,,True,True,2918,706,2212,3.13314447592068,0.0,2023-02-02T00:00:00+0000,-0.038982327528250815
2022-12-05T00:00:00+0000,2022-12-06T00:00:00+0000,2021-12-31T23:59:59+0000,XGB_V3_1_Y2022_N2918_P706_SEED42,16966.35,-0.06888063398053268,-0.2043850301233423,-0.026587852436265602,-0.07199973812988492,-0.1884295963087369,0.2495937981888205,0.08222732363600448,0.1347421407699585,ACCUMULATION,4,NONE,,True,True,2918,706,2212,3.13314447592068,0.0,2023-02-03T00:00:00+0000,-0.031089185358076254
2022-12-06T00:00:00+0000,2022-12-07T00:00:00+0000,2021-12-31T23:59:59+0000,XGB_V3_1_Y2022_N2918_P706_SEED42,17088.96,-0.05961166895167236,-0.19635312102667468,-0.02602084352482137,-0.07039395447783214,-0.17008148654299216,0.310386306326273,0.08564339373349453,0.13708087801933289,ACCUMULATION,4,NONE,,True,True,2918,706,2212,3.13314447592068,0.0,2023-02-04T00:00:00+0000,-0.03804093402992326
2022-12-07T00:00:00+0000,2022-12-08T00:00:00+0000,2021-12-31T23:59:59+0000,XGB_V3_1_Y2022_N2918_P706_SEED42,16836.64,-0.07094975729898878,-0.20586466743228138,-0.025568536512821982,-0.06871719609606886,-0.09222886652076889,0.12752268720899068,0.0861606314467898,0.1547817885875702,ACCUMULATION,4,NONE,,True,True,2918,706,2212,3.13314447592068,0.0,2023-02-05T00:00:00+0000,-0.02362466620418313
2022-12-08T00:00:00+0000,2022-12-09T00:00:00+0000,2021-12-31T23:59:59+0000,XGB_V3_1_Y2022_N2918_P706_SEED42,17224.1,-0.047572651470680016,-0.18507744471757337,-0.024226363298467946,-0.0671160792126474,-0.02142189572840425,0.35836653176423283,0.09105123844779914,0.10479909181594849,ACCUMULATION,4,NONE,,True,True,2918,706,2212,3.13314447592068,0.0,2023-02-06T00:00:00+0000,-0.045588448743330456
2022-12-09T00:00:00+0000,2022-12-10T00:00:00+0000,2021-12-31T23:59:59+0000,XGB_V3_1_Y2022_N2918_P706_SEED42,17128.56,-0.050847214183576184,-0.1872943644516869,-0.023457054719036474,-0.06542297745477221,-0.026849950145303003,0.2724566295520428,0.093909994119952,0.21576905250549316,DEEP_BEAR,4,NONE,,True,True,2918,706,2212,3.13314447592068,0.0,2023-02-07T00:00:00+0000,-0.040264914271836094
2022-12-10T00:00:00+0000,2022-12-11T00:00:00+0000,2021-12-31T23:59:59+0000,XGB_V3_1_Y2022_N2918_P706_SEED42,17127.49,-0.04875916468526309,-0.1849228140489768,-0.023657690176778212,-0.06333885982676568,-0.005609001341143949,0.2460255177392542,0.09319219487828743,0.175857812166214,ACCUMULATION,4,NONE,,True,True,2918,706,2212,3.13314447592068,0.0,2023-02-08T00:00:00+0000,-0.04020495706025817
2022-12-11T00:00:00+0000,2022-12-12T00:00:00+0000,2021-12-31T23:59:59+0000,XGB_V3_1_Y2022_N2918_P706_SEED42,17085.05,-0.048877224142746756,-0.18452534040233803,-0.023649722236658954,-0.06177173315375173,-0.008072990751330944,0.21069718183007485,0.07800607422277907,0.14543677866458893,ACCUMULATION,4,NONE,,True,True,2918,706,2212,3.13314447592068,0.0,2023-02-09T00:00:00+0000,-0.03782078483820639
2022-12-12T00:00:00+0000,2022-12-13T00:00:00+0000,2021-12-31T23:59:59+0000,XGB_V3_1_Y2022_N2918_P706_SEED42,17209.83,-0.039406051694485855,-0.1762120409412108,-0.023793743939925394,-0.06029341598318716,-0.0008284903129914811,0.2837155298860518,0.073575064604511,0.1344243735074997,ACCUMULATION,4,NONE,,True,True,2918,706,2212,3.13314447592068,0.0,2023-02-10T00:00:00+0000,-0.04479707237084851
2022-12-13T00:00:00+0000,2022-12-14T00:00:00+0000,2021-12-31T23:59:59+0000,XGB_V3_1_Y2022_N2918_P706_SEED42,17774.7,-0.00615169772787183,-0.14695701991462318,-0.023048462063138153,-0.05874026124748055,0.0,0.5916547197452334,0.08574406731422875,0.15710337460041046,ACCUMULATION,4,NONE,,True,True,2918,706,2212,3.13314447592068,0.0,2023-02-11T00:00:00+0000,-0.07515288584336166
2022-12-14T00:00:00+0000,2022-12-15T00:00:00+0000,2021-12-31T23:59:59+0000,XGB_V3_1_Y2022_N2918_P706_SEED42,17803.15,-0.0020198794978446566,-0.14328338570302146,-0.023440953901017414,-0.057564097719045026,0.0,0.5131077370532342,0.09487317816334984,0.3044707775115967,ACCUMULATION,4,NONE,,True,True,2918,706,2212,3.13314447592068,0.0,2023-02-12T00:00:00+0000,-0.07663082095022511
2022-12-15T00:00:00+0000,2022-12-16T00:00:00+0000,2021-12-31T23:59:59+0000,XGB_V3_1_Y2022_N2918_P706_SEED42,17356.34,-0.023326815928847222,-0.16234352299197352,-0.02472784912669479,-0.05741348114990097,-0.025097244027040277,0.21302005564763593,0.09320954811547179,0.201138436794281,ACCUMULATION,4,NONE,,True,True,2918,706,2212,3.13314447592068,0.0,2023-02-13T00:00:00+0000,-0.05286022283499858
2022-12-16T00:00:00+0000,2022-12-17T00:00:00+0000,2021-12-31T23:59:59+0000,XGB_V3_1_Y2022_N2918_P706_SEED42,16632.12,-0.060205740001781805,-0.19436002805817632,-0.02611781860168727,-0.05772828347243231,-0.06577656201290238,-0.2558331687133078,0.0906747070198685,0.22339697182178497,ACCUMULATION,4,NONE,,True,True,2918,706,2212,3.13314447592068,0.0,2023-02-14T00:00:00+0000,-0.011618482791129314
2022-12-17T00:00:00+0000,2022-12-18T00:00:00+0000,2021-12-31T23:59:59+0000,XGB_V3_1_Y2022_N2918_P706_SEED42,16776.52,-0.047941481859483326,-0.18439761126429632,-0.027651360099153144,-0.05843346338416289,-0.05766563782252021,-0.1830678389346665,0.08588119650106958,0.20026782155036926,DEEP_BEAR,4,NONE,,True,True,2918,706,2212,3.13314447592068,0.0,2023-02-15T00:00:00+0000,-0.020125747175218645
2022-12-18T00:00:00+0000,2022-12-19T00:00:00+0000,2021-12-31T23:59:59+0000,XGB_V3_1_Y2022_N2918_P706_SEED42,16738.21,-0.04570569930724633,-0.1836670316652138,-0.030111072379192083,-0.058662945338813,-0.05981750420571652,-0.2586157499682418,0.07532673182406771,0.1779703050851822,ACCUMULATION,4,NONE,,True,True,2918,706,2212,3.13314447592068,0.0,2023-02-16T00:00:00+0000,-0.017883035282745152
2022-12-19T00:00:00+0000,2022-12-20T00:00:00+0000,2021-12-31T23:59:59+0000,XGB_V3_1_Y2022_N2918_P706_SEED42,16438.88,-0.05827361107576845,-0.19551638565947727,-0.03269650189451978,-0.05910560639259865,-0.07663082095022511,-0.4907096137876314,0.07541129138335924,0.2858833074569702,ACCUMULATION,4,NONE,,True,True,2918,706,2212,3.13314447592068,0.0,2023-02-17T00:00:00+0000,0.006297265993790324
2022-12-20T00:00:00+0000,2022-12-21T00:00:00+0000,2021-12-31T23:59:59+0000,XGB_V3_1_Y2022_N2918_P706_SEED42,16895.56,-0.028108673579415933,-0.17056870189089723,-0.03450140166689386,-0.05925463301211098,-0.05097918065061524,-0.12498995414603915,0.07580458246912711,0.18612819910049438,ACCUMULATION,4,NONE,,True,True,2918,706,2212,3.13314447592068,0.0,2023-02-18T00:00:00+0000,-0.020902532973159804
2022-12-21T00:00:00+0000,2022-12-22T00:00:00+0000,2021-12-31T23:59:59+0000,XGB_V3_1_Y2022_N2918_P706_SEED42,16824.67,-0.028095269674337287,-0.17139676447114072,-0.036297054775804805,-0.05914765265413868,-0.054961060261807804,-0.17200658390757734,0.07667802606617449,0.18612819910049438,ACCUMULATION,4,NONE,,True,True,2918,706,2212,3.13314447592068,0.0,2023-02-19T00:00:00+0000,-0.01677714926949514
2022-12-22T00:00:00+0000,2022-12-23T00:00:00+0000,2021-12-31T23:59:59+0000,XGB_V3_1_Y2022_N2918_P706_SEED42,16821.43,-0.024529082735506136,-0.16887572158040498,-0.03747536716401134,-0.059396867316834134,-0.05514305052757529,-0.16235154651189648,0.07756949715284814,0.18918533623218536,ACCUMULATION,4,NONE,,True,True,2918,706,2212,3.13314447592068,0.0,2023-02-20T00:00:00+0000,-0.016587769291909082
2022-12-23T00:00:00+0000,2022-12-24T00:00:00+0000,2021-12-31T23:59:59+0000,XGB_V3_1_Y2022_N2918_P706_SEED42,16778.5,-0.02313328213814647,-0.1679970503007383,-0.03963651343207408,-0.059825843210637,-0.057554421548995593,-0.18894931403844106,0.07835416129274349,0.18918533623218536,ACCUMULATION,4,NONE,,True,True,2918,706,2212,3.13314447592068,0.0,2023-02-21T00:00:00+0000,-0.014071579700211445
2022-12-24T00:00:00+0000,2022-12-25T00:00:00+0000,2021-12-31T23:59:59+0000,XGB_V3_1_Y2022_N2918_P706_SEED42,16836.12,-0.014831571045603065,-0.16217154034251646,-0.04201972702449441,-0.06061450487638842,-0.05431791564975874,-0.134806167064948,0.0789178644838132,0.18612819910049438,ACCUMULATION,4,NONE,,True,True,2918,706,2212,3.13314447592068,0.0,2023-02-22T00:00:00+0000,-0.017445824809991684
2022-12-25T00:00:00+0000,2022-12-26T00:00:00+0000,2021-12-31T23:59:59+0000,XGB_V3_1_Y2022_N2918_P706_SEED42,16832.11,-0.009889872026631719,-0.15957468825465126,-0.04336520682883538,-0.06080891636859853,-0.05454315668856358,-0.1318973982070926,0.0794857912277158,0.18612819910049438,DEEP_BEAR,4,NONE,,True,True,2918,706,2212,3.13314447592068,0.0,2023-02-23T00:00:00+0000,-0.017211745883314644
2022-12-26T00:00:00+0000,2022-12-27T00:00:00+0000,2021-12-31T23:59:59+0000,XGB_V3_1_Y2022_N2918_P706_SEED42,16919.39,-6.657007229404766e-05,-0.1524257367930144,-0.043909965240407356,-0.06123569120818073,-0.049640653479861796,-0.061065548663675646,0.07953742360796313,0.21656090021133423,ACCUMULATION,4,NONE,,True,True,2918,706,2212,3.13314447592068,0.0,2023-02-24T00:00:00+0000,-0.0222815361546721
2022-12-27T00:00:00+0000,2022-12-28T00:00:00+0000,2021-12-31T23:59:59+0000,XGB_V3_1_Y2022_N2918_P706_SEED42,16706.36,-0.008102027564147352,-0.16049307873468555,-0.04417893564541542,-0.06136520857677985,-0.06160651345407975,-0.21106525869635426,0.08059169534120761,0.18918533623218536,ACCUMULATION,4,NONE,,True,True,2918,706,2212,3.13314447592068,0.0,2023-02-25T00:00:00+0000,-0.009814226438314422
2022-12-28T00:00:00+0000,2022-12-29T00:00:00+0000,2021-12-31T23:59:59+0000,XGB_V3_1_Y2022_N2918_P706_SEED42,16547.31,-0.015206528455522617,-0.16599659391567678,-0.04202194603058529,-0.061272849833419074,-0.07054032572887381,-0.29468839236218075,0.08288767232102613,0.18918533623218536,ACCUMULATION,4,NONE,,True,True,2918,706,2212,3.13314447592068,0.0,2023-02-26T00:00:00+0000,-0.00029672496617272337
2022-12-29T00:00:00+0000,2022-12-30T00:00:00+0000,2021-12-31T23:59:59+0000,XGB_V3_1_Y2022_N2918_P706_SEED42,16633.47,-0.010915467040867988,-0.15954852857327562,-0.03661037757173713,-0.060963149953165874,-0.06570073273549903,-0.21290578404183244,0.08413595082321343,0.1940298080444336,ACCUMULATION,4,NONE,,True,True,2918,706,2212,3.13314447592068,0.0,2023-02-27T00:00:00+0000,-0.005475105314765916
2022-12-30T00:00:00+0000,2022-12-31T00:00:00+0000,2021-12-31T23:59:59+0000,XGB_V3_1_Y2022_N2918_P706_SEED42,16607.48,-0.01129252640910361,-0.15961335194555226,-0.033768845481418674,-0.059563212932256526,-0.06716058675009773,-0.2104813509486643,0.08523297162845851,0.2031562626361847,ACCUMULATION,4,NONE,,True,True,2918,706,2212,3.13314447592068,0.0,2023-02-28T00:00:00+0000,-0.003918716144773238
2022-12-31T00:00:00+0000,2023-01-01T00:00:00+0000,2022-12-31T23:59:59+0000,XGB_V3_1_Y2023_N3283_P856_SEED42,16542.4,-0.01454756406301616,-0.16172011612647275,-0.030294203209653592,-0.05810240184363458,-0.0708161196192808,-0.2327788432397107,0.08684792368571437,0.2833118438720703,ACCUMULATION,4,NONE,,True,True,3283,856,2427,2.835280373831776,0.0,2023-03-01T00:00:00+0000,0.004494511074571994
2023-01-01T00:00:00+0000,2023-01-02T00:00:00+0000,2022-12-31T23:59:59+0000,XGB_V3_1_Y2023_N3283_P856_SEED42,16616.75,-0.009888017049178077,-0.15667746405073624,-0.026775165842343962,-0.05682726172673813,-0.06663989237859602,-0.16345918883121854,0.08614429511204512,0.28139275312423706,ACCUMULATION,4,NONE,,True,True,3283,856,2427,2.835280373831776,0.0,2023-03-02T00:00:00+0000,0.003377315058600505
2023-01-02T00:00:00+0000,2023-01-03T00:00:00+0000,2022-12-31T23:59:59+0000,XGB_V3_1_Y2023_N3283_P856_SEED42,16672.87,-0.0069500340628382284,-0.15302796362489635,-0.02248947058370987,-0.05526517223795946,-0.06348764123202932,-0.10629497587920242,0.07062536587821976,0.25644731521606445,DEEP_BEAR,4,NONE,,True,True,3283,856,2427,2.835280373831776,0.0,2023-03-03T00:00:00+0000,0.0001385484322735664
2023-01-03T00:00:00+0000,2023-01-04T00:00:00+0000,2022-12-31T23:59:59+0000,XGB_V3_1_Y2023_N3283_P856_SEED42,16675.18,-0.0068783665864387,-0.1520935990289234,-0.017490945099229882,-0.05362566280960013,-0.06335788891291716,-0.08988632143448522,0.044788484477076056,0.267123281955719,ACCUMULATION,4,NONE,,True,True,3283,856,2427,2.835280373831776,0.0,2023-03-04T00:00:00+0000,0.009395400829256273
2023-01-04T00:00:00+0000,2023-01-05T00:00:00+0000,2022-12-31T23:59:59+0000,XGB_V3_1_Y2023_N3283_P856_SEED42,16850.36,0.003614830220409093,-0.1427238147289407,-0.012386413222561399,-0.051371373184950886,-0.05351805719774316,0.26097912309301935,0.030501879820100053,0.3506762385368347,ACCUMULATION,4,NONE,,True,True,3283,856,2427,2.835280373831776,0.0,2023-03-05T00:00:00+0000,-0.0010984928511914571
2023-01-05T00:00:00+0000,2023-01-06T00:00:00+0000,2022-12-31T23:59:59+0000,XGB_V3_1_Y2023_N3283_P856_SEED42,16831.85,0.0023104796329433963,-0.14284958350645804,-0.007533245261947319,-0.04880795922179437,-0.05455776084569319,0.20388097759642582,0.030664979901880114,0.35821080207824707,ACCUMULATION,4,NONE,,True,True,3283,856,2427,2.835280373831776,0.0,2023-03-06T00:00:00+0000,0.006637416564430065
2023-01-06T00:00:00+0000,2023-01-07T00:00:00+0000,2022-12-31T23:59:59+0000,XGB_V3_1_Y2023_N3283_P856_SEED42,16950.65,0.00907466829296677,-0.1360026899002248,-0.002648558694532177,-0.046214806174777134,-0.04788478443421529,0.3920187512018494,0.032720391379620906,0.4115758538246155,ACCUMULATION,4,NONE,,True,True,3283,856,2427,2.835280373831776,0.0,2023-03-07T00:00:00+0000,-0.00041768309769840695
2023-01-07T00:00:00+0000,2023-01-08T00:00:00+0000,2022-12-31T23:59:59+0000,XGB_V3_1_Y2023_N3283_P856_SEED42,16943.57,0.008361315216949716,-0.13553078440551847,1.4973674720808461e-05,-0.04409724598350784,-0.048282466866818585,0.3421222654179585,0.03444151273564417,0.578944206237793,ACCUMULATION,4,NONE,,True,True,3283,856,2427,2.835280373831776,0.0,2023-03-08T00:00:00+0000,0.010874921873017529
2023-01-08T00:00:00+0000,2023-01-09T00:00:00+0000,2022-12-31T23:59:59+0000,XGB_V3_1_Y2023_N3283_P856_SEED42,17127.83,0.018809183925506012,-0.12549167839480013,-0.0003222089828694985,-0.04151929427631551,-0.037932613048814345,0.582967156290612,0.03548517292919732,0.6449296474456787,ACCUMULATION,4,NONE,,True,True,3283,856,2427,2.835280373831776,0.0,2023-03-09T00:00:00+0000,0.0029443309514396443
2023-01-09T00:00:00+0000,2023-01-10T00:00:00+0000,2022-12-31T23:59:59+0000,XGB_V3_1_Y2023_N3283_P856_SEED42,17178.26,0.020718416358608716,-0.12203556912900448,0.001929814050020573,-0.039471891718537155,-0.03509996826404338,0.560921606180078,0.040701519734230064,0.6611670851707458,ACCUMULATION,4,NONE,,True,True,3283,856,2427,2.835280373831776,0.0,2023-03-10T00:00:00+0000,0.015275120995956515
2023-01-10T00:00:00+0000,2023-01-11T00:00:00+0000,2022-12-31T23:59:59+0000,XGB_V3_1_Y2023_N3283_P856_SEED42,17440.66,0.034270464727813366,-0.10775880311887276,0.004537010528907537,-0.037322738068565786,-0.020361003530274258,0.6941376284668647,0.05266004284255608,0.6203017234802246,ACCUMULATION,4,NONE,,True,True,3283,856,2427,2.835280373831776,0.0,2023-03-11T00:00:00+0000,0.02881771676071887
2023-01-11T00:00:00+0000,2023-01-12T00:00:00+0000,2022-12-31T23:59:59+0000,XGB_V3_1_Y2023_N3283_P856_SEED42,17943.26,0.06191411071003472,-0.08121261535737045,0.006816186689796444,-0.03508427759516208,0.0,0.806145225669785,0.07800219415481578,0.543133556842804,ACCUMULATION,4,NONE,,True,True,3283,856,2427,2.835280373831776,0.0,2023-03-12T00:00:00+0000,0.05034536644957499
2023-01-12T00:00:00+0000,2023-01-13T00:00:00+0000,2022-12-31T23:59:59+0000,XGB_V3_1_Y2023_N3283_P856_SEED42,18846.62,0.1124225294853396,-0.03441416879633186,0.009077296734077533,-0.03213602901363399,0.0,0.8638932756378599,0.12686243211374956,0.5962818264961243,ACCUMULATION,4,NONE,,True,True,3283,856,2427,2.835280373831776,0.0,2023-03-13T00:00:00+0000,0.05748457813655716
2023-01-13T00:00:00+0000,2023-01-14T00:00:00+0000,2022-12-31T23:59:59+0000,XGB_V3_1_Y2023_N3283_P856_SEED42,19930.01,0.17176192749272534,0.021304710476081734,0.012978074660071393,-0.028897040533888085,0.0,0.8344637504373942,0.19508331921784913,0.7142947912216187,ACCUMULATION,4,NONE,,True,True,3283,856,2427,2.835280373831776,0.0,2023-03-14T00:00:00+0000,0.01107274908542455
2023-01-14T00:00:00+0000,2023-01-15T00:00:00+0000,2022-12-31T23:59:59+0000,XGB_V3_1_Y2023_N3283_P856_SEED42,20954.92,0.2256318397521806,0.07364046881014108,0.018319027888829886,-0.02548686443344783,0.0,0.7682356058468316,0.27082533948737486,0.601847767829895,ACCUMULATION,4,NONE,,True,True,3283,856,2427,2.835280373831776,0.0,2023-03-15T00:00:00+0000,-0.03837905370194683
2023-01-15T00:00:00+0000,2023-01-16T00:00:00+0000,2022-12-31T23:59:59+0000,XGB_V3_1_Y2023_N3283_P856_SEED42,20871.5,0.21448333772967598,0.06916137620296747,0.023369620170248906,-0.022079702325194406,-0.003980926674976515,0.5953968161957366,0.3186033950278132,0.6217111349105835,ACCUMULATION,4,NONE,,True,True,3283,856,2427,2.835280373831776,0.0,2023-03-16T00:00:00+0000,-0.0345356107610858
2023-01-16T00:00:00+0000,2023-01-17T00:00:00+0000,2022-12-31T23:59:59+0000,XGB_V3_1_Y2023_N3283_P856_SEED42,21185.65,0.22597638862174652,0.08490846929588547,0.028718699689213256,-0.01872408581997942,0.0,0.5371696349647017,0.3581366715610239,0.5467508435249329,ACCUMULATION,4,NONE,,True,True,3283,856,2427,2.835280373831776,0.0,2023-03-17T00:00:00+0000,-0.04885193515422004
2023-01-17T00:00:00+0000,2023-01-18T00:00:00+0000,2022-12-31T23:59:59+0000,XGB_V3_1_Y2023_N3283_P856_SEED42,21134.81,0.21610689398926852,0.08179115371061729,0.03427934633532703,-0.015319486634579715,-0.0023997375582056613,0.4551596856416121,0.3830700322356393,0.5618513226509094,ACCUMULATION,4,NONE,,True,True,3283,856,2427,2.835280373831776,0.0,2023-03-18T00:00:00+0000,-0.0465639388288801
2023-01-18T00:00:00+0000,2023-01-19T00:00:00+0000,2022-12-31T23:59:59+0000,XGB_V3_1_Y2023_N3283_P856_SEED42,20677.47,0.18402088107955872,0.057996324026029056,0.03879187779745541,-0.012486541339253199,-0.02398699119451142,0.34658111925850277,0.39292561055660663,0.6989548802375793,ACCUMULATION,4,NONE,,True,True,3283,856,2427,2.835280373831776,0.0,2023-03-19T00:00:00+0000,-0.02547603744558702
2023-01-19T00:00:00+0000,2023-01-20T00:00:00+0000,2022-12-31T23:59:59+0000,XGB_V3_1_Y2023_N3283_P856_SEED42,21071.59,0.20121272399986267,0.07767804061227279,0.042327419526828614,-0.010573177377287246,-0.005383832924644838,0.35751333821755205,0.4022457200508141,0.5927643775939941,ACCUMULATION,4,NONE,,True,True,3283,856,2427,2.835280373831776,0.0,2023-03-20T00:00:00+0000,-0.043703394001117224
2023-01-20T00:00:00+0000,2023-01-21T00:00:00+0000,2022-12-31T23:59:59+0000,XGB_V3_1_Y2023_N3283_P856_SEED42,22667.21,0.2838445985957463,0.15856379839230317,0.04702443464017403,-0.00855496840418235,0.0,0.48853039259104986,0.4304796410592593,0.48622024059295654,ACCUMULATION,4,NONE,,True,True,3283,856,2427,2.835280373831776,0.0,2023-03-21T00:00:00+0000,-0.11102027995505404
2023-01-21T00:00:00+0000,2023-01-22T00:00:00+0000,2022-12-31T23:59:59+0000,XGB_V3_1_Y2023_N3283_P856_SEED42,22783.55,0.2821685671450622,0.16373461029032743,0.05163325267172025,-0.006392036414460844,0.0,0.4383166433173588,0.44901431093658484,0.49157992005348206,ACCUMULATION,4,NONE,,True,True,3283,856,2427,2.835280373831776,0.0,2023-03-22T00:00:00+0000,-0.11555969109291575
2023-01-22T00:00:00+0000,2023-01-23T00:00:00+0000,2022-12-31T23:59:59+0000,XGB_V3_1_Y2023_N3283_P856_SEED42,22707.88,0.26958983611592924,0.15923499203722402,0.055721716950158484,-0.004906667200670234,-0.003321255906125198,0.3816900919067705,0.4564517807253321,0.49901720881462097,ACCUMULATION,4,NONE,,True,True,3283,856,2427,2.835280373831776,0.0,2023-03-23T00:00:00+0000,-0.11261244995129449
2023-01-23T00:00:00+0000,2023-01-24T00:00:00+0000,2022-12-31T23:59:59+0000,XGB_V3_1_Y2023_N3283_P856_SEED42,22916.45,0.2729796760531429,0.1694969483368436,0.058419269847464816,-0.003618553416564252,0.0,0.36302660419741484,0.4577893461445497,0.49543628096580505,ACCUMULATION,4,NONE,,True,True,3283,856,2427,2.835280373831776,0.0,2023-03-24T00:00:00+0000,-0.12068885014912878
2023-01-24T00:00:00+0000,2023-01-25T00:00:00+0000,2022-12-31T23:59:59+0000,XGB_V3_1_Y2023_N3283_P856_SEED42,22632.89,0.2493630607634898,0.15472012678646774,0.059559571216371676,-0.002817030762060191,-0.012373644259909389,0.300287885059937,0.44976586574224275,0.5355713963508606,ACCUMULATION,4,NONE,,True,True,3283,856,2427,2.835280373831776,0.0,2023-03-25T00:00:00+0000,-0.10967225131213909
2023-01-25T00:00:00+0000,2023-01-26T00:00:00+0000,2022-12-31T23:59:59+0000,XGB_V3_1_Y2023_N3283_P856_SEED42,23060.94,0.26465381178541736,0.17611828013788933,0.06106807314251017,-0.0014928157136178122,0.0,0.3162249518951429,0.4387368360107659,0.39201316237449646,ACCUMULATION,4,NONE,,True,True,3283,856,2427,2.835280373831776,0.0,2023-03-26T00:00:00+0000,-0.1261982382331336
2023-01-26T00:00:00+0000,2023-01-27T00:00:00+0000,2022-12-31T23:59:59+0000,XGB_V3_1_Y2023_N3283_P856_SEED42,23009.65,0.2533552274199993,0.17286028424739586,0.062370857607277674,-2.3564049547286636e-05,-0.002224107083232396,0.2838183215274556,0.4209039114594345,0.2389693558216095,ACCUMULATION,4,NONE,,True,True,3283,856,2427,2.835280373831776,0.0,2023-03-27T00:00:00+0000,-0.12425047751704188
2023-01-27T00:00:00+0000,2023-01-28T00:00:00+0000,2022-12-31T23:59:59+0000,XGB_V3_1_Y2023_N3283_P856_SEED42,23074.16,0.24890964730167942,0.17521685412062094,0.0630857137911951,0.0017341966027171196,0.0,0.26842708490987033,0.3952776421591134,0.2610756754875183,NEW_BULL,0,NONE,,True,True,3283,856,2427,2.835280373831776,0.0,2023-03-28T00:00:00+0000,-0.12669887007804403
2023-01-28T00:00:00+0000,2023-01-29T00:00:00+0000,2022-12-31T23:59:59+0000,XGB_V3_1_Y2023_N3283_P856_SEED42,23022.6,0.2382185808771391,0.17148879713653087,0.0646797976295086,0.003408627606500181,-0.0022345342148967218,0.24267620493483283,0.36367720245238533,0.25629979372024536,NEW_BULL,0,NONE,,True,True,3283,856,2427,2.835280373831776,0.0,2023-03-29T00:00:00+0000,-0.12474307854021705
2023-01-29T00:00:00+0000,2023-01-30T00:00:00+0000,2022-12-31T23:59:59+0000,XGB_V3_1_Y2023_N3283_P856_SEED42,23742.3,0.26790455993854145,0.20703311034734972,0.06747777314177461,0.005313130017181589,0.0,0.3188745492227593,0.3296925335395238,0.2256702184677124,NEW_BULL,0,NONE,,True,True,3283,856,2427,2.835280373831776,0.0,2023-03-30T00:00:00+0000,-0.15127472907005646
2023-01-30T00:00:00+0000,2023-01-31T00:00:00+0000,2022-12-31T23:59:59+0000,XGB_V3_1_Y2023_N3283_P856_SEED42,22826.15,0.21155061175101464,0.15979743432045534,0.06710092348957453,0.006861834859679172,-0.03858724723383988,0.17554360663784055,0.28103766848795086,0.34546154737472534,NEW_BULL,0,NONE,,True,True,3283,856,2427,2.835280373831776,0.0,2023-03-31T00:00:00+0000,-0.11721030484772954
2023-01-31T00:00:00+0000,2023-02-01T00:00:00+0000,2022-12-31T23:59:59+0000,XGB_V3_1_Y2023_N3283_P856_SEED42,23125.13,0.2197603462101887,0.1743039189518425,0.06692380176746693,0.00836403156966714,-0.025994532964371486,0.21747534718188047,0.23251234598968126,0.34230944514274597,NEW_BULL,0,NONE,,True,True,3283,856,2427,2.835280373831776,0.0,2023-04-01T00:00:00+0000,-0.1286237093586069
2023-02-01T00:00:00+0000,2023-02-02T00:00:00+0000,2022-12-31T23:59:59+0000,XGB_V3_1_Y2023_N3283_P856_SEED42,23732.66,0.24398649998731514,0.2043787317441812,0.0666393380251602,0.009580027017684456,-0.0004060263748667525,0.33352620856061344,0.19887742885220364,0.2943810820579529,NEW_BULL,0,NONE,,True,True,3283,856,2427,2.835280373831776,0.0,2023-04-02T00:00:00+0000,-0.15092998424955317
2023-02-02T00:00:00+0000,2023-02-03T00:00:00+0000,2022-12-31T23:59:59+0000,XGB_V3_1_Y2023_N3283_P856_SEED42,23488.94,0.22391623787456671,0.19119719808038704,0.06607031402585428,0.010479654645447534,-0.010671249205005395,0.2638919893866513,0.1781376865049684,0.3069412112236023,NEW_BULL,0,NONE,,True,True,3283,856,2427,2.835280373831776,0.0,2023-04-03T00:00:00+0000,-0.14212007864126697
2023-02-03T00:00:00+0000,2023-02-04T00:00:00+0000,2022-12-31T23:59:59+0000,XGB_V3_1_Y2023_N3283_P856_SEED42,23431.9,0.2132623729912313,0.1880034903683394,0.06610854630312257,0.010561280988159227,-0.013073712319362385,0.22733770515308213,0.17037314342481497,0.31009286642074585,NEW_BULL,0,NONE,,True,True,3283,856,2427,2.835280373831776,0.0,2023-04-04T00:00:00+0000,-0.1400317515865125
2023-02-04T00:00:00+0000,2023-02-05T00:00:00+0000,2022-12-31T23:59:59+0000,XGB_V3_1_Y2023_N3283_P856_SEED42,23326.84,0.19950659405081184,0.18269784187015037,0.06646822976917144,0.010349673194252507,-0.01749872590271373,0.18105446524571062,0.15728816004365742,0.3203516900539398,NEW_BULL,0,NONE,,True,True,3283,856,2427,2.835280373831776,0.0,2023-04-05T00:00:00+0000,-0.136158605280441
2023-02-05T00:00:00+0000,2023-02-06T00:00:00+0000,2022-12-31T23:59:59+0000,XGB_V3_1_Y2023_N3283_P856_SEED42,22932.91,0.17183064835064266,0.1628107349508101,0.06600312599501246,0.009953644028527275,-0.034090631488945866,0.0499350072103727,0.1447826451181479,0.3990797996520996,BULL,0,NONE,,True,True,3283,856,2427,2.835280373831776,0.0,2023-04-06T00:00:00+0000,-0.12131997204018163
2023-02-06T00:00:00+0000,2023-02-07T00:00:00+0000,2022-12-31T23:59:59+0000,XGB_V3_1_Y2023_N3283_P856_SEED42,22762.52,0.15600691849409065,0.15428516117107915,0.0657737704790613,0.009374445711410884,-0.04126727402147212,-0.029678821583189123,0.12853612140309922,0.39393818378448486,BULL,0,NONE,,True,True,3283,856,2427,2.835280373831776,0.0,2023-04-07T00:00:00+0000,-0.11474256804606875
2023-02-07T00:00:00+0000,2023-02-08T00:00:00+0000,2022-12-31T23:59:59+0000,XGB_V3_1_Y2023_N3283_P856_SEED42,23240.46,0.17218141720686897,0.17835544541079718,0.06633296769314723,0.009148702303906076,-0.021136958087464186,0.12100264288687454,0.09445600950772293,0.2967583239078522,BULL,0,NONE,,True,True,3283,856,2427,2.835280373831776,0.0,2023-04-08T00:00:00+0000,-0.1329478848525374
2023-02-08T00:00:00+0000,2023-02-09T00:00:00+0000,2022-12-31T23:59:59+0000,XGB_V3_1_Y2023_N3283_P856_SEED42,22963.0,0.1511415982970703,0.16413637471071363,0.06527970490569812,0.008826524684800052,-0.03282327322963652,-0.08489912836208012,0.05585331752057222,0.28499820828437805,BULL,0,NONE,,True,True,3283,856,2427,2.835280373831776,0.0,2023-04-09T00:00:00+0000,-0.12247136698166616
2023-02-09T00:00:00+0000,2023-02-10T00:00:00+0000,2022-12-31T23:59:59+0000,XGB_V3_1_Y2023_N3283_P856_SEED42,21796.35,0.08723762645331767,0.10521112647907627,0.06406508662312316,0.007999717678399687,-0.08196130956141578,-0.7363517003020328,0.07268320209094568,0.310650497674942,BULL,0,NONE,,True,True,3283,856,2427,2.835280373831776,0.0,2023-04-10T00:00:00+0000,-0.0755016321540074
2023-02-10T00:00:00+0000,2023-02-11T00:00:00+0000,2022-12-31T23:59:59+0000,XGB_V3_1_Y2023_N3283_P856_SEED42,21625.19,0.0735549930303685,0.09644487780184852,0.06249272103863723,0.0074086727001891894,-0.08917038366122909,-0.6507945207398907,0.09002094260273408,0.3916662633419037,BULL,0,NONE,,True,True,3283,856,2427,2.835280373831776,0.0,2023-04-11T00:00:00+0000,-0.06818437202170247
2023-02-11T00:00:00+0000,2023-02-12T00:00:00+0000,2022-12-31T23:59:59+0000,XGB_V3_1_Y2023_N3283_P856_SEED42,21862.55,0.07988734680477738,0.10830875871811774,0.061186247464869004,0.007012686407974478,-0.07917303715309809,-0.4686585634659082,0.09921431992502111,0.37002938985824585,BULL,0,NONE,,True,True,3283,856,2427,2.835280373831776,0.0,2023-04-12T00:00:00+0000,-0.07830102161001351
2023-02-12T00:00:00+0000,2023-02-13T00:00:00+0000,2022-12-31T23:59:59+0000,XGB_V3_1_Y2023_N3283_P856_SEED42,21783.54,0.070751402785723,0.1046306810495452,0.06005423053363512,0.006382571653182678,-0.08250085290810072,-0.43811979688028707,0.10862464593649844,0.38074931502342224,BULL,0,NONE,,True,True,3283,856,2427,2.835280373831776,0.0,2023-04-13T00:00:00+0000,-0.07495797285473349
2023-02-13T00:00:00+0000,2023-02-14T00:00:00+0000,2022-12-31T23:59:59+0000,XGB_V3_1_Y2023_N3283_P856_SEED42,21773.97,0.06510643506751213,0.10472490717531602,0.05850237157250748,0.0055882669742644,-0.08290393095866866,-0.39704524184245704,0.1164052248337167,0.3734776973724365,BULL,0,NONE,,True,True,3283,856,2427,2.835280373831776,0.0,2023-04-14T00:00:00+0000,-0.07455140243143543
2023-02-14T00:00:00+0000,2023-02-15T00:00:00+0000,2022-12-31T23:59:59+0000,XGB_V3_1_Y2023_N3283_P856_SEED42,22199.84,0.08035735481101813,0.12678175234858924,0.05664509356889247,0.004810196540045331,-0.06496674711380113,-0.21687055697274388,0.11862365770613963,0.411922425031662,BULL,0,NONE,,True,True,3283,856,2427,2.835280373831776,0.0,2023-04-15T00:00:00+0000,-0.09230471931329243
2023-02-15T00:00:00+0000,2023-02-16T00:00:00+0000,2022-12-31T23:59:59+0000,XGB_V3_1_Y2023_N3283_P856_SEED42,24324.05,0.17502027200475023,0.2343856048077646,0.05778210100427805,0.004433772403224179,0.0,0.48834904968131415,0.13193060652222943,0.24890269339084625,BULL,0,NONE,,True,True,3283,856,2427,2.835280373831776,0.0,2023-04-16T00:00:00+0000,-0.17157340163336288
2023-02-16T00:00:00+0000,2023-02-17T00:00:00+0000,2022-12-31T23:59:59+0000,XGB_V3_1_Y2023_N3283_P856_SEED42,23517.72,0.1284693973430473,0.19339839345087162,0.05838949884187139,0.003695270959967356,-0.033149496074872276,0.21001811036408582,0.134012712786527,0.4062677323818207,BULL,0,NONE,,True,True,3283,856,2427,2.835280373831776,0.0,2023-04-17T00:00:00+0000,-0.1431699161313258
2023-02-17T00:00:00+0000,2023-02-18T00:00:00+0000,2022-12-31T23:59:59+0000,XGB_V3_1_Y2023_N3283_P856_SEED42,24569.97,0.17004870522976034,0.24638272102572611,0.05913372766739755,0.003083249967682722,0.0,0.47557700023087557,0.14829630440224587,0.294528603553772,BULL,0,NONE,,True,True,3283,856,2427,2.835280373831776,0.0,2023-04-18T00:00:00+0000,-0.1798650954803771
2023-02-18T00:00:00+0000,2023-02-19T00:00:00+0000,2022-12-31T23:59:59+0000,XGB_V3_1_Y2023_N3283_P856_SEED42,24631.95,0.1641033907387317,0.24900597035395755,0.06073613166633551,0.0026068677760486825,0.0,0.44844349112536136,0.15866165743117439,0.3059447407722473,BULL,0,NONE,,True,True,3283,856,2427,2.835280373831776,0.0,2023-04-19T00:00:00+0000,-0.18192875513306916
2023-02-19T00:00:00+0000,2023-02-20T00:00:00+0000,2022-12-31T23:59:59+0000,XGB_V3_1_Y2023_N3283_P856_SEED42,24271.76,0.13876131495728217,0.23028856753866056,0.06318603774661224,0.002406231055876118,-0.014622878010064233,0.31602153528622823,0.16511615260149617,0.3491881489753723,BULL,0,NONE,,True,True,3283,856,2427,2.835280373831776,0.0,2023-04-20T00:00:00+0000,-0.1697886762229026
2023-02-20T00:00:00+0000,2023-02-21T00:00:00+0000,2022-12-31T23:59:59+0000,XGB_V3_1_Y2023_N3283_P856_SEED42,24842.2,0.15659776539959447,0.25849523991382006,0.06628197876275199,0.0023855653230799856,0.0,0.41061422259268116,0.17757714247464354,0.33677777647972107,BULL,0,NONE,,True,True,3283,856,2427,2.835280373831776,0.0,2023-04-21T00:00:00+0000,-0.18885243657969109
2023-02-21T00:00:00+0000,2023-02-22T00:00:00+0000,2022-12-31T23:59:59+0000,XGB_V3_1_Y2023_N3283_P856_SEED42,24452.16,0.13025113357641316,0.23837846805963814,0.06861167421814662,0.0020294754920691105,-0.01570070283630276,0.29780939262643197,0.1827741691357271,0.3382323086261749,BULL,0,NONE,,True,True,3283,856,2427,2.835280373831776,0.0,2023-04-22T00:00:00+0000,-0.17591370251135285
2023-02-22T00:00:00+0000,2023-02-23T00:00:00+0000,2022-12-31T23:59:59+0000,XGB_V3_1_Y2023_N3283_P856_SEED42,24182.21,0.1100694284512298,0.2243261468184614,0.0707942750357573,0.0016571801877875991,-0.02656729275184977,0.22168200018929665,0.18600794036908677,0.3686543107032776,BULL,0,NONE,,True,True,3283,856,2427,2.835280373831776,0.0,2023-04-23T00:00:00+0000,-0.16671429120828907
2023-02-23T00:00:00+0000,2023-02-24T00:00:00+0000,2022-12-31T23:59:59+0000,XGB_V3_1_Y2023_N3283_P856_SEED42,23940.2,0.09185313338936063,0.21183844297656296,0.07255343433169048,0.0015975652841428989,-0.03630918356667279,0.15823746254917725,0.1876127928228882,0.3638828992843628,BULL,0,NONE,,True,True,3283,856,2427,2.835280373831776,0.0,2023-04-24T00:00:00+0000,-0.15829065755507477
2023-02-24T00:00:00+0000,2023-02-25T00:00:00+0000,2022-12-31T23:59:59+0000,XGB_V3_1_Y2023_N3283_P856_SEED42,23185.29,0.051330791289447175,0.17381094925410423,0.0732248912118536,0.0014569155715211668,-0.06669739395061625,-0.013206192704437049,0.18765916017198855,0.3723090589046478,BULL,0,NONE,,True,True,3283,856,2427,2.835280373831776,0.0,2023-04-25T00:00:00+0000,-0.13088471181512085
2023-02-25T00:00:00+0000,2023-02-26T00:00:00+0000,2022-12-31T23:59:59+0000,XGB_V3_1_Y2023_N3283_P856_SEED42,23157.07,0.044173957547839926,0.1723801310059072,0.07132249216244135,0.00153244889380999,-0.06783336419479757,-0.02228849717876311,0.18720856264876098,0.3723090589046478,BULL,0,NONE,,True,True,3283,856,2427,2.835280373831776,0.0,2023-04-26T00:00:00+0000,-0.12982557810638395
2023-02-26T00:00:00+0000,2023-02-27T00:00:00+0000,2022-12-31T23:59:59+0000,XGB_V3_1_Y2023_N3283_P856_SEED42,23554.85,0.05581527347304749,0.19263918055591933,0.0705007437919698,0.0015301839739021439,-0.05182109475006247,0.060216775917554824,0.18616854521642895,0.38020992279052734,BULL,0,NONE,,True,True,3283,856,2427,2.835280373831776,0.0,2023-04-27T00:00:00+0000,-0.1445205552147435
2023-02-27T00:00:00+0000,2023-02-28T00:00:00+0000,2022-12-31T23:59:59+0000,XGB_V3_1_Y2023_N3283_P856_SEED42,23492.09,0.047028430866860926,0.1895946927609904,0.06847040046030162,0.001276979410301582,-0.05434744104789435,0.042812842979760464,0.1861999871277419,0.38020992279052734,BULL,0,NONE,,True,True,3283,856,2427,2.835280373831776,0.0,2023-04-28T00:00:00+0000,-0.14223510977524778
2023-02-28T00:00:00+0000,2023-03-01T00:00:00+0000,2022-12-31T23:59:59+0000,XGB_V3_1_Y2023_N3283_P856_SEED42,23141.57,0.025952387192882842,0.17221961532773444,0.06600286803294142,0.0008271284504617338,-0.06845730249333803,-0.04009510032530388,0.18576337820684116,0.38020992279052734,BULL,0,NONE,,True,True,3283,856,2427,2.835280373831776,0.0,2023-04-29T00:00:00+0000,-0.1292427436859297
2023-03-01T00:00:00+0000,2023-03-02T00:00:00+0000,2022-12-31T23:59:59+0000,XGB_V3_1_Y2023_N3283_P856_SEED42,23628.97,0.041844035154681825,0.1971548392808975,0.06407813038315413,0.0008199200285905484,-0.04883746206052597,0.05409759755887325,0.17540901524382607,0.38884010910987854,BULL,0,NONE,,True,True,3283,856,2427,2.835280373831776,0.0,2023-04-30T00:00:00+0000,-0.14720404655810226
2023-03-02T00:00:00+0000,2023-03-03T00:00:00+0000,2022-12-31T23:59:59+0000,XGB_V3_1_Y2023_N3283_P856_SEED42,23465.32,0.029614648201773397,0.1891165701174864,0.061070067890280244,0.0005272497241421981,-0.05542504287059924,-0.00890629629950208,0.16027686616083597,0.394906610250473,BULL,0,NONE,,True,True,3283,856,2427,2.835280373831776,0.0,2023-05-01T00:00:00+0000,-0.14125654369938279
2023-03-03T00:00:00+0000,2023-03-04T00:00:00+0000,2022-12-31T23:59:59+0000,XGB_V3_1_Y2023_N3283_P856_SEED42,22354.34,-0.022143172877111983,0.13331690604799995,0.05668198230441002,-6.807496914351674e-05,-0.10014652486494757,-0.32324266028568016,0.1537541765918985,0.415327250957489,BULL,0,NONE,,True,True,3283,856,2427,2.835280373831776,0.0,2023-05-02T00:00:00+0000,-0.09857817318695172
2023-03-04T00:00:00+0000,2023-03-05T00:00:00+0000,2022-12-31T23:59:59+0000,XGB_V3_1_Y2023_N3283_P856_SEED42,22346.57,-0.024545341949161026,0.13335627138685613,0.051617826071065354,-0.00015411353408634199,-0.10045929909589335,-0.3514703938205291,0.14557620853983502,0.427444726228714,BULL,0,NONE,,True,True,3283,856,2427,2.835280373831776,0.0,2023-05-03T00:00:00+0000,-0.09826474488031056
2023-03-05T00:00:00+0000,2023-03-06T00:00:00+0000,2022-12-31T23:59:59+0000,XGB_V3_1_Y2023_N3283_P856_SEED42,22430.24,-0.022152503463779283,0.1378630580076785,0.04616272699033375,0.00013919684922325537,-0.09709123990628843,-0.36110898538770797,0.13552190952798437,0.4319499433040619,BULL,0,NONE,,True,True,3283,856,2427,2.835280373831776,0.0,2023-05-04T00:00:00+0000,-0.10162842662405769
2023-03-06T00:00:00+0000,2023-03-07T00:00:00+0000,2022-12-31T23:59:59+0000,XGB_V3_1_Y2023_N3283_P856_SEED42,22410.0,-0.024343632076352595,0.13706160934677025,0.04153009853256351,0.00034042758376529036,-0.09790598256193095,-0.3788256079545207,0.13256639752948082,0.4319499433040619,BULL,0,NONE,,True,True,3283,856,2427,2.835280373831776,0.0,2023-05-05T00:00:00+0000,-0.10081704596162433
2023-03-07T00:00:00+0000,2023-03-08T00:00:00+0000,2022-12-31T23:59:59+0000,XGB_V3_1_Y2023_N3283_P856_SEED42,22197.96,-0.03442625041590919,0.12591341748258733,0.03661350622689152,0.0005136792470112894,-0.10644145848596342,-0.3938529200724723,0.13951500371861614,0.42929041385650635,DISTRIBUTION,1,NONE,,True,True,3283,856,2427,2.835280373831776,0.0,2023-05-06T00:00:00+0000,-0.09222784436047282
2023-03-08T00:00:00+0000,2023-03-09T00:00:00+0000,2022-12-31T23:59:59+0000,XGB_V3_1_Y2023_N3283_P856_SEED42,21705.44,-0.05631850883312761,0.10077424217971531,0.030981219510758606,0.000600162011418659,-0.12626739982771262,-0.4667387753939809,0.15498631705829022,0.4382454752922058,EARLY_BEAR,2,NONE,,True,True,3283,856,2427,2.835280373831776,0.0,2023-05-07T00:00:00+0000,-0.0716295085471661
2023-03-09T00:00:00+0000,2023-03-10T00:00:00+0000,2022-12-31T23:59:59+0000,XGB_V3_1_Y2023_N3283_P856_SEED42,20362.22,-0.11447457728425081,0.03295600586597214,0.024851426780247987,-2.2809795474199035e-05,-0.18033749023838463,-0.653084210743331,0.18657551523431648,0.5178777575492859,EARLY_BEAR,2,NONE,,True,True,3283,856,2427,2.835280373831776,0.0,2023-05-08T00:00:00+0000,-0.010388356475865668
2023-03-10T00:00:00+0000,2023-03-11T00:00:00+0000,2022-12-31T23:59:59+0000,XGB_V3_1_Y2023_N3283_P856_SEED42,20150.69,-0.12297125388845553,0.02254927353495373,0.01861596868037485,-0.0007563493919359177,-0.18885243657969109,-0.5787426709273654,0.21165308421461035,0.5325350165367126,EARLY_BEAR,2,NONE,,True,True,3283,856,2427,2.835280373831776,0.0,2023-05-09T00:00:00+0000,0.015137943167206735
2023-03-11T00:00:00+0000,2023-03-12T00:00:00+0000,2022-12-31T23:59:59+0000,XGB_V3_1_Y2023_N3283_P856_SEED42,20455.73,-0.10797767514598511,0.03831134683250981,0.011107141182598923,-0.001396458746713125,-0.1765733308644163,-0.44839023620260815,0.22691289000100565,0.7333816885948181,BEAR,3,NONE,,True,True,3283,856,2427,2.835280373831776,0.0,2023-05-10T00:00:00+0000,0.07535199183798391
2023-03-12T00:00:00+0000,2023-03-13T00:00:00+0000,2022-12-31T23:59:59+0000,XGB_V3_1_Y2023_N3283_P856_SEED42,21997.11,-0.04010363006319129,0.11637195231429165,0.005517211275878786,-0.0017984654946898715,-0.11452649121253355,-0.13084313259935795,0.21390804544831296,0.6385409235954285,BEAR,3,NONE,,True,True,3283,856,2427,2.835280373831776,0.0,2023-05-11T00:00:00+0000,0.09621127502658289
2023-03-13T00:00:00+0000,2023-03-14T00:00:00+0000,2022-12-31T23:59:59+0000,XGB_V3_1_Y2023_N3283_P856_SEED42,24113.48,0.05095997505605099,0.2229867812661539,0.003661198803440735,-0.001439709371309661,-0.029333955929829125,0.3159718428402125,0.20991741014719803,0.5925126075744629,BEAR,3,NONE,,True,True,3283,856,2427,2.835280373831776,0.0,2023-05-12T00:00:00+0000,0.007140404454271998
2023-03-14T00:00:00+0000,2023-03-15T00:00:00+0000,2022-12-31T23:59:59+0000,XGB_V3_1_Y2023_N3283_P856_SEED42,24670.41,0.07359176475587126,0.24982928170482954,0.00307500897839752,-0.0006288502073129587,-0.006915249052016348,0.4153857693368656,0.21613589212967393,0.347124308347702,BEAR,3,NONE,,True,True,3283,856,2427,2.835280373831776,0.0,2023-05-13T00:00:00+0000,-0.01559560623435119
2023-03-15T00:00:00+0000,2023-03-16T00:00:00+0000,2022-12-31T23:59:59+0000,XGB_V3_1_Y2023_N3283_P856_SEED42,24285.66,0.05533037383022821,0.2290149471508962,0.0032257723349686795,0.00025261862230041565,-0.022403007785139817,0.3277196413294796,0.219596471613783,0.40506449341773987,BEAR,3,NONE,,True,True,3283,856,2427,2.835280373831776,0.0,2023-05-14T00:00:00+0000,0.02936383034267953
2023-03-16T00:00:00+0000,2023-03-17T00:00:00+0000,2022-12-31T23:59:59+0000,XGB_V3_1_Y2023_N3283_P856_SEED42,24998.78,0.08449244408953871,0.2633635005569177,0.0035691695478572427,0.0017886635080517355,0.0,0.4198810894020721,0.23588662793999846,0.347124308347702,BEAR,3,NONE,,True,True,3283,856,2427,2.835280373831776,0.0,2023-05-15T00:00:00+0000,0.07106346789723328
2023-03-17T00:00:00+0000,2023-03-18T00:00:00+0000,2022-12-31T23:59:59+0000,XGB_V3_1_Y2023_N3283_P856_SEED42,27395.13,0.18394554127014917,0.38198520336979835,0.00650057016715011,0.0035865068937319666,0.0,0.6598150120255136,0.29293144732115617,0.36858034133911133,BEAR,3,NONE,,True,True,3283,856,2427,2.835280373831776,0.0,2023-05-16T00:00:00+0000,-0.0226262843067363
2023-03-18T00:00:00+0000,2023-03-19T00:00:00+0000,2022-12-31T23:59:59+0000,XGB_V3_1_Y2023_N3283_P856_SEED42,26907.49,0.15903077139430954,0.35496042838045994,0.009334375047308052,0.005484327083411067,-0.017800244057976755,0.5010666393347339,0.3263916956455356,0.303471177816391,BEAR,3,NONE,,True,True,3283,856,2427,2.835280373831776,0.0,2023-05-17T00:00:00+0000,-0.004913501779616136
2023-03-19T00:00:00+0000,2023-03-20T00:00:00+0000,2022-12-31T23:59:59+0000,XGB_V3_1_Y2023_N3283_P856_SEED42,27972.87,0.19980492838903152,0.4058046407237539,0.013916741435249902,0.007602917567538503,0.0,0.5343636187639594,0.37054784831344756,0.32701271772384644,BEAR,3,NONE,,True,True,3283,856,2427,2.835280373831776,0.0,2023-05-18T00:00:00+0000,-0.04281255373510118
2023-03-20T00:00:00+0000,2023-03-21T00:00:00+0000,2022-12-31T23:59:59+0000,XGB_V3_1_Y2023_N3283_P856_SEED42,27717.01,0.18479093356943688,0.39029610038336515,0.018189379877212142,0.009846207217063974,-0.009146719660871439,0.43809771702999717,0.40066840247891283,0.3372947573661804,BEAR,3,NONE,,True,True,3283,856,2427,2.835280373831776,0.0,2023-05-19T00:00:00+0000,-0.03397660858801144
2023-03-21T00:00:00+0000,2023-03-22T00:00:00+0000,2022-12-31T23:59:59+0000,XGB_V3_1_Y2023_N3283_P856_SEED42,28105.47,0.19599802815330158,0.406904369476053,0.02475755694082693,0.012119537468413988,0.0,0.42028683430035374,0.4301779082043701,0.33557769656181335,BEAR,3,NONE,,True,True,3283,856,2427,2.835280373831776,0.0,2023-05-20T00:00:00+0000,-0.04732850936134503
2023-03-22T00:00:00+0000,2023-03-23T00:00:00+0000,2022-12-31T23:59:59+0000,XGB_V3_1_Y2023_N3283_P856_SEED42,27250.97,0.1555779880007695,0.36160140070170343,0.029061730754712967,0.014214758501940317,-0.030403334297558482,0.30570235203056384,0.444435962991775,0.32305964827537537,BEAR,3,NONE,,True,True,3283,856,2427,2.835280373831776,0.0,2023-05-21T00:00:00+0000,-0.01846503078606021
2023-03-23T00:00:00+0000,2023-03-24T00:00:00+0000,2022-12-31T23:59:59+0000,XGB_V3_1_Y2023_N3283_P856_SEED42,28295.41,0.19524229577918017,0.41086331861427894,0.03177814285605929,0.016764943978080815,0.0,0.35845854695268564,0.4602338304448447,0.30141445994377136,BEAR,3,NONE,,True,True,3283,856,2427,2.835280373831776,0.0,2023-05-22T00:00:00+0000,-0.05469544353660194
2023-03-24T00:00:00+0000,2023-03-25T00:00:00+0000,2022-12-31T23:59:59+0000,XGB_V3_1_Y2023_N3283_P856_SEED42,27454.47,0.1558473532963316,0.36632396305897297,0.03365446669503913,0.019095675971675163,-0.029720014659621374,0.2563528557165203,0.46260305893733206,0.2027132362127304,BEAR,3,NONE,,True,True,3283,856,2427,2.835280373831776,0.0,2023-05-23T00:00:00+0000,-0.0257404349819903
2023-03-25T00:00:00+0000,2023-03-26T00:00:00+0000,2022-12-31T23:59:59+0000,XGB_V3_1_Y2023_N3283_P856_SEED42,27462.95,0.15229326833855428,0.3638029303015209,0.03567308211008502,0.021531220492541303,-0.029420319408695605,0.23293100131815814,0.46185206092854225,0.19644151628017426,BEAR,3,NONE,,True,True,3283,856,2427,2.835280373831776,0.0,2023-05-24T00:00:00+0000,-0.04128981045372049
2023-03-26T00:00:00+0000,2023-03-27T00:00:00+0000,2022-12-31T23:59:59+0000,XGB_V3_1_Y2023_N3283_P856_SEED42,27968.05,0.16893362816087154,0.3859007741813807,0.03795864545211458,0.023934532934515085,-0.0115693676112133,0.25061619535208474,0.4606589943757208,0.18634288012981415,BEAR,3,NONE,,True,True,3283,856,2427,2.835280373831776,0.0,2023-05-25T00:00:00+0000,-0.0586040142233728
2023-03-27T00:00:00+0000,2023-03-28T00:00:00+0000,2022-12-31T23:59:59+0000,XGB_V3_1_Y2023_N3283_P856_SEED42,27124.91,0.12973559243106192,0.3415263599775398,0.03764752628296941,0.025559885966849327,-0.041367133397254174,0.15882156638075728,0.4489071042003359,0.204081729054451,BEAR,3,NONE,,True,True,3283,856,2427,2.835280373831776,0.0,2023-05-26T00:00:00+0000,-0.029342032839924648
2023-03-28T00:00:00+0000,2023-03-29T00:00:00+0000,2022-12-31T23:59:59+0000,XGB_V3_1_Y2023_N3283_P856_SEED42,27261.07,0.13116781870715655,0.3462959190932604,0.03809628197866477,0.02690917282268268,-0.03655504550031263,0.15153467045420083,0.4288774258543255,0.20019148290157318,BEAR,3,NONE,,True,True,3283,856,2427,2.835280373831776,0.0,2023-05-27T00:00:00+0000,-0.034190147341978894
2023-03-29T00:00:00+0000,2023-03-30T00:00:00+0000,2022-12-31T23:59:59+0000,XGB_V3_1_Y2023_N3283_P856_SEED42,28348.6,0.17132825308484612,0.39769146567577485,0.03806993197156383,0.028909086033107156,0.0,0.23275017089376712,0.38867612710465904,0.18589240312576294,BEAR,3,NONE,,True,True,3283,856,2427,2.835280373831776,0.0,2023-05-28T00:00:00+0000,-0.07124126059135194
2023-03-30T00:00:00+0000,2023-03-31T00:00:00+0000,2022-12-31T23:59:59+0000,XGB_V3_1_Y2023_N3283_P856_SEED42,28028.53,0.15327572418280955,0.37980134948104904,0.038873131673385686,0.03080870731430818,-0.011290504645732002,0.18839785182321359,0.32941286584088914,0.18836408853530884,BEAR,3,NONE,,True,True,3283,856,2427,2.835280373831776,0.0,2023-05-29T00:00:00+0000,-0.06063535975664802
2023-03-31T00:00:00+0000,2023-04-01T00:00:00+0000,2022-12-31T23:59:59+0000,XGB_V3_1_Y2023_N3283_P856_SEED42,28465.36,0.16485686387962994,0.3992154032649513,0.03988120544508433,0.03262995863089868,0.0,0.24095960686174564,0.25933687288592966,0.2054084837436676,BEAR,3,NONE,,True,True,3283,856,2427,2.835280373831776,0.0,2023-05-30T00:00:00+0000,-0.07505086884550216
2023-04-01T00:00:00+0000,2023-04-02T00:00:00+0000,2022-12-31T23:59:59+0000,XGB_V3_1_Y2023_N3283_P856_SEED42,28452.73,0.15786993632196156,0.3957544781146829,0.04203296902274101,0.03456600313411351,-0.00044369718141634706,0.24269456758121868,0.20344658880110747,0.2109699696302414,BEAR,3,NONE,,True,True,3283,856,2427,2.835280373831776,0.0,2023-05-31T00:00:00+0000,-0.07464028935009048
2023-04-02T00:00:00+0000,2023-04-03T00:00:00+0000,2022-12-31T23:59:59+0000,XGB_V3_1_Y2023_N3283_P856_SEED42,28171.87,0.14058347275909133,0.37928893420346244,0.043346499154995666,0.035910643871464476,-0.01031042642706792,0.17650810261319816,0.17732159410400378,0.21146541833877563,BEAR,3,NONE,,True,True,3283,856,2427,2.835280373831776,0.0,2023-06-01T00:00:00+0000,-0.06541489791057531
2023-04-03T00:00:00+0000,2023-04-04T00:00:00+0000,2022-12-31T23:59:59+0000,XGB_V3_1_Y2023_N3283_P856_SEED42,27800.0,0.12007104376946742,0.3583893692565232,0.044928668674748984,0.0367996693007695,-0.02337437502986084,0.07773686386241957,0.1529402616615363,0.23366208374500275,BEAR,3,NONE,,True,True,3283,856,2427,2.835280373831776,0.0,2023-06-02T00:00:00+0000,-0.052913309352518034
2023-04-04T00:00:00+0000,2023-04-05T00:00:00+0000,2022-12-31T23:59:59+0000,XGB_V3_1_Y2023_N3283_P856_SEED42,28165.47,0.1289813424846864,0.37344136176791465,0.04675748833596205,0.03780111917177997,-0.010535261103319926,0.16327714364831666,0.11026427038002877,0.10838189721107483,BEAR,3,NONE,,True,True,3283,856,2427,2.835280373831776,0.0,2023-06-03T00:00:00+0000,-0.06520253345674698
2023-04-05T00:00:00+0000,2023-04-06T00:00:00+0000,2022-12-31T23:59:59+0000,XGB_V3_1_Y2023_N3283_P856_SEED42,28170.01,0.12378471921085876,0.3709697773445615,0.047686973374775565,0.03840944880298047,-0.010375769004853708,0.18634376266648234,0.06636048862638089,0.07886134088039398,BEAR,3,NONE,,True,True,3283,856,2427,2.835280373831776,0.0,2023-06-04T00:00:00+0000,-0.0653531894379874
2023-04-06T00:00:00+0000,2023-04-07T00:00:00+0000,2022-12-31T23:59:59+0000,XGB_V3_1_Y2023_N3283_P856_SEED42,28033.82,0.11505128835310408,0.36148667956860936,0.04711876443025953,0.03872099856394273,-0.015160180654662403,0.09716871880684785,0.06500654897314141,0.08025665581226349,BEAR,3,NONE,,True,True,3283,856,2427,2.835280373831776,0.0,2023-06-05T00:00:00+0000,-0.08224423214531584
2023-04-07T00:00:00+0000,2023-04-08T00:00:00+0000,2022-12-31T23:59:59+0000,XGB_V3_1_Y2023_N3283_P856_SEED42,27906.33,0.10611871030350772,0.35254621921019,0.04685162169446899,0.03897245815743289,-0.01963895766644086,-0.0009230583210043641,0.05686996472744048,0.10638225078582764,BEAR,3,NONE,,True,True,3283,856,2427,2.835280373831776,0.0,2023-06-06T00:00:00+0000,-0.07805146717608513
2023-04-08T00:00:00+0000,2023-04-09T00:00:00+0000,2022-12-31T23:59:59+0000,XGB_V3_1_Y2023_N3283_P856_SEED42,27938.38,0.10443992647593014,0.35113198455411854,0.045216181060674154,0.03918146208422768,-0.018513027764272105,0.020368240584278455,0.05684313657223806,0.08603928983211517,BEAR,3,NONE,,True,True,3283,856,2427,2.835280373831776,0.0,2023-06-07T00:00:00+0000,-0.07910909651883902
2023-04-09T00:00:00+0000,2023-04-10T00:00:00+0000,2022-12-31T23:59:59+0000,XGB_V3_1_Y2023_N3283_P856_SEED42,28323.76,0.11641585252048414,0.36651056830399,0.043897218758738976,0.039677958943934444,-0.004974467212078171,0.23965018131282842,0.05785720851023439,0.07637292891740799,BEAR,3,NONE,,True,True,3283,856,2427,2.835280373831776,0.0,2023-06-08T00:00:00+0000,-0.09163896318850318
2023-04-10T00:00:00+0000,2023-04-11T00:00:00+0000,2022-12-31T23:59:59+0000,XGB_V3_1_Y2023_N3283_P856_SEED42,29637.34,0.16327179570397976,0.4263637352607643,0.04259084330224461,0.04011811451716718,0.0,0.7406112144099865,0.07829366254201914,0.06718111783266068,BEAR,3,NONE,,True,True,3283,856,2427,2.835280373831776,0.0,2023-06-09T00:00:00+0000,-0.13189915154328957
2023-04-11T00:00:00+0000,2023-04-12T00:00:00+0000,2022-12-31T23:59:59+0000,XGB_V3_1_Y2023_N3283_P856_SEED42,30200.42,0.18040774281052174,0.44965720512008245,0.04115830642564777,0.04091600974423204,0.0,0.729221223425038,0.09933891463756707,0.087965227663517,BEAR,3,NONE,,True,True,3283,856,2427,2.835280373831776,0.0,2023-06-10T00:00:00+0000,-0.148084695510857
2023-04-12T00:00:00+0000,2023-04-13T00:00:00+0000,2022-12-31T23:59:59+0000,XGB_V3_1_Y2023_N3283_P856_SEED42,29888.07,0.16325622209654034,0.43089749330594507,0.04024080625032278,0.041497663238821314,-0.010342571394702404,0.5186156988154618,0.11252148621622053,0.09573698788881302,BEAR,3,NONE,,True,True,3283,856,2427,2.835280373831776,0.0,2023-06-11T00:00:00+0000,-0.1391816199573943
2023-04-13T00:00:00+0000,2023-04-14T00:00:00+0000,2022-12-31T23:59:59+0000,XGB_V3_1_Y2023_N3283_P856_SEED42,30373.84,0.17649235203898117,0.45013878441721933,0.04018686781810343,0.04239124199043687,0.0,0.5533359229163907,0.12655249472367297,0.1411946564912796,BEAR,3,NONE,,True,True,3283,856,2427,2.835280373831776,0.0,2023-06-12T00:00:00+0000,-0.15294872166311535
2023-04-14T00:00:00+0000,2023-04-15T00:00:00+0000,2022-12-31T23:59:59+0000,XGB_V3_1_Y2023_N3283_P856_SEED42,30466.93,0.17416140646260825,0.4506910574166265,0.04008936428656584,0.042937285269270875,0.0,0.49316118192021174,0.13718879069233172,0.14351071417331696,BEAR,3,NONE,,True,True,3283,856,2427,2.835280373831776,0.0,2023-06-13T00:00:00+0000,-0.15553683945182528
2023-04-15T00:00:00+0000,2023-04-16T00:00:00+0000,2022-12-31T23:59:59+0000,XGB_V3_1_Y2023_N3283_P856_SEED42,30295.09,0.16117555615237822,0.43866724162214443,0.040807668458460844,0.0434745042135658,-0.005640213831849872,0.3945911014924266,0.1452726976896269,0.17609360814094543,BEAR,3,NONE,,True,True,3283,856,2427,2.835280373831776,0.0,2023-06-14T00:00:00+0000,-0.17053885629651544
2023-04-16T00:00:00+0000,2023-04-17T00:00:00+0000,2022-12-31T23:59:59+0000,XGB_V3_1_Y2023_N3283_P856_SEED42,30304.65,0.15521237653598985,0.4354090034060676,0.04342203220098195,0.044153891373849063,-0.0053264309859903936,0.3596089239899567,0.14410278829371886,0.18039561808109283,BEAR,3,NONE,,True,True,3283,856,2427,2.835280373831776,0.0,2023-06-15T00:00:00+0000,-0.170800520712168
2023-04-17T00:00:00+0000,2023-04-18T00:00:00+0000,2022-12-31T23:59:59+0000,XGB_V3_1_Y2023_N3283_P856_SEED42,29430.27,0.11687807397186778,0.39075254163011564,0.04444961537838332,0.045061901624645406,-0.03402574529169822,0.1298737783958358,0.13583653882615412,0.2689451277256012,BEAR,3,NONE,,True,True,3283,856,2427,2.835280373831776,0.0,2023-06-16T00:00:00+0000,-0.1461648160210559
2023-04-18T00:00:00+0000,2023-04-19T00:00:00+0000,2022-12-31T23:59:59+0000,XGB_V3_1_Y2023_N3283_P856_SEED42,30380.01,0.14692464564853602,0.43192605057429145,0.047113854047841075,0.0460369353501211,-0.00285292938934123,0.3322872294713526,0.14085787797757215,0.10253317654132843,BEAR,3,NONE,,True,True,3283,856,2427,2.835280373831776,0.0,2023-06-17T00:00:00+0000,-0.17285741512264152
2023-04-19T00:00:00+0000,2023-04-20T00:00:00+0000,2022-12-31T23:59:59+0000,XGB_V3_1_Y2023_N3283_P856_SEED42,28797.1,0.08254296605893541,0.35428980858978654,0.048524785296245154,0.04677511230229969,-0.05480795078467049,-0.065869145398757,0.13738256252940384,0.198673278093338,BEAR,3,NONE,,True,True,3283,856,2427,2.835280373831776,0.0,2023-06-18T00:00:00+0000,-0.12739129981838448
2023-04-20T00:00:00+0000,2023-04-21T00:00:00+0000,2022-12-31T23:59:59+0000,XGB_V3_1_Y2023_N3283_P856_SEED42,28243.65,0.058066656448002796,0.3253986191375198,0.04773093912499782,0.047471472538770154,-0.07297354869689854,-0.20016692520038046,0.13850145709554001,0.19576263427734375,BEAR,3,NONE,,True,True,3283,856,2427,2.835280373831776,0.0,2023-06-19T00:00:00+0000,-0.11029204794706071
2023-04-21T00:00:00+0000,2023-04-22T00:00:00+0000,2022-12-31T23:59:59+0000,XGB_V3_1_Y2023_N3283_P856_SEED42,27262.84,0.018425758481919186,0.2770843792490778,0.04631098865059213,0.04721677205277919,-0.10516615884829883,-0.4025458161913869,0.14796159764595931,0.19676366448402405,BEAR,3,NONE,,True,True,3283,856,2427,2.835280373831776,0.0,2023-06-20T00:00:00+0000,-0.07828384717072767
2023-04-22T00:00:00+0000,2023-04-23T00:00:00+0000,2022-12-31T23:59:59+0000,XGB_V3_1_Y2023_N3283_P856_SEED42,27816.85,0.03489770365910361,0.30075753835014996,0.04613573594375997,0.04701082884876295,-0.08698218035095762,-0.2652394706213462,0.15028942779432783,0.18805579841136932,BEAR,3,NONE,,True,True,3283,856,2427,2.835280373831776,0.0,2023-06-21T00:00:00+0000,-0.09664106467842337
2023-04-23T00:00:00+0000,2023-04-24T00:00:00+0000,2022-12-31T23:59:59+0000,XGB_V3_1_Y2023_N3283_P856_SEED42,27590.6,0.0224905677203715,0.28793964972084973,0.04518036411448745,0.04675515863266155,-0.0944082649613861,-0.3113193549052624,0.15202311806365634,0.19557510316371918,BEAR,3,NONE,,True,True,3283,856,2427,2.835280373831776,0.0,2023-06-22T00:00:00+0000,-0.08923328959863142
2023-04-24T00:00:00+0000,2023-04-25T00:00:00+0000,2022-12-31T23:59:59+0000,XGB_V3_1_Y2023_N3283_P856_SEED42,27510.93,0.015713130603156822,0.2819614937740751,0.04383850189193139,0.046461875502239236,-0.09702323141845925,-0.3127669131026314,0.15667898869048114,0.19557510316371918,BEAR,3,NONE,,True,True,3283,856,2427,2.835280373831776,0.0,2023-06-23T00:00:00+0000,-0.08659576393818758
2023-04-25T00:00:00+0000,2023-04-26T00:00:00+0000,2022-12-31T23:59:59+0000,XGB_V3_1_Y2023_N3283_P856_SEED42,28300.79,0.040349723611424304,0.31607819450514696,0.04266510826727332,0.04654460938914329,-0.07109807256589351,-0.1404425538061957,0.15608702492565368,0.18805579841136932,BEAR,3,NONE,,True,True,3283,856,2427,2.835280373831776,0.0,2023-06-24T00:00:00+0000,-0.11208839046542529
2023-04-26T00:00:00+0000,2023-04-27T00:00:00+0000,2022-12-31T23:59:59+0000,XGB_V3_1_Y2023_N3283_P856_SEED42,28415.29,0.03980580438815906,0.31864417846347703,0.041723390771717384,0.04653940927513989,-0.06733989935973195,-0.1206201505973615,0.1542946249244414,0.18805579841136932,BEAR,3,NONE,,True,True,3283,856,2427,2.835280373831776,0.0,2023-06-25T00:00:00+0000,-0.11566624869920394
2023-04-27T00:00:00+0000,2023-04-28T00:00:00+0000,2022-12-31T23:59:59+0000,XGB_V3_1_Y2023_N3283_P856_SEED42,29472.77,0.0724061319477145,0.36454091258164767,0.04297328659363542,0.04684837350764348,-0.03263079017150727,0.10049016845406983,0.15091489757670565,0.17122863233089447,BEAR,3,NONE,,True,True,3283,856,2427,2.835280373831776,0.0,2023-06-26T00:00:00+0000,-0.14739605405260525
2023-04-28T00:00:00+0000,2023-04-29T00:00:00+0000,2022-12-31T23:59:59+0000,XGB_V3_1_Y2023_N3283_P856_SEED42,29311.7,0.05964415980933624,0.3538931227530071,0.044306379125579776,0.047015665675763874,-0.03791750596466392,0.049319300042336485,0.1467028590607121,0.1825866997241974,BEAR,3,NONE,,True,True,3283,856,2427,2.835280373831776,0.0,2023-06-27T00:00:00+0000,-0.1427109311298902
2023-04-29T00:00:00+0000,2023-04-30T00:00:00+0000,2022-12-31T23:59:59+0000,XGB_V3_1_Y2023_N3283_P856_SEED42,29230.45,0.04981504361007483,0.3469763920308029,0.04669246435875851,0.04697812122247469,-0.040584331929734985,0.019945948431543535,0.14443948854636907,0.19386382400989532,BEAR,3,NONE,,True,True,3283,856,2427,2.835280373831776,0.0,2023-06-28T00:00:00+0000,-0.14032797989767531
2023-04-30T00:00:00+0000,2023-05-01T00:00:00+0000,2022-12-31T23:59:59+0000,XGB_V3_1_Y2023_N3283_P856_SEED42,29233.21,0.04333605601175017,0.34398289953692407,0.04964996980029679,0.04682438246334564,-0.04049374190310617,0.025540942562954,0.14374943951220678,0.19386382400989532,BEAR,3,NONE,,True,True,3283,856,2427,2.835280373831776,0.0,2023-06-29T00:00:00+0000,-0.14040914425750717
2023-05-01T00:00:00+0000,2023-05-02T00:00:00+0000,2022-12-31T23:59:59+0000,XGB_V3_1_Y2023_N3283_P856_SEED42,28068.26,-0.002563609523545951,0.2878513489005259,0.05120776971182606,0.04616958383601322,-0.07873028230937618,-0.22860377546237573,0.1434133683395101,0.21952120959758759,BEAR,3,NONE,,True,True,3283,856,2427,2.835280373831776,0.0,2023-06-30T00:00:00+0000,-0.10473253418630157
2023-05-02T00:00:00+0000,2023-05-03T00:00:00+0000,2022-12-31T23:59:59+0000,XGB_V3_1_Y2023_N3283_P856_SEED42,28669.86,0.01552630770407526,0.31259587459174365,0.05032540057290125,0.04569537797637513,-0.05898428230215513,-0.07057579001167394,0.14135254960954183,0.20351284742355347,BEAR,3,NONE,,True,True,3283,856,2427,2.835280373831776,0.0,2023-07-01T00:00:00+0000,-0.12351856618762702
2023-05-03T00:00:00+0000,2023-05-04T00:00:00+0000,2022-12-31T23:59:59+0000,XGB_V3_1_Y2023_N3283_P856_SEED42,29026.16,0.02498412035525588,0.32588636289221085,0.04947141314922021,0.04518495170060888,-0.047289635023942345,0.03470444245705084,0.13443205792598661,0.20453260838985443,BEAR,3,NONE,,True,True,3283,856,2427,2.835280373831776,0.0,2023-07-02T00:00:00+0000,-0.13427749313033488
2023-05-04T00:00:00+0000,2023-05-05T00:00:00+0000,2022-12-31T23:59:59+0000,XGB_V3_1_Y2023_N3283_P856_SEED42,28838.16,0.015081697326014165,0.31442416268858175,0.048895796177463424,0.04466790496362849,-0.05346026002619886,0.007830507394186127,0.12512611818194513,0.2789502441883087,BEAR,3,NONE,,True,True,3283,856,2427,2.835280373831776,0.0,2023-07-03T00:00:00+0000,-0.12863372697842035
2023-05-05T00:00:00+0000,2023-05-06T00:00:00+0000,2022-12-31T23:59:59+0000,XGB_V3_1_Y2023_N3283_P856_SEED42,29505.61,0.03529072955669754,0.34180169982910313,0.04766653056478365,0.044249720748252175,-0.03155290014451739,0.21591497383185196,0.118344370964976,0.21204909682273865,BEAR,3,NONE,,True,True,3283,856,2427,2.835280373831776,0.0,2023-07-04T00:00:00+0000,-0.14834500964392883
2023-05-06T00:00:00+0000,2023-05-07T00:00:00+0000,2022-12-31T23:59:59+0000,XGB_V3_1_Y2023_N3283_P856_SEED42,28848.2,0.011192457263218714,0.309071293618955,0.043962848115947306,0.04381086787066901,-0.05313072239309968,0.04851923512715844,0.10813406396308008,0.1990426927804947,BEAR,3,NONE,,True,True,3283,856,2427,2.835280373831776,0.0,2023-07-05T00:00:00+0000,-0.12893698740302695
2023-05-07T00:00:00+0000,2023-05-08T00:00:00+0000,2022-12-31T23:59:59+0000,XGB_V3_1_Y2023_N3283_P856_SEED42,28430.1,-0.00452544711478986,0.2873805277827719,0.03916989870727927,0.043583171536377696,-0.06685379852843731,-0.07164785602615403,0.10597936615819818,0.2098819762468338,BEAR,3,NONE,,True,True,3283,856,2427,2.835280373831776,0.0,2023-07-06T00:00:00+0000,-0.1161269218187766
2023-05-08T00:00:00+0000,2023-05-09T00:00:00+0000,2022-12-31T23:59:59+0000,XGB_V3_1_Y2023_N3283_P856_SEED42,27668.79,-0.030976222394651476,0.25046421898779725,0.032225955292073616,0.042921391848254054,-0.09184187576496872,-0.31234174376025553,0.09469150563064854,0.21950632333755493,BEAR,3,NONE,,True,True,3283,856,2427,2.835280373831776,0.0,2023-07-07T00:00:00+0000,-0.09180705047094584
2023-05-09T00:00:00+0000,2023-05-10T00:00:00+0000,2022-12-31T23:59:59+0000,XGB_V3_1_Y2023_N3283_P856_SEED42,27628.27,-0.032335177045802466,0.24624939400260693,0.025430022116098128,0.04258527576057314,-0.09317184238779552,-0.29562995252217966,0.09811931192374693,0.21950632333755493,BEAR,3,NONE,,True,True,3283,856,2427,2.835280373831776,0.0,2023-07-08T00:00:00+0000,-0.09047508222556111
2023-05-10T00:00:00+0000,2023-05-11T00:00:00+0000,2022-12-31T23:59:59+0000,XGB_V3_1_Y2023_N3283_P856_SEED42,27598.75,-0.03302586951641706,0.24256531005773407,0.018643613625022093,0.04230754242907264,-0.09414076180304354,-0.28507269498254667,0.10153213170706003,0.22812502086162567,BEAR,3,NONE,,True,True,3283,856,2427,2.835280373831776,0.0,2023-07-09T00:00:00+0000,-0.08950224194936374
2023-05-11T00:00:00+0000,2023-05-12T00:00:00+0000,2022-12-31T23:59:59+0000,XGB_V3_1_Y2023_N3283_P856_SEED42,26968.62,-0.054916671765541825,0.21217647050693267,0.014047596549885633,0.04217673089044904,-0.11482318697683036,-0.48099996233175435,0.10524662740147663,0.242041677236557,BEAR,3,NONE,,True,True,3283,856,2427,2.835280373831776,0.0,2023-07-10T00:00:00+0000,-0.06822818520191243
2023-05-12T00:00:00+0000,2023-05-13T00:00:00+0000,2022-12-31T23:59:59+0000,XGB_V3_1_Y2023_N3283_P856_SEED42,26795.01,-0.060012142133828994,0.20235586994919919,0.00971146139072343,0.042099765900958985,-0.12052149658662692,-0.4771633504659845,0.11533914271583688,0.29739105701446533,BEAR,3,NONE,,True,True,3283,856,2427,2.835280373831776,0.0,2023-07-11T00:00:00+0000,-0.06219105721550389
2023-05-13T00:00:00+0000,2023-05-14T00:00:00+0000,2022-12-31T23:59:59+0000,XGB_V3_1_Y2023_N3283_P856_SEED42,26775.28,-0.060256469139099544,0.19966845587896853,0.00612566768558076,0.041854686964754695,-0.12116908398712967,-0.44077803598174276,0.12335441340071623,0.36336424946784973,BEAR,3,NONE,,True,True,3283,856,2427,2.835280373831776,0.0,2023-07-12T00:00:00+0000,-0.06150001045740694
2023-05-14T00:00:00+0000,2023-05-15T00:00:00+0000,2022-12-31T23:59:59+0000,XGB_V3_1_Y2023_N3283_P856_SEED42,26917.62,-0.05489892219317272,0.20438772903349034,0.0025172393974710605,0.041453885124993484,-0.11396935024050348,-0.37597181850875055,0.1285942565774259,0.3319922983646393,BEAR,3,NONE,,True,True,3283,856,2427,2.835280373831776,0.0,2023-07-13T00:00:00+0000,-0.0664627853428349
2023-05-15T00:00:00+0000,2023-05-16T00:00:00+0000,2022-12-31T23:59:59+0000,XGB_V3_1_Y2023_N3283_P856_SEED42,27162.14,-0.045773592406142316,0.21346418917858356,-0.0012189827011670484,0.04092671295996708,-0.10592063662915185,-0.28303726163551235,0.13343192411033786,0.34121444821357727,BEAR,3,NONE,,True,True,3283,856,2427,2.835280373831776,0.0,2023-07-14T00:00:00+0000,-0.07486670785144323
2023-05-16T00:00:00+0000,2023-05-17T00:00:00+0000,2022-12-31T23:59:59+0000,XGB_V3_1_Y2023_N3283_P856_SEED42,27033.84,-0.05022009419297868,0.205997006166313,-0.002300250599290954,0.04024835689168538,-0.11014380837925986,-0.2884081762061148,0.13856111314493869,0.343178391456604,BEAR,3,NONE,,True,True,3283,856,2427,2.835280373831776,0.0,2023-07-15T00:00:00+0000,-0.07047611438108692
2023-05-17T00:00:00+0000,2023-05-18T00:00:00+0000,2022-12-31T23:59:59+0000,XGB_V3_1_Y2023_N3283_P856_SEED42,27405.61,-0.03725647732984627,0.2207858293640208,-0.0032628550800244405,0.03935904596858841,-0.09790648521840506,-0.1729856038265519,0.13396641088051656,0.3557623028755188,BEAR,3,NONE,,True,True,3283,856,2427,2.835280373831776,0.0,2023-07-16T00:00:00+0000,-0.08308554343435526
2023-05-18T00:00:00+0000,2023-05-19T00:00:00+0000,2022-12-31T23:59:59+0000,XGB_V3_1_Y2023_N3283_P856_SEED42,26821.28,-0.0567715010772899,0.19311086977446013,-0.00412036282145023,0.03834594867447261,-0.09097693625042835,-0.2984099114330214,0.13317164305508017,0.34733426570892334,BEAR,3,NONE,,True,True,3283,856,2427,2.835280373831776,0.0,2023-07-17T00:00:00+0000,-0.06310959059373755
2023-05-19T00:00:00+0000,2023-05-20T00:00:00+0000,2022-12-31T23:59:59+0000,XGB_V3_1_Y2023_N3283_P856_SEED42,26880.26,-0.0539332713351206,0.1940376157345467,-0.004862807953045611,0.037384940846378,-0.0889779943542941,-0.25744027949008835,0.1303689895280983,0.34733426570892334,BEAR,3,NONE,,True,True,3283,856,2427,2.835280373831776,0.0,2023-07-18T00:00:00+0000,-0.06516529230000012
2023-05-20T00:00:00+0000,2023-05-21T00:00:00+0000,2022-12-31T23:59:59+0000,XGB_V3_1_Y2023_N3283_P856_SEED42,27102.43,-0.045197845522522484,0.20213932872721352,-0.0054645131924893064,0.03650323603981698,-0.08144823984320271,-0.1763617032084203,0.12376621112661969,0.34304627776145935,BEAR,3,NONE,,True,True,3283,856,2427,2.835280373831776,0.0,2023-07-19T00:00:00+0000,-0.07282852496990133
2023-05-21T00:00:00+0000,2023-05-22T00:00:00+0000,2022-12-31T23:59:59+0000,XGB_V3_1_Y2023_N3283_P856_SEED42,26747.78,-0.05655860576133109,0.1846757065973501,-0.006462661200672515,0.03594931152507508,-0.09346798795212174,-0.2545136936764081,0.12699371081385144,0.33694449067115784,BEAR,3,NONE,,True,True,3283,856,2427,2.835280373831776,0.0,2023-07-20T00:00:00+0000,-0.06053511730693162
2023-05-22T00:00:00+0000,2023-05-23T00:00:00+0000,2022-12-31T23:59:59+0000,XGB_V3_1_Y2023_N3283_P856_SEED42,26849.27,-0.05209447027575864,0.18742433377718792,-0.006344717466662542,0.0352184424182862,-0.09002830309219167,-0.2036530406380933,0.12492065011630447,0.33872318267822266,BEAR,3,NONE,,True,True,3283,856,2427,2.835280373831776,0.0,2023-07-21T00:00:00+0000,-0.06408628614483758
2023-05-23T00:00:00+0000,2023-05-24T00:00:00+0000,2022-12-31T23:59:59+0000,XGB_V3_1_Y2023_N3283_P856_SEED42,27219.61,-0.03862574547129727,0.20218890908926923,-0.00627838982900053,0.03425088281089228,-0.0774767917016459,-0.07574347828398674,0.11549648352414893,0.2613615095615387,BEAR,3,NONE,,True,True,3283,856,2427,2.835280373831776,0.0,2023-07-22T00:00:00+0000,-0.07681998382783595
2023-05-24T00:00:00+0000,2023-05-25T00:00:00+0000,2022-12-31T23:59:59+0000,XGB_V3_1_Y2023_N3283_P856_SEED42,26329.01,-0.06887310566904536,0.16156426811023095,-0.0071874480490776715,0.03314022873105138,-0.1076608821169941,-0.329497542125958,0.11162514044746609,0.268061101436615,BEAR,3,NONE,,True,True,3283,856,2427,2.835280373831776,0.0,2023-07-23T00:00:00+0000,-0.045592675151857165
2023-05-25T00:00:00+0000,2023-05-26T00:00:00+0000,2022-12-31T23:59:59+0000,XGB_V3_1_Y2023_N3283_P856_SEED42,26473.79,-0.06262835231460473,0.16651876610972427,-0.00781706310045871,0.03206756541540878,-0.1027540186425564,-0.29533080894821206,0.08831597628628277,0.26031386852264404,BEAR,3,NONE,,True,True,3283,856,2427,2.835280373831776,0.0,2023-07-24T00:00:00+0000,-0.05081214287791824
2023-05-26T00:00:00+0000,2023-05-27T00:00:00+0000,2022-12-31T23:59:59+0000,XGB_V3_1_Y2023_N3283_P856_SEED42,26705.92,-0.05351917481765134,0.1751639837430321,-0.008686634296525608,0.031225515138252113,-0.09488670120699083,-0.19644478498152315,0.06951640549153262,0.16794341802597046,BEAR,3,NONE,,True,True,3283,856,2427,2.835280373831776,0.0,2023-07-25T00:00:00+0000,-0.059062559911809864
2023-05-27T00:00:00+0000,2023-05-28T00:00:00+0000,2022-12-31T23:59:59+0000,XGB_V3_1_Y2023_N3283_P856_SEED42,26854.27,-0.04755126452170022,0.17953610902173867,-0.009526469725167241,0.030933517000787614,-0.08985884379275666,-0.10046303372767372,0.05258023732296036,0.16366252303123474,BEAR,3,NONE,,True,True,3283,856,2427,2.835280373831776,0.0,2023-07-26T00:00:00+0000,-0.06426054404010995
2023-05-28T00:00:00+0000,2023-05-29T00:00:00+0000,2022-12-31T23:59:59+0000,XGB_V3_1_Y2023_N3283_P856_SEED42,28065.0,-0.004699322874943901,0.2294372539766112,-0.008373415583622146,0.03166757217808591,-0.04882495227178829,0.6551639458711326,0.05922546236725011,0.13564710319042206,BEAR,3,NONE,,True,True,3283,856,2427,2.835280373831776,0.0,2023-07-27T00:00:00+0000,-0.10462854088722617
2023-05-29T00:00:00+0000,2023-05-30T00:00:00+0000,2022-12-31T23:59:59+0000,XGB_V3_1_Y2023_N3283_P856_SEED42,27736.4,-0.015942872149420584,0.2123509717336336,-0.007985352438299675,0.03198407502983147,-0.05996181743065132,0.43674424796891576,0.060525417206475085,0.13333843648433685,BEAR,3,NONE,,True,True,3283,856,2427,2.835280373831776,0.0,2023-07-28T00:00:00+0000,-0.09402085346331901
2023-05-30T00:00:00+0000,2023-05-31T00:00:00+0000,2022-12-31T23:59:59+0000,XGB_V3_1_Y2023_N3283_P856_SEED42,27694.4,-0.016076482616389387,0.20771100082431593,-0.008401688806907615,0.0324255665222688,-0.06138527554590467,0.40106543418921514,0.06158219082439137,0.13333843648433685,BEAR,3,NONE,,True,True,3283,856,2427,2.835280373831776,0.0,2023-07-29T00:00:00+0000,-0.09264688890172756
2023-05-31T00:00:00+0000,2023-06-01T00:00:00+0000,2022-12-31T23:59:59+0000,XGB_V3_1_Y2023_N3283_P856_SEED42,27210.35,-0.031215459901953957,0.18391805544139062,-0.009318362783175882,0.033045879912269704,-0.07779063032419942,0.10256930360326258,0.06179725201873035,0.15681464970111847,BEAR,3,NONE,,True,True,3283,856,2427,2.835280373831776,0.0,2023-07-30T00:00:00+0000,-0.07650581488293973
2023-06-01T00:00:00+0000,2023-06-02T00:00:00+0000,2022-12-31T23:59:59+0000,XGB_V3_1_Y2023_N3283_P856_SEED42,26817.93,-0.043095053579216724,0.16418762672913,-0.010560992664339075,0.03366872939463139,-0.09109047398104975,-0.13317126937761176,0.061699976652358324,0.16794341802597046,BEAR,3,NONE,,True,True,3283,856,2427,2.835280373831776,0.0,2023-07-31T00:00:00+0000,-0.06299255759113409
2023-06-02T00:00:00+0000,2023-06-03T00:00:00+0000,2022-12-31T23:59:59+0000,XGB_V3_1_Y2023_N3283_P856_SEED42,27242.59,-0.025765550668714,0.17990184552735355,-0.012367208013599362,0.034498183540611294,-0.07669795676144298,0.10798237594505478,0.06129083221331731,0.15681464970111847,BEAR,3,NONE,,True,True,3283,856,2427,2.835280373831776,0.0,2023-08-01T00:00:00+0000,-0.07759871583428746
2023-06-03T00:00:00+0000,2023-06-04T00:00:00+0000,2022-12-31T23:59:59+0000,XGB_V3_1_Y2023_N3283_P856_SEED42,27069.22,-0.029607322209815323,0.1698170130046388,-0.013487546004809059,0.03535067934167446,-0.08257378851004937,-0.001109878002638552,0.06107389856466851,0.16366252303123474,BEAR,3,NONE,,True,True,3283,856,2427,2.835280373831776,0.0,2023-08-02T00:00:00+0000,-0.07169102028059926
2023-06-04T00:00:00+0000,2023-06-05T00:00:00+0000,2022-12-31T23:59:59+0000,XGB_V3_1_Y2023_N3283_P856_SEED42,27115.21,-0.02573744241700171,0.16916388731887078,-0.014554401836432973,0.036097344603386095,-0.06007272550800402,0.02815249374163811,0.06102145465468797,0.15681464970111847,BEAR,3,NONE,,True,True,3283,856,2427,2.835280373831776,0.0,2023-08-03T00:00:00+0000,-0.07326552145456366
2023-06-05T00:00:00+0000,2023-06-06T00:00:00+0000,2022-12-31T23:59:59+0000,XGB_V3_1_Y2023_N3283_P856_SEED42,25728.2,-0.07252320451181637,0.10720142493236895,-0.0168707292432263,0.03662399576059716,-0.09503659853465163,-0.630038424573639,0.07495513942540619,0.19827519357204437,BEAR,3,NONE,,True,True,3283,856,2427,2.835280373831776,0.0,2023-08-04T00:00:00+0000,-0.023305167092917634
2023-06-06T00:00:00+0000,2023-06-07T00:00:00+0000,2022-12-31T23:59:59+0000,XGB_V3_1_Y2023_N3283_P856_SEED42,27230.08,-0.01682226958102473,0.16918513973402383,-0.017697741109685694,0.037446325234138156,-0.029749510065918305,0.11760884204361195,0.07415562978915455,0.12881045043468475,BEAR,3,NONE,,True,True,3283,856,2427,2.835280373831776,0.0,2023-08-05T00:00:00+0000,-0.0771749477048912
2023-06-07T00:00:00+0000,2023-06-08T00:00:00+0000,2022-12-31T23:59:59+0000,XGB_V3_1_Y2023_N3283_P856_SEED42,26339.34,-0.04620053842857996,0.1286037941988003,-0.020651937583196167,0.03816093983913249,-0.06148797434526987,-0.30378276790452546,0.07704118400495058,0.14911091327667236,BEAR,3,NONE,,True,True,3283,856,2427,2.835280373831776,0.0,2023-08-06T00:00:00+0000,-0.04596698322737025
2023-06-08T00:00:00+0000,2023-06-09T00:00:00+0000,2022-12-31T23:59:59+0000,XGB_V3_1_Y2023_N3283_P856_SEED42,26498.61,-0.03883304409395727,0.1329480221544257,-0.021874725260221717,0.03895718596325426,-0.05581293425975409,-0.2138784678599361,0.07856243065217627,0.1534201204776764,BEAR,3,NONE,,True,True,3283,856,2427,2.835280373831776,0.0,2023-08-07T00:00:00+0000,-0.05170120244042997
2023-06-09T00:00:00+0000,2023-06-10T00:00:00+0000,2022-12-31T23:59:59+0000,XGB_V3_1_Y2023_N3283_P856_SEED42,26477.81,-0.03835562003819204,0.12947600362211298,-0.02177908509665083,0.039804343151990995,-0.056554070906823406,-0.2056385231418143,0.07992095804661886,0.1534201204776764,BEAR,3,NONE,,True,True,3283,856,2427,2.835280373831776,0.0,2023-08-08T00:00:00+0000,-0.05095625355722411
2023-06-10T00:00:00+0000,2023-06-11T00:00:00+0000,2022-12-31T23:59:59+0000,XGB_V3_1_Y2023_N3283_P856_SEED42,25841.21,-0.06050605929220565,0.10006447357328985,-0.020708615796023344,0.04041461979974614,-0.07923712809549266,-0.4406237993220887,0.08729310686115735,0.26240822672843933,BEAR,3,NONE,,True,True,3283,856,2427,2.835280373831776,0.0,2023-08-09T00:00:00+0000,-0.027576495063505124
2023-06-11T00:00:00+0000,2023-06-12T00:00:00+0000,2022-12-31T23:59:59+0000,XGB_V3_1_Y2023_N3283_P856_SEED42,25925.55,-0.056141747762242344,0.1014692078791748,-0.01991273081181677,0.04094810808606941,-0.0762319615179049,-0.36301484010711615,0.09273581529139255,0.239569753408432,BEAR,3,NONE,,True,True,3283,856,2427,2.835280373831776,0.0,2023-08-10T00:00:00+0000,-0.030739945729213125
2023-06-12T00:00:00+0000,2023-06-13T00:00:00+0000,2022-12-31T23:59:59+0000,XGB_V3_1_Y2023_N3283_P856_SEED42,25905.19,-0.055724171212759854,0.09843268459009447,-0.018923219957862947,0.041607632176932974,-0.07695742027436314,-0.3318719834694962,0.09658010649397483,0.239569753408432,BEAR,3,NONE,,True,True,3283,856,2427,2.835280373831776,0.0,2023-08-11T00:00:00+0000,-0.029978162677054332
2023-06-13T00:00:00+0000,2023-06-14T00:00:00+0000,2022-12-31T23:59:59+0000,XGB_V3_1_Y2023_N3283_P856_SEED42,25934.25,-0.05357704395773666,0.09747491711698286,-0.017663691840463125,0.042528182999883146,-0.0759219668626403,-0.3041841755062636,0.09945028902949091,0.24861077964305878,BEAR,3,NONE,,True,True,3283,856,2427,2.835280373831776,0.0,2023-08-12T00:00:00+0000,-0.03106509731339835
2023-06-14T00:00:00+0000,2023-06-15T00:00:00+0000,2022-12-31T23:59:59+0000,XGB_V3_1_Y2023_N3283_P856_SEED42,25128.6,-0.08084968837788242,0.061434578088467307,-0.017698528900442323,0.043159390841042145,-0.10462854088722617,-0.5149774408563841,0.11264071473649807,0.4470386207103729,BEAR,3,NONE,,True,True,3283,856,2427,2.835280373831776,0.0,2023-08-13T00:00:00+0000,0.018699410233757652
2023-06-15T00:00:00+0000,2023-06-16T00:00:00+0000,2022-12-31T23:59:59+0000,XGB_V3_1_Y2023_N3283_P856_SEED42,25598.49,-0.06172867073139021,0.07919276290778132,-0.01648825205912441,0.043773466991878784,-0.08788562266167821,-0.32472928367281545,0.118242238579142,0.343304306268692,BEAR,3,NONE,,True,True,3283,856,2427,2.835280373831776,0.0,2023-08-14T00:00:00+0000,0.028965771027900544
2023-06-16T00:00:00+0000,2023-06-17T00:00:00+0000,2022-12-31T23:59:59+0000,XGB_V3_1_Y2023_N3283_P856_SEED42,26345.0,-0.03214739421271817,0.10829740620103467,-0.017184278673937126,0.044094421553076746,-0.06128629966150012,-0.07945096413786228,0.11839568255030913,0.3202175796031952,BEAR,3,NONE,,True,True,3283,856,2427,2.835280373831776,0.0,2023-08-15T00:00:00+0000,-0.00019092806984244426
2023-06-17T00:00:00+0000,2023-06-18T00:00:00+0000,2022-12-31T23:59:59+0000,XGB_V3_1_Y2023_N3283_P856_SEED42,26516.99,-0.023824392491052726,0.11317386733503532,-0.016332193573562637,0.043524247226334856,-0.05515802601104569,-0.0002744939188628206,0.10729544628127981,0.2565198540687561,BEAR,3,NONE,,True,True,3283,856,2427,2.835280373831776,0.0,2023-08-16T00:00:00+0000,-0.006675719981792838
2023-06-18T00:00:00+0000,2023-06-19T00:00:00+0000,2022-12-31T23:59:59+0000,XGB_V3_1_Y2023_N3283_P856_SEED42,26339.97,-0.028273079924076683,0.1036169587036413,-0.016788883823575684,0.043218268274626936,-0.06146552645644032,-0.04124296175571721,0.0989918543528956,0.24861077964305878,BEAR,3,NONE,,True,True,3283,856,2427,2.835280373831776,0.0,2023-08-17T00:00:00+0000,0.010760832301631273
2023-06-19T00:00:00+0000,2023-06-20T00:00:00+0000,2022-12-31T23:59:59+0000,XGB_V3_1_Y2023_N3283_P856_SEED42,26844.35,-0.007917002924854866,0.1224297961804619,-0.017262966124938606,0.042953070916169844,-0.043493675396401255,0.18369923714022565,0.09048314197461929,0.23270496726036072,BEAR,3,NONE,,True,True,3283,856,2427,2.835280373831776,0.0,2023-08-18T00:00:00+0000,-0.029441949609508078
2023-06-20T00:00:00+0000,2023-06-21T00:00:00+0000,2022-12-31T23:59:59+0000,XGB_V3_1_Y2023_N3283_P856_SEED42,28307.99,0.04598919940760959,0.18085951773681108,-0.01607278887293373,0.04303363860825393,0.0,0.6517108533978521,0.1071450467015817,0.10713636130094528,BEAR,3,NONE,,True,True,3283,856,2427,2.835280373831776,0.0,2023-08-19T00:00:00+0000,-0.07962380939091762
2023-06-21T00:00:00+0000,2023-06-22T00:00:00+0000,2022-12-31T23:59:59+0000,XGB_V3_1_Y2023_N3283_P856_SEED42,29993.89,0.10720038000951493,0.24777476957963884,-0.013753745372170889,0.043504487217465915,0.0,0.8062430994623873,0.1572473952091552,0.20159181952476501,BEAR,3,NONE,,True,True,3283,856,2427,2.835280373831776,0.0,2023-08-20T00:00:00+0000,-0.13135641959078992
2023-06-22T00:00:00+0000,2023-06-23T00:00:00+0000,2022-12-31T23:59:59+0000,XGB_V3_1_Y2023_N3283_P856_SEED42,29884.92,0.10247885868928597,0.2399455642317172,-0.01191588256504017,0.0438713169537539,-0.003633073269255882,0.6210122607501679,0.18862967290710347,0.2392181158065796,BEAR,3,NONE,,True,True,3283,856,2427,2.835280373831776,0.0,2023-08-21T00:00:00+0000,-0.12818906659278317
2023-06-23T00:00:00+0000,2023-06-24T00:00:00+0000,2022-12-31T23:59:59+0000,XGB_V3_1_Y2023_N3283_P856_SEED42,30688.5,0.13058009440749951,0.2696722582589952,-0.00942833852916991,0.044542757665725574,0.0,0.6153753006135271,0.22664565118693922,0.24601714313030243,BEAR,3,NONE,,True,True,3283,856,2427,2.835280373831776,0.0,2023-08-22T00:00:00+0000,-0.1510174821187089
2023-06-24T00:00:00+0000,2023-06-25T00:00:00+0000,2022-12-31T23:59:59+0000,XGB_V3_1_Y2023_N3283_P856_SEED42,30527.43,0.12380009791026136,0.2595069683272435,-0.006382060416873836,0.045086143890750385,-0.005248545872232224,0.49895999423755966,0.25323931373957626,0.17721036076545715,BEAR,3,NONE,,True,True,3283,856,2427,2.835280373831776,0.0,2023-08-23T00:00:00+0000,-0.1465380479129753
2023-06-25T00:00:00+0000,2023-06-26T00:00:00+0000,2022-12-31T23:59:59+0000,XGB_V3_1_Y2023_N3283_P856_SEED42,30462.66,0.12008433829511622,0.2533117083668144,-0.0031468251211104192,0.04598621096951927,-0.007359108460824104,0.42606837685624416,0.2681130383661876,0.18035952746868134,BEAR,3,NONE,,True,True,3283,856,2427,2.835280373831776,0.0,2023-08-24T00:00:00+0000,-0.14472340892095437
2023-06-26T00:00:00+0000,2023-06-27T00:00:00+0000,2022-12-31T23:59:59+0000,XGB_V3_1_Y2023_N3283_P856_SEED42,30267.99,0.11142435261401107,0.2419699153615158,0.0004944736736709476,0.04642203326400507,-0.013702527005229892,0.3578195911045721,0.2822567986227424,0.1736466884613037,BEAR,3,NONE,,True,True,3283,856,2427,2.835280373831776,0.0,2023-08-25T00:00:00+0000,-0.13922265733535666
2023-06-27T00:00:00+0000,2023-06-28T00:00:00+0000,2022-12-31T23:59:59+0000,XGB_V3_1_Y2023_N3283_P856_SEED42,30692.44,0.12451290735603204,0.2558912508863145,0.004779341673430748,0.04716712192445183,0.0,0.3655959804304269,0.29449654825136745,0.17440997064113617,BEAR,3,NONE,,True,True,3283,856,2427,2.835280373831776,0.0,2023-08-26T00:00:00+0000,-0.15231991982390447
2023-06-28T00:00:00+0000,2023-06-29T00:00:00+0000,2022-12-31T23:59:59+0000,XGB_V3_1_Y2023_N3283_P856_SEED42,30077.41,0.10000526204740057,0.2274729497912804,0.008729290369230869,0.04764802339389318,-0.020038485047132126,0.26282461399552104,0.2987011168279745,0.2091372311115265,BEAR,3,NONE,,True,True,3283,856,2427,2.835280373831776,0.0,2023-08-27T00:00:00+0000,-0.13498635687048854
2023-06-29T00:00:00+0000,2023-06-30T00:00:00+0000,2022-12-31T23:59:59+0000,XGB_V3_1_Y2023_N3283_P856_SEED42,30447.31,0.11121811053282449,0.2391899638462165,0.01261587603023906,0.048107886114097775,-0.007986657300625088,0.27743322398015613,0.30297273572664823,0.15942832827568054,BEAR,3,NONE,,True,True,3283,856,2427,2.835280373831776,0.0,2023-08-28T00:00:00+0000,-0.1454952834913824
2023-06-30T00:00:00+0000,2023-07-01T00:00:00+0000,2022-12-31T23:59:59+0000,XGB_V3_1_Y2023_N3283_P856_SEED42,30472.0,0.10928253096977625,0.23685678322791692,0.015025499007192966,0.04878589634384989,-0.007182224678129123,0.2537185427905541,0.29979254189436183,0.15198403596878052,BEAR,3,NONE,,True,True,3283,856,2427,2.835280373831776,0.0,2023-08-29T00:00:00+0000,-0.14618764767655557
2023-07-01T00:00:00+0000,2023-07-02T00:00:00+0000,2022-12-31T23:59:59+0000,XGB_V3_1_Y2023_N3283_P856_SEED42,30585.9,0.11036424255612642,0.23826046418328617,0.016832054576311872,0.049430397533216874,-0.003471213106549964,0.24193601232931616,0.2945822647925937,0.15198403596878052,BEAR,3,NONE,,True,True,3283,856,2427,2.835280373831776,0.0,2023-08-30T00:00:00+0000,-0.1493671920721641
2023-07-02T00:00:00+0000,2023-07-03T00:00:00+0000,2022-12-31T23:59:59+0000,XGB_V3_1_Y2023_N3283_P856_SEED42,30617.03,0.10840263440515474,0.23631396492077927,0.01902228792130889,0.050076525808538275,-0.0024569568271535225,0.22251454193073075,0.2857526203244199,0.1503562480211258,BEAR,3,NONE,,True,True,3283,856,2427,2.835280373831776,0.0,2023-08-31T00:00:00+0000,-0.1527336256978551
2023-07-03T00:00:00+0000,2023-07-04T00:00:00+0000,2022-12-31T23:59:59+0000,XGB_V3_1_Y2023_N3283_P856_SEED42,31156.2,0.12447084775708062,0.25459009574000047,0.020756033647177707,0.050905193951621186,0.0,0.26241661614079004,0.27660415794712634,0.15514473617076874,BEAR,3,NONE,,True,True,3283,856,2427,2.835280373831776,0.0,2023-09-01T00:00:00+0000,-0.1717523317991283
2023-07-04T00:00:00+0000,2023-07-05T00:00:00+0000,2022-12-31T23:59:59+0000,XGB_V3_1_Y2023_N3283_P856_SEED42,30766.51,0.10752490401219972,0.23538250384581527,0.02264183624825411,0.05196605626955386,-0.012507622880839175,0.19669942486432312,0.2490604688997426,0.15510672330856323,BEAR,3,NONE,,True,True,3283,856,2427,2.835280373831776,0.0,2023-09-02T00:00:00+0000,-0.1612617095666684
2023-07-05T00:00:00+0000,2023-07-06T00:00:00+0000,2022-12-31T23:59:59+0000,XGB_V3_1_Y2023_N3283_P856_SEED42,30504.81,0.09536703645789135,0.22150762657771916,0.023980198579274692,0.05282652429824197,-0.0209072351570474,0.14285775939827436,0.2200809674339254,0.17401961982250214,BEAR,3,NONE,,True,True,3283,856,2427,2.835280373831776,0.0,2023-09-03T00:00:00+0000,-0.15406619480665518
2023-07-06T00:00:00+0000,2023-07-07T00:00:00+0000,2022-12-31T23:59:59+0000,XGB_V3_1_Y2023_N3283_P856_SEED42,29895.43,0.0715693509780424,0.19396092507057427,0.0244266022613151,0.05335025464452792,-0.0404661030549297,0.024661048608409616,0.19481823554704292,0.18419960141181946,BEAR,3,NONE,,True,True,3283,856,2427,2.835280373831776,0.0,2023-09-04T00:00:00+0000,-0.13682291908830213
2023-07-07T00:00:00+0000,2023-07-08T00:00:00+0000,2022-12-31T23:59:59+0000,XGB_V3_1_Y2023_N3283_P856_SEED42,30344.7,0.0849325565361101,0.20854787659862217,0.02473869482106883,0.054041635283295086,-0.026046180214531978,0.08029872579047861,0.1667022418258722,0.17401961982250214,BEAR,3,NONE,,True,True,3283,856,2427,2.835280373831776,0.0,2023-09-05T00:00:00+0000,-0.1500294944421926
2023-07-08T00:00:00+0000,2023-07-09T00:00:00+0000,2022-12-31T23:59:59+0000,XGB_V3_1_Y2023_N3283_P856_SEED42,30284.63,0.08015533911382033,0.20294808541919185,0.0253930798415265,0.054820292847397756,-0.027974207380874416,0.03836255272788073,0.12412546466184954,0.16435755789279938,BEAR,3,NONE,,True,True,3283,856,2427,2.835280373831776,0.0,2023-09-06T00:00:00+0000,-0.14940516030739026
2023-07-09T00:00:00+0000,2023-07-10T00:00:00+0000,2022-12-31T23:59:59+0000,XGB_V3_1_Y2023_N3283_P856_SEED42,30160.71,0.07339381660708266,0.19486106237211565,0.02549336202205743,0.055432459278101254,-0.03195158588017799,-0.06630535979042337,0.07276047179986052,0.08987490087747574,BEAR,3,NONE,,True,True,3283,856,2427,2.835280373831776,0.0,2023-09-07T00:00:00+0000,-0.14591035821106324
2023-07-10T00:00:00+0000,2023-07-11T00:00:00+0000,2022-12-31T23:59:59+0000,XGB_V3_1_Y2023_N3283_P856_SEED42,30411.57,0.07950654707331317,0.20156467885020501,0.025545125432799187,0.05579813063423211,-0.02389989793363767,-0.000434689083569865,0.04024263967441144,0.08987490087747574,BEAR,3,NONE,,True,True,3283,856,2427,2.835280373831776,0.0,2023-09-08T00:00:00+0000,-0.1529556020948606
2023-07-11T00:00:00+0000,2023-07-12T00:00:00+0000,2022-12-31T23:59:59+0000,XGB_V3_1_Y2023_N3283_P856_SEED42,30622.1,0.08407599660162979,0.2065829670337389,0.025461701714530216,0.05579885232838455,-0.01714265539443205,0.15216643355279516,0.038551158810871025,0.06381076574325562,BEAR,3,NONE,,True,True,3283,856,2427,2.835280373831776,0.0,2023-09-09T00:00:00+0000,-0.15877911704291992
2023-07-12T00:00:00+0000,2023-07-13T00:00:00+0000,2022-12-31T23:59:59+0000,XGB_V3_1_Y2023_N3283_P856_SEED42,30380.0,0.0731039831542879,0.19385807960991897,0.02489754354149687,0.05580955571782997,-0.024913179399284946,-0.08335875893101412,0.03475336969579779,0.08987490087747574,BEAR,3,NONE,,True,True,3283,856,2427,2.835280373831776,0.0,2023-09-10T00:00:00+0000,-0.15207537853851216
2023-07-13T00:00:00+0000,2023-07-14T00:00:00+0000,2022-12-31T23:59:59+0000,XGB_V3_1_Y2023_N3283_P856_SEED42,31454.23,0.10704040167442797,0.2325314923766708,0.02546137042997909,0.05583730512316576,0.0,0.6992718205335787,0.04442435946826513,0.05142424255609512,BEAR,3,NONE,,True,True,3283,856,2427,2.835280373831776,0.0,2023-09-11T00:00:00+0000,-0.20002746848357122
2023-07-14T00:00:00+0000,2023-07-15T00:00:00+0000,2022-12-31T23:59:59+0000,XGB_V3_1_Y2023_N3283_P856_SEED42,30312.01,0.06396508825340375,0.18466519801242143,0.025563660031301394,0.05567305250575694,-0.036313716787853334,-0.13457708629307677,0.04477838707611741,0.10175986588001251,BEAR,3,NONE,,True,True,3283,856,2427,2.835280373831776,0.0,2023-09-12T00:00:00+0000,-0.1698828286213946
2023-07-15T00:00:00+0000,2023-07-16T00:00:00+0000,2022-12-31T23:59:59+0000,XGB_V3_1_Y2023_N3283_P856_SEED42,30289.52,0.06050773951836552,0.1806524174655484,0.025580823559699706,0.05550818150180281,-0.037028723958589915,-0.14348274975368655,0.045173294703030185,0.10175986588001251,BEAR,3,NONE,,True,True,3283,856,2427,2.835280373831776,0.0,2023-09-13T00:00:00+0000,-0.16926646576109494
2023-07-16T00:00:00+0000,2023-07-17T00:00:00+0000,2022-12-31T23:59:59+0000,XGB_V3_1_Y2023_N3283_P856_SEED42,30231.99,0.055995795352530076,0.17527541974537963,0.02617168069795972,0.05549110120650136,-0.03885773074082555,-0.18329249032010655,0.04533772183512809,0.10398603230714798,BEAR,3,NONE,,True,True,3283,856,2427,2.835280373831776,0.0,2023-09-14T00:00:00+0000,-0.1676856204305439
2023-07-17T00:00:00+0000,2023-07-18T00:00:00+0000,2022-12-31T23:59:59+0000,XGB_V3_1_Y2023_N3283_P856_SEED42,30138.0,0.05119042764190085,0.168554131548603,0.025068586149251892,0.05532496670592746,-0.041845882095985165,-0.22827667962037196,0.045967785144589976,0.10398603230714798,BEAR,3,NONE,,True,True,3283,856,2427,2.835280373831776,0.0,2023-09-15T00:00:00+0000,-0.16508991970270093
2023-07-18T00:00:00+0000,2023-07-19T00:00:00+0000,2022-12-31T23:59:59+0000,XGB_V3_1_Y2023_N3283_P856_SEED42,29859.13,0.03992375249135338,0.15477469421455403,0.024093468600893342,0.055240341340894616,-0.05071178025976153,-0.40266586738076937,0.04792549358708328,0.10746238380670547,BEAR,3,NONE,,True,True,3283,856,2427,2.835280373831776,0.0,2023-09-16T00:00:00+0000,-0.1572922586826877
2023-07-19T00:00:00+0000,2023-07-20T00:00:00+0000,2022-12-31T23:59:59+0000,XGB_V3_1_Y2023_N3283_P856_SEED42,29909.21,0.040063381627395644,0.15372939511591,0.02344065369852877,0.05509105850354401,-0.049119625563874836,-0.3331532599886755,0.050380039324627944,0.10398603230714798,BEAR,3,NONE,,True,True,3283,856,2427,2.835280373831776,0.0,2023-09-17T00:00:00+0000,-0.15870328905377307
2023-07-20T00:00:00+0000,2023-07-21T00:00:00+0000,2022-12-31T23:59:59+0000,XGB_V3_1_Y2023_N3283_P856_SEED42,29800.0,0.03440269953834596,0.14660124775571792,0.02261711782244391,0.05492676116866235,-0.05259165460416615,-0.3610606576709765,0.053429071610903316,0.10666555911302567,BEAR,3,NONE,,True,True,3283,856,2427,2.835280373831776,0.0,2023-09-18T00:00:00+0000,-0.15562013422818788
2023-07-21T00:00:00+0000,2023-07-22T00:00:00+0000,2022-12-31T23:59:59+0000,XGB_V3_1_Y2023_N3283_P856_SEED42,29901.72,0.035716230353870504,0.14759445167466256,0.022068836342351128,0.05486886246032596,-0.049357749339278056,-0.27039043625506126,0.05486308970462341,0.10551755130290985,BEAR,3,NONE,,True,True,3283,856,2427,2.835280373831776,0.0,2023-09-19T00:00:00+0000,-0.1584925549433277
2023-07-22T00:00:00+0000,2023-07-23T00:00:00+0000,2022-12-31T23:59:59+0000,XGB_V3_1_Y2023_N3283_P856_SEED42,29794.0,0.030164299138607076,0.14058892854973326,0.021589347393543346,0.054788477495683496,-0.052782407962299493,-0.3014856908298391,0.05655588630925452,0.10168817639350891,BEAR,3,NONE,,True,True,3283,856,2427,2.835280373831776,0.0,2023-09-20T00:00:00+0000,-0.15545009062227289
2023-07-23T00:00:00+0000,2023-07-24T00:00:00+0000,2022-12-31T23:59:59+0000,XGB_V3_1_Y2023_N3283_P856_SEED42,30083.75,0.038018885917546985,0.14877140418593604,0.020025733661781286,0.05452219827208293,-0.04357061037577459,-0.11285471291253306,0.05079586466191828,0.10058770328760147,BEAR,3,NONE,,True,True,3283,856,2427,2.835280373831776,0.0,2023-09-21T00:00:00+0000,-0.16358432708688242
2023-07-24T00:00:00+0000,2023-07-25T00:00:00+0000,2022-12-31T23:59:59+0000,XGB_V3_1_Y2023_N3283_P856_SEED42,29176.5,0.00528487006112921,0.11150758875506117,0.01872435429744934,0.05400815781026713,-0.07241410773686086,-0.5792149054240138,0.05727896796408238,0.12321845442056656,BEAR,3,NONE,,True,True,3283,856,2427,2.835280373831776,0.0,2023-09-22T00:00:00+0000,-0.13757578873408394
2023-07-25T00:00:00+0000,2023-07-26T00:00:00+0000,2022-12-31T23:59:59+0000,XGB_V3_1_Y2023_N3283_P856_SEED42,29228.91,0.00466705357128494,0.11090605436998269,0.018619323786581488,0.05356939144943906,-0.07074787715356567,-0.4692231962537772,0.06263174410914518,0.12012561410665512,BEAR,3,NONE,,True,True,3283,856,2427,2.835280373831776,0.0,2023-09-23T00:00:00+0000,-0.13912219100883338
2023-07-26T00:00:00+0000,2023-07-27T00:00:00+0000,2022-12-31T23:59:59+0000,XGB_V3_1_Y2023_N3283_P856_SEED42,29351.96,0.00742705949749034,0.11295843343894996,0.017698065049837508,0.053279111899148246,-0.06683584370051343,-0.3686892635118055,0.06623950675976562,0.1060766726732254,BEAR,3,NONE,,True,True,3283,856,2427,2.835280373831776,0.0,2023-09-24T00:00:00+0000,-0.14273118388005435
2023-07-27T00:00:00+0000,2023-07-28T00:00:00+0000,2022-12-31T23:59:59+0000,XGB_V3_1_Y2023_N3283_P856_SEED42,29222.78,0.0010119741020018225,0.10552518811490819,0.018237822566840922,0.05277096322488872,-0.07094276350112527,-0.3823031571230762,0.07036578554905938,0.10545210540294647,BEAR,3,NONE,,True,True,3283,856,2427,2.835280373831776,0.0,2023-09-25T00:00:00+0000,-0.13894160651382237
2023-07-28T00:00:00+0000,2023-07-29T00:00:00+0000,2022-12-31T23:59:59+0000,XGB_V3_1_Y2023_N3283_P856_SEED42,29314.14,0.0022083144820448375,0.10644152124784068,0.018693428336699958,0.052381744265012076,-0.06803822570128093,-0.30530838311310227,0.07297212423921638,0.10314776003360748,BEAR,3,NONE,,True,True,3283,856,2427,2.835280373831776,0.0,2023-09-26T00:00:00+0000,-0.14162516792237467
2023-07-29T00:00:00+0000,2023-07-30T00:00:00+0000,2022-12-31T23:59:59+0000,XGB_V3_1_Y2023_N3283_P856_SEED42,29352.9,0.0015644836524248973,0.10541940176018127,0.019123845547836638,0.05196134114078221,-0.06680595900773911,-0.26197445148596493,0.07506674618939499,0.10314776003360748,BEAR,3,NONE,,True,True,3283,856,2427,2.835280373831776,0.0,2023-09-27T00:00:00+0000,-0.14275863713636472
2023-07-30T00:00:00+0000,2023-07-31T00:00:00+0000,2022-12-31T23:59:59+0000,XGB_V3_1_Y2023_N3283_P856_SEED42,29281.09,-0.0032256839898049394,0.10036590069488871,0.019679719627716752,0.0513768932909604,-0.06908895878233223,-0.26560247309976526,0.07610718003572137,0.10314776003360748,BEAR,3,NONE,,True,True,3283,856,2427,2.835280373831776,0.0,2023-09-28T00:00:00+0000,-0.14065630753499958
2023-07-31T00:00:00+0000,2023-08-01T00:00:00+0000,2022-12-31T23:59:59+0000,XGB_V3_1_Y2023_N3283_P856_SEED42,29232.25,-0.007123542351830658,0.09639099353856828,0.019792098334594943,0.05055550952375021,-0.07064169111753804,-0.26086007893304125,0.0750160680364535,0.10070692747831345,BEAR,3,NONE,,True,True,3283,856,2427,2.835280373831776,0.0,2023-09-29T00:00:00+0000,-0.13922055264305688
2023-08-01T00:00:00+0000,2023-08-02T00:00:00+0000,2022-12-31T23:59:59+0000,XGB_V3_1_Y2023_N3283_P856_SEED42,29705.99,0.006368751874534562,0.11212033671717636,0.020621161895461038,0.049680625771047815,-0.05558044180385269,-0.03491678484839364,0.07309798778857553,0.10070692747831345,BEAR,3,NONE,,True,True,3283,856,2427,2.835280373831776,0.0,2023-09-30T00:00:00+0000,-0.15294794080251162
2023-08-02T00:00:00+0000,2023-08-03T00:00:00+0000,2022-12-31T23:59:59+0000,XGB_V3_1_Y2023_N3283_P856_SEED42,29186.01,-0.013420612012715716,0.09097261717421201,0.020741973122057278,0.04828613907096124,-0.07211176366421945,-0.30040514117563416,0.0541461655863128,0.10576613247394562,BEAR,3,NONE,,True,True,3283,856,2427,2.835280373831776,0.0,2023-10-01T00:00:00+0000,-0.13785680194038163
2023-08-03T00:00:00+0000,2023-08-04T00:00:00+0000,2022-12-31T23:59:59+0000,XGB_V3_1_Y2023_N3283_P856_SEED42,29193.64,-0.015867310983413763,0.08956311199446398,0.022093306133773583,0.04716893865935812,-0.07186918897712646,-0.2716255944140427,0.05209564964778428,0.10576613247394562,BEAR,3,NONE,,True,True,3283,856,2427,2.835280373831776,0.0,2023-10-02T00:00:00+0000,-0.13808213021740345
2023-08-04T00:00:00+0000,2023-08-05T00:00:00+0000,2022-12-31T23:59:59+0000,XGB_V3_1_Y2023_N3283_P856_SEED42,29113.99,-0.02087306700892244,0.08498517902245784,0.02205030474066416,0.04594197554909618,-0.07440143980634717,-0.2995223240098012,0.04969559481115269,0.11054110527038574,BEAR,3,NONE,,True,True,3283,856,2427,2.835280373831776,0.0,2023-10-03T00:00:00+0000,-0.1357240969032414
2023-08-05T00:00:00+0000,2023-08-06T00:00:00+0000,2022-12-31T23:59:59+0000,XGB_V3_1_Y2023_N3283_P856_SEED42,29072.13,-0.024071010359739242,0.08182517954075075,0.02243365878525294,0.044702621467036074,-0.07573226240159114,-0.3057458743397213,0.04699081757761013,0.15844665467739105,BEAR,3,NONE,,True,True,3283,856,2427,2.835280373831776,0.0,2023-10-04T00:00:00+0000,-0.13447965456951383
2023-08-06T00:00:00+0000,2023-08-07T00:00:00+0000,2022-12-31T23:59:59+0000,XGB_V3_1_Y2023_N3283_P856_SEED42,29088.42,-0.025207068122565457,0.08074007512402326,0.022175587981726252,0.04359810790699026,-0.07521436703425899,-0.2738898627129747,0.044022164497848834,0.1545693427324295,BEAR,3,NONE,,True,True,3283,856,2427,2.835280373831776,0.0,2023-10-05T00:00:00+0000,-0.13496436038808568
2023-08-07T00:00:00+0000,2023-08-08T00:00:00+0000,2022-12-31T23:59:59+0000,XGB_V3_1_Y2023_N3283_P856_SEED42,29211.06,-0.022977301766729186,0.08365804565616597,0.02217088634785669,0.04249784417567337,-0.07131536839401242,-0.15967967573957922,0.04257834654701554,0.1545693427324295,BEAR,3,NONE,,True,True,3283,856,2427,2.835280373831776,0.0,2023-10-06T00:00:00+0000,-0.13859613447783137
2023-08-08T00:00:00+0000,2023-08-09T00:00:00+0000,2022-12-31T23:59:59+0000,XGB_V3_1_Y2023_N3283_P856_SEED42,29770.42,-0.006213584434014097,0.10295570991744896,0.02216217629767847,0.04118020862771177,-0.05353206865976379,0.3019241224961084,0.04126438072740575,0.12644152343273163,BEAR,3,NONE,,True,True,3283,856,2427,2.835280373831776,0.0,2023-10-07T00:00:00+0000,-0.15478115525410785
2023-08-09T00:00:00+0000,2023-08-10T00:00:00+0000,2022-12-31T23:59:59+0000,XGB_V3_1_Y2023_N3283_P856_SEED42,29581.99,-0.013342909022300842,0.09459612268183615,0.020635673785776243,0.03984743877859698,-0.059522677871942764,0.16129639383782945,0.03982428367289611,0.14474496245384216,BEAR,3,NONE,,True,True,3283,856,2427,2.835280373831776,0.0,2023-10-08T00:00:00+0000,-0.14939731911206788
2023-08-10T00:00:00+0000,2023-08-11T00:00:00+0000,2022-12-31T23:59:59+0000,XGB_V3_1_Y2023_N3283_P856_SEED42,29455.75,-0.017200629717625482,0.08856598059012666,0.017977513007854107,0.03850262068822374,-0.06353612852706936,0.07884695194392767,0.03664644119542036,0.15098263323307037,BEAR,3,NONE,,True,True,3283,856,2427,2.835280373831776,0.0,2023-10-09T00:00:00+0000,-0.14575184811114972
2023-08-11T00:00:00+0000,2023-08-12T00:00:00+0000,2022-12-31T23:59:59+0000,XGB_V3_1_Y2023_N3283_P856_SEED42,29426.03,-0.017891504723451135,0.08616117154023284,0.01504505190480887,0.03714084522225858,-0.06448099349435676,0.07309635447964026,0.03427753630687025,0.15261594951152802,BEAR,3,NONE,,True,True,3283,856,2427,2.835280373831776,0.0,2023-10-10T00:00:00+0000,-0.14488906590525463
2023-08-12T00:00:00+0000,2023-08-13T00:00:00+0000,2022-12-31T23:59:59+0000,XGB_V3_1_Y2023_N3283_P856_SEED42,29430.17,-0.01692760056655651,0.08495292112144925,0.011962870986816254,0.03581816446413422,-0.029092099138262384,0.145893336275384,0.02580054674986919,0.14275531470775604,BEAR,3,NONE,,True,True,3283,856,2427,2.835280373831776,0.0,2023-10-11T00:00:00+0000,-0.14500935604517395
2023-08-13T00:00:00+0000,2023-08-14T00:00:00+0000,2022-12-31T23:59:59+0000,XGB_V3_1_Y2023_N3283_P856_SEED42,29303.84,-0.020346659167628567,0.07905402112363258,0.008364435442627771,0.03457168037066971,-0.032541948502320284,-0.029968585483936844,0.025411783381129354,0.17952795326709747,BEAR,3,NONE,,True,True,3283,856,2427,2.835280373831776,0.0,2023-10-12T00:00:00+0000,-0.14132345794953838
2023-08-14T00:00:00+0000,2023-08-15T00:00:00+0000,2022-12-31T23:59:59+0000,XGB_V3_1_Y2023_N3283_P856_SEED42,29430.93,-0.015418731222290094,0.08245411648935752,0.0052861169021862775,0.03337798001827763,-0.026497097941617476,0.1270633131456754,0.025393392058510423,0.17952795326709747,BEAR,3,NONE,,True,True,3283,856,2427,2.835280373831776,0.0,2023-10-13T00:00:00+0000,-0.1450314346165752
2023-08-15T00:00:00+0000,2023-08-16T00:00:00+0000,2022-12-31T23:59:59+0000,XGB_V3_1_Y2023_N3283_P856_SEED42,29200.0,-0.02244572416119328,0.07275214958911502,0.002728453222779814,0.032108359922337515,-0.031123498573229824,-0.17063344376074208,0.02571240016543573,0.2461727410554886,BEAR,3,NONE,,True,True,3283,856,2427,2.835280373831776,0.0,2023-10-14T00:00:00+0000,-0.1382698630136986
2023-08-16T00:00:00+0000,2023-08-17T00:00:00+0000,2022-12-31T23:59:59+0000,XGB_V3_1_Y2023_N3283_P856_SEED42,28730.51,-0.03689810183326836,0.054398460336933185,-0.00031463159149980324,0.030826763303629656,-0.04498242406614872,-0.6271950740461077,0.031206357366357698,0.33111512660980225,BEAR,3,NONE,,True,True,3283,856,2427,2.835280373831776,0.0,2023-10-15T00:00:00+0000,-0.12418818879302862
2023-08-17T00:00:00+0000,2023-08-18T00:00:00+0000,2022-12-31T23:59:59+0000,XGB_V3_1_Y2023_N3283_P856_SEED42,26623.41,-0.1054606627554433,-0.02344756592533881,-0.004545134639979964,0.02900958692991784,-0.11502355923048158,-1.0147757705293807,0.08601591286503808,0.3923351764678955,BEAR,3,NONE,,True,True,3283,856,2427,2.835280373831776,0.0,2023-10-16T00:00:00+0000,-0.05487238486730284
2023-08-18T00:00:00+0000,2023-08-19T00:00:00+0000,2022-12-31T23:59:59+0000,XGB_V3_1_Y2023_N3283_P856_SEED42,26054.0,-0.12200058344129494,-0.04489905914859038,-0.009422918473116049,0.02730926225082886,-0.13395105330951096,-0.8001389604282604,0.12713806400822603,0.5089601278305054,BEAR,3,NONE,,True,True,3283,856,2427,2.835280373831776,0.0,2023-10-17T00:00:00+0000,-0.03421662700545025
2023-08-19T00:00:00+0000,2023-08-20T00:00:00+0000,2022-12-31T23:59:59+0000,XGB_V3_1_Y2023_N3283_P856_SEED42,26100.01,-0.11785069467169451,-0.043733827406442494,-0.013181158841585994,0.025679710746369322,-0.13242165620974788,-0.6157419074355288,0.15457776306248505,0.5032662749290466,BEAR,3,NONE,,True,True,3283,856,2427,2.835280373831776,0.0,2023-10-18T00:00:00+0000,-0.03591914332599866
2023-08-20T00:00:00+0000,2023-08-21T00:00:00+0000,2022-12-31T23:59:59+0000,XGB_V3_1_Y2023_N3283_P856_SEED42,26189.99,-0.11217126738742389,-0.04086885903120374,-0.015760203833571906,0.02414289367551592,-0.12943067270536412,-0.500352462274477,0.17437178957808855,0.4943358302116394,BEAR,3,NONE,,True,True,3283,856,2427,2.835280373831776,0.0,2023-10-19T00:00:00+0000,-0.0392314010047351
2023-08-21T00:00:00+0000,2023-08-22T00:00:00+0000,2022-12-31T23:59:59+0000,XGB_V3_1_Y2023_N3283_P856_SEED42,26126.92,-0.11160481134028666,-0.04364057275947397,-0.01845591114667311,0.022762566323852873,-0.13152715336352683,-0.443583894003187,0.18875997124590183,0.47267842292785645,BEAR,3,NONE,,True,True,3283,856,2427,2.835280373831776,0.0,2023-10-20T00:00:00+0000,-0.03691211976000219
2023-08-22T00:00:00+0000,2023-08-23T00:00:00+0000,2022-12-31T23:59:59+0000,XGB_V3_1_Y2023_N3283_P856_SEED42,26056.0,-0.11093262430687822,-0.04669439644708828,-0.0210380687527002,0.02167960260545443,-0.12476881414504726,-0.40040046516041367,0.20273479888985482,0.457236647605896,BEAR,3,NONE,,True,True,3283,856,2427,2.835280373831776,0.0,2023-10-21T00:00:00+0000,-0.03429075836659501
2023-08-23T00:00:00+0000,2023-08-24T00:00:00+0000,2022-12-31T23:59:59+0000,XGB_V3_1_Y2023_N3283_P856_SEED42,26432.72,-0.09540306228249262,-0.033460577666103664,-0.023134815136860665,0.02067252979697831,-0.11211464265536053,-0.30142722668647925,0.2101036745073164,0.4686499834060669,BEAR,3,NONE,,True,True,3283,856,2427,2.835280373831776,0.0,2023-10-22T00:00:00+0000,-0.04805407843006704
2023-08-24T00:00:00+0000,2023-08-25T00:00:00+0000,2022-12-31T23:59:59+0000,XGB_V3_1_Y2023_N3283_P856_SEED42,26180.05,-0.10139012348352061,-0.043267702469679925,-0.025354083444355968,0.01976972320166026,-0.12060192634165046,-0.3091556817715236,0.21813211856562376,0.45955467224121094,BEAR,3,NONE,,True,True,3283,856,2427,2.835280373831776,0.0,2023-10-23T00:00:00+0000,-0.03886661790179924
2023-08-25T00:00:00+0000,2023-08-26T00:00:00+0000,2022-12-31T23:59:59+0000,XGB_V3_1_Y2023_N3283_P856_SEED42,26060.01,-0.103149033880229,-0.048227947755886125,-0.02722516779635442,0.018877245864025394,-0.12463411668360747,-0.2960594593039948,0.2253123373509046,0.45955467224121094,BEAR,3,NONE,,True,True,3283,856,2427,2.835280373831776,0.0,2023-10-24T00:00:00+0000,-0.034439357467629494
2023-08-26T00:00:00+0000,2023-08-27T00:00:00+0000,2022-12-31T23:59:59+0000,XGB_V3_1_Y2023_N3283_P856_SEED42,26017.37,-0.10194162726373801,-0.050266865393165716,-0.02884683356757556,0.01780112554956892,-0.12606641088704829,-0.2735012218467155,0.23064102990682028,0.45955467224121094,BEAR,3,NONE,,True,True,3283,856,2427,2.835280373831776,0.0,2023-10-25T00:00:00+0000,-0.032856895220385374
2023-08-27T00:00:00+0000,2023-08-28T00:00:00+0000,2022-12-31T23:59:59+0000,XGB_V3_1_Y2023_N3283_P856_SEED42,26101.77,-0.09641911290851901,-0.04773148447189779,-0.0294035790215339,0.01684668194583927,-0.12323138202282657,-0.23555166201403255,0.2324300433055534,0.45955467224121094,BEAR,3,NONE,,True,True,3283,856,2427,2.835280373831776,0.0,2023-10-26T00:00:00+0000,-0.035984149733906956
2023-08-28T00:00:00+0000,2023-08-29T00:00:00+0000,2022-12-31T23:59:59+0000,XGB_V3_1_Y2023_N3283_P856_SEED42,26120.0,-0.09325131881770332,-0.04781738427907678,-0.029252996788862062,0.01630961909263573,-0.12261902922431056,-0.21068719939316502,0.22685381400851817,0.5145857334136963,BEAR,3,NONE,,True,True,3283,856,2427,2.835280373831776,0.0,2023-10-27T00:00:00+0000,-0.03665696784073502
2023-08-29T00:00:00+0000,2023-08-30T00:00:00+0000,2022-12-31T23:59:59+0000,XGB_V3_1_Y2023_N3283_P856_SEED42,27716.34,-0.036030951415762846,0.009255332476748812,-0.02820600007579055,0.016158249006752223,-0.06899734703104621,0.06403358260556584,0.21624739451504285,0.533431887626648,BEAR,3,NONE,,True,True,3283,856,2427,2.835280373831776,0.0,2023-10-28T00:00:00+0000,-0.09214131447370033
2023-08-30T00:00:00+0000,2023-08-31T00:00:00+0000,2022-12-31T23:59:59+0000,XGB_V3_1_Y2023_N3283_P856_SEED42,27299.99,-0.04831232072402447,-0.006888691829179616,-0.02756203825133785,0.015895960665109232,-0.0829827056521204,0.012534674480932097,0.2050485151034397,0.533431887626648,BEAR,3,NONE,,True,True,3283,856,2427,2.835280373831776,0.0,2023-10-29T00:00:00+0000,-0.0782956330753235
2023-08-31T00:00:00+0000,2023-09-01T00:00:00+0000,2022-12-31T23:59:59+0000,XGB_V3_1_Y2023_N3283_P856_SEED42,25940.78,-0.09288731531134353,-0.05704666685125315,-0.027611591985386874,0.015442720453355374,-0.12863909881016122,-0.21010481872738496,0.19613903938639846,0.5145857334136963,BEAR,3,NONE,,True,True,3283,856,2427,2.835280373831776,0.0,2023-10-30T00:00:00+0000,-0.030001410905917236
2023-09-01T00:00:00+0000,2023-09-02T00:00:00+0000,2022-12-31T23:59:59+0000,XGB_V3_1_Y2023_N3283_P856_SEED42,25805.05,-0.09405432215997811,-0.06266722372082767,-0.028082334081110827,0.0149134875869541,-0.13319832236159246,-0.2166058382436673,0.18371469231292295,0.525924026966095,BEAR,3,NONE,,True,True,3283,856,2427,2.835280373831776,0.0,2023-10-31T00:00:00+0000,-0.02489938984811113
2023-09-02T00:00:00+0000,2023-09-03T00:00:00+0000,2022-12-31T23:59:59+0000,XGB_V3_1_Y2023_N3283_P856_SEED42,25869.51,-0.0889494803937827,-0.06095165879778919,-0.028240040770913466,0.01442257619283227,-0.1310330858617379,-0.18636364597083455,0.16744107791798746,0.525924026966095,BEAR,3,NONE,,True,True,3283,856,2427,2.835280373831776,0.0,2023-11-01T00:00:00+0000,-0.027329083542749655
2023-09-03T00:00:00+0000,2023-09-04T00:00:00+0000,2022-12-31T23:59:59+0000,XGB_V3_1_Y2023_N3283_P856_SEED42,25971.21,-0.08257748941226462,-0.05754175968267994,-0.02831945425364002,0.013527597094679544,-0.1276169432611296,-0.14935851143121442,0.1409663658781137,0.5449250340461731,BEAR,3,NONE,,True,True,3283,856,2427,2.835280373831776,0.0,2023-11-02T00:00:00+0000,-0.031137940819853882
2023-09-04T00:00:00+0000,2023-09-05T00:00:00+0000,2022-12-31T23:59:59+0000,XGB_V3_1_Y2023_N3283_P856_SEED42,25826.02,-0.08485762864123947,-0.06320285179751273,-0.028786922670738235,0.01281112946556151,-0.1324939318961572,-0.18659083452104958,0.1087805786358345,0.497051864862442,BEAR,3,NONE,,True,True,3283,856,2427,2.835280373831776,0.0,2023-11-03T00:00:00+0000,-0.025691144047747194
2023-09-05T00:00:00+0000,2023-09-06T00:00:00+0000,2022-12-31T23:59:59+0000,XGB_V3_1_Y2023_N3283_P856_SEED42,25792.1,-0.08323601106644163,-0.06464057111014943,-0.028885740143179017,0.011974579370468419,-0.13363331790414779,-0.2210613277742113,0.07283296756756033,0.3320278525352478,BEAR,3,NONE,,True,True,3283,856,2427,2.835280373831776,0.0,2023-11-04T00:00:00+0000,-0.024409799899969276
2023-09-06T00:00:00+0000,2023-09-07T00:00:00+0000,2022-12-31T23:59:59+0000,XGB_V3_1_Y2023_N3283_P856_SEED42,25759.95,-0.08170279354466325,-0.06599753962389854,-0.028911457570303667,0.01164672974955927,-0.13471324892292413,-0.21525132795157406,0.07296550220999287,0.3320278525352478,BEAR,3,NONE,,True,True,3283,856,2427,2.835280373831776,0.0,2023-11-05T00:00:00+0000,-0.02319220340101591
2023-09-07T00:00:00+0000,2023-09-08T00:00:00+0000,2022-12-31T23:59:59+0000,XGB_V3_1_Y2023_N3283_P856_SEED42,26255.0,-0.06161031686955243,-0.04839019407613532,-0.02872422217122861,0.011411711297876881,-0.1124667407432699,0.03876810188537857,0.0728682625434982,0.3308860659599304,BEAR,3,NONE,,True,True,3283,856,2427,2.835280373831776,0.0,2023-11-06T00:00:00+0000,-0.041610359931441576
2023-09-08T00:00:00+0000,2023-09-09T00:00:00+0000,2022-12-31T23:59:59+0000,XGB_V3_1_Y2023_N3283_P856_SEED42,25910.5,-0.07134124939129405,-0.061058342653988684,-0.029608803788350402,0.011056220680354611,-0.12035850385748115,-0.13587800726852967,0.07341218362757422,0.3337358832359314,BEAR,3,NONE,,True,True,3283,856,2427,2.835280373831776,0.0,2023-11-07T00:00:00+0000,-0.02886783350379185
2023-09-09T00:00:00+0000,2023-09-10T00:00:00+0000,2022-12-31T23:59:59+0000,XGB_V3_1_Y2023_N3283_P856_SEED42,25901.61,-0.06899033576426283,-0.06162693765094762,-0.030150090265692042,0.010866692635484787,-0.11991873855158497,-0.1320256645153542,0.0739948835178869,0.3337358832359314,BEAR,3,NONE,,True,True,3283,856,2427,2.835280373831776,0.0,2023-11-08T00:00:00+0000,-0.028534519668854563
2023-09-10T00:00:00+0000,2023-09-11T00:00:00+0000,2022-12-31T23:59:59+0000,XGB_V3_1_Y2023_N3283_P856_SEED42,25841.61,-0.06850031001435031,-0.0640819643187146,-0.02990322098055942,0.010682344591332216,-0.12195741011242256,-0.15410651252652266,0.07477918941408708,0.36501792073249817,BEAR,3,NONE,,True,True,3283,856,2427,2.835280373831776,0.0,2023-11-09T00:00:00+0000,-0.026278935406888304
2023-09-11T00:00:00+0000,2023-09-12T00:00:00+0000,2022-12-31T23:59:59+0000,XGB_V3_1_Y2023_N3283_P856_SEED42,25162.52,-0.08974968706044184,-0.08887856770224223,-0.029510706375412088,0.010420783462700145,-0.1450314346165752,-0.43852523812710564,0.08175694594045577,0.4299454987049103,BEAR,3,NONE,,True,True,3283,856,2427,2.835280373831776,0.0,2023-11-10T00:00:00+0000,0.026928145511657675
2023-09-12T00:00:00+0000,2023-09-13T00:00:00+0000,2022-12-31T23:59:59+0000,XGB_V3_1_Y2023_N3283_P856_SEED42,25840.1,-0.06297647634030223,-0.06479326082787518,-0.028823972795734343,0.010332396859835002,-0.12200871668003699,-0.10767468348392077,0.08139670943722452,0.3745332956314087,BEAR,3,NONE,,True,True,3283,856,2427,2.835280373831776,0.0,2023-11-11T00:00:00+0000,0.014766583720651205
2023-09-13T00:00:00+0000,2023-09-14T00:00:00+0000,2022-12-31T23:59:59+0000,XGB_V3_1_Y2023_N3283_P856_SEED42,26222.0,-0.04704972307167554,-0.051497577514431514,-0.02798541693274914,0.010292972705245429,-0.10198630136986298,0.07124759583521043,0.08146983794306986,0.37152940034866333,BEAR,3,NONE,,True,True,3283,856,2427,2.835280373831776,0.0,2023-11-12T00:00:00+0000,-1.2584852414065928e-05
2023-09-14T00:00:00+0000,2023-09-15T00:00:00+0000,2022-12-31T23:59:59+0000,XGB_V3_1_Y2023_N3283_P856_SEED42,26522.73,-0.03413452076819834,-0.041134260456604954,-0.02695536904499618,0.010226584078157686,-0.07684444167541749,0.19856451122726881,0.0827826317138207,0.3447796702384949,BEAR,3,NONE,,True,True,3283,856,2427,2.835280373831776,0.0,2023-11-13T00:00:00+0000,-0.011351018541454816
2023-09-15T00:00:00+0000,2023-09-16T00:00:00+0000,2022-12-31T23:59:59+0000,XGB_V3_1_Y2023_N3283_P856_SEED42,26600.0,-0.02946665478383581,-0.03888070098751906,-0.025813701839180192,0.010281814652513654,-0.04027732377362958,0.21655896087494414,0.08432867090989059,0.3602566719055176,BEAR,3,NONE,,True,True,3283,856,2427,2.835280373831776,0.0,2023-11-14T00:00:00+0000,-0.014222932330827165
2023-09-16T00:00:00+0000,2023-09-17T00:00:00+0000,2022-12-31T23:59:59+0000,XGB_V3_1_Y2023_N3283_P856_SEED42,26559.67,-0.028986402906069353,-0.04093016081847489,-0.02493041300660992,0.01032688158006878,-0.041732422101908195,0.18513459469980312,0.08549439738228329,0.354227751493454,BEAR,3,NONE,,True,True,3283,856,2427,2.835280373831776,0.0,2023-11-15T00:00:00+0000,-0.012726061731941685
2023-09-17T00:00:00+0000,2023-09-18T00:00:00+0000,2022-12-31T23:59:59+0000,XGB_V3_1_Y2023_N3283_P856_SEED42,26527.51,-0.0281544190625288,-0.04259250009239335,-0.024403071218798256,0.010058987293821264,-0.04289274846534574,0.1598918247133463,0.08635766284623622,0.414826899766922,BEAR,3,NONE,,True,True,3283,856,2427,2.835280373831776,0.0,2023-11-16T00:00:00+0000,-0.011529163498571915
2023-09-18T00:00:00+0000,2023-09-19T00:00:00+0000,2022-12-31T23:59:59+0000,XGB_V3_1_Y2023_N3283_P856_SEED42,26762.51,-0.01773244335906976,-0.03468544596322731,-0.023488405336819618,0.009539139270811736,-0.03441399549868418,0.34763276915439445,0.07092688522520164,0.3107338547706604,BEAR,3,NONE,,True,True,3283,856,2427,2.835280373831776,0.0,2023-11-17T00:00:00+0000,-0.020208866806588732
2023-09-19T00:00:00+0000,2023-09-20T00:00:00+0000,2022-12-31T23:59:59+0000,XGB_V3_1_Y2023_N3283_P856_SEED42,27210.26,0.00018592032509068268,-0.019394029465154894,-0.022133914475377936,0.009423933133507312,-0.01825926511220466,0.606375614181811,0.06922854933802373,0.2143697738647461,BEAR,3,NONE,,True,True,3283,856,2427,2.835280373831776,0.0,2023-11-18T00:00:00+0000,-0.03633151612663754
2023-09-20T00:00:00+0000,2023-09-21T00:00:00+0000,2022-12-31T23:59:59+0000,XGB_V3_1_Y2023_N3283_P856_SEED42,27125.0,-0.0010526124983981644,-0.023307596675345432,-0.021208299277798215,0.009529714566830272,-0.021335428848109128,0.4755332719948348,0.07646939133662638,0.2667076885700226,BEAR,3,NONE,,True,True,3283,856,2427,2.835280373831776,0.0,2023-11-19T00:00:00+0000,-0.03330248847926276
2023-09-21T00:00:00+0000,2023-09-22T00:00:00+0000,2022-12-31T23:59:59+0000,XGB_V3_1_Y2023_N3283_P856_SEED42,26568.08,-0.019672307341872086,-0.044072792601419164,-0.01961738081301323,0.009542127247568866,-0.04142899098510111,0.17836983082403893,0.07629110889037706,0.33292073011398315,BEAR,3,NONE,,True,True,3283,856,2427,2.835280373831776,0.0,2023-11-20T00:00:00+0000,-0.013038578625177433
2023-09-22T00:00:00+0000,2023-09-23T00:00:00+0000,2022-12-31T23:59:59+0000,XGB_V3_1_Y2023_N3283_P856_SEED42,26580.14,-0.017332042005499204,-0.04435580817346596,-0.01914056781592688,0.009626605727530713,-0.040993868598812155,0.16673509579521553,0.07614085860238344,0.33292073011398315,BEAR,3,NONE,,True,True,3283,856,2427,2.835280373831776,0.0,2023-11-21T00:00:00+0000,-0.013486384947558605
2023-09-23T00:00:00+0000,2023-09-24T00:00:00+0000,2022-12-31T23:59:59+0000,XGB_V3_1_Y2023_N3283_P856_SEED42,26575.96,-0.01563930593428975,-0.04525749267427304,-0.018841602627017395,0.010119220148548491,-0.041144682162219115,0.14930454168527454,0.07615948593875571,0.33292073011398315,BEAR,3,NONE,,True,True,3283,856,2427,2.835280373831776,0.0,2023-11-22T00:00:00+0000,-0.013331221148737415
2023-09-24T00:00:00+0000,2023-09-25T00:00:00+0000,2022-12-31T23:59:59+0000,XGB_V3_1_Y2023_N3283_P856_SEED42,26248.38,-0.025734735995677882,-0.05779468285786149,-0.018876436648939898,0.010520273521848145,-0.05296370299974673,-0.025479437633427075,0.07447257873842757,0.33561450242996216,BEAR,3,NONE,,True,True,3283,856,2427,2.835280373831776,0.0,2023-11-23T00:00:00+0000,-0.0010175866091546304
2023-09-25T00:00:00+0000,2023-09-26T00:00:00+0000,2022-12-31T23:59:59+0000,XGB_V3_1_Y2023_N3283_P856_SEED42,26304.81,-0.021618493263148242,-0.05677509973698247,-0.019029925943270798,0.011373887752719636,-0.05092771989375211,-0.01004204313484743,0.07228029365222333,0.3130219280719757,BEAR,3,NONE,,True,True,3283,856,2427,2.835280373831776,0.0,2023-11-24T00:00:00+0000,-0.0031606386816709353
2023-09-26T00:00:00+0000,2023-09-27T00:00:00+0000,2022-12-31T23:59:59+0000,XGB_V3_1_Y2023_N3283_P856_SEED42,26221.67,-0.02253717234807784,-0.06077858935360436,-0.01924002530340796,0.01226767296345077,-0.053927394453957556,-0.06831725928631023,0.06963118385585726,0.3141309916973114,BEAR,3,NONE,,True,True,3283,856,2427,2.835280373831776,0.0,2023-11-25T00:00:00+0000,0.005770799495226742
2023-09-27T00:00:00+0000,2023-09-28T00:00:00+0000,2022-12-31T23:59:59+0000,XGB_V3_1_Y2023_N3283_P856_SEED42,26372.99,-0.014399990456796075,-0.056358543128315786,-0.019698993846478774,0.0129762045935784,-0.04846779913942456,0.01096047308023907,0.06954535603091214,0.3087807595729828,BEAR,3,NONE,,True,True,3283,856,2427,2.835280373831776,0.0,2023-11-26T00:00:00+0000,0.014660453744531843
2023-09-28T00:00:00+0000,2023-09-29T00:00:00+0000,2022-12-31T23:59:59+0000,XGB_V3_1_Y2023_N3283_P856_SEED42,27021.39,0.011768130219946826,-0.034026674474513574,-0.019766258543412296,0.013690474553300191,-0.010205131943271883,0.32714467259314456,0.07094754543393453,0.19185195863246918,BEAR,3,NONE,,True,True,3283,856,2427,2.835280373831776,0.0,2023-11-27T00:00:00+0000,-0.009687140446882903
2023-09-29T00:00:00+0000,2023-09-30T00:00:00+0000,2022-12-31T23:59:59+0000,XGB_V3_1_Y2023_N3283_P856_SEED42,26906.96,0.00941016115412685,-0.0385974127648544,-0.020182919428424095,0.013930340104619798,-0.01114653075714822,0.24086318468220203,0.07033585545827052,0.20904958248138428,BEAR,3,NONE,,True,True,3283,856,2427,2.835280373831776,0.0,2023-11-28T00:00:00+0000,-0.005475534954524686
2023-09-30T00:00:00+0000,2023-10-01T00:00:00+0000,2022-12-31T23:59:59+0000,XGB_V3_1_Y2023_N3283_P856_SEED42,26962.56,0.01336902980202992,-0.0370051360326108,-0.02013472830115226,0.014040737144472182,-0.009103183872553822,0.2460770327093959,0.06863147538448935,0.20234064757823944,BEAR,3,NONE,,True,True,3283,856,2427,2.835280373831776,0.0,2023-11-29T00:00:00+0000,-0.007526362481900861
2023-10-01T00:00:00+0000,2023-10-02T00:00:00+0000,2022-12-31T23:59:59+0000,XGB_V3_1_Y2023_N3283_P856_SEED42,27992.57,0.05321937193991011,-0.0008786945184048323,-0.01930257495827592,0.014487458356012839,0.0,0.7383693172129856,0.06789422345828192,0.1584310382604599,BEAR,3,NONE,,True,True,3283,856,2427,2.835280373831776,0.0,2023-11-30T00:00:00+0000,-0.044045259152696525
2023-10-02T00:00:00+0000,2023-10-03T00:00:00+0000,2022-12-31T23:59:59+0000,XGB_V3_1_Y2023_N3283_P856_SEED42,27494.51,0.035890268288718996,-0.01909252779141113,-0.01874527227552336,0.014451711185013538,-0.017792578530660186,0.4226723339354527,0.06684979810166805,0.17397958040237427,BEAR,3,NONE,,True,True,3283,856,2427,2.835280373831776,0.0,2023-12-01T00:00:00+0000,-0.026728245020551267
2023-10-03T00:00:00+0000,2023-10-04T00:00:00+0000,2022-12-31T23:59:59+0000,XGB_V3_1_Y2023_N3283_P856_SEED42,27426.46,0.03488951526589634,-0.021525781011998868,-0.01838526008018393,0.013895043229683601,-0.020223580757322446,0.3452181223689304,0.06779950282130819,0.25884154438972473,BEAR,3,NONE,,True,True,3283,856,2427,2.835280373831776,0.0,2023-12-02T00:00:00+0000,-0.024313382040554887
2023-10-04T00:00:00+0000,2023-10-05T00:00:00+0000,2022-12-31T23:59:59+0000,XGB_V3_1_Y2023_N3283_P856_SEED42,27778.57,0.049301359739435835,-0.00911777183560658,-0.017382796449729176,0.013508564881644869,-0.00764488576790201,0.4614993856762227,0.07393603663214983,0.1645815372467041,BEAR,3,NONE,,True,True,3283,856,2427,2.835280373831776,0.0,2023-12-03T00:00:00+0000,-0.036680793863759
2023-10-05T00:00:00+0000,2023-10-06T00:00:00+0000,2022-12-31T23:59:59+0000,XGB_V3_1_Y2023_N3283_P856_SEED42,27410.39,0.0364274604948287,-0.022152927944004364,-0.016330129140819882,0.012837881850890964,-0.020797661665220457,0.2507009457607433,0.07530157502349787,0.2768976390361786,BEAR,3,NONE,,True,True,3283,856,2427,2.835280373831776,0.0,2023-12-04T00:00:00+0000,-0.023741362308234204
2023-10-06T00:00:00+0000,2023-10-07T00:00:00+0000,2022-12-31T23:59:59+0000,XGB_V3_1_Y2023_N3283_P856_SEED42,27931.09,0.05507253108270449,-0.003615356349366383,-0.013162894355224664,0.012251473200672214,-0.00219629708883462,0.43904893220017976,0.08106988842563728,0.18197259306907654,BEAR,3,NONE,,True,True,3283,856,2427,2.835280373831776,0.0,2023-12-05T00:00:00+0000,-0.04194107712946393
2023-10-07T00:00:00+0000,2023-10-08T00:00:00+0000,2022-12-31T23:59:59+0000,XGB_V3_1_Y2023_N3283_P856_SEED42,27956.67,0.05452298610004069,-0.002676372395021165,-0.009234858462321194,0.011695155431453497,-0.0012824831732135555,0.39636088957425225,0.08528359751110443,0.19009768962860107,BEAR,3,NONE,,True,True,3283,856,2427,2.835280373831776,0.0,2023-12-06T00:00:00+0000,-0.042817688945070986
2023-10-08T00:00:00+0000,2023-10-09T00:00:00+0000,2022-12-31T23:59:59+0000,XGB_V3_1_Y2023_N3283_P856_SEED42,27917.05,0.05158703775991902,-0.0042080809872975244,-0.005974307039446236,0.01121368481917906,-0.002697858753233473,0.3387181609552938,0.08897950426819652,0.289046049118042,BEAR,3,NONE,,True,True,3283,856,2427,2.835280373831776,0.0,2023-12-07T00:00:00+0000,-0.0414592516043063
2023-10-09T00:00:00+0000,2023-10-10T00:00:00+0000,2022-12-31T23:59:59+0000,XGB_V3_1_Y2023_N3283_P856_SEED42,27590.12,0.038177070440056804,-0.015745759024245132,-0.0030228703638567334,0.010201795842847305,-0.01437702933314089,0.1923652803047903,0.09025666821436736,0.3456835150718689,BEAR,3,NONE,,True,True,3283,856,2427,2.835280373831776,0.0,2023-12-08T00:00:00+0000,-0.030100992674189087
2023-10-10T00:00:00+0000,2023-10-11T00:00:00+0000,2022-12-31T23:59:59+0000,XGB_V3_1_Y2023_N3283_P856_SEED42,27390.12,0.02967249761244073,-0.02286937453420279,-0.0002271820790583634,0.009321147217531855,-0.021521782387254884,0.10475291425165505,0.09063208145983039,0.4424360990524292,BEAR,3,NONE,,True,True,3283,856,2427,2.835280373831776,0.0,2023-12-09T00:00:00+0000,-0.023018884181595367
2023-10-11T00:00:00+0000,2023-10-12T00:00:00+0000,2022-12-31T23:59:59+0000,XGB_V3_1_Y2023_N3283_P856_SEED42,26875.52,0.009705078648774235,-0.04112703366019266,0.0014710532244890384,0.008464125613177442,-0.03990523199549023,-0.11269820739189072,0.08902591419176119,0.48742806911468506,BEAR,3,NONE,,True,True,3283,856,2427,2.835280373831776,0.0,2023-12-10T00:00:00+0000,-0.004312102612340163
2023-10-12T00:00:00+0000,2023-10-13T00:00:00+0000,2022-12-31T23:59:59+0000,XGB_V3_1_Y2023_N3283_P856_SEED42,26759.63,0.0051042347692735746,-0.04505593319627077,0.0030827694352828505,0.007490895110167539,-0.044045259152696525,-0.16634689037868888,0.08793457125484766,0.4978364408016205,BEAR,3,NONE,,True,True,3283,856,2427,2.835280373831776,0.0,2023-12-11T00:00:00+0000,0.0034697789169730875
2023-10-13T00:00:00+0000,2023-10-14T00:00:00+0000,2022-12-31T23:59:59+0000,XGB_V3_1_Y2023_N3283_P856_SEED42,26862.0,0.008432692722667445,-0.04135778682752478,0.005114779985598172,0.006651379818394254,-0.040388217301948304,-0.13184383114624973,0.08630448355258584,0.46087655425071716,BEAR,3,NONE,,True,True,3283,856,2427,2.835280373831776,0.0,2023-12-12T00:00:00+0000,-0.00035440399076769324
2023-10-14T00:00:00+0000,2023-10-15T00:00:00+0000,2022-12-31T23:59:59+0000,XGB_V3_1_Y2023_N3283_P856_SEED42,26852.48,0.007475845905714484,-0.04162766032126808,0.006792819580726528,0.005757262097238813,-0.04072830754732415,-0.1578673190262364,0.0812484979146883,0.45316576957702637,BEAR,3,NONE,,True,True,3283,856,2427,2.835280373831776,0.0,2023-12-13T00:00:00+0000,0.011234344090378379
2023-10-15T00:00:00+0000,2023-10-16T00:00:00+0000,2022-12-31T23:59:59+0000,XGB_V3_1_Y2023_N3283_P856_SEED42,27154.15,0.017925870199791305,-0.03065435847247966,0.008657581535582715,0.004471545826884027,-0.029951519278151206,-0.04369248410952968,0.07535170722838286,0.4011199176311493,BEAR,3,NONE,,True,True,3283,856,2427,2.835280373831776,0.0,2023-12-14T00:00:00+0000,0.04293450540709243
2023-10-16T00:00:00+0000,2023-10-17T00:00:00+0000,2022-12-31T23:59:59+0000,XGB_V3_1_Y2023_N3283_P856_SEED42,28500.78,0.06648868293389842,0.01733172777317815,0.009473509208961728,0.003463992948350647,0.0,0.5427680450364645,0.07697381147531457,0.24135123193264008,BEAR,3,NONE,,True,True,3283,856,2427,2.835280373831776,0.0,2023-12-15T00:00:00+0000,-0.00634298429727187
2023-10-17T00:00:00+0000,2023-10-18T00:00:00+0000,2022-12-31T23:59:59+0000,XGB_V3_1_Y2023_N3283_P856_SEED42,28395.91,0.06075772484991537,0.013600970051614203,0.009741482771496557,0.00238928547442141,-0.003679548419376566,0.4488731796388704,0.07601777347748857,0.24530038237571716,BEAR,3,NONE,,True,True,3283,856,2427,2.835280373831776,0.0,2023-12-16T00:00:00+0000,-0.00267327231280845
2023-10-18T00:00:00+0000,2023-10-19T00:00:00+0000,2022-12-31T23:59:59+0000,XGB_V3_1_Y2023_N3283_P856_SEED42,28320.0,0.05744511596607027,0.010915286412718883,0.0088140291411547,0.0014653637095631833,-0.00634298429727187,0.3660726247737583,0.07901386559590544,0.25173404812812805,BEAR,3,NONE,,True,True,3283,856,2427,2.835280373831776,0.0,2023-12-17T00:00:00+0000,0.013902189265536657
2023-10-19T00:00:00+0000,2023-10-20T00:00:00+0000,2022-12-31T23:59:59+0000,XGB_V3_1_Y2023_N3283_P856_SEED42,28713.71,0.07101520189280586,0.024870108876327013,0.008814969263695627,0.001062369839462285,0.0,0.4719632307934699,0.0843631129950878,0.25004842877388,BEAR,3,NONE,,True,True,3283,856,2427,2.835280373831776,0.0,2023-12-18T00:00:00+0000,0.0332708660775638
2023-10-20T00:00:00+0000,2023-10-21T00:00:00+0000,2022-12-31T23:59:59+0000,XGB_V3_1_Y2023_N3283_P856_SEED42,29669.04,0.10357945731995066,0.05861531804487785,0.010659969586787943,0.0009863759879313871,0.0,0.6714558489055968,0.10301850183924598,0.26175257563591003,BEAR,3,NONE,,True,True,3283,856,2427,2.835280373831776,0.0,2023-12-19T00:00:00+0000,0.00811485642946308
2023-10-21T00:00:00+0000,2023-10-22T00:00:00+0000,2022-12-31T23:59:59+0000,XGB_V3_1_Y2023_N3283_P856_SEED42,29909.8,0.10914791564978632,0.066873823012229,0.013121907121854015,0.0006354777521029309,0.0,0.6032401255030803,0.12289951466508962,0.28870755434036255,BEAR,3,NONE,,True,True,3283,856,2427,2.835280373831776,0.0,2023-12-20T00:00:00+0000,0.002763642685674972
2023-10-22T00:00:00+0000,2023-10-23T00:00:00+0000,2022-12-31T23:59:59+0000,XGB_V3_1_Y2023_N3283_P856_SEED42,29992.46,0.10882260779202713,0.06947466831451865,0.015970305475007107,0.0005150935220519237,0.0,0.5212319578593998,0.13870366327333472,0.28287473320961,BEAR,3,NONE,,True,True,3283,856,2427,2.835280373831776,0.0,2023-12-21T00:00:00+0000,0.10261012267749958
2023-10-23T00:00:00+0000,2023-10-24T00:00:00+0000,2022-12-31T23:59:59+0000,XGB_V3_1_Y2023_N3283_P856_SEED42,33069.99,0.21621530673073308,0.17815572718550055,0.020780042922547537,0.0014078611485814907,0.0,0.8220242897084414,0.2074349978805656,0.30315807461738586,BEAR,3,NONE,,True,True,3283,856,2427,2.835280373831776,0.0,2023-12-22T00:00:00+0000,0.024857279968938606
2023-10-24T00:00:00+0000,2023-10-25T00:00:00+0000,2022-12-31T23:59:59+0000,XGB_V3_1_Y2023_N3283_P856_SEED42,33922.73,0.24019063296224585,0.20724174509412752,0.02624862884320578,0.0023253293566640743,0.0,0.7019202420175201,0.26752880505100535,0.29300862550735474,BEAR,3,NONE,,True,True,3283,856,2427,2.835280373831776,0.0,2023-12-23T00:00:00+0000,-0.0009052927049210124
2023-10-25T00:00:00+0000,2023-10-26T00:00:00+0000,2022-12-31T23:59:59+0000,XGB_V3_1_Y2023_N3283_P856_SEED42,34496.05,0.25317533775725587,0.22621421664716124,0.03189965773003367,0.0035955952679487257,0.0,0.610857087810315,0.3160451841257004,0.2544107139110565,BEAR,3,NONE,,True,True,3283,856,2427,2.835280373831776,0.0,2023-12-24T00:00:00+0000,-0.01751012072396707
2023-10-26T00:00:00+0000,2023-10-27T00:00:00+0000,2022-12-31T23:59:59+0000,XGB_V3_1_Y2023_N3283_P856_SEED42,34151.66,0.23314570353706499,0.212716213150959,0.036327277544744074,0.004596765841328843,-0.009983461874620403,0.4851296890758123,0.34748886130487233,0.2490919828414917,BEAR,3,NONE,,True,True,3283,856,2427,2.835280373831776,0.0,2023-12-25T00:00:00+0000,-0.007602558704320916
2023-10-27T00:00:00+0000,2023-10-28T00:00:00+0000,2022-12-31T23:59:59+0000,XGB_V3_1_Y2023_N3283_P856_SEED42,33892.02,0.21705839414863148,0.20258801670927862,0.04027090036105552,0.005382334511669029,-0.01751012072396707,0.4025535017934939,0.36774036853605513,0.26231035590171814,BEAR,3,NONE,,True,True,3283,856,2427,2.835280373831776,0.0,2023-12-26T00:00:00+0000,0.005575943835746777
2023-10-28T00:00:00+0000,2023-10-29T00:00:00+0000,2022-12-31T23:59:59+0000,XGB_V3_1_Y2023_N3283_P856_SEED42,34081.0,0.2167049777067489,0.208461588400763,0.04590353565959959,0.005954995868177271,-0.012031812337934378,0.3715433422211041,0.3835599135441039,0.2607000470161438,BEAR,3,NONE,,True,True,3283,856,2427,2.835280373831776,0.0,2023-12-27T00:00:00+0000,0.011552771338869228
2023-10-29T00:00:00+0000,2023-10-30T00:00:00+0000,2022-12-31T23:59:59+0000,XGB_V3_1_Y2023_N3283_P856_SEED42,34525.89,0.22504414338541956,0.2232309234783043,0.0512341711742772,0.006908799719766323,0.0,0.364186243730716,0.39573797614940837,0.26346060633659363,BEAR,3,NONE,,True,True,3283,856,2427,2.835280373831776,0.0,2023-12-28T00:00:00+0000,-0.0014817865665446295
2023-10-30T00:00:00+0000,2023-10-31T00:00:00+0000,2022-12-31T23:59:59+0000,XGB_V3_1_Y2023_N3283_P856_SEED42,34474.73,0.21578054385211431,0.22053168890356822,0.05474092654440854,0.0076518446535569495,-0.0014817865665446295,0.3228988926332367,0.4000390498418357,0.2601272463798523,BEAR,3,NONE,,True,True,3283,856,2427,2.835280373831776,0.0,2023-12-29T00:00:00+0000,0.004787274621149917
2023-10-31T00:00:00+0000,2023-11-01T00:00:00+0000,2022-12-31T23:59:59+0000,XGB_V3_1_Y2023_N3283_P856_SEED42,34639.77,0.21348929259192984,0.22546949285322326,0.05855885515649173,0.008501838304978193,0.0,0.3042142262554934,0.3955514852969626,0.26633739471435547,BEAR,3,NONE,,True,True,3283,856,2427,2.835280373831776,0.0,2023-12-30T00:00:00+0000,0.0022231671861563385
2023-11-01T00:00:00+0000,2023-11-02T00:00:00+0000,2022-12-31T23:59:59+0000,XGB_V3_1_Y2023_N3283_P856_SEED42,35421.43,0.2325977242111923,0.2519874077984683,0.06241626885480622,0.009633982578425071,0.0,0.33341412151253763,0.38926968194734585,0.26346060633659363,BEAR,3,NONE,,True,True,3283,856,2427,2.835280373831776,0.0,2023-12-31T00:00:00+0000,-0.019893324464879125
2023-11-02T00:00:00+0000,2023-11-03T00:00:00+0000,2022-12-31T23:59:59+0000,XGB_V3_1_Y2023_N3283_P856_SEED42,34941.59,0.20856603137240692,0.23401598876792828,0.06328253705164077,0.010508755708619866,-0.013546601591183705,0.26871590401031326,0.37327747771249126,0.2659008204936981,BEAR,3,NONE,,True,True,3283,856,2427,2.835280373831776,0.0,2024-01-01T00:00:00+0000,-0.006433880083877019
2023-11-03T00:00:00+0000,2023-11-04T00:00:00+0000,2022-12-31T23:59:59+0000,XGB_V3_1_Y2023_N3283_P856_SEED42,34716.78,0.1940221322898925,0.22493299538418499,0.06297906551200927,0.011525820304608247,-0.019893324464879125,0.22888177392845355,0.3488931653316947,0.32484114170074463,BEAR,3,NONE,,True,True,3283,856,2427,2.835280373831776,0.0,2024-01-02T00:00:00+0000,0.008500212289273223
2023-11-04T00:00:00+0000,2023-11-05T00:00:00+0000,2022-12-31T23:59:59+0000,XGB_V3_1_Y2023_N3283_P856_SEED42,35062.07,0.19891915168340435,0.23609505568217792,0.06240504792941892,0.012577172372875589,-0.010145270814871155,0.23985555770243783,0.32246701915994436,0.3025226891040802,BEAR,3,NONE,,True,True,3283,856,2427,2.835280373831776,0.0,2024-01-03T00:00:00+0000,-0.0014314614054447006
2023-11-05T00:00:00+0000,2023-11-06T00:00:00+0000,2022-12-31T23:59:59+0000,XGB_V3_1_Y2023_N3283_P856_SEED42,35011.88,0.19032248861016687,0.2329749164529149,0.0620705548637519,0.013601006712502972,-0.011562209656696631,0.21390278552156827,0.30456997324735924,0.34346848726272583,BEAR,3,NONE,,True,True,3283,856,2427,2.835280373831776,0.0,2024-01-04T00:00:00+0000,0.00097709691681791
2023-11-06T00:00:00+0000,2023-11-07T00:00:00+0000,2022-12-31T23:59:59+0000,XGB_V3_1_Y2023_N3283_P856_SEED42,35046.09,0.18462392515581083,0.23270315723148527,0.06236323901493046,0.014827646712302744,-0.010596410139285806,0.19848985127411,0.27967084947365034,0.3404657244682312,BEAR,3,NONE,,True,True,3283,856,2427,2.835280373831776,0.0,2024-01-05T00:00:00+0000,0.010073306323187703
2023-11-07T00:00:00+0000,2023-11-08T00:00:00+0000,2022-12-31T23:59:59+0000,XGB_V3_1_Y2023_N3283_P856_SEED42,35399.12,0.18961125246441335,0.24334143377535833,0.062332230481658035,0.016303857547072198,-0.0006298447013572961,0.22176648739003574,0.24755180886078304,0.3400569558143616,BEAR,3,NONE,,True,True,3283,856,2427,2.835280373831776,0.0,2024-01-06T00:00:00+0000,0.004295869501840688
2023-11-08T00:00:00+0000,2023-11-09T00:00:00+0000,2022-12-31T23:59:59+0000,XGB_V3_1_Y2023_N3283_P856_SEED42,35624.72,0.1904600788597699,0.2495519137385216,0.06180185371917202,0.0175990024744328,0.0,0.2394074806566945,0.21219484099704622,0.2109699696302414,BEAR,3,NONE,,True,True,3283,856,2427,2.835280373831776,0.0,2024-01-07T00:00:00+0000,-0.0020640162224432324
2023-11-09T00:00:00+0000,2023-11-10T00:00:00+0000,2022-12-31T23:59:59+0000,XGB_V3_1_Y2023_N3283_P856_SEED42,36701.09,0.21862953897631976,0.2852525010515994,0.06209062964305723,0.018885038120946884,0.0,0.3789289916127774,0.18852655997079826,0.18414662778377533,BEAR,3,NONE,,True,True,3283,856,2427,2.835280373831776,0.0,2024-01-08T00:00:00+0000,-0.03133149451419548
2023-11-10T00:00:00+0000,2023-11-11T00:00:00+0000,2022-12-31T23:59:59+0000,XGB_V3_1_Y2023_N3283_P856_SEED42,37301.63,0.22980396535169145,0.3040475282668704,0.06255854888249335,0.02031422133927907,0.0,0.47452175158538784,0.16299751230444573,0.17876674234867096,BEAR,3,NONE,,True,True,3283,856,2427,2.835280373831776,0.0,2024-01-09T00:00:00+0000,-0.04692663564568078
2023-11-11T00:00:00+0000,2023-11-12T00:00:00+0000,2022-12-31T23:59:59+0000,XGB_V3_1_Y2023_N3283_P856_SEED42,37130.0,0.21568864498806684,0.29604720141775487,0.06281545328687765,0.021556860090358176,-0.004601139414014854,0.5112132873908997,0.12020062605313385,0.11169201135635376,BEAR,3,NONE,,True,True,3283,856,2427,2.835280373831776,0.0,2024-01-10T00:00:00+0000,-0.04252114193374623
2023-11-12T00:00:00+0000,2023-11-13T00:00:00+0000,2022-12-31T23:59:59+0000,XGB_V3_1_Y2023_N3283_P856_SEED42,37064.13,0.20525434159290823,0.29179803849220853,0.0636599963567579,0.02218104874876592,-0.006367013988396786,0.4491324154982169,0.11923052122277873,0.11383793503046036,BEAR,3,NONE,,True,True,3283,856,2427,2.835280373831776,0.0,2024-01-11T00:00:00+0000,-0.04081952011284218
2023-11-13T00:00:00+0000,2023-11-14T00:00:00+0000,2022-12-31T23:59:59+0000,XGB_V3_1_Y2023_N3283_P856_SEED42,36462.93,0.1778796395610962,0.26929819832499224,0.06469101371535912,0.022330573453343217,-0.022484272135024574,0.2771580845394192,0.11810119810939722,0.19708110392093658,BEAR,3,NONE,,True,True,3283,856,2427,2.835280373831776,0.0,2024-01-12T00:00:00+0000,-0.025004573137704433
2023-11-14T00:00:00+0000,2023-11-15T00:00:00+0000,2022-12-31T23:59:59+0000,XGB_V3_1_Y2023_N3283_P856_SEED42,35551.19,0.14160752058538462,0.23621740235123956,0.06485301903564,0.02224799597036231,-0.04692663564568078,0.04656023028881438,0.11613677699950742,0.18834112584590912,BEAR,3,NONE,,True,True,3283,856,2427,2.835280373831776,0.0,2024-01-13T00:00:00+0000,0.0053573452815502964
2023-11-15T00:00:00+0000,2023-11-16T00:00:00+0000,2022-12-31T23:59:59+0000,XGB_V3_1_Y2023_N3283_P856_SEED42,37858.2,0.2066715317454293,0.31446701549370415,0.06664549110197893,0.022722084755773198,0.0,0.5153842533538826,0.12625277336565782,0.12296795099973679,BEAR,3,NONE,,True,True,3283,856,2427,2.835280373831776,0.0,2024-01-14T00:00:00+0000,-0.05590730673935884
2023-11-16T00:00:00+0000,2023-11-17T00:00:00+0000,2022-12-31T23:59:59+0000,XGB_V3_1_Y2023_N3283_P856_SEED42,36163.51,0.14550662823493288,0.2541171585775006,0.06712156703486527,0.023179627285364823,-0.044764146208747246,0.11876908171381445,0.11915037744086286,0.23435769975185394,BEAR,3,NONE,,True,True,3283,856,2427,2.835280373831776,0.0,2024-01-15T00:00:00+0000,-0.01166534996188151
2023-11-17T00:00:00+0000,2023-11-18T00:00:00+0000,2022-12-31T23:59:59+0000,XGB_V3_1_Y2023_N3283_P856_SEED42,36613.92,0.15276831836892124,0.2678582772565943,0.06737442768110569,0.023990763752298028,-0.032866855793460825,0.203729151288485,0.1136245929864844,0.1829560548067093,BEAR,3,NONE,,True,True,3283,856,2427,2.835280373831776,0.0,2024-01-16T00:00:00+0000,-0.023823452938117384
2023-11-18T00:00:00+0000,2023-11-19T00:00:00+0000,2022-12-31T23:59:59+0000,XGB_V3_1_Y2023_N3283_P856_SEED42,36568.1,0.14436395315728823,0.26454238132649466,0.06782873459251015,0.02454862684716952,-0.03407716161888308,0.1723527144236982,0.11001121777238944,0.1829560548067093,BEAR,3,NONE,,True,True,3283,856,2427,2.835280373831776,0.0,2024-01-17T00:00:00+0000,-0.022600299167853888
2023-11-19T00:00:00+0000,2023-11-20T00:00:00+0000,2022-12-31T23:59:59+0000,XGB_V3_1_Y2023_N3283_P856_SEED42,37359.86,0.1615823649148178,0.2900629474865428,0.06794274175852699,0.02528009107124718,-0.013163330533411455,0.33849474654544737,0.10887940221972983,0.09639319777488708,BEAR,3,NONE,,True,True,3283,856,2427,2.835280373831776,0.0,2024-01-18T00:00:00+0000,-0.04331413447480792
2023-11-20T00:00:00+0000,2023-11-21T00:00:00+0000,2022-12-31T23:59:59+0000,XGB_V3_1_Y2023_N3283_P856_SEED42,37448.78,0.1575404748062399,0.2912138302781353,0.06661961833524721,0.026046419702275614,-0.010814565932875775,0.32814323426207087,0.10753664228168382,0.09639319777488708,BEAR,3,NONE,,True,True,3283,856,2427,2.835280373831776,0.0,2024-01-19T00:00:00+0000,-0.04558573069670091
2023-11-21T00:00:00+0000,2023-11-22T00:00:00+0000,2022-12-31T23:59:59+0000,XGB_V3_1_Y2023_N3283_P856_SEED42,35741.65,0.09916916857060598,0.23102945343270775,0.06465150083131443,0.026218936954995442,-0.05590730673935884,-0.11602262226541858,0.10639372542454212,0.18274174630641937,BEAR,3,NONE,,True,True,3283,856,2427,2.835280373831776,0.0,2024-01-20T00:00:00+0000,0.04199722172871123
2023-11-22T00:00:00+0000,2023-11-23T00:00:00+0000,2022-12-31T23:59:59+0000,XGB_V3_1_Y2023_N3283_P856_SEED42,37408.34,0.14340525069366294,0.28653775235110346,0.06388123471097429,0.026890238010068623,-0.011882762519084378,0.2877154003599975,0.10496743777480023,0.1021089106798172,BEAR,3,NONE,,True,True,3283,856,2427,2.835280373831776,0.0,2024-01-21T00:00:00+0000,-0.004427889609643132
2023-11-23T00:00:00+0000,2023-11-24T00:00:00+0000,2022-12-31T23:59:59+0000,XGB_V3_1_Y2023_N3283_P856_SEED42,37294.28,0.1333263297407863,0.28066295138353503,0.06300816326459402,0.02749632461318896,-0.014895584047841637,0.23677985693594944,0.09894141347049892,0.10814987868070602,BEAR,3,NONE,,True,True,3283,856,2427,2.835280373831776,0.0,2024-01-22T00:00:00+0000,-0.0013830539160429867
2023-11-24T00:00:00+0000,2023-11-25T00:00:00+0000,2022-12-31T23:59:59+0000,XGB_V3_1_Y2023_N3283_P856_SEED42,37713.57,0.13893599310283866,0.29283142323859845,0.0633127118498149,0.028418930935313558,-0.003820308414029139,0.3226309200937133,0.09664884482270246,0.09229100495576859,BEAR,3,NONE,,True,True,3283,856,2427,2.835280373831776,0.0,2024-01-23T00:00:00+0000,-0.012485426333280092
2023-11-25T00:00:00+0000,2023-11-26T00:00:00+0000,2022-12-31T23:59:59+0000,XGB_V3_1_Y2023_N3283_P856_SEED42,37780.67,0.13421486023157225,0.2928818403317568,0.06170393742063274,0.02908116641967995,-0.002047905077367629,0.3165752792432286,0.09198784186670911,0.09229100495576859,BEAR,3,NONE,,True,True,3283,856,2427,2.835280373831776,0.0,2024-01-24T00:00:00+0000,-0.014239292209481724
2023-11-26T00:00:00+0000,2023-11-27T00:00:00+0000,2022-12-31T23:59:59+0000,XGB_V3_1_Y2023_N3283_P856_SEED42,37447.43,0.11784069198711489,0.2793222833947073,0.06113131975263464,0.02958211428076485,-0.01085022531446278,0.2009752322958242,0.08318740226109833,0.07886134088039398,BEAR,3,NONE,,True,True,3283,856,2427,2.835280373831776,0.0,2024-01-25T00:00:00+0000,-0.005467130855174918
2023-11-27T00:00:00+0000,2023-11-28T00:00:00+0000,2022-12-31T23:59:59+0000,XGB_V3_1_Y2023_N3283_P856_SEED42,37242.7,0.10557393170145413,0.27009906915632254,0.06059401657215613,0.029915280401923594,-0.016258036568035483,0.11457552778501648,0.07537167794504307,0.08025665581226349,BEAR,3,NONE,,True,True,3283,856,2427,2.835280373831776,0.0,2024-01-26T00:00:00+0000,0.012922263960454039
2023-11-28T00:00:00+0000,2023-11-29T00:00:00+0000,2022-12-31T23:59:59+0000,XGB_V3_1_Y2023_N3283_P856_SEED42,37818.87,0.1159011117309634,0.28732851304717943,0.06058287759443082,0.030438327719229274,-0.0010388766502368307,0.30020526328868324,0.0706378132482657,0.06817532330751419,BEAR,3,NONE,,True,True,3283,856,2427,2.835280373831776,0.0,2024-01-27T00:00:00+0000,-0.0025095937557099157
2023-11-29T00:00:00+0000,2023-11-30T00:00:00+0000,2022-12-31T23:59:59+0000,XGB_V3_1_Y2023_N3283_P856_SEED42,37854.64,0.11010121714995091,0.286120900791881,0.060232984820629776,0.030734515678221053,-9.403510996286446e-05,0.28370311801001374,0.07254847806271328,0.07158373296260834,BEAR,3,NONE,,True,True,3283,856,2427,2.835280373831776,0.0,2024-01-28T00:00:00+0000,-0.0034521527611939273
2023-11-30T00:00:00+0000,2023-12-01T00:00:00+0000,2022-12-31T23:59:59+0000,XGB_V3_1_Y2023_N3283_P856_SEED42,37723.96,0.09927463474475107,0.2793324924052143,0.060741549098142444,0.030859448386339583,-0.003545863247592318,0.2230548209255004,0.07388465541584166,0.07380334287881851,BEAR,3,NONE,,True,True,3283,856,2427,2.835280373831776,0.0,2024-01-29T00:00:00+0000,0.025409845625962824
2023-12-01T00:00:00+0000,2023-12-02T00:00:00+0000,2022-12-31T23:59:59+0000,XGB_V3_1_Y2023_N3283_P856_SEED42,38682.52,0.11942851607098848,0.30928251170988985,0.06269425626543335,0.03128158095153655,0.0,0.48696211927985883,0.08241573798413923,0.06718111783266068,BEAR,3,NONE,,True,True,3283,856,2427,2.835280373831776,0.0,2024-01-30T00:00:00+0000,0.019849534104810163
2023-12-02T00:00:00+0000,2023-12-03T00:00:00+0000,2022-12-31T23:59:59+0000,XGB_V3_1_Y2023_N3283_P856_SEED42,39450.35,0.13339093072473274,0.33247123715783133,0.06390505631531451,0.03189100757859897,0.0,0.5883874510484892,0.09753309161447435,0.087965227663517,BEAR,3,NONE,,True,True,3283,856,2427,2.835280373831776,0.0,2024-01-31T00:00:00+0000,0.002982736528319707
2023-12-03T00:00:00+0000,2023-12-04T00:00:00+0000,2022-12-31T23:59:59+0000,XGB_V3_1_Y2023_N3283_P856_SEED42,39972.26,0.13979283404827525,0.3472400393144681,0.06572593042053376,0.03282281320091962,0.0,0.5887880139195942,0.1127075781916575,0.09180634468793869,BEAR,3,NONE,,True,True,3283,856,2427,2.835280373831776,0.0,2024-02-01T00:00:00+0000,-0.010113013374775548
2023-12-04T00:00:00+0000,2023-12-05T00:00:00+0000,2022-12-31T23:59:59+0000,XGB_V3_1_Y2023_N3283_P856_SEED42,41991.1,0.18731291970157748,0.41167490828391884,0.0680552788346358,0.034339872823879736,0.0,0.7711219530439856,0.14352820806037309,0.1365756094455719,BEAR,3,NONE,,True,True,3283,856,2427,2.835280373831776,0.0,2024-02-02T00:00:00+0000,-0.057704608833776705
2023-12-05T00:00:00+0000,2023-12-06T00:00:00+0000,2022-12-31T23:59:59+0000,XGB_V3_1_Y2023_N3283_P856_SEED42,44073.32,0.2353098057027314,0.4774061470547335,0.07108899105127553,0.03577541025781228,0.0,0.773328192798206,0.20204775450118662,0.17708469927310944,BEAR,3,NONE,,True,True,3283,856,2427,2.835280373831776,0.0,2024-02-03T00:00:00+0000,-0.10222284139247972
2023-12-06T00:00:00+0000,2023-12-07T00:00:00+0000,2022-12-31T23:59:59+0000,XGB_V3_1_Y2023_N3283_P856_SEED42,43762.69,0.21612739011727822,0.4629083378341492,0.0741942828933555,0.0374195497642098,-0.007048028149456376,0.5907272734737526,0.23152566436702124,0.16200223565101624,BEAR,3,NONE,,True,True,3283,856,2427,2.835280373831776,0.0,2024-02-04T00:00:00+0000,-0.09585036934429769
2023-12-07T00:00:00+0000,2023-12-08T00:00:00+0000,2022-12-31T23:59:59+0000,XGB_V3_1_Y2023_N3283_P856_SEED42,43273.14,0.19261178274691426,0.4425591148590182,0.0771246014151672,0.038745780284164866,-0.018155655167343854,0.4604963797405666,0.24845718512848522,0.18393534421920776,BEAR,3,NONE,,True,True,3283,856,2427,2.835280373831776,0.0,2024-02-05T00:00:00+0000,-0.0856217043644164
2023-12-08T00:00:00+0000,2023-12-09T00:00:00+0000,2022-12-31T23:59:59+0000,XGB_V3_1_Y2023_N3283_P856_SEED42,44170.99,0.20707225848635025,0.4682508335880402,0.07974456396076879,0.04032221031333938,0.0,0.47406157492087325,0.26685904041175285,0.10466647893190384,BEAR,3,NONE,,True,True,3283,856,2427,2.835280373831776,0.0,2024-02-06T00:00:00+0000,-0.10420798809354292
2023-12-09T00:00:00+0000,2023-12-10T00:00:00+0000,2022-12-31T23:59:59+0000,XGB_V3_1_Y2023_N3283_P856_SEED42,43713.6,0.18547336275502269,0.4490747466670031,0.08135485002775544,0.04167309650295925,-0.010354986383596998,0.3799286642204411,0.27869099535166664,0.11362829804420471,BEAR,3,NONE,,True,True,3283,856,2427,2.835280373831776,0.0,2024-02-07T00:00:00+0000,-0.09483501701987485
2023-12-10T00:00:00+0000,2023-12-11T00:00:00+0000,2022-12-31T23:59:59+0000,XGB_V3_1_Y2023_N3283_P856_SEED42,43789.51,0.1786589065128168,0.44740230406879333,0.08260710874070365,0.0431369305245799,-0.00863643762569044,0.34485248955066566,0.2870463599426682,0.11614371091127396,BEAR,3,NONE,,True,True,3283,856,2427,2.835280373831776,0.0,2024-02-08T00:00:00+0000,-0.09640413879945231
2023-12-11T00:00:00+0000,2023-12-12T00:00:00+0000,2022-12-31T23:59:59+0000,XGB_V3_1_Y2023_N3283_P856_SEED42,41253.4,0.10370502100518664,0.36025210974736543,0.08165394014151639,0.04456191159329914,-0.06605217587380308,0.10438454092406162,0.2704234632865294,0.14442124962806702,BEAR,3,NONE,,True,True,3283,856,2427,2.835280373831776,0.0,2024-02-09T00:00:00+0000,-0.040854329582531546
2023-12-12T00:00:00+0000,2023-12-13T00:00:00+0000,2022-12-31T23:59:59+0000,XGB_V3_1_Y2023_N3283_P856_SEED42,41492.39,0.10511858299411303,0.36480525638626693,0.07866960701769199,0.045566988375505435,-0.06064161115700595,0.10997503425879461,0.2632212104778204,0.1076871007680893,BEAR,3,NONE,,True,True,3283,856,2427,2.835280373831776,0.0,2024-02-10T00:00:00+0000,-0.04637886610050668
2023-12-13T00:00:00+0000,2023-12-14T00:00:00+0000,2022-12-31T23:59:59+0000,XGB_V3_1_Y2023_N3283_P856_SEED42,42869.03,0.13636891987452948,0.40638273047593887,0.07570089090147447,0.04672537046629577,-0.029475454364957576,0.21671913217093022,0.25742276740952313,0.15293437242507935,BEAR,3,NONE,,True,True,3283,856,2427,2.835280373831776,0.0,2024-02-11T00:00:00+0000,-0.0770022088206802
2023-12-14T00:00:00+0000,2023-12-15T00:00:00+0000,2022-12-31T23:59:59+0000,XGB_V3_1_Y2023_N3283_P856_SEED42,43022.26,0.13529890274559864,0.40795528479901066,0.07149696302981434,0.04748692965660317,-0.0260064354455265,0.2090008114125878,0.25205958200638495,0.1728494018316269,BEAR,3,NONE,,True,True,3283,856,2427,2.835280373831776,0.0,2024-02-12T00:00:00+0000,-0.08028959891925724
2023-12-15T00:00:00+0000,2023-12-16T00:00:00+0000,2022-12-31T23:59:59+0000,XGB_V3_1_Y2023_N3283_P856_SEED42,41940.3,0.10221664325765212,0.3693641660263096,0.06650940650489412,0.04809766582005914,-0.05050124527433042,0.08686772405645596,0.2418744665356551,0.1842905730009079,BEAR,3,NONE,,True,True,3283,856,2427,2.835280373831776,0.0,2024-02-13T00:00:00+0000,-0.05656325777354965
2023-12-16T00:00:00+0000,2023-12-17T00:00:00+0000,2022-12-31T23:59:59+0000,XGB_V3_1_Y2023_N3283_P856_SEED42,42278.03,0.10621642481288718,0.3771125275296703,0.062061585374048045,0.04882555475319417,-0.0428552767325342,0.10203075357310555,0.22754417981759786,0.18419960141181946,BEAR,3,NONE,,True,True,3283,856,2427,2.835280373831776,0.0,2024-02-14T00:00:00+0000,-0.06409972271650322
2023-12-17T00:00:00+0000,2023-12-18T00:00:00+0000,2022-12-31T23:59:59+0000,XGB_V3_1_Y2023_N3283_P856_SEED42,41374.65,0.07846294997621395,0.3445851794434134,0.05732813624934119,0.04940336399922218,-0.06330716155558203,-0.017468739569241533,0.20774941815868364,0.18602557480335236,BEAR,3,NONE,,True,True,3283,856,2427,2.835280373831776,0.0,2024-02-15T00:00:00+0000,-0.04366514278670641
2023-12-18T00:00:00+0000,2023-12-19T00:00:00+0000,2022-12-31T23:59:59+0000,XGB_V3_1_Y2023_N3283_P856_SEED42,42657.8,0.10721545780318986,0.3827258674964005,0.05284017599981605,0.05013034071547362,-0.0342575522984655,0.11173108956700853,0.1908204793555673,0.18060238659381866,BEAR,3,NONE,,True,True,3283,856,2427,2.835280373831776,0.0,2024-02-16T00:00:00+0000,-0.07243177097740638
2023-12-19T00:00:00+0000,2023-12-20T00:00:00+0000,2022-12-31T23:59:59+0000,XGB_V3_1_Y2023_N3283_P856_SEED42,42275.99,0.09287939992313854,0.3670190056914613,0.04905141195036644,0.05070768689904126,-0.04290146089096036,0.0403947042840675,0.1695797516247906,0.18419960141181946,BEAR,3,NONE,,True,True,3283,856,2427,2.835280373831776,0.0,2024-02-17T00:00:00+0000,-0.06405456146621291
2023-12-20T00:00:00+0000,2023-12-21T00:00:00+0000,2022-12-31T23:59:59+0000,XGB_V3_1_Y2023_N3283_P856_SEED42,43668.93,0.12364291705589658,0.4082809857138423,0.04607371351224576,0.05159712396838434,-0.011366283617369577,0.2274239740878508,0.14384436026130526,0.11342845857143402,BEAR,3,NONE,,True,True,3283,856,2427,2.835280373831776,0.0,2024-02-18T00:00:00+0000,-0.09390910196334101
2023-12-21T00:00:00+0000,2023-12-22T00:00:00+0000,2022-12-31T23:59:59+0000,XGB_V3_1_Y2023_N3283_P856_SEED42,43861.8,0.1237246632776563,0.4106915572687455,0.04428684687083417,0.05238098236767419,-0.006999843109697035,0.2510656902984935,0.12331835634404399,0.10430504381656647,BEAR,3,NONE,,True,True,3283,856,2427,2.835280373831776,0.0,2024-02-19T00:00:00+0000,-0.09789338330848274
2023-12-22T00:00:00+0000,2023-12-23T00:00:00+0000,2022-12-31T23:59:59+0000,XGB_V3_1_Y2023_N3283_P856_SEED42,43969.04,0.12128549239974973,0.41000462614756605,0.04441045559345169,0.05325475504354893,-0.004572005291255565,0.26359952343810467,0.1063063729543972,0.07338555157184601,BEAR,3,NONE,,True,True,3283,856,2427,2.835280373831776,0.0,2024-02-20T00:00:00+0000,-0.10009361132287642
2023-12-23T00:00:00+0000,2023-12-24T00:00:00+0000,2022-12-31T23:59:59+0000,XGB_V3_1_Y2023_N3283_P856_SEED42,43702.16,0.10939540436197492,0.39775461467786544,0.04422053732565967,0.053800124883135236,-0.010613979899476877,0.1953711248519602,0.08878740422273688,0.07378982752561569,BEAR,3,NONE,,True,True,3283,856,2427,2.835280373831776,0.0,2024-02-21T00:00:00+0000,-0.09459807020980215
2023-12-24T00:00:00+0000,2023-12-25T00:00:00+0000,2022-12-31T23:59:59+0000,XGB_V3_1_Y2023_N3283_P856_SEED42,42991.5,0.08697904611139506,0.37137316829981226,0.04370658501472757,0.05391210817842351,-0.026702820108854164,-0.004185443505542393,0.08625666582085206,0.10183276981115341,BEAR,3,NONE,,True,True,3283,856,2427,2.835280373831776,0.0,2024-02-22T00:00:00+0000,-0.07963155507484043
2023-12-25T00:00:00+0000,2023-12-26T00:00:00+0000,2022-12-31T23:59:59+0000,XGB_V3_1_Y2023_N3283_P856_SEED42,43576.13,0.09700976763244484,0.3862463143664634,0.043935328886584024,0.053737384773075325,-0.013467210039892707,0.16409897341103644,0.08421030120753666,0.05897735059261322,BEAR,3,NONE,,True,True,3283,856,2427,2.835280373831776,0.0,2024-02-23T00:00:00+0000,-0.09197948509883735
2023-12-26T00:00:00+0000,2023-12-27T00:00:00+0000,2022-12-31T23:59:59+0000,XGB_V3_1_Y2023_N3283_P856_SEED42,42508.93,0.0661374966956052,0.34885701750642806,0.04325942107929581,0.05348259182320714,-0.03762786389890738,-0.11506703861102746,0.08313035230962515,0.10062204301357269,BEAR,3,NONE,,True,True,3283,856,2427,2.835280373831776,0.0,2024-02-24T00:00:00+0000,-0.06918334571112483
2023-12-27T00:00:00+0000,2023-12-28T00:00:00+0000,2022-12-31T23:59:59+0000,XGB_V3_1_Y2023_N3283_P856_SEED42,43428.85,0.08483990436489597,0.37421255741033344,0.043478666135939203,0.053512337806695065,-0.01680152516391409,0.13999779131292606,0.08346234349606131,0.06069726124405861,BEAR,3,NONE,,True,True,3283,856,2427,2.835280373831776,0.0,2024-02-25T00:00:00+0000,-0.08890012054199004
2023-12-28T00:00:00+0000,2023-12-29T00:00:00+0000,2022-12-31T23:59:59+0000,XGB_V3_1_Y2023_N3283_P856_SEED42,42563.76,0.05955704032674336,0.34330253279015666,0.04267588854612825,0.05324468208899469,-0.03638655144473768,-0.08312853589057759,0.07949434978152814,0.0969865471124649,BEAR,3,NONE,,True,True,3283,856,2427,2.835280373831776,0.0,2024-02-26T00:00:00+0000,-0.07038240982469601
2023-12-29T00:00:00+0000,2023-12-30T00:00:00+0000,2022-12-31T23:59:59+0000,XGB_V3_1_Y2023_N3283_P856_SEED42,42066.95,0.0443996422635875,0.3242460883929348,0.04124460514753747,0.05304405476159069,-0.04763397877204023,-0.20681066685649174,0.07887914319021534,0.09911981225013733,BEAR,3,NONE,,True,True,3283,856,2427,2.835280373831776,0.0,2024-02-27T00:00:00+0000,-0.05940364110067409
2023-12-30T00:00:00+0000,2023-12-31T00:00:00+0000,2022-12-31T23:59:59+0000,XGB_V3_1_Y2023_N3283_P856_SEED42,42140.28,0.043712597461465164,0.32317932974259467,0.038896443123216384,0.052683663467325115,-0.045973839390966775,-0.16532328099931182,0.07678605569733676,0.09636228531599045,BEAR,3,NONE,,True,True,3283,856,2427,2.835280373831776,0.0,2024-02-28T00:00:00+0000,-0.06104041074240618
2023-12-31T00:00:00+0000,2024-01-01T00:00:00+0000,2023-12-31T23:59:59+0000,XGB_V3_1_Y2024_N3648_P858_SEED42,42283.58,0.04459511351615997,0.32411265697708913,0.037044094970339,0.05294690842543526,-0.04272962865446295,-0.14843015916104393,0.07095081187299604,0.06454715132713318,BEAR,3,NONE,,True,True,3648,858,2790,3.2517482517482517,0.0,2024-02-29T00:00:00+0000,-0.06422256582815378
2024-01-01T00:00:00+0000,2024-01-02T00:00:00+0000,2023-12-31T23:59:59+0000,XGB_V3_1_Y2024_N3648_P858_SEED42,44179.55,0.08761045506897336,0.3794717180250655,0.035898332066587324,0.053442224945586814,0.0,0.4290646469152671,0.0713078082439202,0.038267508149147034,BEAR,3,NONE,,True,True,3648,858,2790,3.2517482517482517,0.0,2024-03-01T00:00:00+0000,-0.10438155209819944
2024-01-02T00:00:00+0000,2024-01-03T00:00:00+0000,2023-12-31T23:59:59+0000,XGB_V3_1_Y2024_N3648_P858_SEED42,44946.91,0.1018984812108148,0.39936795621882104,0.035480001435187036,0.0537262120290829,0.0,0.5557647083785965,0.08269907983204555,0.03796059265732765,BEAR,3,NONE,,True,True,3648,858,2790,3.2517482517482517,0.0,2024-03-02T00:00:00+0000,-0.11967207534400037
2024-01-03T00:00:00+0000,2024-01-04T00:00:00+0000,2023-12-31T23:59:59+0000,XGB_V3_1_Y2024_N3648_P858_SEED42,42845.23,0.04663150840749242,0.33055267897393725,0.03501643902999607,0.05381905350265814,-0.04675916542427505,-0.03313247652079643,0.08274737125569051,0.06546040624380112,BEAR,3,NONE,,True,True,3648,858,2790,3.2517482517482517,0.0,2024-03-03T00:00:00+0000,-0.07648949486325562
2024-01-04T00:00:00+0000,2024-01-05T00:00:00+0000,2023-12-31T23:59:59+0000,XGB_V3_1_Y2024_N3648_P858_SEED42,44151.1,0.0752257877715179,0.3673248024879625,0.03372184270486689,0.05428314342759699,-0.01770555528733797,0.3019433255971389,0.08285101229081131,0.03916336968541145,BEAR,3,NONE,,True,True,3648,858,2790,3.2517482517482517,0.0,2024-03-04T00:00:00+0000,-0.10380443522358451
2024-01-05T00:00:00+0000,2024-01-06T00:00:00+0000,2023-12-31T23:59:59+0000,XGB_V3_1_Y2024_N3648_P858_SEED42,44145.11,0.0709166491431712,0.36348657830027253,0.03385582140598231,0.054596735277888886,-0.017838823625472844,0.2712157757854168,0.0835527241267863,0.03916336968541145,BEAR,3,NONE,,True,True,3648,858,2790,3.2517482517482517,0.0,2024-03-05T00:00:00+0000,-0.10368283146196722
2024-01-06T00:00:00+0000,2024-01-07T00:00:00+0000,2023-12-31T23:59:59+0000,XGB_V3_1_Y2024_N3648_P858_SEED42,43968.32,0.06283547948167856,0.35474974931126524,0.033382614296493474,0.05471416697265652,-0.021772130720443372,0.20551213147338654,0.07549177705360878,0.06015373021364212,BEAR,3,NONE,,True,True,3648,858,2790,3.2517482517482517,0.0,2024-03-06T00:00:00+0000,-0.1000788749717979
2024-01-07T00:00:00+0000,2024-01-08T00:00:00+0000,2023-12-31T23:59:59+0000,XGB_V3_1_Y2024_N3648_P858_SEED42,43929.02,0.05811998556338538,0.3506392295634386,0.03347732709402296,0.05426500013956015,-0.02264649561004317,0.1746243058216959,0.07512978544098553,0.06015373021364212,BEAR,3,NONE,,True,True,3648,858,2790,3.2517482517482517,0.0,2024-03-07T00:00:00+0000,-0.0992737830254351
2024-01-08T00:00:00+0000,2024-01-09T00:00:00+0000,2023-12-31T23:59:59+0000,XGB_V3_1_Y2024_N3648_P858_SEED42,46951.04,0.12571019531006122,0.4397767351026711,0.03548617838078094,0.05446175128841091,0.0,0.7678946750509198,0.1002861016017492,0.06279144436120987,BEAR,3,NONE,,True,True,3648,858,2790,3.2517482517482517,0.0,2024-03-08T00:00:00+0000,-0.15724933888578407
2024-01-09T00:00:00+0000,2024-01-10T00:00:00+0000,2023-12-31T23:59:59+0000,XGB_V3_1_Y2024_N3648_P858_SEED42,46110.0,0.10097256492410867,0.4106502916121004,0.037294639827404996,0.05412599699493459,-0.01791312822889546,0.4893448613201286,0.11191177302975898,0.0858185812830925,BEAR,3,NONE,,True,True,3648,858,2790,3.2517482517482517,0.0,2024-03-09T00:00:00+0000,-0.14187768379960974
2024-01-10T00:00:00+0000,2024-01-11T00:00:00+0000,2023-12-31T23:59:59+0000,XGB_V3_1_Y2024_N3648_P858_SEED42,46653.99,0.10818659327477254,0.4237804628323272,0.04004502209143945,0.053880526172660925,-0.00632680341053149,0.5066169996816324,0.12595284006304805,0.10756447911262512,BEAR,3,NONE,,True,True,3648,858,2790,3.2517482517482517,0.0,2024-03-10T00:00:00+0000,-0.15188347234609523
2024-01-11T00:00:00+0000,2024-01-12T00:00:00+0000,2023-12-31T23:59:59+0000,XGB_V3_1_Y2024_N3648_P858_SEED42,46339.16,0.09605806051096666,0.41075484798906436,0.040798559597172046,0.053343839492112854,-0.013032299178037277,0.39857098374222044,0.134940925689768,0.12050364911556244,BEAR,3,NONE,,True,True,3648,858,2790,3.2517482517482517,0.0,2024-03-11T00:00:00+0000,-0.14612133668370353
2024-01-12T00:00:00+0000,2024-01-13T00:00:00+0000,2023-12-31T23:59:59+0000,XGB_V3_1_Y2024_N3648_P858_SEED42,42782.73,0.00931742958174131,0.300005961171002,0.039160104510206795,0.05257047098458578,-0.08877992904949494,-0.19022709309495334,0.13706721793721527,0.19565044343471527,BEAR,3,NONE,,True,True,3648,858,2790,3.2517482517482517,0.0,2024-03-12T00:00:00+0000,-0.07514036621786424
2024-01-13T00:00:00+0000,2024-01-14T00:00:00+0000,2023-12-31T23:59:59+0000,XGB_V3_1_Y2024_N3648_P858_SEED42,42847.99,0.008414046092572125,0.29958887707983517,0.03796544115328904,0.05171366828113255,-0.08738997048840669,-0.17763250802417463,0.13752512663997787,0.19565044343471527,BEAR,3,NONE,,True,True,3648,858,2790,3.2517482517482517,0.0,2024-03-13T00:00:00+0000,-0.07654898164417989
2024-01-14T00:00:00+0000,2024-01-15T00:00:00+0000,2023-12-31T23:59:59+0000,XGB_V3_1_Y2024_N3648_P858_SEED42,41732.35,-0.019665644799060855,0.2635180243435513,0.036708745287773015,0.05071067848156274,-0.11115174445550091,-0.3311162315093942,0.14445517883793027,0.19297462701797485,BEAR,3,NONE,,True,True,3648,858,2790,3.2517482517482517,0.0,2024-03-14T00:00:00+0000,-0.05186216448390757
2024-01-15T00:00:00+0000,2024-01-16T00:00:00+0000,2023-12-31T23:59:59+0000,XGB_V3_1_Y2024_N3648_P858_SEED42,42511.1,-0.003742143903897821,0.28474972211924054,0.035150868309282046,0.04995225985787055,-0.0945653174029798,-0.20814502416073782,0.14444657068475575,0.19297462701797485,BEAR,3,NONE,,True,True,3648,858,2790,3.2517482517482517,0.0,2024-03-15T00:00:00+0000,-0.06923085970487708
2024-01-16T00:00:00+0000,2024-01-17T00:00:00+0000,2023-12-31T23:59:59+0000,XGB_V3_1_Y2024_N3648_P858_SEED42,43137.95,0.008162550411808578,0.30120367617883437,0.034320455067025524,0.049034580463883426,-0.08121417544744491,-0.10650136047120243,0.14494533902702564,0.19297462701797485,BEAR,3,NONE,,True,True,3648,858,2790,3.2517482517482517,0.0,2024-03-16T00:00:00+0000,-0.08275613467955711
2024-01-17T00:00:00+0000,2024-01-18T00:00:00+0000,2023-12-31T23:59:59+0000,XGB_V3_1_Y2024_N3648_P858_SEED42,42776.1,-0.002605163295065882,0.28792105292430414,0.033040797377699826,0.0482039497454636,-0.08892113997900797,-0.16595688932903654,0.1442068050387919,0.19297462701797485,BEAR,3,NONE,,True,True,3648,858,2790,3.2517482517482517,0.0,2024-03-17T00:00:00+0000,-0.07499701936361669
2024-01-18T00:00:00+0000,2024-01-19T00:00:00+0000,2023-12-31T23:59:59+0000,XGB_V3_1_Y2024_N3648_P858_SEED42,41327.5,-0.037939709740049565,0.24230292598914516,0.02995494751043548,0.0472233084700826,-0.11977455664453862,-0.3777004536420368,0.14876902176270845,0.19297462701797485,BEAR,3,NONE,,True,True,3648,858,2790,3.2517482517482517,0.0,2024-03-18T00:00:00+0000,-0.04257407295384441
2024-01-19T00:00:00+0000,2024-01-20T00:00:00+0000,2023-12-31T23:59:59+0000,XGB_V3_1_Y2024_N3648_P858_SEED42,41659.03,-0.031995510064781296,0.2502950217976949,0.027574116954937944,0.04620777314273172,-0.11271337120540892,-0.3177503255697792,0.1513634089650132,0.19297462701797485,BEAR,3,NONE,,True,True,3648,858,2790,3.2517482517482517,0.0,2024-03-19T00:00:00+0000,-0.05019343945358312
2024-01-20T00:00:00+0000,2024-01-21T00:00:00+0000,2023-12-31T23:59:59+0000,XGB_V3_1_Y2024_N3648_P858_SEED42,41696.04,-0.03249049543947902,0.24935669622920353,0.023678708347559363,0.04510890538646062,-0.11192510325649874,-0.3020880640638394,0.15429316806573903,0.22656075656414032,BEAR,3,NONE,,True,True,3648,858,2790,3.2517482517482517,0.0,2024-03-20T00:00:00+0000,-0.05103650130803794
2024-01-21T00:00:00+0000,2024-01-22T00:00:00+0000,2023-12-31T23:59:59+0000,XGB_V3_1_Y2024_N3648_P858_SEED42,41580.33,-0.036128179043328545,0.24382574273658575,0.020361471173867107,0.043806276259329646,-0.11438958540641486,-0.2897117716115933,0.16023587664841735,0.2509918510913849,BEAR,3,NONE,,True,True,3648,858,2790,3.2517482517482517,0.0,2024-03-21T00:00:00+0000,-0.048395719803089654
2024-01-22T00:00:00+0000,2024-01-23T00:00:00+0000,2023-12-31T23:59:59+0000,XGB_V3_1_Y2024_N3648_P858_SEED42,39568.02,-0.08260351722511183,0.18191999367818856,0.017528370579063424,0.04228940648891588,-0.15724933888578407,-0.489443897419408,0.17762959672544573,0.2578839063644409,BEAR,3,NONE,,True,True,3648,858,2790,3.2517482517482517,0.0,2024-03-22T00:00:00+0000,0.008329453937801379
2024-01-23T00:00:00+0000,2024-01-24T00:00:00+0000,2023-12-31T23:59:59+0000,XGB_V3_1_Y2024_N3648_P858_SEED42,39897.6,-0.07406323515736901,0.19006680964185985,0.01408387233494035,0.04113015155916733,-0.1502296860729816,-0.3985478415949533,0.1911755966137931,0.2548469305038452,BEAR,3,NONE,,True,True,3648,858,2790,3.2517482517482517,0.0,2024-03-23T00:00:00+0000,0.0015913237888995901
2024-01-24T00:00:00+0000,2024-01-25T00:00:00+0000,2023-12-31T23:59:59+0000,XGB_V3_1_Y2024_N3648_P858_SEED42,40084.88,-0.06799148166077496,0.1939079743641261,0.010327298412580843,0.03977626205642304,-0.1462408500429384,-0.3360522137338621,0.20076135911876897,0.27766773104667664,BEAR,3,NONE,,True,True,3648,858,2790,3.2517482517482517,0.0,2024-03-24T00:00:00+0000,-0.003088196846292135
2024-01-25T00:00:00+0000,2024-01-26T00:00:00+0000,2023-12-31T23:59:59+0000,XGB_V3_1_Y2024_N3648_P858_SEED42,39961.09,-0.06922427232536299,0.18848635933400382,0.00614759324227232,0.03851168668320937,-0.14887742635732892,-0.31466541726612646,0.2091095250715718,0.28630250692367554,BEAR,3,NONE,,True,True,3648,858,2790,3.2517482517482517,0.0,2024-03-25T00:00:00+0000,0.04660583582680067
2024-01-26T00:00:00+0000,2024-01-27T00:00:00+0000,2023-12-31T23:59:59+0000,XGB_V3_1_Y2024_N3648_P858_SEED42,41823.51,-0.025186402770334015,0.24176945479518452,0.0026975589331734717,0.03776426642544273,-0.10921014742165458,-0.09481801439919621,0.208852163816969,0.290414959192276,BEAR,3,NONE,,True,True,3648,858,2790,3.2517482517482517,0.0,2024-03-26T00:00:00+0000,0.004962519884151195
2024-01-27T00:00:00+0000,2024-01-28T00:00:00+0000,2023-12-31T23:59:59+0000,XGB_V3_1_Y2024_N3648_P858_SEED42,42120.63,-0.01732196103487882,0.2484600389057543,-0.0005765458433151238,0.03730878831666895,-0.10288185309633191,-0.05170964252629043,0.20775894196982844,0.290414959192276,BEAR,3,NONE,,True,True,3648,858,2790,3.2517482517482517,0.0,2024-03-27T00:00:00+0000,-0.0021265114030820653
2024-01-28T00:00:00+0000,2024-01-29T00:00:00+0000,2023-12-31T23:59:59+0000,XGB_V3_1_Y2024_N3648_P858_SEED42,42031.06,-0.018641195695703994,0.24365775874458984,-0.0029758583217791568,0.03638088483860025,-0.1047895850656344,-0.03815731386073479,0.18634136397157208,0.296239972114563,BEAR,3,NONE,,True,True,3648,858,2790,3.2517482517482517,0.0,2024-03-28T00:00:00+0000,0.013060341566451195
2024-01-29T00:00:00+0000,2024-01-30T00:00:00+0000,2023-12-31T23:59:59+0000,XGB_V3_1_Y2024_N3648_P858_SEED42,43302.7,0.011279476958698353,0.27904227410949867,-0.005025384754495765,0.03574851245993682,-0.07770520099235301,0.155201857066241,0.16966604460767346,0.296239972114563,BEAR,3,NONE,,True,True,3648,858,2790,3.2517482517482517,0.0,2024-03-29T00:00:00+0000,-0.016689490493664305
2024-01-30T00:00:00+0000,2024-01-31T00:00:00+0000,2023-12-31T23:59:59+0000,XGB_V3_1_Y2024_N3648_P858_SEED42,42941.1,0.0020448752458084307,0.26600033700867565,-0.005633639827687498,0.03512686791803055,-0.08540684082823302,0.15757635103612325,0.14126515046120683,0.296239972114563,BEAR,3,NONE,,True,True,3648,858,2790,3.2517482517482517,0.0,2024-03-30T00:00:00+0000,-0.008409193057467013
2024-01-31T00:00:00+0000,2024-02-01T00:00:00+0000,2023-12-31T23:59:59+0000,XGB_V3_1_Y2024_N3648_P858_SEED42,42580.0,-0.006885613294850823,0.25308401434645833,-0.006111339283841444,0.034496109678612275,-0.09309783127274707,0.17084054054122322,0.10664761696669539,0.2380926012992859,BEAR,3,NONE,,True,True,3648,858,2790,3.2517482517482517,0.0,2024-03-31T00:00:00+0000,6.76373884451742e-05
2024-02-01T00:00:00+0000,2024-02-02T00:00:00+0000,2023-12-31T23:59:59+0000,XGB_V3_1_Y2024_N3648_P858_SEED42,43082.94,0.0047444489348575924,0.2654920218419945,-0.0058258449600355755,0.034481600276568214,-0.08238582148553042,0.2765733382755418,0.10802530240692476,0.22537018358707428,BEAR,3,NONE,,True,True,3648,858,2790,3.2517482517482517,0.0,2024-04-01T00:00:00+0000,-0.011606914477052976
2024-02-02T00:00:00+0000,2024-02-03T00:00:00+0000,2023-12-31T23:59:59+0000,XGB_V3_1_Y2024_N3648_P858_SEED42,43200.0,0.007390909964829051,0.26650084593901124,-0.004777294913579588,0.03455550094212234,-0.07989258597892612,0.2938311064887623,0.10972590870961271,0.22537018358707428,BEAR,3,NONE,,True,True,3648,858,2790,3.2517482517482517,0.0,2024-04-02T00:00:00+0000,-0.01428518518518529
2024-02-03T00:00:00+0000,2024-02-04T00:00:00+0000,2023-12-31T23:59:59+0000,XGB_V3_1_Y2024_N3648_P858_SEED42,43011.09,0.002485032387417041,0.2585362240457001,-0.0024335248892287664,0.03472115655581698,-0.08391613902482253,0.233299001655583,0.11212768430893848,0.24059289693832397,BEAR,3,NONE,,True,True,3648,858,2790,3.2517482517482517,0.0,2024-04-03T00:00:00+0000,-0.00995580442160382
2024-02-04T00:00:00+0000,2024-02-05T00:00:00+0000,2023-12-31T23:59:59+0000,XGB_V3_1_Y2024_N3648_P858_SEED42,42582.88,-0.007636533732203299,0.24370040843638963,-0.0005248817003741246,0.03475001980113457,-0.09303649077847909,0.14119151548424894,0.11230173124000167,0.235495924949646,BEAR,3,NONE,,True,True,3648,858,2790,3.2517482517482517,0.0,2024-04-04T00:00:00+0000,0.0029547085589325395
2024-02-05T00:00:00+0000,2024-02-06T00:00:00+0000,2023-12-31T23:59:59+0000,XGB_V3_1_Y2024_N3648_P858_SEED42,42708.7,-0.005322860810202501,0.2450281841813282,0.0007723921984521542,0.0347202493538421,-0.09035667793514268,0.17525926014900928,0.11057641978036564,0.235495924949646,BEAR,3,NONE,,True,True,3648,858,2790,3.2517482517482517,0.0,2024-04-05T00:00:00+0000,0.009137482526979213
2024-02-06T00:00:00+0000,2024-02-07T00:00:00+0000,2023-12-31T23:59:59+0000,XGB_V3_1_Y2024_N3648_P858_SEED42,43098.95,0.0035597667698223923,0.25399242290223834,0.0019356741391309829,0.034808133323471546,-0.08204482797399171,0.25288786875086866,0.11189903698820462,0.22951199114322662,BEAR,3,NONE,,True,True,3648,858,2790,3.2517482517482517,0.0,2024-04-06T00:00:00+0000,0.029018108329785353
2024-02-07T00:00:00+0000,2024-02-08T00:00:00+0000,2023-12-31T23:59:59+0000,XGB_V3_1_Y2024_N3648_P858_SEED42,44349.6,0.031684894435072275,0.28765427206326866,0.0036911982731357984,0.03533002207462044,-0.04939320302507888,0.44732427776735484,0.12146906447352307,0.24938395619392395,BEAR,3,NONE,,True,True,3648,858,2790,3.2517482517482517,0.0,2024-04-07T00:00:00+0000,0.021173809910348673
2024-02-08T00:00:00+0000,2024-02-09T00:00:00+0000,2023-12-31T23:59:59+0000,XGB_V3_1_Y2024_N3648_P858_SEED42,45288.65,0.05273627703410999,0.31202277913260645,0.004675944137509269,0.03597994523907411,-0.029265235406446433,0.5236936536821629,0.13755214066725496,0.24273328483104706,BEAR,3,NONE,,True,True,3648,858,2790,3.2517482517482517,0.0,2024-04-08T00:00:00+0000,0.04071925305788526
2024-02-09T00:00:00+0000,2024-02-10T00:00:00+0000,2023-12-31T23:59:59+0000,XGB_V3_1_Y2024_N3648_P858_SEED42,47132.77,0.0939393842335019,0.3619050697199009,0.005411183738446512,0.03697375697555194,0.0,0.6434477244935666,0.16870749533523574,0.2021404653787613,BEAR,3,NONE,,True,True,3648,858,2790,3.2517482517482517,0.0,2024-04-09T00:00:00+0000,0.013118685789101692
2024-02-10T00:00:00+0000,2024-02-11T00:00:00+0000,2023-12-31T23:59:59+0000,XGB_V3_1_Y2024_N3648_P858_SEED42,47751.09,0.10634811766057584,0.3760890611945529,0.006665313561920128,0.038026297480258986,0.0,0.5839408832009021,0.19694785077190344,0.2021404653787613,BEAR,3,NONE,,True,True,3648,858,2790,3.2517482517482517,0.0,2024-04-10T00:00:00+0000,0.011495025558578842
2024-02-11T00:00:00+0000,2024-02-12T00:00:00+0000,2023-12-31T23:59:59+0000,XGB_V3_1_Y2024_N3648_P858_SEED42,48299.99,0.11668646292462848,0.3881173771144839,0.008709411175882087,0.03935667775983087,0.0,0.5510441693946208,0.21130991674067118,0.2057698518037796,BEAR,3,NONE,,True,True,3648,858,2790,3.2517482517482517,0.0,2024-04-11T00:00:00+0000,0.028977231672304704
2024-02-12T00:00:00+0000,2024-02-13T00:00:00+0000,2023-12-31T23:59:59+0000,XGB_V3_1_Y2024_N3648_P858_SEED42,49917.27,0.15039358771681188,0.4303437104623242,0.011855867023205846,0.04096226388066193,0.0,0.5979157971052325,0.23517633189733095,0.20220574736595154,BEAR,3,NONE,,True,True,3648,858,2790,3.2517482517482517,0.0,2024-04-12T00:00:00+0000,-0.004360815405169416
2024-02-13T00:00:00+0000,2024-02-14T00:00:00+0000,2023-12-31T23:59:59+0000,XGB_V3_1_Y2024_N3648_P858_SEED42,49699.59,0.14215329091250606,0.41995903861511596,0.014205260799043717,0.04247885464552059,-0.004360815405169416,0.498851115627009,0.2471725581596605,0.18870949745178223,BEAR,3,NONE,,True,True,3648,858,2790,3.2517482517482517,0.0,2024-04-13T00:00:00+0000,0.02101747720655256
2024-02-14T00:00:00+0000,2024-02-15T00:00:00+0000,2023-12-31T23:59:59+0000,XGB_V3_1_Y2024_N3648_P858_SEED42,51795.17,0.18525325079723154,0.475102381972101,0.0183893394279937,0.044296865159184406,0.0,0.5780743882569935,0.26850673490958327,0.18781542778015137,BEAR,3,NONE,,True,True,3648,858,2790,3.2517482517482517,0.0,2024-04-14T00:00:00+0000,-0.02029185346819007
2024-02-15T00:00:00+0000,2024-02-16T00:00:00+0000,2023-12-31T23:59:59+0000,XGB_V3_1_Y2024_N3648_P858_SEED42,51880.0,0.1826202780443309,0.472778851059215,0.021693029285597465,0.0458825650236212,0.0,0.4968629644300506,0.2903739778727517,0.14932937920093536,BEAR,3,NONE,,True,True,3648,858,2790,3.2517482517482517,0.0,2024-04-15T00:00:00+0000,-0.02189379336931374
2024-02-16T00:00:00+0000,2024-02-17T00:00:00+0000,2023-12-31T23:59:59+0000,XGB_V3_1_Y2024_N3648_P858_SEED42,52124.11,0.18302846613683488,0.4749162573523782,0.025935387059379922,0.04749287475876729,0.0,0.44682091279697944,0.30686930506006005,0.15049836039543152,BEAR,3,NONE,,True,True,3648,858,2790,3.2517482517482517,0.0,2024-04-16T00:00:00+0000,-0.026474504792503906
2024-02-17T00:00:00+0000,2024-02-18T00:00:00+0000,2023-12-31T23:59:59+0000,XGB_V3_1_Y2024_N3648_P858_SEED42,51642.64,0.16702815572280727,0.4567711981076845,0.0294007164987109,0.04893271297848001,-0.00923699224792518,0.3677549876671286,0.31249920056921654,0.15049836039543152,BEAR,3,NONE,,True,True,3648,858,2790,3.2517482517482517,0.0,2024-04-17T00:00:00+0000,-0.01739821976568201
2024-02-18T00:00:00+0000,2024-02-19T00:00:00+0000,2023-12-31T23:59:59+0000,XGB_V3_1_Y2024_N3648_P858_SEED42,52137.67,0.17291515912924904,0.46598967139940584,0.03327336222650956,0.05048687577837829,0.0,0.3574802278503159,0.3216315231773098,0.13182395696640015,BEAR,3,NONE,,True,True,3648,858,2790,3.2517482517482517,0.0,2024-04-18T00:00:00+0000,-0.026727699952836304
2024-02-19T00:00:00+0000,2024-02-20T00:00:00+0000,2023-12-31T23:59:59+0000,XGB_V3_1_Y2024_N3648_P858_SEED42,51774.73,0.15979753366553062,0.45117768146541826,0.03611021637559553,0.0518599227384855,-0.0069611856456185395,0.3004731158317914,0.32234178383955314,0.13182395696640015,BEAR,3,NONE,,True,True,3648,858,2790,3.2517482517482517,0.0,2024-04-19T00:00:00+0000,-0.019905077245212177
2024-02-20T00:00:00+0000,2024-02-21T00:00:00+0000,2023-12-31T23:59:59+0000,XGB_V3_1_Y2024_N3648_P858_SEED42,52258.82,0.16641952790190517,0.46001040455515096,0.03803818349987664,0.05336329493114933,0.0,0.3007390306794288,0.3187988238081797,0.132110133767128,BEAR,3,NONE,,True,True,3648,858,2790,3.2517482517482517,0.0,2024-04-20T00:00:00+0000,-0.028984006910221072
2024-02-21T00:00:00+0000,2024-02-22T00:00:00+0000,2023-12-31T23:59:59+0000,XGB_V3_1_Y2024_N3648_P858_SEED42,51849.39,0.15372608310486657,0.44397732814183644,0.039022974883131445,0.054720425023561337,-0.007834658340927003,0.2483115411615163,0.31165060028401403,0.152170330286026,BEAR,3,NONE,,True,True,3648,858,2790,3.2517482517482517,0.0,2024-04-21T00:00:00+0000,-0.021316354927222836
2024-02-22T00:00:00+0000,2024-02-23T00:00:00+0000,2023-12-31T23:59:59+0000,XGB_V3_1_Y2024_N3648_P858_SEED42,51288.42,0.1369715284868891,0.4239527680889146,0.03959781404967799,0.05595515220826219,-0.018569114266261733,0.18995841142088843,0.2992692082593268,0.1683262586593628,BEAR,3,NONE,,True,True,3648,858,2790,3.2517482517482517,0.0,2024-04-22T00:00:00+0000,-0.010611947102289299
2024-02-23T00:00:00+0000,2024-02-24T00:00:00+0000,2023-12-31T23:59:59+0000,XGB_V3_1_Y2024_N3648_P858_SEED42,50744.15,0.12162739537549894,0.4046431201409486,0.03970220099718724,0.0570736746430045,-0.028984006910221072,0.1332801120277855,0.2803748023529785,0.17943528294563293,BEAR,3,NONE,,True,True,3648,858,2790,3.2517482517482517,0.0,2024-04-23T00:00:00+0000,0.016239704478250294
2024-02-24T00:00:00+0000,2024-02-25T00:00:00+0000,2023-12-31T23:59:59+0000,XGB_V3_1_Y2024_N3648_P858_SEED42,51568.22,0.13611408200523178,0.42316055875041036,0.03868076791893027,0.05830046751867801,-0.01321499413878846,0.17501465565358562,0.25495413378873233,0.152170330286026,BEAR,3,NONE,,True,True,3648,858,2790,3.2517482517482517,0.0,2024-04-24T00:00:00+0000,0.0031149029382824267
2024-02-25T00:00:00+0000,2024-02-26T00:00:00+0000,2023-12-31T23:59:59+0000,XGB_V3_1_Y2024_N3648_P858_SEED42,51728.85,0.13576921703309153,0.4232441259685389,0.038216875781651005,0.05953730945239877,-0.010141254624578266,0.17161662710286227,0.2236834554063238,0.152170330286026,BEAR,3,NONE,,True,True,3648,858,2790,3.2517482517482517,0.0,2024-04-25T00:00:00+0000,0.05311581448263403
2024-02-26T00:00:00+0000,2024-02-27T00:00:00+0000,2023-12-31T23:59:59+0000,XGB_V3_1_Y2024_N3648_P858_SEED42,54476.47,0.19058217672333955,0.49369951786599997,0.03849909764878001,0.06114306440205475,0.0,0.40857171635833595,0.19873126469740113,0.15049836039543152,BEAR,3,NONE,,True,True,3648,858,2790,3.2517482517482517,0.0,2024-04-26T00:00:00+0000,0.04700873606531397
2024-02-27T00:00:00+0000,2024-02-28T00:00:00+0000,2023-12-31T23:59:59+0000,XGB_V3_1_Y2024_N3648_P858_SEED42,57037.34,0.24107837577006785,0.5580187266768841,0.038563255866330914,0.06290917525180029,0.0,0.6015216273534536,0.19607925573953558,0.14276240766048431,BEAR,3,NONE,,True,True,3648,858,2790,3.2517482517482517,0.0,2024-04-27T00:00:00+0000,0.07177122916321155
2024-02-28T00:00:00+0000,2024-02-29T00:00:00+0000,2023-12-31T23:59:59+0000,XGB_V3_1_Y2024_N3648_P858_SEED42,62432.1,0.3488820315451391,0.6977284550937009,0.04123547041531683,0.06534854169405335,0.0,0.8186502860016173,0.2485375865858586,0.15404093265533447,BEAR,3,NONE,,True,True,3648,858,2790,3.2517482517482517,0.0,2024-04-28T00:00:00+0000,-0.020840561185672013
2024-02-29T00:00:00+0000,2024-03-01T00:00:00+0000,2023-12-31T23:59:59+0000,XGB_V3_1_Y2024_N3648_P858_SEED42,61130.98,0.31255962436790496,0.6551841830893206,0.043293869411998864,0.06718301130989635,-0.020840561185672013,0.5918359622854829,0.2749032865868176,0.21904617547988892,BEAR,3,NONE,,True,True,3648,858,2790,3.2517482517482517,0.0,2024-04-29T00:00:00+0000,0.0023946941468957483
2024-03-01T00:00:00+0000,2024-03-02T00:00:00+0000,2023-12-31T23:59:59+0000,XGB_V3_1_Y2024_N3648_P858_SEED42,62387.9,0.33037867160994794,0.6817132527857404,0.04669530552411216,0.06908361553213793,-0.0007079691376711272,0.5644700562836891,0.30172348433001156,0.18713504076004028,BEAR,3,NONE,,True,True,3648,858,2790,3.2517482517482517,0.0,2024-04-30T00:00:00+0000,-0.027503730691368022
2024-03-02T00:00:00+0000,2024-03-03T00:00:00+0000,2023-12-31T23:59:59+0000,XGB_V3_1_Y2024_N3648_P858_SEED42,61987.28,0.311097220405228,0.6635629014943136,0.05202665374027293,0.07088418111800632,-0.007124860448391113,0.46830672279079383,0.3161608379527416,0.19044865667819977,BEAR,3,NONE,,True,True,3648,858,2790,3.2517482517482517,0.0,2024-05-01T00:00:00+0000,-0.05843634371438777
2024-03-03T00:00:00+0000,2024-03-04T00:00:00+0000,2023-12-31T23:59:59+0000,XGB_V3_1_Y2024_N3648_P858_SEED42,63113.97,0.32358093450654835,0.6860211487082544,0.05707369441144161,0.07263525282341665,0.0,0.46042730894025796,0.33624171696030253,0.17095941305160522,BEAR,3,NONE,,True,True,3648,858,2790,3.2517482517482517,0.0,2024-05-02T00:00:00+0000,-0.07524483089876932
2024-03-04T00:00:00+0000,2024-03-05T00:00:00+0000,2023-12-31T23:59:59+0000,XGB_V3_1_Y2024_N3648_P858_SEED42,68245.71,0.4154596527200636,0.8130305147022929,0.06571355085233921,0.07545750150534736,0.0,0.595653922977414,0.3825680866950184,0.17420902848243713,BEAR,3,NONE,,True,True,3648,858,2790,3.2517482517482517,0.0,2024-05-03T00:00:00+0000,-0.1447818478260392
2024-03-05T00:00:00+0000,2024-03-06T00:00:00+0000,2023-12-31T23:59:59+0000,XGB_V3_1_Y2024_N3648_P858_SEED42,63724.01,0.3101482040057264,0.6844773383710032,0.07157475403129299,0.07738475472950568,-0.0662561793261438,0.34164353410743875,0.3932482567805701,0.19283023476600647,BEAR,3,NONE,,True,True,3648,858,2790,3.2517482517482517,0.0,2024-05-04T00:00:00+0000,-0.08409765800990865
2024-03-06T00:00:00+0000,2024-03-07T00:00:00+0000,2023-12-31T23:59:59+0000,XGB_V3_1_Y2024_N3648_P858_SEED42,66074.04,0.34577194046061166,0.7374185120636596,0.07799479305093704,0.07960276718680981,-0.03182134085790911,0.3940760532695934,0.4098441763144286,0.17859305441379547,BEAR,3,NONE,,True,True,3648,858,2790,3.2517482517482517,0.0,2024-05-05T00:00:00+0000,-0.11667320478663012
2024-03-07T00:00:00+0000,2024-03-08T00:00:00+0000,2023-12-31T23:59:59+0000,XGB_V3_1_Y2024_N3648_P858_SEED42,66823.17,0.34782711913724285,0.7477798230246067,0.08353589330391653,0.0818550154436486,-0.02084438714169734,0.37699490688244414,0.42360194091036074,0.13176347315311432,BEAR,3,NONE,,True,True,3648,858,2790,3.2517482517482517,0.0,2024-05-06T00:00:00+0000,-0.12657585684725814
2024-03-08T00:00:00+0000,2024-03-09T00:00:00+0000,2023-12-31T23:59:59+0000,XGB_V3_1_Y2024_N3648_P858_SEED42,68124.19,0.3593741826197867,0.7720756948278265,0.09044126815298847,0.0844311733342209,-0.0017806247454968949,0.3812325966141082,0.4343924292252565,0.163828507065773,BEAR,3,NONE,,True,True,3648,858,2790,3.2517482517482517,0.0,2024-05-07T00:00:00+0000,-0.14325630880895612
2024-03-09T00:00:00+0000,2024-03-10T00:00:00+0000,2023-12-31T23:59:59+0000,XGB_V3_1_Y2024_N3648_P858_SEED42,68313.27,0.3487994825786098,0.7672810225055959,0.09426802711445581,0.08687287986899594,0.0,0.34735879335268777,0.440138049828355,0.15177388489246368,BEAR,3,NONE,,True,True,3648,858,2790,3.2517482517482517,0.0,2024-05-08T00:00:00+0000,-0.14562763574339221
2024-03-10T00:00:00+0000,2024-03-11T00:00:00+0000,2023-12-31T23:59:59+0000,XGB_V3_1_Y2024_N3648_P858_SEED42,68955.88,0.346987676654823,0.7741469422523855,0.09917126275251054,0.08939271284587313,0.0,0.3344834199594727,0.4397835857002699,0.15177388489246368,BEAR,3,NONE,,True,True,3648,858,2790,3.2517482517482517,0.0,2024-05-09T00:00:00+0000,-0.15358965761875565
2024-03-11T00:00:00+0000,2024-03-12T00:00:00+0000,2023-12-31T23:59:59+0000,XGB_V3_1_Y2024_N3648_P858_SEED42,72078.1,0.3913989027325877,0.8435922101131952,0.10465478936087202,0.09228210136085702,0.0,0.40114837964260097,0.44769907868234005,0.15344907343387604,BEAR,3,NONE,,True,True,3648,858,2790,3.2517482517482517,0.0,2024-05-10T00:00:00+0000,-0.19025376640061276
2024-03-12T00:00:00+0000,2024-03-13T00:00:00+0000,2023-12-31T23:59:59+0000,XGB_V3_1_Y2024_N3648_P858_SEED42,71452.01,0.3625402356633638,0.817030196287627,0.10916825478056258,0.09513845392776221,-0.008686272251904659,0.34202904969701714,0.44115224636993705,0.15344907343387604,BEAR,3,NONE,,True,True,3648,858,2790,3.2517482517482517,0.0,2024-05-11T00:00:00+0000,-0.183158458383466
2024-03-13T00:00:00+0000,2024-03-14T00:00:00+0000,2023-12-31T23:59:59+0000,XGB_V3_1_Y2024_N3648_P858_SEED42,73072.41,0.3760300399501806,0.8471852622157818,0.11365461132176158,0.09829559055333092,0.0,0.3652496484896304,0.4290051477340875,0.1650332659482956,BEAR,3,NONE,,True,True,3648,858,2790,3.2517482517482517,0.0,2024-05-12T00:00:00+0000,-0.2012721354065098
2024-03-14T00:00:00+0000,2024-03-15T00:00:00+0000,2023-12-31T23:59:59+0000,XGB_V3_1_Y2024_N3648_P858_SEED42,71388.94,0.32866390094255005,0.794358137799841,0.11439187234411974,0.1012903127494651,-0.02303838069662678,0.2822130097181206,0.3964303883737875,0.1840784251689911,BEAR,3,NONE,,True,True,3648,858,2790,3.2517482517482517,0.0,2024-05-13T00:00:00+0000,-0.18243680323590739
2024-03-15T00:00:00+0000,2024-03-16T00:00:00+0000,2023-12-31T23:59:59+0000,XGB_V3_1_Y2024_N3648_P858_SEED42,69499.85,0.27943709918531856,0.7374040372807216,0.11681761802749846,0.1039637148593191,-0.0488906825435208,0.19107846849249602,0.35350879628020804,0.20009614527225494,BEAR,3,NONE,,True,True,3648,858,2790,3.2517482517482517,0.0,2024-05-14T00:00:00+0000,-0.1602144465059997
2024-03-16T00:00:00+0000,2024-03-17T00:00:00+0000,2023-12-31T23:59:59+0000,XGB_V3_1_Y2024_N3648_P858_SEED42,65300.63,0.19183072131275702,0.6247961626725693,0.11594657191273461,0.10577066155302073,-0.10635724208357167,-0.024662669342619806,0.2960443579511049,0.28426265716552734,BEAR,3,NONE,,True,True,3648,858,2790,3.2517482517482517,0.0,2024-05-15T00:00:00+0000,-0.10621122644605419
2024-03-17T00:00:00+0000,2024-03-18T00:00:00+0000,2023-12-31T23:59:59+0000,XGB_V3_1_Y2024_N3648_P858_SEED42,68393.48,0.23642197895634776,0.6930960095099079,0.11571970099988826,0.10761135310309689,-0.064031417603443,0.11564125636087172,0.24933045499467654,0.25424110889434814,BEAR,3,NONE,,True,True,3648,858,2790,3.2517482517482517,0.0,2024-05-16T00:00:00+0000,-0.1466296202503513
2024-03-18T00:00:00+0000,2024-03-19T00:00:00+0000,2023-12-31T23:59:59+0000,XGB_V3_1_Y2024_N3648_P858_SEED42,67609.99,0.21105770471031238,0.6651124650090052,0.11399617763978664,0.10912554935815888,-0.07475352188329354,0.042751925227375726,0.21105650407184245,0.2869521379470825,BEAR,3,NONE,,True,True,3648,858,2790,3.2517482517482517,0.0,2024-05-17T00:00:00+0000,-0.1367404432392314
2024-03-19T00:00:00+0000,2024-03-20T00:00:00+0000,2023-12-31T23:59:59+0000,XGB_V3_1_Y2024_N3648_P858_SEED42,61937.4,0.10209057208200711,0.5186497341539125,0.10962951398930532,0.10906151838588807,-0.15238323192022818,-0.3532721830050037,0.21313390081530184,0.4530850648880005,BEAR,3,NONE,,True,True,3648,858,2790,3.2517482517482517,0.0,2024-05-18T00:00:00+0000,-0.0576780749595559
2024-03-20T00:00:00+0000,2024-03-21T00:00:00+0000,2023-12-31T23:59:59+0000,XGB_V3_1_Y2024_N3648_P858_SEED42,67840.51,0.1965258385625328,0.6548736380652733,0.10753979519844581,0.10996487540486033,-0.07159884284643148,0.03961447461095275,0.19663790369808717,0.31023702025413513,BEAR,3,NONE,,True,True,3648,858,2790,3.2517482517482517,0.0,2024-05-19T00:00:00+0000,-0.13967377308926476
2024-03-21T00:00:00+0000,2024-03-22T00:00:00+0000,2023-12-31T23:59:59+0000,XGB_V3_1_Y2024_N3648_P858_SEED42,65501.27,0.14600199028167848,0.5901444515048724,0.10334841443850085,0.11036233551027586,-0.10361147251062341,-0.15675107581744954,0.18631653606939677,0.2970169484615326,BEAR,3,NONE,,True,True,3648,858,2790,3.2517482517482517,0.0,2024-05-20T00:00:00+0000,-0.10894903259127642
2024-03-22T00:00:00+0000,2024-03-23T00:00:00+0000,2023-12-31T23:59:59+0000,XGB_V3_1_Y2024_N3648_P858_SEED42,63796.64,0.10814606018962558,0.5416564672544428,0.09783149269019331,0.11057231743867457,-0.12693942898557753,-0.3131040988543004,0.17801026247185733,0.42250993847846985,BEAR,3,NONE,,True,True,3648,858,2790,3.2517482517482517,0.0,2024-05-21T00:00:00+0000,-0.08514037729886714
2024-03-23T00:00:00+0000,2024-03-24T00:00:00+0000,2023-12-31T23:59:59+0000,XGB_V3_1_Y2024_N3648_P858_SEED42,63990.01,0.10353468018004097,0.5392253076869475,0.0919447786756642,0.11057399923264577,-0.12429314976747041,-0.3067199161148466,0.17438478316799402,0.48181602358818054,BEAR,3,NONE,,True,True,3648,858,2790,3.2517482517482517,0.0,2024-05-22T00:00:00+0000,-0.08790497141663212
2024-03-24T00:00:00+0000,2024-03-25T00:00:00+0000,2023-12-31T23:59:59+0000,XGB_V3_1_Y2024_N3648_P858_SEED42,67209.99,0.1494706448310652,0.6086596558032451,0.08822863170469919,0.1099397833198299,-0.08022754415791133,-0.029229724689423215,0.1743647681001295,0.3171183466911316,BEAR,3,NONE,,True,True,3648,858,2790,3.2517482517482517,0.0,2024-05-23T00:00:00+0000,-0.131602757268674
2024-03-25T00:00:00+0000,2024-03-26T00:00:00+0000,2023-12-31T23:59:59+0000,XGB_V3_1_Y2024_N3648_P858_SEED42,69880.01,0.18407928832358045,0.6638793714867532,0.08644375073726573,0.11017948205787542,-0.043688171773724305,0.17710502886318918,0.16789815804277775,0.3103635311126709,BEAR,3,NONE,,True,True,3648,858,2790,3.2517482517482517,0.0,2024-05-24T00:00:00+0000,-0.16478303308771702
2024-03-26T00:00:00+0000,2024-03-27T00:00:00+0000,2023-12-31T23:59:59+0000,XGB_V3_1_Y2024_N3648_P858_SEED42,69988.0,0.1750462156918715,0.6577515503676783,0.08709084823263402,0.11013992804032569,-0.04221032261013424,0.16911754904579315,0.16770214649573528,0.3103635311126709,BEAR,3,NONE,,True,True,3648,858,2790,3.2517482517482517,0.0,2024-05-25T00:00:00+0000,-0.16607175515802708
2024-03-27T00:00:00+0000,2024-03-28T00:00:00+0000,2023-12-31T23:59:59+0000,XGB_V3_1_Y2024_N3648_P858_SEED42,69469.99,0.1561118433042894,0.6370349898287846,0.08629905243300628,0.10993851453444403,-0.04929931830632106,0.11209516715766062,0.1674382118414122,0.3103635311126709,BEAR,3,NONE,,True,True,3648,858,2790,3.2517482517482517,0.0,2024-05-26T00:00:00+0000,-0.15985348493644524
2024-03-28T00:00:00+0000,2024-03-29T00:00:00+0000,2023-12-31T23:59:59+0000,XGB_V3_1_Y2024_N3648_P858_SEED42,70780.6,0.16765077060486844,0.6591341625796701,0.08581349455665754,0.10972060873985967,-0.0313635474729792,0.2111731282909369,0.1703393374852204,0.2972821891307831,BEAR,3,NONE,,True,True,3648,858,2790,3.2517482517482517,0.0,2024-05-27T00:00:00+0000,-0.17541006999092978
2024-03-29T00:00:00+0000,2024-03-30T00:00:00+0000,2023-12-31T23:59:59+0000,XGB_V3_1_Y2024_N3648_P858_SEED42,69850.54,0.14304474708871617,0.6288021347594315,0.08735373924441037,0.10943529313205147,-0.04409147036480676,0.1238458507377768,0.1712574493861772,0.3103635311126709,BEAR,3,NONE,,True,True,3648,858,2790,3.2517482517482517,0.0,2024-05-28T00:00:00+0000,-0.16443065436573567
2024-03-30T00:00:00+0000,2024-03-31T00:00:00+0000,2023-12-31T23:59:59+0000,XGB_V3_1_Y2024_N3648_P858_SEED42,69582.18,0.13034824418475233,0.6143114644579768,0.0857222657519503,0.10899345185784681,-0.047763991908847836,0.09795833096291003,0.17171176799277146,0.3103635311126709,BEAR,3,NONE,,True,True,3648,858,2790,3.2517482517482517,0.0,2024-05-29T00:00:00+0000,-0.16120808517353136
2024-03-31T00:00:00+0000,2024-04-01T00:00:00+0000,2023-12-31T23:59:59+0000,XGB_V3_1_Y2024_N3648_P858_SEED42,71280.01,0.14914456661906583,0.6451027074080138,0.0852473531200264,0.10824624698944385,-0.024529093812562186,0.24964663350920568,0.16919574499996137,0.2972821891307831,BEAR,3,NONE,,True,True,3648,858,2790,3.2517482517482517,0.0,2024-05-30T00:00:00+0000,-0.18118740443498804
2024-04-01T00:00:00+0000,2024-04-02T00:00:00+0000,2023-12-31T23:59:59+0000,XGB_V3_1_Y2024_N3648_P858_SEED42,69649.8,0.11518628051468238,0.5995179835844733,0.08485490350702563,0.10733350507621342,-0.04683860844332355,0.1194219811411914,0.1653481282978452,0.40421298146247864,BEAR,3,NONE,,True,True,3648,858,2790,3.2517482517482517,0.0,2024-05-31T00:00:00+0000,-0.16202243222521817
2024-04-02T00:00:00+0000,2024-04-03T00:00:00+0000,2023-12-31T23:59:59+0000,XGB_V3_1_Y2024_N3648_P858_SEED42,65463.99,0.0429734572391427,0.4967110339296903,0.08243798382676104,0.10565983999727147,-0.10412165138661778,-0.23064424391412028,0.15682224675933,0.49178263545036316,BEAR,3,NONE,,True,True,3648,858,2790,3.2517482517482517,0.0,2024-06-01T00:00:00+0000,-0.10844160278039872
2024-04-03T00:00:00+0000,2024-04-04T00:00:00+0000,2023-12-31T23:59:59+0000,XGB_V3_1_Y2024_N3648_P858_SEED42,65963.28,0.04551004121409319,0.5013635480271783,0.07904135194323314,0.10431906644737654,-0.09728883993288306,-0.16398910420742777,0.15198883004987962,0.48910680413246155,BEAR,3,NONE,,True,True,3648,858,2790,3.2517482517482517,0.0,2024-06-02T00:00:00+0000,-0.11518999661629925
2024-04-04T00:00:00+0000,2024-04-05T00:00:00+0000,2023-12-31T23:59:59+0000,XGB_V3_1_Y2024_N3648_P858_SEED42,68487.79,0.0798093872648502,0.5514145771062073,0.0747164090690795,0.10357599145425356,-0.06274078000164507,0.08738214884235843,0.15049859537721952,0.5971430540084839,BEAR,3,NONE,,True,True,3648,858,2790,3.2517482517482517,0.0,2024-06-03T00:00:00+0000,-0.14780474008578748
2024-04-05T00:00:00+0000,2024-04-06T00:00:00+0000,2023-12-31T23:59:59+0000,XGB_V3_1_Y2024_N3648_P858_SEED42,67820.62,0.06394253432528507,0.5291903202253769,0.070224648897524,0.10352386286051973,-0.07187103860403687,0.009626820221830612,0.14696126416554894,0.6192743182182312,BEAR,3,NONE,,True,True,3648,858,2790,3.2517482517482517,0.0,2024-06-04T00:00:00+0000,-0.13942146208630934
2024-04-06T00:00:00+0000,2024-04-07T00:00:00+0000,2023-12-31T23:59:59+0000,XGB_V3_1_Y2024_N3648_P858_SEED42,68896.0,0.07515496769597507,0.5461712022211365,0.06641330789001576,0.10307060621751885,-0.05715440341984068,0.11472729401205982,0.14744673423543708,0.6118500232696533,BEAR,3,NONE,,True,True,3648,858,2790,3.2517482517482517,0.0,2024-06-05T00:00:00+0000,-0.15285401184393865
2024-04-07T00:00:00+0000,2024-04-08T00:00:00+0000,2023-12-31T23:59:59+0000,XGB_V3_1_Y2024_N3648_P858_SEED42,69360.39,0.0764493606878105,0.5492507962104212,0.06295934101925638,0.10261145148154549,-0.050799200409566425,0.1509957294906162,0.1486785520344495,0.6073755025863647,BEAR,3,NONE,,True,True,3648,858,2790,3.2517482517482517,0.0,2024-06-06T00:00:00+0000,-0.15852592524349995
2024-04-08T00:00:00+0000,2024-04-09T00:00:00+0000,2023-12-31T23:59:59+0000,XGB_V3_1_Y2024_N3648_P858_SEED42,71620.0,0.10483658272940444,0.5917133703990898,0.06079077675634492,0.10325041660353307,-0.019876311729693952,0.36519836260663807,0.13219623735569844,0.5368027687072754,BEAR,3,NONE,,True,True,3648,858,2790,3.2517482517482517,0.0,2024-06-07T00:00:00+0000,-0.18507442055291812
2024-04-09T00:00:00+0000,2024-04-10T00:00:00+0000,2023-12-31T23:59:59+0000,XGB_V3_1_Y2024_N3648_P858_SEED42,69146.0,0.060985380113701915,0.5294956131865558,0.058697518919800906,0.1027944194987318,-0.053733139498204685,0.08390266252776232,0.13230494369375806,0.6183554530143738,BEAR,3,NONE,,True,True,3648,858,2790,3.2517482517482517,0.0,2024-06-08T00:00:00+0000,-0.1559169004714661
2024-04-10T00:00:00+0000,2024-04-11T00:00:00+0000,2023-12-31T23:59:59+0000,XGB_V3_1_Y2024_N3648_P858_SEED42,70631.08,0.07769645394157054,0.5547697432060112,0.05658954530925686,0.10285044860018422,-0.03340973699923133,0.22480703425703144,0.12881010230539594,0.6076744794845581,BEAR,3,NONE,,True,True,3648,858,2790,3.2517482517482517,0.0,2024-06-09T00:00:00+0000,-0.17366448311423244
2024-04-11T00:00:00+0000,2024-04-12T00:00:00+0000,2023-12-31T23:59:59+0000,XGB_V3_1_Y2024_N3648_P858_SEED42,70006.23,0.0622765865070547,0.5336290819861553,0.05518018083650067,0.10307783493277456,-0.04196084404496869,0.13662827605789876,0.11170786266053383,0.5951929092407227,BEAR,3,NONE,,True,True,3648,858,2790,3.2517482517482517,0.0,2024-06-10T00:00:00+0000,-0.16628891457231731
2024-04-12T00:00:00+0000,2024-04-13T00:00:00+0000,2023-12-31T23:59:59+0000,XGB_V3_1_Y2024_N3648_P858_SEED42,67116.52,0.013559388367828662,0.46378053282522425,0.0549964875954807,0.1029186496351786,-0.062880201061156,-0.30788308625159155,0.09369514872628466,0.5681852698326111,BEAR,3,NONE,,True,True,3648,858,2790,3.2517482517482517,0.0,2024-06-11T00:00:00+0000,-0.1303933815400441
2024-04-13T00:00:00+0000,2024-04-14T00:00:00+0000,2023-12-31T23:59:59+0000,XGB_V3_1_Y2024_N3648_P858_SEED42,63924.51,-0.038472423380781495,0.38845574957878615,0.05373554224312915,0.10195967889066182,-0.10744889695615745,-0.6475989247842483,0.11246245114866948,0.6171882748603821,BEAR,3,NONE,,True,True,3648,858,2790,3.2517482517482517,0.0,2024-06-12T00:00:00+0000,-0.0869703968008515
2024-04-14T00:00:00+0000,2024-04-15T00:00:00+0000,2023-12-31T23:59:59+0000,XGB_V3_1_Y2024_N3648_P858_SEED42,65661.84,-0.016509997824370126,0.4201315349700454,0.052633156090359456,0.10091390275758427,-0.08319128734990233,-0.3744937359644249,0.11938738080722638,0.5919157266616821,BEAR,3,NONE,,True,True,3648,858,2790,3.2517482517482517,0.0,2024-06-13T00:00:00+0000,-0.11112801590695598
2024-04-15T00:00:00+0000,2024-04-16T00:00:00+0000,2023-12-31T23:59:59+0000,XGB_V3_1_Y2024_N3648_P858_SEED42,63419.99,-0.05340385534431258,0.36626708231324234,0.051036634036622175,0.09947769646264981,-0.11449329796146335,-0.5347480473943925,0.13631875375802152,0.6322808265686035,BEAR,3,NONE,,True,True,3648,858,2790,3.2517482517482517,0.0,2024-06-14T00:00:00+0000,-0.07970704504999127
2024-04-16T00:00:00+0000,2024-04-17T00:00:00+0000,2023-12-31T23:59:59+0000,XGB_V3_1_Y2024_N3648_P858_SEED42,63793.39,-0.05047143128724252,0.3688724242679309,0.04844270694308017,0.09817975256157174,-0.10927967048310527,-0.42911352476971515,0.1481010708874165,0.6110682487487793,BEAR,3,NONE,,True,True,3648,858,2790,3.2517482517482517,0.0,2024-06-15T00:00:00+0000,-0.08509376911933975
2024-04-17T00:00:00+0000,2024-04-18T00:00:00+0000,2023-12-31T23:59:59+0000,XGB_V3_1_Y2024_N3648_P858_SEED42,61277.37,-0.08907075062418124,0.31006076400853444,0.04399290641242026,0.0964174614795612,-0.14440980173135987,-0.5586775332682051,0.16855438739718495,0.6483986377716064,BEAR,3,NONE,,True,True,3648,858,2790,3.2517482517482517,0.0,2024-06-16T00:00:00+0000,-0.04752814946202821
2024-04-18T00:00:00+0000,2024-04-19T00:00:00+0000,2023-12-31T23:59:59+0000,XGB_V3_1_Y2024_N3648_P858_SEED42,63470.08,-0.056765731374162076,0.35181251830166715,0.038037885262933946,0.09484122978684595,-0.1137939123149958,-0.32790584025429953,0.1747700803520868,0.6322445869445801,BEAR,3,NONE,,True,True,3648,858,2790,3.2517482517482517,0.0,2024-06-17T00:00:00+0000,-0.08043333173678058
2024-04-19T00:00:00+0000,2024-04-20T00:00:00+0000,2023-12-31T23:59:59+0000,XGB_V3_1_Y2024_N3648_P858_SEED42,63818.01,-0.05235194707669344,0.35398543757256484,0.033328769067704656,0.09349943833499941,-0.10893591175649253,-0.26953142860404244,0.17833025669715238,0.6470609307289124,BEAR,3,NONE,,True,True,3648,858,2790,3.2517482517482517,0.0,2024-06-18T00:00:00+0000,-0.08544672577537282
2024-04-20T00:00:00+0000,2024-04-21T00:00:00+0000,2023-12-31T23:59:59+0000,XGB_V3_1_Y2024_N3648_P858_SEED42,64940.59,-0.03641300733165831,0.37234117019664525,0.02831437745168186,0.09214273900579806,-0.09326179838034077,-0.15607887477232385,0.17118929491720575,0.6503771543502808,BEAR,3,NONE,,True,True,3648,858,2790,3.2517482517482517,0.0,2024-06-19T00:00:00+0000,-0.10125593253772402
2024-04-21T00:00:00+0000,2024-04-22T00:00:00+0000,2023-12-31T23:59:59+0000,XGB_V3_1_Y2024_N3648_P858_SEED42,64941.15,-0.03724863542936463,0.3669853370769436,0.023544551947013215,0.09100156216631805,-0.09325397933538115,-0.13819863383227537,0.1683391538349185,0.6470609307289124,BEAR,3,NONE,,True,True,3648,858,2790,3.2517482517482517,0.0,2024-06-20T00:00:00+0000,-0.10126368258030538
2024-04-22T00:00:00+0000,2024-04-23T00:00:00+0000,2023-12-31T23:59:59+0000,XGB_V3_1_Y2024_N3648_P858_SEED42,66819.32,-0.010491907574750492,0.4007103252107558,0.019770564346177633,0.09065955918428426,-0.06702987992180942,0.02363039059664177,0.16761348966645168,0.6620064377784729,BEAR,3,NONE,,True,True,3648,858,2790,3.2517482517482517,0.0,2024-06-21T00:00:00+0000,-0.12652553183719928
2024-04-23T00:00:00+0000,2024-04-24T00:00:00+0000,2023-12-31T23:59:59+0000,XGB_V3_1_Y2024_N3648_P858_SEED42,66414.0,-0.01596032811480763,0.3866207797506849,0.015176058364938072,0.09014824081825101,-0.07268919296285958,-0.014739129327070574,0.16737297949108643,0.6806268692016602,BEAR,3,NONE,,True,True,3648,858,2790,3.2517482517482517,0.0,2024-06-22T00:00:00+0000,-0.12119477820941371
2024-04-24T00:00:00+0000,2024-04-25T00:00:00+0000,2023-12-31T23:59:59+0000,XGB_V3_1_Y2024_N3648_P858_SEED42,64289.59,-0.04759680505429642,0.3371946007918376,0.011059497988945122,0.08908244357257233,-0.10235143814576941,-0.18611949452287943,0.1682860932205892,0.68327796459198,BEAR,3,NONE,,True,True,3648,858,2790,3.2517482517482517,0.0,2024-06-23T00:00:00+0000,-0.09215519962096497
2024-04-25T00:00:00+0000,2024-04-26T00:00:00+0000,2023-12-31T23:59:59+0000,XGB_V3_1_Y2024_N3648_P858_SEED42,64498.34,-0.04405803864206581,0.33645214589599726,0.007060527722329457,0.08816539133878454,-0.09943674951130976,-0.15214894458380634,0.16915993436449303,0.79054856300354,BEAR,3,NONE,,True,True,3648,858,2790,3.2517482517482517,0.0,2024-06-24T00:00:00+0000,-0.09509345511837974
2024-04-26T00:00:00+0000,2024-04-27T00:00:00+0000,2023-12-31T23:59:59+0000,XGB_V3_1_Y2024_N3648_P858_SEED42,63770.01,-0.05399659318369898,0.3164261741319221,0.003358512012318071,0.08713517649945102,-0.10960611561016476,-0.1959654589066352,0.1683734320071275,0.7924743294715881,BEAR,3,NONE,,True,True,3648,858,2790,3.2517482517482517,0.0,2024-06-25T00:00:00+0000,-0.08475833703021218
2024-04-27T00:00:00+0000,2024-04-28T00:00:00+0000,2023-12-31T23:59:59+0000,XGB_V3_1_Y2024_N3648_P858_SEED42,63461.98,-0.05726206463244088,0.3052078308636208,0.0007075227129769157,0.08603581790296544,-0.11390700921530295,-0.20193871997291607,0.16511585767517298,0.7893722057342529,BEAR,3,NONE,,True,True,3648,858,2790,3.2517482517482517,0.0,2024-06-26T00:00:00+0000,-0.0803159624077282
2024-04-28T00:00:00+0000,2024-04-29T00:00:00+0000,2023-12-31T23:59:59+0000,XGB_V3_1_Y2024_N3648_P858_SEED42,63118.62,-0.060913396013061116,0.2933257779490832,-0.0011451684781021987,0.08462624494857263,-0.11870120078190449,-0.2206126934811147,0.14644611347102815,0.767623782157898,BEAR,3,NONE,,True,True,3648,858,2790,3.2517482517482517,0.0,2024-06-27T00:00:00+0000,-0.0753129583631581
2024-04-29T00:00:00+0000,2024-04-30T00:00:00+0000,2023-12-31T23:59:59+0000,XGB_V3_1_Y2024_N3648_P858_SEED42,63866.0,-0.048352459636970546,0.3036837804496044,-0.0034538765087940293,0.08362403237534277,-0.10826584752862334,-0.12305821410488625,0.13709249418954622,0.7178096771240234,BEAR,3,NONE,,True,True,3648,858,2790,3.2517482517482517,0.0,2024-06-28T00:00:00+0000,-0.08613393667992353
2024-04-30T00:00:00+0000,2024-05-01T00:00:00+0000,2023-12-31T23:59:59+0000,XGB_V3_1_Y2024_N3648_P858_SEED42,60672.0,-0.09286174503993616,0.23422625479422599,-0.007593664226476338,0.08209094820369711,-0.15286232895839147,-0.4726797900348121,0.12444617868382714,0.5641307234764099,BEAR,3,NONE,,True,True,3648,858,2790,3.2517482517482517,0.0,2024-06-29T00:00:00+0000,-0.03802462420886077
2024-05-01T00:00:00+0000,2024-05-02T00:00:00+0000,2023-12-31T23:59:59+0000,XGB_V3_1_Y2024_N3648_P858_SEED42,58364.97,-0.12392689319945993,0.1835018696084596,-0.012343137498002643,0.08035618651717158,-0.18507442055291812,-0.6889642044684907,0.12534990160518036,0.30651870369911194,BEAR,3,NONE,,True,True,3648,858,2790,3.2517482517482517,0.0,2024-06-30T00:00:00+0000,0.011918793070569533
2024-05-02T00:00:00+0000,2024-05-03T00:00:00+0000,2023-12-31T23:59:59+0000,XGB_V3_1_Y2024_N3648_P858_SEED42,59060.61,-0.10974035856279274,0.19374609469574233,-0.017576955354676183,0.07902747036183899,-0.17536149120357436,-0.5216273371614457,0.13343951779115112,0.3241233825683594,BEAR,3,NONE,,True,True,3648,858,2790,3.2517482517482517,0.0,2024-07-01T00:00:00+0000,0.020871609690451987
2024-05-03T00:00:00+0000,2024-05-04T00:00:00+0000,2023-12-31T23:59:59+0000,XGB_V3_1_Y2024_N3648_P858_SEED42,62882.01,-0.04970072000218517,0.2665841956971733,-0.019564597516439575,0.0783431557058738,-0.12200488690309963,-0.06430085940926225,0.13362645598922707,0.3204455077648163,BEAR,3,NONE,,True,True,3648,858,2790,3.2517482517482517,0.0,2024-07-02T00:00:00+0000,-0.04116773620945002
2024-05-04T00:00:00+0000,2024-05-05T00:00:00+0000,2023-12-31T23:59:59+0000,XGB_V3_1_Y2024_N3648_P858_SEED42,63892.04,-0.03279736193692795,0.2823442596761798,-0.021390404055151135,0.07760015612790494,-0.10790226193800612,0.0671821975684625,0.13008411286714391,0.3204455077648163,BEAR,3,NONE,,True,True,3648,858,2790,3.2517482517482517,0.0,2024-07-03T00:00:00+0000,-0.05765131305871596
2024-05-05T00:00:00+0000,2024-05-06T00:00:00+0000,2023-12-31T23:59:59+0000,XGB_V3_1_Y2024_N3648_P858_SEED42,64012.0,-0.030603190339842823,0.2801666413307853,-0.02131530061243092,0.07721979685121916,-0.10622731080703718,0.07795205083200832,0.13035193087246857,0.3204455077648163,BEAR,3,NONE,,True,True,3648,858,2790,3.2517482517482517,0.0,2024-07-04T00:00:00+0000,-0.10876070111854019
2024-05-06T00:00:00+0000,2024-05-07T00:00:00+0000,2023-12-31T23:59:59+0000,XGB_V3_1_Y2024_N3648_P858_SEED42,63165.19,-0.04191009228836029,0.25889458215294936,-0.021979953281591302,0.07665295278088591,-0.11805096341803967,-0.02078224014228233,0.13029462613391435,0.3204455077648163,BEAR,3,NONE,,True,True,3648,858,2790,3.2517482517482517,0.0,2024-07-05T00:00:00+0000,-0.10348104707672057
2024-05-07T00:00:00+0000,2024-05-08T00:00:00+0000,2023-12-31T23:59:59+0000,XGB_V3_1_Y2024_N3648_P858_SEED42,62312.08,-0.0533286027778298,0.2378652677721116,-0.022199267499137587,0.07619307547284881,-0.12996258028483665,-0.132987077298025,0.12768323574224755,0.3096558153629303,BEAR,3,NONE,,True,True,3648,858,2790,3.2517482517482517,0.0,2024-07-06T00:00:00+0000,-0.0912068735307825
2024-05-08T00:00:00+0000,2024-05-09T00:00:00+0000,2023-12-31T23:59:59+0000,XGB_V3_1_Y2024_N3648_P858_SEED42,61193.03,-0.07011936593140211,0.21186905991449012,-0.02090934535475386,0.07545855461616813,-0.13362460265367604,-0.25031670088683955,0.1314217193485744,0.31592538952827454,BEAR,3,NONE,,True,True,3648,858,2790,3.2517482517482517,0.0,2024-07-07T00:00:00+0000,-0.08718672698508312
2024-05-09T00:00:00+0000,2024-05-10T00:00:00+0000,2023-12-31T23:59:59+0000,XGB_V3_1_Y2024_N3648_P858_SEED42,63074.01,-0.040145794577834626,0.24504162409730346,-0.020844690081344597,0.07482388132866236,-0.10699355014817835,-0.019677932721303207,0.1312837625151491,0.3204455077648163,BEAR,3,NONE,,True,True,3648,858,2790,3.2517482517482517,0.0,2024-07-08T00:00:00+0000,-0.11440845444898784
2024-05-10T00:00:00+0000,2024-05-11T00:00:00+0000,2023-12-31T23:59:59+0000,XGB_V3_1_Y2024_N3648_P858_SEED42,60799.99,-0.07342580222266237,0.19687819390468153,-0.018910842313125342,0.07349349140463679,-0.131506010250802,-0.26531190009156996,0.13337301092657614,0.2588752508163452,BEAR,3,NONE,,True,True,3648,858,2790,3.2517482517482517,0.0,2024-07-09T00:00:00+0000,-0.08128586863254417
2024-05-11T00:00:00+0000,2024-05-12T00:00:00+0000,2023-12-31T23:59:59+0000,XGB_V3_1_Y2024_N3648_P858_SEED42,60825.99,-0.07218949592891766,0.1942276774060394,-0.015948147204770224,0.07212626423354873,-0.09372550901030041,-0.23725845928032568,0.13408318074920575,0.2588752508163452,BEAR,3,NONE,,True,True,3648,858,2790,3.2517482517482517,0.0,2024-07-10T00:00:00+0000,-0.08167857193939632
2024-05-12T00:00:00+0000,2024-05-13T00:00:00+0000,2023-12-31T23:59:59+0000,XGB_V3_1_Y2024_N3648_P858_SEED42,61483.99,-0.06143513460595296,0.20395683599817893,-0.01254683043693361,0.07052645639041111,-0.07984711607361472,-0.1404069680698853,0.12225489559539006,0.22858121991157532,BEAR,3,NONE,,True,True,3648,858,2790,3.2517482517482517,0.0,2024-07-11T00:00:00+0000,-0.09150642305419676
2024-05-13T00:00:00+0000,2024-05-14T00:00:00+0000,2023-12-31T23:59:59+0000,XGB_V3_1_Y2024_N3648_P858_SEED42,62940.08,-0.03795349937794623,0.2290053533288463,-0.011298458492764785,0.06923110015405864,-0.05805566414025176,0.08176671605313353,0.10899029156498925,0.19302040338516235,BEAR,3,NONE,,True,True,3648,858,2790,3.2517482517482517,0.0,2024-07-12T00:00:00+0000,-0.11252400696027087
2024-05-14T00:00:00+0000,2024-05-15T00:00:00+0000,2023-12-31T23:59:59+0000,XGB_V3_1_Y2024_N3648_P858_SEED42,61577.49,-0.05638586036456461,0.19915727277397588,-0.012133495909420366,0.06807019214464982,-0.07844782018134888,-0.10168116169253147,0.10601647683269608,0.20113861560821533,BEAR,3,NONE,,True,True,3648,858,2790,3.2517482517482517,0.0,2024-07-13T00:00:00+0000,-0.0928858906071034
2024-05-15T00:00:00+0000,2024-05-16T00:00:00+0000,2023-12-31T23:59:59+0000,XGB_V3_1_Y2024_N3648_P858_SEED42,66206.5,0.015726321266460896,0.28528197569694114,-0.012893271361801628,0.06735057335288208,-0.009171299558271562,0.5374523851000075,0.11559387771257498,0.11182580143213272,BEAR,3,NONE,,True,True,3648,858,2790,3.2517482517482517,0.0,2024-07-14T00:00:00+0000,-0.15630927476909373
2024-05-16T00:00:00+0000,2024-05-17T00:00:00+0000,2023-12-31T23:59:59+0000,XGB_V3_1_Y2024_N3648_P858_SEED42,65235.21,0.002127138771842896,0.2626623115747859,-0.012612329503852049,0.06653440717800407,-0.0237073648759073,0.37485580652321804,0.12088813740479863,0.20466986298561096,BEAR,3,NONE,,True,True,3648,858,2790,3.2517482517482517,0.0,2024-07-15T00:00:00+0000,-0.1437475253011372
2024-05-17T00:00:00+0000,2024-05-18T00:00:00+0000,2023-12-31T23:59:59+0000,XGB_V3_1_Y2024_N3648_P858_SEED42,67024.0,0.03079579012934963,0.29321162531494616,-0.01216430771807775,0.0659253624619871,0.0,0.5210461422830457,0.13611571395410324,0.14474394917488098,BEAR,3,NONE,,True,True,3648,858,2790,3.2517482517482517,0.0,2024-07-16T00:00:00+0000,-0.1665998746717594
2024-05-18T00:00:00+0000,2024-05-19T00:00:00+0000,2023-12-31T23:59:59+0000,XGB_V3_1_Y2024_N3648_P858_SEED42,66915.2,0.030052515480781583,0.28710465643845495,-0.01283293301920485,0.06527407412088326,-0.0016232991167343114,0.44446380396784296,0.14838323618600263,0.1767643690109253,BEAR,3,NONE,,True,True,3648,858,2790,3.2517482517482517,0.0,2024-07-17T00:00:00+0000,-0.16524481732102725
2024-05-19T00:00:00+0000,2024-05-20T00:00:00+0000,2023-12-31T23:59:59+0000,XGB_V3_1_Y2024_N3648_P858_SEED42,66274.01,0.021222515066936065,0.27100011097996024,-0.012407695539249253,0.06438857979336299,-0.011189872284554814,0.345943882223463,0.15527347440403572,0.1767643690109253,BEAR,3,NONE,,True,True,3648,858,2790,3.2517482517482517,0.0,2024-07-18T00:00:00+0000,-0.15716870006809602
2024-05-20T00:00:00+0000,2024-05-21T00:00:00+0000,2023-12-31T23:59:59+0000,XGB_V3_1_Y2024_N3648_P858_SEED42,71446.62,0.10087122833343254,0.3654206034206944,-0.010941770199996759,0.06444127242953668,0.0,0.6647655487905882,0.19000657145724964,0.1805642992258072,BEAR,3,NONE,,True,True,3648,858,2790,3.2517482517482517,0.0,2024-07-19T00:00:00+0000,-0.21818820820355112
2024-05-21T00:00:00+0000,2024-05-22T00:00:00+0000,2023-12-31T23:59:59+0000,XGB_V3_1_Y2024_N3648_P858_SEED42,70148.34,0.08070090419446818,0.33608554803752977,-0.009893339023588132,0.06463273004217629,-0.018171328468722492,0.4916100640854578,0.19459909886228008,0.1913560926914215,BEAR,3,NONE,,True,True,3648,858,2790,3.2517482517482517,0.0,2024-07-20T00:00:00+0000,-0.2037187195021294
2024-05-22T00:00:00+0000,2024-05-23T00:00:00+0000,2023-12-31T23:59:59+0000,XGB_V3_1_Y2024_N3648_P858_SEED42,69166.62,0.0643623103485127,0.31312228944857035,-0.008005383800918642,0.06464646307236133,-0.03191193649188728,0.3754463459572735,0.19143460565444154,0.23494307696819305,BEAR,3,NONE,,True,True,3648,858,2790,3.2517482517482517,0.0,2024-07-21T00:00:00+0000,-0.19241665994377055
2024-05-23T00:00:00+0000,2024-05-24T00:00:00+0000,2023-12-31T23:59:59+0000,XGB_V3_1_Y2024_N3648_P858_SEED42,67969.65,0.04529741309780544,0.2863734955716368,-0.006097159890405934,0.06427926158419006,-0.04866528325622688,0.2528173118198331,0.19455926464632614,0.24538551270961761,BEAR,3,NONE,,True,True,3648,858,2790,3.2517482517482517,0.0,2024-07-22T00:00:00+0000,-0.17819482666160558
2024-05-24T00:00:00+0000,2024-05-25T00:00:00+0000,2023-12-31T23:59:59+0000,XGB_V3_1_Y2024_N3648_P858_SEED42,68549.99,0.05420222677377251,0.2932566661490559,-0.003549053227581811,0.06385036584440762,-0.040542575701971506,0.27207640936014044,0.19978102951097423,0.24866679310798645,BEAR,3,NONE,,True,True,3648,858,2790,3.2517482517482517,0.0,2024-07-23T00:00:00+0000,-0.18515217872387735
2024-05-25T00:00:00+0000,2024-05-26T00:00:00+0000,2023-12-31T23:59:59+0000,XGB_V3_1_Y2024_N3648_P858_SEED42,69290.57,0.06510975105566308,0.30306252651783994,-0.0019418381698184106,0.0634424394944475,-0.03017707485672505,0.29777178313973685,0.20632444670044828,0.23494307696819305,BEAR,3,NONE,,True,True,3648,858,2790,3.2517482517482517,0.0,2024-07-24T00:00:00+0000,-0.19386130031835513
2024-05-26T00:00:00+0000,2024-05-27T00:00:00+0000,2023-12-31T23:59:59+0000,XGB_V3_1_Y2024_N3648_P858_SEED42,68507.67,0.05320103030454382,0.28436829176077727,-0.0007626003982300622,0.06306832820773223,-0.04113490603194381,0.21765422094701242,0.20752103153042897,0.22583793103694916,BEAR,3,NONE,,True,True,3648,858,2790,3.2517482517482517,0.0,2024-07-25T00:00:00+0000,-0.1846488137751583
2024-05-27T00:00:00+0000,2024-05-28T00:00:00+0000,2023-12-31T23:59:59+0000,XGB_V3_1_Y2024_N3648_P858_SEED42,69436.43,0.06745434294252206,0.29779810577674626,0.00041540036839626815,0.06287300571136467,-0.02813555070904683,0.2585607608195557,0.20734510581992632,0.21520742774009705,BEAR,3,NONE,,True,True,3648,858,2790,3.2517482517482517,0.0,2024-07-26T00:00:00+0000,-0.19555469657642244
2024-05-28T00:00:00+0000,2024-05-29T00:00:00+0000,2023-12-31T23:59:59+0000,XGB_V3_1_Y2024_N3648_P858_SEED42,68398.39,0.052538997718614144,0.2746923361654072,0.0003276423857510036,0.06265978151181772,-0.04266443954941457,0.16283811727120986,0.19785051489060987,0.22276858985424042,BEAR,3,NONE,,True,True,3648,858,2790,3.2517482517482517,0.0,2024-07-27T00:00:00+0000,-0.18334612846881337
2024-05-29T00:00:00+0000,2024-05-30T00:00:00+0000,2023-12-31T23:59:59+0000,XGB_V3_1_Y2024_N3648_P858_SEED42,67652.42,0.041538512490249424,0.25721454822353174,0.0008872002164423964,0.06220261630155832,-0.05310538133224496,0.09045502126702314,0.1928584599345835,0.22462792694568634,BEAR,3,NONE,,True,True,3648,858,2790,3.2517482517482517,0.0,2024-07-28T00:00:00+0000,-0.1743412874217951
2024-05-30T00:00:00+0000,2024-05-31T00:00:00+0000,2023-12-31T23:59:59+0000,XGB_V3_1_Y2024_N3648_P858_SEED42,68352.17,0.053050390465004815,0.26653623888460953,0.00013352836096025555,0.062383049798781176,-0.04331135608654402,0.1257068914701586,0.17631430148042726,0.22583793103694916,BEAR,3,NONE,,True,True,3648,858,2790,3.2517482517482517,0.0,2024-07-29T00:00:00+0000,-0.18279390398285822
2024-05-31T00:00:00+0000,2024-06-01T00:00:00+0000,2023-12-31T23:59:59+0000,XGB_V3_1_Y2024_N3648_P858_SEED42,67540.01,0.04132936339703286,0.24789429647335637,-0.0007799902637559697,0.06262802815476731,-0.05467872378007521,0.03211211354361476,0.1548765201765592,0.22462792694568634,BEAR,3,NONE,,True,True,3648,858,2790,3.2517482517482517,0.0,2024-07-30T00:00:00+0000,-0.17296710497970014
2024-06-01T00:00:00+0000,2024-06-02T00:00:00+0000,2023-12-31T23:59:59+0000,XGB_V3_1_Y2024_N3648_P858_SEED42,67766.85,0.044617291468203035,0.24837014910631505,-0.001718500540877077,0.06297438007673017,-0.05150376602839979,0.02746807771364269,0.1331464392345786,0.23069149255752563,BEAR,3,NONE,,True,True,3648,858,2790,3.2517482517482517,0.0,2024-07-31T00:00:00+0000,-0.1757354812862042
2024-06-02T00:00:00+0000,2024-06-03T00:00:00+0000,2023-12-31T23:59:59+0000,XGB_V3_1_Y2024_N3648_P858_SEED42,67765.63,0.043362927192214684,0.2449182915584338,-0.0011531118535046403,0.06290663032470833,-0.051520841713715626,0.0005588772418201549,0.11728223316879094,0.17744296789169312,BEAR,3,NONE,,True,True,3648,858,2790,3.2517482517482517,0.0,2024-08-01T00:00:00+0000,-0.1757206418652052
2024-06-03T00:00:00+0000,2024-06-04T00:00:00+0000,2023-12-31T23:59:59+0000,XGB_V3_1_Y2024_N3648_P858_SEED42,68809.9,0.05841515720387358,0.2603231509520978,-0.000203966246146714,0.06322009482602886,-0.036904754906530224,0.12270509196619833,0.08219759808287158,0.09105096012353897,BEAR,3,NONE,,True,True,3648,858,2790,3.2517482517482517,0.0,2024-08-02T00:00:00+0000,-0.1882300366662355
2024-06-04T00:00:00+0000,2024-06-05T00:00:00+0000,2023-12-31T23:59:59+0000,XGB_V3_1_Y2024_N3648_P858_SEED42,70537.84,0.08262324360141848,0.2879707160611027,0.0015324757269497002,0.06319752139884627,-0.012719705984691743,0.38663408003823074,0.0832047685694389,0.05206359922885895,BEAR,3,NONE,,True,True,3648,858,2790,3.2517482517482517,0.0,2024-08-03T00:00:00+0000,-0.2081156723823695
2024-06-05T00:00:00+0000,2024-06-06T00:00:00+0000,2023-12-31T23:59:59+0000,XGB_V3_1_Y2024_N3648_P858_SEED42,71108.0,0.08892914400478746,0.2943000248615981,0.003901077990299484,0.06338041445956111,-0.004739482427580155,0.45663922819683966,0.07897073594499637,0.05079469084739685,BEAR,3,NONE,,True,True,3648,858,2790,3.2517482517482517,0.0,2024-08-04T00:00:00+0000,-0.21446517972661305
2024-06-06T00:00:00+0000,2024-06-07T00:00:00+0000,2023-12-31T23:59:59+0000,XGB_V3_1_Y2024_N3648_P858_SEED42,70799.06,0.08104551620875955,0.2847668234482874,0.006805168384037996,0.06326724530040329,-0.009063549822230899,0.3580980022183052,0.08023114179981664,0.050234973430633545,BEAR,3,NONE,,True,True,3648,858,2790,3.2517482517482517,0.0,2024-08-05T00:00:00+0000,-0.23701232756480106
2024-06-07T00:00:00+0000,2024-06-08T00:00:00+0000,2023-12-31T23:59:59+0000,XGB_V3_1_Y2024_N3648_P858_SEED42,69355.6,0.05710504447077702,0.2549397728662801,0.009614791512507326,0.06303540870300295,-0.029266884843537566,0.07842909738307678,0.0761598550773864,0.07594699412584305,BEAR,3,NONE,,True,True,3648,858,2790,3.2517482517482517,0.0,2024-08-06T00:00:00+0000,-0.2211326843110002
2024-06-08T00:00:00+0000,2024-06-09T00:00:00+0000,2023-12-31T23:59:59+0000,XGB_V3_1_Y2024_N3648_P858_SEED42,69310.46,0.0546512287729759,0.25032573578901474,0.011770272799615622,0.06310938048119508,-0.02989868520022343,0.04622071126667498,0.0672738450735404,0.06943818181753159,BEAR,3,NONE,,True,True,3648,858,2790,3.2517482517482517,0.0,2024-08-07T00:00:00+0000,-0.2206254294084905
2024-06-09T00:00:00+0000,2024-06-10T00:00:00+0000,2023-12-31T23:59:59+0000,XGB_V3_1_Y2024_N3648_P858_SEED42,69648.14,0.05827336343970768,0.25277430929548883,0.013931240275788737,0.062481673927302195,-0.02517235944821461,0.15446079878835042,0.06027513629091295,0.06424026191234589,BEAR,3,NONE,,True,True,3648,858,2790,3.2517482517482517,0.0,2024-08-08T00:00:00+0000,-0.22440412622648642
2024-06-10T00:00:00+0000,2024-06-11T00:00:00+0000,2023-12-31T23:59:59+0000,XGB_V3_1_Y2024_N3648_P858_SEED42,69540.0,0.055155589443809605,0.24721219758678892,0.016120414462346355,0.06196744850605396,-0.026685936997439375,0.13915741700493434,0.05883572253066234,0.06424026191234589,BEAR,3,NONE,,True,True,3648,858,2790,3.2517482517482517,0.0,2024-08-09T00:00:00+0000,-0.2231980155306299
2024-06-11T00:00:00+0000,2024-06-12T00:00:00+0000,2023-12-31T23:59:59+0000,XGB_V3_1_Y2024_N3648_P858_SEED42,67314.24,0.021229946793736243,0.2040965646798869,0.01606926989483104,0.061339308731035214,-0.0578387053159406,-0.36455220360807883,0.062458320065061954,0.07663209736347198,BEAR,3,NONE,,True,True,3648,858,2790,3.2517482517482517,0.0,2024-08-10T00:00:00+0000,-0.19751288880332019
2024-06-12T00:00:00+0000,2024-06-13T00:00:00+0000,2023-12-31T23:59:59+0000,XGB_V3_1_Y2024_N3648_P858_SEED42,68263.99,0.035057677348123484,0.21776530967131147,0.01543712886633175,0.060913853521279204,-0.04454556422683098,-0.14868843254226094,0.06182770978853936,0.06999080628156662,BEAR,3,NONE,,True,True,3648,858,2790,3.2517482517482517,0.0,2024-08-11T00:00:00+0000,-0.20867781095127913
2024-06-13T00:00:00+0000,2024-06-14T00:00:00+0000,2023-12-31T23:59:59+0000,XGB_V3_1_Y2024_N3648_P858_SEED42,66773.01,0.011688681986642635,0.18806001729646304,0.015217712514952186,0.060327202436185834,-0.06541401118765311,-0.43865178925145537,0.06743896731468277,0.0846591591835022,BEAR,3,NONE,,True,True,3648,858,2790,3.2517482517482517,0.0,2024-08-12T00:00:00+0000,-0.1910083130893755
2024-06-14T00:00:00+0000,2024-06-15T00:00:00+0000,2023-12-31T23:59:59+0000,XGB_V3_1_Y2024_N3648_P858_SEED42,66043.99,0.00017473226649245,0.1720857534547895,0.013474007244834274,0.05965633137870796,-0.07561771291630015,-0.5004261202274065,0.07575028383346138,0.11264139413833618,BEAR,3,NONE,,True,True,3648,858,2790,3.2517482517482517,0.0,2024-08-13T00:00:00+0000,-0.1820783389979922
2024-06-15T00:00:00+0000,2024-06-16T00:00:00+0000,2023-12-31T23:59:59+0000,XGB_V3_1_Y2024_N3648_P858_SEED42,66228.25,0.002218971131469072,0.17240030514121818,0.011956438325875896,0.05905309774661771,-0.07303872457507432,-0.4105492069289453,0.0818873128308222,0.10794544219970703,BEAR,3,NONE,,True,True,3648,858,2790,3.2517482517482517,0.0,2024-08-14T00:00:00+0000,-0.18435395771441954
2024-06-16T00:00:00+0000,2024-06-17T00:00:00+0000,2023-12-31T23:59:59+0000,XGB_V3_1_Y2024_N3648_P858_SEED42,66676.87,0.008027032405717005,0.17733843778589753,0.009995674997062665,0.05850675410427897,-0.06675963117639439,-0.2976562443152427,0.08435864453151382,0.09714458137750626,BEAR,3,NONE,,True,True,3648,858,2790,3.2517482517482517,0.0,2024-08-15T00:00:00+0000,-0.18984184470566778
2024-06-17T00:00:00+0000,2024-06-18T00:00:00+0000,2023-12-31T23:59:59+0000,XGB_V3_1_Y2024_N3648_P858_SEED42,66504.33,0.0043903529419611065,0.17131560490337394,0.009215708856898708,0.05812137791327587,-0.06917458096688123,-0.2991900833581548,0.0878516280532389,0.1784820258617401,BEAR,3,NONE,,True,True,3648,858,2790,3.2517482517482517,0.0,2024-08-16T00:00:00+0000,-0.18773995618029693
2024-06-18T00:00:00+0000,2024-06-19T00:00:00+0000,2023-12-31T23:59:59+0000,XGB_V3_1_Y2024_N3648_P858_SEED42,65175.32,-0.016070322611648757,0.14523637420815683,0.007927266596915228,0.05758212137834562,-0.08777602075507551,-0.4563277990578227,0.0964422596291629,0.1804787516593933,BEAR,3,NONE,,True,True,3648,858,2790,3.2517482517482517,0.0,2024-08-17T00:00:00+0000,-0.17117691175125804
2024-06-19T00:00:00+0000,2024-06-20T00:00:00+0000,2023-12-31T23:59:59+0000,XGB_V3_1_Y2024_N3648_P858_SEED42,64974.37,-0.020376555193116985,0.1391508184640431,0.007792795281279741,0.05688118005707321,-0.08625794566012257,-0.4248396600091082,0.10495724780355198,0.1813754290342331,BEAR,3,NONE,,True,True,3648,858,2790,3.2517482517482517,0.0,2024-08-18T00:00:00+0000,-0.168613562547817
2024-06-20T00:00:00+0000,2024-06-21T00:00:00+0000,2023-12-31T23:59:59+0000,XGB_V3_1_Y2024_N3648_P858_SEED42,64869.99,-0.023865021713702417,0.13484391549089825,0.00836037980041704,0.05614701673701861,-0.08772585363109642,-0.3931332414059707,0.11255384202261323,0.18068277835845947,BEAR,3,NONE,,True,True,3648,858,2790,3.2517482517482517,0.0,2024-08-19T00:00:00+0000,-0.16727580812021092
2024-06-21T00:00:00+0000,2024-06-22T00:00:00+0000,2023-12-31T23:59:59+0000,XGB_V3_1_Y2024_N3648_P858_SEED42,64143.56,-0.03627025616990953,0.119965510189467,0.009751232039128865,0.0550535125465339,-0.09794172245035726,-0.427336831923692,0.12267175566074003,0.19661661982536316,BEAR,3,NONE,,True,True,3648,858,2790,3.2517482517482517,0.0,2024-08-20T00:00:00+0000,-0.1578451523426514
2024-06-22T00:00:00+0000,2024-06-23T00:00:00+0000,2023-12-31T23:59:59+0000,XGB_V3_1_Y2024_N3648_P858_SEED42,64262.01,-0.03489080504980524,0.12005957442952497,0.009603236333375564,0.054009561028723674,-0.09627594644765702,-0.368851317879509,0.13070084281678251,0.22713984549045563,BEAR,3,NONE,,True,True,3648,858,2790,3.2517482517482517,0.0,2024-08-21T00:00:00+0000,-0.15939744181671256
2024-06-23T00:00:00+0000,2024-06-24T00:00:00+0000,2023-12-31T23:59:59+0000,XGB_V3_1_Y2024_N3648_P858_SEED42,63210.01,-0.050495591802180106,0.09985962663108916,0.008636804666024567,0.05263931365584407,-0.11107034370253699,-0.4241937540187538,0.14118972336602215,0.2298499196767807,BEAR,3,NONE,,True,True,3648,858,2790,3.2517482517482517,0.0,2024-08-22T00:00:00+0000,-0.14540734924737397
2024-06-24T00:00:00+0000,2024-06-25T00:00:00+0000,2023-12-31T23:59:59+0000,XGB_V3_1_Y2024_N3648_P858_SEED42,60293.3,-0.09329575846218163,0.04755743855576422,0.007038287780075203,0.05093302960882817,-0.15208837261630193,-0.597717775768446,0.16125910505146035,0.36586466431617737,BEAR,3,NONE,,True,True,3648,858,2790,3.2517482517482517,0.0,2024-08-23T00:00:00+0000,-0.1040661234332837
2024-06-25T00:00:00+0000,2024-06-26T00:00:00+0000,2023-12-31T23:59:59+0000,XGB_V3_1_Y2024_N3648_P858_SEED42,61806.01,-0.07016717511691328,0.07219721418432723,0.005877686091966039,0.04923441993352817,-0.13081495752939187,-0.4129734565282588,0.16275772254380538,0.32295656204223633,BEAR,3,NONE,,True,True,3648,858,2790,3.2517482517482517,0.0,2024-08-24T00:00:00+0000,-0.125994219655985
2024-06-26T00:00:00+0000,2024-06-27T00:00:00+0000,2023-12-31T23:59:59+0000,XGB_V3_1_Y2024_N3648_P858_SEED42,60864.99,-0.08392536412938001,0.05430412319520683,0.00446236780888043,0.0476071930941111,-0.14404863025257353,-0.4487109975919404,0.16598350675650014,0.3530765175819397,BEAR,3,NONE,,True,True,3648,858,2790,3.2517482517482517,0.0,2024-08-25T00:00:00+0000,-0.11248141172782578
2024-06-27T00:00:00+0000,2024-06-28T00:00:00+0000,2023-12-31T23:59:59+0000,XGB_V3_1_Y2024_N3648_P858_SEED42,61706.47,-0.07140382765552444,0.06722414362863138,0.003590227636036003,0.04620408520571995,-0.13221480002250097,-0.3358826680228309,0.16730272602357626,0.3345956802368164,BEAR,3,NONE,,True,True,3648,858,2790,3.2517482517482517,0.0,2024-08-26T00:00:00+0000,-0.12458434261431584
2024-06-28T00:00:00+0000,2024-06-29T00:00:00+0000,2023-12-31T23:59:59+0000,XGB_V3_1_Y2024_N3648_P858_SEED42,60427.84,-0.08992061459576084,0.04337995928144878,0.0023945145305901416,0.0447658515913556,-0.15019632108904768,-0.40527051166853506,0.17131633283160272,0.40274205803871155,BEAR,3,NONE,,True,True,3648,858,2790,3.2517482517482517,0.0,2024-08-27T00:00:00+0000,-0.10606088187166707
2024-06-29T00:00:00+0000,2024-06-30T00:00:00+0000,2023-12-31T23:59:59+0000,XGB_V3_1_Y2024_N3648_P858_SEED42,60986.68,-0.08155579731341622,0.051259929449448016,0.001150359709004345,0.043489772710102015,-0.1423372897564268,-0.3272463090058867,0.16659587951023022,0.4297524392604828,BEAR,3,NONE,,True,True,3648,858,2790,3.2517482517482517,0.0,2024-08-28T00:00:00+0000,-0.11425232526184415
2024-06-30T00:00:00+0000,2024-07-01T00:00:00+0000,2023-12-31T23:59:59+0000,XGB_V3_1_Y2024_N3648_P858_SEED42,62772.01,-0.05522293604564077,0.08018168046560614,-0.00022392873909593547,0.04225716880070918,-0.11722998818698316,-0.14234534915084188,0.15249809746868387,0.3217948377132416,BEAR,3,NONE,,True,True,3648,858,2790,3.2517482517482517,0.0,2024-08-29T00:00:00+0000,-0.13944431602556628
2024-07-01T00:00:00+0000,2024-07-02T00:00:00+0000,2023-12-31T23:59:59+0000,XGB_V3_1_Y2024_N3648_P858_SEED42,62899.99,-0.05370007122194398,0.08053594172071277,-0.0013254740381200003,0.041275690631142004,-0.11543019069584293,-0.11111083326672264,0.14696354666944556,0.3217948377132416,BEAR,3,NONE,,True,True,3648,858,2790,3.2517482517482517,0.0,2024-08-30T00:00:00+0000,-0.14119525297221824
2024-07-02T00:00:00+0000,2024-07-03T00:00:00+0000,2023-12-31T23:59:59+0000,XGB_V3_1_Y2024_N3648_P858_SEED42,62135.47,-0.06497553604155037,0.0655541927172596,-0.00198110926175199,0.0402458087752009,-0.12618172357540636,-0.17404860761055568,0.13563071022413473,0.4207359552383423,BEAR,3,NONE,,True,True,3648,858,2790,3.2517482517482517,0.0,2024-08-31T00:00:00+0000,-0.13062844780927874
2024-07-03T00:00:00+0000,2024-07-04T00:00:00+0000,2023-12-31T23:59:59+0000,XGB_V3_1_Y2024_N3648_P858_SEED42,60208.58,-0.09359825429139046,0.030925181936944934,-0.002187873518053496,0.03912708089286698,-0.15327979974123862,-0.35970364084474027,0.13616864354130856,0.4408612847328186,BEAR,3,NONE,,True,True,3648,858,2790,3.2517482517482517,0.0,2024-09-01T00:00:00+0000,-0.10280544732993213
2024-07-04T00:00:00+0000,2024-07-05T00:00:00+0000,2023-12-31T23:59:59+0000,XGB_V3_1_Y2024_N3648_P858_SEED42,57050.01,-0.138774194413825,-0.024466807636004617,-0.003825814796547422,0.0378623517946266,-0.1976991337120999,-0.5915898334024059,0.1562309024426307,0.4612226188182831,BEAR,3,NONE,,True,True,3648,858,2790,3.2517482517482517,0.0,2024-09-02T00:00:00+0000,-0.053132330739293576
2024-07-05T00:00:00+0000,2024-07-06T00:00:00+0000,2023-12-31T23:59:59+0000,XGB_V3_1_Y2024_N3648_P858_SEED42,56628.79,-0.14290580935962305,-0.03282479111888881,-0.006007983406198236,0.03648917188500911,-0.20014771382557905,-0.5368890649022594,0.171718720101103,0.4612226188182831,BEAR,3,NONE,,True,True,3648,858,2790,3.2517482517482517,0.0,2024-09-03T00:00:00+0000,-0.04608927720334488
2024-07-06T00:00:00+0000,2024-07-07T00:00:00+0000,2023-12-31T23:59:59+0000,XGB_V3_1_Y2024_N3648_P858_SEED42,58230.13,-0.11631670650481563,-0.006828280814885179,-0.00822211775539694,0.03526023724889282,-0.16393847703614195,-0.3539566037972257,0.16996434852042744,0.47192710638046265,BEAR,3,NONE,,True,True,3648,858,2790,3.2517482517482517,0.0,2024-09-04T00:00:00+0000,-0.07232200924160737
2024-07-07T00:00:00+0000,2024-07-08T00:00:00+0000,2023-12-31T23:59:59+0000,XGB_V3_1_Y2024_N3648_P858_SEED42,55857.81,-0.14946387369699288,-0.0482797956169736,-0.01170334373398485,0.033709772387889414,-0.19799997530443747,-0.5091093856008807,0.17802935624684857,0.46220216155052185,BEAR,3,NONE,,True,True,3648,858,2790,3.2517482517482517,0.0,2024-09-05T00:00:00+0000,-0.032922880435162116
2024-07-08T00:00:00+0000,2024-07-09T00:00:00+0000,2023-12-31T23:59:59+0000,XGB_V3_1_Y2024_N3648_P858_SEED42,56714.62,-0.13389600818295455,-0.03473815154991167,-0.013795016476549904,0.032432926090654624,-0.18569799566793888,-0.38624363763075337,0.18196966529487402,0.43906843662261963,BEAR,3,NONE,,True,True,3648,858,2790,3.2517482517482517,0.0,2024-09-06T00:00:00+0000,-0.04851747221439551
2024-07-09T00:00:00+0000,2024-07-10T00:00:00+0000,2023-12-31T23:59:59+0000,XGB_V3_1_Y2024_N3648_P858_SEED42,58050.0,-0.10986091387404306,-0.013192933064401613,-0.017885466053173982,0.03135724182759847,-0.16522864538395166,-0.24231550143280492,0.1772987404176216,0.434601366519928,BEAR,3,NONE,,True,True,3648,858,2790,3.2517482517482517,0.0,2024-09-07T00:00:00+0000,-0.07040534022394485
2024-07-10T00:00:00+0000,2024-07-11T00:00:00+0000,2023-12-31T23:59:59+0000,XGB_V3_1_Y2024_N3648_P858_SEED42,57725.85,-0.11144628158543379,-0.019871519026901874,-0.022200177427575296,0.030337792142820508,-0.15437333797804675,-0.2495766144594199,0.1709636098180497,0.43347811698913574,BEAR,3,NONE,,True,True,3648,858,2790,3.2517482517482517,0.0,2024-09-08T00:00:00+0000,-0.0651853545681873
2024-07-11T00:00:00+0000,2024-07-12T00:00:00+0000,2023-12-31T23:59:59+0000,XGB_V3_1_Y2024_N3648_P858_SEED42,57339.89,-0.11416198592916993,-0.02760921952058304,-0.02617532816784074,0.02959781375729298,-0.1600272706005026,-0.26239010392980455,0.16644711000538742,0.45672690868377686,BEAR,3,NONE,,True,True,3648,858,2790,3.2517482517482517,0.0,2024-09-09T00:00:00+0000,-0.058893032407282275
2024-07-12T00:00:00+0000,2024-07-13T00:00:00+0000,2023-12-31T23:59:59+0000,XGB_V3_1_Y2024_N3648_P858_SEED42,57889.1,-0.10288307673370645,-0.019485490716413256,-0.02897338322777332,0.029033682783343062,-0.1330464210015393,-0.18815309036396144,0.1560209284744506,0.4477134346961975,BEAR,3,NONE,,True,True,3648,858,2790,3.2517482517482517,0.0,2024-09-10T00:00:00+0000,-0.06782157608254402
2024-07-13T00:00:00+0000,2024-07-14T00:00:00+0000,2023-12-31T23:59:59+0000,XGB_V3_1_Y2024_N3648_P858_SEED42,59204.02,-0.07984009850712204,0.0013705438593489827,-0.0313871158798299,0.028745114765918567,-0.1120755968299052,-0.027038560834561024,0.14656779994290942,0.4477134346961975,BEAR,3,NONE,,True,True,3648,858,2790,3.2517482517482517,0.0,2024-09-11T00:00:00+0000,-0.08852523865778028
2024-07-14T00:00:00+0000,2024-07-15T00:00:00+0000,2023-12-31T23:59:59+0000,XGB_V3_1_Y2024_N3648_P858_SEED42,60797.91,-0.05256644294768198,0.026821141443603258,-0.03127346302114564,0.028732922617676016,-0.08817090544292183,0.15213802915954203,0.14735517973249504,0.4477134346961975,BEAR,3,NONE,,True,True,3648,858,2790,3.2517482517482517,0.0,2024-09-12T00:00:00+0000,-0.1124206407753161
2024-07-15T00:00:00+0000,2024-07-16T00:00:00+0000,2023-12-31T23:59:59+0000,XGB_V3_1_Y2024_N3648_P858_SEED42,64724.14,0.009808038128861218,0.09108977523269668,-0.02989501862649402,0.02908149632294621,-0.029286467706117536,0.5268959267096969,0.16280311800605046,0.28839191794395447,BEAR,3,NONE,,True,True,3648,858,2790,3.2517482517482517,0.0,2024-09-13T00:00:00+0000,-0.16626207779663038
2024-07-16T00:00:00+0000,2024-07-17T00:00:00+0000,2023-12-31T23:59:59+0000,XGB_V3_1_Y2024_N3648_P858_SEED42,65043.99,0.01619103276986622,0.09436222792138604,-0.028638914239230373,0.029542856168766285,-0.02195857021640546,0.48539583102503914,0.1799244432960453,0.28839191794395447,BEAR,3,NONE,,True,True,3648,858,2790,3.2517482517482517,0.0,2024-09-14T00:00:00+0000,-0.17036193505349218
2024-07-17T00:00:00+0000,2024-07-18T00:00:00+0000,2023-12-31T23:59:59+0000,XGB_V3_1_Y2024_N3648_P858_SEED42,64087.99,0.0026056643956109404,0.07629036596889294,-0.02668064982983931,0.02984564553460034,-0.016683155525741955,0.3676907191342918,0.18826917241210028,0.29823940992355347,BEAR,3,NONE,,True,True,3648,858,2790,3.2517482517482517,0.0,2024-09-15T00:00:00+0000,-0.15798623111756194
2024-07-18T00:00:00+0000,2024-07-19T00:00:00+0000,2023-12-31T23:59:59+0000,XGB_V3_1_Y2024_N3648_P858_SEED42,63987.92,0.0021892226646493818,0.07265487375134061,-0.024958100230199065,0.030014652751851223,-0.016236242579829474,0.32745371576256466,0.1966515725656418,0.34693220257759094,BEAR,3,NONE,,True,True,3648,858,2790,3.2517482517482517,0.0,2024-09-16T00:00:00+0000,-0.15666941510210053
2024-07-19T00:00:00+0000,2024-07-20T00:00:00+0000,2023-12-31T23:59:59+0000,XGB_V3_1_Y2024_N3648_P858_SEED42,66660.0,0.04459347283464954,0.11534642601848888,-0.02147111773297583,0.030221593274428304,0.0,0.47712363572897304,0.21720758837337534,0.21112467348575592,BEAR,3,NONE,,True,True,3648,858,2790,3.2517482517482517,0.0,2024-09-17T00:00:00+0000,-0.19047449744974498
2024-07-20T00:00:00+0000,2024-07-21T00:00:00+0000,2023-12-31T23:59:59+0000,XGB_V3_1_Y2024_N3648_P858_SEED42,67139.96,0.052246601275148796,0.12129519458838,-0.01785208587734688,0.03036687798272375,0.0,0.45747672951367657,0.23515157202281378,0.2252243459224701,BEAR,3,NONE,,True,True,3648,858,2790,3.2517482517482517,0.0,2024-09-18T00:00:00+0000,-0.19626151102860356
2024-07-21T00:00:00+0000,2024-07-22T00:00:00+0000,2023-12-31T23:59:59+0000,XGB_V3_1_Y2024_N3648_P858_SEED42,68165.34,0.06818337910376648,0.1360179979284475,-0.01413999782405384,0.030782494036183827,0.0,0.4667589395066123,0.25629725509990137,0.22979073226451874,BEAR,3,NONE,,True,True,3648,858,2790,3.2517482517482517,0.0,2024-09-19T00:00:00+0000,-0.20835178112512898
2024-07-22T00:00:00+0000,2024-07-23T00:00:00+0000,2023-12-31T23:59:59+0000,XGB_V3_1_Y2024_N3648_P858_SEED42,67532.01,0.05833628607629837,0.12327469568170657,-0.011132186876430028,0.0310023498323293,-0.009291085469536275,0.38373324757306293,0.2718870713103403,0.22979073226451874,BEAR,3,NONE,,True,True,3648,858,2790,3.2517482517482517,0.0,2024-09-20T00:00:00+0000,-0.2009275305147884
2024-07-23T00:00:00+0000,2024-07-24T00:00:00+0000,2023-12-31T23:59:59+0000,XGB_V3_1_Y2024_N3648_P858_SEED42,65936.01,0.03425600104068072,0.09474411315746023,-0.009152721947827347,0.031285254018755815,-0.032704744082549864,0.262884498293176,0.2784773802102576,0.3025912046432495,BEAR,3,NONE,,True,True,3648,858,2790,3.2517482517482517,0.0,2024-09-21T00:00:00+0000,-0.18158575261075083
2024-07-24T00:00:00+0000,2024-07-25T00:00:00+0000,2023-12-31T23:59:59+0000,XGB_V3_1_Y2024_N3648_P858_SEED42,65376.0,0.02713511036987515,0.08352059169346449,-0.008138843107332594,0.0317334274300054,-0.0409202095962552,0.20788136484628778,0.2738616287560307,0.3210812211036682,BEAR,3,NONE,,True,True,3648,858,2790,3.2517482517482517,0.0,2024-09-22T00:00:00+0000,-0.17457522638277045
2024-07-25T00:00:00+0000,2024-07-26T00:00:00+0000,2023-12-31T23:59:59+0000,XGB_V3_1_Y2024_N3648_P858_SEED42,65799.95,0.03552303732369677,0.0885740604765537,-0.00862415450173104,0.032370191124591274,-0.03470077314952147,0.21057292580654682,0.26573402600867513,0.3128131330013275,BEAR,3,NONE,,True,True,3648,858,2790,3.2517482517482517,0.0,2024-09-23T00:00:00+0000,-0.179893449767059
2024-07-26T00:00:00+0000,2024-07-27T00:00:00+0000,2023-12-31T23:59:59+0000,XGB_V3_1_Y2024_N3648_P858_SEED42,67907.99,0.0696715585187786,0.12150466536711546,-0.008166868804514893,0.032752788350026485,-0.003775379100287468,0.30427263730363585,0.2674859274488079,0.22979073226451874,BEAR,3,NONE,,True,True,3648,858,2790,3.2517482517482517,0.0,2024-09-24T00:00:00+0000,-0.20535168247506663
2024-07-27T00:00:00+0000,2024-07-28T00:00:00+0000,2023-12-31T23:59:59+0000,XGB_V3_1_Y2024_N3648_P858_SEED42,67896.5,0.06998240766842057,0.1193012541366949,-0.0072857566542445795,0.03353641227941129,-0.0039439398380466395,0.27966106134178703,0.25366523503150723,0.2321028709411621,BEAR,3,NONE,,True,True,3648,858,2790,3.2517482517482517,0.0,2024-09-25T00:00:00+0000,-0.20521720559969947
2024-07-28T00:00:00+0000,2024-07-29T00:00:00+0000,2023-12-31T23:59:59+0000,XGB_V3_1_Y2024_N3648_P858_SEED42,68249.88,0.07591097984234918,0.12312760383553667,-0.006478459446859097,0.03424375087075093,0.0,0.27799278461300164,0.2403265757621857,0.2321028709411621,BEAR,3,NONE,,True,True,3648,858,2790,3.2517482517482517,0.0,2024-09-26T00:00:00+0000,-0.20933238270895127
2024-07-29T00:00:00+0000,2024-07-30T00:00:00+0000,2023-12-31T23:59:59+0000,XGB_V3_1_Y2024_N3648_P858_SEED42,66784.69,0.05376464226849298,0.09717053790101104,-0.006848985387581941,0.03474373185272106,-0.02146802309396001,0.16309428996914507,0.22581288591390689,0.30039504170417786,BEAR,3,NONE,,True,True,3648,858,2790,3.2517482517482517,0.0,2024-09-27T00:00:00+0000,-0.19198591773054574
2024-07-30T00:00:00+0000,2024-07-31T00:00:00+0000,2023-12-31T23:59:59+0000,XGB_V3_1_Y2024_N3648_P858_SEED42,66188.0,0.04545562326457242,0.08528130865616768,-0.007775129056304397,0.035498818225257134,-0.030210749088496636,0.10210305698253787,0.20429819068892957,0.30639174580574036,BEAR,3,NONE,,True,True,3648,858,2790,3.2517482517482517,0.0,2024-09-28T00:00:00+0000,-0.1847016075421526
2024-07-31T00:00:00+0000,2024-08-01T00:00:00+0000,2023-12-31T23:59:59+0000,XGB_V3_1_Y2024_N3648_P858_SEED42,64628.0,0.021682037942591048,0.05781320551791502,-0.008740941814084136,0.03608577005443592,-0.05306793213409322,-0.05047419666287197,0.1738026680704445,0.432110071182251,BEAR,3,NONE,,True,True,3648,858,2790,3.2517482517482517,0.0,2024-09-29T00:00:00+0000,-0.16502181716902886
2024-08-01T00:00:00+0000,2024-08-02T00:00:00+0000,2023-12-31T23:59:59+0000,XGB_V3_1_Y2024_N3648_P858_SEED42,65354.02,0.03411087917825539,0.06763259010623157,-0.009580436893290356,0.036830373530565286,-0.042430257752834266,-0.023995857420250715,0.13930601469647894,0.4131092131137848,BEAR,3,NONE,,True,True,3648,858,2790,3.2517482517482517,0.0,2024-09-30T00:00:00+0000,-0.17429761780530095
2024-08-02T00:00:00+0000,2024-08-03T00:00:00+0000,2023-12-31T23:59:59+0000,XGB_V3_1_Y2024_N3648_P858_SEED42,61498.33,-0.02527147885379677,0.0030898060156598905,-0.010342238452459518,0.036972217982073285,-0.09892398345608822,-0.5234409313779087,0.1218482931868423,0.4162718951702118,BEAR,3,NONE,,True,True,3648,858,2790,3.2517482517482517,0.0,2024-10-01T00:00:00+0000,-0.12252950608577506
2024-08-03T00:00:00+0000,2024-08-04T00:00:00+0000,2023-12-31T23:59:59+0000,XGB_V3_1_Y2024_N3648_P858_SEED42,60697.99,-0.03632351578452275,-0.011380214690895674,-0.010416880764435477,0.03693411682243242,-0.11065059748090411,-0.6190077993642934,0.12260600440283959,0.41138479113578796,BEAR,3,NONE,,True,True,3648,858,2790,3.2517482517482517,0.0,2024-10-02T00:00:00+0000,-0.11095952271236653
2024-08-04T00:00:00+0000,2024-08-05T00:00:00+0000,2023-12-31T23:59:59+0000,XGB_V3_1_Y2024_N3648_P858_SEED42,58161.0,-0.074230783370277,-0.05388688655129692,-0.011302739393609484,0.036294039902712294,-0.147822677490422,-0.6933203957545715,0.15876169911712948,0.4537862241268158,BEAR,3,NONE,,True,True,3648,858,2790,3.2517482517482517,0.0,2024-10-03T00:00:00+0000,-0.07217946734065783
2024-08-05T00:00:00+0000,2024-08-06T00:00:00+0000,2023-12-31T23:59:59+0000,XGB_V3_1_Y2024_N3648_P858_SEED42,54018.81,-0.1366846229353308,-0.12217461106272398,-0.014389982907777599,0.035358601020441194,-0.20851421277224236,-0.7522798763657425,0.22122306934418884,0.4412684142589569,BEAR,3,NONE,,True,True,3648,858,2790,3.2517482517482517,0.0,2024-10-04T00:00:00+0000,-0.001033713997031671
2024-08-06T00:00:00+0000,2024-08-07T00:00:00+0000,2023-12-31T23:59:59+0000,XGB_V3_1_Y2024_N3648_P858_SEED42,56022.01,-0.10166006814066397,-0.09068306908426871,-0.01724054294103139,0.03465654931396789,-0.1791632454152301,-0.5154462504921821,0.25239487293547924,0.4468391537666321,BEAR,3,NONE,,True,True,3648,858,2790,3.2517482517482517,0.0,2024-10-05T00:00:00+0000,-0.03675412574450654
2024-08-07T00:00:00+0000,2024-08-08T00:00:00+0000,2023-12-31T23:59:59+0000,XGB_V3_1_Y2024_N3648_P858_SEED42,55134.16,-0.11304089925879757,-0.10606905804995082,-0.020077757492252823,0.033900652770012085,-0.19217205949666138,-0.48599193358544523,0.2838663105667665,0.44855862855911255,BEAR,3,NONE,,True,True,3648,858,2790,3.2517482517482517,0.0,2024-10-06T00:00:00+0000,-0.021242547270149847
2024-08-08T00:00:00+0000,2024-08-09T00:00:00+0000,2023-12-31T23:59:59+0000,XGB_V3_1_Y2024_N3648_P858_SEED42,61685.99,-0.006588672940749274,-0.001466937833040749,-0.02022999564215766,0.033638222436795484,-0.09617438155202629,-0.111878170221433,0.28380298851144187,0.434601366519928,BEAR,3,NONE,,True,True,3648,858,2790,3.2517482517482517,0.0,2024-10-07T00:00:00+0000,-0.1251989309079744
2024-08-09T00:00:00+0000,2024-08-10T00:00:00+0000,2023-12-31T23:59:59+0000,XGB_V3_1_Y2024_N3648_P858_SEED42,60837.99,-0.018971125876380834,-0.016886268225721257,-0.020466232772151094,0.033498802410425466,-0.1085993118229659,-0.14231546636557615,0.2832819053561595,0.434601366519928,BEAR,3,NONE,,True,True,3648,858,2790,3.2517482517482517,0.0,2024-10-08T00:00:00+0000,-0.11300537706784852
2024-08-10T00:00:00+0000,2024-08-11T00:00:00+0000,2023-12-31T23:59:59+0000,XGB_V3_1_Y2024_N3648_P858_SEED42,60923.51,-0.016570818138853083,-0.0171739735524703,-0.020652391502056444,0.0330702964122489,-0.10734626932677394,-0.12030379058630485,0.2780096482646799,0.434601366519928,BEAR,3,NONE,,True,True,3648,858,2790,3.2517482517482517,0.0,2024-10-09T00:00:00+0000,-0.11425047571947189
2024-08-11T00:00:00+0000,2024-08-12T00:00:00+0000,2023-12-31T23:59:59+0000,XGB_V3_1_Y2024_N3648_P858_SEED42,58712.59,-0.05055855855564495,-0.05426181759438842,-0.021506702159578395,0.03261068617839036,-0.13974075851854983,-0.2229079866440742,0.27795957510211955,0.434601366519928,BEAR,3,NONE,,True,True,3648,858,2790,3.2517482517482517,0.0,2024-10-10T00:00:00+0000,-0.08089610763211086
2024-08-12T00:00:00+0000,2024-08-13T00:00:00+0000,2023-12-31T23:59:59+0000,XGB_V3_1_Y2024_N3648_P858_SEED42,59346.64,-0.039104704068812834,-0.04553879101997804,-0.0210952861232242,0.03235201222649131,-0.1304506322941521,-0.1681579505247319,0.27838027713932334,0.434601366519928,BEAR,3,NONE,,True,True,3648,858,2790,3.2517482517482517,0.0,2024-10-11T00:00:00+0000,-0.09071566646401541
2024-08-13T00:00:00+0000,2024-08-14T00:00:00+0000,2023-12-31T23:59:59+0000,XGB_V3_1_Y2024_N3648_P858_SEED42,60587.15,-0.0191126544004121,-0.027055931877453476,-0.019340265299998882,0.03207551181891577,-0.11227462964037449,-0.0836722281540361,0.27644480528321735,0.434601366519928,BEAR,3,NONE,,True,True,3648,858,2790,3.2517482517482517,0.0,2024-10-12T00:00:00+0000,-0.10933308465573965
2024-08-14T00:00:00+0000,2024-08-15T00:00:00+0000,2023-12-31T23:59:59+0000,XGB_V3_1_Y2024_N3648_P858_SEED42,58683.39,-0.048972374019788045,-0.05887919983642176,-0.01781582618178279,0.03157839943265772,-0.14016859809863413,-0.17530977409204002,0.2758894785353091,0.434601366519928,BEAR,3,NONE,,True,True,3648,858,2790,3.2517482517482517,0.0,2024-10-13T00:00:00+0000,-0.08043877492421614
2024-08-15T00:00:00+0000,2024-08-16T00:00:00+0000,2023-12-31T23:59:59+0000,XGB_V3_1_Y2024_N3648_P858_SEED42,57541.06,-0.06647932827776593,-0.07834529569527926,-0.014904392763668506,0.031073968586195377,-0.15690606342458047,-0.22047493535243903,0.2675164362658093,0.4419373869895935,BEAR,3,NONE,,True,True,3648,858,2790,3.2517482517482517,0.0,2024-10-14T00:00:00+0000,-0.06218324792765373
2024-08-16T00:00:00+0000,2024-08-17T00:00:00+0000,2023-12-31T23:59:59+0000,XGB_V3_1_Y2024_N3648_P858_SEED42,58874.6,-0.043966104567529474,-0.05816010299688745,-0.01250092500677824,0.030505915099897418,-0.13736698145110304,-0.11960710670992253,0.2509583819802233,0.43665242195129395,BEAR,3,NONE,,True,True,3648,858,2790,3.2517482517482517,0.0,2024-10-15T00:00:00+0000,-0.08342528017175488
2024-08-17T00:00:00+0000,2024-08-18T00:00:00+0000,2023-12-31T23:59:59+0000,XGB_V3_1_Y2024_N3648_P858_SEED42,59491.99,-0.03364692155482518,-0.049541743868580346,-0.009611716899383782,0.03003660307271927,-0.1283209582199999,-0.05644253111981726,0.2253962697696087,0.43665242195129395,BEAR,3,NONE,,True,True,3648,858,2790,3.2517482517482517,0.0,2024-10-16T00:00:00+0000,-0.09293721726235749
2024-08-18T00:00:00+0000,2024-08-19T00:00:00+0000,2023-12-31T23:59:59+0000,XGB_V3_1_Y2024_N3648_P858_SEED42,58427.35,-0.05015056308500243,-0.06773085147381597,-0.009387079895612493,0.029608452870400592,-0.1439201065261947,-0.11529072141731944,0.2048648272984174,0.4419373869895935,BEAR,3,NONE,,True,True,3648,858,2790,3.2517482517482517,0.0,2024-10-17T00:00:00+0000,-0.07640907896729865
2024-08-19T00:00:00+0000,2024-08-20T00:00:00+0000,2023-12-31T23:59:59+0000,XGB_V3_1_Y2024_N3648_P858_SEED42,59438.5,-0.03266391661571266,-0.052832812351542024,-0.009174019541476452,0.0289736692427649,-0.12910469586173634,-0.0060027853851477245,0.18128967407310606,0.43665242195129395,BEAR,3,NONE,,True,True,3648,858,2790,3.2517482517482517,0.0,2024-10-18T00:00:00+0000,-0.0921209317193401
2024-08-20T00:00:00+0000,2024-08-21T00:00:00+0000,2023-12-31T23:59:59+0000,XGB_V3_1_Y2024_N3648_P858_SEED42,59013.8,-0.03835932692589994,-0.060783909116003065,-0.009398613561610536,0.028433758881202253,-0.1353274174254958,-0.021497522949781567,0.1639602307049932,0.43665242195129395,BEAR,3,NONE,,True,True,3648,858,2790,3.2517482517482517,0.0,2024-10-19T00:00:00+0000,-0.0855872694183395
2024-08-21T00:00:00+0000,2024-08-22T00:00:00+0000,2023-12-31T23:59:59+0000,XGB_V3_1_Y2024_N3648_P858_SEED42,61156.03,-0.003133093966943834,-0.028093239882373444,-0.007937458971134403,0.02793155458469876,-0.10393937688974697,0.2628454569571496,0.1381830379746165,0.4408612847328186,BEAR,3,NONE,,True,True,3648,858,2790,3.2517482517482517,0.0,2024-10-20T00:00:00+0000,-0.11761816455384688
2024-08-22T00:00:00+0000,2024-08-23T00:00:00+0000,2023-12-31T23:59:59+0000,XGB_V3_1_Y2024_N3648_P858_SEED42,60375.84,-0.015904153087487494,-0.04184689775008421,-0.006642171748520442,0.027790905109312813,-0.11537075230022398,0.1788317553884139,0.13461821955094147,0.4408612847328186,BEAR,3,NONE,,True,True,3648,858,2790,3.2517482517482517,0.0,2024-10-21T00:00:00+0000,-0.10621583070314211
2024-08-23T00:00:00+0000,2024-08-24T00:00:00+0000,2023-12-31T23:59:59+0000,XGB_V3_1_Y2024_N3648_P858_SEED42,64037.24,0.041402754120964724,0.014541814219331872,-0.0044742644482639315,0.02805806040616754,-0.06172377152897568,0.5467541231942671,0.15200632027190664,0.41969698667526245,BEAR,3,NONE,,True,True,3648,858,2790,3.2517482517482517,0.0,2024-10-22T00:00:00+0000,-0.15731892879830545
2024-08-24T00:00:00+0000,2024-08-25T00:00:00+0000,2023-12-31T23:59:59+0000,XGB_V3_1_Y2024_N3648_P858_SEED42,64157.01,0.04080205582261964,0.014746617028672304,-0.0010266259031069813,0.028484380620220406,-0.05996889664860949,0.47609740517828836,0.1673211156257318,0.41286858916282654,BEAR,3,NONE,,True,True,3648,858,2790,3.2517482517482517,0.0,2024-10-23T00:00:00+0000,-0.15889206806863354
2024-08-25T00:00:00+0000,2024-08-26T00:00:00+0000,2023-12-31T23:59:59+0000,XGB_V3_1_Y2024_N3648_P858_SEED42,64220.0,0.03980312948488973,0.014149259018484406,0.001994326180805972,0.029038321922355115,-0.05904596462294154,0.45251695787880303,0.15805761602787408,0.4265833795070648,BEAR,3,NONE,,True,True,3648,858,2790,3.2517482517482517,0.0,2024-10-24T00:00:00+0000,-0.15971706633447524
2024-08-26T00:00:00+0000,2024-08-27T00:00:00+0000,2023-12-31T23:59:59+0000,XGB_V3_1_Y2024_N3648_P858_SEED42,62834.0,0.01506892549663541,-0.00911091400459918,0.005181519698811865,0.029262745134951196,-0.07935369263652925,0.2820714282700575,0.15057785671880006,0.42484819889068604,BEAR,3,NONE,,True,True,3648,858,2790,3.2517482517482517,0.0,2024-10-25T00:00:00+0000,-0.14118200337396947
2024-08-27T00:00:00+0000,2024-08-28T00:00:00+0000,2023-12-31T23:59:59+0000,XGB_V3_1_Y2024_N3648_P858_SEED42,59415.0,-0.04100094689676437,-0.06393490864725082,0.0063643908791197745,0.02913715948031692,-0.11034999189185424,-0.13727393366169963,0.12922188054352884,0.4290299415588379,BEAR,3,NONE,,True,True,3648,858,2790,3.2517482517482517,0.0,2024-10-26T00:00:00+0000,-0.09176184465202386
2024-08-28T00:00:00+0000,2024-08-29T00:00:00+0000,2023-12-31T23:59:59+0000,XGB_V3_1_Y2024_N3648_P858_SEED42,59034.9,-0.047438879502368025,-0.07074924580277064,0.007522053023653719,0.02837573282961725,-0.10807246026470052,-0.16858592453724913,0.12978080116269852,0.4342937469482422,BEAR,3,NONE,,True,True,3648,858,2790,3.2517482517482517,0.0,2024-10-27T00:00:00+0000,-0.0859140948828574
2024-08-29T00:00:00+0000,2024-08-30T00:00:00+0000,2023-12-31T23:59:59+0000,XGB_V3_1_Y2024_N3648_P858_SEED42,59359.01,-0.04271371063255747,-0.06646006487814426,0.009146823131172654,0.027501946202080907,-0.09173131201416529,-0.11727119352481931,0.13049000009769945,0.4342937469482422,BEAR,3,NONE,,True,True,3648,858,2790,3.2517482517482517,0.0,2024-10-28T00:00:00+0000,-0.09090515492087892
2024-08-30T00:00:00+0000,2024-08-31T00:00:00+0000,2023-12-31T23:59:59+0000,XGB_V3_1_Y2024_N3648_P858_SEED42,59123.99,-0.047052261884472646,-0.07082892047454359,0.011006376067215218,0.026501960311591688,-0.09532741826746083,-0.135043468942,0.13133031882588886,0.418495237827301,BEAR,3,NONE,,True,True,3648,858,2790,3.2517482517482517,0.0,2024-10-29T00:00:00+0000,-0.087291470010735
2024-08-31T00:00:00+0000,2024-09-01T00:00:00+0000,2023-12-31T23:59:59+0000,XGB_V3_1_Y2024_N3648_P858_SEED42,58973.99,-0.04980223318844512,-0.07386120376662264,0.011682877982099882,0.025708888011987563,-0.08168810339458121,-0.1563828744341406,0.13070516741609634,0.418495237827301,BEAR,3,NONE,,True,True,3648,858,2790,3.2517482517482517,0.0,2024-10-30T00:00:00+0000,-0.08497000118187692
2024-09-01T00:00:00+0000,2024-09-02T00:00:00+0000,2023-12-31T23:59:59+0000,XGB_V3_1_Y2024_N3648_P858_SEED42,57301.86,-0.0761775782884827,-0.10050958363174922,0.011007630854198869,0.024552755266842974,-0.10772563064465901,-0.3398413920643927,0.13710842912993115,0.410374253988266,BEAR,3,NONE,,True,True,3648,858,2790,3.2517482517482517,0.0,2024-10-31T00:00:00+0000,-0.058268440151855394
2024-09-02T00:00:00+0000,2024-09-03T00:00:00+0000,2023-12-31T23:59:59+0000,XGB_V3_1_Y2024_N3648_P858_SEED42,59132.13,-0.046157583512041356,-0.07230713794220178,0.008168231249304547,0.02359147141473361,-0.07922563064465904,-0.10852415297964575,0.13775922702892235,0.4298432767391205,BEAR,3,NONE,,True,True,3648,858,2790,3.2517482517482517,0.0,2024-11-01T00:00:00+0000,-0.08741711147560549
2024-09-03T00:00:00+0000,2024-09-04T00:00:00+0000,2023-12-31T23:59:59+0000,XGB_V3_1_Y2024_N3648_P858_SEED42,57487.73,-0.07051295068951025,-0.09848456312223142,0.003357826740365777,0.022662121812946356,-0.1048313609467455,-0.29241623725831994,0.14154032619315499,0.42034009099006653,BEAR,3,NONE,,True,True,3648,858,2790,3.2517482517482517,0.0,2024-11-02T00:00:00+0000,-0.06131325762906281
2024-09-04T00:00:00+0000,2024-09-05T00:00:00+0000,2023-12-31T23:59:59+0000,XGB_V3_1_Y2024_N3648_P858_SEED42,57970.9,-0.060552123274001945,-0.09135841458552085,-0.0008788036527120902,0.021898636935844484,-0.09730769230769232,-0.240593496849568,0.13997931122700263,0.43476158380508423,BEAR,3,NONE,,True,True,3648,858,2790,3.2517482517482517,0.0,2024-11-03T00:00:00+0000,-0.06913692904543489
2024-09-05T00:00:00+0000,2024-09-06T00:00:00+0000,2023-12-31T23:59:59+0000,XGB_V3_1_Y2024_N3648_P858_SEED42,56180.0,-0.08723509622582715,-0.11970803319671264,-0.005685833450326361,0.020949146016685294,-0.12519464341326692,-0.4088822753489305,0.15022146990587681,0.42590275406837463,BEAR,3,NONE,,True,True,3648,858,2790,3.2517482517482517,0.0,2024-11-04T00:00:00+0000,-0.03946297614809535
2024-09-06T00:00:00+0000,2024-09-07T00:00:00+0000,2023-12-31T23:59:59+0000,XGB_V3_1_Y2024_N3648_P858_SEED42,53962.97,-0.12039015389198715,-0.15459191011561924,-0.009788788944521398,0.019774143396756427,-0.15971706633447524,-0.5422451716878394,0.17386750778563176,0.40261974930763245,BEAR,3,NONE,,True,True,3648,858,2790,3.2517482517482517,0.0,2024-11-05T00:00:00+0000,0.0036671443399056702
2024-09-07T00:00:00+0000,2024-09-08T00:00:00+0000,2023-12-31T23:59:59+0000,XGB_V3_1_Y2024_N3648_P858_SEED42,54160.86,-0.11355241707683772,-0.15161807794441062,-0.014137128191376469,0.0186365832143236,-0.15663562753036442,-0.45833284911081484,0.1913258363181379,0.4113420844078064,BEAR,3,NONE,,True,True,3648,858,2790,3.2517482517482517,0.0,2024-11-06T00:00:00+0000,0.013092295801802267
2024-09-08T00:00:00+0000,2024-09-09T00:00:00+0000,2023-12-31T23:59:59+0000,XGB_V3_1_Y2024_N3648_P858_SEED42,54869.95,-0.09832525109717338,-0.14071409384574063,-0.01861402631007203,0.017549814357438187,-0.14559405169729056,-0.35526751511813204,0.2031614953928042,0.38026997447013855,BEAR,3,NONE,,True,True,3648,858,2790,3.2517482517482517,0.0,2024-11-07T00:00:00+0000,0.03958541970605056
2024-09-09T00:00:00+0000,2024-09-10T00:00:00+0000,2023-12-31T23:59:59+0000,XGB_V3_1_Y2024_N3648_P858_SEED42,57042.0,-0.05919268922557308,-0.10710116680042636,-0.022764107872722095,0.01672717791959255,-0.11177203363438182,-0.16438276232360446,0.20584705643692533,0.4322842061519623,BEAR,3,NONE,,True,True,3648,858,2790,3.2517482517482517,0.0,2024-11-08T00:00:00+0000,0.005189158865397392
2024-09-10T00:00:00+0000,2024-09-11T00:00:00+0000,2023-12-31T23:59:59+0000,XGB_V3_1_Y2024_N3648_P858_SEED42,57635.99,-0.04628260466891376,-0.09828961337944075,-0.02629467093961324,0.015808875102968134,-0.10252273435066961,-0.10189212864304985,0.2047063554710704,0.45610278844833374,BEAR,3,NONE,,True,True,3648,858,2790,3.2517482517482517,0.0,2024-11-09T00:00:00+0000,-0.005170207018218909
2024-09-11T00:00:00+0000,2024-09-12T00:00:00+0000,2023-12-31T23:59:59+0000,XGB_V3_1_Y2024_N3648_P858_SEED42,57338.0,-0.04850607438547794,-0.10335633273546996,-0.02846981250911884,0.014832527368243031,-0.10716287760822174,-0.11414875114299493,0.20499844628155434,0.4582631587982178,BEAR,3,NONE,,True,True,3648,858,2790,3.2517482517482517,0.0,2024-11-10T00:00:00+0000,0.013853291011196811
2024-09-12T00:00:00+0000,2024-09-13T00:00:00+0000,2023-12-31T23:59:59+0000,XGB_V3_1_Y2024_N3648_P858_SEED42,58132.32,-0.03299998631648959,-0.0913897926414029,-0.03028462048625824,0.01362517800864893,-0.09479414512612894,-0.025841293014108795,0.18833982195353727,0.4665818512439728,BEAR,3,NONE,,True,True,3648,858,2790,3.2517482517482517,0.0,2024-11-11T00:00:00+0000,0.0014048983422647598
2024-09-13T00:00:00+0000,2024-09-14T00:00:00+0000,2023-12-31T23:59:59+0000,XGB_V3_1_Y2024_N3648_P858_SEED42,60498.0,0.00813007631520346,-0.05485889891906903,-0.029729943293004157,0.012413352608586559,-0.05795702273435066,0.22917972615333765,0.1696630893802045,0.46126440167427063,BEAR,3,NONE,,True,True,3648,858,2790,3.2517482517482517,0.0,2024-11-12T00:00:00+0000,-0.03775347945386631
2024-09-14T00:00:00+0000,2024-09-15T00:00:00+0000,2023-12-31T23:59:59+0000,XGB_V3_1_Y2024_N3648_P858_SEED42,59993.03,0.0023594272347369216,-0.06296422728677598,-0.03007095662652548,0.011058308313460108,-0.06582014948614145,0.2343592628202299,0.14492485908901317,0.46126440167427063,BEAR,3,NONE,,True,True,3648,858,2790,3.2517482517482517,0.0,2024-11-13T00:00:00+0000,-0.029654111485950985
2024-09-15T00:00:00+0000,2024-09-16T00:00:00+0000,2023-12-31T23:59:59+0000,XGB_V3_1_Y2024_N3648_P858_SEED42,59132.0,-0.009124593114706148,-0.07617463074767006,-0.030426545275238248,0.009399351134967704,-0.07922765493615691,0.17848367893388828,0.1254255804539021,0.4280920624732971,BEAR,3,NONE,,True,True,3648,858,2790,3.2517482517482517,0.0,2024-11-14T00:00:00+0000,-0.01552475816816612
2024-09-16T00:00:00+0000,2024-09-17T00:00:00+0000,2023-12-31T23:59:59+0000,XGB_V3_1_Y2024_N3648_P858_SEED42,58213.99,-0.021215621621956227,-0.09030951213121519,-0.030529551306535008,0.008192961899485818,-0.09352242292120838,0.06135297539852571,0.12322521945536911,0.4280920624732971,BEAR,3,NONE,,True,True,3648,858,2790,3.2517482517482517,0.0,2024-11-15T00:00:00+0000,0.03607380287796791
2024-09-17T00:00:00+0000,2024-09-18T00:00:00+0000,2023-12-31T23:59:59+0000,XGB_V3_1_Y2024_N3648_P858_SEED42,60313.99,0.016304239636659945,-0.057340766896190276,-0.028681119153203927,0.0071343864978299365,-0.060822329492369986,0.3349466955351377,0.1276397826523171,0.45503488183021545,BEAR,3,NONE,,True,True,3648,858,2790,3.2517482517482517,0.0,2024-11-16T00:00:00+0000,0.0002055907758713449
2024-09-18T00:00:00+0000,2024-09-19T00:00:00+0000,2023-12-31T23:59:59+0000,XGB_V3_1_Y2024_N3648_P858_SEED42,61759.99,0.04222493323751686,-0.03472380295363975,-0.026219437248878763,0.006240682511357676,-0.038305979445655614,0.4722079185936782,0.13879586899380772,0.4483117163181305,BEAR,3,NONE,,True,True,3648,858,2790,3.2517482517482517,0.0,2024-11-17T00:00:00+0000,-0.023212438991651374
2024-09-19T00:00:00+0000,2024-09-20T00:00:00+0000,2023-12-31T23:59:59+0000,XGB_V3_1_Y2024_N3648_P858_SEED42,62947.99,0.06287558465215937,-0.016143225580683485,-0.02320061967604059,0.005499678019630139,-0.019807069448769865,0.5265563175737319,0.15661418487444945,0.41941919922828674,BEAR,3,NONE,,True,True,3648,858,2790,3.2517482517482517,0.0,2024-11-18T00:00:00+0000,-0.04164708039128806
2024-09-20T00:00:00+0000,2024-09-21T00:00:00+0000,2023-12-31T23:59:59+0000,XGB_V3_1_Y2024_N3648_P858_SEED42,63201.05,0.06792494026360307,-0.011798398692661083,-0.020714078235352984,0.004371326705342016,-0.015866552475864215,0.4787709956500115,0.17311440862382643,0.3872142434120178,BEAR,3,NONE,,True,True,3648,858,2790,3.2517482517482517,0.0,2024-11-19T00:00:00+0000,-0.045484370908394745
2024-09-21T00:00:00+0000,2024-09-22T00:00:00+0000,2023-12-31T23:59:59+0000,XGB_V3_1_Y2024_N3648_P858_SEED42,63348.96,0.06975517740032045,-0.009456657542265434,-0.017305394094370152,0.0039077971722643046,-0.01356337589535972,0.4281996174768041,0.18641395991955345,0.42106661200523376,BEAR,3,NONE,,True,True,3648,858,2790,3.2517482517482517,0.0,2024-11-20T00:00:00+0000,-0.04771301691456342
2024-09-22T00:00:00+0000,2024-09-23T00:00:00+0000,2023-12-31T23:59:59+0000,XGB_V3_1_Y2024_N3648_P858_SEED42,63578.76,0.07259218046762972,-0.0056694570964924695,-0.01397880218953873,0.003140964203454555,-0.009985051385861032,0.39935070102855746,0.1994433555677513,0.4231015741825104,BEAR,3,NONE,,True,True,3648,858,2790,3.2517482517482517,0.0,2024-11-21T00:00:00+0000,-0.051154976913673766
2024-09-23T00:00:00+0000,2024-09-24T00:00:00+0000,2023-12-31T23:59:59+0000,XGB_V3_1_Y2024_N3648_P858_SEED42,63339.99,0.06670008657314996,-0.009133779356903737,-0.010510445096110765,0.0024459711551967356,-0.013703052008720018,0.3386118088053953,0.20753881942956268,0.4231015741825104,BEAR,3,NONE,,True,True,3648,858,2790,3.2517482517482517,0.0,2024-11-22T00:00:00+0000,-0.0475781571800058
2024-09-24T00:00:00+0000,2024-09-25T00:00:00+0000,2023-12-31T23:59:59+0000,XGB_V3_1_Y2024_N3648_P858_SEED42,64262.7,0.07851808778083624,0.005604468787976602,-0.004470307282582797,0.001646182362619486,0.0,0.36695851947369734,0.21834828333704603,0.4231015741825104,BEAR,3,NONE,,True,True,3648,858,2790,3.2517482517482517,0.0,2024-11-23T00:00:00+0000,-0.06125341761239411
2024-09-25T00:00:00+0000,2024-09-26T00:00:00+0000,2023-12-31T23:59:59+0000,XGB_V3_1_Y2024_N3648_P858_SEED42,63152.01,0.05734693092343823,-0.011376752576077953,0.0008434472490388423,0.0009245995779556537,-0.017283587524333677,0.25465864479649564,0.2170482338959186,0.4194242060184479,BEAR,3,NONE,,True,True,3648,858,2790,3.2517482517482517,0.0,2024-11-24T00:00:00+0000,-0.044743152276546794
2024-09-26T00:00:00+0000,2024-09-27T00:00:00+0000,2023-12-31T23:59:59+0000,XGB_V3_1_Y2024_N3648_P858_SEED42,65173.99,0.08754448067453646,0.020578769692120025,0.007597179910106,0.00045678742195165434,0.0,0.3785296356638332,0.20858131426735987,0.40713122487068176,BEAR,3,NONE,,True,True,3648,858,2790,3.2517482517482517,0.0,2024-11-25T00:00:00+0000,-0.07437936514244403
2024-09-27T00:00:00+0000,2024-09-28T00:00:00+0000,2023-12-31T23:59:59+0000,XGB_V3_1_Y2024_N3648_P858_SEED42,65769.95,0.0959953366454469,0.030420014001173445,0.011170714434769025,-0.00018630741355907254,0.0,0.3970882726520476,0.1975806943423611,0.40184396505355835,BEAR,3,NONE,,True,True,3648,858,2790,3.2517482517482517,0.0,2024-11-26T00:00:00+0000,-0.08276667383812819
2024-09-28T00:00:00+0000,2024-09-29T00:00:00+0000,2023-12-31T23:59:59+0000,XGB_V3_1_Y2024_N3648_P858_SEED42,65858.0,0.0956295364740758,0.0322518370220648,0.014376192500596519,-0.0008608018338288614,0.0,0.38000524825240123,0.18488966053040826,0.39285293221473694,BEAR,3,NONE,,True,True,3648,858,2790,3.2517482517482517,0.0,2024-11-27T00:00:00+0000,-0.08399298490692098
2024-09-29T00:00:00+0000,2024-09-30T00:00:00+0000,2023-12-31T23:59:59+0000,XGB_V3_1_Y2024_N3648_P858_SEED42,65602.01,0.08967457998650707,0.028841811924119387,0.016531615020458634,-0.0018954126520993597,-0.0038869993015275828,0.3273595847112913,0.17942036750396556,0.6930572986602783,BEAR,3,NONE,,True,True,3648,858,2790,3.2517482517482517,0.0,2024-11-28T00:00:00+0000,-0.08041857254068885
2024-09-30T00:00:00+0000,2024-10-01T00:00:00+0000,2023-12-31T23:59:59+0000,XGB_V3_1_Y2024_N3648_P858_SEED42,63327.59,0.05028535745325624,-0.0061998922733357276,0.018830846953616698,-0.0030640980343469293,-0.038422211424580244,0.1035692354895706,0.16758047656802744,0.7433635592460632,DEEP_BEAR,4,AI_STAGE4_ACCELERATION,risk>=0.70_and_close_below_sma200,True,True,3648,858,2790,3.2517482517482517,0.0,2024-11-29T00:00:00+0000,-0.04739166609687806
2024-10-01T00:00:00+0000,2024-10-02T00:00:00+0000,2023-12-31T23:59:59+0000,XGB_V3_1_Y2024_N3648_P858_SEED42,60805.78,0.00797339245631612,-0.04512326791677479,0.01868685776168255,-0.004193634082826692,-0.07671383886543781,-0.1695450500900087,0.1525851875063579,0.7563014030456543,BEAR,3,NONE,,True,True,3648,858,2790,3.2517482517482517,0.0,2024-11-30T00:00:00+0000,-0.007883954453014153
2024-10-02T00:00:00+0000,2024-10-03T00:00:00+0000,2023-12-31T23:59:59+0000,XGB_V3_1_Y2024_N3648_P858_SEED42,60649.28,0.005358393436714515,-0.04723293243259974,0.017717668811098708,-0.005055471581020599,-0.07909016368550514,-0.21445473846896568,0.14143881292619187,0.7695431113243103,DEEP_BEAR,4,AI_STAGE4_ACCELERATION,risk>=0.70_and_close_below_sma200,True,True,3648,858,2790,3.2517482517482517,0.0,2024-12-01T00:00:00+0000,-0.0053238884286836985
2024-10-03T00:00:00+0000,2024-10-04T00:00:00+0000,2023-12-31T23:59:59+0000,XGB_V3_1_Y2024_N3648_P858_SEED42,60752.71,0.006382486228605488,-0.04503497025759284,0.016639372062694502,-0.006120302615783335,-0.07751966351847916,-0.20523529884684735,0.14069855348941415,0.7695431113243103,BEAR,3,NONE,,True,True,3648,858,2790,3.2517482517482517,0.0,2024-12-02T00:00:00+0000,-0.0070173001336072405
2024-10-04T00:00:00+0000,2024-10-05T00:00:00+0000,2023-12-31T23:59:59+0000,XGB_V3_1_Y2024_N3648_P858_SEED42,62086.0,0.026922440871350428,-0.023653248672687588,0.014669253748196276,-0.00678111377909596,-0.057274742628078634,-0.06799929627660593,0.13560757351491193,0.7704777121543884,DEEP_BEAR,4,AI_STAGE4_ACCELERATION,risk>=0.70_and_close_below_sma200,True,True,3648,858,2790,3.2517482517482517,0.0,2024-12-03T00:00:00+0000,-0.02834149405663111
2024-10-05T00:00:00+0000,2024-10-06T00:00:00+0000,2023-12-31T23:59:59+0000,XGB_V3_1_Y2024_N3648_P858_SEED42,62058.0,0.025379495747054115,-0.024102822745787345,0.013312680871309324,-0.006515652121293014,-0.05769989978438461,-0.09538096956949343,0.12554675153490225,0.7721762657165527,BEAR,3,NONE,,True,True,3648,858,2790,3.2517482517482517,0.0,2024-12-04T00:00:00+0000,-0.02790309065712726
2024-10-06T00:00:00+0000,2024-10-07T00:00:00+0000,2023-12-31T23:59:59+0000,XGB_V3_1_Y2024_N3648_P858_SEED42,62819.91,0.03682823456666506,-0.011731228847471353,0.011028070502862475,-0.006681499168400107,-0.04613091803577385,-0.033082089236310494,0.10574060130139966,0.7656118273735046,DEEP_BEAR,4,AI_STAGE4_ACCELERATION,risk>=0.70_and_close_below_sma200,True,True,3648,858,2790,3.2517482517482517,0.0,2024-12-05T00:00:00+0000,-0.039693148239149045
2024-10-07T00:00:00+0000,2024-10-08T00:00:00+0000,2023-12-31T23:59:59+0000,XGB_V3_1_Y2024_N3648_P858_SEED42,62224.0,0.025707401666418495,-0.02085354102752701,0.010917305000976318,-0.00677661977653321,-0.055179325214856245,-0.14626043524341314,0.09875513846491162,0.7677815556526184,BEAR,3,NONE,,True,True,3648,858,2790,3.2517482517482517,0.0,2024-12-06T00:00:00+0000,-0.030496432244793037
2024-10-08T00:00:00+0000,2024-10-09T00:00:00+0000,2023-12-31T23:59:59+0000,XGB_V3_1_Y2024_N3648_P858_SEED42,62160.49,0.02374179822696365,-0.021726989788686257,0.010134461749572887,-0.006886838851800969,-0.05614367275046317,-0.16124167217251995,0.09775430625337858,0.770832359790802,DEEP_BEAR,4,AI_STAGE4_ACCELERATION,risk>=0.70_and_close_below_sma200,True,True,3648,858,2790,3.2517482517482517,0.0,2024-12-07T00:00:00+0000,-0.029505880664711603
2024-10-09T00:00:00+0000,2024-10-10T00:00:00+0000,2023-12-31T23:59:59+0000,XGB_V3_1_Y2024_N3648_P858_SEED42,60636.02,-0.0018985287476256385,-0.045466959964094444,0.009103390737491779,-0.007136066020132392,-0.07929150596738443,-0.3668843252507922,0.10395563598587662,0.7859106659889221,BEAR,3,NONE,,True,True,3648,858,2790,3.2517482517482517,0.0,2024-12-08T00:00:00+0000,-0.005106370767738344
2024-10-10T00:00:00+0000,2024-10-11T00:00:00+0000,2023-12-31T23:59:59+0000,XGB_V3_1_Y2024_N3648_P858_SEED42,60326.39,-0.006723914998443159,-0.049826347303342455,0.007283472937761548,-0.007282647267488951,-0.08399298490692098,-0.36910880655005757,0.11071116178633496,0.7882122993469238,DEEP_BEAR,4,AI_STAGE4_ACCELERATION,risk>=0.70_and_close_below_sma200,True,True,3648,858,2790,3.2517482517482517,0.0,2024-12-09T00:00:00+0000,0.036693891346722296
2024-10-11T00:00:00+0000,2024-10-12T00:00:00+0000,2023-12-31T23:59:59+0000,XGB_V3_1_Y2024_N3648_P858_SEED42,62540.0,0.028989930420372234,-0.014391051349041839,0.007513690873085732,-0.007827391828870378,-0.050381123022260055,-0.04544741886026389,0.11068170017573165,0.7793753743171692,BEAR,3,NONE,,True,True,3648,858,2790,3.2517482517482517,0.0,2024-12-10T00:00:00+0000,0.005276942756635705
2024-10-12T00:00:00+0000,2024-10-13T00:00:00+0000,2023-12-31T23:59:59+0000,XGB_V3_1_Y2024_N3648_P858_SEED42,63206.22,0.040235917298599544,-0.003359055084991014,0.0072174284356265606,-0.00816410952148039,-0.040265115855325107,0.05317110636003026,0.11034190772420566,0.7770048379898071,DEEP_BEAR,4,AI_STAGE4_ACCELERATION,risk>=0.70_and_close_below_sma200,True,True,3648,858,2790,3.2517482517482517,0.0,2024-12-11T00:00:00+0000,-0.005319096759781039
2024-10-13T00:00:00+0000,2024-10-14T00:00:00+0000,2023-12-31T23:59:59+0000,XGB_V3_1_Y2024_N3648_P858_SEED42,62870.02,0.035141309108797314,-0.008144178097909238,0.006100519545512828,-0.008410123078869791,-0.04537003856782784,0.008089445896581218,0.1101418972850096,0.7770048379898071,BEAR,3,NONE,,True,True,3648,858,2790,3.2517482517482517,0.0,2024-12-12T00:00:00+0000,0.051120868102157546
2024-10-14T00:00:00+0000,2024-10-15T00:00:00+0000,2023-12-31T23:59:59+0000,XGB_V3_1_Y2024_N3648_P858_SEED42,66083.99,0.08739118653085631,0.04294673872731525,0.005204471908980546,-0.008478005226574714,0.0,0.43017663968475667,0.11747358888849338,0.6526921391487122,BEAR,3,NONE,,True,True,3648,858,2790,3.2517482517482517,0.0,2024-12-13T00:00:00+0000,0.008847226083049664
2024-10-15T00:00:00+0000,2024-10-16T00:00:00+0000,2023-12-31T23:59:59+0000,XGB_V3_1_Y2024_N3648_P858_SEED42,67074.14,0.10214585414243982,0.058805395195609345,0.005548205553992824,-0.008294759383464578,0.0,0.4823260560521373,0.13053615533336727,0.6423883438110352,BEAR,3,NONE,,True,True,3648,858,2790,3.2517482517482517,0.0,2024-12-14T00:00:00+0000,-0.006045399911202787
2024-10-16T00:00:00+0000,2024-10-17T00:00:00+0000,2023-12-31T23:59:59+0000,XGB_V3_1_Y2024_N3648_P858_SEED42,67620.01,0.10812744136236829,0.06758761688855142,0.007152015758227437,-0.00815473786737031,0.0,0.4899912245320392,0.14191834395410582,0.6272298097610474,BEAR,3,NONE,,True,True,3648,858,2790,3.2517482517482517,0.0,2024-12-15T00:00:00+0000,-0.014069208212184492
2024-10-17T00:00:00+0000,2024-10-18T00:00:00+0000,2023-12-31T23:59:59+0000,XGB_V3_1_Y2024_N3648_P858_SEED42,67421.78,0.10185015596961944,0.06478225335199883,0.00865638099821009,-0.007966852636678956,-0.0029315286998625734,0.4354994968752156,0.14928166587172131,0.6933391690254211,BEAR,3,NONE,,True,True,3648,858,2790,3.2517482517482517,0.0,2024-12-16T00:00:00+0000,-0.011170425936544603
2024-10-18T00:00:00+0000,2024-10-19T00:00:00+0000,2023-12-31T23:59:59+0000,XGB_V3_1_Y2024_N3648_P858_SEED42,68428.0,0.11498937137864518,0.0807776096344408,0.010739236906441407,-0.007627697348438489,0.0,0.487713362344475,0.1614001380228586,0.6394443511962891,BEAR,3,NONE,,True,True,3648,858,2790,3.2517482517482517,0.0,2024-12-17T00:00:00+0000,-0.02571096627111713
2024-10-19T00:00:00+0000,2024-10-20T00:00:00+0000,2023-12-31T23:59:59+0000,XGB_V3_1_Y2024_N3648_P858_SEED42,68378.0,0.1108246730661917,0.07973941591864375,0.013245968877778846,-0.0068178677573026425,-0.000730695037119311,0.43803605611282864,0.1725322690269117,0.6609104871749878,BEAR,3,NONE,,True,True,3648,858,2790,3.2517482517482517,0.0,2024-12-18T00:00:00+0000,-0.024998537541314536
2024-10-20T00:00:00+0000,2024-10-21T00:00:00+0000,2023-12-31T23:59:59+0000,XGB_V3_1_Y2024_N3648_P858_SEED42,69031.99,0.11779610810516172,0.08980235993568386,0.0168348950270254,-0.005948859923403438,0.0,0.43292932891685953,0.18712659090908068,0.6541478037834167,BEAR,3,NONE,,True,True,3648,858,2790,3.2517482517482517,0.0,2024-12-19T00:00:00+0000,-0.03423543200768242
2024-10-21T00:00:00+0000,2024-10-22T00:00:00+0000,2023-12-31T23:59:59+0000,XGB_V3_1_Y2024_N3648_P858_SEED42,67377.5,0.08745752834980114,0.06377629176528754,0.019426306490531342,-0.005357453232686993,-0.023967004283086846,0.26630383262769813,0.18663902659894804,0.7432452440261841,BEAR,3,NONE,,True,True,3648,858,2790,3.2517482517482517,0.0,2024-12-20T00:00:00+0000,-0.01052057437571896
2024-10-22T00:00:00+0000,2024-10-23T00:00:00+0000,2023-12-31T23:59:59+0000,XGB_V3_1_Y2024_N3648_P858_SEED42,67426.0,0.08533462394352864,0.06457518793096928,0.022435134268289136,-0.005025056064468569,-0.02326443146141388,0.2450392638528039,0.1834080613819411,0.732141375541687,BEAR,3,NONE,,True,True,3648,858,2790,3.2517482517482517,0.0,2024-12-21T00:00:00+0000,-0.011232313944175898
2024-10-23T00:00:00+0000,2024-10-24T00:00:00+0000,2023-12-31T23:59:59+0000,XGB_V3_1_Y2024_N3648_P858_SEED42,66668.65,0.06998131839306354,0.052802665649893665,0.025891679857867667,-0.004602609014388692,-0.03423543200768242,0.16139224859787885,0.1765283417749893,0.7473377585411072,BEAR,3,NONE,,True,True,3648,858,2790,3.2517482517482517,0.0,2024-12-22T00:00:00+0000,0.0004451867556940492
2024-10-24T00:00:00+0000,2024-10-25T00:00:00+0000,2023-12-31T23:59:59+0000,XGB_V3_1_Y2024_N3648_P858_SEED42,68198.28,0.09094931540804008,0.07705675341202567,0.028628136020514505,-0.004261639715365861,-0.012077154374370624,0.2666967734465366,0.17679543671633705,0.6448367834091187,BEAR,3,NONE,,True,True,3648,858,2790,3.2517482517482517,0.0,2024-12-23T00:00:00+0000,-0.02199395644582236
2024-10-25T00:00:00+0000,2024-10-26T00:00:00+0000,2023-12-31T23:59:59+0000,XGB_V3_1_Y2024_N3648_P858_SEED42,66698.33,0.06337657306110223,0.05377755435133058,0.030651477524538562,-0.004658062053657486,-0.033805486412893604,0.11920127254027041,0.17184640718756078,0.7438166737556458,BEAR,3,NONE,,True,True,3648,858,2790,3.2517482517482517,0.0,2024-12-24T00:00:00+0000,0.005913641316056761
2024-10-26T00:00:00+0000,2024-10-27T00:00:00+0000,2023-12-31T23:59:59+0000,XGB_V3_1_Y2024_N3648_P858_SEED42,67092.76,0.0652054277282419,0.060181175392023833,0.032183152718528785,-0.004426492372638924,-0.028091758617997398,0.13720657405820003,0.1689030385181489,0.7310381531715393,BEAR,3,NONE,,True,True,3648,858,2790,3.2517482517482517,0.0,2024-12-25T00:00:00+0000,0.01128661274331244
2024-10-27T00:00:00+0000,2024-10-28T00:00:00+0000,2023-12-31T23:59:59+0000,XGB_V3_1_Y2024_N3648_P858_SEED42,68021.7,0.07522151167238533,0.07508167008543287,0.03388410942087927,-0.004375084729591694,-0.01463509888676262,0.199446870426941,0.1643314744382811,0.6448367834091187,BEAR,3,NONE,,True,True,3648,858,2790,3.2517482517482517,0.0,2024-12-26T00:00:00+0000,-0.0025240474730858775
2024-10-28T00:00:00+0000,2024-10-29T00:00:00+0000,2023-12-31T23:59:59+0000,XGB_V3_1_Y2024_N3648_P858_SEED42,69962.21,0.10064374707304657,0.10575524015905757,0.03574687079425676,-0.004250364425659958,0.0,0.34263460896415904,0.16339258474247637,0.6314293146133423,BEAR,3,NONE,,True,True,3648,858,2790,3.2517482517482517,0.0,2024-12-27T00:00:00+0000,-0.03019058431687638
2024-10-29T00:00:00+0000,2024-10-30T00:00:00+0000,2023-12-31T23:59:59+0000,XGB_V3_1_Y2024_N3648_P858_SEED42,72736.42,0.13866472713224298,0.1490914016559315,0.037731925466949034,-0.0035451510075225068,0.0,0.5372511743906484,0.16365159893812078,0.6153899431228638,BEAR,3,NONE,,True,True,3648,858,2790,3.2517482517482517,0.0,2024-12-28T00:00:00+0000,-0.06717968797474505
2024-10-30T00:00:00+0000,2024-10-31T00:00:00+0000,2023-12-31T23:59:59+0000,XGB_V3_1_Y2024_N3648_P858_SEED42,72344.74,0.127341458211919,0.14214397640692922,0.039115161851303926,-0.002341854358889117,-0.00538492271134583,0.4793383465773614,0.15109314187870315,0.5820175409317017,BEAR,3,NONE,,True,True,3648,858,2790,3.2517482517482517,0.0,2024-12-29T00:00:00+0000,-0.06212932688679251
2024-10-31T00:00:00+0000,2024-11-01T00:00:00+0000,2023-12-31T23:59:59+0000,XGB_V3_1_Y2024_N3648_P858_SEED42,70292.01,0.09094954796729504,0.10933100761665093,0.03991706958748176,-0.0013999791860633826,-0.03360641065370007,0.25986918190694525,0.1386953548228909,0.339775413274765,BEAR,3,NONE,,True,True,3648,858,2790,3.2517482517482517,0.0,2024-12-30T00:00:00+0000,-0.03474079059625701
2024-11-01T00:00:00+0000,2024-11-02T00:00:00+0000,2023-12-31T23:59:59+0000,XGB_V3_1_Y2024_N3648_P858_SEED42,69496.01,0.07480422268210596,0.09624313866095124,0.040798766105913487,-0.0003870134144406956,-0.044550034219446144,0.15740991112357378,0.12441546468520358,0.31460314989089966,BEAR,3,NONE,,True,True,3648,858,2790,3.2517482517482517,0.0,2024-12-31T00:00:00+0000,-0.02368481298422742
2024-11-02T00:00:00+0000,2024-11-03T00:00:00+0000,2023-12-31T23:59:59+0000,XGB_V3_1_Y2024_N3648_P858_SEED42,69374.74,0.0699908244646199,0.0938486837519279,0.04058089757486849,0.0005736654342389791,-0.04621728702072492,0.12690499369659913,0.10221496656108375,0.28074854612350464,BEAR,3,NONE,,True,True,3648,858,2790,3.2517482517482517,0.0,2025-01-01T00:00:00+0000,-0.021978172458736567
2024-11-03T00:00:00+0000,2024-11-04T00:00:00+0000,2023-12-31T23:59:59+0000,XGB_V3_1_Y2024_N3648_P858_SEED42,68775.99,0.05789000245934561,0.0837673612718366,0.03998599326521757,0.0015362121380628757,-0.05444906416895401,0.023327566433866898,0.09684586878535682,0.2888888716697693,BEAR,3,NONE,,True,True,3648,858,2790,3.2517482517482517,0.0,2025-01-02T00:00:00+0000,-0.01346371022794457
2024-11-04T00:00:00+0000,2024-11-05T00:00:00+0000,2023-12-31T23:59:59+0000,XGB_V3_1_Y2024_N3648_P858_SEED42,67850.01,0.04085535378714278,0.06880699354858022,0.03927783182374389,0.0021013835115897272,-0.06717968797474505,-0.12391525192452317,0.09517481832518747,0.33640632033348083,BEAR,3,NONE,,True,True,3648,858,2790,3.2517482517482517,0.0,2025-01-03T00:00:00+0000,0.022431831623900944
2024-11-05T00:00:00+0000,2024-11-06T00:00:00+0000,2023-12-31T23:59:59+0000,XGB_V3_1_Y2024_N3648_P858_SEED42,69372.01,0.06057288105138103,0.09230446696526307,0.038487977043517585,0.002695037074508466,-0.04625481980003965,0.09624844597308127,0.09440379397720626,0.27189207077026367,BEAR,3,NONE,,True,True,3648,858,2790,3.2517482517482517,0.0,2025-01-04T00:00:00+0000,0.0893729329739763
2024-11-06T00:00:00+0000,2024-11-07T00:00:00+0000,2023-12-31T23:59:59+0000,XGB_V3_1_Y2024_N3648_P858_SEED42,75571.99,0.14999426904939694,0.18893179771178636,0.038761022835537506,0.0038400211260363193,0.0,0.7394197005836101,0.12549504997509056,0.16317032277584076,BEAR,3,NONE,,True,True,3648,858,2790,3.2517482517482517,0.0,2025-01-05T00:00:00+0000,0.0037831476979763856
2024-11-07T00:00:00+0000,2024-11-08T00:00:00+0000,2023-12-31T23:59:59+0000,XGB_V3_1_Y2024_N3648_P858_SEED42,75857.89,0.1494131812788011,0.19240574201712923,0.0382640964860661,0.004798995008864049,0.0,0.6074778938842145,0.1499093031366877,0.2549998164176941,BEAR,3,NONE,,True,True,3648,858,2790,3.2517482517482517,0.0,2025-01-06T00:00:00+0000,0.008593568843003663
2024-11-08T00:00:00+0000,2024-11-09T00:00:00+0000,2023-12-31T23:59:59+0000,XGB_V3_1_Y2024_N3648_P858_SEED42,76509.78,0.15454577138420178,0.20173749689122578,0.03740836119549096,0.005332916792485376,0.0,0.5481717536458095,0.17156080611142438,0.2747855484485626,BEAR,3,NONE,,True,True,3648,858,2790,3.2517482517482517,0.0,2025-01-07T00:00:00+0000,0.0021916152418686163
2024-11-09T00:00:00+0000,2024-11-10T00:00:00+0000,2023-12-31T23:59:59+0000,XGB_V3_1_Y2024_N3648_P858_SEED42,76677.46,0.15238906357132231,0.203401253864955,0.03685280862165152,0.005899539652605146,0.0,0.47774377319205913,0.189393632990176,0.2747855484485626,BEAR,3,NONE,,True,True,3648,858,2790,3.2517482517482517,0.0,2025-01-08T00:00:00+0000,0.04815691599591321
2024-11-10T00:00:00+0000,2024-11-11T00:00:00+0000,2023-12-31T23:59:59+0000,XGB_V3_1_Y2024_N3648_P858_SEED42,80370.01,0.20173624055239103,0.25976370533454696,0.037967053396627426,0.007257117307160055,0.0,0.6013993358852993,0.2203738104159889,0.26179617643356323,BEAR,3,NONE,,True,True,3648,858,2790,3.2517482517482517,0.0,2025-01-09T00:00:00+0000,0.08654447100354967
2024-11-11T00:00:00+0000,2024-11-12T00:00:00+0000,2023-12-31T23:59:59+0000,XGB_V3_1_Y2024_N3648_P858_SEED42,88647.99,0.31564971959106525,0.3868923774084656,0.04207291572499905,0.009194965435639135,0.0,0.7694292955397279,0.299934651147609,0.1960836946964264,BEAR,3,NONE,,True,True,3648,858,2790,3.2517482517482517,0.0,2025-01-10T00:00:00+0000,-0.014917427907841008
2024-11-12T00:00:00+0000,2024-11-13T00:00:00+0000,2023-12-31T23:59:59+0000,XGB_V3_1_Y2024_N3648_P858_SEED42,87952.01,0.295853654503879,0.3734058378436125,0.04681152674966427,0.011281808044900643,-0.00785105223479976,0.5928064835221022,0.3430066407650053,0.2035287469625473,BEAR,3,NONE,,True,True,3648,858,2790,3.2517482517482517,0.0,2025-01-11T00:00:00+0000,-0.007122293168740579
2024-11-13T00:00:00+0000,2024-11-14T00:00:00+0000,2023-12-31T23:59:59+0000,XGB_V3_1_Y2024_N3648_P858_SEED42,90375.2,0.32138845843521424,0.40828568389463715,0.052016192573466125,0.01349981447782267,0.0,0.5619163556233613,0.38797879719653716,0.19926996529102325,BEAR,3,NONE,,True,True,3648,858,2790,3.2517482517482517,0.0,2025-01-12T00:00:00+0000,-0.03374388106471693
2024-11-14T00:00:00+0000,2024-11-15T00:00:00+0000,2023-12-31T23:59:59+0000,XGB_V3_1_Y2024_N3648_P858_SEED42,87325.59,0.26783745964634553,0.35820302795729475,0.0566189945780573,0.015806103235065594,-0.03374388106471693,0.4021608351049771,0.3997814457331256,0.22946396470069885,BEAR,3,NONE,,True,True,3648,858,2790,3.2517482517482517,0.0,2025-01-13T00:00:00+0000,0.028976614987657134
2024-11-15T00:00:00+0000,2024-11-16T00:00:00+0000,2023-12-31T23:59:59+0000,XGB_V3_1_Y2024_N3648_P858_SEED42,91032.07,0.31180048331204824,0.41286626531881865,0.06092057437617582,0.018117244500275964,0.0,0.4554211515065484,0.41959790268051156,0.13419876992702484,BEAR,3,NONE,,True,True,3648,858,2790,3.2517482517482517,0.0,2025-01-14T00:00:00+0000,-0.012919403019177711
2024-11-16T00:00:00+0000,2024-11-17T00:00:00+0000,2023-12-31T23:59:59+0000,XGB_V3_1_Y2024_N3648_P858_SEED42,90586.92,0.29611539049926416,0.4027009611764154,0.063546894260746,0.020691210088235934,-0.004890034907478302,0.3908007604854093,0.42995370562040314,0.13419876992702484,BEAR,3,NONE,,True,True,3648,858,2790,3.2517482517482517,0.0,2025-01-15T00:00:00+0000,-0.008068824947354392
2024-11-17T00:00:00+0000,2024-11-18T00:00:00+0000,2023-12-31T23:59:59+0000,XGB_V3_1_Y2024_N3648_P858_SEED42,89855.99,0.2768885458096848,0.38799869550104527,0.06627556499888554,0.023183344261843875,-0.012919403019177711,0.3303865655156039,0.43564167208415205,0.13299651443958282,BEAR,3,NONE,,True,True,3648,858,2790,3.2517482517482517,0.0,2025-01-16T00:00:00+0000,0.006767384122082332
2024-11-18T00:00:00+0000,2024-11-19T00:00:00+0000,2023-12-31T23:59:59+0000,XGB_V3_1_Y2024_N3648_P858_SEED42,90464.08,0.2765099301135703,0.394010733196674,0.06941476291365345,0.025209699537691144,-0.006239449459954138,0.3125377249334195,0.444172928968629,0.1302938312292099,BEAR,3,NONE,,True,True,3648,858,2790,3.2517482517482517,0.0,2025-01-17T00:00:00+0000,0.016593105241328843
2024-11-19T00:00:00+0000,2024-11-20T00:00:00+0000,2023-12-31T23:59:59+0000,XGB_V3_1_Y2024_N3648_P858_SEED42,92310.79,0.29200041005511057,0.4192496658201854,0.0737946261103577,0.02685130777739264,0.0,0.3267058401745971,0.4519221303225471,0.12667366862297058,BEAR,3,NONE,,True,True,3648,858,2790,3.2517482517482517,0.0,2025-01-18T00:00:00+0000,-0.0037441993509099714
2024-11-20T00:00:00+0000,2024-11-21T00:00:00+0000,2023-12-31T23:59:59+0000,XGB_V3_1_Y2024_N3648_P858_SEED42,94286.56,0.307400628436014,0.4462473123450823,0.07834129688966551,0.0288745301554707,0.0,0.3418800084833232,0.45332291663072866,0.12667366862297058,BEAR,3,NONE,,True,True,3648,858,2790,3.2517482517482517,0.0,2025-01-19T00:00:00+0000,-0.02462068825079622
2024-11-21T00:00:00+0000,2024-11-22T00:00:00+0000,2023-12-31T23:59:59+0000,XGB_V3_1_Y2024_N3648_P858_SEED42,98317.12,0.34919535869348906,0.5041141315826554,0.08149793463540744,0.03108714853835992,0.0,0.4015003753506801,0.45694626168647684,0.09507715702056885,BEAR,3,NONE,,True,True,3648,858,2790,3.2517482517482517,0.0,2025-01-20T00:00:00+0000,-0.06460685585582648
2024-11-22T00:00:00+0000,2024-11-23T00:00:00+0000,2023-12-31T23:59:59+0000,XGB_V3_1_Y2024_N3648_P858_SEED42,98892.0,0.3430260779697125,0.5087857039176675,0.0848929910275904,0.03345002441826295,0.0,0.3758022315670969,0.4513163184097139,0.09507715702056885,BEAR,3,NONE,,True,True,3648,858,2790,3.2517482517482517,0.0,2025-01-21T00:00:00+0000,-0.07004449298224324
2024-11-23T00:00:00+0000,2024-11-24T00:00:00+0000,2023-12-31T23:59:59+0000,XGB_V3_1_Y2024_N3648_P858_SEED42,97672.4,0.31376444248902,0.48616952388733914,0.08701514183103876,0.03562547553006312,-0.012332645714516866,0.31644997533043173,0.4290511038649623,0.0971309021115303,BEAR,3,NONE,,True,True,3648,858,2790,3.2517482517482517,0.0,2025-01-22T00:00:00+0000,-0.05843247427113485
2024-11-24T00:00:00+0000,2024-11-25T00:00:00+0000,2023-12-31T23:59:59+0000,XGB_V3_1_Y2024_N3648_P858_SEED42,97900.04,0.3042507438109645,0.4854848325274226,0.08979253063597992,0.038159346612247624,-0.01003074060591358,0.30340913466264846,0.3917869179638529,0.0944138765335083,BEAR,3,NONE,,True,True,3648,858,2790,3.2517482517482517,0.0,2025-01-23T00:00:00+0000,-0.06062183427095624
2024-11-25T00:00:00+0000,2024-11-26T00:00:00+0000,2023-12-31T23:59:59+0000,XGB_V3_1_Y2024_N3648_P858_SEED42,93010.01,0.2292166103868074,0.40808802997839533,0.09037187056705509,0.04006220828294338,-0.05947892650568298,0.14317717089491352,0.34096185880722624,0.13808923959732056,BEAR,3,NONE,,True,True,3648,858,2790,3.2517482517482517,0.0,2025-01-24T00:00:00+0000,-0.011233737099909935
2024-11-26T00:00:00+0000,2024-11-27T00:00:00+0000,2023-12-31T23:59:59+0000,XGB_V3_1_Y2024_N3648_P858_SEED42,91965.16,0.2059279219662702,0.38899321612151017,0.09113918838183266,0.041643936207935495,-0.07004449298224324,0.08855373967092815,0.31098043600991815,0.16592445969581604,BEAR,3,NONE,,True,True,3648,858,2790,3.2517482517482517,0.0,2025-01-25T00:00:00+0000,0.006386440256288317
2024-11-27T00:00:00+0000,2024-11-28T00:00:00+0000,2023-12-31T23:59:59+0000,XGB_V3_1_Y2024_N3648_P858_SEED42,95863.11,0.2460279144507227,0.4440449804725388,0.09327571255656553,0.043503940015978015,-0.030628261133357593,0.21161173705252467,0.280005835098257,0.14945583045482635,BEAR,3,NONE,,True,True,3648,858,2790,3.2517482517482517,0.0,2025-01-26T00:00:00+0000,-0.03453486956557106
2024-11-28T00:00:00+0000,2024-11-29T00:00:00+0000,2023-12-31T23:59:59+0000,XGB_V3_1_Y2024_N3648_P858_SEED42,95643.98,0.23196793884046363,0.4370467636493687,0.09548456008250517,0.04539254376189894,-0.032844112769485956,0.18873043165747672,0.24254702522635976,0.12954795360565186,BEAR,3,NONE,,True,True,3648,858,2790,3.2517482517482517,0.0,2025-01-27T00:00:00+0000,-0.03232289162370694
2024-11-29T00:00:00+0000,2024-11-30T00:00:00+0000,2023-12-31T23:59:59+0000,XGB_V3_1_Y2024_N3648_P858_SEED42,97460.0,0.2434644562051793,0.46054475431515574,0.09699138046174949,0.047259429305449574,-0.014480443311895796,0.2737005019618624,0.1960570143443302,0.10718489438295364,BEAR,3,NONE,,True,True,3648,858,2790,3.2517482517482517,0.0,2025-01-28T00:00:00+0000,-0.05035409398727675
2024-11-30T00:00:00+0000,2024-12-01T00:00:00+0000,2023-12-31T23:59:59+0000,XGB_V3_1_Y2024_N3648_P858_SEED42,96407.99,0.2195029209544379,0.4410183686596727,0.0961981931815652,0.04866936511195474,-0.025118412005015522,0.21297614459441858,0.15649147571562622,0.12105362117290497,BEAR,3,NONE,,True,True,3648,858,2790,3.2517482517482517,0.0,2025-01-29T00:00:00+0000,-0.03999149862993723
2024-12-01T00:00:00+0000,2024-12-02T00:00:00+0000,2023-12-31T23:59:59+0000,XGB_V3_1_Y2024_N3648_P858_SEED42,97185.18,0.21885629158731912,0.44927971397640576,0.09419123150584863,0.049111622645678255,-0.017259434534643958,0.24162387810502678,0.15277878256247368,0.09265530109405518,BEAR,3,NONE,,True,True,3648,858,2790,3.2517482517482517,0.0,2025-01-30T00:00:00+0000,-0.0476686877567134
2024-12-02T00:00:00+0000,2024-12-03T00:00:00+0000,2023-12-31T23:59:59+0000,XGB_V3_1_Y2024_N3648_P858_SEED42,95840.62,0.19213433955554193,0.42597477395823713,0.09181159423065055,0.04952041764174919,-0.030855680944869235,0.1284573904247442,0.14233465229862924,0.12478765845298767,BEAR,3,NONE,,True,True,3648,858,2790,3.2517482517482517,0.0,2025-01-31T00:00:00+0000,-0.034308313114001066
2024-12-03T00:00:00+0000,2024-12-04T00:00:00+0000,2023-12-31T23:59:59+0000,XGB_V3_1_Y2024_N3648_P858_SEED42,95849.69,0.1834835314406389,0.4230580739919203,0.08936680576714395,0.04956558522600507,-0.03076396472919951,0.11187033828752797,0.13790232958075266,0.1266663819551468,BEAR,3,NONE,,True,True,3648,858,2790,3.2517482517482517,0.0,2025-02-01T00:00:00+0000,-0.03439969393745557
2024-12-04T00:00:00+0000,2024-12-05T00:00:00+0000,2023-12-31T23:59:59+0000,XGB_V3_1_Y2024_N3648_P858_SEED42,98587.32,0.20788600874647933,0.46026972744519945,0.08735995273642372,0.05005281772090164,-0.0030809367795169296,0.3085375097155869,0.12392691963815734,0.06777162849903107,BEAR,3,NONE,,True,True,3648,858,2790,3.2517482517482517,0.0,2025-02-02T00:00:00+0000,-0.06121304443614051
2024-12-05T00:00:00+0000,2024-12-06T00:00:00+0000,2023-12-31T23:59:59+0000,XGB_V3_1_Y2024_N3648_P858_SEED42,96945.63,0.17929778615257375,0.43269868932774114,0.08643433707821413,0.05021933842575588,-0.019681774056546475,0.1497217830750356,0.1187406831953065,0.0979800745844841,BEAR,3,NONE,,True,True,3648,858,2790,3.2517482517482517,0.0,2025-02-03T00:00:00+0000,-0.04531550313304478
2024-12-06T00:00:00+0000,2024-12-07T00:00:00+0000,2023-12-31T23:59:59+0000,XGB_V3_1_Y2024_N3648_P858_SEED42,99740.84,0.2038345382154345,0.47093204925360177,0.08643623649208654,0.049977546033982634,0.0,0.3630460762258453,0.1160071776494948,0.05822969600558281,BEAR,3,NONE,,True,True,3648,858,2790,3.2517482517482517,0.0,2025-02-04T00:00:00+0000,-0.07207027733073024
2024-12-07T00:00:00+0000,2024-12-08T00:00:00+0000,2023-12-31T23:59:59+0000,XGB_V3_1_Y2024_N3648_P858_SEED42,99831.99,0.19586917383505464,0.469060801223534,0.08508138883614835,0.04971639925429794,0.0,0.3527974475580717,0.10674809734600486,0.05841965973377228,BEAR,3,NONE,,True,True,3648,858,2790,3.2517482517482517,0.0,2025-02-05T00:00:00+0000,-0.07291750870637759
2024-12-08T00:00:00+0000,2024-12-09T00:00:00+0000,2023-12-31T23:59:59+0000,XGB_V3_1_Y2024_N3648_P858_SEED42,101109.59,0.2017495338194859,0.48437245178683175,0.08372764692412837,0.04963767437279776,0.0,0.4511718254970106,0.10008952767641294,0.05369756743311882,BEAR,3,NONE,,True,True,3648,858,2790,3.2517482517482517,0.0,2025-02-06T00:00:00+0000,-0.08463193253973234
2024-12-09T00:00:00+0000,2024-12-10T00:00:00+0000,2023-12-31T23:59:59+0000,XGB_V3_1_Y2024_N3648_P858_SEED42,97276.47,0.14847958960237184,0.4250334865173693,0.08066600425795101,0.04951600399053446,-0.0379105483466009,0.032664724688524806,0.0906481598934756,0.09778119623661041,BEAR,3,NONE,,True,True,3648,858,2790,3.2517482517482517,0.0,2025-02-07T00:00:00+0000,-0.048562411855611054
2024-12-10T00:00:00+0000,2024-12-11T00:00:00+0000,2023-12-31T23:59:59+0000,XGB_V3_1_Y2024_N3648_P858_SEED42,96593.0,0.13259701203524066,0.4121205482107717,0.07879781853056422,0.04922023070283976,-0.04467024344575021,-0.06056044263024551,0.0869976661991459,0.06839048862457275,BEAR,3,NONE,,True,True,3648,858,2790,3.2517482517482517,0.0,2025-02-08T00:00:00+0000,-0.04183025685091046
2024-12-11T00:00:00+0000,2024-12-12T00:00:00+0000,2023-12-31T23:59:59+0000,XGB_V3_1_Y2024_N3648_P858_SEED42,101125.0,0.1764397032928442,0.47494297843097844,0.07805600179842331,0.04890208136321661,0.0,0.4263840504744374,0.0935757631470307,0.07372085005044937,BEAR,3,NONE,,True,True,3648,858,2790,3.2517482517482517,0.0,2025-02-09T00:00:00+0000,-0.08477142150803452
2024-12-12T00:00:00+0000,2024-12-13T00:00:00+0000,2023-12-31T23:59:59+0000,XGB_V3_1_Y2024_N3648_P858_SEED42,100004.29,0.1544477542760483,0.4552543970857257,0.07750658038598823,0.048446105506250836,-0.011082422744128628,0.29040345280795954,0.09568349753101275,0.07899858802556992,BEAR,3,NONE,,True,True,3648,858,2790,3.2517482517482517,0.0,2025-02-10T00:00:00+0000,-0.07451480331493765
2024-12-13T00:00:00+0000,2024-12-14T00:00:00+0000,2023-12-31T23:59:59+0000,XGB_V3_1_Y2024_N3648_P858_SEED42,101424.25,0.1619263775366,0.47249043590064366,0.07779136618548232,0.04805919892677557,0.0,0.3943796582646864,0.10237481506645062,0.08041009306907654,BEAR,3,NONE,,True,True,3648,858,2790,3.2517482517482517,0.0,2025-02-11T00:00:00+0000,-0.08747178312878823
2024-12-14T00:00:00+0000,2024-12-15T00:00:00+0000,2023-12-31T23:59:59+0000,XGB_V3_1_Y2024_N3648_P858_SEED42,101420.0,0.15270732751179983,0.46890767384887333,0.07797686955605387,0.047645758661560844,-4.19031937628489e-05,0.3559346262680788,0.10804286719257426,0.08041009306907654,BEAR,3,NONE,,True,True,3648,858,2790,3.2517482517482517,0.0,2025-02-12T00:00:00+0000,-0.08743354367974754
2024-12-15T00:00:00+0000,2024-12-16T00:00:00+0000,2023-12-31T23:59:59+0000,XGB_V3_1_Y2024_N3648_P858_SEED42,104463.99,0.17730316783840427,0.5089724388195842,0.07937795306526763,0.04805824216015431,0.0,0.5552913985239174,0.11415348542363,0.059392619878053665,BEAR,3,NONE,,True,True,3648,858,2790,3.2517482517482517,0.0,2025-02-13T00:00:00+0000,-0.11402493816290182
2024-12-16T00:00:00+0000,2024-12-17T00:00:00+0000,2023-12-31T23:59:59+0000,XGB_V3_1_Y2024_N3648_P858_SEED42,106058.66,0.18511444376644737,0.5278464606291617,0.08013893789525439,0.04843911975769166,0.0,0.6118913524330408,0.11755705308569474,0.06051615625619888,BEAR,3,NONE,,True,True,3648,858,2790,3.2517482517482517,0.0,2025-02-14T00:00:00+0000,-0.12734622519273764
2024-12-17T00:00:00+0000,2024-12-18T00:00:00+0000,2023-12-31T23:59:59+0000,XGB_V3_1_Y2024_N3648_P858_SEED42,106133.74,0.1764433646125001,0.5246896401438692,0.08067819013562794,0.04857916940594742,0.0,0.5201395600596485,0.12910417648429034,0.08259284496307373,BEAR,3,NONE,,True,True,3648,858,2790,3.2517482517482517,0.0,2025-02-15T00:00:00+0000,-0.12796354863213144
2024-12-18T00:00:00+0000,2024-12-19T00:00:00+0000,2023-12-31T23:59:59+0000,XGB_V3_1_Y2024_N3648_P858_SEED42,100204.01,0.10399250027310059,0.4361585518395701,0.07879913986665787,0.048325075287227515,-0.0558703575319216,0.04213067963547094,0.12403144376889873,0.11808880418539047,BEAR,3,NONE,,True,True,3648,858,2790,3.2517482517482517,0.0,2025-02-16T00:00:00+0000,-0.07635941914899402
2024-12-19T00:00:00+0000,2024-12-20T00:00:00+0000,2023-12-31T23:59:59+0000,XGB_V3_1_Y2024_N3648_P858_SEED42,97461.86,0.06787083968046592,0.3938907933606821,0.07753515237173558,0.047838636575807,-0.08170709898661821,-0.17966861234964243,0.12402864505013494,0.16445636749267578,BEAR,3,NONE,,True,True,3648,858,2790,3.2517482517482517,0.0,2025-02-17T00:00:00+0000,-0.05037221739868292
2024-12-20T00:00:00+0000,2024-12-21T00:00:00+0000,2023-12-31T23:59:59+0000,XGB_V3_1_Y2024_N3648_P858_SEED42,97805.44,0.06521301102878296,0.3959102822946774,0.07660478471835708,0.0472780309548575,-0.07846986264688305,-0.1606281387687723,0.12155152623660595,0.16445636749267578,BEAR,3,NONE,,True,True,3648,858,2790,3.2517482517482517,0.0,2025-02-18T00:00:00+0000,-0.053708157746644725
2024-12-21T00:00:00+0000,2024-12-22T00:00:00+0000,2023-12-31T23:59:59+0000,XGB_V3_1_Y2024_N3648_P858_SEED42,97291.99,0.05324398303243383,0.3859361059357975,0.0746306869877611,0.04685383270623422,-0.08330762677354064,-0.20371274089133096,0.12136707023345564,0.16445636749267578,BEAR,3,NONE,,True,True,3648,858,2790,3.2517482517482517,0.0,2025-02-19T00:00:00+0000,-0.048714185001252464
2024-12-22T00:00:00+0000,2024-12-23T00:00:00+0000,2023-12-31T23:59:59+0000,XGB_V3_1_Y2024_N3648_P858_SEED42,95186.27,0.02472164255017506,0.3536184300458409,0.07231912650139849,0.04626158083138954,-0.10314787738564568,-0.36939411159871655,0.12322658098926167,0.16840820014476776,BEAR,3,NONE,,True,True,3648,858,2790,3.2517482517482517,0.0,2025-02-20T00:00:00+0000,-0.027669746907826087
2024-12-23T00:00:00+0000,2024-12-24T00:00:00+0000,2023-12-31T23:59:59+0000,XGB_V3_1_Y2024_N3648_P858_SEED42,94881.47,0.015731179825897668,0.346977457488278,0.07013711444397153,0.045810476496413566,-0.10601972567818685,-0.38185776922789844,0.12599840993514838,0.17815642058849335,BEAR,3,NONE,,True,True,3648,858,2790,3.2517482517482517,0.0,2025-02-21T00:00:00+0000,-0.024546204859600018
2024-12-24T00:00:00+0000,2024-12-25T00:00:00+0000,2023-12-31T23:59:59+0000,XGB_V3_1_Y2024_N3648_P858_SEED42,98663.58,0.04929708760346885,0.3977620662186945,0.06869517833572347,0.045527934624297606,-0.07038440367785026,-0.08105134692707229,0.12594222876439506,0.1787201315164566,BEAR,3,NONE,,True,True,3648,858,2790,3.2517482517482517,0.0,2025-02-22T00:00:00+0000,-0.06193866064864051
2024-12-25T00:00:00+0000,2024-12-26T00:00:00+0000,2023-12-31T23:59:59+0000,XGB_V3_1_Y2024_N3648_P858_SEED42,99429.6,0.05072616936169427,0.40561537884219145,0.06646804309510634,0.045383927099509336,-0.06316690620720611,-0.030531563855452255,0.12329368814046524,0.1645880490541458,BEAR,3,NONE,,True,True,3648,858,2790,3.2517482517482517,0.0,2025-02-23T00:00:00+0000,-0.0691656207004755
2024-12-26T00:00:00+0000,2024-12-27T00:00:00+0000,2023-12-31T23:59:59+0000,XGB_V3_1_Y2024_N3648_P858_SEED42,95791.6,0.007973956248406466,0.3516879214489883,0.06192115266719611,0.04513064821176793,-0.09744441305846752,-0.2982870322811349,0.1284422141418444,0.2244517058134079,BEAR,3,NONE,,True,True,3648,858,2790,3.2517482517482517,0.0,2025-02-24T00:00:00+0000,-0.04424939138713624
2024-12-27T00:00:00+0000,2024-12-28T00:00:00+0000,2023-12-31T23:59:59+0000,XGB_V3_1_Y2024_N3648_P858_SEED42,94299.03,-0.011567788331162676,0.3283063562242765,0.057493950286955586,0.04466974473332552,-0.11150751872119091,-0.3700072436327186,0.1369174305492364,0.22956982254981995,BEAR,3,NONE,,True,True,3648,858,2790,3.2517482517482517,0.0,2025-02-25T00:00:00+0000,-0.0595831155421217
2024-12-28T00:00:00+0000,2024-12-29T00:00:00+0000,2023-12-31T23:59:59+0000,XGB_V3_1_Y2024_N3648_P858_SEED42,95300.0,-0.004995193500338724,0.33976538056772276,0.05523392122848825,0.04427452993320724,-0.10207630485837971,-0.2685087855036874,0.14066371225159735,0.24420896172523499,BEAR,3,NONE,,True,True,3648,858,2790,3.2517482517482517,0.0,2025-02-26T00:00:00+0000,-0.11594868835257088
2024-12-29T00:00:00+0000,2024-12-30T00:00:00+0000,2023-12-31T23:59:59+0000,XGB_V3_1_Y2024_N3648_P858_SEED42,93738.2,-0.0247758568017874,0.31545347934510204,0.05316446581803014,0.043898763643882344,-0.11679170073531764,-0.3507170307234211,0.14782588092546012,0.24420896172523499,BEAR,3,NONE,,True,True,3648,858,2790,3.2517482517482517,0.0,2025-02-27T00:00:00+0000,-0.10121924679586336
2024-12-30T00:00:00+0000,2024-12-31T00:00:00+0000,2023-12-31T23:59:59+0000,XGB_V3_1_Y2024_N3648_P858_SEED42,92792.05,-0.03710810805196063,0.2998029012703778,0.04955859864685341,0.043660833073144056,-0.1257063964767472,-0.38095235670058747,0.15646985328607146,0.24420896172523499,BEAR,3,NONE,,True,True,3648,858,2790,3.2517482517482517,0.0,2025-02-28T00:00:00+0000,-0.09205486892465475
2024-12-31T00:00:00+0000,2025-01-01T00:00:00+0000,2024-12-31T23:59:59+0000,XGB_V3_1_Y2025_N4014_P858_SEED42,93576.0,-0.029965254022157994,0.30826151417873926,0.04430915790714285,0.04324570953435902,-0.11831996121120392,-0.29730361032633046,0.16152225857645833,0.273431658744812,BEAR,3,NONE,,True,True,4014,858,3156,3.6783216783216783,0.0,2025-03-01T00:00:00+0000,-0.09966134478926225
2025-01-01T00:00:00+0000,2025-01-02T00:00:00+0000,2024-12-31T23:59:59+0000,XGB_V3_1_Y2025_N4014_P858_SEED42,94591.79,-0.020783279214594774,0.319846127634555,0.039935067371967614,0.04291864250237287,-0.10874911220503503,-0.21314367202814327,0.16435148961003815,0.273431658744812,BEAR,3,NONE,,True,True,4014,858,3156,3.6783216783216783,0.0,2025-03-02T00:00:00+0000,-0.10932978432906282
2025-01-02T00:00:00+0000,2025-01-03T00:00:00+0000,2024-12-31T23:59:59+0000,XGB_V3_1_Y2025_N4014_P858_SEED42,96984.79,0.0026170859202370167,0.3503805279899743,0.03553768449243133,0.04269703966874672,-0.08620208804476326,-0.05175210857897255,0.16179111981876101,0.2706020772457123,BEAR,3,NONE,,True,True,4014,858,3156,3.6783216783216783,0.0,2025-03-03T00:00:00+0000,-0.13130615635709475
2025-01-03T00:00:00+0000,2025-01-04T00:00:00+0000,2024-12-31T23:59:59+0000,XGB_V3_1_Y2025_N4014_P858_SEED42,98174.18,0.012641473048996987,0.3639339596068851,0.03105817529075927,0.042497046557050666,-0.07499556691397113,0.034417393684293,0.15853519498926108,0.2739504873752594,BEAR,3,NONE,,True,True,4014,858,3156,3.6783216783216783,0.0,2025-03-04T00:00:00+0000,-0.14183046907038077
2025-01-04T00:00:00+0000,2025-01-05T00:00:00+0000,2024-12-31T23:59:59+0000,XGB_V3_1_Y2025_N4014_P858_SEED42,98220.5,0.011619085384947603,0.3614522920516565,0.026027457399703913,0.04211203400196628,-0.07455913642541956,0.06285086063413686,0.1456970766865555,0.2471270114183426,BEAR,3,NONE,,True,True,4014,858,3156,3.6783216783216783,0.0,2025-03-05T00:00:00+0000,-0.14223517493802218
2025-01-05T00:00:00+0000,2025-01-06T00:00:00+0000,2024-12-31T23:59:59+0000,XGB_V3_1_Y2025_N4014_P858_SEED42,98363.61,0.011472748454729897,0.3602881614645823,0.023298073872967784,0.04168669589536611,-0.07321074335079503,0.12053598512925796,0.12144528714229348,0.2139521837234497,BEAR,3,NONE,,True,True,4014,858,3156,3.6783216783216783,0.0,2025-03-06T00:00:00+0000,-0.1434831438171088
2025-01-06T00:00:00+0000,2025-01-07T00:00:00+0000,2024-12-31T23:59:59+0000,XGB_V3_1_Y2025_N4014_P858_SEED42,102235.6,0.0486186391365131,0.4101911307232484,0.02193727842761728,0.04148292039117485,-0.036728565298838944,0.5693359482580499,0.09959552318100716,0.15100617706775665,BEAR,3,NONE,,True,True,4014,858,3156,3.6783216783216783,0.0,2025-03-07T00:00:00+0000,-0.17592218366205126
2025-01-07T00:00:00+0000,2025-01-08T00:00:00+0000,2024-12-31T23:59:59+0000,XGB_V3_1_Y2025_N4014_P858_SEED42,96954.61,-0.006870164983441951,0.3343281135442966,0.01928284025214122,0.04141328682194634,-0.08648644625168211,0.04035946175706638,0.0942745754651119,0.1977279782295227,BEAR,3,NONE,,True,True,4014,858,3156,3.6783216783216783,0.0,2025-03-08T00:00:00+0000,-0.1310357496152066
2025-01-08T00:00:00+0000,2025-01-09T00:00:00+0000,2024-12-31T23:59:59+0000,XGB_V3_1_Y2025_N4014_P858_SEED42,95060.61,-0.026819104514620773,0.3054953745223046,0.016236657699072232,0.0414041730374588,-0.10433185526110744,-0.1535138845668022,0.09497150781879395,0.1977279782295227,BEAR,3,NONE,,True,True,4014,858,3156,3.6783216783216783,0.0,2025-03-09T00:00:00+0000,-0.15070637564812606
2025-01-09T00:00:00+0000,2025-01-10T00:00:00+0000,2024-12-31T23:59:59+0000,XGB_V3_1_Y2025_N4014_P858_SEED42,92552.49,-0.052159396754142384,0.2684948033965482,0.013256874080080694,0.0413432590469105,-0.12796354863213144,-0.37735366147168137,0.10059499900367529,0.1988496035337448,BEAR,3,NONE,,True,True,4014,858,3156,3.6783216783216783,0.0,2025-03-10T00:00:00+0000,-0.15079691535041362
2025-01-10T00:00:00+0000,2025-01-11T00:00:00+0000,2024-12-31T23:59:59+0000,XGB_V3_1_Y2025_N4014_P858_SEED42,94726.11,-0.029185053790480864,0.2952294870285026,0.011477119061821695,0.04181139332032768,-0.10748353916483111,-0.1390962485920334,0.10101856524930677,0.19939309358596802,BEAR,3,NONE,,True,True,4014,858,3156,3.6783216783216783,0.0,2025-03-11T00:00:00+0000,-0.1702830402304074
2025-01-11T00:00:00+0000,2025-01-12T00:00:00+0000,2024-12-31T23:59:59+0000,XGB_V3_1_Y2025_N4014_P858_SEED42,94599.99,-0.02962392899063704,0.2906114081192699,0.009198017820458926,0.042359528871985797,-0.10867185119454004,-0.1482109269101979,0.1016355331673392,0.22425511479377747,BEAR,3,NONE,,True,True,4014,858,3156,3.6783216783216783,0.0,2025-03-12T00:00:00+0000,-0.1691768677776816
2025-01-12T00:00:00+0000,2025-01-13T00:00:00+0000,2024-12-31T23:59:59+0000,XGB_V3_1_Y2025_N4014_P858_SEED42,94545.06,-0.029564766627774963,0.286905397704603,0.007172263758386865,0.0429683808236907,-0.10918940574411118,-0.15154877614131182,0.10203305855076819,0.22425511479377747,BEAR,3,NONE,,True,True,4014,858,3156,3.6783216783216783,0.0,2025-03-13T00:00:00+0000,-0.16869416551219063
2025-01-13T00:00:00+0000,2025-01-14T00:00:00+0000,2024-12-31T23:59:59+0000,XGB_V3_1_Y2025_N4014_P858_SEED42,94536.1,-0.028986184113766078,0.2839147722749644,0.004224240177528982,0.04312863266247313,-0.10927382753118842,-0.134552516081417,0.09985770955988935,0.22425511479377747,BEAR,3,NONE,,True,True,4014,858,3156,3.6783216783216783,0.0,2025-03-14T00:00:00+0000,-0.16861537550205696
2025-01-14T00:00:00+0000,2025-01-15T00:00:00+0000,2024-12-31T23:59:59+0000,XGB_V3_1_Y2025_N4014_P858_SEED42,96560.86,-0.00891209590459574,0.30820359118034,0.00346868225864827,0.043461899194631615,-0.09019638806660357,0.09769686189534814,0.09421628745278676,0.22551608085632324,BEAR,3,NONE,,True,True,4014,858,3156,3.6783216783216783,0.0,2025-03-15T00:00:00+0000,-0.186048467256816
2025-01-15T00:00:00+0000,2025-01-16T00:00:00+0000,2024-12-31T23:59:59+0000,XGB_V3_1_Y2025_N4014_P858_SEED42,100497.35,0.029688054141109976,0.3579006889277323,0.003618510700073907,0.044324837512705884,-0.05310648621258418,0.4606566111527484,0.1037003153399212,0.18807201087474823,BEAR,3,NONE,,True,True,4014,858,3156,3.6783216783216783,0.0,2025-03-16T00:00:00+0000,-0.21793102007167353
2025-01-16T00:00:00+0000,2025-01-17T00:00:00+0000,2024-12-31T23:59:59+0000,XGB_V3_1_Y2025_N4014_P858_SEED42,99987.3,0.02359705637354592,0.34762076527076147,0.0019158237797418654,0.04512484536164596,-0.0219913611305651,0.3630848769751519,0.10843342139300977,0.10278967022895813,BEAR,3,NONE,,True,True,4014,858,3156,3.6783216783216783,0.0,2025-03-17T00:00:00+0000,-0.2139415705794636
2025-01-17T00:00:00+0000,2025-01-18T00:00:00+0000,2024-12-31T23:59:59+0000,XGB_V3_1_Y2025_N4014_P858_SEED42,104077.48,0.06363273983192452,0.3988661196507588,0.0023113227028663808,0.04596334988997475,0.0,0.5980202622788953,0.128716018856348,0.08151552081108093,BEAR,3,NONE,,True,True,4014,858,3156,3.6783216783216783,0.0,2025-03-18T00:00:00+0000,-0.24483317620680278
2025-01-18T00:00:00+0000,2025-01-19T00:00:00+0000,2024-12-31T23:59:59+0000,XGB_V3_1_Y2025_N4014_P858_SEED42,104556.23,0.06697782315005374,0.4013059646703916,0.0031999468994305946,0.04707027107869255,0.0,0.5303400100409049,0.1431285435998956,0.08975598216056824,BEAR,3,NONE,,True,True,4014,858,3156,3.6783216783216783,0.0,2025-03-19T00:00:00+0000,-0.24829099136416832
2025-01-19T00:00:00+0000,2025-01-20T00:00:00+0000,2024-12-31T23:59:59+0000,XGB_V3_1_Y2025_N4014_P858_SEED42,101331.57,0.03303265925630772,0.35435548643125636,0.004564718499887377,0.04804235107780008,-0.030841395103859304,0.27099497967093394,0.14082538819891727,0.14714951813220978,BEAR,3,NONE,,True,True,4014,858,3156,3.6783216783216783,0.0,2025-03-20T00:00:00+0000,-0.2243694635344149
2025-01-20T00:00:00+0000,2025-01-21T00:00:00+0000,2024-12-31T23:59:59+0000,XGB_V3_1_Y2025_N4014_P858_SEED42,102260.01,0.041420140736033506,0.36264767432882605,0.006344341994044322,0.04918564600397102,-0.02196157990776826,0.3058927284440795,0.14068696272669798,0.1459558755159378,BEAR,3,NONE,,True,True,4014,858,3156,3.6783216783216783,0.0,2025-03-21T00:00:00+0000,-0.23141157525801137
2025-01-21T00:00:00+0000,2025-01-22T00:00:00+0000,2024-12-31T23:59:59+0000,XGB_V3_1_Y2025_N4014_P858_SEED42,106143.82,0.07870928053062509,0.40974990593289573,0.009344187100933876,0.05056395920136003,0.0,0.49846855363435355,0.15308554579319653,0.09964334964752197,BEAR,3,NONE,,True,True,4014,858,3156,3.6783216783216783,1.0,2025-03-22T00:00:00+0000,-0.25953428094070863
2025-01-22T00:00:00+0000,2025-01-23T00:00:00+0000,2024-12-31T23:59:59+0000,XGB_V3_1_Y2025_N4014_P858_SEED42,103706.66,0.05226069942870826,0.3732336040107942,0.011605102675677603,0.051513280896285485,-0.022960922265658046,0.3037956126301835,0.15807869344095615,0.14872583746910095,BEAR,3,NONE,,True,True,4014,858,3156,3.6783216783216783,0.0,2025-03-23T00:00:00+0000,-0.24213295462412932
2025-01-23T00:00:00+0000,2025-01-24T00:00:00+0000,2024-12-31T23:59:59+0000,XGB_V3_1_Y2025_N4014_P858_SEED42,103910.34,0.053189683528046094,0.3715670750193212,0.013397659267138318,0.05253797737726962,-0.021042016388707396,0.288158795206322,0.16326827692197507,0.14649909734725952,BEAR,3,NONE,,True,True,4014,858,3156,3.6783216783216783,0.0,2025-03-24T00:00:00+0000,-0.2436184887856203
2025-01-24T00:00:00+0000,2025-01-25T00:00:00+0000,2024-12-31T23:59:59+0000,XGB_V3_1_Y2025_N4014_P858_SEED42,104870.5,0.061216642336347826,0.37985531073563505,0.014285780854228491,0.05346491438003276,-0.011996176508439316,0.3135926133683513,0.16962629435767557,0.11284592002630234,BEAR,3,NONE,,True,True,4014,858,3156,3.6783216783216783,1.0,2025-03-25T00:00:00+0000,-0.25054367052698323
2025-01-25T00:00:00+0000,2025-01-26T00:00:00+0000,2024-12-31T23:59:59+0000,XGB_V3_1_Y2025_N4014_P858_SEED42,104746.85,0.05889257645741153,0.3740072487614139,0.013538224213893724,0.054261645104001444,-0.01316110537570625,0.27843898910043025,0.17451124002943139,0.11301437765359879,BEAR,3,NONE,,True,True,4014,858,3156,3.6783216783216783,0.0,2025-03-26T00:00:00+0000,-0.24965896349150363
2025-01-26T00:00:00+0000,2025-01-27T00:00:00+0000,2024-12-31T23:59:59+0000,XGB_V3_1_Y2025_N4014_P858_SEED42,102620.0,0.03680768308642546,0.34215654209346735,0.01325321568847504,0.05464103791642971,-0.033198541375277446,0.15493578804208244,0.1749229571744371,0.15447895228862762,BEAR,3,NONE,,True,True,4014,858,3156,3.6783216783216783,0.0,2025-03-27T00:00:00+0000,-0.23410777626193724
2025-01-27T00:00:00+0000,2025-01-28T00:00:00+0000,2024-12-31T23:59:59+0000,XGB_V3_1_Y2025_N4014_P858_SEED42,102082.83,0.031177665139646038,0.33123583172710047,0.011705549455053088,0.05533872691923136,-0.038259316463266635,0.11030408855914758,0.17324832889233396,0.15680468082427979,BEAR,3,NONE,,True,True,4014,858,3156,3.6783216783216783,0.0,2025-03-28T00:00:00+0000,-0.23007757523963634
2025-01-28T00:00:00+0000,2025-01-29T00:00:00+0000,2024-12-31T23:59:59+0000,XGB_V3_1_Y2025_N4014_P858_SEED42,101335.52,0.022790072257731664,0.31775732274594515,0.011068718439403602,0.056090176048773754,-0.04529985824893057,0.0510043148131214,0.16647042108862736,0.16995681822299957,BEAR,3,NONE,,True,True,4014,858,3156,3.6783216783216783,0.0,2025-03-29T00:00:00+0000,-0.22439969716442965
2025-01-29T00:00:00+0000,2025-01-30T00:00:00+0000,2024-12-31T23:59:59+0000,XGB_V3_1_Y2025_N4014_P858_SEED42,103733.24,0.04548361125057476,0.34504278237333796,0.011509565107246988,0.05701811329157658,-0.022710507309799066,0.17636707823571054,0.15105456609987072,0.14872583746910095,BEAR,3,NONE,,True,True,4014,858,3156,3.6783216783216783,0.0,2025-03-30T00:00:00+0000,-0.2423271460527021
2025-01-30T00:00:00+0000,2025-01-31T00:00:00+0000,2024-12-31T23:59:59+0000,XGB_V3_1_Y2025_N4014_P858_SEED42,104722.94,0.054693472029715196,0.35401969615381335,0.011196854128533218,0.05753284397882874,-0.013386365781823284,0.2206693857821,0.14199587719594395,0.09622367471456528,BEAR,3,NONE,,True,True,4014,858,3156,3.6783216783216783,0.0,2025-03-31T00:00:00+0000,-0.24948764807405144
2025-01-31T00:00:00+0000,2025-02-01T00:00:00+0000,2024-12-31T23:59:59+0000,XGB_V3_1_Y2025_N4014_P858_SEED42,102429.56,0.03109251234896382,0.3211469550896302,0.009572183035632786,0.05773917190898015,-0.0349927108332827,0.03838694170947212,0.12697766366740124,0.1477506011724472,BEAR,3,NONE,,True,True,4014,858,3156,3.6783216783216783,0.0,2025-04-01T00:00:00+0000,-0.232683807291567
2025-02-01T00:00:00+0000,2025-02-02T00:00:00+0000,2024-12-31T23:59:59+0000,XGB_V3_1_Y2025_N4014_P858_SEED42,100635.65,0.01319523551166668,0.29503639158728423,0.007802473678232058,0.05773692128228847,-0.05189345927063882,-0.14398623290164891,0.10879812120658365,0.12710057199001312,BEAR,3,NONE,,True,True,4014,858,3156,3.6783216783216783,0.0,2025-04-02T00:00:00+0000,-0.21900578969778595
2025-02-02T00:00:00+0000,2025-02-03T00:00:00+0000,2024-12-31T23:59:59+0000,XGB_V3_1_Y2025_N4014_P858_SEED42,97700.59,-0.015617577157780893,0.2545531223437094,0.005961052347904561,0.05766137499431534,-0.0795451868983047,-0.4885610497176939,0.09384788099849802,0.1424129456281662,BEAR,3,NONE,,True,True,4014,858,3156,3.6783216783216783,0.0,2025-04-03T00:00:00+0000,-0.19554365024817144
2025-02-03T00:00:00+0000,2025-02-04T00:00:00+0000,2024-12-31T23:59:59+0000,XGB_V3_1_Y2025_N4014_P858_SEED42,101328.52,0.02158110052078177,0.2980267147586546,0.003713032294298646,0.057602041687682126,-0.045365806506681206,-0.16176702167857263,0.0786210884984877,0.08466315269470215,BEAR,3,NONE,,True,True,4014,858,3156,3.6783216783216783,0.0,2025-04-04T00:00:00+0000,-0.2243461169668718
2025-02-04T00:00:00+0000,2025-02-05T00:00:00+0000,2024-12-31T23:59:59+0000,XGB_V3_1_Y2025_N4014_P858_SEED42,97763.13,-0.012713278738596956,0.24986383507642462,0.0010199519577265281,0.0568802791685572,-0.07895598632120082,-0.5288151595770655,0.08734001547410895,0.14492549002170563,BEAR,3,NONE,,True,True,4014,858,3156,3.6783216783216783,0.0,2025-04-05T00:00:00+0000,-0.19605826859266884
2025-02-05T00:00:00+0000,2025-02-06T00:00:00+0000,2024-12-31T23:59:59+0000,XGB_V3_1_Y2025_N4014_P858_SEED42,96612.43,-0.022454037331445353,0.23282996475622886,-0.0014679345855380665,0.05621584226879395,-0.08979693777744213,-0.5649991551408832,0.0988656651331295,0.14714860916137695,BEAR,3,NONE,,True,True,4014,858,3156,3.6783216783216783,0.0,2025-04-06T00:00:00+0000,-0.18819969645727774
2025-02-06T00:00:00+0000,2025-02-07T00:00:00+0000,2024-12-31T23:59:59+0000,XGB_V3_1_Y2025_N4014_P858_SEED42,96554.35,-0.022319626685047722,0.22986118290595026,-0.0024015995384910616,0.05520085301018218,-0.09034411989317892,-0.484141229706118,0.109359108311968,0.1457567662000656,BEAR,3,NONE,,True,True,4014,858,3156,3.6783216783216783,0.0,2025-04-07T00:00:00+0000,-0.1877113770637988
2025-02-07T00:00:00+0000,2025-02-08T00:00:00+0000,2024-12-31T23:59:59+0000,XGB_V3_1_Y2025_N4014_P858_SEED42,96506.8,-0.0226120641643085,0.2269913081826458,-0.0034117905463691978,0.05414289103689418,-0.0907920969868995,-0.4261853632662556,0.11652216406376158,0.14205187559127808,BEAR,3,NONE,,True,True,4014,858,3156,3.6783216783216783,0.0,2025-04-08T00:00:00+0000,-0.2091498215669777
2025-02-08T00:00:00+0000,2025-02-09T00:00:00+0000,2024-12-31T23:59:59+0000,XGB_V3_1_Y2025_N4014_P858_SEED42,96444.74,-0.022971303775852214,0.22382872507047935,-0.005120427897422064,0.05328476865965892,-0.09137677539775746,-0.38442603551082133,0.12481072227434498,0.15138061344623566,BEAR,3,NONE,,True,True,4014,858,3156,3.6783216783216783,0.0,2025-04-09T00:00:00+0000,-0.2086409274367893
2025-02-09T00:00:00+0000,2025-02-10T00:00:00+0000,2024-12-31T23:59:59+0000,XGB_V3_1_Y2025_N4014_P858_SEED42,96462.75,-0.022624644055940224,0.22164772573766633,-0.00600846393532084,0.052183280502291485,-0.09120709995174481,-0.3426376402415744,0.13153952565668242,0.1745896190404892,BEAR,3,NONE,,True,True,4014,858,3156,3.6783216783216783,0.0,2025-04-10T00:00:00+0000,-0.20878867749468055
2025-02-10T00:00:00+0000,2025-02-11T00:00:00+0000,2024-12-31T23:59:59+0000,XGB_V3_1_Y2025_N4014_P858_SEED42,97430.82,-0.013264819642642367,0.23144129986280304,-0.0060419140071231725,0.05082404994996881,-0.08208673854021831,-0.24683528101897292,0.12684306531371195,0.1633751094341278,BEAR,3,NONE,,True,True,4014,858,3156,3.6783216783216783,0.0,2025-04-11T00:00:00+0000,-0.2166501318576607
2025-02-11T00:00:00+0000,2025-02-12T00:00:00+0000,2024-12-31T23:59:59+0000,XGB_V3_1_Y2025_N4014_P858_SEED42,95778.2,-0.030177958054434795,0.20842524108022498,-0.0057035168681059956,0.04950535223746111,-0.09765636850077575,-0.33700638027562757,0.13047882434895147,0.17033272981643677,BEAR,3,NONE,,True,True,4014,858,3156,3.6783216783216783,0.0,2025-04-12T00:00:00+0000,-0.2031336984825357
2025-02-12T00:00:00+0000,2025-02-13T00:00:00+0000,2024-12-31T23:59:59+0000,XGB_V3_1_Y2025_N4014_P858_SEED42,97869.99,-0.00883781142656892,0.23248670854973108,-0.00511820957986997,0.04815517964971572,-0.07794923906073858,-0.15775302610231204,0.1276595179736474,0.1633751094341278,BEAR,3,NONE,,True,True,4014,858,3156,3.6783216783216783,0.0,2025-04-13T00:00:00+0000,-0.22016524166396667
2025-02-13T00:00:00+0000,2025-02-14T00:00:00+0000,2024-12-31T23:59:59+0000,XGB_V3_1_Y2025_N4014_P858_SEED42,96608.14,-0.021057545761060226,0.21442763101344586,-0.0050581292874821715,0.04670016257906151,-0.08983735463826348,-0.2347022570736598,0.12251693101901358,0.15138061344623566,BEAR,3,NONE,,True,True,4014,858,3156,3.6783216783216783,0.0,2025-04-14T00:00:00+0000,-0.2099794075323259
2025-02-14T00:00:00+0000,2025-02-15T00:00:00+0000,2024-12-31T23:59:59+0000,XGB_V3_1_Y2025_N4014_P858_SEED42,97500.48,-0.012357398354901905,0.22328327353268262,-0.003045960746797416,0.04550898311831064,-0.08143045916380254,-0.1423467676754123,0.11380915792009583,0.13671697676181793,BEAR,3,NONE,,True,True,4014,858,3156,3.6783216783216783,0.0,2025-04-15T00:00:00+0000,-0.21720980245430588
2025-02-15T00:00:00+0000,2025-02-16T00:00:00+0000,2024-12-31T23:59:59+0000,XGB_V3_1_Y2025_N4014_P858_SEED42,97569.66,-0.01231107865481118,0.221746058208931,-0.00046319598935051776,0.04449173406402229,-0.08077870195363235,-0.118083826114948,0.10998516522502712,0.2199256420135498,BEAR,3,NONE,,True,True,4014,858,3156,3.6783216783216783,0.0,2025-04-16T00:00:00+0000,-0.21776482566404354
2025-02-16T00:00:00+0000,2025-02-17T00:00:00+0000,2024-12-31T23:59:59+0000,XGB_V3_1_Y2025_N4014_P858_SEED42,96118.12,-0.0271660234096206,0.20120194577576123,0.0004412496502126384,0.04349780060683961,-0.09445392110440354,-0.22783224561701557,0.10853984958791953,0.22156338393688202,BEAR,3,NONE,,True,True,4014,858,3156,3.6783216783216783,0.0,2025-04-17T00:00:00+0000,-0.20595180180386385
2025-02-17T00:00:00+0000,2025-02-18T00:00:00+0000,2024-12-31T23:59:59+0000,XGB_V3_1_Y2025_N4014_P858_SEED42,95780.0,-0.030988717762589046,0.19470505124688442,0.0010483585171745524,0.042528342454677626,-0.09763941037735413,-0.23476593447911182,0.10824734409328961,0.22156338393688202,BEAR,3,NONE,,True,True,4014,858,3156,3.6783216783216783,0.0,2025-04-18T00:00:00+0000,-0.20314867404468573
2025-02-18T00:00:00+0000,2025-02-19T00:00:00+0000,2024-12-31T23:59:59+0000,XGB_V3_1_Y2025_N4014_P858_SEED42,95671.74,-0.03264764623974692,0.19081669249808386,0.0019077887869887178,0.041734181029934536,-0.09865934728936643,-0.22940530167746132,0.09810265932746765,0.19846713542938232,BEAR,3,NONE,,True,True,4014,858,3156,3.6783216783216783,0.0,2025-04-19T00:00:00+0000,-0.20224697491652188
2025-02-19T00:00:00+0000,2025-02-20T00:00:00+0000,2024-12-31T23:59:59+0000,XGB_V3_1_Y2025_N4014_P858_SEED42,96644.37,-0.023419191990375343,0.2002378636210953,0.0026979329998242374,0.04109986898171414,-0.08949602529850542,-0.11318821491955831,0.07488158547783665,0.1646668016910553,BEAR,3,NONE,,True,True,4014,858,3156,3.6783216783216783,0.0,2025-04-20T00:00:00+0000,-0.21027557011339615
2025-02-20T00:00:00+0000,2025-02-21T00:00:00+0000,2024-12-31T23:59:59+0000,XGB_V3_1_Y2025_N4014_P858_SEED42,98305.0,-0.007383597882374526,0.21782567031236155,0.0029941848781345204,0.04115719409345431,-0.06260578523035554,0.17987850310469392,0.059484496536384726,0.15525463223457336,BEAR,3,NONE,,True,True,4014,858,3156,3.6783216783216783,0.0,2025-04-21T00:00:00+0000,-0.22361609277249384
2025-02-21T00:00:00+0000,2025-02-22T00:00:00+0000,2024-12-31T23:59:59+0000,XGB_V3_1_Y2025_N4014_P858_SEED42,96181.98,-0.028662918832927153,0.18842146948292116,0.002649460232756029,0.041485770837247804,-0.08284999117959768,-0.17357810911988658,0.051032736005901046,0.16011737287044525,BEAR,3,NONE,,True,True,4014,858,3156,3.6783216783216783,0.0,2025-04-22T00:00:00+0000,-0.20647900989353718
2025-02-22T00:00:00+0000,2025-02-23T00:00:00+0000,2024-12-31T23:59:59+0000,XGB_V3_1_Y2025_N4014_P858_SEED42,96551.01,-0.02461632712230799,0.19000157699750386,0.002481857410787436,0.04184030228697422,-0.07933107976027587,-0.08782743320456579,0.05084624736130127,0.15677589178085327,BEAR,3,NONE,,True,True,4014,858,3156,3.6783216783216783,0.0,2025-04-23T00:00:00+0000,-0.20951194606871537
2025-02-23T00:00:00+0000,2025-02-24T00:00:00+0000,2024-12-31T23:59:59+0000,XGB_V3_1_Y2025_N4014_P858_SEED42,96258.0,-0.02719065879239191,0.1833911542036175,0.002657355545261586,0.04198255172206333,-0.08104157786129129,-0.16104006979722987,0.030337698135477143,0.15677589178085327,BEAR,3,NONE,,True,True,4014,858,3156,3.6783216783216783,0.0,2025-04-24T00:00:00+0000,-0.2071056951110557
2025-02-24T00:00:00+0000,2025-02-25T00:00:00+0000,2024-12-31T23:59:59+0000,XGB_V3_1_Y2025_N4014_P858_SEED42,91552.88,-0.07346638594630417,0.12348402250705703,0.0009304276837902581,0.04182005744534667,-0.12576098417405013,-0.9253974590042798,0.05454849956030604,0.18033045530319214,BEAR,3,NONE,,True,True,4014,858,3156,3.6783216783216783,0.0,2025-04-25T00:00:00+0000,-0.16635697315038045
2025-02-25T00:00:00+0000,2025-02-26T00:00:00+0000,2024-12-31T23:59:59+0000,XGB_V3_1_Y2025_N4014_P858_SEED42,88680.4,-0.10006738341923804,0.08637871520167373,-0.002476715787752104,0.04163741533935661,-0.15319031341175116,-0.8592130544407087,0.08900194289906023,0.21468797326087952,BEAR,3,NONE,,True,True,4014,858,3156,3.6783216783216783,0.0,2025-04-26T00:00:00+0000,-0.13935413011217812
2025-02-26T00:00:00+0000,2025-02-27T00:00:00+0000,2024-12-31T23:59:59+0000,XGB_V3_1_Y2025_N4014_P858_SEED42,84250.09,-0.14281609865384415,0.03063264986725911,-0.005213621678057168,0.04123972028933154,-0.19549537092827995,-0.8371692568825781,0.1396991215616244,0.3670060634613037,BEAR,3,NONE,,True,True,4014,858,3156,3.6783216783216783,0.0,2025-04-27T00:00:00+0000,-0.09409687277485401
2025-02-27T00:00:00+0000,2025-02-28T00:00:00+0000,2024-12-31T23:59:59+0000,XGB_V3_1_Y2025_N4014_P858_SEED42,84708.58,-0.13633198660515022,0.03459630862612206,-0.007719248282284319,0.04097439656938384,-0.19111724709027456,-0.6237499702197796,0.17093785421656563,0.3628593385219574,BEAR,3,NONE,,True,True,4014,858,3156,3.6783216783216783,0.0,2025-04-28T00:00:00+0000,-0.09900012489880017
2025-02-28T00:00:00+0000,2025-03-01T00:00:00+0000,2024-12-31T23:59:59+0000,XGB_V3_1_Y2025_N4014_P858_SEED42,84349.94,-0.13854770678601513,0.02864538523946769,-0.009955839282459022,0.04054577893422229,-0.19454190266239657,-0.5330518686453104,0.19640625750181417,0.3628593385219574,BEAR,3,NONE,,True,True,4014,858,3156,3.6783216783216783,0.0,2025-04-29T00:00:00+0000,-0.09516924374812841
2025-03-01T00:00:00+0000,2025-03-02T00:00:00+0000,2024-12-31T23:59:59+0000,XGB_V3_1_Y2025_N4014_P858_SEED42,86064.53,-0.11947907088589771,0.04792683352790883,-0.012320262841629681,0.04011076731166474,-0.15976862538509395,-0.3877334810167998,0.21000682804343065,0.3619726002216339,BEAR,3,NONE,,True,True,4014,858,3156,3.6783216783216783,0.0,2025-04-30T00:00:00+0000,-0.11319541279084422
2025-03-02T00:00:00+0000,2025-03-03T00:00:00+0000,2024-12-31T23:59:59+0000,XGB_V3_1_Y2025_N4014_P858_SEED42,94270.0,-0.03546428293544823,0.14535568415106948,-0.01312753341721562,0.040280574189058616,-0.06965975620684095,0.03787845166742021,0.20726713009933315,0.2463551014661789,BEAR,3,NONE,,True,True,4014,858,3156,3.6783216783216783,0.0,2025-05-01T00:00:00+0000,-0.19038485202079136
2025-03-03T00:00:00+0000,2025-03-04T00:00:00+0000,2024-12-31T23:59:59+0000,XGB_V3_1_Y2025_N4014_P858_SEED42,86220.61,-0.11631734691868312,0.04573578673479295,-0.014648875498595948,0.04026081054757591,-0.1490982992744787,-0.3372601534020238,0.2178504302611018,0.3568938374519348,BEAR,3,NONE,,True,True,4014,858,3156,3.6783216783216783,0.0,2025-05-02T00:00:00+0000,-0.11480074195717249
2025-03-04T00:00:00+0000,2025-03-05T00:00:00+0000,2024-12-31T23:59:59+0000,XGB_V3_1_Y2025_N4014_P858_SEED42,87281.98,-0.10410711298714803,0.05678818591223456,-0.015791386382837946,0.040086215570864336,-0.13862375568102647,-0.2576412644745989,0.2200749781633419,0.3195093870162964,BEAR,3,NONE,,True,True,4014,858,3156,3.6783216783216783,0.0,2025-05-03T00:00:00+0000,-0.1255649791629383
2025-03-05T00:00:00+0000,2025-03-06T00:00:00+0000,2024-12-31T23:59:59+0000,XGB_V3_1_Y2025_N4014_P858_SEED42,90606.01,-0.0688498142845485,0.09497220875073786,-0.016604605713061105,0.04018797406270802,-0.07831737958394802,-0.0808246278953151,0.21762682233097638,0.24323099851608276,BEAR,3,NONE,,True,True,4014,858,3156,3.6783216783216783,0.0,2025-05-04T00:00:00+0000,-0.1576450612933954
2025-03-06T00:00:00+0000,2025-03-07T00:00:00+0000,2024-12-31T23:59:59+0000,XGB_V3_1_Y2025_N4014_P858_SEED42,89931.89,-0.07376627245835543,0.08476046472243581,-0.017387467981756388,0.040160017135617565,-0.08517481308173547,-0.09806035899148126,0.2129439409774804,0.24323099851608276,BEAR,3,NONE,,True,True,4014,858,3156,3.6783216783216783,0.0,2025-05-05T00:00:00+0000,-0.15133085716312644
2025-03-07T00:00:00+0000,2025-03-08T00:00:00+0000,2024-12-31T23:59:59+0000,XGB_V3_1_Y2025_N4014_P858_SEED42,86801.75,-0.10356972653900698,0.045279641390378655,-0.017360279464796236,0.03982952359499947,-0.11701591984131021,-0.23377751698605875,0.21126089824327948,0.3219916820526123,BEAR,3,NONE,,True,True,4014,858,3156,3.6783216783216783,0.0,2025-05-06T00:00:00+0000,-0.12072717427932045
2025-03-08T00:00:00+0000,2025-03-09T00:00:00+0000,2024-12-31T23:59:59+0000,XGB_V3_1_Y2025_N4014_P858_SEED42,86222.45,-0.10625631515056799,0.03660540218888575,-0.018453213516034683,0.03948362100181102,-0.12290880423172779,-0.23869882423529654,0.2119312902883972,0.3219916820526123,BEAR,3,NONE,,True,True,4014,858,3156,3.6783216783216783,0.0,2025-05-07T00:00:00+0000,-0.11481963224195091
2025-03-09T00:00:00+0000,2025-03-10T00:00:00+0000,2024-12-31T23:59:59+0000,XGB_V3_1_Y2025_N4014_P858_SEED42,80734.37,-0.15898995996702647,-0.030515769281205918,-0.021238869061213528,0.03873216126240053,-0.17873587304816652,-0.45363933424749964,0.2283590877398414,0.3541131913661957,BEAR,3,NONE,,True,True,4014,858,3156,3.6783216783216783,0.0,2025-05-08T00:00:00+0000,-0.05464772933757944
2025-03-10T00:00:00+0000,2025-03-11T00:00:00+0000,2024-12-31T23:59:59+0000,XGB_V3_1_Y2025_N4014_P858_SEED42,78595.86,-0.17737022296124272,-0.05722703901922699,-0.024242949467031538,0.037656935703189065,-0.20048970042215553,-0.4788377049603598,0.24848719825343626,0.3831821382045746,BEAR,3,NONE,,True,True,4014,858,3156,3.6783216783216783,0.0,2025-05-09T00:00:00+0000,-0.028925696595215045
2025-03-11T00:00:00+0000,2025-03-12T00:00:00+0000,2024-12-31T23:59:59+0000,XGB_V3_1_Y2025_N4014_P858_SEED42,82932.99,-0.12844922777962908,-0.00632842213715723,-0.026468265029847338,0.036514112260469966,-0.15637058135394943,-0.2576111856270827,0.24521015488175707,0.379814088344574,BEAR,3,NONE,,True,True,4014,858,3156,3.6783216783216783,0.0,2025-05-10T00:00:00+0000,-0.07970977532583845
2025-03-12T00:00:00+0000,2025-03-13T00:00:00+0000,2024-12-31T23:59:59+0000,XGB_V3_1_Y2025_N4014_P858_SEED42,83680.12,-0.11642580322185514,0.0014521148534127892,-0.030999330767528366,0.03514603507808811,-0.14877045928487875,-0.20443212627757965,0.22920004305205818,0.38373884558677673,BEAR,3,NONE,,True,True,4014,858,3156,3.6783216783216783,0.0,2025-05-11T00:00:00+0000,-0.08792649914937978
2025-03-13T00:00:00+0000,2025-03-14T00:00:00+0000,2024-12-31T23:59:59+0000,XGB_V3_1_Y2025_N4014_P858_SEED42,81115.78,-0.1393968446915489,-0.030217400554163887,-0.03397658484246835,0.03349347017979776,-0.17485600935862877,-0.3058613348095049,0.2225457362431308,0.36722052097320557,BEAR,3,NONE,,True,True,4014,858,3156,3.6783216783216783,0.0,2025-05-12T00:00:00+0000,-0.059092817698356614
2025-03-14T00:00:00+0000,2025-03-15T00:00:00+0000,2024-12-31T23:59:59+0000,XGB_V3_1_Y2025_N4014_P858_SEED42,83983.2,-0.10519118629470892,0.0027963561089561217,-0.03662878851502227,0.03221552558048324,-0.14568740145465642,-0.13930196487245444,0.20177756668382515,0.5520225763320923,BEAR,3,NONE,,True,True,4014,858,3156,3.6783216783216783,0.0,2025-05-13T00:00:00+0000,-0.09121800550586312
2025-03-15T00:00:00+0000,2025-03-16T00:00:00+0000,2024-12-31T23:59:59+0000,XGB_V3_1_Y2025_N4014_P858_SEED42,84338.44,-0.09745741367030114,0.005541847620974316,-0.03966979502030832,0.031138254207443206,-0.1420737500635776,-0.09868191769193727,0.17448828955563622,0.5586995482444763,BEAR,3,NONE,,True,True,4014,858,3156,3.6783216783216783,0.0,2025-05-14T00:00:00+0000,-0.0950458652068974
2025-03-16T00:00:00+0000,2025-03-17T00:00:00+0000,2024-12-31T23:59:59+0000,XGB_V3_1_Y2025_N4014_P858_SEED42,82574.53,-0.11212034167992913,-0.016868329302772267,-0.04214697574111481,0.030692969536017856,-0.1600169879456793,-0.1959710741716027,0.1669294641673957,0.5887771248817444,BEAR,3,NONE,,True,True,4014,858,3156,3.6783216783216783,0.0,2025-05-15T00:00:00+0000,-0.07571475126773353
2025-03-17T00:00:00+0000,2025-03-18T00:00:00+0000,2024-12-31T23:59:59+0000,XGB_V3_1_Y2025_N4014_P858_SEED42,84010.03,-0.09305553290564261,-0.0012429284196471269,-0.043382155549460344,0.03044514472107096,-0.14541447535730634,-0.08048734494968648,0.16398097576567994,0.5922186374664307,BEAR,3,NONE,,True,True,4014,858,3156,3.6783216783216783,0.0,2025-05-16T00:00:00+0000,-0.09150824014703962
2025-03-18T00:00:00+0000,2025-03-19T00:00:00+0000,2024-12-31T23:59:59+0000,XGB_V3_1_Y2025_N4014_P858_SEED42,82715.03,-0.10328607531064271,-0.018015647103840626,-0.04385635067540339,0.03041788215538932,-0.15858776257565743,-0.16607327489073784,0.16578845892343413,0.5050823092460632,BEAR,3,NONE,,True,True,4014,858,3156,3.6783216783216783,0.0,2025-05-17T00:00:00+0000,-0.0772847449852826
2025-03-19T00:00:00+0000,2025-03-20T00:00:00+0000,2024-12-31T23:59:59+0000,XGB_V3_1_Y2025_N4014_P858_SEED42,86845.94,-0.05553570680087894,0.02932311403439658,-0.04212972433849815,0.03048415416368533,-0.11656640048827627,0.11861209410998627,0.1665272742083394,0.5962932705879211,BEAR,3,NONE,,True,True,4014,858,3156,3.6783216783216783,0.0,2025-05-18T00:00:00+0000,-0.12117457649718577
2025-03-20T00:00:00+0000,2025-03-21T00:00:00+0000,2024-12-31T23:59:59+0000,XGB_V3_1_Y2025_N4014_P858_SEED42,84223.39,-0.0801530495567464,-0.003350168290603084,-0.041654958053635616,0.0305546426753176,-0.14324408727938565,-0.06583263257397673,0.16661289264940607,0.5922186374664307,BEAR,3,NONE,,True,True,4014,858,3156,3.6783216783216783,0.0,2025-05-19T00:00:00+0000,-0.09380968873373541
2025-03-21T00:00:00+0000,2025-03-22T00:00:00+0000,2024-12-31T23:59:59+0000,XGB_V3_1_Y2025_N4014_P858_SEED42,84088.79,-0.07746510690573538,-0.006410091782100058,-0.042098903517471475,0.0304755486830548,-0.1446132953562892,-0.0683399076690841,0.16684750482888042,0.5922186374664307,BEAR,3,NONE,,True,True,4014,858,3156,3.6783216783216783,0.0,2025-05-20T00:00:00+0000,-0.09235915988326149
2025-03-22T00:00:00+0000,2025-03-23T00:00:00+0000,2024-12-31T23:59:59+0000,XGB_V3_1_Y2025_N4014_P858_SEED42,83840.59,-0.07642102641050685,-0.010882791679109105,-0.041480353291314276,0.0298487272725505,-0.13164460941423606,-0.06101008093490239,0.13506179439797988,0.5586995482444763,BEAR,3,NONE,,True,True,4014,858,3156,3.6783216783216783,0.0,2025-05-21T00:00:00+0000,-0.08967219815604821
2025-03-23T00:00:00+0000,2025-03-24T00:00:00+0000,2024-12-31T23:59:59+0000,XGB_V3_1_Y2025_N4014_P858_SEED42,86082.5,-0.04867413150366262,0.013885080354171908,-0.039973656619402664,0.029762371716836045,-0.10842465552664848,0.13613465828325785,0.13488749578448053,0.5628619194030762,BEAR,3,NONE,,True,True,4014,858,3156,3.6783216783216783,0.0,2025-05-22T00:00:00+0000,-0.11338053611361198
2025-03-24T00:00:00+0000,2025-03-25T00:00:00+0000,2024-12-31T23:59:59+0000,XGB_V3_1_Y2025_N4014_P858_SEED42,87498.16,-0.030843754802823975,0.028661614650802525,-0.03807113641848714,0.029887402917332828,-0.09100376072638117,0.2583655633650124,0.13538139434500798,0.5628619194030762,BEAR,3,NONE,,True,True,4014,858,3156,3.6783216783216783,0.0,2025-05-23T00:00:00+0000,-0.12772542874044446
2025-03-25T00:00:00+0000,2025-03-26T00:00:00+0000,2024-12-31T23:59:59+0000,XGB_V3_1_Y2025_N4014_P858_SEED42,87392.87,-0.029012433456898634,0.02540878226023935,-0.03682661672274168,0.029971149607607384,-0.07295141614511513,0.2903274891817431,0.12296681261021569,0.5096175670623779,BEAR,3,NONE,,True,True,4014,858,3156,3.6783216783216783,0.0,2025-05-24T00:00:00+0000,-0.12667452161715254
2025-03-26T00:00:00+0000,2025-03-27T00:00:00+0000,2024-12-31T23:59:59+0000,XGB_V3_1_Y2025_N4014_P858_SEED42,86909.17,-0.03205205731888083,0.017777985707359667,-0.034568206078868347,0.0299892150623835,-0.07808242282804712,0.28607148755750755,0.11121831106398808,0.2884594202041626,BEAR,3,NONE,,True,True,4014,858,3156,3.6783216783216783,0.0,2025-05-25T00:00:00+0000,-0.12181395818185814
2025-03-27T00:00:00+0000,2025-03-28T00:00:00+0000,2024-12-31T23:59:59+0000,XGB_V3_1_Y2025_N4014_P858_SEED42,87232.01,-0.026422164162968054,0.019626585124913776,-0.03271432270610786,0.03024078806368946,-0.07465779145009022,0.314827110025742,0.1123944209068917,0.2884594202041626,BEAR,3,NONE,,True,True,4014,858,3156,3.6783216783216783,0.0,2025-05-26T00:00:00+0000,-0.12506406765131284
2025-03-28T00:00:00+0000,2025-03-29T00:00:00+0000,2024-12-31T23:59:59+0000,XGB_V3_1_Y2025_N4014_P858_SEED42,84424.38,-0.05519938079444553,-0.014767574352202106,-0.03128239407013267,0.030201770331656164,-0.10444064919910889,0.028336449100638032,0.1104789290222664,0.2848241627216339,BEAR,3,NONE,,True,True,4014,858,3156,3.6783216783216783,0.0,2025-05-27T00:00:00+0000,-0.09596706543773259
2025-03-29T00:00:00+0000,2025-03-30T00:00:00+0000,2024-12-31T23:59:59+0000,XGB_V3_1_Y2025_N4014_P858_SEED42,82648.54,-0.07219511489806396,-0.03689725655413023,-0.031243667320995705,0.030492546389223163,-0.12327845550015915,-0.18121740548663823,0.10531801121416004,0.2848241627216339,BEAR,3,NONE,,True,True,4014,858,3156,3.6783216783216783,0.0,2025-05-28T00:00:00+0000,-0.07654242894066843
2025-03-30T00:00:00+0000,2025-03-31T00:00:00+0000,2024-12-31T23:59:59+0000,XGB_V3_1_Y2025_N4014_P858_SEED42,82389.99,-0.07216976185008217,-0.04130949315079224,-0.030185254480979307,0.030868979427949306,-0.12602110957886914,-0.27647385370174576,0.08807619248913955,0.275372177362442,BEAR,3,NONE,,True,True,4014,858,3156,3.6783216783216783,0.0,2025-05-29T00:00:00+0000,-0.07364450462974936
2025-03-31T00:00:00+0000,2025-04-01T00:00:00+0000,2024-12-31T23:59:59+0000,XGB_V3_1_Y2025_N4014_P858_SEED42,82550.01,-0.06744549873687622,-0.04081014557307194,-0.028847112476127146,0.031164844417015836,-0.12432364484989933,-0.25004779860566856,0.08891945981896614,0.275372177362442,BEAR,3,NONE,,True,True,4014,858,3156,3.6783216783216783,0.0,2025-05-30T00:00:00+0000,-0.07544020891093772
2025-04-01T00:00:00+0000,2025-04-02T00:00:00+0000,2024-12-31T23:59:59+0000,XGB_V3_1_Y2025_N4014_P858_SEED42,85158.34,-0.035304691732572,-0.011918283469032898,-0.02757361974208794,0.03143583898808355,-0.06012481953459814,0.08763240044054371,0.08875794491846575,0.2681090533733368,BEAR,3,NONE,,True,True,4014,858,3156,3.6783216783216783,0.0,2025-05-31T00:00:00+0000,-0.10375871582278373
2025-04-02T00:00:00+0000,2025-04-03T00:00:00+0000,2024-12-31T23:59:59+0000,XGB_V3_1_Y2025_N4014_P858_SEED42,82516.29,-0.06241736414573518,-0.043823074387983496,-0.027376915628481657,0.031740486778086385,-0.08928458498503578,-0.29014032568840165,0.08374206368743325,0.1584855318069458,BEAR,3,NONE,,True,True,4014,858,3156,3.6783216783216783,0.0,2025-06-01T00:00:00+0000,-0.07506239071097354
2025-04-03T00:00:00+0000,2025-04-04T00:00:00+0000,2024-12-31T23:59:59+0000,XGB_V3_1_Y2025_N4014_P858_SEED42,83213.09,-0.05134029978703969,-0.037092214879652974,-0.0284255716191556,0.03187544981540302,-0.08159414590709824,-0.184170285189609,0.08475598127145395,0.1533077508211136,BEAR,3,NONE,,True,True,4014,858,3156,3.6783216783216783,0.0,2025-06-02T00:00:00+0000,-0.0828075246334441
2025-04-04T00:00:00+0000,2025-04-05T00:00:00+0000,2024-12-31T23:59:59+0000,XGB_V3_1_Y2025_N4014_P858_SEED42,83889.87,-0.04084334114261945,-0.030700740213996824,-0.028243079686444794,0.03187294569918819,-0.06718439921589558,-0.08633332698961492,0.08501949056361963,0.15440644323825836,BEAR,3,NONE,,True,True,4014,858,3156,3.6783216783216783,0.0,2025-06-03T00:00:00+0000,-0.09020695824179958
2025-04-05T00:00:00+0000,2025-04-06T00:00:00+0000,2024-12-31T23:59:59+0000,XGB_V3_1_Y2025_N4014_P858_SEED42,83537.99,-0.04180724264611568,-0.03605982991505696,-0.029003786281869393,0.03180949227882923,-0.045260037468216496,-0.14525363195940358,0.08307483823681334,0.14028459787368774,BEAR,3,NONE,,True,True,4014,858,3156,3.6783216783216783,0.0,2025-06-04T00:00:00+0000,-0.08637471406721664
2025-04-06T00:00:00+0000,2025-04-07T00:00:00+0000,2024-12-31T23:59:59+0000,XGB_V3_1_Y2025_N4014_P858_SEED42,78430.0,-0.09642932093420364,-0.09587020565824167,-0.031242931943691876,0.03128846806417562,-0.1036382936509751,-0.6627104277304371,0.10472791418607082,0.32580384612083435,BEAR,3,NONE,,True,True,4014,858,3156,3.6783216783216783,0.0,2025-06-05T00:00:00+0000,-0.02687211526201716
2025-04-07T00:00:00+0000,2025-04-08T00:00:00+0000,2024-12-31T23:59:59+0000,XGB_V3_1_Y2025_N4014_P858_SEED42,79163.24,-0.08440495206817844,-0.08826965551505561,-0.032407674770775996,0.03080683008210028,-0.09525823171595837,-0.5030337011697801,0.11673322527708352,0.3273065686225891,BEAR,3,NONE,,True,True,4014,858,3156,3.6783216783216783,0.0,2025-06-06T00:00:00+0000,-0.03588559538492875
2025-04-08T00:00:00+0000,2025-04-09T00:00:00+0000,2024-12-31T23:59:59+0000,XGB_V3_1_Y2025_N4014_P858_SEED42,76322.42,-0.11327055106819472,-0.12165132214939234,-0.033765658008378385,0.029881804827365466,-0.12772542874044446,-0.6257774214293828,0.13868454901782692,0.40446534752845764,BEAR,3,NONE,,True,True,4014,858,3156,3.6783216783216783,0.0,2025-06-07T00:00:00+0000,0.043039515780553206
2025-04-09T00:00:00+0000,2025-04-10T00:00:00+0000,2024-12-31T23:59:59+0000,XGB_V3_1_Y2025_N4014_P858_SEED42,82615.22,-0.037238627385787204,-0.05028415694802091,-0.033647714178611565,0.029381267365453656,-0.055806202096135515,-0.07583505768733688,0.13897232716402422,0.3564046025276184,BEAR,3,NONE,,True,True,4014,858,3156,3.6783216783216783,0.0,2025-06-08T00:00:00+0000,-0.036408787630172745
2025-04-10T00:00:00+0000,2025-04-11T00:00:00+0000,2024-12-31T23:59:59+0000,XGB_V3_1_Y2025_N4014_P858_SEED42,79607.3,-0.06859312461756295,-0.08570449308319505,-0.03445938373855273,0.028810474993583357,-0.09018315356574358,-0.3035834760446134,0.14493030760808737,0.37174805998802185,BEAR,3,NONE,,True,True,4014,858,3156,3.6783216783216783,0.0,2025-06-09T00:00:00+0000,0.047942085713244875
2025-04-11T00:00:00+0000,2025-04-12T00:00:00+0000,2024-12-31T23:59:59+0000,XGB_V3_1_Y2025_N4014_P858_SEED42,83423.84,-0.020528824856187677,-0.042975017713970054,-0.0351462343808554,0.028395892900907382,-0.04656463633063834,0.014395013903494154,0.14484324167115664,0.3564046025276184,BEAR,3,NONE,,True,True,4014,858,3156,3.6783216783216783,0.0,2025-06-10T00:00:00+0000,0.0026389339066628104
2025-04-12T00:00:00+0000,2025-04-13T00:00:00+0000,2024-12-31T23:59:59+0000,XGB_V3_1_Y2025_N4014_P858_SEED42,85276.9,0.003798207745902671,-0.022894770407045684,-0.034716571387838235,0.027930915363494124,-0.02538636241036396,0.17330330667057867,0.1433313124916188,0.36061301827430725,BEAR,3,NONE,,True,True,4014,858,3156,3.6783216783216783,0.0,2025-06-11T00:00:00+0000,-0.019148327389949538
2025-04-13T00:00:00+0000,2025-04-14T00:00:00+0000,2024-12-31T23:59:59+0000,XGB_V3_1_Y2025_N4014_P858_SEED42,83760.0,-0.011079382060625864,-0.04140720323890834,-0.03440715343612877,0.027249932058116544,-0.042722726969344316,0.06533612214499407,0.13585386947239791,0.3601129353046417,BEAR,3,NONE,,True,True,4014,858,3156,3.6783216783216783,0.0,2025-06-12T00:00:00+0000,-0.0013850286532950395
2025-04-14T00:00:00+0000,2025-04-15T00:00:00+0000,2024-12-31T23:59:59+0000,XGB_V3_1_Y2025_N4014_P858_SEED42,84591.58,0.0014976887915627568,-0.03296466816410004,-0.03426669249880365,0.026374434166505756,-0.03321875568583388,0.16030794135364237,0.12859156572121422,0.3397826850414276,BEAR,3,NONE,,True,True,4014,858,3156,3.6783216783216783,0.0,2025-06-13T00:00:00+0000,-0.011201942320973268
2025-04-15T00:00:00+0000,2025-04-16T00:00:00+0000,2024-12-31T23:59:59+0000,XGB_V3_1_Y2025_N4014_P858_SEED42,83643.99,-0.00786305511853247,-0.04477326259332837,-0.03298773667741306,0.025452910127415018,-0.044048583421639975,0.0921191317347437,0.12129019973909057,0.31834784150123596,BEAR,3,NONE,,True,True,4014,858,3156,3.6783216783216783,0.0,2025-06-14T00:00:00+0000,0.004619459210398746
2025-04-16T00:00:00+0000,2025-04-17T00:00:00+0000,2024-12-31T23:59:59+0000,XGB_V3_1_Y2025_N4014_P858_SEED42,84030.38,-0.0021792055861029613,-0.04135537531311795,-0.02979459049296629,0.024575477052436012,-0.03963260484563336,0.15920410330240356,0.11189361135162743,0.2793073356151581,BEAR,3,NONE,,True,True,4014,858,3156,3.6783216783216783,0.0,2025-06-15T00:00:00+0000,0.005287492452134446
2025-04-17T00:00:00+0000,2025-04-18T00:00:00+0000,2024-12-31T23:59:59+0000,XGB_V3_1_Y2025_N4014_P858_SEED42,84947.91,0.00854888437038892,-0.03195616448817751,-0.02582805266187238,0.024067282730073192,-0.029146327191337473,0.2530813696568881,0.11301238792890667,0.25405576825141907,BEAR,3,NONE,,True,True,4014,858,3156,3.6783216783216783,0.0,2025-06-16T00:00:00+0000,-0.005570707978571843
2025-04-18T00:00:00+0000,2025-04-19T00:00:00+0000,2024-12-31T23:59:59+0000,XGB_V3_1_Y2025_N4014_P858_SEED42,84474.69,0.002986256348578964,-0.038507388849704616,-0.02147793249709118,0.023806987868841833,-0.03455466949247843,0.18965976406820573,0.11463500197178812,0.2580864727497101,BEAR,3,NONE,,True,True,4014,858,3156,3.6783216783216783,0.0,2025-06-17T00:00:00+0000,0.007130183016948566
2025-04-19T00:00:00+0000,2025-04-20T00:00:00+0000,2024-12-31T23:59:59+0000,XGB_V3_1_Y2025_N4014_P858_SEED42,85077.01,0.009963358528435995,-0.032987483799470696,-0.018330734271059135,0.02372686392858614,-0.027670867593101445,0.2335705374185801,0.11712688219213276,0.26333341002464294,BEAR,3,NONE,,True,True,4014,858,3156,3.6783216783216783,0.0,2025-06-18T00:00:00+0000,0.0012016172171542827
2025-04-20T00:00:00+0000,2025-04-21T00:00:00+0000,2024-12-31T23:59:59+0000,XGB_V3_1_Y2025_N4014_P858_SEED42,85179.24,0.011389530338427933,-0.03317333559980051,-0.014624290588396538,0.02369972744533544,-0.02650250016686062,0.22562969042472195,0.11949490957936595,0.26333341002464294,BEAR,3,NONE,,True,True,4014,858,3156,3.6783216783216783,0.0,2025-06-19T00:00:00+0000,0.02743614523914495
2025-04-21T00:00:00+0000,2025-04-22T00:00:00+0000,2024-12-31T23:59:59+0000,XGB_V3_1_Y2025_N4014_P858_SEED42,87516.23,0.04080744867574859,-0.008153850160946163,-0.012766935319102446,0.023787836016335273,0.0,0.42323556179784566,0.1267375340057329,0.18354885280132294,BEAR,3,NONE,,True,True,4014,858,3156,3.6783216783216783,0.0,2025-06-20T00:00:00+0000,0.0677218385664009
2025-04-22T00:00:00+0000,2025-04-23T00:00:00+0000,2024-12-31T23:59:59+0000,XGB_V3_1_Y2025_N4014_P858_SEED42,93442.99,0.10938705194737386,0.05713737983436307,-0.00853212879949683,0.024268608278854353,0.0,0.7097742320832797,0.16574697518576315,0.2100183367729187,BEAR,3,NONE,,True,True,4014,858,3156,3.6783216783216783,0.0,2025-06-21T00:00:00+0000,0.0026549878166355345
2025-04-23T00:00:00+0000,2025-04-24T00:00:00+0000,2024-12-31T23:59:59+0000,XGB_V3_1_Y2025_N4014_P858_SEED42,93691.08,0.11064226296955915,0.058050839551828215,-0.004024139486167089,0.02467173792190147,0.0,0.583027664424133,0.19489987367517503,0.2526078224182129,BEAR,3,NONE,,True,True,4014,858,3156,3.6783216783216783,0.0,2025-06-22T00:00:00+0000,0.0006214038732395011
2025-04-24T00:00:00+0000,2025-04-25T00:00:00+0000,2024-12-31T23:59:59+0000,XGB_V3_1_Y2025_N4014_P858_SEED42,93980.47,0.11318219186988498,0.05945482680901626,-0.00047381238657606684,0.024952002728383604,0.0,0.5050493487870629,0.2186176052819784,0.23865357041358948,BEAR,3,NONE,,True,True,4014,858,3156,3.6783216783216783,0.0,2025-06-23T00:00:00+0000,-0.0024597663748648912
2025-04-25T00:00:00+0000,2025-04-26T00:00:00+0000,2024-12-31T23:59:59+0000,XGB_V3_1_Y2025_N4014_P858_SEED42,94638.68,0.11973005023777272,0.06492921267337692,0.002518097575685996,0.025448823185327596,0.0,0.46294309661086464,0.23956385077209608,0.24510039389133453,BEAR,3,NONE,,True,True,4014,858,3156,3.6783216783216783,0.0,2025-06-24T00:00:00+0000,-0.009397637414215732
2025-04-26T00:00:00+0000,2025-04-27T00:00:00+0000,2024-12-31T23:59:59+0000,XGB_V3_1_Y2025_N4014_P858_SEED42,94628.0,0.11753407539463456,0.06286747800928416,0.0054838738413769406,0.02633492732349807,-0.0001128502637609552,0.41096962771760015,0.2441018239714079,0.2521727681159973,BEAR,3,NONE,,True,True,4014,858,3156,3.6783216783216783,0.0,2025-06-25T00:00:00+0000,-0.009285835059390402
2025-04-27T00:00:00+0000,2025-04-28T00:00:00+0000,2024-12-31T23:59:59+0000,XGB_V3_1_Y2025_N4014_P858_SEED42,93749.3,0.1051920212797135,0.05104329124254536,0.007104526101446851,0.02728341761058739,-0.009397637414215732,0.3335688413661861,0.2426320927194686,0.2653081715106964,BEAR,3,NONE,,True,True,4014,858,3156,3.6783216783216783,0.0,2025-06-26T00:00:00+0000,0.004508833665958001
2025-04-28T00:00:00+0000,2025-04-29T00:00:00+0000,2024-12-31T23:59:59+0000,XGB_V3_1_Y2025_N4014_P858_SEED42,95011.18,0.1163104298909654,0.06312347242902594,0.010550694251883819,0.02850361976705096,0.0,0.3686976841032891,0.22730542418249647,0.2521727681159973,BEAR,3,NONE,,True,True,4014,858,3156,3.6783216783216783,0.0,2025-06-27T00:00:00+0000,-0.008832434246159204
2025-04-29T00:00:00+0000,2025-04-30T00:00:00+0000,2024-12-31T23:59:59+0000,XGB_V3_1_Y2025_N4014_P858_SEED42,94256.82,0.10338669880545148,0.05281440649514635,0.01409452687533208,0.02918769165429347,-0.007939697201950202,0.2982852015328643,0.22833773982506247,0.2599967420101166,BEAR,3,NONE,,True,True,4014,858,3156,3.6783216783216783,0.0,2025-06-28T00:00:00+0000,-0.0008998818334843284
2025-04-30T00:00:00+0000,2025-05-01T00:00:00+0000,2024-12-31T23:59:59+0000,XGB_V3_1_Y2025_N4014_P858_SEED42,94172.0,0.09950064746451481,0.050051057996771675,0.0169766868809913,0.03001860232384934,-0.008832434246159204,0.27170144174966954,0.21499426365973556,0.2599967420101166,BEAR,3,NONE,,True,True,4014,858,3156,3.6783216783216783,0.0,2025-06-29T00:00:00+0000,0.0011215647963300768
2025-05-01T00:00:00+0000,2025-05-02T00:00:00+0000,2024-12-31T23:59:59+0000,XGB_V3_1_Y2025_N4014_P858_SEED42,96489.91,0.1232035655275443,0.07388371956428164,0.021657243722633668,0.030760437541753616,0.0,0.35218619980713545,0.21738749836766755,0.21186190843582153,BEAR,3,NONE,,True,True,4014,858,3156,3.6783216783216783,0.0,2025-06-30T00:00:00+0000,-0.0229276822830492
2025-05-02T00:00:00+0000,2025-05-03T00:00:00+0000,2024-12-31T23:59:59+0000,XGB_V3_1_Y2025_N4014_P858_SEED42,96887.14,0.123701597775014,0.07645951015485619,0.023650031174749397,0.03128421523344316,0.0,0.33341666025273664,0.22205377706699342,0.16908590495586395,BEAR,3,NONE,,True,True,4014,858,3156,3.6783216783216783,0.0,2025-07-01T00:00:00+0000,-0.026933605429988017
2025-05-03T00:00:00+0000,2025-05-04T00:00:00+0000,2024-12-31T23:59:59+0000,XGB_V3_1_Y2025_N4014_P858_SEED42,95856.42,0.1086937795068168,0.0633076055140942,0.024909561226112098,0.03171507758661951,-0.010638357164841517,0.25614467072457764,0.216804840497811,0.24537862837314606,BEAR,3,NONE,,True,True,4014,858,3156,3.6783216783216783,0.0,2025-07-02T00:00:00+0000,-0.016470466975503584
2025-05-04T00:00:00+0000,2025-05-05T00:00:00+0000,2024-12-31T23:59:59+0000,XGB_V3_1_Y2025_N4014_P858_SEED42,94277.62,0.08793173594689208,0.04425048135563392,0.02644480773048219,0.032093710153460187,-0.026933605429988017,0.15651467197767382,0.2085507881278154,0.3154349625110626,BEAR,3,NONE,,True,True,4014,858,3156,3.6783216783216783,0.0,2025-07-03T00:00:00+0000,0.0048374152847727725
2025-05-05T00:00:00+0000,2025-05-06T00:00:00+0000,2024-12-31T23:59:59+0000,XGB_V3_1_Y2025_N4014_P858_SEED42,94733.68,0.0901353220913006,0.04771719983395273,0.028178825673782493,0.032599863427707376,-0.022226479179796255,0.16104014878649295,0.19481264512658353,0.3154349625110626,BEAR,3,NONE,,True,True,4014,858,3156,3.6783216783216783,0.0,2025-07-04T00:00:00+0000,0.022170995574119168
2025-05-06T00:00:00+0000,2025-05-07T00:00:00+0000,2024-12-31T23:59:59+0000,XGB_V3_1_Y2025_N4014_P858_SEED42,96834.02,0.11102561820042656,0.0692665325917532,0.029307178781305954,0.03314981372559922,-0.0005482667772007677,0.25738972679472744,0.1823784222193173,0.23438148200511932,BEAR,3,NONE,,True,True,4014,858,3156,3.6783216783216783,0.0,2025-07-05T00:00:00+0000,0.0020290389679165077
2025-05-07T00:00:00+0000,2025-05-08T00:00:00+0000,2024-12-31T23:59:59+0000,XGB_V3_1_Y2025_N4014_P858_SEED42,97030.5,0.10963481279670861,0.06974384341170525,0.030855762831580424,0.03364355028023258,0.0,0.24899036091146212,0.16972110115569322,0.23407986760139465,BEAR,3,NONE,,True,True,4014,858,3156,3.6783216783216783,0.0,2025-07-06T00:00:00+0000,0.04053745987086521
2025-05-08T00:00:00+0000,2025-05-09T00:00:00+0000,2024-12-31T23:59:59+0000,XGB_V3_1_Y2025_N4014_P858_SEED42,103261.6,0.17647612665234869,0.136296551004355,0.03125484458434191,0.03434758777244862,0.0,0.5735637628981678,0.1710545221926041,0.16149814426898956,BEAR,3,NONE,,True,True,4014,858,3156,3.6783216783216783,0.0,2025-07-07T00:00:00+0000,-0.022251543652238692
2025-05-09T00:00:00+0000,2025-05-10T00:00:00+0000,2024-12-31T23:59:59+0000,XGB_V3_1_Y2025_N4014_P858_SEED42,102971.99,0.16818592642627905,0.13089489992653824,0.03186313462096635,0.03494372862341888,-0.002804624371499198,0.5131224890963044,0.16508705433868137,0.16149814426898956,BEAR,3,NONE,,True,True,4014,858,3156,3.6783216783216783,0.0,2025-07-08T00:00:00+0000,-0.019501613982598642
2025-05-10T00:00:00+0000,2025-05-11T00:00:00+0000,2024-12-31T23:59:59+0000,XGB_V3_1_Y2025_N4014_P858_SEED42,104809.53,0.1834682895967592,0.1487176479741874,0.03399358231237404,0.03562455420215627,0.0,0.5839034855258264,0.15887577655446303,0.15093228220939636,BEAR,3,NONE,,True,True,4014,858,3156,3.6783216783216783,0.0,2025-07-09T00:00:00+0000,-0.03669189242619453
2025-05-11T00:00:00+0000,2025-05-12T00:00:00+0000,2024-12-31T23:59:59+0000,XGB_V3_1_Y2025_N4014_P858_SEED42,104118.0,0.17030065450714704,0.13880135838074037,0.035630760269416584,0.036176053910774275,-0.006597968715249425,0.4988135302792832,0.1528497295660036,0.15093228220939636,BEAR,3,NONE,,True,True,4014,858,3156,3.6783216783216783,0.0,2025-07-10T00:00:00+0000,-0.030293801263950537
2025-05-12T00:00:00+0000,2025-05-13T00:00:00+0000,2024-12-31T23:59:59+0000,XGB_V3_1_Y2025_N4014_P858_SEED42,102791.32,0.15106497136671115,0.12216771450883712,0.03571786495441498,0.036294937210862965,-0.019255977963072546,0.36355786632595205,0.15794163019099247,0.18967878818511963,BEAR,3,NONE,,True,True,4014,858,3156,3.6783216783216783,0.0,2025-07-11T00:00:00+0000,-0.017778252093659352
2025-05-13T00:00:00+0000,2025-05-14T00:00:00+0000,2024-12-31T23:59:59+0000,XGB_V3_1_Y2025_N4014_P858_SEED42,104103.72,0.161441915943229,0.1341793933366684,0.036714466816732294,0.03655604143879443,-0.006734215867583826,0.3956468983012349,0.164835375323867,0.16923511028289795,BEAR,3,NONE,,True,True,4014,858,3156,3.6783216783216783,0.0,2025-07-12T00:00:00+0000,-0.03016078580093018
2025-05-14T00:00:00+0000,2025-05-15T00:00:00+0000,2024-12-31T23:59:59+0000,XGB_V3_1_Y2025_N4014_P858_SEED42,103507.82,0.15065622847671167,0.1254547222744904,0.03805557346831412,0.03678800842469787,-0.012419767553580208,0.3218332180770045,0.16773208930006855,0.1730484515428543,BEAR,3,NONE,,True,True,4014,858,3156,3.6783216783216783,0.0,2025-07-13T00:00:00+0000,-0.024577370096288464
2025-05-15T00:00:00+0000,2025-05-16T00:00:00+0000,2024-12-31T23:59:59+0000,XGB_V3_1_Y2025_N4014_P858_SEED42,103763.71,0.14919447315875844,0.1260489797818407,0.03902971050992465,0.036908121741963784,-0.009978291096238934,0.30347396524503883,0.17036504248474268,0.1730484515428543,BEAR,3,NONE,,True,True,4014,858,3156,3.6783216783216783,0.0,2025-07-14T00:00:00+0000,-0.026982844002012008
2025-05-16T00:00:00+0000,2025-05-17T00:00:00+0000,2024-12-31T23:59:59+0000,XGB_V3_1_Y2025_N4014_P858_SEED42,103463.9,0.141768929356753,0.12075810125327946,0.03969686806883432,0.03689890388079142,-0.012838813417062389,0.25830658792624595,0.17029305096302935,0.1730484515428543,BEAR,3,NONE,,True,True,4014,858,3156,3.6783216783216783,0.0,2025-07-15T00:00:00+0000,-0.02416330720183557
2025-05-17T00:00:00+0000,2025-05-18T00:00:00+0000,2024-12-31T23:59:59+0000,XGB_V3_1_Y2025_N4014_P858_SEED42,103126.65,0.13336896254974073,0.11526916698014111,0.04057023540705185,0.036677768677873646,-0.01605655516249338,0.21572312791053164,0.16542025807365196,0.17007750272750854,BEAR,3,NONE,,True,True,4014,858,3156,3.6783216783216783,0.0,2025-07-16T00:00:00+0000,-0.020972076567987052
2025-05-18T00:00:00+0000,2025-05-19T00:00:00+0000,2024-12-31T23:59:59+0000,XGB_V3_1_Y2025_N4014_P858_SEED42,106454.26,0.1638497462299029,0.14913633570452323,0.04210240440969715,0.036574409949701625,0.0,0.37219976114708275,0.16925216977361254,0.16923511028289795,BEAR,3,NONE,,True,True,4014,858,3156,3.6783216783216783,0.0,2025-07-17T00:00:00+0000,-0.05157510840806179
2025-05-19T00:00:00+0000,2025-05-20T00:00:00+0000,2024-12-31T23:59:59+0000,XGB_V3_1_Y2025_N4014_P858_SEED42,105573.74,0.148401556393714,0.1374653911250303,0.04292961173816989,0.036708718461860856,-0.008271345834351629,0.29162240922568367,0.1655571712250303,0.1730484515428543,BEAR,3,NONE,,True,True,4014,858,3156,3.6783216783216783,0.0,2025-07-18T00:00:00+0000,-0.04366493031316321
2025-05-20T00:00:00+0000,2025-05-21T00:00:00+0000,2024-12-31T23:59:59+0000,XGB_V3_1_Y2025_N4014_P858_SEED42,106849.99,0.15617206462227906,0.14890395635619602,0.04353703409001075,0.03700149807392039,0.0,0.336560903259771,0.16138664212807774,0.16187280416488647,BEAR,3,NONE,,True,True,4014,858,3156,3.6783216783216783,0.0,2025-07-19T00:00:00+0000,-0.05508769818321935
2025-05-21T00:00:00+0000,2025-05-22T00:00:00+0000,2024-12-31T23:59:59+0000,XGB_V3_1_Y2025_N4014_P858_SEED42,109643.99,0.18015102894941193,0.1763995516574426,0.04428459804691043,0.03730229340163271,0.0,0.4435067506608751,0.16890312063104687,0.16923511028289795,BEAR,3,NONE,,True,True,4014,858,3156,3.6783216783216783,0.0,2025-07-20T00:00:00+0000,-0.07916640027419664
2025-05-22T00:00:00+0000,2025-05-23T00:00:00+0000,2024-12-31T23:59:59+0000,XGB_V3_1_Y2025_N4014_P858_SEED42,111696.21,0.19473527056101458,0.1956653321000943,0.04691192561926427,0.03791159268371791,0.0,0.483910838159404,0.18006873709518834,0.16540378332138062,BEAR,3,NONE,,True,True,4014,858,3156,3.6783216783216783,0.0,2025-07-21T00:00:00+0000,-0.09608508650383041
2025-05-23T00:00:00+0000,2025-05-24T00:00:00+0000,2024-12-31T23:59:59+0000,XGB_V3_1_Y2025_N4014_P858_SEED42,107318.3,0.14201878769848375,0.1463797879509363,0.04841151583779646,0.03844375597050265,-0.03919479452346686,0.22517917273100138,0.1720102690636426,0.22966058552265167,BEAR,3,NONE,,True,True,4014,858,3156,3.6783216783216783,0.0,2025-07-22T00:00:00+0000,-0.05921105720086883
2025-05-24T00:00:00+0000,2025-05-25T00:00:00+0000,2024-12-31T23:59:59+0000,XGB_V3_1_Y2025_N4014_P858_SEED42,107761.91,0.14094269998698716,0.148763012917132,0.049962714662491914,0.0390367536568883,-0.03522321840642584,0.23432854263710418,0.15475903445376255,0.22421936690807343,BEAR,3,NONE,,True,True,4014,858,3156,3.6783216783216783,0.0,2025-07-23T00:00:00+0000,-0.06308388557700961
2025-05-25T00:00:00+0000,2025-05-26T00:00:00+0000,2024-12-31T23:59:59+0000,XGB_V3_1_Y2025_N4014_P858_SEED42,109004.19,0.14790537888605337,0.15993898519173744,0.05168368956807701,0.039316237211132865,-0.02410126538760804,0.30223624112688663,0.13587817523018636,0.20983651280403137,BEAR,3,NONE,,True,True,4014,858,3156,3.6783216783216783,0.0,2025-07-24T00:00:00+0000,-0.07376156824797286
2025-05-26T00:00:00+0000,2025-05-27T00:00:00+0000,2024-12-31T23:59:59+0000,XGB_V3_1_Y2025_N4014_P858_SEED42,109434.79,0.14496320121908868,0.16244439544220524,0.05475903872859811,0.03954006727672055,-0.020246165917357506,0.3197977250889963,0.12172783933373582,0.18046778440475464,BEAR,3,NONE,,True,True,4014,858,3156,3.6783216783216783,0.0,2025-07-25T00:00:00+0000,-0.07740609727491599
2025-05-27T00:00:00+0000,2025-05-28T00:00:00+0000,2024-12-31T23:59:59+0000,XGB_V3_1_Y2025_N4014_P858_SEED42,108938.17,0.13271005478771625,0.15517958924090758,0.05696772198375877,0.03968575852762557,-0.024692332891151914,0.2818161159012586,0.10077752228719308,0.14850158989429474,BEAR,3,NONE,,True,True,4014,858,3156,3.6783216783216783,0.0,2025-07-26T00:00:00+0000,-0.0732002382635949
2025-05-28T00:00:00+0000,2025-05-29T00:00:00+0000,2024-12-31T23:59:59+0000,XGB_V3_1_Y2025_N4014_P858_SEED42,107781.78,0.11340220805395007,0.14103549916556246,0.05834471211045189,0.03943906307931466,-0.03504532517262682,0.15490379032393153,0.09888648776299833,0.16786810755729675,BEAR,3,NONE,,True,True,4014,858,3156,3.6783216783216783,0.0,2025-07-27T00:00:00+0000,-0.06325660979063441
2025-05-29T00:00:00+0000,2025-05-30T00:00:00+0000,2024-12-31T23:59:59+0000,XGB_V3_1_Y2025_N4014_P858_SEED42,105589.75,0.08560526168279159,0.11633924355959069,0.05800492059744289,0.03879226984915651,-0.05467025246425106,-0.06897411190382152,0.09505310629195066,0.1669834852218628,BEAR,3,NONE,,True,True,4014,858,3156,3.6783216783216783,0.0,2025-07-28T00:00:00+0000,-0.04380993420289381
2025-05-30T00:00:00+0000,2025-05-31T00:00:00+0000,2024-12-31T23:59:59+0000,XGB_V3_1_Y2025_N4014_P858_SEED42,103985.48,0.06377867606607635,0.09848760347038477,0.057716809544695824,0.037504670508689,-0.06903304955468059,-0.2210376812799738,0.09623069097564263,0.1835344284772873,BEAR,3,NONE,,True,True,4014,858,3156,3.6783216783216783,0.0,2025-07-29T00:00:00+0000,-0.02905799925143393
2025-05-31T00:00:00+0000,2025-06-01T00:00:00+0000,2024-12-31T23:59:59+0000,XGB_V3_1_Y2025_N4014_P858_SEED42,104591.88,0.0653680699949093,0.10392328084095692,0.05669840261887393,0.03628983063107394,-0.06360403813164295,-0.16518771069722152,0.09554317930427152,0.1669834852218628,BEAR,3,NONE,,True,True,4014,858,3156,3.6783216783216783,0.0,2025-07-30T00:00:00+0000,-0.034687300773253216
2025-06-01T00:00:00+0000,2025-06-02T00:00:00+0000,2024-12-31T23:59:59+0000,XGB_V3_1_Y2025_N4014_P858_SEED42,105642.93,0.07162788755713523,0.11411900075204606,0.054458953165802404,0.035166439041160125,-0.05419413962210551,-0.07954181151624298,0.09082142105893999,0.1669834852218628,BEAR,3,NONE,,True,True,4014,858,3156,3.6783216783216783,0.0,2025-07-31T00:00:00+0000,-0.044291274390060864
2025-06-02T00:00:00+0000,2025-06-03T00:00:00+0000,2024-12-31T23:59:59+0000,XGB_V3_1_Y2025_N4014_P858_SEED42,105857.99,0.0690168310514403,0.11529714929350598,0.05375237062838245,0.03406670541888057,-0.05226873857223979,-0.06788626870278376,0.0887131053840683,0.1669834852218628,BEAR,3,NONE,,True,True,4014,858,3156,3.6783216783216783,0.0,2025-08-01T00:00:00+0000,-0.04623288237382939
2025-06-03T00:00:00+0000,2025-06-04T00:00:00+0000,2024-12-31T23:59:59+0000,XGB_V3_1_Y2025_N4014_P858_SEED42,105376.89,0.05970968548229805,0.10939005001914981,0.05282703152136525,0.032799398818593284,-0.0565759572325687,-0.13348929749376068,0.08545473194793858,0.13327959179878235,BEAR,3,NONE,,True,True,4014,858,3156,3.6783216783216783,0.0,2025-08-02T00:00:00+0000,-0.04187844222770287
2025-06-04T00:00:00+0000,2025-06-05T00:00:00+0000,2024-12-31T23:59:59+0000,XGB_V3_1_Y2025_N4014_P858_SEED42,104696.86,0.04843166122087372,0.101412751235332,0.05161416683115294,0.03156202709749967,-0.0626641673875954,-0.217998364227076,0.08356362290649416,0.1143709123134613,BEAR,3,NONE,,True,True,4014,858,3156,3.6783216783216783,0.0,2025-08-03T00:00:00+0000,-0.03565522404396848
2025-06-05T00:00:00+0000,2025-06-06T00:00:00+0000,2024-12-31T23:59:59+0000,XGB_V3_1_Y2025_N4014_P858_SEED42,101508.68,0.012959398877827155,0.06721891016813952,0.04844888413901827,0.030321376380020748,-0.09120748143558333,-0.5240225525016706,0.09014898980061894,0.26067861914634705,BEAR,3,NONE,,True,True,4014,858,3156,3.6783216783216783,0.0,2025-08-04T00:00:00+0000,-0.005367127224982116
2025-06-06T00:00:00+0000,2025-06-07T00:00:00+0000,2024-12-31T23:59:59+0000,XGB_V3_1_Y2025_N4014_P858_SEED42,104288.44,0.036697091118051084,0.09564789361115555,0.04597901440845309,0.029375786897000822,-0.06632069252842154,-0.2479097058374501,0.08746207714128167,0.17683207988739014,BEAR,3,NONE,,True,True,4014,858,3156,3.6783216783216783,0.0,2025-08-05T00:00:00+0000,-0.03187860514549845
2025-06-07T00:00:00+0000,2025-06-08T00:00:00+0000,2024-12-31T23:59:59+0000,XGB_V3_1_Y2025_N4014_P858_SEED42,105552.15,0.04488066311086336,0.10815356030523304,0.043535237049425524,0.028195383753991665,-0.05500687982161623,-0.10702183487926142,0.08791512798609723,0.1669834852218628,BEAR,3,NONE,,True,True,4014,858,3156,3.6783216783216783,0.0,2025-08-06T00:00:00+0000,-0.04346931824695188
2025-06-08T00:00:00+0000,2025-06-09T00:00:00+0000,2024-12-31T23:59:59+0000,XGB_V3_1_Y2025_N4014_P858_SEED42,105734.0,0.04241760435844011,0.1093960872074049,0.042853019741715404,0.026857825285419024,-0.053378803094572325,-0.08858209042263084,0.08779222945769702,0.17338958382606506,BEAR,3,NONE,,True,True,4014,858,3156,3.6783216783216783,0.0,2025-08-07T00:00:00+0000,-0.04511443811829685
2025-06-09T00:00:00+0000,2025-06-10T00:00:00+0000,2024-12-31T23:59:59+0000,XGB_V3_1_Y2025_N4014_P858_SEED42,110263.02,0.08171848743096777,0.15619147537347633,0.0427836437836806,0.02543788702889138,-0.0128311426144182,0.35664867920374027,0.09272369660425017,0.09259170293807983,BEAR,3,NONE,,True,True,4014,858,3156,3.6783216783216783,0.0,2025-08-08T00:00:00+0000,-0.08433607205752214
2025-06-10T00:00:00+0000,2025-06-11T00:00:00+0000,2024-12-31T23:59:59+0000,XGB_V3_1_Y2025_N4014_P858_SEED42,110274.39,0.07702080047445392,0.15562106424785682,0.04292308421998081,0.023833259577496824,-0.012729348650236227,0.34889280917880605,0.09421600982652772,0.09259170293807983,BEAR,3,NONE,,True,True,4014,858,3156,3.6783216783216783,0.0,2025-08-09T00:00:00+0000,-0.0844304829072281
2025-06-11T00:00:00+0000,2025-06-12T00:00:00+0000,2024-12-31T23:59:59+0000,XGB_V3_1_Y2025_N4014_P858_SEED42,108645.12,0.05796651587439694,0.13789289650162906,0.041698096003164986,0.022068580246204395,-0.027315967121892548,0.22155209439538326,0.0860613024668808,0.12039244174957275,BEAR,3,NONE,,True,True,4014,858,3156,3.6783216783216783,0.0,2025-08-10T00:00:00+0000,-0.07070036831842974
2025-06-12T00:00:00+0000,2025-06-13T00:00:00+0000,2024-12-31T23:59:59+0000,XGB_V3_1_Y2025_N4014_P858_SEED42,105671.73,0.02661676903151644,0.10630089867914316,0.03946857208979271,0.02032913558286009,-0.0539362973909322,-0.09343195654401082,0.08623038526739686,0.14593584835529327,BEAR,3,NONE,,True,True,4014,858,3156,3.6783216783216783,0.0,2025-08-11T00:00:00+0000,-0.04455174529649508
2025-06-13T00:00:00+0000,2025-06-14T00:00:00+0000,2024-12-31T23:59:59+0000,XGB_V3_1_Y2025_N4014_P858_SEED42,106066.59,0.02803867869674126,0.10967635527431785,0.037553927193543446,0.018937247014409353,-0.050401172967283414,-0.041505523137994944,0.08570527205988558,0.14593584835529327,BEAR,3,NONE,,True,True,4014,858,3156,3.6783216783216783,0.0,2025-08-12T00:00:00+0000,-0.04810864571020901
2025-06-14T00:00:00+0000,2025-06-15T00:00:00+0000,2024-12-31T23:59:59+0000,XGB_V3_1_Y2025_N4014_P858_SEED42,105414.64,0.019589908251006483,0.10208024166220797,0.035337328393677314,0.017840357556708986,-0.056237986946916174,-0.09617166148417162,0.0832822306510433,0.1124097928404808,BEAR,3,NONE,,True,True,4014,858,3156,3.6783216783216783,0.0,2025-08-13T00:00:00+0000,-0.04222155480491141
2025-06-15T00:00:00+0000,2025-06-16T00:00:00+0000,2024-12-31T23:59:59+0000,XGB_V3_1_Y2025_N4014_P858_SEED42,105594.01,0.0191628522574534,0.10339424178898904,0.03391433166327018,0.016542051002142344,-0.05463211330089013,-0.05731229432785727,0.07890920785738331,0.1486520618200302,BEAR,3,NONE,,True,True,4014,858,3156,3.6783216783216783,0.0,2025-08-14T00:00:00+0000,-0.04384850996756351
2025-06-16T00:00:00+0000,2025-06-17T00:00:00+0000,2024-12-31T23:59:59+0000,XGB_V3_1_Y2025_N4014_P858_SEED42,106794.53,0.028160834479897368,0.11528920927052178,0.03253233558684032,0.01538545906276756,-0.0438840315172736,0.10371905717811475,0.07533489571629241,0.17468243837356567,BEAR,3,NONE,,True,True,4014,858,3156,3.6783216783216783,0.0,2025-08-15T00:00:00+0000,-0.054596991063119105
2025-06-17T00:00:00+0000,2025-06-18T00:00:00+0000,2024-12-31T23:59:59+0000,XGB_V3_1_Y2025_N4014_P858_SEED42,104551.17,0.004717375415522085,0.09145694690969774,0.030112346428463832,0.014089047740963867,-0.06396850886883276,-0.1588835912430317,0.07458606512850444,0.2241557389497757,BEAR,3,NONE,,True,True,4014,858,3156,3.6783216783216783,0.0,2025-08-16T00:00:00+0000,-0.03431142855694491
2025-06-18T00:00:00+0000,2025-06-19T00:00:00+0000,2024-12-31T23:59:59+0000,XGB_V3_1_Y2025_N4014_P858_SEED42,104886.78,0.005887458109456789,0.09447614958933026,0.02801259269332812,0.013185302846828284,-0.060963841118691575,-0.11135121272272969,0.07497994524425912,0.2241557389497757,BEAR,3,NONE,,True,True,4014,858,3156,3.6783216783216783,0.0,2025-08-17T00:00:00+0000,-0.03740137698955015
2025-06-19T00:00:00+0000,2025-06-20T00:00:00+0000,2024-12-31T23:59:59+0000,XGB_V3_1_Y2025_N4014_P858_SEED42,104658.59,0.0016843032603581776,0.09166936220284794,0.025010655606497068,0.012759246202324048,-0.06300679315797741,-0.1462134058384368,0.07401017607247315,0.2241557389497757,BEAR,3,NONE,,True,True,4014,858,3156,3.6783216783216783,0.0,2025-08-18T00:00:00+0000,-0.035302596757705196
2025-06-20T00:00:00+0000,2025-06-21T00:00:00+0000,2024-12-31T23:59:59+0000,XGB_V3_1_Y2025_N4014_P858_SEED42,103297.99,-0.012624705727761532,0.07705835989800991,0.021783867518811784,0.012263454755386594,-0.07518804800986534,-0.3025202801274678,0.07630437654099911,0.23480238020420074,BEAR,3,NONE,,True,True,4014,858,3156,3.6783216783216783,0.0,2025-08-19T00:00:00+0000,-0.02259598662084339
2025-06-21T00:00:00+0000,2025-06-22T00:00:00+0000,2024-12-31T23:59:59+0000,XGB_V3_1_Y2025_N4014_P858_SEED42,102120.01,-0.024859944281847235,0.06442794685173969,0.019777794772219526,0.011779144653471851,-0.07394627165926748,-0.3973374271798991,0.08207774010057826,0.2675982117652893,BEAR,3,NONE,,True,True,4014,858,3156,3.6783216783216783,0.0,2025-08-20T00:00:00+0000,-0.01132138549535977
2025-06-22T00:00:00+0000,2025-06-23T00:00:00+0000,2024-12-31T23:59:59+0000,XGB_V3_1_Y2025_N4014_P858_SEED42,100963.87,-0.03683936390730658,0.05224681905191497,0.018396271051628554,0.010916572156318693,-0.0844304829072281,-0.4565286770843116,0.09055827544523733,0.35690268874168396,BEAR,3,NONE,,True,True,4014,858,3156,3.6783216783216783,0.0,2025-08-21T00:00:00+0000,0.043283404251441615
2025-06-23T00:00:00+0000,2025-06-24T00:00:00+0000,2024-12-31T23:59:59+0000,XGB_V3_1_Y2025_N4014_P858_SEED42,105333.93,0.002734271420328005,0.09731199209303121,0.01815354463643959,0.010594782893210697,-0.044801517378604494,0.0018983409367332154,0.09055880474903125,0.2859386205673218,BEAR,3,NONE,,True,True,4014,858,3156,3.6783216783216783,0.0,2025-08-22T00:00:00+0000,0.003296278796395491
2025-06-24T00:00:00+0000,2025-06-25T00:00:00+0000,2024-12-31T23:59:59+0000,XGB_V3_1_Y2025_N4014_P858_SEED42,106083.0,0.007687673895181879,0.1047504489038682,0.018226615698378135,0.010178333724559563,-0.03800873439426866,0.07313751317688205,0.09054276470703461,0.27267396450042725,BEAR,3,NONE,,True,True,4014,858,3156,3.6783216783216783,0.0,2025-08-23T00:00:00+0000,-0.003788165870120541
2025-06-25T00:00:00+0000,2025-06-26T00:00:00+0000,2024-12-31T23:59:59+0000,XGB_V3_1_Y2025_N4014_P858_SEED42,107340.58,0.0176023069259037,0.11741003458780219,0.01809934375103084,0.009954252426787713,-0.026604635944937005,0.18518811234634633,0.08502027302923373,0.18195772171020508,BEAR,3,NONE,,True,True,4014,858,3156,3.6783216783216783,0.0,2025-08-24T00:00:00+0000,-0.015459577356485288
2025-06-26T00:00:00+0000,2025-06-27T00:00:00+0000,2024-12-31T23:59:59+0000,XGB_V3_1_Y2025_N4014_P858_SEED42,106947.06,0.011968978383583684,0.11297534605358028,0.017451457549819027,0.009527474895522525,-0.03017318889725895,0.12701420638192149,0.08463234567041276,0.1839529573917389,BEAR,3,NONE,,True,True,4014,858,3156,3.6783216783216783,0.0,2025-08-25T00:00:00+0000,-0.01183688452959808
2025-06-27T00:00:00+0000,2025-06-28T00:00:00+0000,2024-12-31T23:59:59+0000,XGB_V3_1_Y2025_N4014_P858_SEED42,107047.59,0.012195003272399418,0.1134554264365677,0.01631356193582234,0.009338688601967293,-0.029261553838565768,0.12902191209745903,0.08514200672362758,0.1839529573917389,BEAR,3,NONE,,True,True,4014,858,3156,3.6783216783216783,0.0,2025-08-26T00:00:00+0000,-0.012764883357019086
2025-06-28T00:00:00+0000,2025-06-29T00:00:00+0000,2024-12-31T23:59:59+0000,XGB_V3_1_Y2025_N4014_P858_SEED42,107296.79,0.013722237866365283,0.11542654738934899,0.01507094302138845,0.009294067128955863,-0.027001736305229174,0.1466671704598298,0.08585037858133612,0.215620219707489,BEAR,3,NONE,,True,True,4014,858,3156,3.6783216783216783,0.0,2025-08-27T00:00:00+0000,-0.015057766406618489
2025-06-29T00:00:00+0000,2025-06-30T00:00:00+0000,2024-12-31T23:59:59+0000,XGB_V3_1_Y2025_N4014_P858_SEED42,108356.93,0.0230525072575809,0.1260241792340262,0.013712394871117528,0.009041098398374858,-0.017388080768345304,0.29259814964433956,0.08037253103860784,0.11560643464326859,BEAR,3,NONE,,True,True,4014,858,3156,3.6783216783216783,0.0,2025-08-28T00:00:00+0000,-0.024694221218707457
2025-06-30T00:00:00+0000,2025-07-01T00:00:00+0000,2024-12-31T23:59:59+0000,XGB_V3_1_Y2025_N4014_P858_SEED42,107146.5,0.011046037355909366,0.11303257672972,0.01297200477919569,0.008813531259339369,-0.028364609407497077,0.18886653768472322,0.07190642641257407,0.1600039154291153,BEAR,3,NONE,,True,True,4014,858,3156,3.6783216783216783,0.0,2025-08-29T00:00:00+0000,-0.013676228341569674
2025-07-01T00:00:00+0000,2025-07-02T00:00:00+0000,2024-12-31T23:59:59+0000,XGB_V3_1_Y2025_N4014_P858_SEED42,105681.14,-0.0033248189696943875,0.09756781481660037,0.012511567063036244,0.008456776208366934,-0.04165291687399042,0.016664054730859364,0.06734600431389336,0.22436334192752838,BEAR,3,NONE,,True,True,4014,858,3156,3.6783216783216783,0.0,2025-08-30T00:00:00+0000,0.021792914043130107
2025-07-02T00:00:00+0000,2025-07-03T00:00:00+0000,2024-12-31T23:59:59+0000,XGB_V3_1_Y2025_N4014_P858_SEED42,108849.6,0.025638702383188994,0.1300383699839347,0.01243038988988121,0.008435428759120622,-0.01292040699567687,0.40802907148745643,0.07251317369204079,0.10771843791007996,BEAR,3,NONE,,True,True,4014,858,3156,3.6783216783216783,0.0,2025-08-31T00:00:00+0000,-0.007950052182093437
2025-07-03T00:00:00+0000,2025-07-04T00:00:00+0000,2024-12-31T23:59:59+0000,XGB_V3_1_Y2025_N4014_P858_SEED42,109584.78,0.03138480958758194,0.13736842559284979,0.011456197638445298,0.008014543356287263,-0.006253582540787561,0.44034027639941226,0.07907425475731486,0.10431114584207535,BEAR,3,NONE,,True,True,4014,858,3156,3.6783216783216783,0.0,2025-09-01T00:00:00+0000,-0.014605495398174795
2025-07-04T00:00:00+0000,2025-07-05T00:00:00+0000,2024-12-31T23:59:59+0000,XGB_V3_1_Y2025_N4014_P858_SEED42,107984.24,0.015514146595788203,0.12064461372297353,0.010077161710438487,0.007406513138009441,-0.020767741267940787,0.2289602059929137,0.08066846818289838,0.16592572629451752,BEAR,3,NONE,,True,True,4014,858,3156,3.6783216783216783,0.0,2025-09-02T00:00:00+0000,0.001980659399927198
2025-07-05T00:00:00+0000,2025-07-06T00:00:00+0000,2024-12-31T23:59:59+0000,XGB_V3_1_Y2025_N4014_P858_SEED42,108198.12,0.01662029616813565,0.12274396161527368,0.008962636994491735,0.007002194848788168,-0.018828215689971173,0.2334513302819857,0.08239591426822841,0.15992073714733124,BEAR,3,NONE,,True,True,4014,858,3156,3.6783216783216783,0.0,2025-09-03T00:00:00+0000,0.00044575635879828823
2025-07-06T00:00:00+0000,2025-07-07T00:00:00+0000,2024-12-31T23:59:59+0000,XGB_V3_1_Y2025_N4014_P858_SEED42,109203.84,0.024899504629052993,0.13265117313673902,0.00821922887289861,0.0068858146034633805,-0.009708056421803835,0.3205713402409228,0.08591957074943932,0.1453702598810196,BEAR,3,NONE,,True,True,4014,858,3156,3.6783216783216783,0.0,2025-09-04T00:00:00+0000,-0.008767915120933445
2025-07-07T00:00:00+0000,2025-07-08T00:00:00+0000,2024-12-31T23:59:59+0000,XGB_V3_1_Y2025_N4014_P858_SEED42,108262.94,0.015724138541835853,0.12226363047637445,0.007839412624189412,0.0070769130319214835,-0.01824040921922121,0.19694114962242903,0.08588467428129892,0.16491512954235077,BEAR,3,NONE,,True,True,4014,858,3156,3.6783216783216783,0.0,2025-09-05T00:00:00+0000,-0.00015323803325495433
2025-07-08T00:00:00+0000,2025-07-09T00:00:00+0000,2024-12-31T23:59:59+0000,XGB_V3_1_Y2025_N4014_P858_SEED42,108922.98,0.02127481899008532,0.12845541930855964,0.0076486676829186084,0.007211456983293507,-0.012254975974022697,0.24385879662295223,0.08684631222703655,0.1507599949836731,BEAR,3,NONE,,True,True,4014,858,3156,3.6783216783216783,0.0,2025-09-06T00:00:00+0000,-0.006212004115201286
2025-07-09T00:00:00+0000,2025-07-10T00:00:00+0000,2024-12-31T23:59:59+0000,XGB_V3_1_Y2025_N4014_P858_SEED42,111233.99,0.04208642640683702,0.15156610027331108,0.007801519441054117,0.007546007969519097,0.0,0.42936635556794756,0.09232212740628963,0.1573522984981537,BEAR,3,NONE,,True,True,4014,858,3156,3.6783216783216783,0.0,2025-09-07T00:00:00+0000,-0.026859056301046125
2025-07-10T00:00:00+0000,2025-07-11T00:00:00+0000,2024-12-31T23:59:59+0000,XGB_V3_1_Y2025_N4014_P858_SEED42,116010.0,0.0855352664357465,0.19971726073756524,0.008426922673986592,0.008239910148646334,0.0,0.6954936927967157,0.1119714128344779,0.13972237706184387,BEAR,3,NONE,,True,True,4014,858,3156,3.6783216783216783,0.0,2025-09-08T00:00:00+0000,-0.06692224808206182
2025-07-11T00:00:00+0000,2025-07-12T00:00:00+0000,2024-12-31T23:59:59+0000,XGB_V3_1_Y2025_N4014_P858_SEED42,117527.66,0.0985375354279101,0.21399058368508284,0.008977177580405504,0.009090670837860415,0.0,0.6625218444467774,0.12711390375270645,0.18621842563152313,BEAR,3,NONE,,True,True,4014,858,3156,3.6783216783216783,0.0,2025-09-09T00:00:00+0000,-0.07897128216455596
2025-07-12T00:00:00+0000,2025-07-13T00:00:00+0000,2024-12-31T23:59:59+0000,XGB_V3_1_Y2025_N4014_P858_SEED42,117420.0,0.09546253484544853,0.21170472587318767,0.009978456288018522,0.009943101163048196,-0.000916039679510372,0.5798429642208327,0.129452701289313,0.18621842563152313,BEAR,3,NONE,,True,True,4014,858,3156,3.6783216783216783,0.0,2025-09-10T00:00:00+0000,-0.07812680974280362
2025-07-13T00:00:00+0000,2025-07-14T00:00:00+0000,2024-12-31T23:59:59+0000,XGB_V3_1_Y2025_N4014_P858_SEED42,119086.64,0.10866865697157779,0.22765831549075588,0.010954856194842932,0.01052571502004418,0.0,0.5712383472278483,0.14617367942146337,0.22200262546539307,BEAR,3,NONE,,True,True,4014,858,3156,3.6783216783216783,0.0,2025-09-11T00:00:00+0000,-0.09102859900993088
2025-07-14T00:00:00+0000,2025-07-15T00:00:00+0000,2024-12-31T23:59:59+0000,XGB_V3_1_Y2025_N4014_P858_SEED42,119841.18,0.11344653851350239,0.2339072431945255,0.012190620993476342,0.01144426614173244,0.0,0.5185905632707569,0.16117360531709232,0.22032688558101654,BEAR,3,NONE,,True,True,4014,858,3156,3.6783216783216783,0.0,2025-09-12T00:00:00+0000,-0.09675163412109244
2025-07-15T00:00:00+0000,2025-07-16T00:00:00+0000,2024-12-31T23:59:59+0000,XGB_V3_1_Y2025_N4014_P858_SEED42,117758.09,0.09240295965704903,0.2109968441687824,0.01285422943368597,0.012270011440123518,-0.01738208852749945,0.3570036462064859,0.16738504582288083,0.2573501467704773,BEAR,3,NONE,,True,True,4014,858,3156,3.6783216783216783,0.0,2025-09-13T00:00:00+0000,-0.0807735587423335
2025-07-16T00:00:00+0000,2025-07-17T00:00:00+0000,2024-12-31T23:59:59+0000,XGB_V3_1_Y2025_N4014_P858_SEED42,118630.43,0.09851996977055877,0.21850603748114383,0.01351812930537899,0.013176512069201118,-0.010102954593738112,0.3593521461019437,0.17260055631909313,0.25320252776145935,BEAR,3,NONE,,True,True,4014,858,3156,3.6783216783216783,0.0,2025-09-14T00:00:00+0000,-0.08753302167074661
2025-07-17T00:00:00+0000,2025-07-18T00:00:00+0000,2024-12-31T23:59:59+0000,XGB_V3_1_Y2025_N4014_P858_SEED42,119177.56,0.10126218688727628,0.22252862605717505,0.015312467139505292,0.013984682074035915,-0.005537495542016435,0.3464013003421666,0.17656057323143906,0.25320252776145935,BEAR,3,NONE,,True,True,4014,858,3156,3.6783216783216783,0.0,2025-09-15T00:00:00+0000,-0.09172204901661007
2025-07-18T00:00:00+0000,2025-07-19T00:00:00+0000,2024-12-31T23:59:59+0000,XGB_V3_1_Y2025_N4014_P858_SEED42,117924.84,0.08720795150816385,0.20812082163854795,0.01698789800321765,0.014726900105727747,-0.015990663643331904,0.2562253351934728,0.17586751561472685,0.25485551357269287,BEAR,3,NONE,,True,True,4014,858,3156,3.6783216783216783,0.0,2025-09-16T00:00:00+0000,-0.08207337826364647
2025-07-19T00:00:00+0000,2025-07-20T00:00:00+0000,2024-12-31T23:59:59+0000,XGB_V3_1_Y2025_N4014_P858_SEED42,117840.0,0.0836574203781193,0.20575301476189267,0.018748419407490058,0.015606336089369677,-0.0166986005978913,0.22796363577338433,0.17520350967595733,0.24736639857292175,BEAR,3,NONE,,True,True,4014,858,3156,3.6783216783216783,0.0,2025-09-17T00:00:00+0000,-0.08141250848608272
2025-07-20T00:00:00+0000,2025-07-21T00:00:00+0000,2024-12-31T23:59:59+0000,XGB_V3_1_Y2025_N4014_P858_SEED42,117265.12,0.07586312947587248,0.19848055877575788,0.019906450459032943,0.016407229247375144,-0.021495616114594274,0.1785882365349231,0.16947766338283946,0.27251166105270386,BEAR,3,NONE,,True,True,4014,858,3156,3.6783216783216783,0.0,2025-09-18T00:00:00+0000,-0.07690922927465549
2025-07-21T00:00:00+0000,2025-07-22T00:00:00+0000,2024-12-31T23:59:59+0000,XGB_V3_1_Y2025_N4014_P858_SEED42,117380.36,0.0746060021085504,0.19840931121606498,0.02098882011803349,0.01724165615966422,-0.020534010095694888,0.165349028534241,0.15728058657047747,0.21364977955818176,BEAR,3,NONE,,True,True,4014,858,3156,3.6783216783216783,0.0,2025-09-19T00:00:00+0000,-0.07781548804246297
2025-07-22T00:00:00+0000,2025-07-23T00:00:00+0000,2024-12-31T23:59:59+0000,XGB_V3_1_Y2025_N4014_P858_SEED42,119954.42,0.09534416040637317,0.2233293484826926,0.021694630722210118,0.01797992334167353,0.0,0.27970777298633187,0.15531061898935375,0.15670976042747498,BEAR,3,NONE,,True,True,4014,858,3156,3.6783216783216783,0.0,2025-09-20T00:00:00+0000,-0.0976043233754954
2025-07-23T00:00:00+0000,2025-07-24T00:00:00+0000,2024-12-31T23:59:59+0000,XGB_V3_1_Y2025_N4014_P858_SEED42,118755.99,0.08175774633883459,0.2098405528867473,0.0220313992201171,0.018775082758586636,-0.009990711471907332,0.19144794374448384,0.15102109135305755,0.15670976042747498,BEAR,3,NONE,,True,True,4014,858,3156,3.6783216783216783,0.0,2025-09-21T00:00:00+0000,-0.0884977675652403
2025-07-24T00:00:00+0000,2025-07-25T00:00:00+0000,2024-12-31T23:59:59+0000,XGB_V3_1_Y2025_N4014_P858_SEED42,118340.99,0.07530458379045957,0.20438709605810845,0.022508657611967964,0.01970990148114371,-0.013450358894653403,0.14849155587415222,0.13965405676373083,0.1420532763004303,BEAR,3,NONE,,True,True,4014,858,3156,3.6783216783216783,0.0,2025-09-22T00:00:00+0000,-0.08530129754702909
2025-07-25T00:00:00+0000,2025-07-26T00:00:00+0000,2024-12-31T23:59:59+0000,XGB_V3_1_Y2025_N4014_P858_SEED42,117614.31,0.06558278457347733,0.19605549231746577,0.02391778078331175,0.02039858722672583,-0.019508326579379065,0.08269529080148356,0.12535821434979694,0.15590758621692657,BEAR,3,NONE,,True,True,4014,858,3156,3.6783216783216783,0.0,2025-09-23T00:00:00+0000,-0.07964983172540818
2025-07-26T00:00:00+0000,2025-07-27T00:00:00+0000,2024-12-31T23:59:59+0000,XGB_V3_1_Y2025_N4014_P858_SEED42,117919.99,0.06571987762483666,0.19788707736174427,0.024604406085678265,0.021009594029175016,-0.0169600253162826,0.0825189172490915,0.11166138646585112,0.10709015280008316,BEAR,3,NONE,,True,True,4014,858,3156,3.6783216783216783,0.0,2025-09-24T00:00:00+0000,-0.08203562432459499
2025-07-27T00:00:00+0000,2025-07-28T00:00:00+0000,2024-12-31T23:59:59+0000,XGB_V3_1_Y2025_N4014_P858_SEED42,119415.55,0.07653858286593951,0.211580903629351,0.025008629440965713,0.0217003351540086,-0.004492289654687176,0.19066329823415215,0.08999907726146338,0.09863012284040451,BEAR,3,NONE,,True,True,4014,858,3156,3.6783216783216783,0.0,2025-09-25T00:00:00+0000,-0.09353220748889068
2025-07-28T00:00:00+0000,2025-07-29T00:00:00+0000,2024-12-31T23:59:59+0000,XGB_V3_1_Y2025_N4014_P858_SEED42,118062.32,0.06197855255653417,0.19630299683236463,0.024950499818085392,0.022433367470731325,-0.01577349129777783,0.028573232361681827,0.060680905763118236,0.06690982729196548,BEAR,3,NONE,,True,True,4014,858,3156,3.6783216783216783,0.0,2025-09-26T00:00:00+0000,-0.08314227604539703
2025-07-29T00:00:00+0000,2025-07-30T00:00:00+0000,2024-12-31T23:59:59+0000,XGB_V3_1_Y2025_N4014_P858_SEED42,117950.76,0.05950972396757992,0.19376792787882602,0.023752727827537345,0.022897677630202562,-0.016703511217010636,-0.06439062527321482,0.03193589871019801,0.06690982729196548,BEAR,3,NONE,,True,True,4014,858,3156,3.6783216783216783,0.0,2025-09-27T00:00:00+0000,-0.08227509513291809
2025-07-30T00:00:00+0000,2025-07-31T00:00:00+0000,2024-12-31T23:59:59+0000,XGB_V3_1_Y2025_N4014_P858_SEED42,117840.3,0.05708067730603461,0.19124898772588605,0.02276033577068093,0.022997978013116427,-0.01762436098644793,-0.13800616180370331,0.027261864189997667,0.06783823668956757,BEAR,3,NONE,,True,True,4014,858,3156,3.6783216783216783,0.0,2025-09-28T00:00:00+0000,-0.08141484704298951
2025-07-31T00:00:00+0000,2025-08-01T00:00:00+0000,2024-12-31T23:59:59+0000,XGB_V3_1_Y2025_N4014_P858_SEED42,115764.08,0.03713141667798081,0.16900667607583908,0.021865788460833757,0.022897370319366006,-0.034932768629951205,-0.6303145672276153,0.032658004376129104,0.10757185518741608,BEAR,3,NONE,,True,True,4014,858,3156,3.6783216783216783,0.0,2025-09-29T00:00:00+0000,-0.06494009195252959
2025-08-01T00:00:00+0000,2025-08-02T00:00:00+0000,2024-12-31T23:59:59+0000,XGB_V3_1_Y2025_N4014_P858_SEED42,113297.93,0.013652038132457633,0.1430202609248572,0.020627860572609347,0.022875489942465688,-0.055491827645867575,-0.8177188289332812,0.048641613553448454,0.11817236244678497,BEAR,3,NONE,,True,True,4014,858,3156,3.6783216783216783,0.0,2025-09-30T00:00:00+0000,-0.04458669280188954
2025-08-02T00:00:00+0000,2025-08-03T00:00:00+0000,2024-12-31T23:59:59+0000,XGB_V3_1_Y2025_N4014_P858_SEED42,112546.35,0.005761674058639699,0.13452302086001122,0.019320648973012222,0.022663062958480085,-0.061757374175957724,-0.6965327218739418,0.06244357545972744,0.14946551620960236,BEAR,3,NONE,,True,True,4014,858,3156,3.6783216783216783,0.0,2025-10-01T00:00:00+0000,-0.03820648115198755
2025-08-03T00:00:00+0000,2025-08-04T00:00:00+0000,2024-12-31T23:59:59+0000,XGB_V3_1_Y2025_N4014_P858_SEED42,114208.8,0.0190163729626478,0.15048625050224107,0.01839135816356885,0.022102787318256656,-0.04789836006042958,-0.4150240528626679,0.06514441678847012,0.11183662712574005,BEAR,3,NONE,,True,True,4014,858,3156,3.6783216783216783,0.0,2025-10-02T00:00:00+0000,-0.05220657252330818
2025-08-04T00:00:00+0000,2025-08-05T00:00:00+0000,2024-12-31T23:59:59+0000,XGB_V3_1_Y2025_N4014_P858_SEED42,115055.03,0.02483654260012047,0.15813184042704087,0.017133685972832824,0.021644653661985425,-0.040843763822958734,-0.2775151056220007,0.06737458551457681,0.10843803733587265,BEAR,3,NONE,,True,True,4014,858,3156,3.6783216783216783,0.0,2025-10-03T00:00:00+0000,-0.059177595277668416
2025-08-05T00:00:00+0000,2025-08-06T00:00:00+0000,2024-12-31T23:59:59+0000,XGB_V3_1_Y2025_N4014_P858_SEED42,114129.75,0.015268040414542217,0.1482371467734407,0.015953388691074988,0.02093678982886371,-0.04855736037071412,-0.35118713068566876,0.07038211346212866,0.11081961542367935,BEAR,3,NONE,,True,True,4014,858,3156,3.6783216783216783,0.0,2025-10-04T00:00:00+0000,-0.05155009977678904
2025-08-06T00:00:00+0000,2025-08-07T00:00:00+0000,2024-12-31T23:59:59+0000,XGB_V3_1_Y2025_N4014_P858_SEED42,114992.27,0.02104407275708975,0.15630775975830447,0.01529646685766295,0.020139948141967512,-0.0413669625512757,-0.2229059014670215,0.06992346506504214,0.11074379086494446,BEAR,3,NONE,,True,True,4014,858,3156,3.6783216783216783,0.0,2025-10-05T00:00:00+0000,-0.05866411716196229
2025-08-07T00:00:00+0000,2025-08-08T00:00:00+0000,2024-12-31T23:59:59+0000,XGB_V3_1_Y2025_N4014_P858_SEED42,117472.01,0.0407362925140633,0.18028504484248864,0.015308759564163,0.019653394014926162,-0.020694610502889343,0.08386878754997176,0.0695956271770158,0.09218136966228485,BEAR,3,NONE,,True,True,4014,858,3156,3.6783216783216783,0.0,2025-10-06T00:00:00+0000,-0.07853496334999277
2025-08-08T00:00:00+0000,2025-08-09T00:00:00+0000,2024-12-31T23:59:59+0000,XGB_V3_1_Y2025_N4014_P858_SEED42,116674.74,0.03147678090863648,0.17142628686074057,0.01606522760824225,0.01912510250192412,-0.027341051709474207,-0.007101175708766541,0.06914114165207826,0.09218136966228485,BEAR,3,NONE,,True,True,4014,858,3156,3.6783216783216783,0.0,2025-10-07T00:00:00+0000,-0.07223834396374051
2025-08-09T00:00:00+0000,2025-08-10T00:00:00+0000,2024-12-31T23:59:59+0000,XGB_V3_1_Y2025_N4014_P858_SEED42,116462.25,0.027207306385998997,0.16868749663466964,0.01704781531340549,0.018471591709752655,-0.02911247455491839,-0.028497665523194354,0.06906139192361276,0.09649699181318283,BEAR,3,NONE,,True,True,4014,858,3156,3.6783216783216783,0.0,2025-10-08T00:00:00+0000,-0.07054560597962001
2025-08-10T00:00:00+0000,2025-08-11T00:00:00+0000,2024-12-31T23:59:59+0000,XGB_V3_1_Y2025_N4014_P858_SEED42,119294.01,0.04900569131485599,0.19616842760566477,0.018827733366587385,0.018206909325301446,-0.005505507842062052,0.2999234872118225,0.07155602898998269,0.05955905467271805,BEAR,3,NONE,,True,True,4014,858,3156,3.6783216783216783,0.0,2025-10-09T00:00:00+0000,-0.09260867331058775
2025-08-11T00:00:00+0000,2025-08-12T00:00:00+0000,2024-12-31T23:59:59+0000,XGB_V3_1_Y2025_N4014_P858_SEED42,118686.0,0.04041644541110423,0.1891909420845117,0.020608563033303495,0.017829515120628026,-0.010574183093878475,0.24402509998731198,0.06887565467743285,0.062151435762643814,BEAR,3,NONE,,True,True,4014,858,3156,3.6783216783216783,0.0,2025-10-10T00:00:00+0000,-0.087960248049475
2025-08-12T00:00:00+0000,2025-08-13T00:00:00+0000,2024-12-31T23:59:59+0000,XGB_V3_1_Y2025_N4014_P858_SEED42,120134.08,0.050384958827558224,0.20278044219050018,0.022071786216865785,0.017542323758609202,0.0,0.39774927454606196,0.07192013645280419,0.05807097628712654,BEAR,3,NONE,,True,True,4014,858,3156,3.6783216783216783,0.0,2025-10-11T00:00:00+0000,-0.09895385222910935
2025-08-13T00:00:00+0000,2025-08-14T00:00:00+0000,2024-12-31T23:59:59+0000,XGB_V3_1_Y2025_N4014_P858_SEED42,123306.43,0.07488482525390205,0.23339602124321512,0.02354133500663269,0.017452344070146175,0.0,0.6215794314917065,0.08611738021409338,0.06995612382888794,BEAR,3,NONE,,True,True,4014,858,3156,3.6783216783216783,0.0,2025-10-12T00:00:00+0000,-0.12213539877847401
2025-08-14T00:00:00+0000,2025-08-15T00:00:00+0000,2024-12-31T23:59:59+0000,XGB_V3_1_Y2025_N4014_P858_SEED42,118295.09,0.029234370122434905,0.18234222431121339,0.023767718219380063,0.017453767033270173,-0.0406413517932519,0.12043343879086432,0.08650503831659723,0.13965867459774017,BEAR,3,NONE,,True,True,4014,858,3156,3.6783216783216783,0.0,2025-10-13T00:00:00+0000,-0.0849463828126763
2025-08-15T00:00:00+0000,2025-08-16T00:00:00+0000,2024-12-31T23:59:59+0000,XGB_V3_1_Y2025_N4014_P858_SEED42,117342.05,0.019098988342284517,0.1719230565637071,0.02428107839020277,0.017145351471820947,-0.04837038911920477,0.029258871489820808,0.08630375499654794,0.1489056944847107,BEAR,3,NONE,,True,True,4014,858,3156,3.6783216783216783,0.0,2025-10-14T00:00:00+0000,-0.07751441192650033
2025-08-16T00:00:00+0000,2025-08-17T00:00:00+0000,2024-12-31T23:59:59+0000,XGB_V3_1_Y2025_N4014_P858_SEED42,117380.66,0.01760788280789316,0.17137012320222667,0.02421687239154613,0.016702615174707836,-0.04805726676216304,0.04415241735208973,0.08442403710757002,0.16513869166374207,BEAR,3,NONE,,True,True,4014,858,3156,3.6783216783216783,0.0,2025-10-15T00:00:00+0000,-0.07781784494992616
2025-08-17T00:00:00+0000,2025-08-18T00:00:00+0000,2024-12-31T23:59:59+0000,XGB_V3_1_Y2025_N4014_P858_SEED42,117405.01,0.01603824783556629,0.170814423794037,0.023723971229356433,0.016081264159382158,-0.04785979125338391,0.05016602470174016,0.08408007533134182,0.16513869166374207,BEAR,3,NONE,,True,True,4014,858,3156,3.6783216783216783,0.0,2025-10-16T00:00:00+0000,-0.07845261458603847
2025-08-18T00:00:00+0000,2025-08-19T00:00:00+0000,2024-12-31T23:59:59+0000,XGB_V3_1_Y2025_N4014_P858_SEED42,116227.05,0.004475750920770238,0.15840280502174586,0.02294049785956709,0.015469252195138505,-0.057412902149547196,-0.06109220519278869,0.08387737366770634,0.22861403226852417,BEAR,3,NONE,,True,True,4014,858,3156,3.6783216783216783,0.0,2025-10-17T00:00:00+0000,-0.0842778853975904
2025-08-19T00:00:00+0000,2025-08-20T00:00:00+0000,2024-12-31T23:59:59+0000,XGB_V3_1_Y2025_N4014_P858_SEED42,112872.94,-0.025476250267805756,0.12438815308238316,0.02157518091134092,0.014804259145648535,-0.08461432222147691,-0.35860297271762626,0.08861113841271856,0.309997022151947,BEAR,3,NONE,,True,True,4014,858,3156,3.6783216783216783,0.0,2025-10-18T00:00:00+0000,-0.05706646783542635
2025-08-20T00:00:00+0000,2025-08-21T00:00:00+0000,2024-12-31T23:59:59+0000,XGB_V3_1_Y2025_N4014_P858_SEED42,114271.24,-0.014864847932706926,0.1375448007245641,0.0200003742139796,0.014405504084847642,-0.07327428099248345,-0.21242594915432772,0.09016595554633047,0.30169564485549927,BEAR,3,NONE,,True,True,4014,858,3156,3.6783216783216783,0.0,2025-10-19T00:00:00+0000,-0.06860483880283452
2025-08-21T00:00:00+0000,2025-08-22T00:00:00+0000,2024-12-31T23:59:59+0000,XGB_V3_1_Y2025_N4014_P858_SEED42,112500.0,-0.030744804106778933,0.11908815272840823,0.017471140080672187,0.01419199380427738,-0.08763881980850463,-0.3696581188932425,0.09204779884109529,0.309997022151947,BEAR,3,NONE,,True,True,4014,858,3156,3.6783216783216783,0.0,2025-10-20T00:00:00+0000,-0.05394062222222229
2025-08-22T00:00:00+0000,2025-08-23T00:00:00+0000,2024-12-31T23:59:59+0000,XGB_V3_1_Y2025_N4014_P858_SEED42,116935.99,0.006199364361014981,0.1623126710024747,0.01612333630264584,0.014161506051290074,-0.05166348583768088,0.025114753392694054,0.08658066458845,0.2512414753437042,BEAR,3,NONE,,True,True,4014,858,3156,3.6783216783216783,0.0,2025-10-21T00:00:00+0000,-0.08982957257213975
2025-08-23T00:00:00+0000,2025-08-24T00:00:00+0000,2024-12-31T23:59:59+0000,XGB_V3_1_Y2025_N4014_P858_SEED42,115438.05,-0.007962505519225727,0.14641651016109658,0.014371649729073788,0.014351356672355209,-0.0638115952266235,-0.13166387906356794,0.0849449104625535,0.23571324348449707,BEAR,3,NONE,,True,True,4014,858,3156,3.6783216783216783,0.0,2025-10-22T00:00:00+0000,-0.07801907603255609
2025-08-24T00:00:00+0000,2025-08-25T00:00:00+0000,2024-12-31T23:59:59+0000,XGB_V3_1_Y2025_N4014_P858_SEED42,113493.59,-0.025559458082648923,0.1261620687355005,0.013359517214440064,0.014431742286629134,-0.07958092696382502,-0.31042911840580634,0.08758653293594887,0.3046623170375824,BEAR,3,NONE,,True,True,4014,858,3156,3.6783216783216783,0.0,2025-10-23T00:00:00+0000,-0.06222298545671168
2025-08-25T00:00:00+0000,2025-08-26T00:00:00+0000,2024-12-31T23:59:59+0000,XGB_V3_1_Y2025_N4014_P858_SEED42,110111.98,-0.054740908893153084,0.09187295180511756,0.01168755671928512,0.014600778307890527,-0.10700536865757937,-0.5508886217814445,0.09901619948111627,0.33074140548706055,BEAR,3,NONE,,True,True,4014,858,3156,3.6783216783216783,0.0,2025-10-24T00:00:00+0000,-0.0334232478609503
2025-08-26T00:00:00+0000,2025-08-27T00:00:00+0000,2024-12-31T23:59:59+0000,XGB_V3_1_Y2025_N4014_P858_SEED42,111763.22,-0.041142037076713045,0.10740902512511052,0.0104819073760134,0.014835474570780605,-0.093614015100429,-0.37254414378279527,0.10478413185229608,0.31433263421058655,BEAR,3,NONE,,True,True,4014,858,3156,3.6783216783216783,0.0,2025-10-25T00:00:00+0000,-0.04770388684220095
2025-08-27T00:00:00+0000,2025-08-28T00:00:00+0000,2024-12-31T23:59:59+0000,XGB_V3_1_Y2025_N4014_P858_SEED42,111262.01,-0.045825059128319356,0.10163407675307834,0.00911885703808002,0.01475697338994797,-0.09767876663041819,-0.3669463554232003,0.11114803175921245,0.31164655089378357,BEAR,3,NONE,,True,True,4014,858,3156,3.6783216783216783,0.0,2025-10-26T00:00:00+0000,-0.04341400986733923
2025-08-28T00:00:00+0000,2025-08-29T00:00:00+0000,2024-12-31T23:59:59+0000,XGB_V3_1_Y2025_N4014_P858_SEED42,112566.9,-0.03485506724955345,0.11366625369521044,0.007976514247515443,0.014831104593931554,-0.08709626902668421,-0.2437585221107482,0.11410529515084006,0.31164655089378357,BEAR,3,NONE,,True,True,4014,858,3156,3.6783216783216783,0.0,2025-10-27T00:00:00+0000,-0.054502877844197606
2025-08-29T00:00:00+0000,2025-08-30T00:00:00+0000,2024-12-31T23:59:59+0000,XGB_V3_1_Y2025_N4014_P858_SEED42,108377.4,-0.06955791017329205,0.07163768605917675,0.005661838098490524,0.014854943325461445,-0.12107259937701542,-0.4772318097362671,0.12722864400466205,0.40177157521247864,BEAR,3,NONE,,True,True,4014,858,3156,3.6783216783216783,0.0,2025-10-28T00:00:00+0000,-0.01795318950260849
2025-08-30T00:00:00+0000,2025-08-31T00:00:00+0000,2024-12-31T23:59:59+0000,XGB_V3_1_Y2025_N4014_P858_SEED42,108816.33,-0.06439014857884073,0.07528469850062236,0.0026703312825369085,0.014715528600341754,-0.11751293099638027,-0.3955693955546014,0.13300306751571814,0.391996294260025,BEAR,3,NONE,,True,True,4014,858,3156,3.6783216783216783,0.0,2025-10-29T00:00:00+0000,-0.021914449788924206
2025-08-31T00:00:00+0000,2025-09-01T00:00:00+0000,2024-12-31T23:59:59+0000,XGB_V3_1_Y2025_N4014_P858_SEED42,108246.35,-0.06782034825497762,0.06910425071561077,0.00045891347298954166,0.014484238664838722,-0.12213539877847401,-0.38347720943076424,0.1389180864691607,0.3999723196029663,BEAR,3,NONE,,True,True,4014,858,3156,3.6783216783216783,0.0,2025-10-30T00:00:00+0000,-0.0167642604115521
2025-09-01T00:00:00+0000,2025-09-02T00:00:00+0000,2024-12-31T23:59:59+0000,XGB_V3_1_Y2025_N4014_P858_SEED42,109237.42,-0.057687098014564175,0.07822018315963608,-0.002501758637629581,0.01434129850891197,-0.11409794282423058,-0.29313673349657354,0.13655600369898957,0.3738270699977875,BEAR,3,NONE,,True,True,4014,858,3156,3.6783216783216783,0.0,2025-10-31T00:00:00+0000,-0.025684788234654476
2025-09-02T00:00:00+0000,2025-09-03T00:00:00+0000,2024-12-31T23:59:59+0000,XGB_V3_1_Y2025_N4014_P858_SEED42,111240.01,-0.038986119734975566,0.09724259223002507,-0.005257980348144398,0.014086919169867151,-0.0978571839278779,-0.15018486860552838,0.11466086975118191,0.30675575137138367,BEAR,3,NONE,,True,True,4014,858,3156,3.6783216783216783,0.0,2025-11-01T00:00:00+0000,-0.04322482531240335
2025-09-03T00:00:00+0000,2025-09-04T00:00:00+0000,2024-12-31T23:59:59+0000,XGB_V3_1_Y2025_N4014_P858_SEED42,111705.71,-0.033952652646587755,0.10106850244364596,-0.00720182110436518,0.013998971759343615,-0.09408041413574286,-0.09498374163810855,0.10764954640285788,0.30941861867904663,BEAR,3,NONE,,True,True,4014,858,3156,3.6783216783216783,0.0,2025-11-02T00:00:00+0000,-0.047213611551280676
2025-09-04T00:00:00+0000,2025-09-05T00:00:00+0000,2024-12-31T23:59:59+0000,XGB_V3_1_Y2025_N4014_P858_SEED42,110730.87,-0.0410730000699675,0.09067415121122968,-0.008712896693924277,0.013956022468993856,-0.10198624678372403,-0.15569005544231407,0.10264272994578483,0.30941861867904663,BEAR,3,NONE,,True,True,4014,858,3156,3.6783216783216783,0.0,2025-11-03T00:00:00+0000,-0.038825577727331195
2025-09-05T00:00:00+0000,2025-09-06T00:00:00+0000,2024-12-31T23:59:59+0000,XGB_V3_1_Y2025_N4014_P858_SEED42,110659.99,-0.04027098919817529,0.08917782485657866,-0.010769775213380517,0.013886712817944513,-0.10256107487663046,-0.1426118771052209,0.09581914917757582,0.30941861867904663,BEAR,3,NONE,,True,True,4014,858,3156,3.6783216783216783,0.0,2025-11-04T00:00:00+0000,-0.08280110995853152
2025-09-06T00:00:00+0000,2025-09-07T00:00:00+0000,2024-12-31T23:59:59+0000,XGB_V3_1_Y2025_N4014_P858_SEED42,110187.97,-0.04308052343763191,0.08375771899731133,-0.012493658294508436,0.013919352816483821,-0.10638909909239924,-0.1687266114106384,0.08714157142495184,0.31096646189689636,BEAR,3,NONE,,True,True,4014,858,3156,3.6783216783216783,0.0,2025-11-05T00:00:00+0000,-0.078872040205478
2025-09-07T00:00:00+0000,2025-09-08T00:00:00+0000,2024-12-31T23:59:59+0000,XGB_V3_1_Y2025_N4014_P858_SEED42,111137.34,-0.03371085816474595,0.09231675397859074,-0.013868736969305906,0.01406031866900248,-0.09868982501561352,-0.04959307217622712,0.079592800097747,0.16531679034233093,BEAR,3,NONE,,True,True,4014,858,3156,3.6783216783216783,0.0,2025-11-06T00:00:00+0000,-0.08810090290086126
2025-09-08T00:00:00+0000,2025-09-09T00:00:00+0000,2024-12-31T23:59:59+0000,XGB_V3_1_Y2025_N4014_P858_SEED42,112065.23,-0.02476144790647239,0.10069224555541156,-0.01346920638933824,0.014218209691436279,-0.09116475110016564,0.059886214898660126,0.07902476676385047,0.16064026951789856,BEAR,3,NONE,,True,True,4014,858,3156,3.6783216783216783,0.0,2025-11-07T00:00:00+0000,-0.09565134520314644
2025-09-09T00:00:00+0000,2025-09-10T00:00:00+0000,2024-12-31T23:59:59+0000,XGB_V3_1_Y2025_N4014_P858_SEED42,111546.39,-0.028289943238535953,0.0947702113493829,-0.012994588864695511,0.014294609939132341,-0.09537247976443719,0.01718822788434169,0.07585826187403538,0.15905849635601044,BEAR,3,NONE,,True,True,4014,858,3156,3.6783216783216783,0.0,2025-11-08T00:00:00+0000,-0.09144491363638041
2025-09-10T00:00:00+0000,2025-09-11T00:00:00+0000,2024-12-31T23:59:59+0000,XGB_V3_1_Y2025_N4014_P858_SEED42,113960.0,-0.0062264725142012756,0.11750386210060393,-0.012467552078831212,0.014413881270512574,-0.0757983991589084,0.285899018244096,0.07799923048446009,0.14262601733207703,BEAR,3,NONE,,True,True,4014,858,3156,3.6783216783216783,0.0,2025-11-09T00:00:00+0000,-0.11068760968760971
2025-09-11T00:00:00+0000,2025-09-12T00:00:00+0000,2024-12-31T23:59:59+0000,XGB_V3_1_Y2025_N4014_P858_SEED42,115482.69,0.007627191956255164,0.13136909710050992,-0.011354222540180148,0.014582471876233738,-0.06344957031032361,0.5081470651923203,0.07209570403557788,0.118658646941185,BEAR,3,NONE,,True,True,4014,858,3156,3.6783216783216783,0.0,2025-11-10T00:00:00+0000,-0.12241358423500537
2025-09-12T00:00:00+0000,2025-09-13T00:00:00+0000,2024-12-31T23:59:59+0000,XGB_V3_1_Y2025_N4014_P858_SEED42,116029.42,0.012806155076618753,0.1353640760107162,-0.01028436634872143,0.014907408388048715,-0.0191526968701744,0.5552268141474469,0.07432384065511631,0.10779975354671478,BEAR,3,NONE,,True,True,4014,858,3156,3.6783216783216783,0.0,2025-11-11T00:00:00+0000,-0.12654876668348425
2025-09-13T00:00:00+0000,2025-09-14T00:00:00+0000,2024-12-31T23:59:59+0000,XGB_V3_1_Y2025_N4014_P858_SEED42,115918.29,0.012135795478104283,0.13276709088097527,-0.00954164361625709,0.01540875621320037,-0.012663173402906791,0.4849297727572241,0.08071009146511349,0.08603040874004364,BEAR,3,NONE,,True,True,4014,858,3156,3.6783216783216783,0.0,2025-11-12T00:00:00+0000,-0.12571139550108956
2025-09-14T00:00:00+0000,2025-09-15T00:00:00+0000,2024-12-31T23:59:59+0000,XGB_V3_1_Y2025_N4014_P858_SEED42,115268.01,0.00692422211546484,0.12470792337499881,-0.008645819853895675,0.016264081825159593,-0.018201948962825343,0.36575293370099593,0.08455664534274017,0.09422583878040314,BEAR,3,NONE,,True,True,4014,858,3156,3.6783216783216783,0.0,2025-11-13T00:00:00+0000,-0.1351284714640254
2025-09-15T00:00:00+0000,2025-09-16T00:00:00+0000,2024-12-31T23:59:59+0000,XGB_V3_1_Y2025_N4014_P858_SEED42,115349.71,0.008354190451340893,0.12382511576873378,-0.007886416448112943,0.017013987897105176,-0.017506067245341428,0.3379107040557498,0.08879739208834034,0.11093592643737793,BEAR,3,NONE,,True,True,4014,858,3156,3.6783216783216783,0.0,2025-11-14T00:00:00+0000,-0.17993725341832245
2025-09-16T00:00:00+0000,2025-09-17T00:00:00+0000,2024-12-31T23:59:59+0000,XGB_V3_1_Y2025_N4014_P858_SEED42,116788.96,0.021163040967271618,0.13605216798788522,-0.006774376533764337,0.017873894949035574,-0.0012573545578226097,0.42056116248513037,0.09580106889770997,0.10237284749746323,BEAR,3,NONE,,True,True,4014,858,3156,3.6783216783216783,0.0,2025-11-15T00:00:00+0000,-0.1900433054631192
2025-09-17T00:00:00+0000,2025-09-18T00:00:00+0000,2024-12-31T23:59:59+0000,XGB_V3_1_Y2025_N4014_P858_SEED42,116447.59,0.018445930454132897,0.13106011501602266,-0.005878127788880083,0.018565989080841172,-0.004176643991298246,0.3511214941529442,0.10099023005174051,0.10486974567174911,BEAR,3,NONE,,True,True,4014,858,3156,3.6783216783216783,0.0,2025-11-16T00:00:00+0000,-0.1905247674082391
2025-09-18T00:00:00+0000,2025-09-19T00:00:00+0000,2024-12-31T23:59:59+0000,XGB_V3_1_Y2025_N4014_P858_SEED42,117073.53,0.024057725954817366,0.13588195378817924,-0.005111870358077475,0.019142149846711476,0.0,0.36699621888150985,0.10086287922880834,0.09753788262605667,BEAR,3,NONE,,True,True,4014,858,3156,3.6783216783216783,0.0,2025-11-17T00:00:00+0000,-0.21233142965792529
2025-09-19T00:00:00+0000,2025-09-20T00:00:00+0000,2024-12-31T23:59:59+0000,XGB_V3_1_Y2025_N4014_P858_SEED42,115632.38,0.011475099710077874,0.12030103608336651,-0.004123586598497209,0.01993881140110676,-0.01230978514101344,0.2183657194427582,0.0969391095456394,0.1097303181886673,BEAR,3,NONE,,True,True,4014,858,3156,3.6783216783216783,0.0,2025-11-18T00:00:00+0000,-0.20251455517909434
2025-09-20T00:00:00+0000,2025-09-21T00:00:00+0000,2024-12-31T23:59:59+0000,XGB_V3_1_Y2025_N4014_P858_SEED42,115685.63,0.011518363606898507,0.11927688959095883,-0.002665993695837754,0.0208188347435323,-0.011854942786810985,0.2046095950384299,0.08940671603864819,0.1104390099644661,BEAR,3,NONE,,True,True,4014,858,3156,3.6783216783216783,0.0,2025-11-19T00:00:00+0000,-0.20858830954198893
2025-09-21T00:00:00+0000,2025-09-22T00:00:00+0000,2024-12-31T23:59:59+0000,XGB_V3_1_Y2025_N4014_P858_SEED42,115232.29,0.007081476521337615,0.11356414623774014,-0.001627587141436071,0.02139793641283072,-0.01572721007045752,0.14081224374047846,0.0826203005280176,0.0999680683016777,BEAR,3,NONE,,True,True,4014,858,3156,3.6783216783216783,0.0,2025-11-20T00:00:00+0000,-0.24815145129893712
2025-09-22T00:00:00+0000,2025-09-23T00:00:00+0000,2024-12-31T23:59:59+0000,XGB_V3_1_Y2025_N4014_P858_SEED42,112650.99,-0.015209843213256247,0.0874256568290801,-0.0014966544339414245,0.021826297574742526,-0.037775746575677616,-0.14469911838037994,0.08044033854293109,0.1529163122177124,BEAR,3,NONE,,True,True,4014,858,3156,3.6783216783216783,0.0,2025-11-21T00:00:00+0000,-0.2443081947171526
2025-09-23T00:00:00+0000,2025-09-24T00:00:00+0000,2024-12-31T23:59:59+0000,XGB_V3_1_Y2025_N4014_P858_SEED42,111998.8,-0.02038780596323697,0.07981682352264352,-0.0017346300616338794,0.02235622561669759,-0.043346519063702904,-0.21873717565041068,0.07995009416340376,0.15887762606143951,BEAR,3,NONE,,True,True,4014,858,3156,3.6783216783216783,0.0,2025-11-22T00:00:00+0000,-0.24338707200434284
2025-09-24T00:00:00+0000,2025-09-25T00:00:00+0000,2024-12-31T23:59:59+0000,XGB_V3_1_Y2025_N4014_P858_SEED42,113307.0,-0.00880280421388746,0.09100512879289702,-0.0014158488251478918,0.022954358818994658,-0.03217234502111621,-0.09421910190288413,0.07571438634416564,0.14401885867118835,BEAR,3,NONE,,True,True,4014,858,3156,3.6783216783216783,1.0,2025-11-23T00:00:00+0000,-0.2521226402605311
2025-09-25T00:00:00+0000,2025-09-26T00:00:00+0000,2024-12-31T23:59:59+0000,XGB_V3_1_Y2025_N4014_P858_SEED42,108994.49,-0.04552658349938632,0.04805510481539055,-0.0017546246229102058,0.023596023463370752,-0.06900825489758444,-0.5438648437069714,0.08131651715181538,0.2375481128692627,BEAR,3,NONE,,True,True,4014,858,3156,3.6783216783216783,0.0,2025-11-24T00:00:00+0000,-0.22253189129101847
2025-09-26T00:00:00+0000,2025-09-27T00:00:00+0000,2024-12-31T23:59:59+0000,XGB_V3_1_Y2025_N4014_P858_SEED42,109643.46,-0.03852521901211503,0.052723967068496025,-0.002901342481730018,0.024392153267798866,-0.06346498649182264,-0.4614393979931401,0.08301148204600611,0.23141472041606903,BEAR,3,NONE,,True,True,4014,858,3156,3.6783216783216783,0.0,2025-11-25T00:00:00+0000,-0.22713365667227214
2025-09-27T00:00:00+0000,2025-09-28T00:00:00+0000,2024-12-31T23:59:59+0000,XGB_V3_1_Y2025_N4014_P858_SEED42,109635.85,-0.03740363146992021,0.051303218486606905,-0.0038704090229451094,0.024974807006492794,-0.06352998837568147,-0.43392006341523864,0.08696965777495329,0.2446257621049881,BEAR,3,NONE,,True,True,4014,858,3156,3.6783216783216783,0.0,2025-11-26T00:00:00+0000,-0.22708001078114504
2025-09-28T00:00:00+0000,2025-09-29T00:00:00+0000,2024-12-31T23:59:59+0000,XGB_V3_1_Y2025_N4014_P858_SEED42,112163.95,-0.014463200938033549,0.07407845584220918,-0.004488743447627841,0.025680997921047943,-0.04193586714264108,-0.17954834349220225,0.08683824801009907,0.2098681777715683,BEAR,3,NONE,,True,True,4014,858,3156,3.6783216783216783,0.0,2025-11-27T00:00:00+0000,-0.24450110753053889
2025-09-29T00:00:00+0000,2025-09-30T00:00:00+0000,2024-12-31T23:59:59+0000,XGB_V3_1_Y2025_N4014_P858_SEED42,114311.96,0.005290581863046873,0.09291062939285899,-0.00533739954224377,0.02653668331918735,-0.023588338029954303,0.024167405324531592,0.08458870752614231,0.14205405116081238,BEAR,3,NONE,,True,True,4014,858,3156,3.6783216783216783,1.0,2025-11-28T00:00:00+0000,-0.25869751511565364
2025-09-30T00:00:00+0000,2025-10-01T00:00:00+0000,2024-12-31T23:59:59+0000,XGB_V3_1_Y2025_N4014_P858_SEED42,114048.93,0.003796113512480437,0.08883092846767449,-0.006563618037133234,0.02713459903138693,-0.025835045718703542,-0.003551223387629803,0.08458046612398372,0.12249646335840225,BEAR,3,NONE,,True,True,4014,858,3156,3.6783216783216783,1.0,2025-11-29T00:00:00+0000,-0.2569878560018054
2025-10-01T00:00:00+0000,2025-10-02T00:00:00+0000,2024-12-31T23:59:59+0000,XGB_V3_1_Y2025_N4014_P858_SEED42,118594.99,0.04409090944466332,0.13038393941480142,-0.007299036056463981,0.02784537215127436,0.0,0.42026846234078313,0.09073298314677922,0.09342104196548462,BEAR,3,NONE,,True,True,4014,858,3156,3.6783216783216783,1.0,2025-11-30T00:00:00+0000,-0.28546947893835983
2025-10-02T00:00:00+0000,2025-10-03T00:00:00+0000,2024-12-31T23:59:59+0000,XGB_V3_1_Y2025_N4014_P858_SEED42,120529.35,0.061639818499675814,0.1467469584405372,-0.007514200195213427,0.028471460691352313,0.0,0.5206528358019745,0.10177782977908711,0.08903006464242935,BEAR,3,NONE,,True,True,4014,858,3156,3.6783216783216783,1.0,2025-12-01T00:00:00+0000,-0.29693688715653077
2025-10-03T00:00:00+0000,2025-10-04T00:00:00+0000,2024-12-31T23:59:59+0000,XGB_V3_1_Y2025_N4014_P858_SEED42,122232.0,0.07589083364053484,0.16083569434598988,-0.006294889219910504,0.02897025775868034,0.0,0.5543869367397185,0.11711838397907545,0.10596732050180435,BEAR,3,NONE,,True,True,4014,858,3156,3.6783216783216783,1.0,2025-12-02T00:00:00+0000,-0.3067303161201649
2025-10-04T00:00:00+0000,2025-10-05T00:00:00+0000,2024-12-31T23:59:59+0000,XGB_V3_1_Y2025_N4014_P858_SEED42,122391.0,0.07633368975261945,0.16015996132857002,-0.0052684956087174495,0.02934881543983847,0.0,0.4838666290634633,0.13023368373190874,0.1295386701822281,BEAR,3,NONE,,True,True,4014,858,3156,3.6783216783216783,1.0,2025-12-03T00:00:00+0000,-0.3076309532563668
2025-10-05T00:00:00+0000,2025-10-06T00:00:00+0000,2024-12-31T23:59:59+0000,XGB_V3_1_Y2025_N4014_P858_SEED42,123482.31,0.0847667569420878,0.16847568246463407,-0.003154916542588704,0.029597059100792578,0.0,0.47630820103918786,0.14427582290138186,0.14626632630825043,BEAR,3,NONE,,True,True,4014,858,3156,3.6783216783216783,1.0,2025-12-04T00:00:00+0000,-0.3137499614317224
2025-10-06T00:00:00+0000,2025-10-07T00:00:00+0000,2024-12-31T23:59:59+0000,XGB_V3_1_Y2025_N4014_P858_SEED42,124658.54,0.09370586049838558,0.17735356263703417,-0.0005141219789995821,0.029939270282350883,0.0,0.4726067280845812,0.15919815640691312,0.15328308939933777,BEAR,3,NONE,,True,True,4014,858,3156,3.6783216783216783,1.0,2025-12-05T00:00:00+0000,-0.3202251526449772
2025-10-07T00:00:00+0000,2025-10-08T00:00:00+0000,2024-12-31T23:59:59+0000,XGB_V3_1_Y2025_N4014_P858_SEED42,121332.95,0.06357551491827151,0.14393266851757214,0.0016178535126962768,0.03022830380875674,-0.02667759465175834,0.270536405342083,0.1639445865091836,0.2182936668395996,BEAR,3,NONE,,True,True,4014,858,3156,3.6783216783216783,1.0,2025-12-06T00:00:00+0000,-0.30159334294600104
2025-10-08T00:00:00+0000,2025-10-09T00:00:00+0000,2024-12-31T23:59:59+0000,XGB_V3_1_Y2025_N4014_P858_SEED42,123306.0,0.0788974144061505,0.1603759019788562,0.004207839122617907,0.031003156660193376,-0.010849958614949196,0.3401982723406226,0.17194833472516077,0.17146143317222595,BEAR,3,NONE,,True,True,4014,858,3156,3.6783216783216783,1.0,2025-12-07T00:00:00+0000,-0.3127687217167048
2025-10-09T00:00:00+0000,2025-10-10T00:00:00+0000,2024-12-31T23:59:59+0000,XGB_V3_1_Y2025_N4014_P858_SEED42,121662.4,0.06314123056112231,0.14299521758476463,0.006387794055644935,0.03125778288552494,-0.02403477531503262,0.2374351357058385,0.17559018067875468,0.2182936668395996,BEAR,3,NONE,,True,True,4014,858,3156,3.6783216783216783,1.0,2025-12-08T00:00:00+0000,-0.3034845605544523
2025-10-10T00:00:00+0000,2025-10-11T00:00:00+0000,2024-12-31T23:59:59+0000,XGB_V3_1_Y2025_N4014_P858_SEED42,112774.5,-0.014572545705651807,0.05823859883562421,0.0072575870416498045,0.031063547043674644,-0.09533273853520174,-0.1863081750053869,0.1782172302926777,0.3198901116847992,BEAR,3,NONE,,True,True,4014,858,3156,3.6783216783216783,0.0,2025-12-09T00:00:00+0000,-0.2485913038851868
2025-10-11T00:00:00+0000,2025-10-12T00:00:00+0000,2024-12-31T23:59:59+0000,XGB_V3_1_Y2025_N4014_P858_SEED42,110644.4,-0.032121228090714604,0.037119027796792325,0.006422749167212416,0.030960159088210037,-0.11242021605579533,-0.269629065529504,0.18393894228141242,0.3223739564418793,BEAR,3,NONE,,True,True,4014,858,3156,3.6783216783216783,0.0,2025-12-10T00:00:00+0000,-0.2341253601628278
2025-10-12T00:00:00+0000,2025-10-13T00:00:00+0000,2024-12-31T23:59:59+0000,XGB_V3_1_Y2025_N4014_P858_SEED42,114958.8,0.0057039687375513015,0.07614510319515033,0.0068306836247200575,0.031183489307945234,-0.07781047331374158,-0.07434433053619748,0.18176992800666344,0.29391875863075256,BEAR,3,NONE,,True,True,4014,858,3156,3.6783216783216783,1.0,2025-12-11T00:00:00+0000,-0.26286861031952313
2025-10-13T00:00:00+0000,2025-10-14T00:00:00+0000,2024-12-31T23:59:59+0000,XGB_V3_1_Y2025_N4014_P858_SEED42,115166.0,0.007221903313417544,0.07667700840552394,0.0064273052263372765,0.031277550462625925,-0.07614833287795597,-0.0733039685500542,0.178389888383109,0.24355338513851166,BEAR,3,NONE,,True,True,4014,858,3156,3.6783216783216783,1.0,2025-12-12T00:00:00+0000,-0.2641948144417623
2025-10-14T00:00:00+0000,2025-10-15T00:00:00+0000,2024-12-31T23:59:59+0000,XGB_V3_1_Y2025_N4014_P858_SEED42,113028.14,-0.011979424323043664,0.05527935668861583,0.006046472977503381,0.03130990652116661,-0.09329806044575839,-0.1750169884913915,0.17873398511734157,0.31678929924964905,BEAR,3,NONE,,True,True,4014,858,3156,3.6783216783216783,1.0,2025-12-13T00:00:00+0000,-0.2502774972674946
2025-10-15T00:00:00+0000,2025-10-16T00:00:00+0000,2024-12-31T23:59:59+0000,XGB_V3_1_Y2025_N4014_P858_SEED42,110763.28,-0.031608108002035507,0.03277817255969584,0.0047922707270937615,0.03126037611981802,-0.11146657100267654,-0.2944935282345724,0.17457665109244044,0.3223739564418793,BEAR,3,NONE,,True,True,4014,858,3156,3.6783216783216783,0.0,2025-12-14T00:00:00+0000,-0.23494735800528832
2025-10-16T00:00:00+0000,2025-10-17T00:00:00+0000,2024-12-31T23:59:59+0000,XGB_V3_1_Y2025_N4014_P858_SEED42,108194.28,-0.053560923154605034,0.007612142944144695,0.0029750762168199163,0.030962068792021125,-0.1320748662706943,-0.40816437027621305,0.1784514679549022,0.32478588819503784,BEAR,3,NONE,,True,True,4014,858,3156,3.6783216783216783,0.0,2025-12-15T00:00:00+0000,-0.21678170047436884
2025-10-17T00:00:00+0000,2025-10-18T00:00:00+0000,2024-12-31T23:59:59+0000,XGB_V3_1_Y2025_N4014_P858_SEED42,106431.68,-0.06797902209506546,-0.009903966484575588,0.001001673909521772,0.030787166231675656,-0.14621429065349234,-0.46223537798269787,0.187541062715071,0.3341040313243866,BEAR,3,NONE,,True,True,4014,858,3156,3.6783216783216783,0.0,2025-12-16T00:00:00+0000,-0.20381093298536668
2025-10-18T00:00:00+0000,2025-10-19T00:00:00+0000,2024-12-31T23:59:59+0000,XGB_V3_1_Y2025_N4014_P858_SEED42,107185.01,-0.06118606296895712,-0.003916524400493393,-0.001034551901002989,0.03043601084948233,-0.14017114270711017,-0.3947917548967147,0.19821726960544697,0.32478588819503784,BEAR,3,NONE,,True,True,4014,858,3156,3.6783216783216783,0.0,2025-12-17T00:00:00+0000,-0.2094068004471893
2025-10-19T00:00:00+0000,2025-10-20T00:00:00+0000,2024-12-31T23:59:59+0000,XGB_V3_1_Y2025_N4014_P858_SEED42,108642.78,-0.04838879089401171,0.008406522635126867,-0.002355292860864111,0.03004975328902537,-0.12847703815558886,-0.30724636270513817,0.20646411145868782,0.3244064152240753,BEAR,3,NONE,,True,True,4014,858,3156,3.6783216783216783,0.0,2025-12-18T00:00:00+0000,-0.22001498857080048
2025-10-20T00:00:00+0000,2025-10-21T00:00:00+0000,2024-12-31T23:59:59+0000,XGB_V3_1_Y2025_N4014_P858_SEED42,110532.09,-0.03222768153125155,0.024643724321977478,-0.0020036941892659366,0.029875510171362363,-0.11332115713853219,-0.217193317151734,0.2104199189249041,0.3244064152240753,BEAR,3,NONE,,True,True,4014,858,3156,3.6783216783216783,0.0,2025-12-19T00:00:00+0000,-0.23334716642017705
2025-10-21T00:00:00+0000,2025-10-22T00:00:00+0000,2024-12-31T23:59:59+0000,XGB_V3_1_Y2025_N4014_P858_SEED42,108297.67,-0.051635255849907025,0.0027959464569429215,-0.0010695789808871092,0.029357371090818152,-0.13124548065459452,-0.27963689650633455,0.21748996832019515,0.3223739564418793,BEAR,3,NONE,,True,True,4014,858,3156,3.6783216783216783,0.0,2025-12-20T00:00:00+0000,-0.21752942607167813
2025-10-22T00:00:00+0000,2025-10-23T00:00:00+0000,2024-12-31T23:59:59+0000,XGB_V3_1_Y2025_N4014_P858_SEED42,107567.44,-0.057423614217277597,-0.00507258569179303,-0.0016283965950244506,0.028641917021967167,-0.1371033224037438,-0.2786347421424712,0.22207672588353014,0.3244064152240753,BEAR,3,NONE,,True,True,4014,858,3156,3.6783216783216783,0.0,2025-12-21T00:00:00+0000,-0.21221756323288898
2025-10-23T00:00:00+0000,2025-10-24T00:00:00+0000,2024-12-31T23:59:59+0000,XGB_V3_1_Y2025_N4014_P858_SEED42,110078.18,-0.03514766081207299,0.01666208232965727,-0.002205134318506108,0.02827777688157851,-0.11696238380459134,-0.16055463274147566,0.21716274637578897,0.3212825059890747,BEAR,3,NONE,,True,True,4014,858,3156,3.6783216783216783,0.0,2025-12-22T00:00:00+0000,-0.2301858551803817
2025-10-24T00:00:00+0000,2025-10-25T00:00:00+0000,2024-12-31T23:59:59+0000,XGB_V3_1_Y2025_N4014_P858_SEED42,111004.89,-0.027071639903319955,0.023715717099739297,-0.002665928452304178,0.027853288814639887,-0.10952839653023372,-0.10481459471026076,0.2085488641527431,0.3212825059890747,BEAR,3,NONE,,True,True,4014,858,3156,3.6783216783216783,0.0,2025-12-23T00:00:00+0000,-0.23661254923093922
2025-10-25T00:00:00+0000,2025-10-26T00:00:00+0000,2024-12-31T23:59:59+0000,XGB_V3_1_Y2025_N4014_P858_SEED42,111646.27,-0.021619266551470062,0.027956324518723763,-0.002319088265714475,0.0277429081862397,-0.10438330177780031,-0.057101201633098016,0.19351899906140405,0.3212825059890747,BEAR,3,NONE,,True,True,4014,858,3156,3.6783216783216783,0.0,2025-12-24T00:00:00+0000,-0.24099801990697944
2025-10-26T00:00:00+0000,2025-10-27T00:00:00+0000,2024-12-31T23:59:59+0000,XGB_V3_1_Y2025_N4014_P858_SEED42,114559.4,0.003140567958887619,0.05322940144290955,-0.001018838670874822,0.027288963528778076,-0.08101442548581106,0.11365959197163936,0.16992177666035424,0.322944313287735,BEAR,3,NONE,,True,True,4014,858,3156,3.6783216783216783,1.0,2025-12-25T00:00:00+0000,-0.26029867474864554
2025-10-27T00:00:00+0000,2025-10-28T00:00:00+0000,2024-12-31T23:59:59+0000,XGB_V3_1_Y2025_N4014_P858_SEED42,114107.65,-0.0013346822900662803,0.04741499564961105,0.0005748069614750495,0.027111708502921994,-0.08463832481914191,0.11989850344768936,0.15486279814631548,0.322944313287735,BEAR,3,NONE,,True,True,4014,858,3156,3.6783216783216783,1.0,2025-12-26T00:00:00+0000,-0.2573702113749603
2025-10-28T00:00:00+0000,2025-10-29T00:00:00+0000,2024-12-31T23:59:59+0000,XGB_V3_1_Y2025_N4014_P858_SEED42,112898.45,-0.012061636432336154,0.03491553095510569,0.0009297659910065814,0.02659126925383193,-0.09433842238165147,0.09950560586294398,0.12539078526833997,0.2834232449531555,BEAR,3,NONE,,True,True,4014,858,3156,3.6783216783216783,0.0,2025-12-27T00:00:00+0000,-0.24941626745097023
2025-10-29T00:00:00+0000,2025-10-30T00:00:00+0000,2024-12-31T23:59:59+0000,XGB_V3_1_Y2025_N4014_P858_SEED42,110021.29,-0.03698170447922744,0.007398707825597484,0.0006930274655680968,0.026037838584679562,-0.11741875045223538,-0.08643629277314,0.09426618848777188,0.2636982500553131,BEAR,3,NONE,,True,True,4014,858,3156,3.6783216783216783,0.0,2025-12-28T00:00:00+0000,-0.22978779834339325
2025-10-30T00:00:00+0000,2025-10-31T00:00:00+0000,2024-12-31T23:59:59+0000,XGB_V3_1_Y2025_N4014_P858_SEED42,108322.88,-0.05091132213851424,-0.009266726649587498,-0.0006946342751005252,0.025973485322349665,-0.13104324822029834,-0.225636157956926,0.09526791586446855,0.26648205518722534,BEAR,3,NONE,,True,True,4014,858,3156,3.6783216783216783,0.0,2025-12-29T00:00:00+0000,-0.21771153056491854
2025-10-31T00:00:00+0000,2025-11-01T00:00:00+0000,2024-12-31T23:59:59+0000,XGB_V3_1_Y2025_N4014_P858_SEED42,109608.01,-0.03866180542710007,0.0013416668885415373,-0.0015590541103222,0.02602789707089781,-0.12073404678091049,-0.09846465153705539,0.09570279334021908,0.2640973925590515,BEAR,3,NONE,,True,True,4014,858,3156,3.6783216783216783,0.0,2025-12-30T00:00:00+0000,-0.22688369216811788
2025-11-01T00:00:00+0000,2025-11-02T00:00:00+0000,2024-12-31T23:59:59+0000,XGB_V3_1_Y2025_N4014_P858_SEED42,110098.1,-0.033357647310298444,0.004605019619875472,-0.001955910511166614,0.02591904610026563,-0.11680258729165272,-0.03149904231242868,0.08901610100599826,0.26550570130348206,BEAR,3,NONE,,True,True,4014,858,3156,3.6783216783216783,0.0,2025-12-31T00:00:00+0000,-0.23032513730936321
2025-11-02T00:00:00+0000,2025-11-03T00:00:00+0000,2024-12-31T23:59:59+0000,XGB_V3_1_Y2025_N4014_P858_SEED42,110540.68,-0.028554545124527375,0.007424936300393092,-0.002613869223332954,0.02581865221082036,-0.11325224890328411,0.04134224140246179,0.07997284834183874,0.2600357234477997,BEAR,3,NONE,,True,True,4014,858,3156,3.6783216783216783,0.0,2026-01-01T00:00:00+0000,-0.2334067422056748
2025-11-03T00:00:00+0000,2025-11-04T00:00:00+0000,2024-12-31T23:59:59+0000,XGB_V3_1_Y2025_N4014_P858_SEED42,106583.04,-0.061902787077385724,-0.02960015058996157,-0.00418420699611155,0.025458866306980577,-0.14500009385638557,-0.3661836930266784,0.08131677216831847,0.24845175445079803,BEAR,3,NONE,,True,True,4014,858,3156,3.6783216783216783,0.0,2026-01-02T00:00:00+0000,-0.20494161172359115
2025-11-04T00:00:00+0000,2025-11-05T00:00:00+0000,2024-12-31T23:59:59+0000,XGB_V3_1_Y2025_N4014_P858_SEED42,101497.22,-0.10448225208846984,-0.07662023883558722,-0.006784191589377375,0.024908366926973846,-0.18579810095642058,-0.6881655457450924,0.10485831369939068,0.2961241602897644,BEAR,3,NONE,,True,True,4014,858,3156,3.6783216783216783,0.0,2026-01-03T00:00:00+0000,-0.16510284715187273
2025-11-05T00:00:00+0000,2025-11-06T00:00:00+0000,2024-12-31T23:59:59+0000,XGB_V3_1_Y2025_N4014_P858_SEED42,103885.16,-0.08132142105874018,-0.05570363456970595,-0.00980441241395491,0.024552662771872624,-0.15750117593628854,-0.42638892365270464,0.11364340537234964,0.27096354961395264,BEAR,3,NONE,,True,True,4014,858,3156,3.6783216783216783,0.0,2026-01-04T00:00:00+0000,-0.18429408011692905
2025-11-06T00:00:00+0000,2025-11-07T00:00:00+0000,2024-12-31T23:59:59+0000,XGB_V3_1_Y2025_N4014_P858_SEED42,101346.04,-0.10137524079318627,-0.07946013403745855,-0.012962597957707933,0.024166545898578917,-0.17809319903329934,-0.5411907438078408,0.1285062839582578,0.336294561624527,BEAR,3,NONE,,True,True,4014,858,3156,3.6783216783216783,0.0,2026-01-05T00:00:00+0000,-0.16385741366904905
2025-11-07T00:00:00+0000,2025-11-08T00:00:00+0000,2024-12-31T23:59:59+0000,XGB_V3_1_Y2025_N4014_P858_SEED42,103339.08,-0.08146594604317592,-0.062031110229866626,-0.015510248459373877,0.023853547545554132,-0.15060791172950716,-0.3651715772327894,0.13574563298540535,0.3219916820526123,BEAR,3,NONE,,True,True,4014,858,3156,3.6783216783216783,0.0,2026-01-06T00:00:00+0000,-0.17998360349250253
2025-11-08T00:00:00+0000,2025-11-09T00:00:00+0000,2024-12-31T23:59:59+0000,XGB_V3_1_Y2025_N4014_P858_SEED42,102312.94,-0.08842841027709014,-0.07171866193089194,-0.017579110784681107,0.02302376134208739,-0.11160464025840955,-0.3864056098897966,0.14560084615884997,0.3410019278526306,BEAR,3,NONE,,True,True,4014,858,3156,3.6783216783216783,0.0,2026-01-07T00:00:00+0000,-0.17175931021041912
2025-11-09T00:00:00+0000,2025-11-10T00:00:00+0000,2024-12-31T23:59:59+0000,XGB_V3_1_Y2025_N4014_P858_SEED42,104722.96,-0.0651297565274438,-0.050327915938832235,-0.01852968921825815,0.02223969121402214,-0.09067815153778014,-0.21280259623731704,0.1477232606516643,0.3219916820526123,BEAR,3,NONE,,True,True,4014,858,3156,3.6783216783216783,0.0,2026-01-08T00:00:00+0000,-0.19081985459540107
2025-11-10T00:00:00+0000,2025-11-11T00:00:00+0000,2024-12-31T23:59:59+0000,XGB_V3_1_Y2025_N4014_P858_SEED42,106011.13,-0.05206952441621571,-0.03917037396332135,-0.019135803035440824,0.02164152112148887,-0.07949281906118122,-0.12418553594798529,0.14884174492838034,0.3188800811767578,BEAR,3,NONE,,True,True,4014,858,3156,3.6783216783216783,0.0,2026-01-09T00:00:00+0000,-0.2006524220617213
2025-11-11T00:00:00+0000,2025-11-12T00:00:00+0000,2024-12-31T23:59:59+0000,XGB_V3_1_Y2025_N4014_P858_SEED42,103058.99,-0.07688346447422312,-0.06628332585849084,-0.019798536141076628,0.020895600365485656,-0.10512659986454331,-0.28375386633108196,0.15443339328165306,0.33852994441986084,BEAR,3,NONE,,True,True,4014,858,3156,3.6783216783216783,0.0,2026-01-10T00:00:00+0000,-0.17775499255329397
2025-11-12T00:00:00+0000,2025-11-13T00:00:00+0000,2024-12-31T23:59:59+0000,XGB_V3_1_Y2025_N4014_P858_SEED42,101654.37,-0.08777440195131392,-0.07930226715905919,-0.020690230194668202,0.019728048943823406,-0.11264924571881485,-0.3294436615847028,0.16134175869803108,0.33852994441986084,BEAR,3,NONE,,True,True,4014,858,3156,3.6783216783216783,0.0,2026-01-11T00:00:00+0000,-0.16639353527054457
2025-11-13T00:00:00+0000,2025-11-14T00:00:00+0000,2024-12-31T23:59:59+0000,XGB_V3_1_Y2025_N4014_P858_SEED42,99692.02,-0.1031927275252632,-0.09731847320079501,-0.021589697709955336,0.018504849996695327,-0.12977878724923486,-0.3902229774750981,0.17044844464943315,0.3459347188472748,BEAR,3,NONE,,True,True,4014,858,3156,3.6783216783216783,0.0,2026-01-12T00:00:00+0000,-0.14998472294974063
2025-11-14T00:00:00+0000,2025-11-15T00:00:00+0000,2024-12-31T23:59:59+0000,XGB_V3_1_Y2025_N4014_P858_SEED42,94594.0,-0.14684296243418982,-0.14346334719853215,-0.021739173169162296,0.01682937286785302,-0.1742798932256977,-0.5537632283714656,0.19344163619129762,0.3748787045478821,BEAR,3,NONE,,True,True,4014,858,3156,3.6783216783216783,0.0,2026-01-13T00:00:00+0000,-0.1041742605239232
2025-11-15T00:00:00+0000,2025-11-16T00:00:00+0000,2024-12-31T23:59:59+0000,XGB_V3_1_Y2025_N4014_P858_SEED42,95596.24,-0.13561336355890397,-0.13444068004288745,-0.02199101689462546,0.015397798953971975,-0.16553124405330322,-0.4522535782428592,0.19792443779018284,0.4310397803783417,BEAR,3,NONE,,True,True,4014,858,3156,3.6783216783216783,0.0,2026-01-14T00:00:00+0000,-0.11356618210088598
2025-11-16T00:00:00+0000,2025-11-17T00:00:00+0000,2024-12-31T23:59:59+0000,XGB_V3_1_Y2025_N4014_P858_SEED42,94261.44,-0.14530637431322524,-0.14652984735645158,-0.022098298961796714,0.013794097499980618,-0.17718284139057983,-0.4634183703020562,0.20210504379151198,0.41719773411750793,BEAR,3,NONE,,True,True,4014,858,3156,3.6783216783216783,0.0,2026-01-15T00:00:00+0000,-0.10101373371762623
2025-11-17T00:00:00+0000,2025-11-18T00:00:00+0000,2024-12-31T23:59:59+0000,XGB_V3_1_Y2025_N4014_P858_SEED42,92215.14,-0.1608249026902807,-0.16489602184060337,-0.023256986207865094,0.012228596424868288,-0.19504519052997826,-0.49466180696562856,0.21111284320964327,0.3839806616306305,BEAR,3,NONE,,True,True,4014,858,3156,3.6783216783216783,0.0,2026-01-16T00:00:00+0000,-0.08106477960126712
2025-11-18T00:00:00+0000,2025-11-19T00:00:00+0000,2024-12-31T23:59:59+0000,XGB_V3_1_Y2025_N4014_P858_SEED42,92960.83,-0.15073876644525874,-0.1579933281240612,-0.024743374534175522,0.010902141605972249,-0.1885359909357066,-0.4088932850445037,0.21924012257470168,0.36136025190353394,BEAR,3,NONE,,True,True,4014,858,3156,3.6783216783216783,0.0,2026-01-17T00:00:00+0000,-0.08843606495337875
2025-11-19T00:00:00+0000,2025-11-20T00:00:00+0000,2024-12-31T23:59:59+0000,XGB_V3_1_Y2025_N4014_P858_SEED42,91554.96,-0.1601305290650491,-0.17056562822226118,-0.02685062131503846,0.009569912970196048,-0.20080796512551558,-0.4151580972546655,0.2312158572895851,0.3665044903755188,BEAR,3,NONE,,True,True,4014,858,3156,3.6783216783216783,0.0,2026-01-18T00:00:00+0000,-0.07443856673630789
2025-11-20T00:00:00+0000,2025-11-21T00:00:00+0000,2024-12-31T23:59:59+0000,XGB_V3_1_Y2025_N4014_P858_SEED42,86637.23,-0.20055547078461777,-0.21484565285789237,-0.03096102327586514,0.00806726910165767,-0.2437353023846145,-0.531961763971245,0.2532812062513155,0.26307952404022217,DEEP_BEAR,4,NONE,,True,True,4014,858,3156,3.6783216783216783,0.0,2026-01-19T00:00:00+0000,-0.02190155433178087
2025-11-21T00:00:00+0000,2025-11-22T00:00:00+0000,2024-12-31T23:59:59+0000,XGB_V3_1_Y2025_N4014_P858_SEED42,85129.43,-0.20930302266967105,-0.22817427307675708,-0.035637541671179496,0.006412435610076983,-0.25689703332943437,-0.5129152258940092,0.2711171553371952,0.24241387844085693,BEAR,3,NONE,,True,True,4014,858,3156,3.6783216783216783,0.0,2026-01-20T00:00:00+0000,-0.00457761786963673
2025-11-22T00:00:00+0000,2025-11-23T00:00:00+0000,2024-12-31T23:59:59+0000,XGB_V3_1_Y2025_N4014_P858_SEED42,84739.74,-0.20740233196492985,-0.23128593824671673,-0.04057608734797424,0.004645553302785599,-0.26029867474864554,-0.4713504368618963,0.27935142139572433,0.32413044571876526,DEEP_BEAR,4,NONE,,True,True,4014,858,3156,3.6783216783216783,0.0,2026-01-21T00:00:00+0000,0.00916535736361701
2025-11-23T00:00:00+0000,2025-11-24T00:00:00+0000,2024-12-31T23:59:59+0000,XGB_V3_1_Y2025_N4014_P858_SEED42,86830.0,-0.18241265845688703,-0.2119596052472147,-0.04462391081369865,0.0031917186832841615,-0.24205259454920325,-0.3555180350652961,0.28453359185613747,0.33514103293418884,BEAR,3,NONE,,True,True,4014,858,3156,3.6783216783216783,0.0,2026-01-22T00:00:00+0000,-0.015128296671657271
2025-11-24T00:00:00+0000,2025-11-25T00:00:00+0000,2024-12-31T23:59:59+0000,XGB_V3_1_Y2025_N4014_P858_SEED42,88300.01,-0.16302573899543948,-0.1980738265875288,-0.048488509295828375,0.0017343557451781066,-0.22922073614212368,-0.27284293839091517,0.29193720880167534,0.317558228969574,BEAR,3,NONE,,True,True,4014,858,3156,3.6783216783216783,0.0,2026-01-23T00:00:00+0000,-0.03152434524073089
2025-11-25T00:00:00+0000,2025-11-26T00:00:00+0000,2024-12-31T23:59:59+0000,XGB_V3_1_Y2025_N4014_P858_SEED42,87369.96,-0.16594553586534622,-0.20595782846730715,-0.052814679361186556,0.0001689632061010471,-0.23431987250635689,-0.2770256276985148,0.29398351120463273,0.317558228969574,BEAR,3,NONE,,True,True,4014,858,3156,3.6783216783216783,0.0,2026-01-24T00:00:00+0000,-0.02121495763532455
2025-11-26T00:00:00+0000,2025-11-27T00:00:00+0000,2024-12-31T23:59:59+0000,XGB_V3_1_Y2025_N4014_P858_SEED42,90484.02,-0.1311003098934035,-0.17712072625953246,-0.05576816281259711,-0.0012159898469142894,-0.1985362066529699,-0.14800921964551084,0.2921338380415209,0.435587078332901,BEAR,3,NONE,,True,True,4014,858,3156,3.6783216783216783,0.0,2026-01-25T00:00:00+0000,-0.054900412249588415
2025-11-27T00:00:00+0000,2025-11-28T00:00:00+0000,2024-12-31T23:59:59+0000,XGB_V3_1_Y2025_N4014_P858_SEED42,91333.95,-0.11751980349970614,-0.1689081812388019,-0.0581589183896738,-0.0025133855326865406,-0.17375259497227624,-0.09942884822078495,0.28244051856881236,0.5340256094932556,BEAR,3,NONE,,True,True,4014,858,3156,3.6783216783216783,0.0,2026-01-26T00:00:00+0000,-0.06369526337139686
2025-11-28T00:00:00+0000,2025-11-29T00:00:00+0000,2024-12-31T23:59:59+0000,XGB_V3_1_Y2025_N4014_P858_SEED42,90890.7,-0.11654918811826165,-0.17249347618692368,-0.06010707276017546,-0.0034546270694612025,-0.17776243098920685,-0.09840460305210467,0.27321388892566484,0.5224244594573975,DEEP_BEAR,4,NONE,,True,True,4014,858,3156,3.6783216783216783,0.0,2026-01-27T00:00:00+0000,-0.05912915182741463
2025-11-29T00:00:00+0000,2025-11-30T00:00:00+0000,2024-12-31T23:59:59+0000,XGB_V3_1_Y2025_N4014_P858_SEED42,90802.44,-0.11362104672211992,-0.1727961583382882,-0.060259376133768305,-0.004556215956295961,-0.17856087007968457,-0.08143343894296787,0.2521261901477284,0.5224244594573975,DEEP_BEAR,4,NONE,,True,True,4014,858,3156,3.6783216783216783,0.0,2026-01-28T00:00:00+0000,-0.058214625069546555
2025-11-30T00:00:00+0000,2025-12-01T00:00:00+0000,2024-12-31T23:59:59+0000,XGB_V3_1_Y2025_N4014_P858_SEED42,90360.0,-0.11443298011054692,-0.17633347938464838,-0.058460456720984655,-0.0056947550103351174,-0.18256337847749804,-0.07823187583783417,0.2173830813102061,0.543062150478363,DEEP_BEAR,4,NONE,,True,True,4014,858,3156,3.6783216783216783,0.0,2026-01-29T00:00:00+0000,-0.06318990703851257
2025-12-01T00:00:00+0000,2025-12-02T00:00:00+0000,2024-12-31T23:59:59+0000,XGB_V3_1_Y2025_N4014_P858_SEED42,86286.01,-0.14958038578694022,-0.21284244761433624,-0.05759523830528357,-0.006865765445874028,-0.21941849823974302,-0.27068546913299507,0.194628236242076,0.5028660893440247,DEEP_BEAR,4,NONE,,True,True,4014,858,3156,3.6783216783216783,0.0,2026-01-30T00:00:00+0000,-0.023474489085773986
2025-12-02T00:00:00+0000,2025-12-03T00:00:00+0000,2024-12-31T23:59:59+0000,XGB_V3_1_Y2025_N4014_P858_SEED42,91277.88,-0.09612528786671914,-0.16684022967670498,-0.05545430807925911,-0.007733627209227323,-0.1435984561896526,0.04794128613442848,0.16400416578731228,0.6110987067222595,DEEP_BEAR,4,NONE,,True,True,4014,858,3156,3.6783216783216783,0.0,2026-01-31T00:00:00+0000,-0.1373475150825152
2025-12-03T00:00:00+0000,2025-12-04T00:00:00+0000,2024-12-31T23:59:59+0000,XGB_V3_1_Y2025_N4014_P858_SEED42,93429.95,-0.07120951118711594,-0.1468191472156669,-0.0528195734375565,-0.008439597926902076,-0.11867791617729206,0.25198808959862834,0.1397049089042951,0.6784967184066772,DEEP_BEAR,4,NONE,,True,True,4014,858,3156,3.6783216783216783,0.0,2026-02-01T00:00:00+0000,-0.17619339408829815
2025-12-04T00:00:00+0000,2025-12-05T00:00:00+0000,2024-12-31T23:59:59+0000,XGB_V3_1_Y2025_N4014_P858_SEED42,92078.06,-0.08123547989950841,-0.15861200857348579,-0.0500444275934907,-0.009071743094057672,-0.1314302564268488,0.16130512356476354,0.13421170767588003,0.6110987067222595,DEEP_BEAR,4,NONE,,True,True,4014,858,3156,3.6783216783216783,0.0,2026-02-02T00:00:00+0000,-0.16409826618849255
2025-12-05T00:00:00+0000,2025-12-06T00:00:00+0000,2024-12-31T23:59:59+0000,XGB_V3_1_Y2025_N4014_P858_SEED42,89330.04,-0.10528728703545842,-0.18311652417646773,-0.04688304673314192,-0.009867209321995918,-0.15735225159848787,-0.04390072459470573,0.122638603438687,0.6171135902404785,DEEP_BEAR,4,NONE,,True,True,4014,858,3156,3.6783216783216783,0.0,2026-02-03T00:00:00+0000,-0.1517947378060055
2025-12-06T00:00:00+0000,2025-12-07T00:00:00+0000,2024-12-31T23:59:59+0000,XGB_V3_1_Y2025_N4014_P858_SEED42,89236.79,-0.10313207595351204,-0.18331155481677186,-0.04453847614387263,-0.010668593305509178,-0.15823187621903478,-0.031809783415381945,0.11427576866495,0.62680584192276,DEEP_BEAR,4,NONE,,True,True,4014,858,3156,3.6783216783216783,0.0,2026-02-04T00:00:00+0000,-0.1800934345576527
2025-12-07T00:00:00+0000,2025-12-08T00:00:00+0000,2024-12-31T23:59:59+0000,XGB_V3_1_Y2025_N4014_P858_SEED42,90395.31,-0.08841196000536389,-0.17197953549333334,-0.0418797750966865,-0.011348679969157005,-0.1473035897268523,0.09260580956955804,0.11151250870761971,0.638474702835083,DEEP_BEAR,4,NONE,,True,True,4014,858,3156,3.6783216783216783,1.0,2026-02-05T00:00:00+0000,-0.3040583632049052
2025-12-08T00:00:00+0000,2025-12-09T00:00:00+0000,2024-12-31T23:59:59+0000,XGB_V3_1_Y2025_N4014_P858_SEED42,90634.34,-0.08266962772089004,-0.1689884010222057,-0.039649140090750046,-0.012126737477165084,-0.14504882647699358,0.13435193599587605,0.10656364645958186,0.6540764570236206,DEEP_BEAR,4,NONE,,True,True,4014,858,3156,3.6783216783216783,1.0,2026-02-06T00:00:00+0000,-0.30589377050685196
2025-12-09T00:00:00+0000,2025-12-10T00:00:00+0000,2024-12-31T23:59:59+0000,XGB_V3_1_Y2025_N4014_P858_SEED42,92678.8,-0.05857493586489171,-0.1496723925740825,-0.039015103962009245,-0.012597383263552309,-0.12576349294644817,0.3342193644088611,0.10934547322308562,0.6950990557670593,DEEP_BEAR,4,NONE,,True,True,4014,858,3156,3.6783216783216783,1.0,2026-02-07T00:00:00+0000,-0.3212054968342275
2025-12-10T00:00:00+0000,2025-12-11T00:00:00+0000,2024-12-31T23:59:59+0000,XGB_V3_1_Y2025_N4014_P858_SEED42,92015.37,-0.062211913376723715,-0.15514906325774225,-0.038385778635713685,-0.012969056571315196,-0.10715824014964648,0.24125061830347122,0.10793565929246393,0.650648832321167,DEEP_BEAR,4,NONE,,True,True,4014,858,3156,3.6783216783216783,1.0,2026-02-08T00:00:00+0000,-0.3163113944985495
2025-12-11T00:00:00+0000,2025-12-12T00:00:00+0000,2024-12-31T23:59:59+0000,XGB_V3_1_Y2025_N4014_P858_SEED42,92513.38,-0.054234277253051855,-0.1499329666554463,-0.035918254639773495,-0.013286887977822959,-0.08992225321941394,0.27315928878376244,0.10017323496635137,0.6950990557670593,DEEP_BEAR,4,NONE,,True,True,4014,858,3156,3.6783216783216783,1.0,2026-02-09T00:00:00+0000,-0.3199917676772809
2025-12-12T00:00:00+0000,2025-12-13T00:00:00+0000,2024-12-31T23:59:59+0000,XGB_V3_1_Y2025_N4014_P858_SEED42,90268.42,-0.07343164948182979,-0.16982995812776458,-0.035280469390425506,-0.013614947976544833,-0.09452712463846158,-0.007554605183736063,0.0840468283280278,0.4703269302845001,DEEP_BEAR,4,NONE,,True,True,4014,858,3156,3.6783216783216783,1.0,2026-02-10T00:00:00+0000,-0.30308008049769786
2025-12-13T00:00:00+0000,2025-12-14T00:00:00+0000,2024-12-31T23:59:59+0000,XGB_V3_1_Y2025_N4014_P858_SEED42,90240.01,-0.06975777437329045,-0.16937706192899682,-0.03564990280818192,-0.01400685986304806,-0.05602971413938462,-0.03722288368937406,0.0760752708462062,0.38040462136268616,DEEP_BEAR,4,NONE,,True,True,4014,858,3156,3.6783216783216783,1.0,2026-02-11T00:00:00+0000,-0.30286067122554616
2025-12-14T00:00:00+0000,2025-12-15T00:00:00+0000,2024-12-31T23:59:59+0000,XGB_V3_1_Y2025_N4014_P858_SEED42,88172.17,-0.086653878699263,-0.18767758094645748,-0.03673851527985794,-0.014227438799926717,-0.07766069042046009,-0.33502720817506665,0.07645026655253973,0.39730390906333923,DEEP_BEAR,4,NONE,,True,True,4014,858,3156,3.6783216783216783,1.0,2026-02-12T00:00:00+0000,-0.28651115198820665
2025-12-15T00:00:00+0000,2025-12-16T00:00:00+0000,2024-12-31T23:59:59+0000,XGB_V3_1_Y2025_N4014_P858_SEED42,86432.08,-0.09943106814609592,-0.20300553717965142,-0.03873288825143384,-0.01439909889613833,-0.08306005085430479,-0.549858921473173,0.08065221808407909,0.4775203764438629,DEEP_BEAR,4,NONE,,True,True,4014,858,3156,3.6783216783216783,1.0,2026-02-13T00:00:00+0000,-0.2721468695419571
2025-12-16T00:00:00+0000,2025-12-17T00:00:00+0000,2024-12-31T23:59:59+0000,XGB_V3_1_Y2025_N4014_P858_SEED42,87863.42,-0.07948310611119647,-0.18920440688308193,-0.04068575629397597,-0.014490169270591657,-0.05957971721059463,-0.3208014660100072,0.0845132690572088,0.41140803694725037,DEEP_BEAR,4,NONE,,True,True,4014,858,3156,3.6783216783216783,1.0,2026-02-14T00:00:00+0000,-0.28400396888716595
2025-12-17T00:00:00+0000,2025-12-18T00:00:00+0000,2024-12-31T23:59:59+0000,XGB_V3_1_Y2025_N4014_P858_SEED42,86243.22,-0.09138264347524316,-0.20348113220901942,-0.0428133017260488,-0.01475177275033035,-0.0769210515471751,-0.4571020640372755,0.0926553975901603,0.6200879216194153,DEEP_BEAR,4,NONE,,True,True,4014,858,3156,3.6783216783216783,1.0,2026-02-15T00:00:00+0000,-0.2705529779616299
2025-12-18T00:00:00+0000,2025-12-19T00:00:00+0000,2024-12-31T23:59:59+0000,XGB_V3_1_Y2025_N4014_P858_SEED42,85516.41,-0.094363773341956,-0.20945901036356263,-0.04428440950968904,-0.015134224366509796,-0.08470024868899095,-0.46500317436574845,0.10232543683888064,0.6697161793708801,DEEP_BEAR,4,NONE,,True,True,4014,858,3156,3.6783216783216783,1.0,2026-02-16T00:00:00+0000,-0.2643533562739596
2025-12-19T00:00:00+0000,2025-12-20T00:00:00+0000,2024-12-31T23:59:59+0000,XGB_V3_1_Y2025_N4014_P858_SEED42,88136.94,-0.0626040228982454,-0.1845660765856484,-0.044918929362043,-0.015344712687376139,-0.05665217630963082,-0.16423106746319904,0.1031288138510946,0.6134015917778015,DEEP_BEAR,4,NONE,,True,True,4014,858,3156,3.6783216783216783,1.0,2026-02-17T00:00:00+0000,-0.2862259570164337
2025-12-20T00:00:00+0000,2025-12-21T00:00:00+0000,2024-12-31T23:59:59+0000,XGB_V3_1_Y2025_N4014_P858_SEED42,88360.9,-0.055955402163475276,-0.18185001409912416,-0.04608000112385324,-0.015530207178883648,-0.05425508629727405,-0.1286101814678059,0.10371604055913501,0.5898805260658264,DEEP_BEAR,4,NONE,,True,True,4014,858,3156,3.6783216783216783,1.0,2026-02-18T00:00:00+0000,-0.28803509244473513
2025-12-21T00:00:00+0000,2025-12-22T00:00:00+0000,2024-12-31T23:59:59+0000,XGB_V3_1_Y2025_N4014_P858_SEED42,88658.86,-0.048412671821787545,-0.17848117422850496,-0.04752734931148794,-0.015476918659592886,-0.05106595904204159,-0.1148525107714507,0.09857541210521943,0.5898805260658264,DEEP_BEAR,4,NONE,,True,True,4014,858,3156,3.6783216783216783,1.0,2026-02-19T00:00:00+0000,-0.2904278263898272
2025-12-22T00:00:00+0000,2025-12-23T00:00:00+0000,2024-12-31T23:59:59+0000,XGB_V3_1_Y2025_N4014_P858_SEED42,88620.79,-0.04432446386417166,-0.1783433220008398,-0.04815382505205912,-0.01551755859780124,-0.051473430093883166,-0.1051113538723328,0.09779985436395161,0.5772215127944946,DEEP_BEAR,4,NONE,,True,True,4014,858,3156,3.6783216783216783,1.0,2026-02-20T00:00:00+0000,-0.29012300612531206
2025-12-23T00:00:00+0000,2025-12-24T00:00:00+0000,2024-12-31T23:59:59+0000,XGB_V3_1_Y2025_N4014_P858_SEED42,87486.0,-0.052659991727261324,-0.18823233473872758,-0.04801611713750642,-0.01584886877600644,-0.06361932121337965,-0.2154975153024729,0.09141415267742548,0.5552185773849487,DEEP_BEAR,4,NONE,,True,True,4014,858,3156,3.6783216783216783,1.0,2026-02-21T00:00:00+0000,-0.28091511784742706
2025-12-24T00:00:00+0000,2025-12-25T00:00:00+0000,2024-12-31T23:59:59+0000,XGB_V3_1_Y2025_N4014_P858_SEED42,87669.45,-0.04782204592761796,-0.18585467570061565,-0.04625116713428434,-0.016019486744448863,-0.06165581807546727,-0.17290918302997288,0.08797405627631992,0.5598679184913635,DEEP_BEAR,4,NONE,,True,True,4014,858,3156,3.6783216783216783,1.0,2026-02-22T00:00:00+0000,-0.2824198167092413
2025-12-25T00:00:00+0000,2025-12-26T00:00:00+0000,2024-12-31T23:59:59+0000,XGB_V3_1_Y2025_N4014_P858_SEED42,87225.27,-0.049205491534887735,-0.1892828301142856,-0.0441325922231921,-0.01613494798877435,-0.06640996810979771,-0.21218588627928495,0.08973901365323633,0.5535010695457458,DEEP_BEAR,4,NONE,,True,True,4014,858,3156,3.6783216783216783,1.0,2026-02-23T00:00:00+0000,-0.2787656604559665
2025-12-26T00:00:00+0000,2025-12-27T00:00:00+0000,2024-12-31T23:59:59+0000,XGB_V3_1_Y2025_N4014_P858_SEED42,87369.56,-0.04472193572057781,-0.18707683932768737,-0.041804773748478574,-0.016389575056783845,-0.06486560251825035,-0.1800175986335931,0.09102368192137886,0.5212292075157166,DEEP_BEAR,4,NONE,,True,True,4014,858,3156,3.6783216783216783,1.0,2026-02-24T00:00:00+0000,-0.27995677212978975
2025-12-27T00:00:00+0000,2025-12-28T00:00:00+0000,2024-12-31T23:59:59+0000,XGB_V3_1_Y2025_N4014_P858_SEED42,87877.01,-0.03591385642413503,-0.1815024583920657,-0.039681056030172024,-0.01654823428458929,-0.05943426064126123,-0.10287401246523624,0.09009588186214719,0.5600286722183228,DEEP_BEAR,4,NONE,,True,True,4014,858,3156,3.6783216783216783,1.0,2026-02-25T00:00:00+0000,-0.2841146962100781
2025-12-28T00:00:00+0000,2025-12-29T00:00:00+0000,2024-12-31T23:59:59+0000,XGB_V3_1_Y2025_N4014_P858_SEED42,87952.71,-0.03203341528560577,-0.18000718595505782,-0.037738331720124085,-0.01654727507554321,-0.05862402794821142,-0.07838464944975673,0.08820458020527965,0.5600286722183228,DEEP_BEAR,4,NONE,,True,True,4014,858,3156,3.6783216783216783,1.0,2026-02-26T00:00:00+0000,-0.28473085138593235
2025-12-29T00:00:00+0000,2025-12-30T00:00:00+0000,2024-12-31T23:59:59+0000,XGB_V3_1_Y2025_N4014_P858_SEED42,87237.13,-0.03619926193326195,-0.18597909725982498,-0.037326023492469274,-0.016732488140573487,-0.06628302808681785,-0.15285342245883948,0.07823313281974863,0.34931716322898865,DEEP_BEAR,4,NONE,,True,True,4014,858,3156,3.6783216783216783,1.0,2026-02-27T00:00:00+0000,-0.27886371319184855
2025-12-30T00:00:00+0000,2025-12-31T00:00:00+0000,2024-12-31T23:59:59+0000,XGB_V3_1_Y2025_N4014_P858_SEED42,88485.49,-0.018606879825691314,-0.1736526715825547,-0.036700285166941904,-0.01682880520370489,-0.05292157386362717,0.061369623091212445,0.0682417246343582,0.33892160654067993,DEEP_BEAR,4,NONE,,True,True,4014,858,3156,3.6783216783216783,1.0,2026-02-28T00:00:00+0000,-0.2890375585872893
2025-12-31T00:00:00+0000,2026-01-01T00:00:00+0000,2025-12-31T23:59:59+0000,XGB_V3_1_Y2026_N4379_P877_SEED42,87648.22,-0.024558579197993202,-0.18079215760154,-0.035575099979991864,-0.016900160565832212,-0.06188304713852455,-0.050407258491928224,0.050792567760418864,0.40989044308662415,DEEP_BEAR,4,NONE,,True,True,4379,877,3502,3.993158494868871,1.0,2026-03-01T00:00:00+0000,-0.2822460056804348
2026-01-01T00:00:00+0000,2026-01-02T00:00:00+0000,2025-12-31T23:59:59+0000,XGB_V3_1_Y2026_N4379_P877_SEED42,88839.04,-0.008477616912656583,-0.16901143908196004,-0.03377963701946385,-0.016804170864582635,-0.04913745538769965,0.25935897656187806,0.04555148222577834,0.3656965494155884,DEEP_BEAR,4,NONE,,True,True,4379,877,3502,3.993158494868871,1.0,2026-03-02T00:00:00+0000,-0.2918669539877963
2026-01-02T00:00:00+0000,2026-01-03T00:00:00+0000,2025-12-31T23:59:59+0000,XGB_V3_1_Y2026_N4379_P877_SEED42,89995.13,0.006604184109591182,-0.1575356054817516,-0.03188355819763622,-0.016731245007987616,-0.028956676176212892,0.5678638791752395,0.04424333523345762,0.33857420086860657,DEEP_BEAR,4,NONE,,True,True,4379,877,3502,3.993158494868871,1.0,2026-03-03T00:00:00+0000,-0.30096372992627496
2026-01-03T00:00:00+0000,2026-01-04T00:00:00+0000,2025-12-31T23:59:59+0000,XGB_V3_1_Y2026_N4379_P877_SEED42,90628.01,0.014583145527402808,-0.15105782903494824,-0.02983714985203678,-0.016484414666479208,-0.02212793001204172,0.590186201313257,0.05234168086429491,0.36480045318603516,DEEP_BEAR,4,NONE,,True,True,4379,877,3502,3.993158494868871,1.0,2026-03-04T00:00:00+0000,-0.30584528999367855
2026-01-04T00:00:00+0000,2026-01-05T00:00:00+0000,2025-12-31T23:59:59+0000,XGB_V3_1_Y2026_N4379_P877_SEED42,91529.73,0.025611739765016184,-0.14207440566269902,-0.027200048893304962,-0.016231535828121535,-0.012398412581949736,0.6260329001992049,0.06092095761902688,0.3630198836326599,DEEP_BEAR,4,NONE,,True,True,4379,877,3502,3.993158494868871,1.0,2026-03-05T00:00:00+0000,-0.3126838678536471
2026-01-05T00:00:00+0000,2026-01-06T00:00:00+0000,2025-12-31T23:59:59+0000,XGB_V3_1_Y2026_N4379_P877_SEED42,93859.71,0.051814397544424295,-0.11978958498452408,-0.024314718694362747,-0.015998000803170487,0.0,0.7389235764887867,0.08249507784059594,0.3878491222858429,DEEP_BEAR,4,NONE,,True,True,4379,877,3502,3.993158494868871,1.0,2026-03-06T00:00:00+0000,-0.32974585154801783
2026-01-06T00:00:00+0000,2026-01-07T00:00:00+0000,2025-12-31T23:59:59+0000,XGB_V3_1_Y2026_N4379_P877_SEED42,93747.97,0.05020142067155042,-0.12044361255153835,-0.02066823738040824,-0.01560524696541632,-0.0011905001624232803,0.5890304934040886,0.09374509618122445,0.6760151386260986,BEAR,3,NONE,,True,True,4379,877,3502,3.993158494868871,1.0,2026-03-07T00:00:00+0000,-0.32894696279823443
2026-01-07T00:00:00+0000,2026-01-08T00:00:00+0000,2025-12-31T23:59:59+0000,XGB_V3_1_Y2026_N4379_P877_SEED42,91364.16,0.0238633159166306,-0.14237612039871106,-0.01792417037491012,-0.015186636890301641,-0.026588085558755803,0.2781825029404436,0.08991708834203967,0.6446073651313782,BEAR,3,NONE,,True,True,4379,877,3502,3.993158494868871,1.0,2026-03-08T00:00:00+0000,-0.3114383145425953
2026-01-08T00:00:00+0000,2026-01-09T00:00:00+0000,2025-12-31T23:59:59+0000,XGB_V3_1_Y2026_N4379_P877_SEED42,91099.99,0.02100703488269917,-0.14445977433602675,-0.014230265731742797,-0.014835617736891682,-0.029402605228590617,0.22338403761816966,0.09111523669176512,0.6799047589302063,BEAR,3,NONE,,True,True,4379,877,3502,3.993158494868871,1.0,2026-03-09T00:00:00+0000,-0.3094416366017164
2026-01-09T00:00:00+0000,2026-01-10T00:00:00+0000,2025-12-31T23:59:59+0000,XGB_V3_1_Y2026_N4379_P877_SEED42,90641.28,0.01495508934181733,-0.1481799428483238,-0.009509867938856664,-0.014739743624137325,-0.03428979271297561,0.152305312329432,0.09140281378790054,0.6705645322799683,BEAR,3,NONE,,True,True,4379,877,3502,3.993158494868871,1.0,2026-03-10T00:00:00+0000,-0.3059469151362382
2026-01-10T00:00:00+0000,2026-01-11T00:00:00+0000,2025-12-31T23:59:59+0000,XGB_V3_1_Y2026_N4379_P877_SEED42,90504.7,0.012207249831156286,-0.14884043148972248,-0.004915910601115958,-0.014729397876791839,-0.035744943171036936,0.12391545860191061,0.09158853631891214,0.6705645322799683,BEAR,3,NONE,,True,True,4379,877,3502,3.993158494868871,1.0,2026-03-11T00:00:00+0000,-0.3048995245550783
2026-01-11T00:00:00+0000,2026-01-12T00:00:00+0000,2025-12-31T23:59:59+0000,XGB_V3_1_Y2026_N4379_P877_SEED42,91013.65,0.01647289255368234,-0.14339631632279393,-0.0006689165316055012,-0.0148976251051538,-0.03032248874410559,0.17011823832476458,0.09216298205769825,0.7084592580795288,DEEP_BEAR,4,AI_STAGE4_ACCELERATION,risk>=0.70_and_close_below_sma200,True,True,4379,877,3502,3.993158494868871,1.0,2026-03-12T00:00:00+0000,-0.30878653916198284
2026-01-12T00:00:00+0000,2026-01-13T00:00:00+0000,2025-12-31T23:59:59+0000,XGB_V3_1_Y2026_N4379_P877_SEED42,91296.2,0.018612341698599044,-0.1401036812798374,0.0024979429210001403,-0.014855811751807724,-0.02731214490221634,0.18385189641114955,0.0906724127644545,0.7432160973548889,BEAR,3,NONE,,True,True,4379,877,3502,3.993158494868871,1.0,2026-03-13T00:00:00+0000,-0.31092575594603056
2026-01-13T00:00:00+0000,2026-01-14T00:00:00+0000,2025-12-31T23:59:59+0000,XGB_V3_1_Y2026_N4379_P877_SEED42,95414.0,0.06286831909022883,-0.1008265121767482,0.00498097487767124,-0.014577984287840517,0.0,0.5653803951278121,0.1025218263010961,0.7125141024589539,DEEP_BEAR,4,AI_STAGE4_ACCELERATION,risk>=0.70_and_close_below_sma200,True,True,4379,877,3502,3.993158494868871,1.0,2026-03-14T00:00:00+0000,-0.34066426310604314
2026-01-14T00:00:00+0000,2026-01-15T00:00:00+0000,2025-12-31T23:59:59+0000,XGB_V3_1_Y2026_N4379_P877_SEED42,96951.78,0.07769787817688956,-0.08588901747739197,0.008044167881920528,-0.01421113416014641,0.0,0.5951552715646541,0.11635465098534552,0.7486741542816162,BEAR,3,NONE,,True,True,4379,877,3502,3.993158494868871,1.0,2026-03-15T00:00:00+0000,-0.3511221764056317
2026-01-15T00:00:00+0000,2026-01-16T00:00:00+0000,2025-12-31T23:59:59+0000,XGB_V3_1_Y2026_N4379_P877_SEED42,95604.8,0.061516634852634144,-0.09804680861283255,0.009282623563213743,-0.013754473741774409,-0.013893298297359746,0.41380751756088335,0.11992806427727658,0.7532128095626831,DEEP_BEAR,4,AI_STAGE4_ACCELERATION,risk>=0.70_and_close_below_sma200,True,True,4379,877,3502,3.993158494868871,1.0,2026-03-16T00:00:00+0000,-0.3419801097852828
2026-01-16T00:00:00+0000,2026-01-17T00:00:00+0000,2025-12-31T23:59:59+0000,XGB_V3_1_Y2026_N4379_P877_SEED42,95550.94,0.05992606143900647,-0.09806159759767741,0.009880815857145953,-0.01326577292315756,-0.01444883219266313,0.3656108189668503,0.12208406922909859,0.7532128095626831,BEAR,3,NONE,,True,True,4379,877,3502,3.993158494868871,1.0,2026-03-17T00:00:00+0000,-0.3416091981931313
2026-01-17T00:00:00+0000,2026-01-18T00:00:00+0000,2025-12-31T23:59:59+0000,XGB_V3_1_Y2026_N4379_P877_SEED42,95147.77,0.054457894879594404,-0.10142053844516297,0.011196338820732121,-0.012804999678986517,-0.018607291170930518,0.29864246915116793,0.12105516835866002,0.7347833514213562,DEEP_BEAR,4,AI_STAGE4_ACCELERATION,risk>=0.70_and_close_below_sma200,True,True,4379,877,3502,3.993158494868871,1.0,2026-03-18T00:00:00+0000,-0.33881939639783465
2026-01-18T00:00:00+0000,2026-01-19T00:00:00+0000,2025-12-31T23:59:59+0000,XGB_V3_1_Y2026_N4379_P877_SEED42,93673.14,0.03745546309355241,-0.11471257648819633,0.011942932420527796,-0.012664002358147797,-0.03381722336608983,0.14673636286783556,0.11265978059220208,0.7675837278366089,BEAR,3,NONE,,True,True,4379,877,3502,3.993158494868871,1.0,2026-03-19T00:00:00+0000,-0.3284108977237231
2026-01-19T00:00:00+0000,2026-01-20T00:00:00+0000,2025-12-31T23:59:59+0000,XGB_V3_1_Y2026_N4379_P877_SEED42,92631.0,0.025397664747396353,-0.1238597410761273,0.011544106814801891,-0.012645106583454968,-0.044566278205516174,0.027881447755537466,0.10638207103027983,0.7675837278366089,DEEP_BEAR,4,AI_STAGE4_ACCELERATION,risk>=0.70_and_close_below_sma200,True,True,4379,877,3502,3.993158494868871,1.0,2026-03-20T00:00:00+0000,-0.3208552212542237
2026-01-20T00:00:00+0000,2026-01-21T00:00:00+0000,2025-12-31T23:59:59+0000,XGB_V3_1_Y2026_N4379_P877_SEED42,88427.66,-0.02159596983266099,-0.16284231507153568,0.010806928791795345,-0.012739264509964432,-0.08792123259624518,-0.41571859786807325,0.10331412621801556,0.7392825484275818,DEEP_BEAR,4,NONE,,True,True,4379,877,3502,3.993158494868871,1.0,2026-03-21T00:00:00+0000,-0.28857260273538843
2026-01-21T00:00:00+0000,2026-01-22T00:00:00+0000,2025-12-31T23:59:59+0000,XGB_V3_1_Y2026_N4379_P877_SEED42,89454.73,-0.009832521689459695,-0.1523668446612596,0.008983167061968445,-0.012842244317842644,-0.0773276158519215,-0.3169937148158511,0.10144086420425256,0.7387166619300842,DEEP_BEAR,4,NONE,,True,True,4379,877,3502,3.993158494868871,1.0,2026-03-22T00:00:00+0000,-0.2967408207481035
2026-01-22T00:00:00+0000,2026-01-23T00:00:00+0000,2025-12-31T23:59:59+0000,XGB_V3_1_Y2026_N4379_P877_SEED42,89559.67,-0.007820853245703363,-0.15058192913671675,0.007113974527392486,-0.012985494979756873,-0.07624522210938267,-0.3003545447606189,0.10252022408707569,0.7226592302322388,DEEP_BEAR,4,NONE,,True,True,4379,877,3502,3.993158494868871,1.0,2026-03-23T00:00:00+0000,-0.29756485257259213
2026-01-23T00:00:00+0000,2026-01-24T00:00:00+0000,2025-12-31T23:59:59+0000,XGB_V3_1_Y2026_N4379_P877_SEED42,89600.26,-0.006825925938545696,-0.1494441993036142,0.004965736293032652,-0.013215946161417857,-0.075826560378778,-0.2847952916371465,0.10468439141253114,0.7226592302322388,DEEP_BEAR,4,NONE,,True,True,4379,877,3502,3.993158494868871,1.0,2026-03-24T00:00:00+0000,-0.2978830641786083
2026-01-24T00:00:00+0000,2026-01-25T00:00:00+0000,2025-12-31T23:59:59+0000,XGB_V3_1_Y2026_N4379_P877_SEED42,89225.34,-0.010958770066023749,-0.15221061214433917,0.0028016873671083964,-0.013521377012339797,-0.07969363739376423,-0.30049417176062165,0.10870892336190417,0.7387166619300842,DEEP_BEAR,4,NONE,,True,True,4379,877,3502,3.993158494868871,1.0,2026-03-25T00:00:00+0000,-0.29493280720476933
2026-01-25T00:00:00+0000,2026-01-26T00:00:00+0000,2025-12-31T23:59:59+0000,XGB_V3_1_Y2026_N4379_P877_SEED42,86670.36,-0.03873317577096458,-0.175525035619582,0.0010914530099184194,-0.01417364841156099,-0.1060467378731984,-0.4731658848364766,0.11980978751288743,0.7707911729812622,DEEP_BEAR,4,NONE,,True,True,4379,877,3502,3.993158494868871,1.0,2026-03-26T00:00:00+0000,-0.2741479324650319
2026-01-26T00:00:00+0000,2026-01-27T00:00:00+0000,2025-12-31T23:59:59+0000,XGB_V3_1_Y2026_N4379_P877_SEED42,88347.08,-0.01969116621337763,-0.15846753826497662,-0.00029954291823253154,-0.01502968681079997,-0.08875236741398662,-0.2892210014238801,0.12311069178564828,0.7614725828170776,DEEP_BEAR,4,NONE,,True,True,4379,877,3502,3.993158494868871,1.0,2026-03-27T00:00:00+0000,-0.28792372085189455
2026-01-27T00:00:00+0000,2026-01-28T00:00:00+0000,2025-12-31T23:59:59+0000,XGB_V3_1_Y2026_N4379_P877_SEED42,89250.0,-0.00936792965496025,-0.1487204798581676,-0.0015496583322301971,-0.015859649217400462,-0.07943928414723278,-0.19655040687461492,0.12528319003478272,0.7608304619789124,DEEP_BEAR,4,NONE,,True,True,4379,877,3502,3.993158494868871,1.0,2026-03-28T00:00:00+0000,-0.2951276190476191
2026-01-28T00:00:00+0000,2026-01-29T00:00:00+0000,2025-12-31T23:59:59+0000,XGB_V3_1_Y2026_N4379_P877_SEED42,89299.99,-0.008069053685996974,-0.14709987447214157,-0.002932973349204171,-0.01672423176593818,-0.07892366700229736,-0.18184887480488163,0.12712373380729808,0.7625159621238708,DEEP_BEAR,4,NONE,,True,True,4379,877,3502,3.993158494868871,1.0,2026-03-29T00:00:00+0000,-0.2955222055455997
2026-01-29T00:00:00+0000,2026-01-30T00:00:00+0000,2025-12-31T23:59:59+0000,XGB_V3_1_Y2026_N4379_P877_SEED42,84650.16,-0.05817762969532081,-0.19017843179124638,-0.005064898359237291,-0.01766351144185907,-0.12688390042967745,-0.4961345591502253,0.1429831546446029,0.7645853757858276,DEEP_BEAR,4,NONE,,True,True,4379,877,3502,3.993158494868871,1.0,2026-03-30T00:00:00+0000,-0.2568252676663576
2026-01-30T00:00:00+0000,2026-01-31T00:00:00+0000,2025-12-31T23:59:59+0000,XGB_V3_1_Y2026_N4379_P877_SEED42,84260.49,-0.06078831170000831,-0.19253201525578933,-0.0073626967731776904,-0.01861702198193993,-0.1309031149299167,-0.456353329436468,0.1578510764053188,0.7588950395584106,DEEP_BEAR,4,NONE,,True,True,4379,877,3502,3.993158494868871,1.0,2026-03-31T00:00:00+0000,-0.2533883911664886
2026-01-31T00:00:00+0000,2026-02-01T00:00:00+0000,2025-12-31T23:59:59+0000,XGB_V3_1_Y2026_N4379_P877_SEED42,78741.09,-0.12004915176024611,-0.2440110859698299,-0.009513964739756742,-0.01969909976836315,-0.18783244619129225,-0.6441949844849071,0.19702271971031568,0.7737470269203186,DEEP_BEAR,4,NONE,,True,True,4379,877,3502,3.993158494868871,0.0,2026-04-01T00:00:00+0000,-0.20105423991463667
2026-02-01T00:00:00+0000,2026-02-02T00:00:00+0000,2025-12-31T23:59:59+0000,XGB_V3_1_Y2026_N4379_P877_SEED42,76968.21,-0.13730248741282491,-0.25955152548958826,-0.011605201972336388,-0.020938591964992592,-0.2061186499102955,-0.5918113373746641,0.23613155076319417,0.766106128692627,DEEP_BEAR,4,NONE,,True,True,4379,877,3502,3.993158494868871,0.0,2026-04-02T00:00:00+0000,-0.18265138295407946
2026-02-02T00:00:00+0000,2026-02-03T00:00:00+0000,2025-12-31T23:59:59+0000,XGB_V3_1_Y2026_N4379_P877_SEED42,78738.61,-0.11558869256341009,-0.24104366398520827,-0.013153599172259223,-0.02230736628443053,-0.18785802591762624,-0.44308358589089464,0.2520515310819487,0.7616024613380432,DEEP_BEAR,4,NONE,,True,True,4379,877,3502,3.993158494868871,0.0,2026-04-03T00:00:00+0000,-0.2010290758244272
2026-02-03T00:00:00+0000,2026-02-04T00:00:00+0000,2025-12-31T23:59:59+0000,XGB_V3_1_Y2026_N4379_P877_SEED42,75770.21,-0.14688716664784407,-0.2681690696454271,-0.01549437781004015,-0.02381783222517153,-0.21847530803457138,-0.49973461870439523,0.2698065411433701,0.7614771127700806,DEEP_BEAR,4,NONE,,True,True,4379,877,3502,3.993158494868871,0.0,2026-04-04T00:00:00+0000,-0.1697283140696061
2026-02-04T00:00:00+0000,2026-02-05T00:00:00+0000,2025-12-31T23:59:59+0000,XGB_V3_1_Y2026_N4379_P877_SEED42,73165.83,-0.17347491075488575,-0.2917957152436794,-0.018194148908159402,-0.025337951213771137,-0.2453379401595308,-0.5201697065083024,0.2955341554876064,0.7635847330093384,DEEP_BEAR,4,NONE,,True,True,4379,877,3502,3.993158494868871,0.0,2026-04-05T00:00:00+0000,-0.14017431361060217
2026-02-05T00:00:00+0000,2026-02-06T00:00:00+0000,2025-12-31T23:59:59+0000,XGB_V3_1_Y2026_N4379_P877_SEED42,62909.86,-0.28556617952392505,-0.38946165665654664,-0.022926061487911986,-0.02736993603689475,-0.3511221764056317,-0.6973321959338535,0.37048820670977045,0.6740078926086426,ACCUMULATION,4,NONE,,True,True,4379,877,3502,3.993158494868871,0.0,2026-04-06T00:00:00+0000,0.01825294158976032
2026-02-06T00:00:00+0000,2026-02-07T00:00:00+0000,2025-12-31T23:59:59+0000,XGB_V3_1_Y2026_N4379_P877_SEED42,70580.26,-0.1957290869468442,-0.31346154312023944,-0.025941478349952085,-0.02909607197653219,-0.2720065583117711,-0.4035007385709853,0.385873182740861,0.7673740983009338,ACCUMULATION,4,NONE,,True,True,4379,877,3502,3.993158494868871,0.0,2026-04-07T00:00:00+0000,-0.09240699878407921
2026-02-07T00:00:00+0000,2026-02-08T00:00:00+0000,2025-12-31T23:59:59+0000,XGB_V3_1_Y2026_N4379_P877_SEED42,69289.38,-0.20703270980773558,-0.32435314307258,-0.029397441981974692,-0.030793918054720426,-0.28532121844488045,-0.3947364813774949,0.40248315114523964,0.7628874778747559,ACCUMULATION,4,NONE,,True,True,4379,877,3502,3.993158494868871,0.0,2026-04-08T00:00:00+0000,-0.07549829425519472
2026-02-08T00:00:00+0000,2026-02-09T00:00:00+0000,2025-12-31T23:59:59+0000,XGB_V3_1_Y2026_N4379_P877_SEED42,70330.38,-0.19178376108759698,-0.31257925161883915,-0.031818878481198354,-0.03230697236330993,-0.27458392202804316,-0.32791024977766026,0.4102431029741426,0.7863755226135254,ACCUMULATION,4,NONE,,True,True,4379,877,3502,3.993158494868871,0.0,2026-04-09T00:00:00+0000,-0.08918237040664367
2026-02-09T00:00:00+0000,2026-02-10T00:00:00+0000,2025-12-31T23:59:59+0000,XGB_V3_1_Y2026_N4379_P877_SEED42,70138.0,-0.1905489241149021,-0.31284085101122805,-0.03416646327973427,-0.03369287865836623,-0.2765682074119732,-0.3002918901581367,0.42314414356958185,0.7820876240730286,ACCUMULATION,4,NONE,,True,True,4379,877,3502,3.993158494868871,0.0,2026-04-10T00:00:00+0000,-0.08668410847186969
2026-02-10T00:00:00+0000,2026-02-11T00:00:00+0000,2025-12-31T23:59:59+0000,XGB_V3_1_Y2026_N4379_P877_SEED42,68841.29,-0.20187022741194205,-0.3239297650885029,-0.036098890417456286,-0.03514553556504485,-0.28994300053077937,-0.305152830246052,0.4328061612315961,0.796538770198822,ACCUMULATION,4,NONE,,True,True,4379,877,3502,3.993158494868871,0.0,2026-04-11T00:00:00+0000,-0.06948068521086681
2026-02-11T00:00:00+0000,2026-02-12T00:00:00+0000,2025-12-31T23:59:59+0000,XGB_V3_1_Y2026_N4379_P877_SEED42,67082.52,-0.2185639710734898,-0.3395534598050135,-0.03780499703101636,-0.03665752165695546,-0.3080836679842288,-0.3215266244706968,0.4419232642163571,0.796538770198822,ACCUMULATION,4,NONE,,True,True,4379,877,3502,3.993158494868871,0.0,2026-04-12T00:00:00+0000,-0.045084323009928706
2026-02-12T00:00:00+0000,2026-02-13T00:00:00+0000,2025-12-31T23:59:59+0000,XGB_V3_1_Y2026_N4379_P877_SEED42,66272.17,-0.22413588953427988,-0.34582021395961493,-0.04057270194722229,-0.03832658199743333,-0.3164419467079408,-0.3128228986266104,0.4463204592521838,0.796538770198822,DEEP_BEAR,4,NONE,,True,True,4379,877,3502,3.993158494868871,0.0,2026-04-13T00:00:00+0000,-0.03340799011108275
2026-02-13T00:00:00+0000,2026-02-14T00:00:00+0000,2025-12-31T23:59:59+0000,XGB_V3_1_Y2026_N4379_P877_SEED42,68853.96,-0.19042784581044447,-0.3186803598965282,-0.04240615667746084,-0.039764453127415056,-0.27980645323247366,-0.21573469619258986,0.43628637367141004,0.8070003986358643,ACCUMULATION,4,NONE,,True,True,4379,877,3502,3.993158494868871,0.0,2026-04-14T00:00:00+0000,-0.06965191254068759
2026-02-14T00:00:00+0000,2026-02-15T00:00:00+0000,2025-12-31T23:59:59+0000,XGB_V3_1_Y2026_N4379_P877_SEED42,69822.95,-0.17563314095471794,-0.3074429800358217,-0.04319065769401853,-0.040931714349509485,-0.2692594128325687,-0.16663578295613127,0.42655102562962804,0.785185694694519,ACCUMULATION,4,NONE,,True,True,4379,877,3502,3.993158494868871,0.0,2026-04-15T00:00:00+0000,-0.08256311141250827
2026-02-15T00:00:00+0000,2026-02-16T00:00:00+0000,2025-12-31T23:59:59+0000,XGB_V3_1_Y2026_N4379_P877_SEED42,68832.58,-0.1836548934506289,-0.3156028085826432,-0.042445412904362545,-0.04200221953783401,-0.2765717998435486,-0.178002347513742,0.4056736942317554,0.8037489652633667,ACCUMULATION,4,NONE,,True,True,4379,877,3502,3.993158494868871,0.0,2026-04-16T00:00:00+0000,-0.06936293830624973
2026-02-16T00:00:00+0000,2026-02-17T00:00:00+0000,2025-12-31T23:59:59+0000,XGB_V3_1_Y2026_N4379_P877_SEED42,68892.43,-0.1792343605359532,-0.3134078229305336,-0.043529796067320436,-0.04294562393071655,-0.2645444574613385,-0.15836748534944708,0.36930990483574866,0.8042119145393372,ACCUMULATION,4,NONE,,True,True,4379,877,3502,3.993158494868871,0.0,2026-04-17T00:00:00+0000,-0.07017142522044861
2026-02-17T00:00:00+0000,2026-02-18T00:00:00+0000,2025-12-31T23:59:59+0000,XGB_V3_1_Y2026_N4379_P877_SEED42,67503.52,-0.1919821420846496,-0.3257111996047204,-0.04392038497799755,-0.04384733102662086,-0.27126426358346556,-0.19909849894744994,0.3190390394316189,0.7788493037223816,ACCUMULATION,4,NONE,,True,True,4379,877,3502,3.993158494868871,0.0,2026-04-18T00:00:00+0000,-0.0510398568845003
2026-02-18T00:00:00+0000,2026-02-19T00:00:00+0000,2025-12-31T23:59:59+0000,XGB_V3_1_Y2026_N4379_P877_SEED42,66461.0,-0.20024427151930446,-0.33459329257944437,-0.04502034315133907,-0.044476762466344355,-0.25824992025692783,-0.2314169591186159,0.2860699177970052,0.7857956886291504,ACCUMULATION,4,NONE,,True,True,4379,877,3502,3.993158494868871,0.0,2026-04-19T00:00:00+0000,-0.036154285972224254
2026-02-19T00:00:00+0000,2026-02-20T00:00:00+0000,2025-12-31T23:59:59+0000,XGB_V3_1_Y2026_N4379_P877_SEED42,67003.73,-0.18968731972755903,-0.3275704798688456,-0.04570297094788689,-0.045109570559446976,-0.25219268336944556,-0.19775581716382187,0.23778218190691439,0.7311928868293762,ACCUMULATION,4,NONE,,True,True,4379,877,3502,3.993158494868871,0.0,2026-04-20T00:00:00+0000,-0.04396143319185353
2026-02-20T00:00:00+0000,2026-02-21T00:00:00+0000,2025-12-31T23:59:59+0000,XGB_V3_1_Y2026_N4379_P877_SEED42,68020.01,-0.173233694451562,-0.3157564802679069,-0.04615362337518292,-0.04557896367092751,-0.24085030556830977,-0.11764731333877622,0.2136554929612599,0.6389497518539429,DEEP_BEAR,4,NONE,,True,True,4379,877,3502,3.993158494868871,0.0,2026-04-21T00:00:00+0000,-0.05824550746170121
2026-02-21T00:00:00+0000,2026-02-22T00:00:00+0000,2025-12-31T23:59:59+0000,XGB_V3_1_Y2026_N4379_P877_SEED42,67975.93,-0.16932306327056057,-0.31460882736936624,-0.04674944352498833,-0.045886353656120704,-0.24134226842645323,-0.10044622745695471,0.19362800269579047,0.6309739351272583,ACCUMULATION,4,NONE,,True,True,4379,877,3502,3.993158494868871,0.0,2026-04-22T00:00:00+0000,-0.05763481279329308
2026-02-22T00:00:00+0000,2026-02-23T00:00:00+0000,2025-12-31T23:59:59+0000,XGB_V3_1_Y2026_N4379_P877_SEED42,67643.4,-0.1687168898907655,-0.31632971718737024,-0.04735532612416882,-0.046308804844754525,-0.2425150327564427,-0.10905949903389157,0.15014345399076326,0.6114322543144226,ACCUMULATION,4,NONE,,True,True,4379,877,3502,3.993158494868871,0.0,2026-04-23T00:00:00+0000,-0.053002214554561
2026-02-23T00:00:00+0000,2026-02-24T00:00:00+0000,2025-12-31T23:59:59+0000,XGB_V3_1_Y2026_N4379_P877_SEED42,64656.02,-0.20014625779370676,-0.34477426769349173,-0.04955930026352584,-0.046917945462980115,-0.27596833997405834,-0.40810459747870365,0.12779999773844916,0.6747161746025085,ACCUMULATION,4,NONE,,True,True,4379,877,3502,3.993158494868871,0.0,2026-04-24T00:00:00+0000,-0.009246934778849636
2026-02-24T00:00:00+0000,2026-02-25T00:00:00+0000,2025-12-31T23:59:59+0000,XGB_V3_1_Y2026_N4379_P877_SEED42,64058.15,-0.2016559046998977,-0.34909773378386844,-0.052658407985284206,-0.047403777880425824,-0.2826634135121404,-0.45246845302774574,0.120691606507732,0.676192045211792,ACCUMULATION,4,NONE,,True,True,4379,877,3502,3.993158494868871,0.0,2026-04-25T00:00:00+0000,0.02682437753822109
2026-02-25T00:00:00+0000,2026-02-26T00:00:00+0000,2025-12-31T23:59:59+0000,XGB_V3_1_Y2026_N4379_P877_SEED42,67988.04,-0.14720280426566335,-0.30746010754250597,-0.054489179615399674,-0.04724343209719761,-0.23865568182034524,-0.0035335726899182354,0.10088781090994212,0.5789197087287903,ACCUMULATION,4,NONE,,True,True,4379,877,3502,3.993158494868871,0.0,2026-04-26T00:00:00+0000,-0.03252880947884351
2026-02-26T00:00:00+0000,2026-02-27T00:00:00+0000,2025-12-31T23:59:59+0000,XGB_V3_1_Y2026_N4379_P877_SEED42,67485.18,-0.14840894039388286,-0.31076366961111956,-0.055884820140993496,-0.04759456571951337,-0.24428681346996806,-0.05769938899575809,0.09510085390997096,0.5521560907363892,ACCUMULATION,4,NONE,,True,True,4379,877,3502,3.993158494868871,0.0,2026-04-27T00:00:00+0000,-0.025319781320876533
2026-02-27T00:00:00+0000,2026-02-28T00:00:00+0000,2025-12-31T23:59:59+0000,XGB_V3_1_Y2026_N4379_P877_SEED42,65872.1,-0.16343791555074516,-0.32541896647012203,-0.05746416472056248,-0.04781690226026325,-0.2218313586176328,-0.27771708324405214,0.09653115814817616,0.5595366954803467,ACCUMULATION,4,NONE,,True,True,4379,877,3502,3.993158494868871,0.0,2026-04-28T00:00:00+0000,-0.0014517527147306364
2026-02-28T00:00:00+0000,2026-03-01T00:00:00+0000,2025-12-31T23:59:59+0000,XGB_V3_1_Y2026_N4379_P877_SEED42,66973.26,-0.14430935837571723,-0.31227021295748003,-0.05816430721458765,-0.04816147934194426,-0.20516412852571841,-0.0896198336032576,0.09015861401340736,0.5243709683418274,DEEP_BEAR,4,NONE,,True,True,4379,877,3502,3.993158494868871,0.0,2026-04-29T00:00:00+0000,-0.01786966917841526
2026-03-01T00:00:00+0000,2026-03-02T00:00:00+0000,2025-12-31T23:59:59+0000,XGB_V3_1_Y2026_N4379_P877_SEED42,65776.47,-0.15425613444593977,-0.32255869343384125,-0.05944247708790662,-0.04873209523465205,-0.16464872406516085,-0.26439667368419106,0.08566133184512092,0.425087034702301,ACCUMULATION,4,NONE,,True,True,4379,877,3502,3.993158494868871,0.0,2026-04-30T00:00:00+0000,0.002960481156863537
2026-03-02T00:00:00+0000,2026-03-03T00:00:00+0000,2025-12-31T23:59:59+0000,XGB_V3_1_Y2026_N4379_P877_SEED42,68830.06,-0.10991590653684968,-0.28929900766728356,-0.060075033370444286,-0.04888278523787082,-0.1258410581543159,0.2654817902083594,0.08562649079360472,0.2982397675514221,ACCUMULATION,4,NONE,,True,True,4379,877,3502,3.993158494868871,0.0,2026-05-01T00:00:00+0000,-0.04153505023822446
2026-03-03T00:00:00+0000,2026-03-04T00:00:00+0000,2025-12-31T23:59:59+0000,XGB_V3_1_Y2026_N4379_P877_SEED42,68338.0,-0.1110003958674729,-0.2925900391435444,-0.06062782567895586,-0.048914863989206414,-0.13209034297151045,0.16729589715275575,0.08652097449624294,0.32244667410850525,ACCUMULATION,4,NONE,,True,True,4379,877,3502,3.993158494868871,0.0,2026-05-02T00:00:00+0000,-0.034633732330475064
2026-03-04T00:00:00+0000,2026-03-05T00:00:00+0000,2025-12-31T23:59:59+0000,XGB_V3_1_Y2026_N4379_P877_SEED42,72666.77,-0.04906006604598223,-0.24603528925323281,-0.06091198312482771,-0.04862712172704908,-0.040958577256153816,0.6789653117634284,0.10845783460137098,0.30458444356918335,ACCUMULATION,4,NONE,,True,True,4379,877,3502,3.993158494868871,0.0,2026-05-03T00:00:00+0000,-0.09214074053380938
2026-03-05T00:00:00+0000,2026-03-06T00:00:00+0000,2025-12-31T23:59:59+0000,XGB_V3_1_Y2026_N4379_P877_SEED42,70890.72,-0.0659308509452442,-0.2626837536014227,-0.06111592522287246,-0.0486122191951085,-0.031095253071003248,0.3981792828730486,0.11508555464975419,0.34110090136528015,ACCUMULATION,4,NONE,,True,True,4379,877,3502,3.993158494868871,0.0,2026-05-04T00:00:00+0000,-0.06939582501066432
2026-03-06T00:00:00+0000,2026-03-07T00:00:00+0000,2025-12-31T23:59:59+0000,XGB_V3_1_Y2026_N4379_P877_SEED42,68114.02,-0.09596792575731994,-0.2897865057249579,-0.06099393180894186,-0.0487275158252376,-0.06265243384286934,0.05472121318876489,0.11201027808621686,0.3905152380466461,ACCUMULATION,4,NONE,,True,True,4379,877,3502,3.993158494868871,0.0,2026-05-05T00:00:00+0000,-0.03145930896458626
2026-03-07T00:00:00+0000,2026-03-08T00:00:00+0000,2025-12-31T23:59:59+0000,XGB_V3_1_Y2026_N4379_P877_SEED42,67262.91,-0.10050990376923441,-0.29698923969535906,-0.062022310048580276,-0.048677320680335256,-0.07436494012325023,-0.04757292343780384,0.1111862363470697,0.40104490518569946,ACCUMULATION,4,NONE,,True,True,4379,877,3502,3.993158494868871,0.0,2026-05-06T00:00:00+0000,-0.01920389706600567
2026-03-08T00:00:00+0000,2026-03-09T00:00:00+0000,2025-12-31T23:59:59+0000,XGB_V3_1_Y2026_N4379_P877_SEED42,65971.2,-0.11084517070208755,-0.3087450002436375,-0.06373308914517484,-0.048862191552990875,-0.09214074053380938,-0.19900068225885698,0.1119588263669664,0.4365657866001129,ACCUMULATION,4,NONE,,True,True,4379,877,3502,3.993158494868871,0.0,2026-05-07T00:00:00+0000,0.000602232489328669
2026-03-09T00:00:00+0000,2026-03-10T00:00:00+0000,2025-12-31T23:59:59+0000,XGB_V3_1_Y2026_N4379_P877_SEED42,68432.16,-0.07135813327484297,-0.28129943916701694,-0.06414480156510016,-0.04888771556103,-0.058274366674065714,0.1198879644033197,0.11256443791453018,0.34180980920791626,ACCUMULATION,4,NONE,,True,True,4379,877,3502,3.993158494868871,0.0,2026-05-08T00:00:00+0000,-0.035381463919888057
2026-03-10T00:00:00+0000,2026-03-11T00:00:00+0000,2025-12-31T23:59:59+0000,XGB_V3_1_Y2026_N4379_P877_SEED42,69948.63,-0.04489954419856579,-0.2635557955122715,-0.06428088014909383,-0.04904565554047413,-0.03740554313890654,0.2882765458095989,0.11546474590994218,0.2881530523300171,ACCUMULATION,4,NONE,,True,True,4379,877,3502,3.993158494868871,0.0,2026-05-09T00:00:00+0000,-0.05629416902089446
2026-03-11T00:00:00+0000,2026-03-12T00:00:00+0000,2025-12-31T23:59:59+0000,XGB_V3_1_Y2026_N4379_P877_SEED42,70191.86,-0.036781630047521885,-0.2592305885415478,-0.06302007102901652,-0.04906353532935814,-0.034058346063819855,0.2892315217720638,0.11908425213142367,0.36674579977989197,ACCUMULATION,4,NONE,,True,True,4379,877,3502,3.993158494868871,0.0,2026-05-10T00:00:00+0000,-0.05956431415266683
2026-03-12T00:00:00+0000,2026-03-13T00:00:00+0000,2025-12-31T23:59:59+0000,XGB_V3_1_Y2026_N4379_P877_SEED42,70541.34,-0.026934815493958042,-0.25385122073005395,-0.06253586245001308,-0.048974254457632704,-0.029248995104640074,0.3043261119959387,0.12376679362390479,0.33861207962036133,DEEP_BEAR,4,NONE,,True,True,4379,877,3502,3.993158494868871,0.0,2026-05-11T00:00:00+0000,-0.06422347519908189
2026-03-13T00:00:00+0000,2026-03-14T00:00:00+0000,2025-12-31T23:59:59+0000,XGB_V3_1_Y2026_N4379_P877_SEED42,70930.0,-0.016518793272081167,-0.2481822420830011,-0.06178321675055831,-0.04873672814553798,-0.023900470600248247,0.31843170796654124,0.12913475805544944,0.3154732286930084,DEEP_BEAR,4,NONE,,True,True,4379,877,3502,3.993158494868871,0.0,2026-05-12T00:00:00+0000,-0.06935105033131261
2026-03-14T00:00:00+0000,2026-03-15T00:00:00+0000,2025-12-31T23:59:59+0000,XGB_V3_1_Y2026_N4379_P877_SEED42,71211.95,-0.007548633983640252,-0.24356808249131467,-0.06101020236529631,-0.04850982797938408,-0.02002043024617728,0.3163810219826017,0.13442252999050772,0.3154732286930084,DEEP_BEAR,4,NONE,,True,True,4379,877,3502,3.993158494868871,0.0,2026-05-13T00:00:00+0000,-0.07303577559665198
2026-03-15T00:00:00+0000,2026-03-16T00:00:00+0000,2025-12-31T23:59:59+0000,XGB_V3_1_Y2026_N4379_P877_SEED42,72815.24,0.019458772402692004,-0.2249549080698804,-0.05888594607902975,-0.047911559450517616,0.0,0.4389909410003645,0.13592929239996282,0.36802253127098083,DEEP_BEAR,4,NONE,,True,True,4379,877,3502,3.993158494868871,0.0,2026-05-14T00:00:00+0000,-0.09344623460693136
2026-03-16T00:00:00+0000,2026-03-17T00:00:00+0000,2025-12-31T23:59:59+0000,XGB_V3_1_Y2026_N4379_P877_SEED42,74884.67,0.051903512110108574,-0.20132620599891737,-0.05514679242044562,-0.04728088861979718,0.0,0.5754749020086782,0.1412221730159983,0.3778614401817322,DEEP_BEAR,4,NONE,,True,True,4379,877,3502,3.993158494868871,0.0,2026-05-15T00:00:00+0000,-0.11849875281549627
2026-03-17T00:00:00+0000,2026-03-18T00:00:00+0000,2025-12-31T23:59:59+0000,XGB_V3_1_Y2026_N4379_P877_SEED42,73909.36,0.042431586791761955,-0.21027669182981878,-0.05185968592592938,-0.04668426922122093,-0.013024161019872249,0.41488208349528555,0.15099337537162968,0.3829360008239746,DEEP_BEAR,4,NONE,,True,True,4379,877,3502,3.993158494868871,0.0,2026-05-16T00:00:00+0000,-0.10686643748504931
2026-03-18T00:00:00+0000,2026-03-19T00:00:00+0000,2025-12-31T23:59:59+0000,XGB_V3_1_Y2026_N4379_P877_SEED42,71246.54,0.01000395909591778,-0.23719791433936055,-0.04925574498538321,-0.0460806524605305,-0.04858310786440012,0.14452920482953663,0.14942944884395834,0.40476518869400024,DEEP_BEAR,4,NONE,,True,True,4379,877,3502,3.993158494868871,0.0,2026-05-17T00:00:00+0000,-0.07348581418831002
2026-03-19T00:00:00+0000,2026-03-20T00:00:00+0000,2025-12-31T23:59:59+0000,XGB_V3_1_Y2026_N4379_P877_SEED42,69930.0,-0.0031851946319895186,-0.24975458550375507,-0.04799975634335585,-0.045462936834681056,-0.06616400926918686,-0.0013531242702724503,0.14008591550303243,0.48837020993232727,DEEP_BEAR,4,NONE,,True,True,4379,877,3502,3.993158494868871,0.0,2026-05-18T00:00:00+0000,-0.056042757042757185
2026-03-20T00:00:00+0000,2026-03-21T00:00:00+0000,2025-12-31T23:59:59+0000,XGB_V3_1_Y2026_N4379_P877_SEED42,70510.73,0.009160728769260773,-0.2419494374737139,-0.04596411906096298,-0.04484592614435301,-0.058409017493166515,0.04147274432795027,0.13431517272039556,0.4915337860584259,DEEP_BEAR,4,NONE,,True,True,4379,877,3502,3.993158494868871,0.0,2026-05-19T00:00:00+0000,-0.06381723746158918
2026-03-21T00:00:00+0000,2026-03-22T00:00:00+0000,2025-12-31T23:59:59+0000,XGB_V3_1_Y2026_N4379_P877_SEED42,68918.12,-0.00928207268398229,-0.25738191203225436,-0.04540005293375249,-0.04419563380950997,-0.07967652124259883,-0.15759839265973416,0.1227109094866904,0.6245914697647095,ACCUMULATION,4,NONE,,True,True,4379,877,3502,3.993158494868871,0.0,2026-05-20T00:00:00+0000,-0.04218324585754807
2026-03-22T00:00:00+0000,2026-03-23T00:00:00+0000,2025-12-31T23:59:59+0000,XGB_V3_1_Y2026_N4379_P877_SEED42,67859.0,-0.021445661690471907,-0.2670628859676609,-0.04342123098402717,-0.04401843979697273,-0.09381986994133773,-0.269462956972996,0.12521972959507743,0.622866153717041,ACCUMULATION,4,NONE,,True,True,4379,877,3502,3.993158494868871,0.0,2026-05-21T00:00:00+0000,-0.027233970438703903
2026-03-23T00:00:00+0000,2026-03-24T00:00:00+0000,2025-12-31T23:59:59+0000,XGB_V3_1_Y2026_N4379_P877_SEED42,70906.45,0.02429053191774999,-0.23249707099518868,-0.04016034207276131,-0.04365496555644943,-0.05312462483977032,0.06361432667863907,0.12274375628083779,0.5486248135566711,ACCUMULATION,4,NONE,,True,True,4379,877,3502,3.993158494868871,0.0,2026-05-22T00:00:00+0000,-0.06904195598566853
2026-03-24T00:00:00+0000,2026-03-25T00:00:00+0000,2025-12-31T23:59:59+0000,XGB_V3_1_Y2026_N4379_P877_SEED42,70556.74,0.021653776524514612,-0.23462119501203693,-0.03752132178983503,-0.043517039148767034,-0.05779460602550557,0.03643051859402852,0.1192348741763743,0.5631676316261292,ACCUMULATION,4,NONE,,True,True,4379,877,3502,3.993158494868871,0.0,2026-05-23T00:00:00+0000,-0.06442772157557186
2026-03-25T00:00:00+0000,2026-03-26T00:00:00+0000,2025-12-31T23:59:59+0000,XGB_V3_1_Y2026_N4379_P877_SEED42,71336.53,0.03427303924523195,-0.22452815274505156,-0.03434018650421189,-0.043223806503913775,-0.04738139328116153,0.12631752462428356,0.11971148520212,0.5402999520301819,ACCUMULATION,4,NONE,,True,True,4379,877,3502,3.993158494868871,0.0,2026-05-24T00:00:00+0000,-0.07465459842243527
2026-03-26T00:00:00+0000,2026-03-27T00:00:00+0000,2025-12-31T23:59:59+0000,XGB_V3_1_Y2026_N4379_P877_SEED42,68820.31,-0.0009495146729834314,-0.25015632214485584,-0.032363650685427126,-0.04303005657315284,-0.080982663073764,-0.17961756199806247,0.11789569517555842,0.6060767769813538,ACCUMULATION,4,NONE,,True,True,4379,877,3502,3.993158494868871,0.0,2026-05-25T00:00:00+0000,-0.040821960842664096
2026-03-27T00:00:00+0000,2026-03-28T00:00:00+0000,2025-12-31T23:59:59+0000,XGB_V3_1_Y2026_N4379_P877_SEED42,66407.28,-0.036956881617491,-0.2746436808331115,-0.02743624429117797,-0.04313512329716118,-0.11320594722524646,-0.45033121956887007,0.12195766723812784,0.6160476207733154,ACCUMULATION,4,NONE,,True,True,4379,877,3502,3.993158494868871,0.0,2026-05-26T00:00:00+0000,-0.005968472131368863
2026-03-28T00:00:00+0000,2026-03-29T00:00:00+0000,2025-12-31T23:59:59+0000,XGB_V3_1_Y2026_N4379_P877_SEED42,66377.03,-0.03622061538867827,-0.27318111516949195,-0.023663598438919964,-0.043080257078559114,-0.11360990173289143,-0.4647357420800139,0.11969074192696766,0.6160476207733154,DEEP_BEAR,4,NONE,,True,True,4379,877,3502,3.993158494868871,0.0,2026-05-27T00:00:00+0000,-0.00551546220130672
2026-03-29T00:00:00+0000,2026-03-30T00:00:00+0000,2025-12-31T23:59:59+0000,XGB_V3_1_Y2026_N4379_P877_SEED42,66010.93,-0.04062293212173096,-0.2752873583472156,-0.01920674683716672,-0.043383759265483324,-0.11849875281549627,-0.4576600314589504,0.12938168288374247,0.6200862526893616,ACCUMULATION,4,NONE,,True,True,4379,877,3502,3.993158494868871,0.0,2026-05-28T00:00:00+0000,0.01191378458082637
2026-03-30T00:00:00+0000,2026-03-31T00:00:00+0000,2025-12-31T23:59:59+0000,XGB_V3_1_Y2026_N4379_P877_SEED42,66797.37,-0.028195127584134227,-0.2646881657943898,-0.01624846735748331,-0.04358045258933918,-0.10799673684881039,-0.3364731635042651,0.13630177585383735,0.6369106769561768,ACCUMULATION,4,NONE,,True,True,4379,877,3502,3.993158494868871,0.0,2026-05-29T00:00:00+0000,0.0015662293290890084
2026-03-31T00:00:00+0000,2026-04-01T00:00:00+0000,2025-12-31T23:59:59+0000,XGB_V3_1_Y2026_N4379_P877_SEED42,68284.48,-0.006023761676019923,-0.24633736346308455,-0.01244201719789495,-0.04381635482320645,-0.08813806617562714,-0.16860509254770786,0.1381297526752257,0.6345356106758118,ACCUMULATION,4,NONE,,True,True,4379,877,3502,3.993158494868871,0.0,2026-05-30T00:00:00+0000,-0.0202460354095102
2026-04-01T00:00:00+0000,2026-04-02T00:00:00+0000,2025-12-31T23:59:59+0000,XGB_V3_1_Y2026_N4379_P877_SEED42,68113.92,-0.008296500412059538,-0.24623132802937708,-0.009552362532193714,-0.044172505106489623,-0.0904157019053432,-0.17183250686235954,0.1398727323632927,0.647274911403656,ACCUMULATION,4,NONE,,True,True,4379,877,3502,3.993158494868871,0.0,2026-05-31T00:00:00+0000,-0.01779269200774225
2026-04-02T00:00:00+0000,2026-04-03T00:00:00+0000,2025-12-31T23:59:59+0000,XGB_V3_1_Y2026_N4379_P877_SEED42,66901.99,-0.025890367888889654,-0.25765626901965166,-0.00786992671603548,-0.044750958873170044,-0.1065996551764199,-0.2684090790857314,0.14390513101726585,0.5730193853378296,ACCUMULATION,4,NONE,,True,True,4379,877,3502,3.993158494868871,0.0,2026-06-01T00:00:00+0000,0.0009313624303253221
2026-04-03T00:00:00+0000,2026-04-04T00:00:00+0000,2025-12-31T23:59:59+0000,XGB_V3_1_Y2026_N4379_P877_SEED42,66964.3,-0.02517959548680604,-0.2549648909340697,-0.00531868339232866,-0.04526342179251153,-0.10576757566001149,-0.23781239552614833,0.1462678175124584,0.5730193853378296,ACCUMULATION,4,NONE,,True,True,4379,877,3502,3.993158494868871,0.0,2026-06-02T00:00:00+0000,-0.003038484685123244
2026-04-04T00:00:00+0000,2026-04-05T00:00:00+0000,2025-12-31T23:59:59+0000,XGB_V3_1_Y2026_N4379_P877_SEED42,67300.42,-0.01984325862303893,-0.24915819221091162,-0.004490366790197653,-0.0459436796753141,-0.101279073540686,-0.18408682379777902,0.14161043852822447,0.5228379964828491,ACCUMULATION,4,NONE,,True,True,4379,877,3502,3.993158494868871,0.0,2026-06-03T00:00:00+0000,-0.04691902368514189
2026-04-05T00:00:00+0000,2026-04-06T00:00:00+0000,2025-12-31T23:59:59+0000,XGB_V3_1_Y2026_N4379_P877_SEED42,69034.18,0.005638099367535787,-0.2277729498363097,-0.003463379738598227,-0.04655493633749641,-0.07812667132004458,0.02734551385387412,0.11952220694436978,0.4658074975013733,DEEP_BEAR,4,NONE,,True,True,4379,877,3502,3.993158494868871,0.0,2026-06-04T00:00:00+0000,-0.07457450787421527
2026-04-06T00:00:00+0000,2026-04-07T00:00:00+0000,2025-12-31T23:59:59+0000,XGB_V3_1_Y2026_N4379_P877_SEED42,68853.66,0.0030022595616658876,-0.227709426398225,-0.004468149117909159,-0.047375358543670476,-0.0805373115752529,0.043905420796813054,0.09872452118784664,0.44091448187828064,DEEP_BEAR,4,NONE,,True,True,4379,877,3502,3.993158494868871,0.0,2026-06-05T00:00:00+0000,-0.11324292710075257
2026-04-07T00:00:00+0000,2026-04-08T00:00:00+0000,2025-12-31T23:59:59+0000,XGB_V3_1_Y2026_N4379_P877_SEED42,71924.22,0.046806961812621006,-0.19128642732799994,-0.0023725860257253206,-0.04779924294195925,-0.03953345858371271,0.47590106261478277,0.10213261690112957,0.3467620015144348,DEEP_BEAR,4,NONE,,True,True,4379,877,3502,3.993158494868871,0.0,2026-06-06T00:00:00+0000,-0.15348932529264825
2026-04-08T00:00:00+0000,2026-04-09T00:00:00+0000,2025-12-31T23:59:59+0000,XGB_V3_1_Y2026_N4379_P877_SEED42,71069.93,0.033300662661441605,-0.19888260346587627,-0.0003852365689651638,-0.04823540248138036,-0.0509415344956452,0.3343267667598871,0.10555473682789425,0.3412131667137146,DEEP_BEAR,4,NONE,,True,True,4379,877,3502,3.993158494868871,0.0,2026-06-07T00:00:00+0000,-0.14331391630750157
2026-04-09T00:00:00+0000,2026-04-10T00:00:00+0000,2025-12-31T23:59:59+0000,XGB_V3_1_Y2026_N4379_P877_SEED42,71787.97,0.042126145174997465,-0.18880240579421326,0.002192364634101107,-0.048589408078470786,-0.04135292310161742,0.40555985372316605,0.11040949439911314,0.3412131667137146,DEEP_BEAR,4,NONE,,True,True,4379,877,3502,3.993158494868871,0.0,2026-06-08T00:00:00+0000,-0.15188269009417588
2026-04-10T00:00:00+0000,2026-04-11T00:00:00+0000,2025-12-31T23:59:59+0000,XGB_V3_1_Y2026_N4379_P877_SEED42,72962.7,0.057350060854069795,-0.17367513611042307,0.004467982325187636,-0.048558310129202975,-0.025665733720933837,0.4794610552469159,0.1225504565833855,0.43705570697784424,DEEP_BEAR,4,NONE,,True,True,4379,877,3502,3.993158494868871,0.0,2026-06-09T00:00:00+0000,-0.1655377336639131
2026-04-11T00:00:00+0000,2026-04-12T00:00:00+0000,2025-12-31T23:59:59+0000,XGB_V3_1_Y2026_N4379_P877_SEED42,73043.16,0.05697723261875853,-0.17093504891337707,0.0061434206855564,-0.04840915275200075,-0.02459128149993839,0.4248320447355396,0.13170829734359496,0.437180757522583,DEEP_BEAR,4,NONE,,True,True,4379,877,3502,3.993158494868871,0.0,2026-06-10T00:00:00+0000,-0.1664569276575657
2026-04-12T00:00:00+0000,2026-04-13T00:00:00+0000,2025-12-31T23:59:59+0000,XGB_V3_1_Y2026_N4379_P877_SEED42,70740.98,0.022844822868330228,-0.19512124117361884,0.007001511216978562,-0.04866186806652517,-0.05533428938125795,0.1735067434366077,0.1313758781139073,0.407192587852478,DEEP_BEAR,4,NONE,,True,True,4379,877,3502,3.993158494868871,0.0,2026-06-11T00:00:00+0000,-0.13933027221279648
2026-04-13T00:00:00+0000,2026-04-14T00:00:00+0000,2025-12-31T23:59:59+0000,XGB_V3_1_Y2026_N4379_P877_SEED42,74417.99,0.07390689487743973,-0.1516160564016682,0.008770986050848917,-0.04846795170278917,-0.006231983128188845,0.4998476980183152,0.14597027853955769,0.3953741788864136,DEEP_BEAR,4,NONE,,True,True,4379,877,3502,3.993158494868871,0.0,2026-06-12T00:00:00+0000,-0.18185616139323302
2026-04-14T00:00:00+0000,2026-04-15T00:00:00+0000,2025-12-31T23:59:59+0000,XGB_V3_1_Y2026_N4379_P877_SEED42,74131.55,0.06685573839110881,-0.15316736615982396,0.011987480986097365,-0.04838878753156017,-0.010057065084215444,0.42792206008464295,0.15583140899748815,0.3780113160610199,DEEP_BEAR,4,NONE,,True,True,4379,877,3502,3.993158494868871,0.0,2026-06-13T00:00:00+0000,-0.17869490115881836
2026-04-15T00:00:00+0000,2026-04-16T00:00:00+0000,2025-12-31T23:59:59+0000,XGB_V3_1_Y2026_N4379_P877_SEED42,74809.99,0.07329791921264128,-0.14371401369240022,0.015352534581753341,-0.0480922345059972,0.0,0.4266597408056103,0.1683472555339974,0.4227391481399536,DEEP_BEAR,4,NONE,,True,True,4379,877,3502,3.993158494868871,0.0,2026-06-14T00:00:00+0000,-0.18614318756091264
2026-04-16T00:00:00+0000,2026-04-17T00:00:00+0000,2025-12-31T23:59:59+0000,XGB_V3_1_Y2026_N4379_P877_SEED42,75154.29,0.07602497605347547,-0.137947200881809,0.01743413694011675,-0.047739836426258564,0.0,0.40338417559572654,0.1736678526220494,0.46106472611427307,DEEP_BEAR,4,NONE,,True,True,4379,877,3502,3.993158494868871,0.0,2026-06-15T00:00:00+0000,-0.1898716626821968
2026-04-17T00:00:00+0000,2026-04-18T00:00:00+0000,2025-12-31T23:59:59+0000,XGB_V3_1_Y2026_N4379_P877_SEED42,77072.0,0.10046089710271411,-0.11405803348643839,0.01932682909250505,-0.04742376763593781,0.0,0.48385194635576423,0.18408001922680295,0.48978978395462036,BEAR,3,NONE,,True,True,4379,877,3502,3.993158494868871,0.0,2026-06-16T00:00:00+0000,-0.21002932323022627
2026-04-18T00:00:00+0000,2026-04-19T00:00:00+0000,2025-12-31T23:59:59+0000,XGB_V3_1_Y2026_N4379_P877_SEED42,75691.76,0.07773120681098655,-0.12800149265991712,0.021125132438030603,-0.04702205926792358,-0.017908449242267088,0.3432515452720317,0.18149402246880125,0.4645216166973114,DEEP_BEAR,4,NONE,,True,True,4379,877,3502,3.993158494868871,0.0,2026-06-17T00:00:00+0000,-0.19562420004502468
2026-04-19T00:00:00+0000,2026-04-20T00:00:00+0000,2025-12-31T23:59:59+0000,XGB_V3_1_Y2026_N4379_P877_SEED42,73801.79,0.048781608654804076,-0.1475752766519065,0.02152841488453383,-0.04693383840853671,-0.04243058438862368,0.17683998622619565,0.1736437006262106,0.41100379824638367,BEAR,3,NONE,,True,True,4379,877,3502,3.993158494868871,0.0,2026-06-18T00:00:00+0000,-0.17502515860387657
2026-04-20T00:00:00+0000,2026-04-21T00:00:00+0000,2025-12-31T23:59:59+0000,XGB_V3_1_Y2026_N4379_P877_SEED42,75840.97,0.07468583617921398,-0.12175578990998503,0.022681151266110477,-0.04688882322623755,-0.01597246730330082,0.3072244167519375,0.17455148292131215,0.4645216166973114,DEEP_BEAR,4,NONE,,True,True,4379,877,3502,3.993158494868871,0.0,2026-06-19T00:00:00+0000,-0.19720673403834366
2026-04-21T00:00:00+0000,2026-04-22T00:00:00+0000,2025-12-31T23:59:59+0000,XGB_V3_1_Y2026_N4379_P877_SEED42,76336.15,0.07940648009015638,-0.1136662357908258,0.023366770223958833,-0.04690724698220061,-0.009547565912393696,0.3134118838983937,0.17383906925764311,0.4645216166973114,BEAR,3,NONE,,True,True,4379,877,3502,3.993158494868871,0.0,2026-06-20T00:00:00+0000,-0.20241432139294413
2026-04-22T00:00:00+0000,2026-04-23T00:00:00+0000,2025-12-31T23:59:59+0000,XGB_V3_1_Y2026_N4379_P877_SEED42,78178.23,0.10238603619057085,-0.08994207453179626,0.02539408874153337,-0.04680269318843955,0.0,0.41818551073479976,0.17117595233979127,0.4813859164714813,DEEP_BEAR,4,NONE,,True,True,4379,877,3502,3.993158494868871,0.0,2026-06-21T00:00:00+0000,-0.221207489604203
2026-04-23T00:00:00+0000,2026-04-24T00:00:00+0000,2025-12-31T23:59:59+0000,XGB_V3_1_Y2026_N4379_P877_SEED42,78257.48,0.10176639705324186,-0.0866152666763429,0.025002751654092048,-0.04675284866147589,0.0,0.3938991936502772,0.16357270567318202,0.47715282440185547,BEAR,3,NONE,,True,True,4379,877,3502,3.993158494868871,0.0,2026-06-22T00:00:00+0000,-0.22199615934476802
2026-04-24T00:00:00+0000,2026-04-25T00:00:00+0000,2025-12-31T23:59:59+0000,XGB_V3_1_Y2026_N4379_P877_SEED42,77437.13,0.08821100280502692,-0.09369246859945679,0.024091479223975032,-0.04675544815448485,-0.010482704017558353,0.30892100053553234,0.14910510709205782,0.4603051245212555,DEEP_BEAR,4,NONE,,True,True,4379,877,3502,3.993158494868871,0.0,2026-06-23T00:00:00+0000,-0.2137541770982473
2026-04-25T00:00:00+0000,2026-04-26T00:00:00+0000,2025-12-31T23:59:59+0000,XGB_V3_1_Y2026_N4379_P877_SEED42,77625.0,0.0879429019758553,-0.08916399472557834,0.023661101842655352,-0.04667218821625152,-0.008082038930975033,0.30304874033912743,0.14040706168464429,0.43800678849220276,BEAR,3,NONE,,True,True,4379,877,3502,3.993158494868871,0.0,2026-06-24T00:00:00+0000,-0.2156570692431562
2026-04-26T00:00:00+0000,2026-04-27T00:00:00+0000,2025-12-31T23:59:59+0000,XGB_V3_1_Y2026_N4379_P877_SEED42,78657.55,0.09890456702338168,-0.07462425987980348,0.024823351124296567,-0.04659810984992252,0.0,0.38180254347046366,0.12967016343059562,0.4578666687011719,DEEP_BEAR,4,NONE,,True,True,4379,877,3502,3.993158494868871,0.0,2026-06-25T00:00:00+0000,-0.2398186823769619
2026-04-27T00:00:00+0000,2026-04-28T00:00:00+0000,2025-12-31T23:59:59+0000,XGB_V3_1_Y2026_N4379_P877_SEED42,77371.32,0.07750273803160623,-0.08737857306225627,0.025273211349249536,-0.04674538544886342,-0.016352276418474698,0.22601526843364078,0.126578254049943,0.4553694427013397,BEAR,3,NONE,,True,True,4379,877,3502,3.993158494868871,0.0,2026-06-26T00:00:00+0000,-0.22718133799449214
2026-04-28T00:00:00+0000,2026-04-29T00:00:00+0000,2025-12-31T23:59:59+0000,XGB_V3_1_Y2026_N4379_P877_SEED42,76342.77,0.06084137826936975,-0.09757169610153549,0.024658901946464695,-0.04640167272485196,-0.029428579964669632,0.09811883396218038,0.11608091732463123,0.5277040004730225,DEEP_BEAR,4,NONE,,True,True,4379,877,3502,3.993158494868871,0.0,2026-06-27T00:00:00+0000,-0.21676931554880707
2026-04-29T00:00:00+0000,2026-04-30T00:00:00+0000,2025-12-31T23:59:59+0000,XGB_V3_1_Y2026_N4379_P877_SEED42,75780.0,0.05131746351540656,-0.10237439456082753,0.024327635952642535,-0.04603080793654202,-0.03658326505211518,0.0120495378293382,0.10676076315315425,0.5235433578491211,BEAR,3,NONE,,True,True,4379,877,3502,3.993158494868871,0.0,2026-06-28T00:00:00+0000,-0.21381617841119027
2026-04-30T00:00:00+0000,2026-05-01T00:00:00+0000,2025-12-31T23:59:59+0000,XGB_V3_1_Y2026_N4379_P877_SEED42,76346.57,0.057371953968563094,-0.0935904745696523,0.023150191118329833,-0.04607332449531054,-0.02938026928120685,0.06426685980789663,0.1014893211221697,0.493515282869339,DEEP_BEAR,4,NONE,,True,True,4379,877,3502,3.993158494868871,0.0,2026-06-29T00:00:00+0000,-0.2196504702175881
2026-05-01T00:00:00+0000,2026-05-02T00:00:00+0000,2025-12-31T23:59:59+0000,XGB_V3_1_Y2026_N4379_P877_SEED42,78231.13,0.08116951016221496,-0.06917556783476986,0.02315300008716581,-0.04606050120888505,-0.005421221484777972,0.282269750937561,0.09867378055499752,0.3912024199962616,BEAR,3,NONE,,True,True,4379,877,3502,3.993158494868871,1.0,2026-06-30T00:00:00+0000,-0.2506217154219811
2026-05-02T00:00:00+0000,2026-05-03T00:00:00+0000,2025-12-31T23:59:59+0000,XGB_V3_1_Y2026_N4379_P877_SEED42,78686.85,0.08514108148995758,-0.06183653765137054,0.02250119547010665,-0.04570414091055486,0.0,0.362486898031129,0.07854532257776527,0.34027156233787537,DEEP_BEAR,4,NONE,,True,True,4379,877,3502,3.993158494868871,1.0,2026-07-01T00:00:00+0000,-0.2549617884055596
2026-05-03T00:00:00+0000,2026-05-04T00:00:00+0000,2025-12-31T23:59:59+0000,XGB_V3_1_Y2026_N4379_P877_SEED42,78568.57,0.08131588395101796,-0.06144544220729942,0.022963009641794097,-0.04565845435105598,-0.0015031736560809916,0.31169992031657606,0.07747093189282493,0.34027156233787537,BEAR,3,NONE,,True,True,4379,877,3502,3.993158494868871,1.0,2026-07-02T00:00:00+0000,-0.2538401806218441
2026-05-04T00:00:00+0000,2026-05-05T00:00:00+0000,2025-12-31T23:59:59+0000,XGB_V3_1_Y2026_N4379_P877_SEED42,79861.01,0.09697590205738393,-0.044389194487661876,0.023061108170774558,-0.045341043197329345,0.0,0.47263339131842913,0.0785427453558289,0.4030003249645233,DEEP_BEAR,4,NONE,,True,True,4379,877,3502,3.993158494868871,1.0,2026-07-03T00:00:00+0000,-0.2659157453681089
2026-05-05T00:00:00+0000,2026-05-06T00:00:00+0000,2025-12-31T23:59:59+0000,XGB_V3_1_Y2026_N4379_P877_SEED42,80905.52,0.10948820258696235,-0.030409888933450646,0.02202131822049136,-0.04489918427857864,0.0,0.5459815239930719,0.08524888212307224,0.44901230931282043,BEAR,3,NONE,,True,True,4379,877,3502,3.993158494868871,1.0,2026-07-04T00:00:00+0000,-0.2753929521743387
2026-05-06T00:00:00+0000,2026-05-07T00:00:00+0000,2025-12-31T23:59:59+0000,XGB_V3_1_Y2026_N4379_P877_SEED42,81447.01,0.11460959162662165,-0.022412865979877572,0.020873505570022655,-0.04434803211800831,0.0,0.5312069801016839,0.09276647660584544,0.5555572509765625,DEEP_BEAR,4,NONE,,True,True,4379,877,3502,3.993158494868871,1.0,2026-07-05T00:00:00+0000,-0.28021040919734186
2026-05-07T00:00:00+0000,2026-05-08T00:00:00+0000,2025-12-31T23:59:59+0000,XGB_V3_1_Y2026_N4379_P877_SEED42,80006.0,0.09227054474598106,-0.03805573536402285,0.020071730070686078,-0.04394848570244081,-0.017692607745821376,0.2994855725889071,0.09606282625816168,0.5361679196357727,BEAR,3,NONE,,True,True,4379,877,3502,3.993158494868871,1.0,2026-07-06T00:00:00+0000,-0.2672460815438842
2026-05-08T00:00:00+0000,2026-05-09T00:00:00+0000,2025-12-31T23:59:59+0000,XGB_V3_1_Y2026_N4379_P877_SEED42,80193.17,0.09176636758433498,-0.034043521677754485,0.02068141530814871,-0.043583720788058944,-0.015394549167612182,0.2932549131748588,0.09616366101201357,0.5361679196357727,DEEP_BEAR,4,NONE,,True,True,4379,877,3502,3.993158494868871,1.0,2026-07-07T00:00:00+0000,-0.2689563213425782
2026-05-09T00:00:00+0000,2026-05-10T00:00:00+0000,2025-12-31T23:59:59+0000,XGB_V3_1_Y2026_N4379_P877_SEED42,80678.4,0.09533994561591785,-0.0265795375656529,0.021851127104300705,-0.04270465452972638,-0.009436933289509342,0.3448815032769129,0.08664336716608463,0.5561152100563049,BEAR,3,NONE,,True,True,4379,877,3502,3.993158494868871,1.0,2026-07-08T00:00:00+0000,-0.27335309079009995
2026-05-10T00:00:00+0000,2026-05-11T00:00:00+0000,2025-12-31T23:59:59+0000,XGB_V3_1_Y2026_N4379_P877_SEED42,82210.07,0.11212098506741897,-0.006579589609218228,0.023790838148860072,-0.041695878880463,0.0,0.495452772823996,0.09119946783253562,0.594078004360199,DEEP_BEAR,4,NONE,,True,True,4379,877,3502,3.993158494868871,1.0,2026-07-09T00:00:00+0000,-0.2868913747427779
2026-05-11T00:00:00+0000,2026-05-12T00:00:00+0000,2025-12-31T23:59:59+0000,XGB_V3_1_Y2026_N4379_P877_SEED42,81745.65,0.10169919573727548,-0.010497736029075222,0.025453107340078995,-0.040787343727682335,-0.005649186285816454,0.38500449858305547,0.09277566650427113,0.5859397649765015,BEAR,3,NONE,,True,True,4379,877,3502,3.993158494868871,1.0,2026-07-10T00:00:00+0000,-0.2828400043305056
2026-05-12T00:00:00+0000,2026-05-13T00:00:00+0000,2025-12-31T23:59:59+0000,XGB_V3_1_Y2026_N4379_P877_SEED42,80504.47,0.08217194792950866,-0.023719584039884056,0.025906469842262858,-0.040094190031368826,-0.020746850112157822,0.19719045520248005,0.09377911301413337,0.6664496064186096,DEEP_BEAR,4,NONE,,True,True,4379,877,3502,3.993158494868871,1.0,2026-07-11T00:00:00+0000,-0.27178316930724467
2026-05-13T00:00:00+0000,2026-05-14T00:00:00+0000,2025-12-31T23:59:59+0000,XGB_V3_1_Y2026_N4379_P877_SEED42,79313.61,0.06365981519430686,-0.03627179776874567,0.026239435301988134,-0.039447650319434646,-0.035232423473182894,0.029541360737253122,0.09330685888001165,0.6727302074432373,BEAR,3,NONE,,True,True,4379,877,3502,3.993158494868871,1.0,2026-07-12T00:00:00+0000,-0.26084930442581045
2026-05-14T00:00:00+0000,2026-05-15T00:00:00+0000,2025-12-31T23:59:59+0000,XGB_V3_1_Y2026_N4379_P877_SEED42,81089.99,0.08464504061730671,-0.012679634441259413,0.026932505684594377,-0.03875190556713881,-0.013624608274874328,0.2444868032979849,0.09347394325905888,0.5892851948738098,DEEP_BEAR,4,NONE,,True,True,4379,877,3502,3.993158494868871,1.0,2026-07-13T00:00:00+0000,-0.27704134628700783
2026-05-15T00:00:00+0000,2026-05-16T00:00:00+0000,2025-12-31T23:59:59+0000,XGB_V3_1_Y2026_N4379_P877_SEED42,79113.21,0.055298204794361316,-0.03469165645379402,0.028059716353748376,-0.03834006432634218,-0.037670081049681614,-0.032994282219064676,0.09145023588946798,0.6769407391548157,BEAR,3,NONE,,True,True,4379,877,3502,3.993158494868871,1.0,2026-07-14T00:00:00+0000,-0.2589769774226075
2026-05-16T00:00:00+0000,2026-05-17T00:00:00+0000,2025-12-31T23:59:59+0000,XGB_V3_1_Y2026_N4379_P877_SEED42,78148.05,0.03916893941399224,-0.044442326432350354,0.02915222868094891,-0.03785852539386325,-0.04941024864715482,-0.16131836921996334,0.09214073609910453,0.6769407391548157,DEEP_BEAR,4,NONE,,True,True,4379,877,3502,3.993158494868871,0.0,2026-07-15T00:00:00+0000,-0.2498250436191306
2026-05-17T00:00:00+0000,2026-05-18T00:00:00+0000,2025-12-31T23:59:59+0000,XGB_V3_1_Y2026_N4379_P877_SEED42,77457.67,0.02696231586973674,-0.05099462904937824,0.029716295566044826,-0.0372657700773551,-0.057808003326113355,-0.25699889743155857,0.0919073181178759,0.6768152117729187,BEAR,3,NONE,,True,True,4379,877,3502,3.993158494868871,0.0,2026-07-16T00:00:00+0000,-0.2431387362929972
2026-05-18T00:00:00+0000,2026-05-19T00:00:00+0000,2025-12-31T23:59:59+0000,XGB_V3_1_Y2026_N4379_P877_SEED42,77001.87,0.017952391850690752,-0.05476542151615371,0.029831413648547134,-0.03704395007053163,-0.06335233627705228,-0.3329905463580046,0.08939783536384893,0.6768152117729187,DEEP_BEAR,4,NONE,,True,True,4379,877,3502,3.993158494868871,0.0,2026-07-17T00:00:00+0000,-0.2386586195893684
2026-05-19T00:00:00+0000,2026-05-20T00:00:00+0000,2025-12-31T23:59:59+0000,XGB_V3_1_Y2026_N4379_P877_SEED42,76834.36,0.013049558219693669,-0.05492060185432912,0.02971356968492045,-0.03699661477642846,-0.06538992121038223,-0.3844354954963554,0.08459657545235495,0.6661275625228882,BEAR,3,NONE,,True,True,4379,877,3502,3.993158494868871,0.0,2026-07-18T00:00:00+0000,-0.23699878543922281
2026-05-20T00:00:00+0000,2026-05-21T00:00:00+0000,2025-12-31T23:59:59+0000,XGB_V3_1_Y2026_N4379_P877_SEED42,77552.23,0.02002175820752128,-0.04417746354572416,0.028517942220416925,-0.0367213057007999,-0.056657779272052844,-0.3031977563026981,0.07989299388305061,0.6264159083366394,DEEP_BEAR,4,NONE,,True,True,4379,877,3502,3.993158494868871,0.0,2026-07-19T00:00:00+0000,-0.24406158275526058
2026-05-21T00:00:00+0000,2026-05-22T00:00:00+0000,2025-12-31T23:59:59+0000,XGB_V3_1_Y2026_N4379_P877_SEED42,77615.52,0.018308995668672834,-0.04145253383788816,0.027229237678439766,-0.03656344897722463,-0.05588792224602168,-0.283110687586232,0.08141229334471121,0.6264159083366394,BEAR,3,NONE,,True,True,4379,877,3502,3.993158494868871,0.0,2026-07-20T00:00:00+0000,-0.24467799739021268
2026-05-22T00:00:00+0000,2026-05-23T00:00:00+0000,2025-12-31T23:59:59+0000,XGB_V3_1_Y2026_N4379_P877_SEED42,75539.5,-0.011169362356733381,-0.06529951276527635,0.026900744336759486,-0.036441710927199944,-0.08114054640751434,-0.51415871485304,0.09198047702966833,0.7224213480949402,DEEP_BEAR,4,NONE,,True,True,4379,877,3502,3.993158494868871,0.0,2026-07-21T00:00:00+0000,-0.22391980354648888
2026-05-23T00:00:00+0000,2026-05-24T00:00:00+0000,2025-12-31T23:59:59+0000,XGB_V3_1_Y2026_N4379_P877_SEED42,76752.01,0.00213475094958282,-0.048840146733564405,0.027114049633131687,-0.036066839555696006,-0.06639162331329984,-0.3218142938280733,0.09598763900337766,0.7105236649513245,BEAR,3,NONE,,True,True,4379,877,3502,3.993158494868871,0.0,2026-07-22T00:00:00+0000,-0.23618013391440817
2026-05-24T00:00:00+0000,2026-05-25T00:00:00+0000,2025-12-31T23:59:59+0000,XGB_V3_1_Y2026_N4379_P877_SEED42,77064.96,0.003661665449617546,-0.04337208420716587,0.02704626745599903,-0.03603745253197843,-0.06258491204301375,-0.2557520424628033,0.09860342314953206,0.7105236649513245,DEEP_BEAR,4,NONE,,True,True,4379,877,3502,3.993158494868871,0.0,2026-07-23T00:00:00+0000,-0.239281899322338
2026-05-25T00:00:00+0000,2026-05-26T00:00:00+0000,2025-12-31T23:59:59+0000,XGB_V3_1_Y2026_N4379_P877_SEED42,77322.01,0.004840183621582783,-0.03874794689849026,0.026437083360869584,-0.036002564516703695,-0.059458166134635504,-0.20117095466945517,0.09815051007754624,0.7105236649513245,BEAR,3,NONE,,True,True,4379,877,3502,3.993158494868871,0.0,2026-07-24T00:00:00+0000,-0.24181083756099975
2026-05-26T00:00:00+0000,2026-05-27T00:00:00+0000,2025-12-31T23:59:59+0000,XGB_V3_1_Y2026_N4379_P877_SEED42,75930.01,-0.015061105572425015,-0.05444205086949305,0.025114038239749004,-0.03615846232153408,-0.07639039840253159,-0.3439967598016978,0.09887898098066047,0.7113891243934631,DEEP_BEAR,4,NONE,,True,True,4379,877,3502,3.993158494868871,0.0,2026-07-25T00:00:00+0000,-0.227911204015382
2026-05-27T00:00:00+0000,2026-05-28T00:00:00+0000,2025-12-31T23:59:59+0000,XGB_V3_1_Y2026_N4379_P877_SEED42,74449.3,-0.03490061131564515,-0.0712700788314804,0.02277159225841019,-0.036174232331074974,-0.09440169555870714,-0.4587456068451925,0.10788556743771252,0.7450891733169556,BEAR,3,NONE,,True,True,4379,877,3502,3.993158494868871,0.0,2026-07-26T00:00:00+0000,-0.2125552557243655
2026-05-28T00:00:00+0000,2026-05-29T00:00:00+0000,2025-12-31T23:59:59+0000,XGB_V3_1_Y2026_N4379_P877_SEED42,73617.51,-0.046313156565872315,-0.07986117132722692,0.020473021364553867,-0.03628649622043212,-0.10451955581597261,-0.4760857866975555,0.11794031848524279,0.7521313428878784,DEEP_BEAR,4,NONE,,True,True,4379,877,3502,3.993158494868871,0.0,2026-07-27T00:00:00+0000,-0.2036580699347207
2026-05-29T00:00:00+0000,2026-05-30T00:00:00+0000,2025-12-31T23:59:59+0000,XGB_V3_1_Y2026_N4379_P877_SEED42,73460.78,-0.04875581508197935,-0.07994853890951159,0.01821322564664629,-0.036644434808956516,-0.10642601326090595,-0.4323887557406932,0.12438141747342636,0.7366422414779663,BEAR,3,NONE,,True,True,4379,877,3502,3.993158494868871,0.0,2026-07-28T00:00:00+0000,-0.20195905896997013
2026-05-30T00:00:00+0000,2026-05-31T00:00:00+0000,2025-12-31T23:59:59+0000,XGB_V3_1_Y2026_N4379_P877_SEED42,73884.38,-0.04349892930791244,-0.07294951295889496,0.01597335499363206,-0.036931213352137005,-0.10127335982076169,-0.36178501956755216,0.11939278030180382,0.7335836887359619,DEEP_BEAR,4,NONE,,True,True,4379,877,3502,3.993158494868871,0.0,2026-07-29T00:00:00+0000,-0.206534452884358
2026-05-31T00:00:00+0000,2026-06-01T00:00:00+0000,2025-12-31T23:59:59+0000,XGB_V3_1_Y2026_N4379_P877_SEED42,73674.39,-0.046373300387250405,-0.07395878029515968,0.013605960226070968,-0.03697320465880205,-0.1038276697733016,-0.36025096978255,0.11353612570594533,0.7293349504470825,BEAR,3,NONE,,True,True,4379,877,3502,3.993158494868871,0.0,2026-07-30T00:00:00+0000,-0.2042728823407971
2026-06-01T00:00:00+0000,2026-06-02T00:00:00+0000,2025-12-31T23:59:59+0000,XGB_V3_1_Y2026_N4379_P877_SEED42,71408.9,-0.07585714599454785,-0.10083631041140861,0.011488714616175066,-0.03690713647467636,-0.13138499942890225,-0.5363545228857927,0.12092272384089502,0.7433311343193054,DEEP_BEAR,4,NONE,,True,True,4379,877,3502,3.993158494868871,0.0,2026-07-31T00:00:00+0000,-0.17902796430136858
2026-06-02T00:00:00+0000,2026-06-03T00:00:00+0000,2025-12-31T23:59:59+0000,XGB_V3_1_Y2026_N4379_P877_SEED42,66760.83,-0.13429468946267087,-0.15788802069020713,0.006903870855431649,-0.03670627165062179,-0.1879239368121205,-0.7433082987323166,0.15939718340941025,0.7821019887924194,DEEP_BEAR,4,NONE,,True,True,4379,877,3502,3.993158494868871,0.0,2026-08-01T00:00:00+0000,-0.12186966519140041
2026-06-03T00:00:00+0000,2026-06-04T00:00:00+0000,2025-12-31T23:59:59+0000,XGB_V3_1_Y2026_N4379_P877_SEED42,64142.75,-0.16608372385632764,-0.18930390529375496,0.0017411276086902738,-0.03665833731130397,-0.2197701571109233,-0.7263741635439604,0.1975115002964474,0.7828195095062256,ACCUMULATION,4,NONE,,True,True,4379,877,3502,3.993158494868871,0.0,2026-08-02T00:00:00+0000,-0.08602749336440985
2026-06-04T00:00:00+0000,2026-06-05T00:00:00+0000,2025-12-31T23:59:59+0000,XGB_V3_1_Y2026_N4379_P877_SEED42,63885.99,-0.16705591330562852,-0.1909961414824276,-0.0032559796313325062,-0.036454805222611464,-0.2228933754709126,-0.5991865947868522,0.23053490579897892,0.7929973006248474,DEEP_BEAR,4,NONE,,True,True,4379,877,3502,3.993158494868871,0.0,2026-08-03T00:00:00+0000,-0.08235420629781265
2026-06-05T00:00:00+0000,2026-06-06T00:00:00+0000,2025-12-31T23:59:59+0000,XGB_V3_1_Y2026_N4379_P877_SEED42,61056.47,-0.20100993053940863,-0.22529867385834423,-0.008743288312953679,-0.03631266562438573,-0.25731154346420093,-0.6076629445425771,0.2743274122390526,0.8197630047798157,ACCUMULATION,4,NONE,,True,True,4379,877,3502,3.993158494868871,0.0,2026-08-04T00:00:00+0000,-0.039828047707310965
2026-06-06T00:00:00+0000,2026-06-07T00:00:00+0000,2025-12-31T23:59:59+0000,XGB_V3_1_Y2026_N4379_P877_SEED42,60884.62,-0.19986894826856383,-0.22590390022938134,-0.01358902271815543,-0.03635524484369679,-0.2594019199837685,-0.5159650325824816,0.3092047439716034,0.8114385604858398,ACCUMULATION,4,NONE,,True,True,4379,877,3502,3.993158494868871,0.0,2026-08-05T00:00:00+0000,-0.03711791253686081
2026-06-07T00:00:00+0000,2026-06-08T00:00:00+0000,2025-12-31T23:59:59+0000,XGB_V3_1_Y2026_N4379_P877_SEED42,63332.01,-0.16499335309394114,-0.19334014843534963,-0.01744242897709425,-0.03623498341987097,-0.22963196601097657,-0.36127441527909954,0.3250370050989869,0.7474904656410217,ACCUMULATION,4,NONE,,True,True,4379,877,3502,3.993158494868871,0.0,2026-08-06T00:00:00+0000,-0.07432734252394646
2026-06-08T00:00:00+0000,2026-06-09T00:00:00+0000,2025-12-31T23:59:59+0000,XGB_V3_1_Y2026_N4379_P877_SEED42,63085.99,-0.16588007953078077,-0.19526671743122892,-0.020643276543078737,-0.035740830925143796,-0.23262454344096783,-0.3327056663999512,0.33769390865163806,0.7309703230857849,ACCUMULATION,4,NONE,,True,True,4379,877,3502,3.993158494868871,0.0,2026-08-07T00:00:00+0000,-0.07071744455464679
2026-06-09T00:00:00+0000,2026-06-10T00:00:00+0000,2025-12-31T23:59:59+0000,XGB_V3_1_Y2026_N4379_P877_SEED42,61730.0,-0.18075189680488124,-0.21138695557488307,-0.024530579098065552,-0.03524886925008397,-0.2448527842154291,-0.3484108603467967,0.3491709143942444,0.7388356328010559,ACCUMULATION,4,NONE,,True,True,4379,877,3502,3.993158494868871,0.0,2026-08-08T00:00:00+0000,-0.05030439008585774
2026-06-10T00:00:00+0000,2026-06-11T00:00:00+0000,2025-12-31T23:59:59+0000,XGB_V3_1_Y2026_N4379_P877_SEED42,61510.99,-0.1804334597014159,-0.21301715864683124,-0.028527859512780473,-0.03472178373053503,-0.24144780385347198,-0.32236380633451645,0.35558303547480064,0.7121338844299316,ACCUMULATION,4,NONE,,True,True,4379,877,3502,3.993158494868871,0.0,2026-08-09T00:00:00+0000,-0.046922997012403767
2026-06-11T00:00:00+0000,2026-06-12T00:00:00+0000,2025-12-31T23:59:59+0000,XGB_V3_1_Y2026_N4379_P877_SEED42,63625.99,-0.14895316769041145,-0.1847473161573694,-0.0324623811703969,-0.03430345220002051,-0.21536566967143544,-0.21399857554841262,0.35637734798826326,0.7229777574539185,ACCUMULATION,4,NONE,,True,True,4379,877,3502,3.993158494868871,0.0,2026-08-10T00:00:00+0000,-0.07860435649017017
2026-06-12T00:00:00+0000,2026-06-13T00:00:00+0000,2025-12-31T23:59:59+0000,XGB_V3_1_Y2026_N4379_P877_SEED42,63580.01,-0.14621584471132365,-0.18404422840978563,-0.034347530804312854,-0.03435448732073243,-0.2159326940353551,-0.1946228288830205,0.3494990182674728,0.7229777574539185,DEEP_BEAR,4,NONE,,True,True,4379,877,3502,3.993158494868871,0.0,2026-08-11T00:00:00+0000,-0.07793801856904403
2026-06-13T00:00:00+0000,2026-06-14T00:00:00+0000,2025-12-31T23:59:59+0000,XGB_V3_1_Y2026_N4379_P877_SEED42,64458.01,-0.1313978465192065,-0.17155841225725477,-0.0352142804736052,-0.03416910413109664,-0.18524339993283045,-0.1385704160736801,0.3344056561357086,0.7281923294067383,ACCUMULATION,4,NONE,,True,True,4379,877,3502,3.993158494868871,0.0,2026-08-12T00:00:00+0000,-0.09049767437747458
2026-06-14T00:00:00+0000,2026-06-15T00:00:00+0000,2025-12-31T23:59:59+0000,XGB_V3_1_Y2026_N4379_P877_SEED42,65746.45,-0.11119008885829307,-0.15365340935390737,-0.03556349768867573,-0.03426448214663258,-0.15869365902284194,-0.060821035188136884,0.3103321219152474,0.7172653079032898,ACCUMULATION,4,NONE,,True,True,4379,877,3502,3.993158494868871,0.0,2026-08-13T00:00:00+0000,-0.10832128578805389
2026-06-15T00:00:00+0000,2026-06-16T00:00:00+0000,2025-12-31T23:59:59+0000,XGB_V3_1_Y2026_N4379_P877_SEED42,66328.74,-0.10031925722683055,-0.144781227691145,-0.03523172825024279,-0.034173282303040176,-0.1454191120538778,-0.010590084268665275,0.28735993831306494,0.7192946076393127,ACCUMULATION,4,NONE,,True,True,4379,877,3502,3.993158494868871,0.0,2026-08-14T00:00:00+0000,-0.11614919867315443
2026-06-16T00:00:00+0000,2026-06-17T00:00:00+0000,2025-12-31T23:59:59+0000,XGB_V3_1_Y2026_N4379_P877_SEED42,65675.01,-0.1063509094145958,-0.15183139446442895,-0.03420121436221202,-0.03406751225815752,-0.15384178318975394,-0.0236025763088989,0.2676240779910178,0.7130693197250366,ACCUMULATION,4,NONE,,True,True,4379,877,3502,3.993158494868871,0.0,2026-08-15T00:00:00+0000,-0.10735133500550664
2026-06-17T00:00:00+0000,2026-06-18T00:00:00+0000,2025-12-31T23:59:59+0000,XGB_V3_1_Y2026_N4379_P877_SEED42,64509.4,-0.119375595095906,-0.16546792984414693,-0.0341738796619282,-0.03383298736655527,-0.16885952706365948,-0.06911046940323316,0.2485964169235525,0.736423671245575,ACCUMULATION,4,NONE,,True,True,4379,877,3502,3.993158494868871,0.0,2026-08-16T00:00:00+0000,-0.09122220947644843
2026-06-18T00:00:00+0000,2026-06-19T00:00:00+0000,2025-12-31T23:59:59+0000,XGB_V3_1_Y2026_N4379_P877_SEED42,62958.01,-0.1375345577578937,-0.1840914852290535,-0.03482767621282601,-0.03357955104764632,-0.18884766861060776,-0.14567912319941043,0.2270779661191455,0.7363250255584717,ACCUMULATION,4,NONE,,True,True,4379,877,3502,3.993158494868871,0.0,2026-08-17T00:00:00+0000,-0.06882841436697262
2026-06-19T00:00:00+0000,2026-06-20T00:00:00+0000,2025-12-31T23:59:59+0000,XGB_V3_1_Y2026_N4379_P877_SEED42,63543.91,-0.12644411835836733,-0.17528314049198523,-0.034610858093257035,-0.03323745859899385,-0.18129892062824549,-0.08449137004330452,0.1925739567961833,0.7528812885284424,ACCUMULATION,4,NONE,,True,True,4379,877,3502,3.993158494868871,0.0,2026-08-18T00:00:00+0000,-0.07741418493133334
2026-06-20T00:00:00+0000,2026-06-21T00:00:00+0000,2025-12-31T23:59:59+0000,XGB_V3_1_Y2026_N4379_P877_SEED42,64298.01,-0.11267809802098261,-0.16403228195102082,-0.03450988195471183,-0.03323305136214161,-0.16843845626879062,0.01860851510884726,0.1440599282176506,0.7493893504142761,DEEP_BEAR,4,NONE,,True,True,4379,877,3502,3.993158494868871,0.0,2026-08-19T00:00:00+0000,-0.08823445702285349
2026-06-21T00:00:00+0000,2026-06-22T00:00:00+0000,2025-12-31T23:59:59+0000,XGB_V3_1_Y2026_N4379_P877_SEED42,63311.99,-0.12256190366799757,-0.17523718508404196,-0.03486429075280584,-0.03340774781937428,-0.1811905820865236,-0.06406002959841713,0.10026223174454114,0.7288832068443298,ACCUMULATION,4,NONE,,True,True,4379,877,3502,3.993158494868871,0.0,2026-08-20T00:00:00+0000,-0.0740346338821446
2026-06-22T00:00:00+0000,2026-06-23T00:00:00+0000,2025-12-31T23:59:59+0000,XGB_V3_1_Y2026_N4379_P877_SEED42,64020.01,-0.10915711066661737,-0.1644868896058912,-0.03496710192105168,-0.03348057544244798,-0.17203381029541254,0.07563628546851008,0.09061492321005053,0.6533470153808594,ACCUMULATION,4,NONE,,True,True,4379,877,3502,3.993158494868871,0.0,2026-08-21T00:00:00+0000,-0.08427521332783305
2026-06-23T00:00:00+0000,2026-06-24T00:00:00+0000,2025-12-31T23:59:59+0000,XGB_V3_1_Y2026_N4379_P877_SEED42,62734.57,-0.12286339082026465,-0.17983956771497933,-0.03620715863572799,-0.033240123541602884,-0.1886583134608114,-0.13474147752209953,0.09105445857233099,0.7144377827644348,ACCUMULATION,4,NONE,,True,True,4379,877,3502,3.993158494868871,0.0,2026-08-22T00:00:00+0000,-0.065511886030302
2026-06-24T00:00:00+0000,2026-06-25T00:00:00+0000,2025-12-31T23:59:59+0000,XGB_V3_1_Y2026_N4379_P877_SEED42,61077.99,-0.1412639893163652,-0.20002437569793752,-0.03847264952329099,-0.03316370300047966,-0.1956014492820427,-0.3735182309450325,0.0969712733954397,0.6992610096931458,ACCUMULATION,4,NONE,,True,True,4379,877,3502,3.993158494868871,0.0,2026-08-23T00:00:00+0000,-0.04016635125026213
2026-06-25T00:00:00+0000,2026-06-26T00:00:00+0000,2025-12-31T23:59:59+0000,XGB_V3_1_Y2026_N4379_P877_SEED42,59794.0,-0.15416644659349021,-0.21526895786354028,-0.041130785811903325,-0.03319389962979846,-0.19684939952423997,-0.5321761346558145,0.1043649004036397,0.7444174289703369,ACCUMULATION,4,NONE,,True,True,4379,877,3502,3.993158494868871,0.0,2026-08-24T00:00:00+0000,-0.01955530655249693
2026-06-26T00:00:00+0000,2026-06-27T00:00:00+0000,2025-12-31T23:59:59+0000,XGB_V3_1_Y2026_N4379_P877_SEED42,60097.27,-0.14506101190042642,-0.20970525454268862,-0.04349665890679566,-0.03316374131962563,-0.18660385320956885,-0.46201938978726254,0.10856614527607387,0.7365546226501465,ACCUMULATION,4,NONE,,True,True,4379,877,3502,3.993158494868871,0.0,2026-08-25T00:00:00+0000,-0.024502943311734415
2026-06-27T00:00:00+0000,2026-06-28T00:00:00+0000,2025-12-31T23:59:59+0000,XGB_V3_1_Y2026_N4379_P877_SEED42,60029.0,-0.14110466631114316,-0.2089047257066381,-0.04591167866908885,-0.03350527307686746,-0.18752786448231684,-0.41429577116435734,0.11768337802821371,0.7322664856910706,ACCUMULATION,4,NONE,,True,True,4379,877,3502,3.993158494868871,0.0,2026-08-26T00:00:00+0000,-0.023393526462209935
2026-06-28T00:00:00+0000,2026-06-29T00:00:00+0000,2025-12-31T23:59:59+0000,XGB_V3_1_Y2026_N4379_P877_SEED42,59577.01,-0.1423931893699969,-0.21317950741935232,-0.048341365296633465,-0.034122428234579005,-0.1936453956844465,-0.417142147614986,0.12774076340878615,0.7358267307281494,DEEP_BEAR,4,NONE,,True,True,4379,877,3502,3.993158494868871,0.0,2026-08-27T00:00:00+0000,-0.015984353696165687
2026-06-29T00:00:00+0000,2026-06-30T00:00:00+0000,2025-12-31T23:59:59+0000,XGB_V3_1_Y2026_N4379_P877_SEED42,60260.21,-0.12704206184100564,-0.20245802796803725,-0.05102651086112464,-0.034738971187009304,-0.18207385225720907,-0.3124008131675988,0.13223414362151822,0.7245354652404785,ACCUMULATION,4,NONE,,True,True,4379,877,3502,3.993158494868871,0.0,2026-08-28T00:00:00+0000,-0.027140628949019585
2026-06-30T00:00:00+0000,2026-07-01T00:00:00+0000,2025-12-31T23:59:59+0000,XGB_V3_1_Y2026_N4379_P877_SEED42,58624.71,-0.14500724874096904,-0.22247566914563988,-0.05375860255883347,-0.03532890473618433,-0.17902796430136858,-0.45243683998318696,0.1440714715846387,0.7420523762702942,ACCUMULATION,4,NONE,,True,True,4379,877,3502,3.993158494868871,0.0,2026-08-29T00:00:00+0000,0.023868604211432443
2026-07-01T00:00:00+0000,2026-07-02T00:00:00+0000,2025-12-31T23:59:59+0000,XGB_V3_1_Y2026_N4379_P877_SEED42,60024.0,-0.11933885999354421,-0.20231890667371344,-0.05540286820134599,-0.035830655149279855,-0.10090991978380137,-0.27013043305324097,0.1484980517823816,0.7273327112197876,ACCUMULATION,4,NONE,,True,True,4379,877,3502,3.993158494868871,0.0,2026-08-30T00:00:00+0000,0.02558976409436231
2026-07-02T00:00:00+0000,2026-07-03T00:00:00+0000,2025-12-31T23:59:59+0000,XGB_V3_1_Y2026_N4379_P877_SEED42,61560.0,-0.09207305443319969,-0.18045724251431816,-0.05651915788504025,-0.03600890666533718,-0.07189553125839576,-0.09399770001364577,0.14849253653612204,0.6732078790664673,ACCUMULATION,4,NONE,,True,True,4379,877,3502,3.993158494868871,0.0,2026-08-31T00:00:00+0000,0.011858349577647864
2026-07-03T00:00:00+0000,2026-07-04T00:00:00+0000,2025-12-31T23:59:59+0000,XGB_V3_1_Y2026_N4379_P877_SEED42,62583.26,-0.0719149466842911,-0.1655099326263375,-0.057175812274684046,-0.036122130357018056,-0.05646843283921876,0.027031813876210186,0.14573759881573545,0.668135404586792,ACCUMULATION,4,NONE,,True,True,4379,877,3502,3.993158494868871,0.0,2026-09-01T00:00:00+0000,-0.0046859176079994125
2026-07-04T00:00:00+0000,2026-07-05T00:00:00+0000,2025-12-31T23:59:59+0000,XGB_V3_1_Y2026_N4379_P877_SEED42,63144.01,-0.05914302813814831,-0.15664295155409624,-0.056409652017750944,-0.03617847586497425,-0.04801432983650833,0.10923796765716154,0.13780657328162585,0.6541259288787842,ACCUMULATION,4,NONE,,True,True,4379,877,3502,3.993158494868871,0.0,2026-09-02T00:00:00+0000,-0.013524798314202724
2026-07-05T00:00:00+0000,2026-07-06T00:00:00+0000,2025-12-31T23:59:59+0000,XGB_V3_1_Y2026_N4379_P877_SEED42,63650.0,-0.047488388950803095,-0.14860032448212712,-0.05473096473966699,-0.03608130040726709,-0.04038581164062527,0.20137365040025076,0.1261106092772559,0.6582935452461243,ACCUMULATION,4,NONE,,True,True,4379,877,3502,3.993158494868871,,,
2026-07-06T00:00:00+0000,2026-07-07T00:00:00+0000,2025-12-31T23:59:59+0000,XGB_V3_1_Y2026_N4379_P877_SEED42,64042.02,-0.03775822503929749,-0.14212444651249112,-0.053193582024882335,-0.03589846246168882,-0.034475553131267156,0.2792435513719554,0.11842573312812904,0.6953538060188293,ACCUMULATION,4,NONE,,True,True,4379,877,3502,3.993158494868871,,,
2026-07-07T00:00:00+0000,2026-07-08T00:00:00+0000,2025-12-31T23:59:59+0000,XGB_V3_1_Y2026_N4379_P877_SEED42,63363.99,-0.044027945346910236,-0.14979631973786756,-0.05163295463254158,-0.03586119146191025,-0.04469781877358148,0.20156811006475014,0.11448931563888065,0.5936547517776489,ACCUMULATION,4,NONE,,True,True,4379,877,3502,3.993158494868871,,,
2026-07-08T00:00:00+0000,2026-07-09T00:00:00+0000,2025-12-31T23:59:59+0000,XGB_V3_1_Y2026_N4379_P877_SEED42,62290.0,-0.05608876345485303,-0.1627424548450903,-0.05005886834878437,-0.03583861447222192,-0.060889744023480685,0.055233347861166106,0.11368826834116125,0.6101598143577576,ACCUMULATION,4,NONE,,True,True,4379,877,3502,3.993158494868871,,,
2026-07-09T00:00:00+0000,2026-07-10T00:00:00+0000,2025-12-31T23:59:59+0000,XGB_V3_1_Y2026_N4379_P877_SEED42,63230.0,-0.037667340943822514,-0.14865271073507635,-0.04816726958500395,-0.03606585874427837,-0.04671790840591883,0.19249807248551434,0.11285263074945132,0.6076930165290833,ACCUMULATION,4,NONE,,True,True,4379,877,3502,3.993158494868871,,,
2026-07-10T00:00:00+0000,2026-07-11T00:00:00+0000,2025-12-31T23:59:59+0000,XGB_V3_1_Y2026_N4379_P877_SEED42,64161.72,-0.0194714964673649,-0.13468291016340728,-0.04567236507533645,-0.035965243871990404,-0.032670905553158436,0.328611576271722,0.11227118804293072,0.6857826709747314,ACCUMULATION,4,NONE,,True,True,4379,877,3502,3.993158494868871,,,
2026-07-11T00:00:00+0000,2026-07-12T00:00:00+0000,2025-12-31T23:59:59+0000,XGB_V3_1_Y2026_N4379_P877_SEED42,63819.0,-0.021202659253988343,-0.1379292033256665,-0.04337634940845181,-0.035615615860624006,-0.037837896513638,0.2718327171887886,0.11379310739671374,0.6698093414306641,ACCUMULATION,4,NONE,,True,True,4379,877,3502,3.993158494868871,,,
2026-07-12T00:00:00+0000,2026-07-13T00:00:00+0000,2025-12-31T23:59:59+0000,XGB_V3_1_Y2026_N4379_P877_SEED42,63780.0,-0.017892946506217977,-0.13706366944624493,-0.04219306125533551,-0.03540880647803457,-0.03842587692755817,0.2701002734963723,0.11293010597043363,0.6718930602073669,ACCUMULATION,4,NONE,,True,True,4379,877,3502,3.993158494868871,,,
2026-07-13T00:00:00+0000,2026-07-14T00:00:00+0000,2025-12-31T23:59:59+0000,XGB_V3_1_Y2026_N4379_P877_SEED42,62334.52,-0.035776770278214576,-0.15519833819924744,-0.04130463904729964,-0.03535893067164331,-0.06021854176635966,0.06643886343735761,0.11248276075317541,0.5869471430778503,ACCUMULATION,4,NONE,,True,True,4379,877,3502,3.993158494868871,,,
2026-07-14T00:00:00+0000,2026-07-15T00:00:00+0000,2025-12-31T23:59:59+0000,XGB_V3_1_Y2026_N4379_P877_SEED42,65043.98,0.009970920952524942,-0.11714217226215973,-0.04040122101950072,-0.03504212865870637,-0.0193695824766158,0.39968266944888314,0.11986003741637363,0.7416948080062866,ACCUMULATION,4,NONE,,True,True,4379,877,3502,3.993158494868871,,,
2026-07-15T00:00:00+0000,2026-07-16T00:00:00+0000,2025-12-31T23:59:59+0000,XGB_V3_1_Y2026_N4379_P877_SEED42,64756.28,0.009004907601269041,-0.1196658477212682,-0.03958157285792596,-0.034621622525646045,-0.013989034794208544,0.32578338924820804,0.12007138224811988,0.7213668823242188,ACCUMULATION,4,NONE,,True,True,4379,877,3502,3.993158494868871,,,
2026-07-16T00:00:00+0000,2026-07-17T00:00:00+0000,2025-12-31T23:59:59+0000,XGB_V3_1_Y2026_N4379_P877_SEED42,63830.2,-0.002122656522574151,-0.1308303554181972,-0.03890077147209137,-0.03426937195373869,-0.01866091220125221,0.18146689482268555,0.1168164025047874,0.7385545969009399,ACCUMULATION,4,NONE,,True,True,4379,877,3502,3.993158494868871,,,
2026-07-17T00:00:00+0000,2026-07-18T00:00:00+0000,2025-12-31T23:59:59+0000,XGB_V3_1_Y2026_N4379_P877_SEED42,63931.67,0.002499660471501741,-0.12806511347987592,-0.03786836374977154,-0.03372737424471095,-0.017100890812647096,0.17514398308696508,0.11212779934939827,0.6703265309333801,ACCUMULATION,4,NONE,,True,True,4379,877,3502,3.993158494868871,,,
2026-07-18T00:00:00+0000,2026-07-19T00:00:00+0000,2025-12-31T23:59:59+0000,XGB_V3_1_Y2026_N4379_P877_SEED42,64834.22,0.01941030573372049,-0.11432719325947827,-0.03624177878543544,-0.03321937349934945,-0.003224894909567344,0.28155575706263086,0.10554307309276835,0.6727332472801208,ACCUMULATION,4,NONE,,True,True,4379,877,3502,3.993158494868871,,,
2026-07-19T00:00:00+0000,2026-07-20T00:00:00+0000,2025-12-31T23:59:59+0000,XGB_V3_1_Y2026_N4379_P877_SEED42,64722.54,0.02059475285080814,-0.11446615782831482,-0.03482899989391963,-0.032673030042095874,-0.004941887012449131,0.24291429093848033,0.10008784550690016,0.6779948472976685,ACCUMULATION,4,NONE,,True,True,4379,877,3502,3.993158494868871,,,
2026-07-20T00:00:00+0000,2026-07-21T00:00:00+0000,2025-12-31T23:59:59+0000,XGB_V3_1_Y2026_N4379_P877_SEED42,65255.51,0.03173840971078157,-0.10573129401673287,-0.033433331518833764,-0.03220709111864639,0.0,0.34742632580811633,0.07874215897738206,0.46899452805519104,ACCUMULATION,4,NONE,,True,True,4379,877,3502,3.993158494868871,,,
2026-07-21T00:00:00+0000,2026-07-22T00:00:00+0000,2025-12-31T23:59:59+0000,XGB_V3_1_Y2026_N4379_P877_SEED42,66556.16,0.053919908353843304,-0.08643981859013661,-0.031446901697453344,-0.03182144225012873,0.0,0.5927587361339046,0.07165416863126596,0.46442994475364685,ACCUMULATION,4,NONE,,True,True,4379,877,3502,3.993158494868871,,,
2026-07-22T00:00:00+0000,2026-07-23T00:00:00+0000,2025-12-31T23:59:59+0000,XGB_V3_1_Y2026_N4379_P877_SEED42,66114.49,0.04714038918901342,-0.09097291884797654,-0.02777662983044593,-0.031738115921270516,-0.006636049916341258,0.4561526671919855,0.06987829078600064,0.46442994475364685,ACCUMULATION,4,NONE,,True,True,4379,877,3502,3.993158494868871,,,
2026-07-23T00:00:00+0000,2026-07-24T00:00:00+0000,2025-12-31T23:59:59+0000,XGB_V3_1_Y2026_N4379_P877_SEED42,65098.97,0.03074408002087714,-0.10330628366879036,-0.023050221899892365,-0.03196071879307316,-0.021894141729330574,0.20745647453744573,0.06765181223376715,0.5242834091186523,ACCUMULATION,4,NONE,,True,True,4379,877,3502,3.993158494868871,,,
2026-07-24T00:00:00+0000,2026-07-25T00:00:00+0000,2025-12-31T23:59:59+0000,XGB_V3_1_Y2026_N4379_P877_SEED42,64139.99,0.015478397853232018,-0.11470351249690114,-0.01924628718339738,-0.03234740163229077,-0.03630272539761914,-0.02544694851757093,0.06591985602323032,0.5609145760536194,ACCUMULATION,4,NONE,,True,True,4379,877,3502,3.993158494868871,,,
2026-07-25T00:00:00+0000,2026-07-26T00:00:00+0000,2025-12-31T23:59:59+0000,XGB_V3_1_Y2026_N4379_P877_SEED42,64375.0,0.01812928370284861,-0.10965494226063888,-0.014797059366418952,-0.032849719546271694,-0.03277172240706194,0.021661719209541557,0.06534064896570393,0.5883468985557556,ACCUMULATION,4,NONE,,True,True,4379,877,3502,3.993158494868871,,,
2026-07-26T00:00:00+0000,2026-07-27T00:00:00+0000,2025-12-31T23:59:59+0000,XGB_V3_1_Y2026_N4379_P877_SEED42,65399.99,0.03286491049429796,-0.09385172286677201,-0.010114151651411163,-0.03319768184287164,-0.01737134474104285,0.243550052170217,0.06687197247820538,0.5423966646194458,ACCUMULATION,4,NONE,,True,True,4379,877,3502,3.993158494868871,,,
2026-07-27T00:00:00+0000,2026-07-28T00:00:00+0000,2025-12-31T23:59:59+0000,XGB_V3_1_Y2026_N4379_P877_SEED42,63755.86,0.006764310070621837,-0.11495536694608754,-0.006974314428023876,-0.03342535358842702,-0.042074242263976824,-0.1450443995464213,0.06593799377177936,0.6586257815361023,ACCUMULATION,4,NONE,,True,True,4379,877,3502,3.993158494868871,,,
2026-07-28T00:00:00+0000,2026-07-29T00:00:00+0000,2025-12-31T23:59:59+0000,XGB_V3_1_Y2026_N4379_P877_SEED42,63915.0,0.009013102084464375,-0.11109726967320133,-0.0040197717946907074,-0.03352796495444477,-0.03968317883724071,-0.14068402917625228,0.05930593719874085,0.6599658131599426,ACCUMULATION,4,NONE,,True,True,4379,877,3502,3.993158494868871,,,
2026-07-29T00:00:00+0000,2026-07-30T00:00:00+0000,2025-12-31T23:59:59+0000,XGB_V3_1_Y2026_N4379_P877_SEED42,63984.28,0.009388371913878979,-0.1084896527676511,-0.0004310235193863976,-0.03365884717443812,-0.03864225339923466,-0.13742308797128022,0.05711595790032918,0.6945414543151855,ACCUMULATION,4,NONE,,True,True,4379,877,3502,3.993158494868871,,,
2026-07-30T00:00:00+0000,2026-07-31T00:00:00+0000,2025-12-31T23:59:59+0000,XGB_V3_1_Y2026_N4379_P877_SEED42,64780.02,0.020888661526117236,-0.09574978226637187,0.0032637209613994855,-0.03383402495874577,-0.02668633526934261,0.07030589489278859,0.05701558174041022,0.6937931776046753,ACCUMULATION,4,NONE,,True,True,4379,877,3502,3.993158494868871,,,
2026-07-31T00:00:00+0000,2026-08-01T00:00:00+0000,2025-12-31T23:59:59+0000,XGB_V3_1_Y2026_N4379_P877_SEED42,62887.88,-0.00869954817968821,-0.1204177810917113,0.004571844039623185,-0.03420833798362333,-0.055115559551512705,-0.40653136829037384,0.06054502214130872,0.7710874080657959,ACCUMULATION,4,NONE,,True,True,4379,877,3502,3.993158494868871,,,
2026-08-01T00:00:00+0000,2026-08-02T00:00:00+0000,2025-12-31T23:59:59+0000,XGB_V3_1_Y2026_N4379_P877_SEED42,62823.64,-0.009475968728246853,-0.11930906770588234,0.004537926333198161,-0.03485223409352001,-0.056080759466892394,-0.38891266610658637,0.06399023268177259,0.770986020565033,ACCUMULATION,4,NONE,,True,True,4379,877,3502,3.993158494868871,,,
2026-08-02T00:00:00+0000,2026-08-03T00:00:00+0000,2025-12-31T23:59:59+0000,XGB_V3_1_Y2026_N4379_P877_SEED42,63570.0,0.002572436536699474,-0.10675622946688035,0.003952540169009255,-0.0354864011821594,-0.0448667711598747,-0.24537703752068182,0.058062444584118515,0.7710874080657959,ACCUMULATION,4,NONE,,True,True,4379,877,3502,3.993158494868871,,,
2026-08-03T00:00:00+0000,2026-08-04T00:00:00+0000,2025-12-31T23:59:59+0000,XGB_V3_1_Y2026_N4379_P877_SEED42,63520.0,0.00248789972484742,-0.10544230929008813,0.003166801700194233,-0.03620248988447705,-0.04561801642402452,-0.2349583721012421,0.05897771345329035,0.7738404870033264,ACCUMULATION,4,NONE,,True,True,4379,877,3502,3.993158494868871,,,
2026-08-04T00:00:00+0000,2026-08-05T00:00:00+0000,2025-12-31T23:59:59+0000,XGB_V3_1_Y2026_N4379_P877_SEED42,64106.56,0.01245528651090888,-0.09517830495061463,0.0014108844177440627,-0.036825167537988035,-0.036805007981229765,-0.07209580048921095,0.05893287745949709,0.6978544592857361,ACCUMULATION,4,NONE,,True,True,4379,877,3502,3.993158494868871,,,
2026-08-05T00:00:00+0000,2026-08-06T00:00:00+0000,2025-12-31T23:59:59+0000,XGB_V3_1_Y2026_N4379_P877_SEED42,64665.23,0.021604385836219375,-0.08532539531278238,-0.00033630655177474544,-0.03731866762555336,-0.028411044146777753,0.06460790501094375,0.0584743146234406,0.6937931776046753,ACCUMULATION,4,NONE,,True,True,4379,877,3502,3.993158494868871,,,
2026-08-06T00:00:00+0000,2026-08-07T00:00:00+0000,2025-12-31T23:59:59+0000,XGB_V3_1_Y2026_N4379_P877_SEED42,64323.61,0.01626700960045735,-0.08826503200268476,-0.0005287971828324967,-0.03779013836130207,-0.033543852289555254,-0.03149359770115323,0.05806253023467979,0.6978544592857361,ACCUMULATION,4,NONE,,True,True,4379,877,3502,3.993158494868871,,,
2026-08-07T00:00:00+0000,2026-08-08T00:00:00+0000,2025-12-31T23:59:59+0000,XGB_V3_1_Y2026_N4379_P877_SEED42,64923.19,0.02510338738117479,-0.07795587379253499,-0.00016992907816371083,-0.03812825980623791,-0.02453521957997573,0.1272817985015519,0.058186790865873146,0.6829860806465149,ACCUMULATION,4,NONE,,True,True,4379,877,3502,3.993158494868871,,,
2026-08-08T00:00:00+0000,2026-08-09T00:00:00+0000,2025-12-31T23:59:59+0000,XGB_V3_1_Y2026_N4379_P877_SEED42,64962.6,0.025266323733016183,-0.07585630358038908,-0.000433446356339906,-0.03822495709242468,-0.0239430880627729,0.1338781025029628,0.05848553557735777,0.6764242649078369,ACCUMULATION,4,NONE,,True,True,4379,877,3502,3.993158494868871,,,
2026-08-09T00:00:00+0000,2026-08-10T00:00:00+0000,2025-12-31T23:59:59+0000,XGB_V3_1_Y2026_N4379_P877_SEED42,64901.59,0.02410832693788878,-0.07510895366440007,-0.0012731130114447264,-0.03835316517144327,-0.024859757534088645,0.12395293218667537,0.05776325381023817,0.6764242649078369,ACCUMULATION,4,NONE,,True,True,4379,877,3502,3.993158494868871,,,
2026-08-10T00:00:00+0000,2026-08-11T00:00:00+0000,2025-12-31T23:59:59+0000,XGB_V3_1_Y2026_N4379_P877_SEED42,63970.01,0.00919897739399711,-0.08671936228973776,-0.0008332658493848122,-0.038562464927357265,-0.03885665879762301,-0.10682520198221793,0.04961925607255577,0.6978544592857361,ACCUMULATION,4,NONE,,True,True,4379,877,3502,3.993158494868871,,,
2026-08-11T00:00:00+0000,2026-08-12T00:00:00+0000,2025-12-31T23:59:59+0000,XGB_V3_1_Y2026_N4379_P877_SEED42,63600.0,0.0034946385222185405,-0.0903135154227881,-0.0007273985745289702,-0.03872965912472681,-0.04441602400138478,-0.2104457188351919,0.043321950061208675,0.7738404870033264,ACCUMULATION,4,NONE,,True,True,4379,877,3502,3.993158494868871,,,
2026-08-12T00:00:00+0000,2026-08-13T00:00:00+0000,2025-12-31T23:59:59+0000,XGB_V3_1_Y2026_N4379_P877_SEED42,63479.99,0.0013655454360586017,-0.0903552005374001,-0.0002123807056689797,-0.03875295454407057,-0.0462191628843972,-0.2301443369416773,0.04231156620917915,0.7738404870033264,ACCUMULATION,4,NONE,,True,True,4379,877,3502,3.993158494868871,,,
2026-08-13T00:00:00+0000,2026-08-14T00:00:00+0000,2025-12-31T23:59:59+0000,XGB_V3_1_Y2026_N4379_P877_SEED42,63490.86,0.000775187532547239,-0.0886859559343085,0.0012518472954372584,-0.03838107937205837,-0.04605584216397107,-0.21016513087938016,0.0431398007253686,0.7738404870033264,ACCUMULATION,4,NONE,,True,True,4379,877,3502,3.993158494868871,,,
2026-08-14T00:00:00+0000,2026-08-15T00:00:00+0000,2025-12-31T23:59:59+0000,XGB_V3_1_Y2026_N4379_P877_SEED42,63043.56,-0.007292336150129253,-0.09346001617741695,0.0029810645761418897,-0.038177625415707794,-0.05277648229705567,-0.3329619000553708,0.045123193483062,0.7738404870033264,ACCUMULATION,4,NONE,,True,True,4379,877,3502,3.993158494868871,,,
2026-08-15T00:00:00+0000,2026-08-16T00:00:00+0000,2025-12-31T23:59:59+0000,XGB_V3_1_Y2026_N4379_P877_SEED42,63086.01,-0.007558025093200471,-0.09113991345885919,0.00424541663123601,-0.03826013967537967,-0.05213867506779235,-0.29847659652362935,0.04213449250577606,0.7738404870033264,ACCUMULATION,4,NONE,,True,True,4379,877,3502,3.993158494868871,,,
2026-08-16T00:00:00+0000,2026-08-17T00:00:00+0000,2025-12-31T23:59:59+0000,XGB_V3_1_Y2026_N4379_P877_SEED42,62900.0,-0.011377283972309526,-0.09209315089918535,0.005211567759549229,-0.038267222868289874,-0.05493345769948266,-0.33499658152495837,0.0442623251969278,0.7738404870033264,ACCUMULATION,4,NONE,,True,True,4379,877,3502,3.993158494868871,,,
2026-08-17T00:00:00+0000,2026-08-18T00:00:00+0000,2025-12-31T23:59:59+0000,XGB_V3_1_Y2026_N4379_P877_SEED42,64532.1,0.012697641333677678,-0.06718081395296438,0.00615251600921396,-0.037878820461499596,-0.030411309787103158,0.22660711143341988,0.04521855550243304,0.6549986004829407,ACCUMULATION,4,NONE,,True,True,4379,877,3502,3.993158494868871,,,
2026-08-18T00:00:00+0000,2026-08-19T00:00:00+0000,2025-12-31T23:59:59+0000,XGB_V3_1_Y2026_N4379_P877_SEED42,64725.42,0.014309899333345921,-0.06306348141970686,0.0071113893641008286,-0.03746216076136921,-0.02750669509779413,0.2719791765068064,0.0466424548838691,0.6379817128181458,ACCUMULATION,4,NONE,,True,True,4379,877,3502,3.993158494868871,,,
2026-08-19T00:00:00+0000,2026-08-20T00:00:00+0000,2025-12-31T23:59:59+0000,XGB_V3_1_Y2026_N4379_P877_SEED42,69334.79,0.08290813526349661,0.004343481846829533,0.01029952544329893,-0.03635630680991586,0.0,0.9331790876185874,0.08674839354247733,0.516599178314209,ACCUMULATION,4,NONE,,True,True,4379,877,3502,3.993158494868871,,,
2026-08-20T00:00:00+0000,2026-08-21T00:00:00+0000,2025-12-31T23:59:59+0000,XGB_V3_1_Y2026_N4379_P877_SEED42,73025.15,0.13593294009513102,0.058102069994479644,0.014191922688801206,-0.034717616162037945,0.0,0.8892743427413009,0.14569151218027024,0.5187437534332275,ACCUMULATION,4,NONE,,True,True,4379,877,3502,3.993158494868871,,,
2026-08-21T00:00:00+0000,2026-08-22T00:00:00+0000,2025-12-31T23:59:59+0000,XGB_V3_1_Y2026_N4379_P877_SEED42,78338.03,0.21224907445689833,0.135116289705411,0.019620892032576,-0.032540666438925614,0.0,0.858344673041034,0.22994571979165462,0.5245516300201416,ACCUMULATION,4,NONE,,True,True,4379,877,3502,3.993158494868871,,,
2026-08-22T00:00:00+0000,2026-08-23T00:00:00+0000,2025-12-31T23:59:59+0000,XGB_V3_1_Y2026_N4379_P877_SEED42,77074.93,0.18737766436428327,0.11670844026928084,0.023953084067076746,-0.030180024605247602,-0.016123714114332555,0.6089030948379521,0.2726740088732119,0.6590732336044312,ACCUMULATION,4,NONE,,True,True,4379,877,3502,3.993158494868871,,,
2026-08-23T00:00:00+0000,2026-08-24T00:00:00+0000,2025-12-31T23:59:59+0000,XGB_V3_1_Y2026_N4379_P877_SEED42,77734.0,0.1921717707907924,0.1258848556208263,0.027773702994325244,-0.027667274443883172,-0.007710558971166348,0.5331671527079207,0.30664512002500527,0.6779640316963196,ACCUMULATION,4,NONE,,True,True,4379,877,3502,3.993158494868871,,,
2026-08-24T00:00:00+0000,2026-08-25T00:00:00+0000,2025-12-31T23:59:59+0000,XGB_V3_1_Y2026_N4379_P877_SEED42,78992.75,0.20580203619184623,0.1427853462034483,0.0315537586349981,-0.024374590515690464,0.0,0.4997807037855264,0.3387623499699745,0.6435003876686096,ACCUMULATION,4,NONE,,True,True,4379,877,3502,3.993158494868871,,,
2026-08-25T00:00:00+0000,2026-08-26T00:00:00+0000,2025-12-31T23:59:59+0000,XGB_V3_1_Y2026_N4379_P877_SEED42,78539.14,0.19359508828935956,0.1355692342621715,0.03514498469654903,-0.021708413658989234,-0.005742425728943457,0.4180588098714712,0.36065596848633136,0.6441478729248047,ACCUMULATION,4,NONE,,True,True,4379,877,3502,3.993158494868871,,,
2026-08-26T00:00:00+0000,2026-08-27T00:00:00+0000,2025-12-31T23:59:59+0000,XGB_V3_1_Y2026_N4379_P877_SEED42,79023.75,0.1952707133829381,0.1417725380771615,0.03913338068286043,-0.018983654971548525,0.0,0.3856422836920581,0.3773941439099123,0.6441478729248047,ACCUMULATION,4,NONE,,True,True,4379,877,3502,3.993158494868871,,,
2026-08-27T00:00:00+0000,2026-08-28T00:00:00+0000,2025-12-31T23:59:59+0000,XGB_V3_1_Y2026_N4379_P877_SEED42,80249.58,0.20725302639759136,0.15865363451380987,0.04315409122355307,-0.016349097697683668,0.0,0.3816764662740287,0.39438664094763626,0.6360090374946594,ACCUMULATION,4,NONE,,True,True,4379,877,3502,3.993158494868871,,,
2026-08-28T00:00:00+0000,2026-08-29T00:00:00+0000,2025-12-31T23:59:59+0000,XGB_V3_1_Y2026_N4379_P877_SEED42,77845.87,0.1659648798318154,0.12332350638391754,0.04627511089058123,-0.014159088742698334,-0.02995292934866456,0.26609489527411256,0.3978036990075884,0.7059041857719421,ACCUMULATION,4,NONE,,True,True,4379,877,3502,3.993158494868871,,,
2026-08-29T00:00:00+0000,2026-08-30T00:00:00+0000,2025-12-31T23:59:59+0000,XGB_V3_1_Y2026_N4379_P877_SEED42,78230.0,0.16680112845285144,0.12810236324416335,0.047169300329302555,-0.011765389704873619,-0.025166237630153354,0.25314527658638303,0.3985391364056867,0.7059041857719421,ACCUMULATION,4,NONE,,True,True,4379,877,3502,3.993158494868871,,,
2026-08-30T00:00:00+0000,2026-08-31T00:00:00+0000,2025-12-31T23:59:59+0000,XGB_V3_1_Y2026_N4379_P877_SEED42,77682.0,0.1538561217436829,0.1193445749182096,0.04724664000748646,-0.009203573837183288,-0.03199493380526108,0.21126230312321395,0.3916000863713133,0.6529322862625122,ACCUMULATION,4,NONE,,True,True,4379,877,3502,3.993158494868871,,,
2026-08-31T00:00:00+0000,2026-09-01T00:00:00+0000,2025-12-31T23:59:59+0000,XGB_V3_1_Y2026_N4379_P877_SEED42,78581.29,0.16210397893818285,0.13129945936053256,0.04638951919482337,-0.006480944787910503,-0.020788769237172433,0.22007916402445873,0.38144330947523,0.6386662721633911,ACCUMULATION,4,NONE,,True,True,4379,877,3502,3.993158494868871,,,
2026-09-01T00:00:00+0000,2026-09-02T00:00:00+0000,2025-12-31T23:59:59+0000,XGB_V3_1_Y2026_N4379_P877_SEED42,77439.0,0.140117715553028,0.114165897995812,0.046371201563848,-0.004033190568108358,-0.03502298703619389,0.15917532810924317,0.3644098896300834,0.6217430233955383,ACCUMULATION,4,NONE,,True,True,4379,877,3502,3.993158494868871,,,
2026-09-02T00:00:00+0000,2026-09-03T00:00:00+0000,2025-12-31T23:59:59+0000,XGB_V3_1_Y2026_N4379_P877_SEED42,77340.01,0.1345525054401595,0.11214025773309322,0.045460052114350225,-0.0018368894071292274,-0.036256513741255825,0.1363040153978177,0.34298097152231205,0.5345179438591003,ACCUMULATION,4,NONE,,True,True,4379,877,3502,3.993158494868871,,,
