strategy,model,signal_date,signal_available_at,execution_4h_open,btc_close,eth_execution_price,sma10,sma20,sma50,sma200,ahr999,bear_risk,ai_enabled,ai_intervention,ai_intervention_reason,state_before,state_after,stage_before,stage_after,active_target_before,active_target_after,crypto_exposure_before,crypto_exposure_after,tactical_bear_cash_after,temporary_hedge_cash_after,actions,distribution_confirmed,early_bear_confirmed,stage3_confirmed,deep_bear_structural_confirmed,crash_level1_raw,crash_level2_market_raw,right_50_confirmed,right_60_confirmed,new_bull_gate_1,new_bull_gate_2,new_bull_gate_3,new_bull_gate_4,new_bull_gate_5,new_bull_gate_6,new_bull_gate_7
MODEL B - BTC+ETH Fixed DCA + V3.1 FSM,B,2021-11-01T00:00:00+0000,2021-11-02T00:00:00+0000,2021-11-02T00:00:00+0000,60911.11,4319.43,61085.97000000001,61241.20850000001,53113.9094,45254.598249999995,3.067512052644287,,False,NONE,,BEAR,BEAR,3,3,0.55,0.55,0.3617035030970717,0.3617035030970717,116225.22390634895,0.0,,False,False,False,False,False,False,False,True,True,True,True,True,True,True,True
MODEL B - BTC+ETH Fixed DCA + V3.1 FSM,B,2021-11-02T00:00:00+0000,2021-11-03T00:00:00+0000,2021-11-03T00:00:00+0000,63219.99,4589.68,61279.29400000001,61533.85800000001,53479.4946,45264.0242,3.299668746132916,,False,NONE,,BEAR,BEAR,3,3,0.55,0.55,0.37564719172360117,0.37564719172360117,116225.22390634895,0.0,,False,False,False,False,False,False,False,True,True,True,True,True,True,True,True
MODEL B - BTC+ETH Fixed DCA + V3.1 FSM,B,2021-11-03T00:00:00+0000,2021-11-04T00:00:00+0000,2021-11-04T00:00:00+0000,62896.48,4603.35,61483.719999999994,61811.284999999996,53795.1938,45278.4733,3.26087670481413,,False,NONE,,BEAR,BEAR,3,3,0.55,0.55,0.3763076665106394,0.3763076665106394,116225.22390634895,0.0,,False,False,False,False,False,False,False,True,True,True,True,True,True,True,True
MODEL B - BTC+ETH Fixed DCA + V3.1 FSM,B,2021-11-04T00:00:00+0000,2021-11-05T00:00:00+0000,2021-11-05T00:00:00+0000,61395.01,4532.31,61315.34300000001,61797.4145,54060.6658,45304.698300000004,3.101382304902943,,False,NONE,,BEAR,BEAR,3,3,0.55,0.55,0.37262377963486937,0.37262377963486937,116225.22390634895,0.0,,False,False,False,False,False,False,False,True,True,True,True,True,True,True,True
MODEL B - BTC+ETH Fixed DCA + V3.1 FSM,B,2021-11-05T00:00:00+0000,2021-11-06T00:00:00+0000,2021-11-06T00:00:00+0000,60937.12,4474.24,61376.174,61800.49199999999,54324.6518,45331.2182,3.049705481101657,,False,NONE,,BEAR,BEAR,3,3,0.55,0.55,0.3697029297776809,0.3697029297776809,116225.22390634895,0.0,,False,False,False,False,False,False,False,True,True,True,True,True,True,True,True
MODEL B - BTC+ETH Fixed DCA + V3.1 FSM,B,2021-11-06T00:00:00+0000,2021-11-07T00:00:00+0000,2021-11-07T00:00:00+0000,61470.61,4518.0,61681.891,61797.60600000001,54608.064399999996,45356.44625,3.0977518475369124,,False,NONE,,BEAR,BEAR,3,3,0.55,0.55,0.37200285707168257,0.37200285707168257,116225.22390634895,0.0,,False,False,False,False,False,False,False,False,True,True,True,True,True,True,True
MODEL B - BTC+ETH Fixed DCA + V3.1 FSM,B,2021-11-07T00:00:00+0000,2021-11-08T00:00:00+0000,2021-11-08T00:00:00+0000,63273.59,4612.59,61951.66100000001,61860.79350000001,54907.68140000001,45403.876050000006,3.2746274216049183,,False,NONE,,BEAR,BEAR,3,3,0.55,0.55,0.3769719113054705,0.3769719113054705,116225.22390634895,0.0,,False,False,False,False,False,False,False,True,True,True,True,True,True,True,True
MODEL B - BTC+ETH Fixed DCA + V3.1 FSM,B,2021-11-08T00:00:00+0000,2021-11-09T00:00:00+0000,2021-11-09T00:00:00+0000,67525.83,4807.98,62478.873,62023.055499999995,55313.363,45483.0504,3.718429384101314,,False,NONE,,BEAR,BEAR,3,3,0.55,0.55,0.3870301219724491,0.3870301219724491,116225.22390634895,0.0,,False,False,False,False,False,False,False,True,True,True,True,True,True,True,True
MODEL B - BTC+ETH Fixed DCA + V3.1 FSM,B,2021-11-09T00:00:00+0000,2021-11-10T00:00:00+0000,2021-11-10T00:00:00+0000,66947.66,4732.33,62987.72000000001,62070.368,55792.0038,45562.163,3.6441415138649074,,False,NONE,,BEAR,BEAR,3,3,0.55,0.55,0.3833828836263001,0.3833828836263001,116225.22390634895,0.0,,False,False,False,False,False,False,True,True,True,True,True,True,True,True,True
MODEL B - BTC+ETH Fixed DCA + V3.1 FSM,B,2021-11-10T00:00:00+0000,2021-11-11T00:00:00+0000,2021-11-11T00:00:00+0000,64882.43,4628.68,63345.98299999999,62204.83200000001,56274.9648,45636.33595,3.4129649423884665,,False,NONE,,BEAR,BEAR,3,3,0.55,0.55,0.37810820553191,0.37810820553191,116225.22390634895,0.0,,False,False,False,False,False,False,True,True,True,True,True,True,True,True,True
MODEL B - BTC+ETH Fixed DCA + V3.1 FSM,B,2021-11-11T00:00:00+0000,2021-11-12T00:00:00+0000,2021-11-12T00:00:00+0000,64774.26,4719.0,63732.297999999995,62409.134,56699.57779999999,45714.8734,3.3915288427252333,,False,NONE,,BEAR,BEAR,3,3,0.55,0.55,0.3824957017785871,0.3824957017785871,116225.22390634895,0.0,,False,False,False,False,False,False,True,True,True,True,True,True,True,True,True
MODEL B - BTC+ETH Fixed DCA + V3.1 FSM,B,2021-11-12T00:00:00+0000,2021-11-13T00:00:00+0000,2021-11-13T00:00:00+0000,64122.23,4665.47,63822.522,62550.907999999996,57084.7172,45765.4776,3.3157914002518356,,False,NONE,,BEAR,BEAR,3,3,0.55,0.55,0.3798549137976677,0.3798549137976677,116225.22390634895,0.0,,False,False,False,False,False,False,True,True,True,True,True,True,True,True,True
MODEL B - BTC+ETH Fixed DCA + V3.1 FSM,B,2021-11-13T00:00:00+0000,2021-11-14T00:00:00+0000,2021-11-14T00:00:00+0000,64380.0,4644.27,63970.873999999996,62727.297,57516.1058,45812.31775,3.3349368067505263,,False,NONE,,BEAR,BEAR,3,3,0.55,0.55,0.37890402034784376,0.37890402034784376,116225.22390634895,0.0,,False,False,False,False,False,False,True,True,True,True,True,True,True,True,True
MODEL B - BTC+ETH Fixed DCA + V3.1 FSM,B,2021-11-14T00:00:00+0000,2021-11-15T00:00:00+0000,2021-11-15T00:00:00+0000,65519.1,4626.5,64383.28300000001,62849.313,57973.075,45865.68215,3.4456883659590165,,False,NONE,,BEAR,BEAR,3,3,0.55,0.55,0.3782523303573971,0.3782523303573971,116225.22390634895,0.0,,False,False,False,False,False,False,True,True,True,True,True,True,True,True,True
MODEL B - BTC+ETH Fixed DCA + V3.1 FSM,B,2021-11-15T00:00:00+0000,2021-11-16T00:00:00+0000,2021-11-16T00:00:00+0000,63606.74,4563.77,64650.24500000001,63013.20950000001,58381.9918,45915.94085,3.2398953931485863,,False,NONE,,BEAR,BEAR,3,3,0.55,0.55,0.37492616371669696,0.37492616371669696,116225.22390634895,0.0,,False,False,False,False,False,False,True,True,True,True,True,True,True,True,True
MODEL B - BTC+ETH Fixed DCA + V3.1 FSM,B,2021-11-16T00:00:00+0000,2021-11-17T00:00:00+0000,2021-11-17T00:00:00+0000,60058.87,4209.59,64509.07100000001,63095.48099999999,58740.2222,45927.763849999996,2.88421427716585,,False,NONE,,BEAR,BEAR,3,3,0.55,0.55,0.3564625549714571,0.3564625549714571,116225.22390634895,0.0,,False,False,False,False,False,False,False,True,True,True,True,True,True,True,True
MODEL B - BTC+ETH Fixed DCA + V3.1 FSM,B,2021-11-17T00:00:00+0000,2021-11-18T00:00:00+0000,2021-11-18T00:00:00+0000,60344.87,4288.07,64216.19900000001,63083.93000000001,59126.5888,45940.48635,2.9073281716983876,,False,NONE,,BEAR,BEAR,3,3,0.55,0.55,0.3606152326295894,0.3606152326295894,116225.22390634895,0.0,,False,False,False,False,False,False,False,True,True,True,True,True,True,True,True
MODEL B - BTC+ETH Fixed DCA + V3.1 FSM,B,2021-11-18T00:00:00+0000,2021-11-19T00:00:00+0000,2021-11-19T00:00:00+0000,56891.62,3996.9,63152.778000000006,62815.8255,59433.935600000004,45942.0534,2.580807844382899,,False,NONE,,BEAR,BEAR,3,3,0.55,0.55,0.34471756675512377,0.34471756675512377,116225.22390634895,0.0,,True,False,False,False,False,False,False,False,True,True,True,True,False,True,True
MODEL B - BTC+ETH Fixed DCA + V3.1 FSM,B,2021-11-19T00:00:00+0000,2021-11-20T00:00:00+0000,2021-11-20T00:00:00+0000,58052.24,4294.75,62263.236,62625.478,59718.4984,45946.46765,2.6835887319157057,,False,NONE,,BEAR,BEAR,3,3,0.55,0.55,0.36066431810915695,0.36066431810915695,116225.22390634895,0.0,,True,True,False,False,False,False,False,False,True,True,True,True,False,True,True
MODEL B - BTC+ETH Fixed DCA + V3.1 FSM,B,2021-11-20T00:00:00+0000,2021-11-21T00:00:00+0000,2021-11-21T00:00:00+0000,59707.51,4412.17,61745.744000000006,62545.8635,59949.816399999996,45979.00515,2.8332783405338984,,False,NONE,,BEAR,BEAR,3,3,0.55,0.55,0.3669571075642542,0.3669571075642542,116225.22390634895,0.0,,True,True,False,False,False,False,False,False,True,True,True,True,False,True,True
MODEL B - BTC+ETH Fixed DCA + V3.1 FSM,B,2021-11-21T00:00:00+0000,2021-11-22T00:00:00+0000,2021-11-22T00:00:00+0000,58622.02,4259.7,61130.520000000004,62431.409,60169.5588,45984.934700000005,2.727456032515885,,False,NONE,,BEAR,BEAR,3,3,0.55,0.55,0.35902888528518095,0.35902888528518095,116225.22390634895,0.0,,True,True,False,False,False,False,False,False,True,True,True,True,False,True,True
MODEL B - BTC+ETH Fixed DCA + V3.1 FSM,B,2021-11-22T00:00:00+0000,2021-11-23T00:00:00+0000,2021-11-23T00:00:00+0000,56247.18,4086.28,60343.015,62082.76849999999,60330.50220000001,45984.20220000001,2.507873472893024,,False,NONE,,BEAR,BEAR,3,3,0.55,0.55,0.3495643910427166,0.3495643910427166,116225.22390634895,0.0,,True,True,False,False,False,False,False,False,True,True,True,True,False,True,True
MODEL B - BTC+ETH Fixed DCA + V3.1 FSM,B,2021-11-23T00:00:00+0000,2021-11-24T00:00:00+0000,2021-11-24T00:00:00+0000,57541.27,4339.45,59659.14200000001,61815.007999999994,60496.828799999996,45985.334800000004,2.6212800077055314,,False,NONE,,BEAR,BEAR,3,3,0.55,0.55,0.36302970511623406,0.36302970511623406,116225.22390634895,0.0,,True,True,False,False,False,False,False,False,True,True,True,True,False,True,True
MODEL B - BTC+ETH Fixed DCA + V3.1 FSM,B,2021-11-24T00:00:00+0000,2021-11-25T00:00:00+0000,2021-11-25T00:00:00+0000,57138.29,4270.1,58821.06100000001,61602.172,60610.1548,45976.71599999999,2.5819726524694993,,False,NONE,,BEAR,BEAR,3,3,0.55,0.55,0.3594403892052745,0.3594403892052745,116225.22390634895,0.0,,True,True,False,False,False,False,False,False,True,True,True,True,False,True,True
MODEL B - BTC+ETH Fixed DCA + V3.1 FSM,B,2021-11-25T00:00:00+0000,2021-11-26T00:00:00+0000,2021-11-26T00:00:00+0000,58960.36,4524.48,58356.422999999995,61503.33400000001,60683.062000000005,45980.3136,2.745647452072198,,False,NONE,,BEAR,BEAR,3,3,0.55,0.55,0.3726510405545607,0.3726510405545607,116225.22390634895,0.0,,True,True,False,False,False,False,False,False,True,True,True,True,False,True,True
MODEL B - BTC+ETH Fixed DCA + V3.1 FSM,B,2021-11-26T00:00:00+0000,2021-11-27T00:00:00+0000,2021-11-27T00:00:00+0000,53726.53,4041.2,57723.189,61116.130000000005,60681.8882,45969.865549999995,2.2775202798787006,,False,NONE,,BEAR,BEAR,3,3,0.55,0.55,0.34687268558355167,0.34687268558355167,116225.22390634895,0.0,,True,True,False,False,False,False,False,False,True,True,True,True,False,True,True
MODEL B - BTC+ETH Fixed DCA + V3.1 FSM,B,2021-11-27T00:00:00+0000,2021-11-28T00:00:00+0000,2021-11-28T00:00:00+0000,54721.03,4095.29,57160.80500000001,60688.50199999999,60697.28020000001,45960.120599999995,2.360189307063124,,False,NONE,,BEAR,BEAR,3,3,0.55,0.55,0.34998060701265393,0.34998060701265393,116225.22390634895,0.0,,True,True,False,False,False,False,False,False,True,True,True,True,False,True,True
MODEL B - BTC+ETH Fixed DCA + V3.1 FSM,B,2021-11-28T00:00:00+0000,2021-11-29T00:00:00+0000,2021-11-29T00:00:00+0000,57274.88,4294.77,57199.13100000001,60175.95450000001,60743.7834,45998.3384,2.580283269128954,,False,NONE,,BEAR,BEAR,3,3,0.55,0.55,0.36089980871743094,0.36089980871743094,116225.22390634895,0.0,,True,True,False,False,False,False,False,False,True,True,True,True,False,True,True
MODEL B - BTC+ETH Fixed DCA + V3.1 FSM,B,2021-11-29T00:00:00+0000,2021-11-30T00:00:00+0000,2021-11-30T00:00:00+0000,57776.25,4444.54,57171.53199999999,59717.384,60806.1284,46038.8648,2.6200950454665635,,False,NONE,,BEAR,BEAR,3,3,0.55,0.55,0.368632021081135,0.368632021081135,116225.22390634895,0.0,,True,True,False,False,False,False,False,False,True,True,True,True,False,True,True
MODEL B - BTC+ETH Fixed DCA + V3.1 FSM,B,2021-11-30T00:00:00+0000,2021-12-01T00:00:00+0000,2021-12-01T00:00:00+0000,56950.56,4630.25,56895.837,59320.7905,60795.712600000006,46074.41035,2.540627971623526,,False,NONE,,BEAR,BEAR,3,3,0.55,0.55,0.37771865765670276,0.37771865765670276,116225.22390634895,0.0,,True,True,False,False,False,False,False,False,True,True,True,True,False,True,True
MODEL B - BTC+ETH Fixed DCA + V3.1 FSM,B,2021-12-01T00:00:00+0000,2021-12-02T00:00:00+0000,2021-12-02T00:00:00+0000,57184.07,4582.95,56752.042,58941.280999999995,60819.4554,46126.51575,2.555443971201479,,False,NONE,,BEAR,BEAR,3,3,0.55,0.55,0.37548107808788095,0.37548107808788095,116225.22390634895,0.0,,True,True,False,False,False,False,False,False,True,True,True,True,False,True,True
MODEL B - BTC+ETH Fixed DCA + V3.1 FSM,B,2021-12-02T00:00:00+0000,2021-12-03T00:00:00+0000,2021-12-03T00:00:00+0000,56480.34,4511.35,56775.35799999999,58559.186499999996,60801.7222,46176.75995,2.4871396832068133,,False,NONE,,BEAR,BEAR,3,3,0.55,0.55,0.37186691089686574,0.37186691089686574,116225.22390634895,0.0,,True,True,False,False,False,False,False,False,True,True,True,True,False,True,True
MODEL B - BTC+ETH Fixed DCA + V3.1 FSM,B,2021-12-03T00:00:00+0000,2021-12-04T00:00:00+0000,2021-12-04T00:00:00+0000,53601.05,4215.01,56381.335999999996,58020.239,60726.784400000004,46227.075,2.2348144084885724,,False,NONE,,BEAR,BEAR,3,3,0.55,0.55,0.3563250023545337,0.3563250023545337,116225.22390634895,0.0,,True,True,False,False,False,False,False,False,True,True,True,True,False,True,True
MODEL B - BTC+ETH Fixed DCA + V3.1 FSM,B,2021-12-04T00:00:00+0000,2021-12-05T00:00:00+0000,2021-12-05T00:00:00+0000,49152.47,4117.25,55582.754,57201.907499999994,60476.3854,46258.588449999996,1.875650718296458,,False,NONE,,BEAR,BEAR,3,3,0.55,0.55,0.3504240479043065,0.3504240479043065,116225.22390634895,0.0,,True,True,False,False,False,False,False,False,True,True,False,True,False,True,True
MODEL B - BTC+ETH Fixed DCA + V3.1 FSM,B,2021-12-05T00:00:00+0000,2021-12-06T00:00:00+0000,2021-12-06T00:00:00+0000,49396.33,4196.44,54626.351,56491.387,60246.800599999995,46322.11965,1.889370259982329,,False,NONE,,BEAR,BEAR,3,3,0.55,0.55,0.3546881344799511,0.3546881344799511,116225.22390634895,0.0,,True,True,False,False,False,False,False,False,True,True,False,True,False,True,True
MODEL B - BTC+ETH Fixed DCA + V3.1 FSM,B,2021-12-06T00:00:00+0000,2021-12-07T00:00:00+0000,2021-12-07T00:00:00+0000,50441.92,4347.57,54297.89,56010.5395,60025.07239999999,46371.696050000006,1.965662558763776,,False,NONE,,BEAR,BEAR,3,3,0.55,0.55,0.3627395386104438,0.3627395386104438,116225.22390634895,0.0,,True,True,False,False,False,False,False,False,True,True,False,True,False,True,True
MODEL B - BTC+ETH Fixed DCA + V3.1 FSM,B,2021-12-07T00:00:00+0000,2021-12-08T00:00:00+0000,2021-12-08T00:00:00+0000,50588.95,4306.4,53884.68199999999,55522.7435,59796.6546,46438.380750000004,1.9718582892571745,,False,NONE,,BEAR,BEAR,3,3,0.55,0.55,0.36069382145812695,0.36069382145812695,116225.22390634895,0.0,,True,True,False,False,False,False,False,False,True,True,False,True,False,True,True
MODEL B - BTC+ETH Fixed DCA + V3.1 FSM,B,2021-12-08T00:00:00+0000,2021-12-09T00:00:00+0000,2021-12-09T00:00:00+0000,50471.19,4436.91,53204.313,55201.721999999994,59520.4666,46503.48805000001,1.957518256015376,,False,NONE,,BEAR,BEAR,3,3,0.55,0.55,0.36735753748100136,0.36735753748100136,116225.22390634895,0.0,,True,True,False,False,False,False,False,False,True,True,False,True,False,True,True
MODEL B - BTC+ETH Fixed DCA + V3.1 FSM,B,2021-12-09T00:00:00+0000,2021-12-10T00:00:00+0000,2021-12-10T00:00:00+0000,47545.59,4105.64,52181.247,54676.389500000005,59151.35019999999,46567.939750000005,1.7326093567646694,,False,NONE,,BEAR,BEAR,3,3,0.55,0.55,0.34971113232258927,0.34971113232258927,116225.22390634895,0.0,,True,True,False,False,False,False,False,False,True,True,False,True,False,True,True
MODEL B - BTC+ETH Fixed DCA + V3.1 FSM,B,2021-12-10T00:00:00+0000,2021-12-11T00:00:00+0000,2021-12-11T00:00:00+0000,47140.54,3898.31,51200.245,54048.041000000005,58850.297999999995,46609.66099999999,1.699587039142712,,False,NONE,,BEAR,BEAR,3,3,0.55,0.55,0.33844964210393863,0.33844964210393863,116225.22390634895,0.0,,True,True,False,False,False,False,False,False,True,True,False,True,False,True,True
MODEL B - BTC+ETH Fixed DCA + V3.1 FSM,B,2021-12-11T00:00:00+0000,2021-12-12T00:00:00+0000,2021-12-12T00:00:00+0000,49389.99,4089.68,50420.837,53586.4395,58624.333399999996,46664.98735,1.8611446875810593,,False,NONE,,BEAR,BEAR,3,3,0.55,0.55,0.34929184052443396,0.34929184052443396,116225.22390634895,0.0,,True,True,False,False,False,False,False,False,True,True,False,True,False,True,True
MODEL B - BTC+ETH Fixed DCA + V3.1 FSM,B,2021-12-12T00:00:00+0000,2021-12-13T00:00:00+0000,2021-12-13T00:00:00+0000,50053.9,4130.0,49778.193,53276.7755,58399.6764,46719.047300000006,1.9069467076098983,,False,NONE,,BEAR,BEAR,3,3,0.55,0.55,0.35159951146095836,0.35159951146095836,116225.22390634895,0.0,,True,True,False,False,False,False,False,False,True,True,False,True,False,True,True
MODEL B - BTC+ETH Fixed DCA + V3.1 FSM,B,2021-12-13T00:00:00+0000,2021-12-14T00:00:00+0000,2021-12-14T00:00:00+0000,46702.75,3781.92,49088.363,52734.8495,58116.687000000005,46759.91115,1.6566520913205856,,False,NONE,,BEAR,BEAR,3,3,0.55,0.55,0.3320143455905268,0.3320143455905268,116225.22390634895,0.0,,True,True,False,False,False,False,False,False,True,True,False,True,False,True,True
MODEL B - BTC+ETH Fixed DCA + V3.1 FSM,B,2021-12-14T00:00:00+0000,2021-12-15T00:00:00+0000,2021-12-15T00:00:00+0000,48343.28,3858.99,49007.444,52295.099,57821.97699999999,46823.310099999995,1.770490911272746,,False,NONE,,BEAR,BEAR,3,3,0.55,0.55,0.3366827187134029,0.3366827187134029,116225.22390634895,0.0,,True,True,False,False,False,False,False,False,True,True,False,True,False,True,True
MODEL B - BTC+ETH Fixed DCA + V3.1 FSM,B,2021-12-15T00:00:00+0000,2021-12-16T00:00:00+0000,2021-12-16T00:00:00+0000,48864.98,4019.54,48954.309,51790.33,57592.7004,46894.60925,1.8039302256032033,,False,NONE,,BEAR,BEAR,3,3,0.55,0.55,0.34560193117072646,0.34560193117072646,116225.22390634895,0.0,,True,True,False,False,False,False,False,False,True,True,False,True,False,True,True
MODEL B - BTC+ETH Fixed DCA + V3.1 FSM,B,2021-12-16T00:00:00+0000,2021-12-17T00:00:00+0000,2021-12-17T00:00:00+0000,47632.38,3959.11,48673.355,51485.6225,57377.0792,46954.56480000001,1.7097699602762784,,False,NONE,,BEAR,BEAR,3,3,0.55,0.55,0.3421283396877287,0.3421283396877287,116225.22390634895,0.0,,True,True,False,False,False,False,False,False,True,True,False,True,False,True,True
MODEL B - BTC+ETH Fixed DCA + V3.1 FSM,B,2021-12-17T00:00:00+0000,2021-12-18T00:00:00+0000,2021-12-18T00:00:00+0000,46131.2,3875.43,48227.58,51056.131,57088.1854,46998.95175,1.600206814889532,,False,NONE,,BEAR,BEAR,3,3,0.55,0.55,0.33728060082775824,0.33728060082775824,116225.22390634895,0.0,,True,True,False,False,False,False,False,False,True,True,False,True,False,True,True
MODEL B - BTC+ETH Fixed DCA + V3.1 FSM,B,2021-12-18T00:00:00+0000,2021-12-19T00:00:00+0000,2021-12-19T00:00:00+0000,46834.48,3959.93,47863.909,50534.111,56779.8008,47049.6587,1.6455598025045006,,False,NONE,,BEAR,BEAR,3,3,0.55,0.55,0.3421010808027523,0.3421010808027523,116225.22390634895,0.0,,True,True,True,False,False,False,False,False,False,True,False,True,False,True,True
MODEL B - BTC+ETH Fixed DCA + V3.1 FSM,B,2021-12-19T00:00:00+0000,2021-12-20T00:00:00+0000,2021-12-20T00:00:00+0000,46681.23,3924.14,47777.473,49979.36,56476.241599999994,47095.22145,1.6312125420025703,,False,NONE,,BEAR,BEAR,3,3,0.55,0.55,0.34015688700384,0.34015688700384,116225.22390634895,0.0,,True,True,True,False,False,False,False,False,False,True,False,True,False,True,True
MODEL B - BTC+ETH Fixed DCA + V3.1 FSM,B,2021-12-20T00:00:00+0000,2021-12-21T00:00:00+0000,2021-12-21T00:00:00+0000,46914.16,3944.72,47754.83500000001,49477.54,56188.5288,47133.558300000004,1.644162205203467,,False,NONE,,BEAR,BEAR,3,3,0.55,0.55,0.3413724313683499,0.3413724313683499,116225.22390634895,0.0,,True,True,True,False,False,False,False,False,False,True,False,True,False,True,True
MODEL B - BTC+ETH Fixed DCA + V3.1 FSM,B,2021-12-21T00:00:00+0000,2021-12-22T00:00:00+0000,2021-12-22T00:00:00+0000,48889.88,4014.41,47704.824,49062.8305,55948.1042,47193.862700000005,1.7810811821141566,,False,NONE,,BEAR,BEAR,3,3,0.55,0.55,0.3455901028514117,0.3455901028514117,116225.22390634895,0.0,,True,True,False,False,False,False,False,False,False,True,False,True,False,True,True
MODEL B - BTC+ETH Fixed DCA + V3.1 FSM,B,2021-12-22T00:00:00+0000,2021-12-23T00:00:00+0000,2021-12-23T00:00:00+0000,48588.16,3979.51,47558.25,48668.2215,55655.467599999996,47259.2375,1.7545667877405973,,False,NONE,,BEAR,BEAR,3,3,0.55,0.55,0.34368501885999975,0.34368501885999975,116225.22390634895,0.0,,True,True,False,False,False,False,False,False,False,True,False,True,False,True,True
MODEL B - BTC+ETH Fixed DCA + V3.1 FSM,B,2021-12-23T00:00:00+0000,2021-12-24T00:00:00+0000,2021-12-24T00:00:00+0000,50838.81,4111.41,47971.856,48530.1095,55414.3142,47334.45,1.9154624851760897,,False,NONE,,BEAR,BEAR,3,3,0.55,0.55,0.3512453650576516,0.3512453650576516,116225.22390634895,0.0,,False,False,False,False,False,False,False,False,False,True,False,True,False,True,True
MODEL B - BTC+ETH Fixed DCA + V3.1 FSM,B,2021-12-24T00:00:00+0000,2021-12-25T00:00:00+0000,2021-12-25T00:00:00+0000,50820.0,4046.35,48219.528000000006,48613.486,55202.814000000006,47420.78605,1.90820681927579,,False,NONE,,BEAR,BEAR,3,3,0.55,0.55,0.3478176348589564,0.3478176348589564,116225.22390634895,0.0,,False,False,False,False,False,False,False,False,False,True,False,True,False,True,True
MODEL B - BTC+ETH Fixed DCA + V3.1 FSM,B,2021-12-25T00:00:00+0000,2021-12-26T00:00:00+0000,2021-12-26T00:00:00+0000,50399.66,4094.36,48372.996,48663.652500000004,54992.06480000001,47505.88029999999,1.8711020061565828,,False,NONE,,BEAR,BEAR,3,3,0.55,0.55,0.35033559761855365,0.35033559761855365,116225.22390634895,0.0,,False,False,False,False,False,False,False,False,False,True,False,True,False,True,True
MODEL B - BTC+ETH Fixed DCA + V3.1 FSM,B,2021-12-26T00:00:00+0000,2021-12-27T00:00:00+0000,2021-12-27T00:00:00+0000,50775.49,4063.57,48687.307,48680.331,54778.1624,47572.8175,1.8941041591204906,,False,NONE,,BEAR,BEAR,3,3,0.55,0.55,0.34881304233028176,0.34881304233028176,116225.22390634895,0.0,,False,False,False,False,False,False,False,False,False,True,False,True,False,True,True
MODEL B - BTC+ETH Fixed DCA + V3.1 FSM,B,2021-12-27T00:00:00+0000,2021-12-28T00:00:00+0000,2021-12-28T00:00:00+0000,50701.44,4037.22,49144.331000000006,48685.9555,54526.719399999994,47642.9461,1.8834818525061858,,False,NONE,,BEAR,BEAR,3,3,0.55,0.55,0.34742998157313953,0.34742998157313953,116225.22390634895,0.0,,False,False,False,False,False,False,True,False,False,True,False,True,False,True,True
MODEL B - BTC+ETH Fixed DCA + V3.1 FSM,B,2021-12-28T00:00:00+0000,2021-12-29T00:00:00+0000,2021-12-29T00:00:00+0000,47543.74,3792.75,49215.257,48539.583,54127.077600000004,47694.0049,1.652370537115976,,False,NONE,,BEAR,BEAR,3,3,0.55,0.55,0.33343018365643073,0.33343018365643073,116225.22390634895,0.0,,False,False,False,False,False,False,False,False,False,True,False,True,False,True,True
MODEL B - BTC+ETH Fixed DCA + V3.1 FSM,B,2021-12-29T00:00:00+0000,2021-12-30T00:00:00+0000,2021-12-30T00:00:00+0000,46464.66,3630.18,49193.6,48485.5365,53717.4176,47748.597649999996,1.5744709720165364,,False,NONE,,BEAR,BEAR,3,3,0.55,0.55,0.3240193351103472,0.3240193351103472,116225.22390634895,0.0,,False,False,True,False,False,False,False,False,False,True,False,True,False,True,True
MODEL B - BTC+ETH Fixed DCA + V3.1 FSM,B,2021-12-30T00:00:00+0000,2021-12-31T00:00:00+0000,2021-12-31T00:00:00+0000,47120.87,3709.27,49214.27099999999,48484.553,53362.1864,47789.09915,1.6158938327096068,,False,NONE,,BEAR,BEAR,3,3,0.55,0.55,0.32872472717121304,0.32872472717121304,116225.22390634895,0.0,,False,True,True,False,False,False,False,False,False,True,False,True,False,True,True
MODEL B - BTC+ETH Fixed DCA + V3.1 FSM,B,2021-12-31T00:00:00+0000,2022-01-01T00:00:00+0000,2022-01-01T00:00:00+0000,46216.93,3676.22,48946.976,48325.9,52991.039800000006,47817.60235,1.5516540003052677,,False,NONE,,BEAR,BEAR,3,3,0.55,0.55,0.3266910228580628,0.3266910228580628,116225.22390634895,0.0,,False,True,True,False,False,False,False,False,False,True,False,True,False,True,True
MODEL B - BTC+ETH Fixed DCA + V3.1 FSM,B,2022-01-01T00:00:00+0000,2022-01-02T00:00:00+0000,2022-01-02T00:00:00+0000,47722.65,3765.54,48860.425,48209.3375,52663.048200000005,47855.4954,1.6510617684288513,,False,NONE,,BEAR,BEAR,3,3,0.55,0.55,0.3321203510668038,0.3321203510668038,116225.22390634895,0.0,,True,True,True,False,False,False,False,False,False,True,False,True,False,True,True
MODEL B - BTC+ETH Fixed DCA + V3.1 FSM,B,2022-01-02T00:00:00+0000,2022-01-03T00:00:00+0000,2022-01-03T00:00:00+0000,47286.18,3828.11,48505.162,48238.509,52321.171800000004,47900.18125,1.6174951688183956,,False,NONE,,BEAR,BEAR,3,3,0.55,0.55,0.33556506068309694,0.33556506068309694,116225.22390634895,0.0,,True,True,True,False,False,False,False,False,False,True,False,True,False,True,True
MODEL B - BTC+ETH Fixed DCA + V3.1 FSM,B,2022-01-03T00:00:00+0000,2022-01-04T00:00:00+0000,2022-01-04T00:00:00+0000,46446.1,3765.89,48067.772000000004,48143.65,51939.7118,47941.946899999995,1.5572569979987783,,False,NONE,,BEAR,DEEP_BEAR,3,4,0.55,0.25,0.3319491913269284,0.25,131202.41043262024,0.0,STAGE4_SELL:EXECUTED,True,True,True,False,False,False,False,False,False,True,False,True,False,True,True
MODEL B - BTC+ETH Fixed DCA + V3.1 FSM,B,2022-01-04T00:00:00+0000,2022-01-05T00:00:00+0000,2022-01-05T00:00:00+0000,45832.01,3785.1,47611.007000000005,47992.0015,51584.2172,47992.00775,1.5129069521971523,,False,NONE,,DEEP_BEAR,BEAR,4,3,0.25,0.55,0.25100372714045543,0.25100372714045543,131202.41043262024,0.0,DEEP_BEAR_TO_BEAR_NO_AUTO_BUY,True,True,True,False,False,False,False,False,False,True,False,True,False,True,True
MODEL B - BTC+ETH Fixed DCA + V3.1 FSM,B,2022-01-05T00:00:00+0000,2022-01-06T00:00:00+0000,2022-01-06T00:00:00+0000,43451.13,3539.82,46878.570999999996,47782.939,51252.0624,48031.844800000006,1.3570073598443542,,False,NONE,,BEAR,DEEP_BEAR,3,4,0.55,0.25,0.23866851650099385,0.23866851650099385,131202.41043262024,0.0,STAGE4_SELL:EXPOSURE_GAP_BELOW_5PP,True,True,True,False,False,False,False,False,False,True,False,True,False,True,True
MODEL B - BTC+ETH Fixed DCA + V3.1 FSM,B,2022-01-06T00:00:00+0000,2022-01-07T00:00:00+0000,2022-01-07T00:00:00+0000,43082.31,3406.81,46116.657999999996,47630.4945,50906.811200000004,48069.25555000001,1.331392140422841,,False,NONE,,DEEP_BEAR,BEAR,4,3,0.25,0.55,0.2318331316987572,0.2318331316987572,131202.41043262024,0.0,DEEP_BEAR_TO_BEAR_NO_AUTO_BUY,True,True,True,False,False,False,False,False,False,True,False,True,False,True,True
MODEL B - BTC+ETH Fixed DCA + V3.1 FSM,B,2022-01-07T00:00:00+0000,2022-01-08T00:00:00+0000,2022-01-08T00:00:00+0000,41566.48,3198.68,45518.932,47367.0945,50600.3084,48119.0433,1.2365484858968838,,False,NONE,,BEAR,DEEP_BEAR,3,4,0.55,0.25,0.22085384150623072,0.22085384150623072,131202.41043262024,0.0,STAGE4_SELL:EXPOSURE_GAP_BELOW_5PP,True,True,True,False,False,False,False,False,False,True,False,True,False,True,True
MODEL B - BTC+ETH Fixed DCA + V3.1 FSM,B,2022-01-08T00:00:00+0000,2022-01-09T00:00:00+0000,2022-01-09T00:00:00+0000,41679.74,3080.98,45040.44,47117.020000000004,50272.858400000005,48164.8942,1.2405873720966416,,False,NONE,,DEEP_BEAR,BEAR,4,3,0.25,0.55,0.2145324385120955,0.2145324385120955,131202.41043262024,0.0,DEEP_BEAR_TO_BEAR_NO_AUTO_BUY,True,True,True,False,False,False,False,False,False,True,False,True,False,True,True
MODEL B - BTC+ETH Fixed DCA + V3.1 FSM,B,2022-01-09T00:00:00+0000,2022-01-10T00:00:00+0000,2022-01-10T00:00:00+0000,41864.62,3151.97,44514.815,46864.543,49916.0006,48205.82695,1.2490193704248729,,False,NONE,,BEAR,DEEP_BEAR,3,4,0.55,0.25,0.21844412706488003,0.21844412706488003,131202.41043262024,0.0,STAGE4_SELL:EXPOSURE_GAP_BELOW_5PP,True,True,True,False,False,False,False,False,False,True,False,True,False,True,True
MODEL B - BTC+ETH Fixed DCA + V3.1 FSM,B,2022-01-10T00:00:00+0000,2022-01-11T00:00:00+0000,2022-01-11T00:00:00+0000,41822.49,3082.87,44075.371,46511.1735,49580.01,48241.62395000001,1.2440527878025458,,False,NONE,,DEEP_BEAR,BEAR,4,3,0.25,0.55,0.21474390134903784,0.21474390134903784,131202.41043262024,0.0,DEEP_BEAR_TO_BEAR_NO_AUTO_BUY,True,True,True,False,False,False,False,False,False,True,False,True,False,True,True
MODEL B - BTC+ETH Fixed DCA + V3.1 FSM,B,2022-01-11T00:00:00+0000,2022-01-12T00:00:00+0000,2022-01-12T00:00:00+0000,42729.29,3239.73,43576.034999999996,46218.229999999996,49309.6522,48297.348150000005,1.2954948385651481,,False,NONE,,BEAR,DEEP_BEAR,3,4,0.55,0.25,0.2232736122192891,0.2232736122192891,131202.41043262024,0.0,STAGE4_SELL:EXPOSURE_GAP_BELOW_5PP,True,True,True,False,False,False,False,False,False,True,False,True,False,True,True
MODEL B - BTC+ETH Fixed DCA + V3.1 FSM,B,2022-01-12T00:00:00+0000,2022-01-13T00:00:00+0000,2022-01-13T00:00:00+0000,43902.66,3371.6,43237.683000000005,45871.4225,49036.88,48355.4432,1.3643025667793387,,False,NONE,,DEEP_BEAR,BEAR,4,3,0.25,0.55,0.23031623106699564,0.23031623106699564,131202.41043262024,0.0,DEEP_BEAR_TO_BEAR_NO_AUTO_BUY,True,True,True,False,False,False,False,False,False,True,False,True,False,True,True
MODEL B - BTC+ETH Fixed DCA + V3.1 FSM,B,2022-01-13T00:00:00+0000,2022-01-14T00:00:00+0000,2022-01-14T00:00:00+0000,42560.11,3240.61,42849.083999999995,45458.428,48745.3164,48394.74205,1.2795244467393605,,False,NONE,,BEAR,DEEP_BEAR,3,4,0.55,0.25,0.2234227795751573,0.2234227795751573,131202.41043262024,0.0,STAGE4_SELL:EXPOSURE_GAP_BELOW_5PP,True,True,True,False,False,False,False,False,False,True,False,True,False,True,True
MODEL B - BTC+ETH Fixed DCA + V3.1 FSM,B,2022-01-14T00:00:00+0000,2022-01-15T00:00:00+0000,2022-01-15T00:00:00+0000,43059.96,3307.42,42571.879,45091.443,48427.3084,48437.5674,1.3069928264506572,,False,NONE,,DEEP_BEAR,BEAR,4,3,0.25,0.55,0.22703130213332062,0.22703130213332062,131202.41043262024,0.0,DEEP_BEAR_TO_BEAR_NO_AUTO_BUY,True,True,True,False,False,False,False,False,False,True,False,False,False,True,True
MODEL B - BTC+ETH Fixed DCA + V3.1 FSM,B,2022-01-15T00:00:00+0000,2022-01-16T00:00:00+0000,2022-01-16T00:00:00+0000,43084.29,3326.51,42535.195,44706.883,48214.4636,48473.430199999995,1.3058988023261342,,False,NONE,,BEAR,DEEP_BEAR,3,4,0.55,0.25,0.22809165790987643,0.22809165790987643,131202.41043262024,0.0,STAGE4_SELL:EXPOSURE_GAP_BELOW_5PP,True,True,True,False,False,False,False,False,False,True,False,False,False,True,True
MODEL B - BTC+ETH Fixed DCA + V3.1 FSM,B,2022-01-16T00:00:00+0000,2022-01-17T00:00:00+0000,2022-01-17T00:00:00+0000,43071.66,3346.89,42534.130000000005,44325.39400000001,47981.47619999999,48513.5635,1.302454809626094,,False,NONE,,DEEP_BEAR,BEAR,4,3,0.25,0.55,0.22921678409380358,0.22921678409380358,131202.41043262024,0.0,DEEP_BEAR_TO_BEAR_NO_AUTO_BUY,True,True,True,False,False,False,False,False,False,True,False,False,False,True,True
MODEL B - BTC+ETH Fixed DCA + V3.1 FSM,B,2022-01-17T00:00:00+0000,2022-01-18T00:00:00+0000,2022-01-18T00:00:00+0000,42201.62,3209.68,42597.644,44058.28800000001,47680.011,48557.04815,1.2477165159964008,,False,NONE,,BEAR,DEEP_BEAR,3,4,0.55,0.25,0.22197185845887232,0.22197185845887232,131202.41043262024,0.0,STAGE4_SELL:EXPOSURE_GAP_BELOW_5PP,False,True,True,False,False,False,False,False,False,True,False,False,False,True,True
MODEL B - BTC+ETH Fixed DCA + V3.1 FSM,B,2022-01-18T00:00:00+0000,2022-01-19T00:00:00+0000,2022-01-19T00:00:00+0000,42352.12,3159.85,42664.882,43852.66100000001,47371.528399999996,48599.876,1.2539856069393354,,False,NONE,,DEEP_BEAR,BEAR,4,3,0.25,0.55,0.21934920901693455,0.21934920901693455,131202.41043262024,0.0,DEEP_BEAR_TO_BEAR_NO_AUTO_BUY,False,True,True,False,False,False,False,False,False,True,False,False,False,True,True
MODEL B - BTC+ETH Fixed DCA + V3.1 FSM,B,2022-01-19T00:00:00+0000,2022-01-20T00:00:00+0000,2022-01-20T00:00:00+0000,41660.01,3084.02,42644.421,43579.618,47065.717399999994,48634.8304,1.210978123352359,,False,NONE,,BEAR,DEEP_BEAR,3,4,0.55,0.25,0.21527814440041043,0.21527814440041043,131202.41043262024,0.0,STAGE4_SELL:EXPOSURE_GAP_BELOW_5PP,False,True,True,False,False,False,False,False,False,True,False,False,False,True,True
MODEL B - BTC+ETH Fixed DCA + V3.1 FSM,B,2022-01-20T00:00:00+0000,2022-01-21T00:00:00+0000,2022-01-21T00:00:00+0000,40680.91,3001.48,42530.263,43302.816999999995,46735.6542,48661.8024,1.1526720498542298,,False,NONE,,DEEP_BEAR,BEAR,4,3,0.25,0.55,0.21078549549693576,0.21078549549693576,131202.41043262024,0.0,DEEP_BEAR_TO_BEAR_NO_AUTO_BUY,False,True,True,False,False,False,False,False,False,True,False,False,False,True,True
MODEL B - BTC+ETH Fixed DCA + V3.1 FSM,B,2022-01-21T00:00:00+0000,2022-01-22T00:00:00+0000,2022-01-22T00:00:00+0000,36445.31,2567.47,41901.865,42738.95,46334.9536,48675.57825,0.9237460531321476,,False,NONE,,BEAR,DEEP_BEAR,3,4,0.55,0.25,0.18606708955358153,0.18606708955358153,131202.41043262024,0.0,STAGE4_SELL:NOTIONAL_BELOW_GUARD,True,True,True,False,False,False,False,False,False,True,False,False,False,True,True
MODEL B - BTC+ETH Fixed DCA + V3.1 FSM,B,2022-01-22T00:00:00+0000,2022-01-23T00:00:00+0000,2022-01-23T00:00:00+0000,35071.42,2412.18,41018.741,42128.212,45964.361,48679.835300000006,0.8542911614625104,,False,NONE,,DEEP_BEAR,BEAR,4,3,0.25,0.55,0.17688295443992905,0.17688295443992905,131202.41043262024,0.0,DEEP_BEAR_TO_BEAR_NO_AUTO_BUY|CRASH_L1:NOTIONAL_BELOW_GUARD,True,True,True,False,True,False,False,False,False,True,False,False,False,False,True
MODEL B - BTC+ETH Fixed DCA + V3.1 FSM,B,2022-01-23T00:00:00+0000,2022-01-24T00:00:00+0000,2022-01-24T00:00:00+0000,36244.55,2539.0,40387.185000000005,41618.1345,45706.202600000004,48691.74745,0.9110587476847529,,False,NONE,,BEAR,DEEP_BEAR,3,4,0.55,0.25,0.1845093461622274,0.1845093461622274,131202.41043262024,0.0,STAGE4_SELL:NOTIONAL_BELOW_GUARD,True,True,True,False,False,False,False,False,False,True,False,False,False,False,True
MODEL B - BTC+ETH Fixed DCA + V3.1 FSM,B,2022-01-24T00:00:00+0000,2022-01-25T00:00:00+0000,2022-01-25T00:00:00+0000,36660.35,2439.56,39747.224,41159.5515,45451.483,48710.67065000001,0.9305796300308994,,False,NONE,,DEEP_BEAR,BEAR,4,3,0.25,0.55,0.17868625039812122,0.17868625039812122,131202.41043262024,0.0,DEEP_BEAR_TO_BEAR_NO_AUTO_BUY,True,True,True,False,False,False,False,False,False,True,False,False,False,False,True
MODEL B - BTC+ETH Fixed DCA + V3.1 FSM,B,2022-01-25T00:00:00+0000,2022-01-26T00:00:00+0000,2022-01-26T00:00:00+0000,36958.32,2459.04,39134.627,40834.91100000001,45181.81100000001,48726.383200000004,0.94430639969273,,False,NONE,,BEAR,DEEP_BEAR,3,4,0.55,0.25,0.17991599584939216,0.17991599584939216,131202.41043262024,0.0,STAGE4_SELL:NOTIONAL_BELOW_GUARD,True,True,True,False,False,False,False,False,False,True,False,False,False,False,True
MODEL B - BTC+ETH Fixed DCA + V3.1 FSM,B,2022-01-26T00:00:00+0000,2022-01-27T00:00:00+0000,2022-01-27T00:00:00+0000,36809.34,2463.0,38508.395000000004,40521.2625,44906.2188,48742.915550000005,0.9352453669307856,,False,NONE,,DEEP_BEAR,BEAR,4,3,0.25,0.55,0.180204588758576,0.180204588758576,131202.41043262024,0.0,DEEP_BEAR_TO_BEAR_NO_AUTO_BUY,True,True,True,False,False,False,False,False,False,True,False,False,False,False,True
MODEL B - BTC+ETH Fixed DCA + V3.1 FSM,B,2022-01-27T00:00:00+0000,2022-01-28T00:00:00+0000,2022-01-28T00:00:00+0000,37160.1,2424.02,38004.243,40300.9435,44639.997,48757.42110000001,0.9517052849830859,,False,NONE,,BEAR,DEEP_BEAR,3,4,0.55,0.25,0.1779515098894649,0.1779515098894649,131202.41043262024,0.0,STAGE4_SELL:NOTIONAL_BELOW_GUARD,True,True,True,False,False,False,False,False,False,True,False,False,False,False,True
MODEL B - BTC+ETH Fixed DCA + V3.1 FSM,B,2022-01-28T00:00:00+0000,2022-01-29T00:00:00+0000,2022-01-29T00:00:00+0000,37716.56,2544.99,37540.687,40102.7845,44443.41640000001,48780.57075,0.9787579362936216,,False,NONE,,DEEP_BEAR,BEAR,4,3,0.25,0.55,0.185202245621289,0.185202245621289,131202.41043262024,0.0,DEEP_BEAR_TO_BEAR_NO_AUTO_BUY,True,True,True,False,False,False,False,False,False,True,False,False,False,False,True
MODEL B - BTC+ETH Fixed DCA + V3.1 FSM,B,2022-01-29T00:00:00+0000,2022-01-30T00:00:00+0000,2022-01-30T00:00:00+0000,38166.84,2601.43,37191.369999999995,39917.8955,44263.9424,48807.756100000006,1.0004842706389252,,False,NONE,,BEAR,DEEP_BEAR,3,4,0.55,0.25,0.18857939620882763,0.18857939620882763,131202.41043262024,0.0,STAGE4_SELL:NOTIONAL_BELOW_GUARD,True,True,True,False,False,False,False,False,False,True,False,False,False,False,True
MODEL B - BTC+ETH Fixed DCA + V3.1 FSM,B,2022-01-30T00:00:00+0000,2022-01-31T00:00:00+0000,2022-01-31T00:00:00+0000,37881.76,2601.67,36911.455,39720.859000000004,44033.7778,48833.06480000001,0.9838792454430093,,False,NONE,,DEEP_BEAR,BEAR,4,3,0.25,0.55,0.18864034110458125,0.18864034110458125,131202.41043262024,0.0,DEEP_BEAR_TO_BEAR_NO_AUTO_BUY,True,True,True,False,False,False,False,False,False,True,False,False,False,False,True
MODEL B - BTC+ETH Fixed DCA + V3.1 FSM,B,2022-01-31T00:00:00+0000,2022-02-01T00:00:00+0000,2022-02-01T00:00:00+0000,38466.9,2686.94,37113.614,39507.7395,43802.037800000006,48865.9993,1.0125861308400634,,False,NONE,,BEAR,DEEP_BEAR,3,4,0.55,0.25,0.19365880311288394,0.19365880311288394,131202.41043262024,0.0,STAGE4_SELL:NOTIONAL_BELOW_GUARD,True,True,True,False,False,False,False,False,False,True,False,False,False,False,True
MODEL B - BTC+ETH Fixed DCA + V3.1 FSM,B,2022-02-01T00:00:00+0000,2022-02-02T00:00:00+0000,2022-02-02T00:00:00+0000,38694.59,2787.48,37475.931,39247.335999999996,43641.8746,48902.5529,1.022591922772009,,False,NONE,,DEEP_BEAR,BEAR,4,3,0.25,0.55,0.19946895706982762,0.19946895706982762,131202.41043262024,0.0,DEEP_BEAR_TO_BEAR_NO_AUTO_BUY,False,True,True,False,False,False,False,False,False,True,False,False,False,False,True
MODEL B - BTC+ETH Fixed DCA + V3.1 FSM,B,2022-02-02T00:00:00+0000,2022-02-03T00:00:00+0000,2022-02-03T00:00:00+0000,36896.36,2680.25,37541.112,38964.148499999996,43412.936200000004,48929.43435,0.9281098071783572,,False,NONE,,BEAR,DEEP_BEAR,3,4,0.55,0.25,0.19332135961324723,0.19332135961324723,131202.41043262024,0.0,STAGE4_SELL:NOTIONAL_BELOW_GUARD,False,True,True,False,False,False,False,False,False,True,False,False,False,False,True
MODEL B - BTC+ETH Fixed DCA + V3.1 FSM,B,2022-02-03T00:00:00+0000,2022-02-04T00:00:00+0000,2022-02-04T00:00:00+0000,37311.61,2695.21,37606.238,38676.731,43181.86880000001,48957.0996,0.9474232531740805,,False,NONE,,DEEP_BEAR,BEAR,4,3,0.25,0.55,0.19425726502694654,0.19425726502694654,131202.41043262024,0.0,DEEP_BEAR_TO_BEAR_NO_AUTO_BUY,False,True,True,False,False,False,False,False,False,True,False,False,False,False,True
MODEL B - BTC+ETH Fixed DCA + V3.1 FSM,B,2022-02-04T00:00:00+0000,2022-02-05T00:00:00+0000,2022-02-05T00:00:00+0000,41574.25,2994.99,38067.831,38601.229,43060.7062,49010.7726,1.1735413093323803,,False,NONE,,BEAR,DEEP_BEAR,3,4,0.55,0.25,0.2113606127078546,0.2113606127078546,131202.41043262024,0.0,STAGE4_SELL:EXPOSURE_GAP_BELOW_5PP,False,False,True,False,False,False,False,False,False,True,False,False,False,False,True
MODEL B - BTC+ETH Fixed DCA + V3.1 FSM,B,2022-02-05T00:00:00+0000,2022-02-06T00:00:00+0000,2022-02-06T00:00:00+0000,41382.59,3012.64,38525.155999999995,38516.775499999996,42965.734000000004,49068.7338,1.1599546813848385,,False,NONE,,DEEP_BEAR,BEAR,4,3,0.25,0.55,0.21237693760625057,0.21237693760625057,131202.41043262024,0.0,DEEP_BEAR_TO_BEAR_NO_AUTO_BUY,False,False,True,False,False,False,False,False,False,True,False,False,False,False,True
MODEL B - BTC+ETH Fixed DCA + V3.1 FSM,B,2022-02-06T00:00:00+0000,2022-02-07T00:00:00+0000,2022-02-07T00:00:00+0000,42380.87,3055.0,39047.233,38525.738,42876.66180000001,49119.91560000001,1.213842178740658,,False,NONE,,BEAR,DEEP_BEAR,3,4,0.55,0.25,0.21479519594340335,0.21479519594340335,131202.41043262024,0.0,STAGE4_SELL:EXPOSURE_GAP_BELOW_5PP,False,False,True,False,False,False,False,False,False,True,False,False,False,False,True
MODEL B - BTC+ETH Fixed DCA + V3.1 FSM,B,2022-02-07T00:00:00+0000,2022-02-08T00:00:00+0000,2022-02-08T00:00:00+0000,43839.99,3139.77,39659.576,38600.131499999996,42819.837,49177.676400000004,1.2957543147014854,,False,NONE,,DEEP_BEAR,BEAR,4,3,0.25,0.55,0.2195138297295955,0.2195138297295955,131202.41043262024,0.0,DEEP_BEAR_TO_BEAR_NO_AUTO_BUY,False,False,True,False,False,False,False,False,False,True,False,False,True,False,True
MODEL B - BTC+ETH Fixed DCA + V3.1 FSM,B,2022-02-08T00:00:00+0000,2022-02-09T00:00:00+0000,2022-02-09T00:00:00+0000,44042.99,3116.69,40247.191000000006,38719.2805,42762.4136,49229.72090000001,1.3048054962293547,,False,NONE,,BEAR,DEEP_BEAR,3,4,0.55,0.25,0.21833036801441605,0.21833036801441605,131202.41043262024,0.0,STAGE4_SELL:EXPOSURE_GAP_BELOW_5PP,False,False,True,False,False,False,True,False,False,True,False,False,True,False,True
MODEL B - BTC+ETH Fixed DCA + V3.1 FSM,B,2022-02-09T00:00:00+0000,2022-02-10T00:00:00+0000,2022-02-10T00:00:00+0000,44372.72,3243.6,40896.287,38903.871,42672.0704,49280.2938,1.3214425059280734,,False,NONE,,DEEP_BEAR,BEAR,4,3,0.25,0.55,0.22520243190111824,0.22520243190111824,131202.41043262024,0.0,DEEP_BEAR_TO_BEAR_NO_AUTO_BUY,False,False,True,False,False,False,True,True,False,True,False,False,True,False,True
MODEL B - BTC+ETH Fixed DCA + V3.1 FSM,B,2022-02-10T00:00:00+0000,2022-02-11T00:00:00+0000,2022-02-11T00:00:00+0000,43495.44,3072.36,41399.140999999996,39256.377499999995,42570.21599999999,49320.8659,1.2671155768681348,,False,NONE,,BEAR,DEEP_BEAR,3,4,0.55,0.25,0.21600488938485785,0.21600488938485785,131202.41043262024,0.0,STAGE4_SELL:EXPOSURE_GAP_BELOW_5PP,False,False,True,False,False,False,True,True,False,True,False,False,True,False,True
MODEL B - BTC+ETH Fixed DCA + V3.1 FSM,B,2022-02-11T00:00:00+0000,2022-02-12T00:00:00+0000,2022-02-12T00:00:00+0000,42373.73,2927.54,41767.055,39621.493,42400.914399999994,49346.54655,1.2005111801549018,,False,NONE,,DEEP_BEAR,BEAR,4,3,0.25,0.55,0.208042129368653,0.208042129368653,131202.41043262024,0.0,DEEP_BEAR_TO_BEAR_NO_AUTO_BUY,False,False,True,False,False,False,True,False,False,True,False,False,False,True,True
MODEL B - BTC+ETH Fixed DCA + V3.1 FSM,B,2022-02-12T00:00:00+0000,2022-02-13T00:00:00+0000,2022-02-13T00:00:00+0000,42217.87,2918.58,42299.206,39920.159,42228.87179999999,49360.34655,1.1899103679309522,,False,NONE,,BEAR,DEEP_BEAR,3,4,0.55,0.25,0.20759078623081823,0.20759078623081823,131202.41043262024,0.0,STAGE4_SELL:EXPOSURE_GAP_BELOW_5PP,False,False,True,False,False,False,True,False,False,True,False,False,False,True,True
MODEL B - BTC+ETH Fixed DCA + V3.1 FSM,B,2022-02-13T00:00:00+0000,2022-02-14T00:00:00+0000,2022-02-14T00:00:00+0000,42053.66,2871.14,42773.411,40189.8245,42061.951799999995,49370.51705,1.178989872221393,,False,NONE,,DEEP_BEAR,BEAR,4,3,0.25,0.55,0.20499134954004336,0.20499134954004336,131202.41043262024,0.0,DEEP_BEAR_TO_BEAR_NO_AUTO_BUY,False,False,True,False,False,False,True,False,False,True,False,False,False,True,True
MODEL B - BTC+ETH Fixed DCA + V3.1 FSM,B,2022-02-14T00:00:00+0000,2022-02-15T00:00:00+0000,2022-02-15T00:00:00+0000,42535.94,2929.75,42869.58,40468.7055,41897.1608,49383.11435,1.204409564778443,,False,NONE,,BEAR,DEEP_BEAR,3,4,0.55,0.25,0.20833860505048893,0.20833860505048893,131202.41043262024,0.0,STAGE4_SELL:EXPOSURE_GAP_BELOW_5PP,False,False,True,False,False,False,True,False,False,True,False,False,True,True,True
MODEL B - BTC+ETH Fixed DCA + V3.1 FSM,B,2022-02-15T00:00:00+0000,2022-02-16T00:00:00+0000,2022-02-16T00:00:00+0000,44544.86,3183.53,43185.807,40855.4815,41774.029200000004,49394.8068,1.3189400858826592,,False,NONE,,DEEP_BEAR,BEAR,4,3,0.25,0.55,0.22233428981136102,0.22233428981136102,131202.41043262024,0.0,DEEP_BEAR_TO_BEAR_NO_AUTO_BUY,False,False,True,False,False,False,True,False,False,True,False,False,True,True,True
MODEL B - BTC+ETH Fixed DCA + V3.1 FSM,B,2022-02-16T00:00:00+0000,2022-02-17T00:00:00+0000,2022-02-17T00:00:00+0000,43873.56,3122.31,43335.076,41191.1545,41700.6256,49406.86545,1.2776158253443772,,False,NONE,,BEAR,DEEP_BEAR,3,4,0.55,0.25,0.219058376357722,0.219058376357722,131202.41043262024,0.0,STAGE4_SELL:EXPOSURE_GAP_BELOW_5PP,False,False,True,False,False,False,True,True,False,True,False,False,True,True,True
MODEL B - BTC+ETH Fixed DCA + V3.1 FSM,B,2022-02-17T00:00:00+0000,2022-02-18T00:00:00+0000,2022-02-18T00:00:00+0000,40515.7,2891.88,43002.647,41331.1115,41581.6464,49410.21675,1.0881344223288316,,False,NONE,,DEEP_BEAR,BEAR,4,3,0.25,0.55,0.20627092162743468,0.20627092162743468,131202.41043262024,0.0,DEEP_BEAR_TO_BEAR_NO_AUTO_BUY,False,False,True,False,False,False,False,False,False,True,False,False,False,True,True
MODEL B - BTC+ETH Fixed DCA + V3.1 FSM,B,2022-02-18T00:00:00+0000,2022-02-19T00:00:00+0000,2022-02-19T00:00:00+0000,39974.44,2779.3,42595.792,41421.4915,41438.717800000006,49414.349850000006,1.057877055625818,,False,NONE,,BEAR,DEEP_BEAR,3,4,0.55,0.25,0.19996480028488534,0.19996480028488534,131202.41043262024,0.0,STAGE4_SELL:NOTIONAL_BELOW_GUARD,False,False,True,False,False,False,False,False,False,True,False,False,False,True,True
MODEL B - BTC+ETH Fixed DCA + V3.1 FSM,B,2022-02-19T00:00:00+0000,2022-02-20T00:00:00+0000,2022-02-20T00:00:00+0000,40079.17,2763.63,42166.437000000005,41531.362,41315.9626,49423.71045,1.061931737201559,,False,NONE,,DEEP_BEAR,BEAR,4,3,0.25,0.55,0.1991386253750254,0.1991386253750254,131202.41043262024,0.0,DEEP_BEAR_TO_BEAR_NO_AUTO_BUY,True,False,True,False,False,False,False,False,False,True,False,False,False,True,True
MODEL B - BTC+ETH Fixed DCA + V3.1 FSM,B,2022-02-20T00:00:00+0000,2022-02-21T00:00:00+0000,2022-02-21T00:00:00+0000,38386.89,2621.99,41655.582,41527.3615,41129.2474,49417.028999999995,0.9730941150737659,,False,NONE,,BEAR,DEEP_BEAR,3,4,0.55,0.25,0.19096134771040027,0.19096134771040027,131202.41043262024,0.0,STAGE4_SELL:NOTIONAL_BELOW_GUARD,True,False,True,False,False,False,False,False,False,True,False,False,False,True,True
MODEL B - BTC+ETH Fixed DCA + V3.1 FSM,B,2022-02-21T00:00:00+0000,2022-02-22T00:00:00+0000,2022-02-22T00:00:00+0000,37008.16,2568.03,41119.025,41443.04,40923.687000000005,49397.7575,0.9037006537593378,,False,NONE,,DEEP_BEAR,BEAR,4,3,0.25,0.55,0.18778441856069958,0.18778441856069958,131202.41043262024,0.0,DEEP_BEAR_TO_BEAR_NO_AUTO_BUY,True,False,True,False,False,False,False,False,False,True,False,False,False,True,True
MODEL B - BTC+ETH Fixed DCA + V3.1 FSM,B,2022-02-22T00:00:00+0000,2022-02-23T00:00:00+0000,2022-02-23T00:00:00+0000,38230.33,2636.28,40720.271,41509.7385,40759.3716,49374.724799999996,0.9636505704136693,,False,NONE,,BEAR,DEEP_BEAR,3,4,0.55,0.25,0.19189250464586746,0.19189250464586746,131202.41043262024,0.0,STAGE4_SELL:NOTIONAL_BELOW_GUARD,True,False,True,False,False,False,False,False,False,True,False,False,False,True,True
MODEL B - BTC+ETH Fixed DCA + V3.1 FSM,B,2022-02-23T00:00:00+0000,2022-02-24T00:00:00+0000,2022-02-24T00:00:00+0000,37250.01,2579.7,40239.906,41506.658500000005,40587.7316,49338.11215,0.9144287666663639,,False,NONE,,DEEP_BEAR,BEAR,4,3,0.25,0.55,0.18859584616745584,0.18859584616745584,131202.41043262024,0.0,DEEP_BEAR_TO_BEAR_NO_AUTO_BUY,True,True,True,False,False,False,False,False,False,True,False,True,False,True,True
MODEL B - BTC+ETH Fixed DCA + V3.1 FSM,B,2022-02-24T00:00:00+0000,2022-02-25T00:00:00+0000,2022-02-25T00:00:00+0000,38327.21,2596.26,39819.033,41344.3065,40485.25320000001,49310.77635,0.9674393456920202,,False,NONE,,BEAR,DEEP_BEAR,3,4,0.55,0.25,0.18969815008985794,0.18969815008985794,131202.41043262024,0.0,STAGE4_SELL:NOTIONAL_BELOW_GUARD,True,True,True,False,False,False,False,False,False,True,False,True,False,True,True
MODEL B - BTC+ETH Fixed DCA + V3.1 FSM,B,2022-02-25T00:00:00+0000,2022-02-26T00:00:00+0000,2022-02-26T00:00:00+0000,39219.17,2768.05,39286.46399999999,41236.135500000004,40407.9904,49275.605200000005,1.0124828298488753,,False,NONE,,DEEP_BEAR,BEAR,4,3,0.25,0.55,0.19968151370347054,0.19968151370347054,131202.41043262024,0.0,DEEP_BEAR_TO_BEAR_NO_AUTO_BUY,True,True,True,False,False,False,False,False,False,True,False,True,False,True,True
MODEL B - BTC+ETH Fixed DCA + V3.1 FSM,B,2022-02-26T00:00:00+0000,2022-02-27T00:00:00+0000,2022-02-27T00:00:00+0000,39116.72,2779.47,38810.78,41072.928,40358.9952,49243.26385000001,1.0066364290557734,,False,NONE,,BEAR,DEEP_BEAR,3,4,0.55,0.25,0.20037661672968965,0.20037661672968965,131202.41043262024,0.0,STAGE4_SELL:EXPOSURE_GAP_BELOW_5PP,True,True,True,False,False,False,False,False,False,True,False,True,False,True,True
MODEL B - BTC+ETH Fixed DCA + V3.1 FSM,B,2022-02-27T00:00:00+0000,2022-02-28T00:00:00+0000,2022-02-28T00:00:00+0000,37699.07,2616.79,38529.117000000006,40765.882000000005,40279.3818,49204.2042,0.9345995235096711,,False,NONE,,DEEP_BEAR,BEAR,4,3,0.25,0.55,0.19101050645219037,0.19101050645219037,131202.41043262024,0.0,DEEP_BEAR_TO_BEAR_NO_AUTO_BUY,True,True,True,False,False,False,False,False,False,True,False,True,False,True,True
MODEL B - BTC+ETH Fixed DCA + V3.1 FSM,B,2022-02-28T00:00:00+0000,2022-03-01T00:00:00+0000,2022-03-01T00:00:00+0000,43160.0,2920.83,38847.673,40721.7325,40305.2894,49198.0092,1.2236404640735177,,False,NONE,,BEAR,DEEP_BEAR,3,4,0.55,0.25,0.20871463322136927,0.20871463322136927,131202.41043262024,0.0,STAGE4_SELL:EXPOSURE_GAP_BELOW_5PP,False,False,True,False,False,False,False,False,False,False,False,True,True,True,True
MODEL B - BTC+ETH Fixed DCA + V3.1 FSM,B,2022-03-01T00:00:00+0000,2022-03-02T00:00:00+0000,2022-03-02T00:00:00+0000,44421.2,2976.33,39281.876000000004,40724.1565,40357.2636,49181.11520000001,1.295068652568657,,False,NONE,,DEEP_BEAR,BEAR,4,3,0.25,0.55,0.21192885209945853,0.21192885209945853,131202.41043262024,0.0,DEEP_BEAR_TO_BEAR_NO_AUTO_BUY,False,False,True,False,False,False,False,False,False,False,False,True,True,True,True
MODEL B - BTC+ETH Fixed DCA + V3.1 FSM,B,2022-03-02T00:00:00+0000,2022-03-03T00:00:00+0000,2022-03-03T00:00:00+0000,43892.98,2947.31,39832.485,40744.033500000005,40380.5374,49165.237550000005,1.2633241440379284,,False,NONE,,BEAR,DEEP_BEAR,3,4,0.55,0.25,0.2103442560968608,0.2103442560968608,131202.41043262024,0.0,STAGE4_SELL:EXPOSURE_GAP_BELOW_5PP,False,False,True,False,False,False,False,False,False,False,False,True,True,True,True
MODEL B - BTC+ETH Fixed DCA + V3.1 FSM,B,2022-03-03T00:00:00+0000,2022-03-04T00:00:00+0000,2022-03-04T00:00:00+0000,42454.0,2834.0,40377.069,40748.047,40351.5642,49142.638450000006,1.1809564650993578,,False,NONE,,DEEP_BEAR,BEAR,4,3,0.25,0.55,0.20398101829929866,0.20398101829929866,131202.41043262024,0.0,DEEP_BEAR_TO_BEAR_NO_AUTO_BUY,False,False,True,False,False,False,False,True,False,False,False,True,True,True,True
MODEL B - BTC+ETH Fixed DCA + V3.1 FSM,B,2022-03-04T00:00:00+0000,2022-03-05T00:00:00+0000,2022-03-05T00:00:00+0000,39148.66,2622.11,40468.901999999995,40594.5865,40283.3352,49108.87529999999,1.0036941070721523,,False,NONE,,BEAR,DEEP_BEAR,3,4,0.55,0.25,0.1916969771028599,0.1916969771028599,131202.41043262024,0.0,STAGE4_SELL:NOTIONAL_BELOW_GUARD,False,False,True,False,False,False,False,False,False,False,False,True,False,True,True
MODEL B - BTC+ETH Fixed DCA + V3.1 FSM,B,2022-03-05T00:00:00+0000,2022-03-06T00:00:00+0000,2022-03-06T00:00:00+0000,39397.96,2665.16,40683.697,40461.8015,40210.0952,49082.385350000004,1.0158320500791764,,False,NONE,,DEEP_BEAR,DEEP_BEAR,4,4,0.25,0.25,0.1942568528038589,0.1942568528038589,131202.41043262024,0.0,,False,False,True,False,False,False,False,False,False,False,False,True,False,True,True
MODEL B - BTC+ETH Fixed DCA + V3.1 FSM,B,2022-03-06T00:00:00+0000,2022-03-07T00:00:00+0000,2022-03-07T00:00:00+0000,38420.81,2551.3,40693.057,40256.045,40116.8256,49050.96295,0.9655132751078579,,False,NONE,,DEEP_BEAR,DEEP_BEAR,4,4,0.25,0.25,0.1876321465363674,0.1876321465363674,131202.41043262024,0.0,,False,True,True,True,False,False,False,False,False,False,False,True,False,True,True
MODEL B - BTC+ETH Fixed DCA + V3.1 FSM,B,2022-03-07T00:00:00+0000,2022-03-08T00:00:00+0000,2022-03-08T00:00:00+0000,37988.0,2491.12,40569.94,39928.202000000005,40015.1524,49007.099850000006,0.9435814008683603,,False,NONE,,DEEP_BEAR,DEEP_BEAR,4,4,0.25,0.25,0.18412167540913793,0.18412167540913793,131202.41043262024,0.0,,False,True,True,True,False,False,False,False,False,False,False,False,False,True,True
MODEL B - BTC+ETH Fixed DCA + V3.1 FSM,B,2022-03-08T00:00:00+0000,2022-03-09T00:00:00+0000,2022-03-09T00:00:00+0000,38730.63,2575.98,40531.331,39671.0555,39945.7326,48954.140649999994,0.9807042975303982,,False,NONE,,DEEP_BEAR,DEEP_BEAR,4,4,0.25,0.25,0.18921519383378685,0.18921519383378685,131202.41043262024,0.0,,False,True,True,True,False,False,False,False,False,False,False,False,False,True,True
MODEL B - BTC+ETH Fixed DCA + V3.1 FSM,B,2022-03-09T00:00:00+0000,2022-03-10T00:00:00+0000,2022-03-10T00:00:00+0000,41941.71,2726.98,40955.594999999994,39742.356,39937.5244,48919.739850000005,1.14947490699953,,False,NONE,,DEEP_BEAR,DEEP_BEAR,4,4,0.25,0.25,0.19824918692292304,0.19824918692292304,131202.41043262024,0.0,,False,False,True,False,False,False,False,False,False,False,False,False,True,True,True
MODEL B - BTC+ETH Fixed DCA + V3.1 FSM,B,2022-03-10T00:00:00+0000,2022-03-11T00:00:00+0000,2022-03-11T00:00:00+0000,39422.0,2606.69,40581.795,39714.734000000004,39892.7642,48870.65375,1.015298200942675,,False,NONE,,DEEP_BEAR,DEEP_BEAR,4,4,0.25,0.25,0.19117172240183092,0.19117172240183092,131202.41043262024,0.0,,False,False,True,False,False,False,False,False,False,False,False,False,False,True,True
MODEL B - BTC+ETH Fixed DCA + V3.1 FSM,B,2022-03-11T00:00:00+0000,2022-03-12T00:00:00+0000,2022-03-12T00:00:00+0000,38729.57,2556.86,40012.632,39647.254,39853.737400000005,48816.857350000006,0.9798355461074705,,False,NONE,,DEEP_BEAR,DEEP_BEAR,4,4,0.25,0.25,0.18826799291451085,0.18826799291451085,131202.41043262024,0.0,,False,False,True,False,False,False,False,False,False,False,False,False,False,True,True
MODEL B - BTC+ETH Fixed DCA + V3.1 FSM,B,2022-03-12T00:00:00+0000,2022-03-13T00:00:00+0000,2022-03-13T00:00:00+0000,38807.36,2568.8,39504.07,39668.2775,39900.9784,48772.5241,0.9834763796760566,,False,NONE,,DEEP_BEAR,DEEP_BEAR,4,4,0.25,0.25,0.18902824047105135,0.18902824047105135,131202.41043262024,0.0,,True,True,True,True,False,False,False,False,False,False,False,False,False,True,True
MODEL B - BTC+ETH Fixed DCA + V3.1 FSM,B,2022-03-13T00:00:00+0000,2022-03-14T00:00:00+0000,2022-03-14T00:00:00+0000,37777.34,2515.66,39036.403999999995,39706.7365,39955.0968,48716.5442,0.9319028974620563,,False,NONE,,DEEP_BEAR,DEEP_BEAR,4,4,0.25,0.25,0.18587851379684453,0.18587851379684453,131202.41043262024,0.0,,True,True,True,True,False,False,False,False,False,False,False,False,False,True,True
MODEL B - BTC+ETH Fixed DCA + V3.1 FSM,B,2022-03-14T00:00:00+0000,2022-03-15T00:00:00+0000,2022-03-15T00:00:00+0000,39671.37,2589.42,39088.675,39778.7885,40023.633200000004,48680.6817,1.0272015336964027,,False,NONE,,DEEP_BEAR,DEEP_BEAR,4,4,0.25,0.25,0.19042681058070898,0.19042681058070898,131202.41043262024,0.0,,True,False,True,True,False,False,False,False,False,False,False,False,False,True,True
MODEL B - BTC+ETH Fixed DCA + V3.1 FSM,B,2022-03-15T00:00:00+0000,2022-03-16T00:00:00+0000,2022-03-16T00:00:00+0000,39280.33,2617.74,39076.912,39880.3045,40076.0328,48631.73385,1.0068436890210872,,False,NONE,,DEEP_BEAR,DEEP_BEAR,4,4,0.25,0.25,0.1920849740597712,0.1920849740597712,131202.41043262024,0.0,,True,False,True,True,False,False,False,False,False,False,False,False,False,True,True
MODEL B - BTC+ETH Fixed DCA + V3.1 FSM,B,2022-03-16T00:00:00+0000,2022-03-17T00:00:00+0000,2022-03-17T00:00:00+0000,41114.0,2773.8,39346.231,40019.644,40159.1464,48592.8271,1.1025863027330687,,False,NONE,,DEEP_BEAR,DEEP_BEAR,4,4,0.25,0.25,0.2012390301335085,0.2012390301335085,131202.41043262024,0.0,,False,False,True,True,False,False,False,False,False,False,True,False,True,True,True
MODEL B - BTC+ETH Fixed DCA + V3.1 FSM,B,2022-03-17T00:00:00+0000,2022-03-18T00:00:00+0000,2022-03-18T00:00:00+0000,40917.9,2811.91,39639.221000000005,40104.5805,40241.3176,48553.577450000004,1.0916529455795991,,False,NONE,,DEEP_BEAR,DEEP_BEAR,4,4,0.25,0.25,0.20342159742390228,0.20342159742390228,131202.41043262024,0.0,,False,False,True,True,False,False,False,False,False,False,True,False,True,True,True
MODEL B - BTC+ETH Fixed DCA + V3.1 FSM,B,2022-03-18T00:00:00+0000,2022-03-19T00:00:00+0000,2022-03-19T00:00:00+0000,41757.51,2938.84,39941.909,40236.62,40333.2658,48527.45045,1.1361477937746691,,False,NONE,,DEEP_BEAR,DEEP_BEAR,4,4,0.25,0.25,0.2106252800451421,0.2106252800451421,131202.41043262024,0.0,,False,False,True,False,False,False,False,True,False,False,True,False,True,True,True
MODEL B - BTC+ETH Fixed DCA + V3.1 FSM,B,2022-03-19T00:00:00+0000,2022-03-20T00:00:00+0000,2022-03-20T00:00:00+0000,42201.13,2950.85,39967.851,40461.723000000005,40422.9572,48502.95165,1.159597263993688,,False,NONE,,DEEP_BEAR,DEEP_BEAR,4,4,0.25,0.25,0.21138619067718478,0.21138619067718478,131202.41043262024,0.0,,False,False,False,False,False,False,False,True,False,False,True,False,True,True,True
MODEL B - BTC+ETH Fixed DCA + V3.1 FSM,B,2022-03-20T00:00:00+0000,2022-03-21T00:00:00+0000,2022-03-21T00:00:00+0000,41262.11,2861.39,40151.86200000001,40366.828499999996,40484.8626,48465.2096,1.1080877220482113,,False,NONE,,DEEP_BEAR,BEAR,4,3,0.25,0.55,0.20638910789484044,0.20638910789484044,131202.41043262024,0.0,DEEP_BEAR_TO_BEAR_NO_AUTO_BUY,False,False,False,False,False,False,False,True,False,False,True,False,True,True,True
MODEL B - BTC+ETH Fixed DCA + V3.1 FSM,B,2022-03-21T00:00:00+0000,2022-03-22T00:00:00+0000,2022-03-22T00:00:00+0000,41002.25,2890.03,40379.130000000005,40195.881,40547.2724,48423.987649999995,1.0937812976998997,,False,NONE,,BEAR,DEEP_BEAR,3,4,0.55,0.25,0.2080102812843088,0.2080102812843088,131202.41043262024,0.0,STAGE4_SELL:EXPOSURE_GAP_BELOW_5PP,False,False,True,False,False,False,True,False,False,False,True,False,True,True,True
MODEL B - BTC+ETH Fixed DCA + V3.1 FSM,B,2022-03-22T00:00:00+0000,2022-03-23T00:00:00+0000,2022-03-23T00:00:00+0000,42364.13,2969.64,40734.80699999999,40119.438500000004,40625.217000000004,48385.812600000005,1.1671552030828627,,False,NONE,,DEEP_BEAR,DEEP_BEAR,4,4,0.25,0.25,0.2126007961847237,0.2126007961847237,131202.41043262024,0.0,,False,False,True,False,False,False,True,False,False,False,True,False,True,True,True
MODEL B - BTC+ETH Fixed DCA + V3.1 FSM,B,2022-03-23T00:00:00+0000,2022-03-24T00:00:00+0000,2022-03-24T00:00:00+0000,42882.76,3035.99,41245.349,40140.8765,40708.9804,48350.6482,1.1953297623321424,,False,NONE,,DEEP_BEAR,DEEP_BEAR,4,4,0.25,0.25,0.2163335295188429,0.2163335295188429,131202.41043262024,0.0,,False,False,True,False,False,False,False,False,False,False,True,False,True,True,True
MODEL B - BTC+ETH Fixed DCA + V3.1 FSM,B,2022-03-24T00:00:00+0000,2022-03-25T00:00:00+0000,2022-03-25T00:00:00+0000,43991.46,3110.75,41677.358,40383.0165,40850.882399999995,48311.821099999994,1.2574262900587592,,False,NONE,,DEEP_BEAR,BEAR,4,3,0.25,0.55,0.22054524233217418,0.22054524233217418,131202.41043262024,0.0,DEEP_BEAR_TO_BEAR_NO_AUTO_BUY,False,False,True,False,False,False,False,True,False,False,True,False,True,True,True
MODEL B - BTC+ETH Fixed DCA + V3.1 FSM,B,2022-03-25T00:00:00+0000,2022-03-26T00:00:00+0000,2022-03-26T00:00:00+0000,44313.16,3102.13,42180.641,40628.7765,40990.913400000005,48270.06739999999,1.2754441821820672,,False,NONE,,BEAR,DEEP_BEAR,3,4,0.55,0.25,0.2201685122330662,0.2201685122330662,131202.41043262024,0.0,STAGE4_SELL:EXPOSURE_GAP_BELOW_5PP,False,False,True,False,False,False,True,True,False,False,True,False,True,True,True
MODEL B - BTC+ETH Fixed DCA + V3.1 FSM,B,2022-03-26T00:00:00+0000,2022-03-27T00:00:00+0000,2022-03-27T00:00:00+0000,44511.27,3145.01,42520.368,40933.2995,41049.6538,48258.305100000005,1.28563196893051,,False,NONE,,DEEP_BEAR,BEAR,4,3,0.25,0.55,0.2225436797271905,0.2225436797271905,131202.41043262024,0.0,DEEP_BEAR_TO_BEAR_NO_AUTO_BUY,False,False,True,False,False,False,True,True,False,False,True,False,True,True,True
MODEL B - BTC+ETH Fixed DCA + V3.1 FSM,B,2022-03-27T00:00:00+0000,2022-03-28T00:00:00+0000,2022-03-28T00:00:00+0000,46827.76,3295.65,43111.354,41375.2875,41158.557199999996,48262.20235000001,1.421095723733572,,False,NONE,,BEAR,DEEP_BEAR,3,4,0.55,0.25,0.23081683647290155,0.23081683647290155,131202.41043262024,0.0,STAGE4_SELL:EXPOSURE_GAP_BELOW_5PP,False,False,False,False,False,False,True,True,False,False,True,False,True,True,True
MODEL B - BTC+ETH Fixed DCA + V3.1 FSM,B,2022-03-28T00:00:00+0000,2022-03-29T00:00:00+0000,2022-03-29T00:00:00+0000,47122.21,3332.91,43647.82400000001,41794.8665,41253.384000000005,48265.8377,1.437176830129562,,False,NONE,,DEEP_BEAR,BEAR,4,3,0.25,0.55,0.23284515412859655,0.23284515412859655,131202.41043262024,0.0,DEEP_BEAR_TO_BEAR_NO_AUTO_BUY,False,False,False,False,False,False,True,True,False,False,True,False,True,True,True
MODEL B - BTC+ETH Fixed DCA + V3.1 FSM,B,2022-03-29T00:00:00+0000,2022-03-30T00:00:00+0000,2022-03-30T00:00:00+0000,47434.8,3400.51,44171.191000000006,42069.521,41325.2802,48278.75715,1.4541592912982872,,False,NONE,,BEAR,BEAR,3,3,0.55,0.55,0.23643427141310472,0.23643427141310472,131202.41043262024,0.0,,False,False,False,False,False,False,True,True,False,False,True,False,True,True,True
MODEL B - BTC+ETH Fixed DCA + V3.1 FSM,B,2022-03-30T00:00:00+0000,2022-03-31T00:00:00+0000,2022-03-31T00:00:00+0000,47067.99,3385.8,44751.778999999995,42451.8205,41385.78020000001,48288.228650000005,1.429747077308351,,False,NONE,,BEAR,DEEP_BEAR,3,4,0.55,0.25,0.23568613893943122,0.23568613893943122,131202.41043262024,0.0,STAGE4_SELL:EXPOSURE_GAP_BELOW_5PP,False,False,False,False,False,False,True,True,False,False,True,False,True,True,True
MODEL B - BTC+ETH Fixed DCA + V3.1 FSM,B,2022-03-31T00:00:00+0000,2022-04-01T00:00:00+0000,2022-04-01T00:00:00+0000,45510.34,3281.51,45202.588,42790.859000000004,41408.5326,48285.65415,1.3351393834863758,,False,NONE,,DEEP_BEAR,BEAR,4,3,0.25,0.55,0.23013595128254521,0.23013595128254521,131202.41043262024,0.0,DEEP_BEAR_TO_BEAR_NO_AUTO_BUY,False,False,False,False,False,False,True,True,False,False,True,True,True,True,True
MODEL B - BTC+ETH Fixed DCA + V3.1 FSM,B,2022-04-01T00:00:00+0000,2022-04-02T00:00:00+0000,2022-04-02T00:00:00+0000,46283.49,3455.2,45594.524,43164.6655,41464.2936,48292.36795,1.37903011880193,,False,NONE,,BEAR,DEEP_BEAR,3,4,0.55,0.25,0.2392758850687159,0.2392758850687159,131202.41043262024,0.0,STAGE4_SELL:EXPOSURE_GAP_BELOW_5PP,False,False,False,False,False,False,True,True,False,False,True,True,True,True,True
MODEL B - BTC+ETH Fixed DCA + V3.1 FSM,B,2022-04-02T00:00:00+0000,2022-04-03T00:00:00+0000,2022-04-03T00:00:00+0000,45811.0,3443.77,45887.348000000005,43566.3485,41533.039,48285.86535,1.3495692513507078,,False,NONE,,DEEP_BEAR,BEAR,4,3,0.25,0.55,0.23868847727528347,0.23868847727528347,131202.41043262024,0.0,DEEP_BEAR_TO_BEAR_NO_AUTO_BUY,False,False,False,False,False,False,True,True,False,False,True,True,True,True,True
MODEL B - BTC+ETH Fixed DCA + V3.1 FSM,B,2022-04-03T00:00:00+0000,2022-04-04T00:00:00+0000,2022-04-04T00:00:00+0000,46407.35,3521.9,46128.937,43903.1475,41616.8286,48277.29505,1.3835089229094761,,False,NONE,,BEAR,DEEP_BEAR,3,4,0.55,0.25,0.24279078604283402,0.24279078604283402,131202.41043262024,0.0,STAGE4_SELL:EXPOSURE_GAP_BELOW_5PP,False,False,False,False,False,False,True,True,False,False,True,True,True,True,True
MODEL B - BTC+ETH Fixed DCA + V3.1 FSM,B,2022-04-04T00:00:00+0000,2022-04-05T00:00:00+0000,2022-04-05T00:00:00+0000,46580.51,3519.5,46355.672,44268.1565,41707.3656,48271.508499999996,1.3923383151315025,,False,NONE,,DEEP_BEAR,BEAR,4,3,0.25,0.55,0.2427386711070204,0.2427386711070204,131202.41043262024,0.0,DEEP_BEAR_TO_BEAR_NO_AUTO_BUY,False,False,False,False,False,False,True,True,False,False,True,True,True,True,True
MODEL B - BTC+ETH Fixed DCA + V3.1 FSM,B,2022-04-05T00:00:00+0000,2022-04-06T00:00:00+0000,2022-04-06T00:00:00+0000,45497.55,3407.0,46454.3,44487.334,41766.5978,48262.49635000001,1.3269951271252924,,False,NONE,,BEAR,DEEP_BEAR,3,4,0.55,0.25,0.23691277279340744,0.23691277279340744,131202.41043262024,0.0,STAGE4_SELL:EXPOSURE_GAP_BELOW_5PP,False,False,False,False,False,False,True,True,False,False,True,True,True,True,True
MODEL B - BTC+ETH Fixed DCA + V3.1 FSM,B,2022-04-06T00:00:00+0000,2022-04-07T00:00:00+0000,2022-04-07T00:00:00+0000,43170.47,3168.52,46088.571,44599.9625,41739.11,48236.885,1.1939150220128398,,False,NONE,,DEEP_BEAR,BEAR,4,3,0.25,0.55,0.22419693973259514,0.22419693973259514,131202.41043262024,0.0,DEEP_BEAR_TO_BEAR_NO_AUTO_BUY,False,False,False,False,False,False,False,True,False,False,True,True,True,True,True
MODEL B - BTC+ETH Fixed DCA + V3.1 FSM,B,2022-04-07T00:00:00+0000,2022-04-08T00:00:00+0000,2022-04-08T00:00:00+0000,43444.19,3227.2,45720.769,44684.2965,41730.522600000004,48217.8972,1.2081208986764582,,False,NONE,,BEAR,DEEP_BEAR,3,4,0.55,0.25,0.22739495341577143,0.22739495341577143,131202.41043262024,0.0,STAGE4_SELL:EXPOSURE_GAP_BELOW_5PP,True,False,False,False,False,False,False,True,False,False,True,True,True,True,True
MODEL B - BTC+ETH Fixed DCA + V3.1 FSM,B,2022-04-08T00:00:00+0000,2022-04-09T00:00:00+0000,2022-04-09T00:00:00+0000,42252.01,3192.39,45202.490000000005,44686.8405,41765.2488,48214.07915,1.141438119259955,,False,NONE,,DEEP_BEAR,BEAR,4,3,0.25,0.55,0.22545982068164386,0.22545982068164386,131202.41043262024,0.0,DEEP_BEAR_TO_BEAR_NO_AUTO_BUY,True,False,False,False,False,False,False,True,False,False,True,True,True,True,True
MODEL B - BTC+ETH Fixed DCA + V3.1 FSM,B,2022-04-09T00:00:00+0000,2022-04-10T00:00:00+0000,2022-04-10T00:00:00+0000,42753.97,3258.57,44771.088,44761.4335,41820.8394,48224.1771,1.1670673664006412,,False,NONE,,BEAR,DEEP_BEAR,3,4,0.55,0.25,0.22907051541773343,0.22907051541773343,131202.41043262024,0.0,STAGE4_SELL:EXPOSURE_GAP_BELOW_5PP,True,False,False,False,False,False,False,True,False,False,True,True,True,True,True
MODEL B - BTC+ETH Fixed DCA + V3.1 FSM,B,2022-04-10T00:00:00+0000,2022-04-11T00:00:00+0000,2022-04-11T00:00:00+0000,42158.85,3203.04,44435.939,44819.2635,41862.433000000005,48217.253300000004,1.1335987572493833,,False,NONE,,DEEP_BEAR,BEAR,4,3,0.25,0.55,0.22611693199360441,0.22611693199360441,131202.41043262024,0.0,DEEP_BEAR_TO_BEAR_NO_AUTO_BUY,True,False,False,False,False,False,False,True,False,False,True,True,True,True,True
MODEL B - BTC+ETH Fixed DCA + V3.1 FSM,B,2022-04-11T00:00:00+0000,2022-04-12T00:00:00+0000,2022-04-12T00:00:00+0000,39530.45,2979.75,43760.634999999995,44677.5795,41885.3042,48190.579249999995,0.9960066926117058,,False,NONE,,BEAR,DEEP_BEAR,3,4,0.55,0.25,0.21381420574554408,0.21381420574554408,131202.41043262024,0.0,STAGE4_SELL:EXPOSURE_GAP_BELOW_5PP,True,False,False,False,False,False,False,False,False,False,True,True,False,True,True
MODEL B - BTC+ETH Fixed DCA + V3.1 FSM,B,2022-04-12T00:00:00+0000,2022-04-13T00:00:00+0000,2022-04-13T00:00:00+0000,40074.94,3027.65,43187.028999999995,44537.188500000004,41946.639800000004,48176.9011,1.0226910732475132,,False,NONE,,DEEP_BEAR,DEEP_BEAR,4,4,0.25,0.25,0.2165496039820899,0.2165496039820899,131202.41043262024,0.0,,True,True,True,False,False,False,False,False,False,False,True,True,False,True,True
MODEL B - BTC+ETH Fixed DCA + V3.1 FSM,B,2022-04-13T00:00:00+0000,2022-04-14T00:00:00+0000,2022-04-14T00:00:00+0000,41147.79,3118.28,42661.073,44395.005,42004.988999999994,48169.286850000004,1.0770532205816066,,False,NONE,,DEEP_BEAR,DEEP_BEAR,4,4,0.25,0.25,0.22163289973915262,0.22163289973915262,131202.41043262024,0.0,,True,True,True,False,False,False,False,False,False,False,True,True,False,True,True
MODEL B - BTC+ETH Fixed DCA + V3.1 FSM,B,2022-04-14T00:00:00+0000,2022-04-15T00:00:00+0000,2022-04-15T00:00:00+0000,39942.38,3021.98,41997.259999999995,44176.466,42058.8364,48153.19425,1.0139908161743578,,False,NONE,,DEEP_BEAR,DEEP_BEAR,4,4,0.25,0.25,0.21633000156048135,0.21633000156048135,131202.41043262024,0.0,,True,True,True,False,False,False,False,False,False,False,True,True,False,True,True
MODEL B - BTC+ETH Fixed DCA + V3.1 FSM,B,2022-04-15T00:00:00+0000,2022-04-16T00:00:00+0000,2022-04-16T00:00:00+0000,40551.9,3040.57,41502.695,43978.4975,42103.3302,48145.217000000004,1.0440889814951284,,False,NONE,,DEEP_BEAR,DEEP_BEAR,4,4,0.25,0.25,0.21747310376875967,0.21747310376875967,131202.41043262024,0.0,,True,True,True,False,False,False,False,False,False,False,True,True,False,True,True
MODEL B - BTC+ETH Fixed DCA + V3.1 FSM,B,2022-04-16T00:00:00+0000,2022-04-17T00:00:00+0000,2022-04-17T00:00:00+0000,40378.71,3059.3,41223.519,43656.045,42126.52099999999,48141.977849999996,1.0340137355591053,,False,NONE,,DEEP_BEAR,DEEP_BEAR,4,4,0.25,0.25,0.21851751477887377,0.21851751477887377,131202.41043262024,0.0,,True,True,True,True,False,False,False,False,False,False,True,True,False,True,True
MODEL B - BTC+ETH Fixed DCA + V3.1 FSM,B,2022-04-17T00:00:00+0000,2022-04-18T00:00:00+0000,2022-04-18T00:00:00+0000,39678.12,2988.07,40846.912,43283.840500000006,42137.749,48132.74705,0.9974338390813333,,False,NONE,,DEEP_BEAR,DEEP_BEAR,4,4,0.25,0.25,0.2146064999697373,0.2146064999697373,131202.41043262024,0.0,,True,True,True,True,False,False,False,False,False,False,True,True,False,True,True
MODEL B - BTC+ETH Fixed DCA + V3.1 FSM,B,2022-04-18T00:00:00+0000,2022-04-19T00:00:00+0000,2022-04-19T00:00:00+0000,40801.13,3055.56,40701.824,42952.15699999999,42199.790199999996,48117.6322,1.0537559330675348,,False,NONE,,DEEP_BEAR,DEEP_BEAR,4,4,0.25,0.25,0.2184804070823531,0.2184804070823531,131202.41043262024,0.0,,True,True,True,True,False,False,False,False,False,False,True,True,False,True,True
MODEL B - BTC+ETH Fixed DCA + V3.1 FSM,B,2022-04-19T00:00:00+0000,2022-04-20T00:00:00+0000,2022-04-20T00:00:00+0000,41493.18,3101.74,40575.745,42673.4165,42166.453799999996,48084.39005000001,1.089247721718102,,False,NONE,,DEEP_BEAR,DEEP_BEAR,4,4,0.25,0.25,0.2211162451265254,0.2211162451265254,131202.41043262024,0.0,,True,True,True,False,False,False,False,False,False,False,True,True,False,True,True
MODEL B - BTC+ETH Fixed DCA + V3.1 FSM,B,2022-04-20T00:00:00+0000,2022-04-21T00:00:00+0000,2022-04-21T00:00:00+0000,41358.19,3076.03,40495.679000000004,42465.808999999994,42105.193600000006,48053.0065,1.0815767801109135,,False,NONE,,DEEP_BEAR,DEEP_BEAR,4,4,0.25,0.25,0.2197680014424113,0.2197680014424113,131202.41043262024,0.0,,True,True,True,False,False,False,False,False,False,False,True,True,False,True,True
MODEL B - BTC+ETH Fixed DCA + V3.1 FSM,B,2022-04-21T00:00:00+0000,2022-04-22T00:00:00+0000,2022-04-22T00:00:00+0000,40480.01,2983.57,40590.635,42175.634999999995,42036.934199999996,48014.406500000005,1.0357195580710967,,False,NONE,,DEEP_BEAR,DEEP_BEAR,4,4,0.25,0.25,0.21468329823603874,0.21468329823603874,131202.41043262024,0.0,,True,True,True,False,False,False,False,False,False,False,True,True,False,True,True
MODEL B - BTC+ETH Fixed DCA + V3.1 FSM,B,2022-04-22T00:00:00+0000,2022-04-23T00:00:00+0000,2022-04-23T00:00:00+0000,39709.18,2962.39,40554.059,41870.544,41982.037800000006,47966.827699999994,0.9964399157194656,,False,NONE,,DEEP_BEAR,DEEP_BEAR,4,4,0.25,0.25,0.2134695443207603,0.2134695443207603,131202.41043262024,0.0,,True,True,True,False,False,False,False,False,False,False,True,False,False,True,True
MODEL B - BTC+ETH Fixed DCA + V3.1 FSM,B,2022-04-23T00:00:00+0000,2022-04-24T00:00:00+0000,2022-04-24T00:00:00+0000,39441.6,2933.04,40383.44,41522.2565,41987.8966,47906.675749999995,0.9831078216938316,,False,NONE,,DEEP_BEAR,DEEP_BEAR,4,4,0.25,0.25,0.2118745633396824,0.2118745633396824,131202.41043262024,0.0,,True,True,True,True,False,False,False,False,False,False,False,False,False,True,True
MODEL B - BTC+ETH Fixed DCA + V3.1 FSM,B,2022-04-24T00:00:00+0000,2022-04-25T00:00:00+0000,2022-04-25T00:00:00+0000,39450.13,2920.99,40334.215000000004,41165.7375,41988.94,47827.3514,0.9839808713565634,,False,NONE,,DEEP_BEAR,DEEP_BEAR,4,4,0.25,0.25,0.2112666893977388,0.2112666893977388,131202.41043262024,0.0,,True,True,True,True,False,False,False,False,False,False,False,False,False,True,True
MODEL B - BTC+ETH Fixed DCA + V3.1 FSM,B,2022-04-25T00:00:00+0000,2022-04-26T00:00:00+0000,2022-04-26T00:00:00+0000,40426.08,3006.63,40321.633,40912.164000000004,42029.0454,47760.555700000004,1.0334704859613602,,False,NONE,,DEEP_BEAR,DEEP_BEAR,4,4,0.25,0.25,0.2161510758599662,0.2161510758599662,131202.41043262024,0.0,,True,True,True,True,False,False,False,False,False,False,False,False,False,True,True
MODEL B - BTC+ETH Fixed DCA + V3.1 FSM,B,2022-04-26T00:00:00+0000,2022-04-27T00:00:00+0000,2022-04-27T00:00:00+0000,38112.65,2809.68,40095.026999999995,40659.273,42031.5384,47681.361800000006,0.918992602766746,,False,NONE,,DEEP_BEAR,DEEP_BEAR,4,4,0.25,0.25,0.20499692556877647,0.20499692556877647,131202.41043262024,0.0,,True,True,True,True,False,False,False,False,False,False,False,False,False,True,True
MODEL B - BTC+ETH Fixed DCA + V3.1 FSM,B,2022-04-27T00:00:00+0000,2022-04-28T00:00:00+0000,2022-04-28T00:00:00+0000,39235.72,2888.95,40050.787,40448.849500000004,42041.640199999994,47602.7918,0.9743870311434552,,False,NONE,,DEEP_BEAR,DEEP_BEAR,4,4,0.25,0.25,0.20963056160454976,0.20963056160454976,131202.41043262024,0.0,,True,True,True,True,False,False,False,False,False,False,False,False,False,True,True
MODEL B - BTC+ETH Fixed DCA + V3.1 FSM,B,2022-04-28T00:00:00+0000,2022-04-29T00:00:00+0000,2022-04-29T00:00:00+0000,39742.07,2936.92,39944.881,40323.3525,41997.6474,47528.20715,1.000065859379721,,False,NONE,,DEEP_BEAR,DEEP_BEAR,4,4,0.25,0.25,0.21240457700974738,0.21240457700974738,131202.41043262024,0.0,,True,True,True,True,False,False,False,False,False,False,False,False,False,True,True
MODEL B - BTC+ETH Fixed DCA + V3.1 FSM,B,2022-04-29T00:00:00+0000,2022-04-30T00:00:00+0000,2022-04-30T00:00:00+0000,38596.11,2817.13,39655.174,40115.4595,41981.1296,47433.83095,0.9439661966246227,,False,NONE,,DEEP_BEAR,DEEP_BEAR,4,4,0.25,0.25,0.20564961966622283,0.20564961966622283,131202.41043262024,0.0,,True,True,True,True,False,False,False,False,False,False,False,False,False,True,True
MODEL B - BTC+ETH Fixed DCA + V3.1 FSM,B,2022-04-30T00:00:00+0000,2022-05-01T00:00:00+0000,2022-05-01T00:00:00+0000,37630.8,2726.67,39282.435,39889.057,41959.1542,47342.0003,0.8980003087626107,,False,NONE,,DEEP_BEAR,DEEP_BEAR,4,4,0.25,0.25,0.20046698812579733,0.20046698812579733,131202.41043262024,0.0,,True,True,True,True,False,False,False,False,False,False,False,False,False,True,True
MODEL B - BTC+ETH Fixed DCA + V3.1 FSM,B,2022-05-01T00:00:00+0000,2022-05-02T00:00:00+0000,2022-05-02T00:00:00+0000,38468.35,2824.81,39081.269,39835.952000000005,41952.374,47247.50705,0.9391676575637516,,False,NONE,,DEEP_BEAR,DEEP_BEAR,4,4,0.25,0.25,0.20616922232339158,0.20616922232339158,131202.41043262024,0.0,,True,True,True,True,False,False,False,False,False,False,False,False,False,True,True
MODEL B - BTC+ETH Fixed DCA + V3.1 FSM,B,2022-05-02T00:00:00+0000,2022-05-03T00:00:00+0000,2022-05-03T00:00:00+0000,38525.16,2856.54,38962.867,39758.463,41967.3304,47153.393149999996,0.9426917147948981,,False,NONE,,DEEP_BEAR,DEEP_BEAR,4,4,0.25,0.25,0.20799860838400283,0.20799860838400283,131202.41043262024,0.0,,True,True,True,True,False,False,False,False,False,False,False,False,False,True,True
MODEL B - BTC+ETH Fixed DCA + V3.1 FSM,B,2022-05-03T00:00:00+0000,2022-05-04T00:00:00+0000,2022-05-04T00:00:00+0000,37728.95,2781.7,38791.602,39587.521,41928.481999999996,47033.6758,0.9053430881906602,,False,NONE,,DEEP_BEAR,DEEP_BEAR,4,4,0.25,0.25,0.20374807044139617,0.20374807044139617,131202.41043262024,0.0,,True,True,True,True,False,False,False,False,False,False,False,False,False,True,True
MODEL B - BTC+ETH Fixed DCA + V3.1 FSM,B,2022-05-04T00:00:00+0000,2022-05-05T00:00:00+0000,2022-05-05T00:00:00+0000,39690.0,2940.65,38815.589,39574.902,41936.6754,46927.74795,1.0029613592538265,,False,NONE,,DEEP_BEAR,DEEP_BEAR,4,4,0.25,0.25,0.21293544877140078,0.21293544877140078,131202.41043262024,0.0,,False,False,True,True,False,False,False,False,False,False,False,False,False,True,True
MODEL B - BTC+ETH Fixed DCA + V3.1 FSM,B,2022-05-05T00:00:00+0000,2022-05-06T00:00:00+0000,2022-05-06T00:00:00+0000,36552.97,2747.96,38428.278,39374.9555,41845.4548,46802.87115,0.8519296051849666,,False,NONE,,DEEP_BEAR,DEEP_BEAR,4,4,0.25,0.25,0.2017636326245889,0.2017636326245889,131202.41043262024,0.0,,False,False,True,True,False,False,False,False,False,False,False,False,False,True,True
MODEL B - BTC+ETH Fixed DCA + V3.1 FSM,B,2022-05-06T00:00:00+0000,2022-05-07T00:00:00+0000,2022-05-07T00:00:00+0000,36013.77,2692.86,38218.39,39156.7085,41747.3722,46672.8908,0.8282903388218738,,False,NONE,,DEEP_BEAR,DEEP_BEAR,4,4,0.25,0.25,0.19860942437917545,0.19860942437917545,131202.41043262024,0.0,,True,False,True,True,False,False,False,False,False,False,False,False,False,True,True
MODEL B - BTC+ETH Fixed DCA + V3.1 FSM,B,2022-05-07T00:00:00+0000,2022-05-08T00:00:00+0000,2022-05-08T00:00:00+0000,35472.39,2635.35,37842.057,38946.422000000006,41621.6698,46528.849799999996,0.8050967461445018,,False,NONE,,DEEP_BEAR,DEEP_BEAR,4,4,0.25,0.25,0.19529046247802304,0.19529046247802304,131202.41043262024,0.0,,True,True,True,True,False,False,False,False,False,False,False,False,False,True,True
MODEL B - BTC+ETH Fixed DCA + V3.1 FSM,B,2022-05-08T00:00:00+0000,2022-05-09T00:00:00+0000,2022-05-09T00:00:00+0000,34038.4,2519.71,37271.689999999995,38608.285500000005,41458.4152,46369.03475,0.7429835138252919,,False,NONE,,DEEP_BEAR,DEEP_BEAR,4,4,0.25,0.25,0.1884130118855586,0.1884130118855586,131202.41043262024,0.0,,True,True,True,True,False,False,False,False,False,False,False,False,False,True,True
MODEL B - BTC+ETH Fixed DCA + V3.1 FSM,B,2022-05-09T00:00:00+0000,2022-05-10T00:00:00+0000,2022-05-10T00:00:00+0000,30076.31,2229.0,36419.71,38037.441999999995,41234.6992,46208.45055000001,0.5814016149551229,,False,NONE,,DEEP_BEAR,DEEP_BEAR,4,4,0.25,0.25,0.17042801488231454,0.17042801488231454,131202.41043262024,0.0,CRASH_L1:NOTIONAL_BELOW_GUARD,True,True,True,True,True,False,False,False,False,False,False,False,False,False,True
MODEL B - BTC+ETH Fixed DCA + V3.1 FSM,B,2022-05-10T00:00:00+0000,2022-05-11T00:00:00+0000,2022-05-11T00:00:00+0000,31017.1,2342.04,35758.340000000004,37520.3875,41034.996199999994,46060.09495,0.6195919556537518,,False,NONE,,DEEP_BEAR,DEEP_BEAR,4,4,0.25,0.25,0.17748810620303976,0.17748810620303976,131202.41043262024,0.0,,True,True,True,True,True,False,False,False,False,False,False,False,False,False,True
MODEL B - BTC+ETH Fixed DCA + V3.1 FSM,B,2022-05-11T00:00:00+0000,2022-05-12T00:00:00+0000,2022-05-12T00:00:00+0000,29103.94,2084.99,34821.899,36951.584,40769.792400000006,45899.1809,0.5467724795069763,,False,NONE,,DEEP_BEAR,DEEP_BEAR,4,4,0.25,0.25,0.16149365673585933,0.16149365673585933,131202.41043262024,0.0,,True,True,True,True,True,False,False,False,False,False,False,False,False,False,False
MODEL B - BTC+ETH Fixed DCA + V3.1 FSM,B,2022-05-12T00:00:00+0000,2022-05-13T00:00:00+0000,2022-05-13T00:00:00+0000,29029.75,1960.22,33872.358,36417.6125,40492.7322,45740.068549999996,0.5452274186770755,,False,NONE,,DEEP_BEAR,DEEP_BEAR,4,4,0.25,0.25,0.15370542104592372,0.15370542104592372,131202.41043262024,0.0,,True,True,True,True,False,False,False,False,False,False,False,False,False,False,False
MODEL B - BTC+ETH Fixed DCA + V3.1 FSM,B,2022-05-13T00:00:00+0000,2022-05-14T00:00:00+0000,2022-05-14T00:00:00+0000,29287.05,2009.69,33028.168,35909.885,40198.644,45571.1099,0.5563262631778713,,False,NONE,,DEEP_BEAR,DEEP_BEAR,4,4,0.25,0.25,0.15694146146910853,0.15694146146910853,131202.41043262024,0.0,,True,True,True,True,False,False,False,False,False,False,False,False,False,False,False
MODEL B - BTC+ETH Fixed DCA + V3.1 FSM,B,2022-05-14T00:00:00+0000,2022-05-15T00:00:00+0000,2022-05-15T00:00:00+0000,30086.74,2056.47,32067.841999999997,35441.715500000006,39914.1156,45419.89955,0.5883721651658926,,False,NONE,,DEEP_BEAR,DEEP_BEAR,4,4,0.25,0.25,0.16009666829203054,0.16009666829203054,131202.41043262024,0.0,,True,True,True,True,False,False,False,False,False,False,False,False,False,False,False
MODEL B - BTC+ETH Fixed DCA + V3.1 FSM,B,2022-05-15T00:00:00+0000,2022-05-16T00:00:00+0000,2022-05-16T00:00:00+0000,31328.89,2145.29,31545.434,34986.856,39650.468,45284.4768,0.6391001224991679,,False,NONE,,DEEP_BEAR,DEEP_BEAR,4,4,0.25,0.25,0.16591620573954577,0.16591620573954577,131202.41043262024,0.0,,True,True,True,True,False,False,False,False,False,False,False,False,False,False,False
MODEL B - BTC+ETH Fixed DCA + V3.1 FSM,B,2022-05-16T00:00:00+0000,2022-05-17T00:00:00+0000,2022-05-17T00:00:00+0000,29874.01,2023.66,30931.458000000002,34574.924,39311.393000000004,45130.967399999994,0.5823994611189215,,False,NONE,,DEEP_BEAR,DEEP_BEAR,4,4,0.25,0.25,0.15812379251563,0.15812379251563,131202.41043262024,0.0,,True,True,True,True,False,False,False,False,False,False,False,False,False,False,False
MODEL B - BTC+ETH Fixed DCA + V3.1 FSM,B,2022-05-17T00:00:00+0000,2022-05-18T00:00:00+0000,2022-05-18T00:00:00+0000,30444.93,2090.72,30428.712,34135.3845,38977.8474,44971.923500000004,0.6062859303547043,,False,NONE,,DEEP_BEAR,DEEP_BEAR,4,4,0.25,0.25,0.16248817785496558,0.16248817785496558,131202.41043262024,0.0,,True,True,True,True,False,False,False,False,False,False,False,False,False,False,False
MODEL B - BTC+ETH Fixed DCA + V3.1 FSM,B,2022-05-18T00:00:00+0000,2022-05-19T00:00:00+0000,2022-05-19T00:00:00+0000,28715.32,1915.11,29896.404000000002,33584.047,38603.457800000004,44806.20415,0.5407028984151289,,False,NONE,,DEEP_BEAR,DEEP_BEAR,4,4,0.25,0.25,0.15113604057859237,0.15113604057859237,131202.41043262024,0.0,,True,True,True,True,False,False,False,False,False,False,False,False,False,False,False
MODEL B - BTC+ETH Fixed DCA + V3.1 FSM,B,2022-05-19T00:00:00+0000,2022-05-20T00:00:00+0000,2022-05-20T00:00:00+0000,30319.23,2019.55,29920.696000000004,33170.203,38268.482599999996,44651.3013,0.6041605839337226,,False,NONE,,DEEP_BEAR,DEEP_BEAR,4,4,0.25,0.25,0.15814675662962066,0.15814675662962066,131202.41043262024,0.0,,True,True,True,True,False,False,False,False,False,False,False,False,False,False,False
MODEL B - BTC+ETH Fixed DCA + V3.1 FSM,B,2022-05-20T00:00:00+0000,2022-05-21T00:00:00+0000,2022-05-21T00:00:00+0000,29201.01,1959.08,29739.087,32748.7135,37942.296,44492.7508,0.5617426664497255,,False,NONE,,DEEP_BEAR,DEEP_BEAR,4,4,0.25,0.25,0.15415750757428517,0.15415750757428517,131202.41043262024,0.0,,True,True,True,True,False,False,False,False,False,False,False,False,False,False,False
MODEL B - BTC+ETH Fixed DCA + V3.1 FSM,B,2022-05-21T00:00:00+0000,2022-05-22T00:00:00+0000,2022-05-22T00:00:00+0000,29445.06,1975.06,29773.199,32297.549,37605.5274,44323.876150000004,0.572662747700134,,False,NONE,,DEEP_BEAR,DEEP_BEAR,4,4,0.25,0.25,0.1552833614851869,0.1552833614851869,131202.41043262024,0.0,,True,True,True,True,False,False,False,False,False,False,False,False,False,False,False
MODEL B - BTC+ETH Fixed DCA + V3.1 FSM,B,2022-05-22T00:00:00+0000,2022-05-23T00:00:00+0000,2022-05-23T00:00:00+0000,30293.94,2043.19,29899.618,31885.988,37295.186200000004,44160.86345,0.6076684739974377,,False,NONE,,DEEP_BEAR,DEEP_BEAR,4,4,0.25,0.25,0.1598108689527028,0.1598108689527028,131202.41043262024,0.0,,True,True,True,True,False,False,False,False,False,False,False,False,False,False,False
MODEL B - BTC+ETH Fixed DCA + V3.1 FSM,B,2022-05-23T00:00:00+0000,2022-05-24T00:00:00+0000,2022-05-24T00:00:00+0000,29109.15,1973.33,29881.827999999998,31454.998,36949.2222,43999.43415,0.5624523878642689,,False,NONE,,DEEP_BEAR,DEEP_BEAR,4,4,0.25,0.25,0.1552228077685188,0.1552228077685188,131202.41043262024,0.0,,False,True,True,True,False,False,False,False,False,False,False,False,False,False,False
MODEL B - BTC+ETH Fixed DCA + V3.1 FSM,B,2022-05-24T00:00:00+0000,2022-05-25T00:00:00+0000,2022-05-25T00:00:00+0000,29654.58,1979.4,29838.612,30953.227000000003,36610.7036,43843.02144999999,0.5851107284762785,,False,NONE,,DEEP_BEAR,DEEP_BEAR,4,4,0.25,0.25,0.155790099711822,0.155790099711822,131202.41043262024,0.0,,False,True,True,True,False,False,False,False,False,False,False,False,False,False,False
MODEL B - BTC+ETH Fixed DCA + V3.1 FSM,B,2022-05-25T00:00:00+0000,2022-05-26T00:00:00+0000,2022-05-26T00:00:00+0000,29542.15,1942.64,29659.938000000002,30602.686000000005,36291.59559999999,43683.37915,0.5821088935106589,,False,NONE,,DEEP_BEAR,DEEP_BEAR,4,4,0.25,0.25,0.15350176813899724,0.15350176813899724,131202.41043262024,0.0,,False,True,True,True,False,False,False,False,False,False,False,False,False,False,False
MODEL B - BTC+ETH Fixed DCA + V3.1 FSM,B,2022-05-26T00:00:00+0000,2022-05-27T00:00:00+0000,2022-05-27T00:00:00+0000,29201.35,1792.24,29592.672,30262.065000000002,36012.2132,43513.01795,0.5703012225547963,,False,NONE,,DEEP_BEAR,DEEP_BEAR,4,4,0.25,0.25,0.14383773633074037,0.14383773633074037,131202.41043262024,0.0,,True,True,True,True,False,False,False,False,False,False,False,False,False,False,False
MODEL B - BTC+ETH Fixed DCA + V3.1 FSM,B,2022-05-27T00:00:00+0000,2022-05-28T00:00:00+0000,2022-05-28T00:00:00+0000,28629.8,1727.26,29411.158999999996,29919.9355,35715.9254,43318.537800000006,0.549999102909614,,False,NONE,,DEEP_BEAR,DEEP_BEAR,4,4,0.25,0.25,0.13952911609813354,0.13952911609813354,131202.41043262024,0.0,,True,True,True,True,False,False,False,False,False,False,False,False,False,False,False
MODEL B - BTC+ETH Fixed DCA + V3.1 FSM,B,2022-05-28T00:00:00+0000,2022-05-29T00:00:00+0000,2022-05-29T00:00:00+0000,29031.33,1792.21,29442.76,29669.582000000002,35451.5118,43128.956150000005,0.5673429437956585,,False,NONE,,DEEP_BEAR,DEEP_BEAR,4,4,0.25,0.25,0.14392422090357224,0.14392422090357224,131202.41043262024,0.0,,True,True,True,True,False,False,False,False,False,False,False,False,False,False,False
MODEL B - BTC+ETH Fixed DCA + V3.1 FSM,B,2022-05-29T00:00:00+0000,2022-05-30T00:00:00+0000,2022-05-30T00:00:00+0000,29468.1,1813.64,29357.646999999997,29639.171500000004,35185.7944,42951.8845,0.5862522076115685,,False,NONE,,DEEP_BEAR,DEEP_BEAR,4,4,0.25,0.25,0.14548098905000192,0.14548098905000192,131202.41043262024,0.0,,True,True,True,True,False,False,False,False,False,False,False,False,False,False,False
MODEL B - BTC+ETH Fixed DCA + V3.1 FSM,B,2022-05-30T00:00:00+0000,2022-05-31T00:00:00+0000,2022-05-31T00:00:00+0000,31734.22,1998.78,29610.968,29675.027499999997,34977.301799999994,42786.68430000001,0.6816968359417742,,False,NONE,,DEEP_BEAR,DEEP_BEAR,4,4,0.25,0.25,0.15787637345881123,0.15787637345881123,131202.41043262024,0.0,,False,False,True,True,False,False,False,False,False,False,False,False,False,False,False
MODEL B - BTC+ETH Fixed DCA + V3.1 FSM,B,2022-05-31T00:00:00+0000,2022-06-01T00:00:00+0000,2022-06-01T00:00:00+0000,31801.04,1941.9,29846.566,29809.8825,34822.713599999995,42625.078349999996,0.6863468211057411,,False,NONE,,DEEP_BEAR,DEEP_BEAR,4,4,0.25,0.25,0.15436946921636627,0.15436946921636627,131202.41043262024,0.0,,False,False,True,True,False,False,False,False,False,False,False,False,False,True,False
MODEL B - BTC+ETH Fixed DCA + V3.1 FSM,B,2022-06-01T00:00:00+0000,2022-06-02T00:00:00+0000,2022-06-02T00:00:00+0000,29805.83,1817.96,29797.754999999997,29848.6865,34617.3314,42452.2075,0.6046587673559113,,False,NONE,,DEEP_BEAR,DEEP_BEAR,4,4,0.25,0.25,0.1460250830101322,0.1460250830101322,131202.41043262024,0.0,,False,False,True,True,False,False,False,False,False,False,False,False,False,True,False
MODEL B - BTC+ETH Fixed DCA + V3.1 FSM,B,2022-06-02T00:00:00+0000,2022-06-03T00:00:00+0000,2022-06-03T00:00:00+0000,30452.62,1834.09,29932.102000000003,29906.964999999997,34403.428,42276.8751,0.6330481846875001,,False,NONE,,DEEP_BEAR,DEEP_BEAR,4,4,0.25,0.25,0.14728830182014083,0.14728830182014083,131202.41043262024,0.0,,False,False,True,True,False,False,False,False,False,False,False,False,False,True,False
MODEL B - BTC+ETH Fixed DCA + V3.1 FSM,B,2022-06-03T00:00:00+0000,2022-06-04T00:00:00+0000,2022-06-04T00:00:00+0000,29700.21,1775.13,29936.665,29887.6385,34198.5846,42107.342450000004,0.6038565221068246,,False,NONE,,DEEP_BEAR,DEEP_BEAR,4,4,0.25,0.25,0.143351802189265,0.143351802189265,131202.41043262024,0.0,,False,False,True,True,False,False,False,False,False,False,False,False,False,True,False
MODEL B - BTC+ETH Fixed DCA + V3.1 FSM,B,2022-06-04T00:00:00+0000,2022-06-05T00:00:00+0000,2022-06-05T00:00:00+0000,29864.04,1804.58,29968.854,29814.395999999997,33984.827399999995,41956.3683,0.6120038029019879,,False,NONE,,DEEP_BEAR,DEEP_BEAR,4,4,0.25,0.25,0.1453658369496362,0.1453658369496362,131202.41043262024,0.0,,False,False,True,True,False,False,False,False,False,False,False,False,False,True,False
MODEL B - BTC+ETH Fixed DCA + V3.1 FSM,B,2022-06-05T00:00:00+0000,2022-06-06T00:00:00+0000,2022-06-06T00:00:00+0000,29919.21,1806.22,30040.640000000003,29816.656000000006,33775.6374,41804.24,0.6157681887577381,,False,NONE,,DEEP_BEAR,DEEP_BEAR,4,4,0.25,0.25,0.1455497435274633,0.1455497435274633,131202.41043262024,0.0,,False,False,True,True,False,False,False,False,False,False,False,False,False,True,False
MODEL B - BTC+ETH Fixed DCA + V3.1 FSM,B,2022-06-06T00:00:00+0000,2022-06-07T00:00:00+0000,2022-06-07T00:00:00+0000,31373.1,1859.84,30314.97,29863.0645,33609.537000000004,41676.647399999994,0.678331491293974,,False,NONE,,DEEP_BEAR,DEEP_BEAR,4,4,0.25,0.25,0.14943219898747392,0.14943219898747392,131202.41043262024,0.0,,False,False,True,True,False,False,True,False,False,False,False,False,False,True,False
MODEL B - BTC+ETH Fixed DCA + V3.1 FSM,B,2022-06-07T00:00:00+0000,2022-06-08T00:00:00+0000,2022-06-08T00:00:00+0000,31125.33,1813.33,30524.370000000003,29983.565000000002,33416.021,41542.01285,0.6690259093455805,,False,NONE,,DEEP_BEAR,DEEP_BEAR,4,4,0.25,0.25,0.14644507124690087,0.14644507124690087,131202.41043262024,0.0,,False,False,True,True,False,False,True,False,False,False,False,False,False,True,False
MODEL B - BTC+ETH Fixed DCA + V3.1 FSM,B,2022-06-08T00:00:00+0000,2022-06-09T00:00:00+0000,2022-06-09T00:00:00+0000,30204.77,1791.88,30598.037,29977.841999999997,33190.2528,41394.49915,0.6315296403699076,,False,NONE,,DEEP_BEAR,DEEP_BEAR,4,4,0.25,0.25,0.1448838436287101,0.1448838436287101,131202.41043262024,0.0,,False,False,True,True,False,False,True,False,False,False,False,False,False,True,False
MODEL B - BTC+ETH Fixed DCA + V3.1 FSM,B,2022-06-09T00:00:00+0000,2022-06-10T00:00:00+0000,2022-06-10T00:00:00+0000,30109.93,1788.8,30435.608,30023.288,32965.2876,41251.9387,0.6289893608791259,,False,NONE,,DEEP_BEAR,DEEP_BEAR,4,4,0.25,0.25,0.14472316880891342,0.14472316880891342,131202.41043262024,0.0,,False,False,True,True,False,False,True,False,False,False,False,False,False,True,False
MODEL B - BTC+ETH Fixed DCA + V3.1 FSM,B,2022-06-10T00:00:00+0000,2022-06-11T00:00:00+0000,2022-06-11T00:00:00+0000,29091.88,1662.91,30164.692000000003,30005.628999999997,32737.525,41116.1622,0.5884128495746779,,False,NONE,,DEEP_BEAR,DEEP_BEAR,4,4,0.25,0.25,0.13628353380419925,0.13628353380419925,131202.41043262024,0.0,,False,False,True,True,False,False,False,False,False,False,False,False,False,True,False
MODEL B - BTC+ETH Fixed DCA + V3.1 FSM,B,2022-06-11T00:00:00+0000,2022-06-12T00:00:00+0000,2022-06-12T00:00:00+0000,28424.7,1532.89,30026.579000000005,29912.166999999998,32511.8354,40970.57935,0.5630589883619491,,False,NONE,,DEEP_BEAR,DEEP_BEAR,4,4,0.25,0.25,0.12749214873532508,0.12749214873532508,131202.41043262024,0.0,,True,False,True,True,False,False,False,False,False,False,False,False,False,True,False
MODEL B - BTC+ETH Fixed DCA + V3.1 FSM,B,2022-06-12T00:00:00+0000,2022-06-13T00:00:00+0000,2022-06-13T00:00:00+0000,26574.53,1434.84,29638.77,29785.436000000005,32254.494000000002,40817.76055,0.49340030685046926,,False,NONE,,DEEP_BEAR,DEEP_BEAR,4,4,0.25,0.25,0.12037452694925092,0.12037452694925092,131202.41043262024,0.0,,True,True,True,True,False,False,False,False,False,False,False,False,False,True,False
MODEL B - BTC+ETH Fixed DCA + V3.1 FSM,B,2022-06-13T00:00:00+0000,2022-06-14T00:00:00+0000,2022-06-14T00:00:00+0000,22487.41,1209.35,28917.489999999998,29427.077499999996,31915.2396,40635.3958,0.3544664001265778,,False,NONE,,DEEP_BEAR,DEEP_BEAR,4,4,0.25,0.25,0.10350526833687422,0.10350526833687422,131202.41043262024,0.0,CRASH_L1:NOTIONAL_BELOW_GUARD,True,True,True,True,True,False,False,False,False,False,False,False,False,False,False
MODEL B - BTC+ETH Fixed DCA + V3.1 FSM,B,2022-06-14T00:00:00+0000,2022-06-15T00:00:00+0000,2022-06-15T00:00:00+0000,22136.41,1208.9,28144.727000000003,29056.790499999996,31549.446200000002,40477.4452,0.3444176288581714,,False,NONE,,DEEP_BEAR,ACCUMULATION,4,4,0.25,0.35,0.10343733063594943,0.35000000000000003,93431.96238729518,0.0,AHR999_TO35:EXECUTED,True,True,True,True,True,False,False,False,False,False,False,False,False,False,False
MODEL B - BTC+ETH Fixed DCA + V3.1 FSM,B,2022-06-15T00:00:00+0000,2022-06-16T00:00:00+0000,2022-06-16T00:00:00+0000,22583.72,1237.53,27411.177999999996,28725.908999999996,31238.867599999998,40316.75865,0.3594785135028412,,False,NONE,,ACCUMULATION,ACCUMULATION,4,4,0.35,0.35,0.35503768295424865,0.35503768295424865,93431.96238729518,0.0,,True,True,True,True,True,False,False,False,False,False,False,False,False,False,False
MODEL B - BTC+ETH Fixed DCA + V3.1 FSM,B,2022-06-16T00:00:00+0000,2022-06-17T00:00:00+0000,2022-06-17T00:00:00+0000,20401.31,1068.5,26313.999,28314.484500000002,30862.1794,40132.3908,0.29435557521769945,,False,NONE,,ACCUMULATION,ACCUMULATION,4,4,0.35,0.35,0.32684163195344307,0.32684163195344307,93431.96238729518,0.0,CRASH_L2:NOTIONAL_BELOW_GUARD,True,True,True,True,True,True,False,False,False,False,False,False,False,False,False
MODEL B - BTC+ETH Fixed DCA + V3.1 FSM,B,2022-06-17T00:00:00+0000,2022-06-18T00:00:00+0000,2022-06-18T00:00:00+0000,20468.81,1086.93,25248.347,27886.358499999995,30476.7142,39945.8536,0.29733660674917,,False,NONE,,ACCUMULATION,DEEP_BEAR,4,4,0.35,0.25,0.32923678238090237,0.24999999999999994,105165.34183863545,0.0,STAGE4_SELL:EXECUTED,True,True,True,True,True,True,False,False,False,False,False,False,False,False,False
MODEL B - BTC+ETH Fixed DCA + V3.1 FSM,B,2022-06-18T00:00:00+0000,2022-06-19T00:00:00+0000,2022-06-19T00:00:00+0000,18970.79,995.12,24124.949,27361.493,30084.207800000004,39755.95475,0.2563228699211545,,False,NONE,,DEEP_BEAR,ACCUMULATION,4,4,0.25,0.35,0.23481002927054045,0.35,88413.46970515324,0.0,AHR999_TO35:EXECUTED,True,True,True,True,True,True,False,False,False,False,False,False,False,False,False
MODEL B - BTC+ETH Fixed DCA + V3.1 FSM,B,2022-06-19T00:00:00+0000,2022-06-20T00:00:00+0000,2022-06-20T00:00:00+0000,20574.0,1128.53,23171.356,26803.482,29743.0718,39572.9044,0.30251169963207275,,False,NONE,,ACCUMULATION,ACCUMULATION,4,4,0.35,0.35,0.37411215629641853,0.37411215629641853,88413.46970515324,0.0,,True,True,True,True,False,False,False,False,False,False,False,False,False,False,False
MODEL B - BTC+ETH Fixed DCA + V3.1 FSM,B,2022-06-20T00:00:00+0000,2022-06-21T00:00:00+0000,2022-06-21T00:00:00+0000,20573.89,1128.24,22319.557,26242.124499999998,29385.182599999996,39393.37215,0.30352629642730655,,False,NONE,,ACCUMULATION,ACCUMULATION,4,4,0.35,0.35,0.3741311525885524,0.3741311525885524,88413.46970515324,0.0,,True,True,True,True,False,False,False,False,False,False,False,False,False,False,False
MODEL B - BTC+ETH Fixed DCA + V3.1 FSM,B,2022-06-21T00:00:00+0000,2022-06-22T00:00:00+0000,2022-06-22T00:00:00+0000,20723.52,1125.86,21549.439000000002,25788.009000000002,29029.1498,39228.9845,0.3088806957009445,,False,NONE,,ACCUMULATION,ACCUMULATION,4,4,0.35,0.35,0.37473661567627287,0.37473661567627287,88413.46970515324,0.0,,True,True,True,True,False,False,False,False,False,False,False,False,False,False,False
MODEL B - BTC+ETH Fixed DCA + V3.1 FSM,B,2022-06-22T00:00:00+0000,2022-06-23T00:00:00+0000,2022-06-23T00:00:00+0000,19987.99,1050.19,20890.785,25264.777500000004,28674.3306,39083.1621,0.2880736733691592,,False,NONE,,ACCUMULATION,ACCUMULATION,4,4,0.35,0.35,0.3623719086724514,0.3623719086724514,88413.46970515324,0.0,,True,True,True,True,False,False,False,False,False,False,False,False,False,False,False
MODEL B - BTC+ETH Fixed DCA + V3.1 FSM,B,2022-06-23T00:00:00+0000,2022-06-24T00:00:00+0000,2022-06-24T00:00:00+0000,21110.13,1144.71,20753.057,24835.273500000003,28302.733200000002,38941.7311,0.3221112685959124,,False,NONE,,ACCUMULATION,ACCUMULATION,4,4,0.35,0.35,0.37894926647478067,0.37894926647478067,88413.46970515324,0.0,,True,True,True,True,False,False,False,False,False,False,False,False,False,False,False
MODEL B - BTC+ETH Fixed DCA + V3.1 FSM,B,2022-06-24T00:00:00+0000,2022-06-25T00:00:00+0000,2022-06-25T00:00:00+0000,21237.69,1225.02,20663.185,24403.956000000002,27996.427600000003,38795.709950000004,0.3268546370247666,,False,NONE,,ACCUMULATION,ACCUMULATION,4,4,0.35,0.35,0.3881064983021235,0.3881064983021235,88413.46970515324,0.0,,True,True,True,True,False,False,False,False,False,False,False,False,False,False,False
MODEL B - BTC+ETH Fixed DCA + V3.1 FSM,B,2022-06-25T00:00:00+0000,2022-06-26T00:00:00+0000,2022-06-26T00:00:00+0000,21491.19,1242.31,20553.932,23982.555,27705.976000000002,38650.22115,0.33556549105008915,,False,NONE,,ACCUMULATION,DEEP_BEAR,4,4,0.35,0.25,0.39124875981884333,0.25,110297.11991986028,0.0,STAGE4_SELL:EXECUTED,True,True,True,True,False,False,False,False,False,False,False,False,False,False,False
MODEL B - BTC+ETH Fixed DCA + V3.1 FSM,B,2022-06-26T00:00:00+0000,2022-06-27T00:00:00+0000,2022-06-27T00:00:00+0000,21038.07,1197.79,20617.608,23465.8035,27417.2896,38503.055550000005,0.32241081172831354,,False,NONE,,DEEP_BEAR,ACCUMULATION,4,4,0.25,0.35,0.244335047141769,0.35000000000000003,94018.48193590842,0.0,AHR999_TO35:EXECUTED,True,True,True,True,False,False,False,False,False,False,False,False,False,False,False
MODEL B - BTC+ETH Fixed DCA + V3.1 FSM,B,2022-06-27T00:00:00+0000,2022-06-28T00:00:00+0000,2022-06-28T00:00:00+0000,20742.56,1192.51,20644.983,22946.665,27151.3728,38369.0404,0.3141387645192163,,False,NONE,,ACCUMULATION,ACCUMULATION,4,4,0.35,0.35,0.3480462580739979,0.3480462580739979,94018.48193590842,0.0,,True,True,True,True,False,False,False,False,False,False,False,False,False,False,False
MODEL B - BTC+ETH Fixed DCA + V3.1 FSM,B,2022-06-28T00:00:00+0000,2022-06-29T00:00:00+0000,2022-06-29T00:00:00+0000,20281.29,1144.05,20776.033,22450.491,26955.4724,38234.74415,0.30102016061995057,,False,NONE,,ACCUMULATION,ACCUMULATION,4,4,0.35,0.35,0.3406775981327482,0.3406775981327482,94018.48193590842,0.0,,False,True,True,True,False,False,False,False,False,False,False,False,False,False,False
MODEL B - BTC+ETH Fixed DCA + V3.1 FSM,B,2022-06-29T00:00:00+0000,2022-06-30T00:00:00+0000,2022-06-30T00:00:00+0000,20123.01,1100.21,20730.934,21951.145,26737.5906,38088.409250000004,0.2971259886018245,,False,NONE,,ACCUMULATION,ACCUMULATION,4,4,0.35,0.35,0.335204291005425,0.335204291005425,94018.48193590842,0.0,,False,True,True,True,False,False,False,False,False,False,False,False,False,False,False
MODEL B - BTC+ETH Fixed DCA + V3.1 FSM,B,2022-06-30T00:00:00+0000,2022-07-01T00:00:00+0000,2022-07-01T00:00:00+0000,19942.21,1071.02,20667.766,21493.6615,26554.356,37937.8508,0.29262168478321177,,False,NONE,,ACCUMULATION,ACCUMULATION,4,4,0.35,0.35,0.3311370674473277,0.3311370674473277,94018.48193590842,0.0,,False,True,True,True,False,False,False,False,False,False,False,False,False,False,False
MODEL C - BTC+ETH Fixed DCA + V3.1 FSM + Bear Risk AI,C,2021-11-01T00:00:00+0000,2021-11-02T00:00:00+0000,2021-11-02T00:00:00+0000,60911.11,4319.43,61085.97000000001,61241.20850000001,53113.9094,45254.598249999995,3.067512052644287,0.1361471265554428,True,NONE,,BEAR,BEAR,3,3,0.55,0.55,0.3606391428734036,0.3606391428734036,131920.911350393,0.0,,False,False,False,False,False,False,False,True,True,True,True,True,True,True,True
MODEL C - BTC+ETH Fixed DCA + V3.1 FSM + Bear Risk AI,C,2021-11-02T00:00:00+0000,2021-11-03T00:00:00+0000,2021-11-03T00:00:00+0000,63219.99,4589.68,61279.29400000001,61533.85800000001,53479.4946,45264.0242,3.299668746132916,0.09601979702711105,True,NONE,,BEAR,BEAR,3,3,0.55,0.55,0.37458577622496797,0.37458577622496797,131920.911350393,0.0,,False,False,False,False,False,False,False,True,True,True,True,True,True,True,True
MODEL C - BTC+ETH Fixed DCA + V3.1 FSM + Bear Risk AI,C,2021-11-03T00:00:00+0000,2021-11-04T00:00:00+0000,2021-11-04T00:00:00+0000,62896.48,4603.35,61483.719999999994,61811.284999999996,53795.1938,45278.4733,3.26087670481413,0.10436305403709412,True,NONE,,BEAR,BEAR,3,3,0.55,0.55,0.37524959582628625,0.37524959582628625,131920.911350393,0.0,,False,False,False,False,False,False,False,True,True,True,True,True,True,True,True
MODEL C - BTC+ETH Fixed DCA + V3.1 FSM + Bear Risk AI,C,2021-11-04T00:00:00+0000,2021-11-05T00:00:00+0000,2021-11-05T00:00:00+0000,61395.01,4532.31,61315.34300000001,61797.4145,54060.6658,45304.698300000004,3.101382304902943,0.10838218033313751,True,NONE,,BEAR,BEAR,3,3,0.55,0.55,0.37157436851029446,0.37157436851029446,131920.911350393,0.0,,False,False,False,False,False,False,False,True,True,True,True,True,True,True,True
MODEL C - BTC+ETH Fixed DCA + V3.1 FSM + Bear Risk AI,C,2021-11-05T00:00:00+0000,2021-11-06T00:00:00+0000,2021-11-06T00:00:00+0000,60937.12,4474.24,61376.174,61800.49199999999,54324.6518,45331.2182,3.049705481101657,0.10725502669811249,True,NONE,,BEAR,BEAR,3,3,0.55,0.55,0.36864717779195455,0.36864717779195455,131920.911350393,0.0,,False,False,False,False,False,False,False,True,True,True,True,True,True,True,True
MODEL C - BTC+ETH Fixed DCA + V3.1 FSM + Bear Risk AI,C,2021-11-06T00:00:00+0000,2021-11-07T00:00:00+0000,2021-11-07T00:00:00+0000,61470.61,4518.0,61681.891,61797.60600000001,54608.064399999996,45356.44625,3.0977518475369124,0.10838218033313751,True,NONE,,BEAR,BEAR,3,3,0.55,0.55,0.3709412147460169,0.3709412147460169,131920.911350393,0.0,,False,False,False,False,False,False,False,False,True,True,True,True,True,True,True
MODEL C - BTC+ETH Fixed DCA + V3.1 FSM + Bear Risk AI,C,2021-11-07T00:00:00+0000,2021-11-08T00:00:00+0000,2021-11-08T00:00:00+0000,63273.59,4612.59,61951.66100000001,61860.79350000001,54907.68140000001,45403.876050000006,3.2746274216049183,0.0819115936756134,True,NONE,,BEAR,BEAR,3,3,0.55,0.55,0.37589188351329256,0.37589188351329256,131920.911350393,0.0,,False,False,False,False,False,False,False,True,True,True,True,True,True,True,True
MODEL C - BTC+ETH Fixed DCA + V3.1 FSM + Bear Risk AI,C,2021-11-08T00:00:00+0000,2021-11-09T00:00:00+0000,2021-11-09T00:00:00+0000,67525.83,4807.98,62478.873,62023.055499999995,55313.363,45483.0504,3.718429384101314,0.06743458658456802,True,NONE,,BEAR,BEAR,3,3,0.55,0.55,0.3859100193267034,0.3859100193267034,131920.911350393,0.0,,False,False,False,False,False,False,False,True,True,True,True,True,True,True,True
MODEL C - BTC+ETH Fixed DCA + V3.1 FSM + Bear Risk AI,C,2021-11-09T00:00:00+0000,2021-11-10T00:00:00+0000,2021-11-10T00:00:00+0000,66947.66,4732.33,62987.72000000001,62070.368,55792.0038,45562.163,3.6441415138649074,0.07900787144899368,True,NONE,,BEAR,BEAR,3,3,0.55,0.55,0.38225488881275954,0.38225488881275954,131920.911350393,0.0,,False,False,False,False,False,False,True,True,True,True,True,True,True,True,True
MODEL C - BTC+ETH Fixed DCA + V3.1 FSM + Bear Risk AI,C,2021-11-10T00:00:00+0000,2021-11-11T00:00:00+0000,2021-11-11T00:00:00+0000,64882.43,4628.68,63345.98299999999,62204.83200000001,56274.9648,45636.33595,3.4129649423884665,0.11328252404928207,True,NONE,,BEAR,BEAR,3,3,0.55,0.55,0.37699204894294336,0.37699204894294336,131920.911350393,0.0,,False,False,False,False,False,False,True,True,True,True,True,True,True,True,True
MODEL C - BTC+ETH Fixed DCA + V3.1 FSM + Bear Risk AI,C,2021-11-11T00:00:00+0000,2021-11-12T00:00:00+0000,2021-11-12T00:00:00+0000,64774.26,4719.0,63732.297999999995,62409.134,56699.57779999999,45714.8734,3.3915288427252333,0.11328252404928207,True,NONE,,BEAR,BEAR,3,3,0.55,0.55,0.3813928480375985,0.3813928480375985,131920.911350393,0.0,,False,False,False,False,False,False,True,True,True,True,True,True,True,True,True
MODEL C - BTC+ETH Fixed DCA + V3.1 FSM + Bear Risk AI,C,2021-11-12T00:00:00+0000,2021-11-13T00:00:00+0000,2021-11-13T00:00:00+0000,64122.23,4665.47,63822.522,62550.907999999996,57084.7172,45765.4776,3.3157914002518356,0.11157754808664322,True,NONE,,BEAR,BEAR,3,3,0.55,0.55,0.3787495127685822,0.3787495127685822,131920.911350393,0.0,,False,False,False,False,False,False,True,True,True,True,True,True,True,True,True
MODEL C - BTC+ETH Fixed DCA + V3.1 FSM + Bear Risk AI,C,2021-11-13T00:00:00+0000,2021-11-14T00:00:00+0000,2021-11-14T00:00:00+0000,64380.0,4644.27,63970.873999999996,62727.297,57516.1058,45812.31775,3.3349368067505263,0.10215304791927338,True,NONE,,BEAR,BEAR,3,3,0.55,0.55,0.37778641280639613,0.37778641280639613,131920.911350393,0.0,,False,False,False,False,False,False,True,True,True,True,True,True,True,True,True
MODEL C - BTC+ETH Fixed DCA + V3.1 FSM + Bear Risk AI,C,2021-11-14T00:00:00+0000,2021-11-15T00:00:00+0000,2021-11-15T00:00:00+0000,65519.1,4626.5,64383.28300000001,62849.313,57973.075,45865.68215,3.4456883659590165,0.10482989251613617,True,NONE,,BEAR,BEAR,3,3,0.55,0.55,0.37710811855636817,0.37710811855636817,131920.911350393,0.0,,False,False,False,False,False,False,True,True,True,True,True,True,True,True,True
MODEL C - BTC+ETH Fixed DCA + V3.1 FSM + Bear Risk AI,C,2021-11-15T00:00:00+0000,2021-11-16T00:00:00+0000,2021-11-16T00:00:00+0000,63606.74,4563.77,64650.24500000001,63013.20950000001,58381.9918,45915.94085,3.2398953931485863,0.10000654309988022,True,NONE,,BEAR,BEAR,3,3,0.55,0.55,0.3737991960560637,0.3737991960560637,131920.911350393,0.0,,False,False,False,False,False,False,True,True,True,True,True,True,True,True,True
MODEL C - BTC+ETH Fixed DCA + V3.1 FSM + Bear Risk AI,C,2021-11-16T00:00:00+0000,2021-11-17T00:00:00+0000,2021-11-17T00:00:00+0000,60058.87,4209.59,64509.07100000001,63095.48099999999,58740.2222,45927.763849999996,2.88421427716585,0.09004446119070053,True,NONE,,BEAR,BEAR,3,3,0.55,0.55,0.3553301097883342,0.3553301097883342,131920.911350393,0.0,,False,False,False,False,False,False,False,True,True,True,True,True,True,True,True
MODEL C - BTC+ETH Fixed DCA + V3.1 FSM + Bear Risk AI,C,2021-11-17T00:00:00+0000,2021-11-18T00:00:00+0000,2021-11-18T00:00:00+0000,60344.87,4288.07,64216.19900000001,63083.93000000001,59126.5888,45940.48635,2.9073281716983876,0.09004446119070053,True,NONE,,BEAR,BEAR,3,3,0.55,0.55,0.35948742914425746,0.35948742914425746,131920.911350393,0.0,,False,False,False,False,False,False,False,True,True,True,True,True,True,True,True
MODEL C - BTC+ETH Fixed DCA + V3.1 FSM + Bear Risk AI,C,2021-11-18T00:00:00+0000,2021-11-19T00:00:00+0000,2021-11-19T00:00:00+0000,56891.62,3996.9,63152.778000000006,62815.8255,59433.935600000004,45942.0534,2.580807844382899,0.0871877446770668,True,NONE,,BEAR,BEAR,3,3,0.55,0.55,0.34359618810782955,0.34359618810782955,131920.911350393,0.0,,True,False,False,False,False,False,False,False,True,True,True,True,False,True,True
MODEL C - BTC+ETH Fixed DCA + V3.1 FSM + Bear Risk AI,C,2021-11-19T00:00:00+0000,2021-11-20T00:00:00+0000,2021-11-20T00:00:00+0000,58052.24,4294.75,62263.236,62625.478,59718.4984,45946.46765,2.6835887319157057,0.09415671974420547,True,NONE,,BEAR,BEAR,3,3,0.55,0.55,0.35957033372440966,0.35957033372440966,131920.911350393,0.0,,True,True,False,False,False,False,False,False,True,True,True,True,False,True,True
MODEL C - BTC+ETH Fixed DCA + V3.1 FSM + Bear Risk AI,C,2021-11-20T00:00:00+0000,2021-11-21T00:00:00+0000,2021-11-21T00:00:00+0000,59707.51,4412.17,61745.744000000006,62545.8635,59949.816399999996,45979.00515,2.8332783405338984,0.09587251394987106,True,NONE,,BEAR,BEAR,3,3,0.55,0.55,0.3658494806236355,0.3658494806236355,131920.911350393,0.0,,True,True,False,False,False,False,False,False,True,True,True,True,False,True,True
MODEL C - BTC+ETH Fixed DCA + V3.1 FSM + Bear Risk AI,C,2021-11-21T00:00:00+0000,2021-11-22T00:00:00+0000,2021-11-22T00:00:00+0000,58622.02,4259.7,61130.520000000004,62431.409,60169.5588,45984.934700000005,2.727456032515885,0.09377695620059967,True,NONE,,BEAR,BEAR,3,3,0.55,0.55,0.3579095213155569,0.3579095213155569,131920.911350393,0.0,,True,True,False,False,False,False,False,False,True,True,True,True,False,True,True
MODEL C - BTC+ETH Fixed DCA + V3.1 FSM + Bear Risk AI,C,2021-11-22T00:00:00+0000,2021-11-23T00:00:00+0000,2021-11-23T00:00:00+0000,56247.18,4086.28,60343.015,62082.76849999999,60330.50220000001,45984.20220000001,2.507873472893024,0.07663240283727646,True,NONE,,BEAR,BEAR,3,3,0.55,0.55,0.34845375306990567,0.34845375306990567,131920.911350393,0.0,,True,True,False,False,False,False,False,False,True,True,True,True,False,True,True
MODEL C - BTC+ETH Fixed DCA + V3.1 FSM + Bear Risk AI,C,2021-11-23T00:00:00+0000,2021-11-24T00:00:00+0000,2021-11-24T00:00:00+0000,57541.27,4339.45,59659.14200000001,61815.007999999994,60496.828799999996,45985.334800000004,2.6212800077055314,0.09412837028503418,True,NONE,,BEAR,BEAR,3,3,0.55,0.55,0.3619354077015231,0.3619354077015231,131920.911350393,0.0,,True,True,False,False,False,False,False,False,True,True,True,True,False,True,True
MODEL C - BTC+ETH Fixed DCA + V3.1 FSM + Bear Risk AI,C,2021-11-24T00:00:00+0000,2021-11-25T00:00:00+0000,2021-11-25T00:00:00+0000,57138.29,4270.1,58821.06100000001,61602.172,60610.1548,45976.71599999999,2.5819726524694993,0.10154451429843903,True,NONE,,BEAR,BEAR,3,3,0.55,0.55,0.3583368455445273,0.3583368455445273,131920.911350393,0.0,,True,True,False,False,False,False,False,False,True,True,True,True,False,True,True
MODEL C - BTC+ETH Fixed DCA + V3.1 FSM + Bear Risk AI,C,2021-11-25T00:00:00+0000,2021-11-26T00:00:00+0000,2021-11-26T00:00:00+0000,58960.36,4524.48,58356.422999999995,61503.33400000001,60683.062000000005,45980.3136,2.745647452072198,0.1120510995388031,True,NONE,,BEAR,BEAR,3,3,0.55,0.55,0.371554311643232,0.371554311643232,131920.911350393,0.0,,True,True,False,False,False,False,False,False,True,True,True,True,False,True,True
MODEL C - BTC+ETH Fixed DCA + V3.1 FSM + Bear Risk AI,C,2021-11-26T00:00:00+0000,2021-11-27T00:00:00+0000,2021-11-27T00:00:00+0000,53726.53,4041.2,57723.189,61116.130000000005,60681.8882,45969.865549999995,2.2775202798787006,0.10786440968513489,True,NONE,,BEAR,BEAR,3,3,0.55,0.55,0.345785036117402,0.345785036117402,131920.911350393,0.0,,True,True,False,False,False,False,False,False,True,True,True,True,False,True,True
MODEL C - BTC+ETH Fixed DCA + V3.1 FSM + Bear Risk AI,C,2021-11-27T00:00:00+0000,2021-11-28T00:00:00+0000,2021-11-28T00:00:00+0000,54721.03,4095.29,57160.80500000001,60688.50199999999,60697.28020000001,45960.120599999995,2.360189307063124,0.09829527139663696,True,NONE,,BEAR,BEAR,3,3,0.55,0.55,0.34887861773547857,0.34887861773547857,131920.911350393,0.0,,True,True,False,False,False,False,False,False,True,True,True,True,False,True,True
MODEL C - BTC+ETH Fixed DCA + V3.1 FSM + Bear Risk AI,C,2021-11-28T00:00:00+0000,2021-11-29T00:00:00+0000,2021-11-29T00:00:00+0000,57274.88,4294.77,57199.13100000001,60175.95450000001,60743.7834,45998.3384,2.580283269128954,0.12044703215360641,True,NONE,,BEAR,BEAR,3,3,0.55,0.55,0.3597798671773781,0.3597798671773781,131920.911350393,0.0,,True,True,False,False,False,False,False,False,True,True,True,True,False,True,True
MODEL C - BTC+ETH Fixed DCA + V3.1 FSM + Bear Risk AI,C,2021-11-29T00:00:00+0000,2021-11-30T00:00:00+0000,2021-11-30T00:00:00+0000,57776.25,4444.54,57171.53199999999,59717.384,60806.1284,46038.8648,2.6200950454665635,0.11975481361150742,True,NONE,,BEAR,BEAR,3,3,0.55,0.55,0.3675249854698028,0.3675249854698028,131920.911350393,0.0,,True,True,False,False,False,False,False,False,True,True,True,True,False,True,True
MODEL C - BTC+ETH Fixed DCA + V3.1 FSM + Bear Risk AI,C,2021-11-30T00:00:00+0000,2021-12-01T00:00:00+0000,2021-12-01T00:00:00+0000,56950.56,4630.25,56895.837,59320.7905,60795.712600000006,46074.41035,2.540627971623526,0.0926121398806572,True,NONE,,BEAR,BEAR,3,3,0.55,0.55,0.3766543535070876,0.3766543535070876,131920.911350393,0.0,,True,True,False,False,False,False,False,False,True,True,True,True,False,True,True
MODEL C - BTC+ETH Fixed DCA + V3.1 FSM + Bear Risk AI,C,2021-12-01T00:00:00+0000,2021-12-02T00:00:00+0000,2021-12-02T00:00:00+0000,57184.07,4582.95,56752.042,58941.280999999995,60819.4554,46126.51575,2.555443971201479,0.09825193881988525,True,NONE,,BEAR,BEAR,3,3,0.55,0.55,0.37440033935259637,0.37440033935259637,131920.911350393,0.0,,True,True,False,False,False,False,False,False,True,True,True,True,False,True,True
MODEL C - BTC+ETH Fixed DCA + V3.1 FSM + Bear Risk AI,C,2021-12-02T00:00:00+0000,2021-12-03T00:00:00+0000,2021-12-03T00:00:00+0000,56480.34,4511.35,56775.35799999999,58559.186499999996,60801.7222,46176.75995,2.4871396832068133,0.11410952359437943,True,NONE,,BEAR,BEAR,3,3,0.55,0.55,0.3707826202273346,0.3707826202273346,131920.911350393,0.0,,True,True,False,False,False,False,False,False,True,True,True,True,False,True,True
MODEL C - BTC+ETH Fixed DCA + V3.1 FSM + Bear Risk AI,C,2021-12-03T00:00:00+0000,2021-12-04T00:00:00+0000,2021-12-04T00:00:00+0000,53601.05,4215.01,56381.335999999996,58020.239,60726.784400000004,46227.075,2.2348144084885724,0.12000161409378052,True,NONE,,BEAR,BEAR,3,3,0.55,0.55,0.3552400627986185,0.3552400627986185,131920.911350393,0.0,,True,True,False,False,False,False,False,False,True,True,True,True,False,True,True
MODEL C - BTC+ETH Fixed DCA + V3.1 FSM + Bear Risk AI,C,2021-12-04T00:00:00+0000,2021-12-05T00:00:00+0000,2021-12-05T00:00:00+0000,49152.47,4117.25,55582.754,57201.907499999994,60476.3854,46258.588449999996,1.875650718296458,0.299308180809021,True,NONE,,BEAR,BEAR,3,3,0.55,0.55,0.34940614206543225,0.34940614206543225,131920.911350393,0.0,,True,True,False,False,False,False,False,False,True,True,False,True,False,True,True
MODEL C - BTC+ETH Fixed DCA + V3.1 FSM + Bear Risk AI,C,2021-12-05T00:00:00+0000,2021-12-06T00:00:00+0000,2021-12-06T00:00:00+0000,49396.33,4196.44,54626.351,56491.387,60246.800599999995,46322.11965,1.889370259982329,0.33047929406166077,True,NONE,,BEAR,BEAR,3,3,0.55,0.55,0.35367387873909584,0.35367387873909584,131920.911350393,0.0,,True,True,False,False,False,False,False,False,True,True,False,True,False,True,True
MODEL C - BTC+ETH Fixed DCA + V3.1 FSM + Bear Risk AI,C,2021-12-06T00:00:00+0000,2021-12-07T00:00:00+0000,2021-12-07T00:00:00+0000,50441.92,4347.57,54297.89,56010.5395,60025.07239999999,46371.696050000006,1.965662558763776,0.1926385760307312,True,NONE,,BEAR,BEAR,3,3,0.55,0.55,0.3617247823999319,0.3617247823999319,131920.911350393,0.0,,True,True,False,False,False,False,False,False,True,True,False,True,False,True,True
MODEL C - BTC+ETH Fixed DCA + V3.1 FSM + Bear Risk AI,C,2021-12-07T00:00:00+0000,2021-12-08T00:00:00+0000,2021-12-08T00:00:00+0000,50588.95,4306.4,53884.68199999999,55522.7435,59796.6546,46438.380750000004,1.9718582892571745,0.19246283173561096,True,NONE,,BEAR,BEAR,3,3,0.55,0.55,0.35966500629912884,0.35966500629912884,131920.911350393,0.0,,True,True,False,False,False,False,False,False,True,True,False,True,False,True,True
MODEL C - BTC+ETH Fixed DCA + V3.1 FSM + Bear Risk AI,C,2021-12-08T00:00:00+0000,2021-12-09T00:00:00+0000,2021-12-09T00:00:00+0000,50471.19,4436.91,53204.313,55201.721999999994,59520.4666,46503.48805000001,1.957518256015376,0.21541349589824677,True,NONE,,BEAR,BEAR,3,3,0.55,0.55,0.36634794310387586,0.36634794310387586,131920.911350393,0.0,,True,True,False,False,False,False,False,False,True,True,False,True,False,True,True
MODEL C - BTC+ETH Fixed DCA + V3.1 FSM + Bear Risk AI,C,2021-12-09T00:00:00+0000,2021-12-10T00:00:00+0000,2021-12-10T00:00:00+0000,47545.59,4105.64,52181.247,54676.389500000005,59151.35019999999,46567.939750000005,1.7326093567646694,0.41523775458335876,True,NONE,,BEAR,BEAR,3,3,0.55,0.55,0.34870190839592513,0.34870190839592513,131920.911350393,0.0,,True,True,False,False,False,False,False,False,True,True,False,True,False,True,True
MODEL C - BTC+ETH Fixed DCA + V3.1 FSM + Bear Risk AI,C,2021-12-10T00:00:00+0000,2021-12-11T00:00:00+0000,2021-12-11T00:00:00+0000,47140.54,3898.31,51200.245,54048.041000000005,58850.297999999995,46609.66099999999,1.699587039142712,0.41523775458335876,True,NONE,,BEAR,BEAR,3,3,0.55,0.55,0.33740901334319956,0.33740901334319956,131920.911350393,0.0,,True,True,False,False,False,False,False,False,True,True,False,True,False,True,True
MODEL C - BTC+ETH Fixed DCA + V3.1 FSM + Bear Risk AI,C,2021-12-11T00:00:00+0000,2021-12-12T00:00:00+0000,2021-12-12T00:00:00+0000,49389.99,4089.68,50420.837,53586.4395,58624.333399999996,46664.98735,1.8611446875810593,0.39820075035095215,True,NONE,,BEAR,BEAR,3,3,0.55,0.55,0.3482320947873911,0.3482320947873911,131920.911350393,0.0,,True,True,False,False,False,False,False,False,True,True,False,True,False,True,True
MODEL C - BTC+ETH Fixed DCA + V3.1 FSM + Bear Risk AI,C,2021-12-12T00:00:00+0000,2021-12-13T00:00:00+0000,2021-12-13T00:00:00+0000,50053.9,4130.0,49778.193,53276.7755,58399.6764,46719.047300000006,1.9069467076098983,0.2534157931804657,True,NONE,,BEAR,BEAR,3,3,0.55,0.55,0.3505283739518227,0.3505283739518227,131920.911350393,0.0,,True,True,False,False,False,False,False,False,True,True,False,True,False,True,True
MODEL C - BTC+ETH Fixed DCA + V3.1 FSM + Bear Risk AI,C,2021-12-13T00:00:00+0000,2021-12-14T00:00:00+0000,2021-12-14T00:00:00+0000,46702.75,3781.92,49088.363,52734.8495,58116.687000000005,46759.91115,1.6566520913205856,0.39955782890319824,True,NONE,,BEAR,BEAR,3,3,0.55,0.55,0.33094881454499764,0.33094881454499764,131920.911350393,0.0,,True,True,False,False,False,False,False,False,True,True,False,True,False,True,True
MODEL C - BTC+ETH Fixed DCA + V3.1 FSM + Bear Risk AI,C,2021-12-14T00:00:00+0000,2021-12-15T00:00:00+0000,2021-12-15T00:00:00+0000,48343.28,3858.99,49007.444,52295.099,57821.97699999999,46823.310099999995,1.770490911272746,0.4115560054779053,True,NONE,,BEAR,BEAR,3,3,0.55,0.55,0.3355901439296583,0.3355901439296583,131920.911350393,0.0,,True,True,False,False,False,False,False,False,True,True,False,True,False,True,True
MODEL C - BTC+ETH Fixed DCA + V3.1 FSM + Bear Risk AI,C,2021-12-15T00:00:00+0000,2021-12-16T00:00:00+0000,2021-12-16T00:00:00+0000,48864.98,4019.54,48954.309,51790.33,57592.7004,46894.60925,1.8039302256032033,0.44126376509666443,True,NONE,,BEAR,BEAR,3,3,0.55,0.55,0.34452209476512324,0.34452209476512324,131920.911350393,0.0,,True,True,False,False,False,False,False,False,True,True,False,True,False,True,True
MODEL C - BTC+ETH Fixed DCA + V3.1 FSM + Bear Risk AI,C,2021-12-16T00:00:00+0000,2021-12-17T00:00:00+0000,2021-12-17T00:00:00+0000,47632.38,3959.11,48673.355,51485.6225,57377.0792,46954.56480000001,1.7097699602762784,0.4356735646724701,True,NONE,,BEAR,BEAR,3,3,0.55,0.55,0.34105979468671743,0.34105979468671743,131920.911350393,0.0,,True,True,False,False,False,False,False,False,True,True,False,True,False,True,True
MODEL C - BTC+ETH Fixed DCA + V3.1 FSM + Bear Risk AI,C,2021-12-17T00:00:00+0000,2021-12-18T00:00:00+0000,2021-12-18T00:00:00+0000,46131.2,3875.43,48227.58,51056.131,57088.1854,46998.95175,1.600206814889532,0.4297393262386322,True,NONE,,BEAR,BEAR,3,3,0.55,0.55,0.3362255699158685,0.3362255699158685,131920.911350393,0.0,,True,True,False,False,False,False,False,False,True,True,False,True,False,True,True
MODEL C - BTC+ETH Fixed DCA + V3.1 FSM + Bear Risk AI,C,2021-12-18T00:00:00+0000,2021-12-19T00:00:00+0000,2021-12-19T00:00:00+0000,46834.48,3959.93,47863.909,50534.111,56779.8008,47049.6587,1.6455598025045006,0.42869246006011963,True,NONE,,BEAR,BEAR,3,3,0.55,0.55,0.3410406601467253,0.3410406601467253,131920.911350393,0.0,,True,True,True,False,False,False,False,False,False,True,False,True,False,True,True
MODEL C - BTC+ETH Fixed DCA + V3.1 FSM + Bear Risk AI,C,2021-12-19T00:00:00+0000,2021-12-20T00:00:00+0000,2021-12-20T00:00:00+0000,46681.23,3924.14,47777.473,49979.36,56476.241599999994,47095.22145,1.6312125420025703,0.4242631793022156,True,NONE,,BEAR,BEAR,3,3,0.55,0.55,0.3390888499763169,0.3390888499763169,131920.911350393,0.0,,True,True,True,False,False,False,False,False,False,True,False,True,False,True,True
MODEL C - BTC+ETH Fixed DCA + V3.1 FSM + Bear Risk AI,C,2021-12-20T00:00:00+0000,2021-12-21T00:00:00+0000,2021-12-21T00:00:00+0000,46914.16,3944.72,47754.83500000001,49477.54,56188.5288,47133.558300000004,1.644162205203467,0.4242631793022156,True,NONE,,BEAR,BEAR,3,3,0.55,0.55,0.3402981133840172,0.3402981133840172,131920.911350393,0.0,,True,True,True,False,False,False,False,False,False,True,False,True,False,True,True
MODEL C - BTC+ETH Fixed DCA + V3.1 FSM + Bear Risk AI,C,2021-12-21T00:00:00+0000,2021-12-22T00:00:00+0000,2021-12-22T00:00:00+0000,48889.88,4014.41,47704.824,49062.8305,55948.1042,47193.862700000005,1.7810811821141566,0.40839365124702454,True,NONE,,BEAR,BEAR,3,3,0.55,0.55,0.34448000078768853,0.34448000078768853,131920.911350393,0.0,,True,True,False,False,False,False,False,False,False,True,False,True,False,True,True
MODEL C - BTC+ETH Fixed DCA + V3.1 FSM + Bear Risk AI,C,2021-12-22T00:00:00+0000,2021-12-23T00:00:00+0000,2021-12-23T00:00:00+0000,48588.16,3979.51,47558.25,48668.2215,55655.467599999996,47259.2375,1.7545667877405973,0.41544634103775024,True,NONE,,BEAR,BEAR,3,3,0.55,0.55,0.3425705146239136,0.3425705146239136,131920.911350393,0.0,,True,True,False,False,False,False,False,False,False,True,False,True,False,True,True
MODEL C - BTC+ETH Fixed DCA + V3.1 FSM + Bear Risk AI,C,2021-12-23T00:00:00+0000,2021-12-24T00:00:00+0000,2021-12-24T00:00:00+0000,50838.81,4111.41,47971.856,48530.1095,55414.3142,47334.45,1.9154624851760897,0.2760073244571686,True,NONE,,BEAR,BEAR,3,3,0.55,0.55,0.3501010494042425,0.3501010494042425,131920.911350393,0.0,,False,False,False,False,False,False,False,False,False,True,False,True,False,True,True
MODEL C - BTC+ETH Fixed DCA + V3.1 FSM + Bear Risk AI,C,2021-12-24T00:00:00+0000,2021-12-25T00:00:00+0000,2021-12-25T00:00:00+0000,50820.0,4046.35,48219.528000000006,48613.486,55202.814000000006,47420.78605,1.90820681927579,0.2831153869628906,True,NONE,,BEAR,BEAR,3,3,0.55,0.55,0.34665687426918484,0.34665687426918484,131920.911350393,0.0,,False,False,False,False,False,False,False,False,False,True,False,True,False,True,True
MODEL C - BTC+ETH Fixed DCA + V3.1 FSM + Bear Risk AI,C,2021-12-25T00:00:00+0000,2021-12-26T00:00:00+0000,2021-12-26T00:00:00+0000,50399.66,4094.36,48372.996,48663.652500000004,54992.06480000001,47505.88029999999,1.8711020061565828,0.3793598413467407,True,NONE,,BEAR,BEAR,3,3,0.55,0.55,0.349188655731199,0.349188655731199,131920.911350393,0.0,,False,False,False,False,False,False,False,False,False,True,False,True,False,True,True
MODEL C - BTC+ETH Fixed DCA + V3.1 FSM + Bear Risk AI,C,2021-12-26T00:00:00+0000,2021-12-27T00:00:00+0000,2021-12-27T00:00:00+0000,50775.49,4063.57,48687.307,48680.331,54778.1624,47572.8175,1.8941041591204906,0.3793598413467407,True,NONE,,BEAR,BEAR,3,3,0.55,0.55,0.3476472978638019,0.3476472978638019,131920.911350393,0.0,,False,False,False,False,False,False,False,False,False,True,False,True,False,True,True
MODEL C - BTC+ETH Fixed DCA + V3.1 FSM + Bear Risk AI,C,2021-12-27T00:00:00+0000,2021-12-28T00:00:00+0000,2021-12-28T00:00:00+0000,50701.44,4037.22,49144.331000000006,48685.9555,54526.719399999994,47642.9461,1.8834818525061858,0.3793598413467407,True,NONE,,BEAR,BEAR,3,3,0.55,0.55,0.3462562413397892,0.3462562413397892,131920.911350393,0.0,,False,False,False,False,False,False,True,False,False,True,False,True,False,True,True
MODEL C - BTC+ETH Fixed DCA + V3.1 FSM + Bear Risk AI,C,2021-12-28T00:00:00+0000,2021-12-29T00:00:00+0000,2021-12-29T00:00:00+0000,47543.74,3792.75,49215.257,48539.583,54127.077600000004,47694.0049,1.652370537115976,0.40984922647476196,True,NONE,,BEAR,BEAR,3,3,0.55,0.55,0.33227701916226987,0.33227701916226987,131920.911350393,0.0,,False,False,False,False,False,False,False,False,False,True,False,True,False,True,True
MODEL C - BTC+ETH Fixed DCA + V3.1 FSM + Bear Risk AI,C,2021-12-29T00:00:00+0000,2021-12-30T00:00:00+0000,2021-12-30T00:00:00+0000,46464.66,3630.18,49193.6,48485.5365,53717.4176,47748.597649999996,1.5744709720165364,0.3856894373893738,True,NONE,,BEAR,BEAR,3,3,0.55,0.55,0.32285529588043416,0.32285529588043416,131920.911350393,0.0,,False,False,True,False,False,False,False,False,False,True,False,True,False,True,True
MODEL C - BTC+ETH Fixed DCA + V3.1 FSM + Bear Risk AI,C,2021-12-30T00:00:00+0000,2021-12-31T00:00:00+0000,2021-12-31T00:00:00+0000,47120.87,3709.27,49214.27099999999,48484.553,53362.1864,47789.09915,1.6158938327096068,0.4170984923839569,True,NONE,,BEAR,BEAR,3,3,0.55,0.55,0.3275555826671913,0.3275555826671913,131920.911350393,0.0,,False,True,True,False,False,False,False,False,False,True,False,True,False,True,True
MODEL C - BTC+ETH Fixed DCA + V3.1 FSM + Bear Risk AI,C,2021-12-31T00:00:00+0000,2022-01-01T00:00:00+0000,2022-01-01T00:00:00+0000,46216.93,3676.22,48946.976,48325.9,52991.039800000006,47817.60235,1.5516540003052677,0.3428471088409424,True,NONE,,BEAR,BEAR,3,3,0.55,0.55,0.3255323313823602,0.3255323313823602,131920.911350393,0.0,,False,True,True,False,False,False,False,False,False,True,False,True,False,True,True
MODEL C - BTC+ETH Fixed DCA + V3.1 FSM + Bear Risk AI,C,2022-01-01T00:00:00+0000,2022-01-02T00:00:00+0000,2022-01-02T00:00:00+0000,47722.65,3765.54,48860.425,48209.3375,52663.048200000005,47855.4954,1.6510617684288513,0.39545875787734985,True,NONE,,BEAR,BEAR,3,3,0.55,0.55,0.3309380361422926,0.3309380361422926,131920.911350393,0.0,,True,True,True,False,False,False,False,False,False,True,False,True,False,True,True
MODEL C - BTC+ETH Fixed DCA + V3.1 FSM + Bear Risk AI,C,2022-01-02T00:00:00+0000,2022-01-03T00:00:00+0000,2022-01-03T00:00:00+0000,47286.18,3828.11,48505.162,48238.509,52321.171800000004,47900.18125,1.6174951688183956,0.4113781750202179,True,NONE,,BEAR,BEAR,3,3,0.55,0.55,0.3344006741828706,0.3344006741828706,131920.911350393,0.0,,True,True,True,False,False,False,False,False,False,True,False,True,False,True,True
MODEL C - BTC+ETH Fixed DCA + V3.1 FSM + Bear Risk AI,C,2022-01-03T00:00:00+0000,2022-01-04T00:00:00+0000,2022-01-04T00:00:00+0000,46446.1,3765.89,48067.772000000004,48143.65,51939.7118,47941.946899999995,1.5572569979987783,0.33667320013046265,True,NONE,,BEAR,DEEP_BEAR,3,4,0.55,0.25,0.33078806612582573,0.24999999999999997,148552.9407486444,0.0,STAGE4_SELL:EXECUTED,True,True,True,False,False,False,False,False,False,True,False,True,False,True,True
MODEL C - BTC+ETH Fixed DCA + V3.1 FSM + Bear Risk AI,C,2022-01-04T00:00:00+0000,2022-01-05T00:00:00+0000,2022-01-05T00:00:00+0000,45832.01,3785.1,47611.007000000005,47992.0015,51584.2172,47992.00775,1.5129069521971523,0.33232566714286804,True,NONE,,DEEP_BEAR,BEAR,4,3,0.25,0.55,0.2509982831553747,0.2509982831553747,148552.9407486444,0.0,DEEP_BEAR_TO_BEAR_NO_AUTO_BUY,True,True,True,False,False,False,False,False,False,True,False,True,False,True,True
MODEL C - BTC+ETH Fixed DCA + V3.1 FSM + Bear Risk AI,C,2022-01-05T00:00:00+0000,2022-01-06T00:00:00+0000,2022-01-06T00:00:00+0000,43451.13,3539.82,46878.570999999996,47782.939,51252.0624,48031.844800000006,1.3570073598443542,0.35776495933532715,True,NONE,,BEAR,DEEP_BEAR,3,4,0.55,0.25,0.23865776115376625,0.23865776115376625,148552.9407486444,0.0,STAGE4_SELL:EXPOSURE_GAP_BELOW_5PP,True,True,True,False,False,False,False,False,False,True,False,True,False,True,True
MODEL C - BTC+ETH Fixed DCA + V3.1 FSM + Bear Risk AI,C,2022-01-06T00:00:00+0000,2022-01-07T00:00:00+0000,2022-01-07T00:00:00+0000,43082.31,3406.81,46116.657999999996,47630.4945,50906.811200000004,48069.25555000001,1.331392140422841,0.35776495933532715,True,NONE,,DEEP_BEAR,BEAR,4,3,0.25,0.55,0.2318165250498797,0.2318165250498797,148552.9407486444,0.0,DEEP_BEAR_TO_BEAR_NO_AUTO_BUY,True,True,True,False,False,False,False,False,False,True,False,True,False,True,True
MODEL C - BTC+ETH Fixed DCA + V3.1 FSM + Bear Risk AI,C,2022-01-07T00:00:00+0000,2022-01-08T00:00:00+0000,2022-01-08T00:00:00+0000,41566.48,3198.68,45518.932,47367.0945,50600.3084,48119.0433,1.2365484858968838,0.25502103567123413,True,NONE,,BEAR,DEEP_BEAR,3,4,0.55,0.25,0.22083143128670316,0.22083143128670316,148552.9407486444,0.0,STAGE4_SELL:EXPOSURE_GAP_BELOW_5PP,True,True,True,False,False,False,False,False,False,True,False,True,False,True,True
MODEL C - BTC+ETH Fixed DCA + V3.1 FSM + Bear Risk AI,C,2022-01-08T00:00:00+0000,2022-01-09T00:00:00+0000,2022-01-09T00:00:00+0000,41679.74,3080.98,45040.44,47117.020000000004,50272.858400000005,48164.8942,1.2405873720966416,0.31629106402397156,True,NONE,,DEEP_BEAR,BEAR,4,3,0.25,0.55,0.2145035065928843,0.2145035065928843,148552.9407486444,0.0,DEEP_BEAR_TO_BEAR_NO_AUTO_BUY,True,True,True,False,False,False,False,False,False,True,False,True,False,True,True
MODEL C - BTC+ETH Fixed DCA + V3.1 FSM + Bear Risk AI,C,2022-01-09T00:00:00+0000,2022-01-10T00:00:00+0000,2022-01-10T00:00:00+0000,41864.62,3151.97,44514.815,46864.543,49916.0006,48205.82695,1.2490193704248729,0.31505295634269714,True,NONE,,BEAR,DEEP_BEAR,3,4,0.55,0.25,0.2184094200203658,0.2184094200203658,148552.9407486444,0.0,STAGE4_SELL:EXPOSURE_GAP_BELOW_5PP,True,True,True,False,False,False,False,False,False,True,False,True,False,True,True
MODEL C - BTC+ETH Fixed DCA + V3.1 FSM + Bear Risk AI,C,2022-01-10T00:00:00+0000,2022-01-11T00:00:00+0000,2022-01-11T00:00:00+0000,41822.49,3082.87,44075.371,46511.1735,49580.01,48241.62395000001,1.2440527878025458,0.3196585178375244,True,NONE,,DEEP_BEAR,BEAR,4,3,0.25,0.55,0.21470283203561374,0.21470283203561374,148552.9407486444,0.0,DEEP_BEAR_TO_BEAR_NO_AUTO_BUY,True,True,True,False,False,False,False,False,False,True,False,True,False,True,True
MODEL C - BTC+ETH Fixed DCA + V3.1 FSM + Bear Risk AI,C,2022-01-11T00:00:00+0000,2022-01-12T00:00:00+0000,2022-01-12T00:00:00+0000,42729.29,3239.73,43576.034999999996,46218.229999999996,49309.6522,48297.348150000005,1.2954948385651481,0.356395959854126,True,NONE,,BEAR,DEEP_BEAR,3,4,0.55,0.25,0.22322662456426642,0.22322662456426642,148552.9407486444,0.0,STAGE4_SELL:EXPOSURE_GAP_BELOW_5PP,True,True,True,False,False,False,False,False,False,True,False,True,False,True,True
MODEL C - BTC+ETH Fixed DCA + V3.1 FSM + Bear Risk AI,C,2022-01-12T00:00:00+0000,2022-01-13T00:00:00+0000,2022-01-13T00:00:00+0000,43902.66,3371.6,43237.683000000005,45871.4225,49036.88,48355.4432,1.3643025667793387,0.3729695677757263,True,NONE,,DEEP_BEAR,BEAR,4,3,0.25,0.55,0.23026291421362097,0.23026291421362097,148552.9407486444,0.0,DEEP_BEAR_TO_BEAR_NO_AUTO_BUY,True,True,True,False,False,False,False,False,False,True,False,True,False,True,True
MODEL C - BTC+ETH Fixed DCA + V3.1 FSM + Bear Risk AI,C,2022-01-13T00:00:00+0000,2022-01-14T00:00:00+0000,2022-01-14T00:00:00+0000,42560.11,3240.61,42849.083999999995,45458.428,48745.3164,48394.74205,1.2795244467393605,0.356395959854126,True,NONE,,BEAR,DEEP_BEAR,3,4,0.55,0.25,0.22336433967336863,0.22336433967336863,148552.9407486444,0.0,STAGE4_SELL:EXPOSURE_GAP_BELOW_5PP,True,True,True,False,False,False,False,False,False,True,False,True,False,True,True
MODEL C - BTC+ETH Fixed DCA + V3.1 FSM + Bear Risk AI,C,2022-01-14T00:00:00+0000,2022-01-15T00:00:00+0000,2022-01-15T00:00:00+0000,43059.96,3307.42,42571.879,45091.443,48427.3084,48437.5674,1.3069928264506572,0.36801138520240784,True,NONE,,DEEP_BEAR,BEAR,4,3,0.25,0.55,0.2269668372790335,0.2269668372790335,148552.9407486444,0.0,DEEP_BEAR_TO_BEAR_NO_AUTO_BUY,True,True,True,False,False,False,False,False,False,True,False,False,False,True,True
MODEL C - BTC+ETH Fixed DCA + V3.1 FSM + Bear Risk AI,C,2022-01-15T00:00:00+0000,2022-01-16T00:00:00+0000,2022-01-16T00:00:00+0000,43084.29,3326.51,42535.195,44706.883,48214.4636,48473.430199999995,1.3058988023261342,0.34679290652275085,True,NONE,,BEAR,DEEP_BEAR,3,4,0.55,0.25,0.2280215213956945,0.2280215213956945,148552.9407486444,0.0,STAGE4_SELL:EXPOSURE_GAP_BELOW_5PP,True,True,True,False,False,False,False,False,False,True,False,False,False,True,True
MODEL C - BTC+ETH Fixed DCA + V3.1 FSM + Bear Risk AI,C,2022-01-16T00:00:00+0000,2022-01-17T00:00:00+0000,2022-01-17T00:00:00+0000,43071.66,3346.89,42534.130000000005,44325.39400000001,47981.47619999999,48513.5635,1.302454809626094,0.4134976267814636,True,NONE,,DEEP_BEAR,BEAR,4,3,0.25,0.55,0.2291410392046023,0.2291410392046023,148552.9407486444,0.0,DEEP_BEAR_TO_BEAR_NO_AUTO_BUY,True,True,True,False,False,False,False,False,False,True,False,False,False,True,True
MODEL C - BTC+ETH Fixed DCA + V3.1 FSM + Bear Risk AI,C,2022-01-17T00:00:00+0000,2022-01-18T00:00:00+0000,2022-01-18T00:00:00+0000,42201.62,3209.68,42597.644,44058.28800000001,47680.011,48557.04815,1.2477165159964008,0.3859025239944458,True,NONE,,BEAR,DEEP_BEAR,3,4,0.55,0.25,0.221890340836944,0.221890340836944,148552.9407486444,0.0,STAGE4_SELL:EXPOSURE_GAP_BELOW_5PP,False,True,True,False,False,False,False,False,False,True,False,False,False,True,True
MODEL C - BTC+ETH Fixed DCA + V3.1 FSM + Bear Risk AI,C,2022-01-18T00:00:00+0000,2022-01-19T00:00:00+0000,2022-01-19T00:00:00+0000,42352.12,3159.85,42664.882,43852.66100000001,47371.528399999996,48599.876,1.2539856069393354,0.3859025239944458,True,NONE,,DEEP_BEAR,BEAR,4,3,0.25,0.55,0.2192608052831112,0.2192608052831112,148552.9407486444,0.0,DEEP_BEAR_TO_BEAR_NO_AUTO_BUY,False,True,True,False,False,False,False,False,False,True,False,False,False,True,True
MODEL C - BTC+ETH Fixed DCA + V3.1 FSM + Bear Risk AI,C,2022-01-19T00:00:00+0000,2022-01-20T00:00:00+0000,2022-01-20T00:00:00+0000,41660.01,3084.02,42644.421,43579.618,47065.717399999994,48634.8304,1.210978123352359,0.2725863456726074,True,NONE,,BEAR,DEEP_BEAR,3,4,0.55,0.25,0.21518422612941732,0.21518422612941732,148552.9407486444,0.0,STAGE4_SELL:EXPOSURE_GAP_BELOW_5PP,False,True,True,False,False,False,False,False,False,True,False,False,False,True,True
MODEL C - BTC+ETH Fixed DCA + V3.1 FSM + Bear Risk AI,C,2022-01-20T00:00:00+0000,2022-01-21T00:00:00+0000,2022-01-21T00:00:00+0000,40680.91,3001.48,42530.263,43302.816999999995,46735.6542,48661.8024,1.1526720498542298,0.15992382168769836,True,NONE,,DEEP_BEAR,BEAR,4,3,0.25,0.55,0.21068688321645207,0.21068688321645207,148552.9407486444,0.0,DEEP_BEAR_TO_BEAR_NO_AUTO_BUY,False,True,True,False,False,False,False,False,False,True,False,False,False,True,True
MODEL C - BTC+ETH Fixed DCA + V3.1 FSM + Bear Risk AI,C,2022-01-21T00:00:00+0000,2022-01-22T00:00:00+0000,2022-01-22T00:00:00+0000,36445.31,2567.47,41901.865,42738.95,46334.9536,48675.57825,0.9237460531321476,0.11589284986257553,True,NONE,,BEAR,DEEP_BEAR,3,4,0.55,0.25,0.18596698374323706,0.18596698374323706,148552.9407486444,0.0,STAGE4_SELL:NOTIONAL_BELOW_GUARD,True,True,True,False,False,False,False,False,False,True,False,False,False,True,True
MODEL C - BTC+ETH Fixed DCA + V3.1 FSM + Bear Risk AI,C,2022-01-22T00:00:00+0000,2022-01-23T00:00:00+0000,2022-01-23T00:00:00+0000,35071.42,2412.18,41018.741,42128.212,45964.361,48679.835300000006,0.8542911614625104,0.12019424140453339,True,NONE,,DEEP_BEAR,BEAR,4,3,0.25,0.55,0.17677777158690405,0.17677777158690405,148552.9407486444,0.0,DEEP_BEAR_TO_BEAR_NO_AUTO_BUY|CRASH_L1:NOTIONAL_BELOW_GUARD,True,True,True,False,True,False,False,False,False,True,False,False,False,False,True
MODEL C - BTC+ETH Fixed DCA + V3.1 FSM + Bear Risk AI,C,2022-01-23T00:00:00+0000,2022-01-24T00:00:00+0000,2022-01-24T00:00:00+0000,36244.55,2539.0,40387.185000000005,41618.1345,45706.202600000004,48691.74745,0.9110587476847529,0.12570245563983917,True,NONE,,BEAR,DEEP_BEAR,3,4,0.55,0.25,0.1843959290477381,0.1843959290477381,148552.9407486444,0.0,STAGE4_SELL:NOTIONAL_BELOW_GUARD,True,True,True,False,False,False,False,False,False,True,False,False,False,False,True
MODEL C - BTC+ETH Fixed DCA + V3.1 FSM + Bear Risk AI,C,2022-01-24T00:00:00+0000,2022-01-25T00:00:00+0000,2022-01-25T00:00:00+0000,36660.35,2439.56,39747.224,41159.5515,45451.483,48710.67065000001,0.9305796300308994,0.10383223742246628,True,NONE,,DEEP_BEAR,BEAR,4,3,0.25,0.55,0.17856305049946294,0.17856305049946294,148552.9407486444,0.0,DEEP_BEAR_TO_BEAR_NO_AUTO_BUY,True,True,True,False,False,False,False,False,False,True,False,False,False,False,True
MODEL C - BTC+ETH Fixed DCA + V3.1 FSM + Bear Risk AI,C,2022-01-25T00:00:00+0000,2022-01-26T00:00:00+0000,2022-01-26T00:00:00+0000,36958.32,2459.04,39134.627,40834.91100000001,45181.81100000001,48726.383200000004,0.94430639969273,0.10341865569353104,True,NONE,,BEAR,DEEP_BEAR,3,4,0.55,0.25,0.1797854971394495,0.1797854971394495,148552.9407486444,0.0,STAGE4_SELL:NOTIONAL_BELOW_GUARD,True,True,True,False,False,False,False,False,False,True,False,False,False,False,True
MODEL C - BTC+ETH Fixed DCA + V3.1 FSM + Bear Risk AI,C,2022-01-26T00:00:00+0000,2022-01-27T00:00:00+0000,2022-01-27T00:00:00+0000,36809.34,2463.0,38508.395000000004,40521.2625,44906.2188,48742.915550000005,0.9352453669307856,0.10341865569353104,True,NONE,,DEEP_BEAR,BEAR,4,3,0.25,0.55,0.18006823894391338,0.18006823894391338,148552.9407486444,0.0,DEEP_BEAR_TO_BEAR_NO_AUTO_BUY,True,True,True,False,False,False,False,False,False,True,False,False,False,False,True
MODEL C - BTC+ETH Fixed DCA + V3.1 FSM + Bear Risk AI,C,2022-01-27T00:00:00+0000,2022-01-28T00:00:00+0000,2022-01-28T00:00:00+0000,37160.1,2424.02,38004.243,40300.9435,44639.997,48757.42110000001,0.9517052849830859,0.09133490175008774,True,NONE,,BEAR,DEEP_BEAR,3,4,0.55,0.25,0.17780629097848716,0.17780629097848716,148552.9407486444,0.0,STAGE4_SELL:NOTIONAL_BELOW_GUARD,True,True,True,False,False,False,False,False,False,True,False,False,False,False,True
MODEL C - BTC+ETH Fixed DCA + V3.1 FSM + Bear Risk AI,C,2022-01-28T00:00:00+0000,2022-01-29T00:00:00+0000,2022-01-29T00:00:00+0000,37716.56,2544.99,37540.687,40102.7845,44443.41640000001,48780.57075,0.9787579362936216,0.08996991813182831,True,NONE,,DEEP_BEAR,BEAR,4,3,0.25,0.55,0.18505080570705934,0.18505080570705934,148552.9407486444,0.0,DEEP_BEAR_TO_BEAR_NO_AUTO_BUY,True,True,True,False,False,False,False,False,False,True,False,False,False,False,True
MODEL C - BTC+ETH Fixed DCA + V3.1 FSM + Bear Risk AI,C,2022-01-29T00:00:00+0000,2022-01-30T00:00:00+0000,2022-01-30T00:00:00+0000,38166.84,2601.43,37191.369999999995,39917.8955,44263.9424,48807.756100000006,1.0004842706389252,0.09334931522607803,True,NONE,,BEAR,DEEP_BEAR,3,4,0.55,0.25,0.1884209041115685,0.1884209041115685,148552.9407486444,0.0,STAGE4_SELL:NOTIONAL_BELOW_GUARD,True,True,True,False,False,False,False,False,False,True,False,False,False,False,True
MODEL C - BTC+ETH Fixed DCA + V3.1 FSM + Bear Risk AI,C,2022-01-30T00:00:00+0000,2022-01-31T00:00:00+0000,2022-01-31T00:00:00+0000,37881.76,2601.67,36911.455,39720.859000000004,44033.7778,48833.06480000001,0.9838792454430093,0.15577606856822968,True,NONE,,DEEP_BEAR,BEAR,4,3,0.25,0.55,0.18847659956643523,0.18847659956643523,148552.9407486444,0.0,DEEP_BEAR_TO_BEAR_NO_AUTO_BUY,True,True,True,False,False,False,False,False,False,True,False,False,False,False,True
MODEL C - BTC+ETH Fixed DCA + V3.1 FSM + Bear Risk AI,C,2022-01-31T00:00:00+0000,2022-02-01T00:00:00+0000,2022-02-01T00:00:00+0000,38466.9,2686.94,37113.614,39507.7395,43802.037800000006,48865.9993,1.0125861308400634,0.16048546135425568,True,NONE,,BEAR,DEEP_BEAR,3,4,0.55,0.25,0.19348808621387922,0.19348808621387922,148552.9407486444,0.0,STAGE4_SELL:NOTIONAL_BELOW_GUARD,True,True,True,False,False,False,False,False,False,True,False,False,False,False,True
MODEL C - BTC+ETH Fixed DCA + V3.1 FSM + Bear Risk AI,C,2022-02-01T00:00:00+0000,2022-02-02T00:00:00+0000,2022-02-02T00:00:00+0000,38694.59,2787.48,37475.931,39247.335999999996,43641.8746,48902.5529,1.022591922772009,0.18297600746154785,True,NONE,,DEEP_BEAR,BEAR,4,3,0.25,0.55,0.1992933638885775,0.1992933638885775,148552.9407486444,0.0,DEEP_BEAR_TO_BEAR_NO_AUTO_BUY,False,True,True,False,False,False,False,False,False,True,False,False,False,False,True
MODEL C - BTC+ETH Fixed DCA + V3.1 FSM + Bear Risk AI,C,2022-02-02T00:00:00+0000,2022-02-03T00:00:00+0000,2022-02-03T00:00:00+0000,36896.36,2680.25,37541.112,38964.148499999996,43412.936200000004,48929.43435,0.9281098071783572,0.15881261229515076,True,NONE,,BEAR,DEEP_BEAR,3,4,0.55,0.25,0.19314513713746131,0.19314513713746131,148552.9407486444,0.0,STAGE4_SELL:NOTIONAL_BELOW_GUARD,False,True,True,False,False,False,False,False,False,True,False,False,False,False,True
MODEL C - BTC+ETH Fixed DCA + V3.1 FSM + Bear Risk AI,C,2022-02-03T00:00:00+0000,2022-02-04T00:00:00+0000,2022-02-04T00:00:00+0000,37311.61,2695.21,37606.238,38676.731,43181.86880000001,48957.0996,0.9474232531740805,0.19553452730178833,True,NONE,,DEEP_BEAR,BEAR,4,3,0.25,0.55,0.19407301218362816,0.19407301218362816,148552.9407486444,0.0,DEEP_BEAR_TO_BEAR_NO_AUTO_BUY,False,True,True,False,False,False,False,False,False,True,False,False,False,False,True
MODEL C - BTC+ETH Fixed DCA + V3.1 FSM + Bear Risk AI,C,2022-02-04T00:00:00+0000,2022-02-05T00:00:00+0000,2022-02-05T00:00:00+0000,41574.25,2994.99,38067.831,38601.229,43060.7062,49010.7726,1.1735413093323803,0.21400894224643707,True,NONE,,BEAR,DEEP_BEAR,3,4,0.55,0.25,0.21115748174072818,0.21115748174072818,148552.9407486444,0.0,STAGE4_SELL:EXPOSURE_GAP_BELOW_5PP,False,False,True,False,False,False,False,False,False,True,False,False,False,False,True
MODEL C - BTC+ETH Fixed DCA + V3.1 FSM + Bear Risk AI,C,2022-02-05T00:00:00+0000,2022-02-06T00:00:00+0000,2022-02-06T00:00:00+0000,41382.59,3012.64,38525.155999999995,38516.775499999996,42965.734000000004,49068.7338,1.1599546813848385,0.17984645068645477,True,NONE,,DEEP_BEAR,BEAR,4,3,0.25,0.55,0.21216917892850667,0.21216917892850667,148552.9407486444,0.0,DEEP_BEAR_TO_BEAR_NO_AUTO_BUY,False,False,True,False,False,False,False,False,False,True,False,False,False,False,True
MODEL C - BTC+ETH Fixed DCA + V3.1 FSM + Bear Risk AI,C,2022-02-06T00:00:00+0000,2022-02-07T00:00:00+0000,2022-02-07T00:00:00+0000,42380.87,3055.0,39047.233,38525.738,42876.66180000001,49119.91560000001,1.213842178740658,0.37890177965164185,True,NONE,,BEAR,DEEP_BEAR,3,4,0.55,0.25,0.21457757760022944,0.21457757760022944,148552.9407486444,0.0,STAGE4_SELL:EXPOSURE_GAP_BELOW_5PP,False,False,True,False,False,False,False,False,False,True,False,False,False,False,True
MODEL C - BTC+ETH Fixed DCA + V3.1 FSM + Bear Risk AI,C,2022-02-07T00:00:00+0000,2022-02-08T00:00:00+0000,2022-02-08T00:00:00+0000,43839.99,3139.77,39659.576,38600.131499999996,42819.837,49177.676400000004,1.2957543147014854,0.36069604754447937,True,NONE,,DEEP_BEAR,BEAR,4,3,0.25,0.55,0.21928538944390247,0.21928538944390247,148552.9407486444,0.0,DEEP_BEAR_TO_BEAR_NO_AUTO_BUY,False,False,True,False,False,False,False,False,False,True,False,False,True,False,True
MODEL C - BTC+ETH Fixed DCA + V3.1 FSM + Bear Risk AI,C,2022-02-08T00:00:00+0000,2022-02-09T00:00:00+0000,2022-02-09T00:00:00+0000,44042.99,3116.69,40247.191000000006,38719.2805,42762.4136,49229.72090000001,1.3048054962293547,0.3607059419155121,True,NONE,,BEAR,DEEP_BEAR,3,4,0.55,0.25,0.2180941612015585,0.2180941612015585,148552.9407486444,0.0,STAGE4_SELL:EXPOSURE_GAP_BELOW_5PP,False,False,True,False,False,False,True,False,False,True,False,False,True,False,True
MODEL C - BTC+ETH Fixed DCA + V3.1 FSM + Bear Risk AI,C,2022-02-09T00:00:00+0000,2022-02-10T00:00:00+0000,2022-02-10T00:00:00+0000,44372.72,3243.6,40896.287,38903.871,42672.0704,49280.2938,1.3214425059280734,0.3358176052570343,True,NONE,,DEEP_BEAR,BEAR,4,3,0.25,0.55,0.22496270254320003,0.22496270254320003,148552.9407486444,0.0,DEEP_BEAR_TO_BEAR_NO_AUTO_BUY,False,False,True,False,False,False,True,True,False,True,False,False,True,False,True
MODEL C - BTC+ETH Fixed DCA + V3.1 FSM + Bear Risk AI,C,2022-02-10T00:00:00+0000,2022-02-11T00:00:00+0000,2022-02-11T00:00:00+0000,43495.44,3072.36,41399.140999999996,39256.377499999995,42570.21599999999,49320.8659,1.2671155768681348,0.46381253004074097,True,NONE,,BEAR,DEEP_BEAR,3,4,0.55,0.25,0.21575835927870357,0.21575835927870357,148552.9407486444,0.0,STAGE4_SELL:EXPOSURE_GAP_BELOW_5PP,False,False,True,False,False,False,True,True,False,True,False,False,True,False,True
MODEL C - BTC+ETH Fixed DCA + V3.1 FSM + Bear Risk AI,C,2022-02-11T00:00:00+0000,2022-02-12T00:00:00+0000,2022-02-12T00:00:00+0000,42373.73,2927.54,41767.055,39621.493,42400.914399999994,49346.54655,1.2005111801549018,0.41108399629592896,True,NONE,,DEEP_BEAR,BEAR,4,3,0.25,0.55,0.2077909989371214,0.2077909989371214,148552.9407486444,0.0,DEEP_BEAR_TO_BEAR_NO_AUTO_BUY,False,False,True,False,False,False,True,False,False,True,False,False,False,True,True
MODEL C - BTC+ETH Fixed DCA + V3.1 FSM + Bear Risk AI,C,2022-02-12T00:00:00+0000,2022-02-13T00:00:00+0000,2022-02-13T00:00:00+0000,42217.87,2918.58,42299.206,39920.159,42228.87179999999,49360.34655,1.1899103679309522,0.38511934876441956,True,NONE,,BEAR,DEEP_BEAR,3,4,0.55,0.25,0.2073341588008472,0.2073341588008472,148552.9407486444,0.0,STAGE4_SELL:EXPOSURE_GAP_BELOW_5PP,False,False,True,False,False,False,True,False,False,True,False,False,False,True,True
MODEL C - BTC+ETH Fixed DCA + V3.1 FSM + Bear Risk AI,C,2022-02-13T00:00:00+0000,2022-02-14T00:00:00+0000,2022-02-14T00:00:00+0000,42053.66,2871.14,42773.411,40189.8245,42061.951799999995,49370.51705,1.178989872221393,0.2514796555042267,True,NONE,,DEEP_BEAR,BEAR,4,3,0.25,0.55,0.20472786504516757,0.20472786504516757,148552.9407486444,0.0,DEEP_BEAR_TO_BEAR_NO_AUTO_BUY,False,False,True,False,False,False,True,False,False,True,False,False,False,True,True
MODEL C - BTC+ETH Fixed DCA + V3.1 FSM + Bear Risk AI,C,2022-02-14T00:00:00+0000,2022-02-15T00:00:00+0000,2022-02-15T00:00:00+0000,42535.94,2929.75,42869.58,40468.7055,41897.1608,49383.11435,1.204409564778443,0.3905527591705322,True,NONE,,BEAR,DEEP_BEAR,3,4,0.55,0.25,0.20806814305785443,0.20806814305785443,148552.9407486444,0.0,STAGE4_SELL:EXPOSURE_GAP_BELOW_5PP,False,False,True,False,False,False,True,False,False,True,False,False,True,True,True
MODEL C - BTC+ETH Fixed DCA + V3.1 FSM + Bear Risk AI,C,2022-02-15T00:00:00+0000,2022-02-16T00:00:00+0000,2022-02-16T00:00:00+0000,44544.86,3183.53,43185.807,40855.4815,41774.029200000004,49394.8068,1.3189400858826592,0.43851158022880554,True,NONE,,DEEP_BEAR,BEAR,4,3,0.25,0.55,0.22205494978776744,0.22205494978776744,148552.9407486444,0.0,DEEP_BEAR_TO_BEAR_NO_AUTO_BUY,False,False,True,False,False,False,True,False,False,True,False,False,True,True,True
MODEL C - BTC+ETH Fixed DCA + V3.1 FSM + Bear Risk AI,C,2022-02-16T00:00:00+0000,2022-02-17T00:00:00+0000,2022-02-17T00:00:00+0000,43873.56,3122.31,43335.076,41191.1545,41700.6256,49406.86545,1.2776158253443772,0.44598373770713806,True,NONE,,BEAR,DEEP_BEAR,3,4,0.55,0.25,0.2187749857542597,0.2187749857542597,148552.9407486444,0.0,STAGE4_SELL:EXPOSURE_GAP_BELOW_5PP,False,False,True,False,False,False,True,True,False,True,False,False,True,True,True
MODEL C - BTC+ETH Fixed DCA + V3.1 FSM + Bear Risk AI,C,2022-02-17T00:00:00+0000,2022-02-18T00:00:00+0000,2022-02-18T00:00:00+0000,40515.7,2891.88,43002.647,41331.1115,41581.6464,49410.21675,1.0881344223288316,0.20867867767810822,True,NONE,,DEEP_BEAR,BEAR,4,3,0.25,0.55,0.2059946965232179,0.2059946965232179,148552.9407486444,0.0,DEEP_BEAR_TO_BEAR_NO_AUTO_BUY,False,False,True,False,False,False,False,False,False,True,False,False,False,True,True
MODEL C - BTC+ETH Fixed DCA + V3.1 FSM + Bear Risk AI,C,2022-02-18T00:00:00+0000,2022-02-19T00:00:00+0000,2022-02-19T00:00:00+0000,39974.44,2779.3,42595.792,41421.4915,41438.717800000006,49414.349850000006,1.057877055625818,0.1950700581073761,True,NONE,,BEAR,DEEP_BEAR,3,4,0.55,0.25,0.19968171147300154,0.19968171147300154,148552.9407486444,0.0,STAGE4_SELL:NOTIONAL_BELOW_GUARD,False,False,True,False,False,False,False,False,False,True,False,False,False,True,True
MODEL C - BTC+ETH Fixed DCA + V3.1 FSM + Bear Risk AI,C,2022-02-19T00:00:00+0000,2022-02-20T00:00:00+0000,2022-02-20T00:00:00+0000,40079.17,2763.63,42166.437000000005,41531.362,41315.9626,49423.71045,1.061931737201559,0.1983933448791504,True,NONE,,DEEP_BEAR,BEAR,4,3,0.25,0.55,0.1988479222373493,0.1988479222373493,148552.9407486444,0.0,DEEP_BEAR_TO_BEAR_NO_AUTO_BUY,True,False,True,False,False,False,False,False,False,True,False,False,False,True,True
MODEL C - BTC+ETH Fixed DCA + V3.1 FSM + Bear Risk AI,C,2022-02-20T00:00:00+0000,2022-02-21T00:00:00+0000,2022-02-21T00:00:00+0000,38386.89,2621.99,41655.582,41527.3615,41129.2474,49417.028999999995,0.9730941150737659,0.1905273050069809,True,NONE,,BEAR,DEEP_BEAR,3,4,0.55,0.25,0.19067082115953704,0.19067082115953704,148552.9407486444,0.0,STAGE4_SELL:NOTIONAL_BELOW_GUARD,True,False,True,False,False,False,False,False,False,True,False,False,False,True,True
MODEL C - BTC+ETH Fixed DCA + V3.1 FSM + Bear Risk AI,C,2022-02-21T00:00:00+0000,2022-02-22T00:00:00+0000,2022-02-22T00:00:00+0000,37008.16,2568.03,41119.025,41443.04,40923.687000000005,49397.7575,0.9037006537593378,0.2260030061006546,True,NONE,,DEEP_BEAR,BEAR,4,3,0.25,0.55,0.18749593822838848,0.18749593822838848,148552.9407486444,0.0,DEEP_BEAR_TO_BEAR_NO_AUTO_BUY,True,False,True,False,False,False,False,False,False,True,False,False,False,True,True
MODEL C - BTC+ETH Fixed DCA + V3.1 FSM + Bear Risk AI,C,2022-02-22T00:00:00+0000,2022-02-23T00:00:00+0000,2022-02-23T00:00:00+0000,38230.33,2636.28,40720.271,41509.7385,40759.3716,49374.724799999996,0.9636505704136693,0.1905273050069809,True,NONE,,BEAR,DEEP_BEAR,3,4,0.55,0.25,0.19159095397340595,0.19159095397340595,148552.9407486444,0.0,STAGE4_SELL:NOTIONAL_BELOW_GUARD,True,False,True,False,False,False,False,False,False,True,False,False,False,True,True
MODEL C - BTC+ETH Fixed DCA + V3.1 FSM + Bear Risk AI,C,2022-02-23T00:00:00+0000,2022-02-24T00:00:00+0000,2022-02-24T00:00:00+0000,37250.01,2579.7,40239.906,41506.658500000005,40587.7316,49338.11215,0.9144287666663639,0.22997097671031952,True,NONE,,DEEP_BEAR,BEAR,4,3,0.25,0.55,0.1882932769390339,0.1882932769390339,148552.9407486444,0.0,DEEP_BEAR_TO_BEAR_NO_AUTO_BUY,True,True,True,False,False,False,False,False,False,True,False,True,False,True,True
MODEL C - BTC+ETH Fixed DCA + V3.1 FSM + Bear Risk AI,C,2022-02-24T00:00:00+0000,2022-02-25T00:00:00+0000,2022-02-25T00:00:00+0000,38327.21,2596.26,39819.033,41344.3065,40485.25320000001,49310.77635,0.9674393456920202,0.21355795860290527,True,NONE,,BEAR,DEEP_BEAR,3,4,0.55,0.25,0.1893808558107247,0.1893808558107247,148552.9407486444,0.0,STAGE4_SELL:NOTIONAL_BELOW_GUARD,True,True,True,False,False,False,False,False,False,True,False,True,False,True,True
MODEL C - BTC+ETH Fixed DCA + V3.1 FSM + Bear Risk AI,C,2022-02-25T00:00:00+0000,2022-02-26T00:00:00+0000,2022-02-26T00:00:00+0000,39219.17,2768.05,39286.46399999999,41236.135500000004,40407.9904,49275.605200000005,1.0124828298488753,0.21474547684192657,True,NONE,,DEEP_BEAR,BEAR,4,3,0.25,0.55,0.19935840769603208,0.19935840769603208,148552.9407486444,0.0,DEEP_BEAR_TO_BEAR_NO_AUTO_BUY,True,True,True,False,False,False,False,False,False,True,False,True,False,True,True
MODEL C - BTC+ETH Fixed DCA + V3.1 FSM + Bear Risk AI,C,2022-02-26T00:00:00+0000,2022-02-27T00:00:00+0000,2022-02-27T00:00:00+0000,39116.72,2779.47,38810.78,41072.928,40358.9952,49243.26385000001,1.0066364290557734,0.22310151159763336,True,NONE,,BEAR,DEEP_BEAR,3,4,0.55,0.25,0.20004865903528268,0.20004865903528268,148552.9407486444,0.0,STAGE4_SELL:EXPOSURE_GAP_BELOW_5PP,True,True,True,False,False,False,False,False,False,True,False,True,False,True,True
MODEL C - BTC+ETH Fixed DCA + V3.1 FSM + Bear Risk AI,C,2022-02-27T00:00:00+0000,2022-02-28T00:00:00+0000,2022-02-28T00:00:00+0000,37699.07,2616.79,38529.117000000006,40765.882000000005,40279.3818,49204.2042,0.9345995235096711,0.23612256348133087,True,NONE,,DEEP_BEAR,BEAR,4,3,0.25,0.55,0.1906806512928804,0.1906806512928804,148552.9407486444,0.0,DEEP_BEAR_TO_BEAR_NO_AUTO_BUY,True,True,True,False,False,False,False,False,False,True,False,True,False,True,True
MODEL C - BTC+ETH Fixed DCA + V3.1 FSM + Bear Risk AI,C,2022-02-28T00:00:00+0000,2022-03-01T00:00:00+0000,2022-03-01T00:00:00+0000,43160.0,2920.83,38847.673,40721.7325,40305.2894,49198.0092,1.2236404640735177,0.5557902455329895,True,NONE,,BEAR,DEEP_BEAR,3,4,0.55,0.25,0.2083466615142222,0.2083466615142222,148552.9407486444,0.0,STAGE4_SELL:EXPOSURE_GAP_BELOW_5PP,False,False,True,False,False,False,False,False,False,False,False,True,True,True,True
MODEL C - BTC+ETH Fixed DCA + V3.1 FSM + Bear Risk AI,C,2022-03-01T00:00:00+0000,2022-03-02T00:00:00+0000,2022-03-02T00:00:00+0000,44421.2,2976.33,39281.876000000004,40724.1565,40357.2636,49181.11520000001,1.295068652568657,0.6464410424232483,True,NONE,,DEEP_BEAR,BEAR,4,3,0.25,0.55,0.21154698576833758,0.21154698576833758,148552.9407486444,0.0,DEEP_BEAR_TO_BEAR_NO_AUTO_BUY,False,False,True,False,False,False,False,False,False,False,False,True,True,True,True
MODEL C - BTC+ETH Fixed DCA + V3.1 FSM + Bear Risk AI,C,2022-03-02T00:00:00+0000,2022-03-03T00:00:00+0000,2022-03-03T00:00:00+0000,43892.98,2947.31,39832.485,40744.033500000005,40380.5374,49165.237550000005,1.2633241440379284,0.6945858597755432,True,NONE,,BEAR,DEEP_BEAR,3,4,0.55,0.25,0.20995928706433245,0.20995928706433245,148552.9407486444,0.0,STAGE4_SELL:EXPOSURE_GAP_BELOW_5PP,False,False,True,False,False,False,False,False,False,False,False,True,True,True,True
MODEL C - BTC+ETH Fixed DCA + V3.1 FSM + Bear Risk AI,C,2022-03-03T00:00:00+0000,2022-03-04T00:00:00+0000,2022-03-04T00:00:00+0000,42454.0,2834.0,40377.069,40748.047,40351.5642,49142.638450000006,1.1809564650993578,0.727688729763031,True,NONE,,DEEP_BEAR,BEAR,4,3,0.25,0.55,0.20359648834508715,0.20359648834508715,148552.9407486444,0.0,DEEP_BEAR_TO_BEAR_NO_AUTO_BUY,False,False,True,False,False,False,False,True,False,False,False,True,True,True,True
MODEL C - BTC+ETH Fixed DCA + V3.1 FSM + Bear Risk AI,C,2022-03-04T00:00:00+0000,2022-03-05T00:00:00+0000,2022-03-05T00:00:00+0000,39148.66,2622.11,40468.901999999995,40594.5865,40283.3352,49108.87529999999,1.0036941070721523,0.6040857434272766,True,NONE,,BEAR,DEEP_BEAR,3,4,0.55,0.25,0.19132518566680728,0.19132518566680728,148552.9407486444,0.0,STAGE4_SELL:NOTIONAL_BELOW_GUARD,False,False,True,False,False,False,False,False,False,False,False,True,False,True,True
MODEL C - BTC+ETH Fixed DCA + V3.1 FSM + Bear Risk AI,C,2022-03-05T00:00:00+0000,2022-03-06T00:00:00+0000,2022-03-06T00:00:00+0000,39397.96,2665.16,40683.697,40461.8015,40210.0952,49082.385350000004,1.0158320500791764,0.6467950940132141,True,NONE,,DEEP_BEAR,DEEP_BEAR,4,4,0.25,0.25,0.19387866063427783,0.19387866063427783,148552.9407486444,0.0,,False,False,True,False,False,False,False,False,False,False,False,True,False,True,True
MODEL C - BTC+ETH Fixed DCA + V3.1 FSM + Bear Risk AI,C,2022-03-06T00:00:00+0000,2022-03-07T00:00:00+0000,2022-03-07T00:00:00+0000,38420.81,2551.3,40693.057,40256.045,40116.8256,49050.96295,0.9655132751078579,0.6273596882820129,True,NONE,,DEEP_BEAR,DEEP_BEAR,4,4,0.25,0.25,0.18725087274719826,0.18725087274719826,148552.9407486444,0.0,,False,True,True,True,False,False,False,False,False,False,False,True,False,True,True
MODEL C - BTC+ETH Fixed DCA + V3.1 FSM + Bear Risk AI,C,2022-03-07T00:00:00+0000,2022-03-08T00:00:00+0000,2022-03-08T00:00:00+0000,37988.0,2491.12,40569.94,39928.202000000005,40015.1524,49007.099850000006,0.9435814008683603,0.6178217530250549,True,NONE,,DEEP_BEAR,DEEP_BEAR,4,4,0.25,0.25,0.18373483350714595,0.18373483350714595,148552.9407486444,0.0,,False,True,True,True,False,False,False,False,False,False,False,False,False,True,True
MODEL C - BTC+ETH Fixed DCA + V3.1 FSM + Bear Risk AI,C,2022-03-08T00:00:00+0000,2022-03-09T00:00:00+0000,2022-03-09T00:00:00+0000,38730.63,2575.98,40531.331,39671.0555,39945.7326,48954.140649999994,0.9807042975303982,0.6571746468544006,True,NONE,,DEEP_BEAR,DEEP_BEAR,4,4,0.25,0.25,0.18881923335128054,0.18881923335128054,148552.9407486444,0.0,,False,True,True,True,False,False,False,False,False,False,False,False,False,True,True
MODEL C - BTC+ETH Fixed DCA + V3.1 FSM + Bear Risk AI,C,2022-03-09T00:00:00+0000,2022-03-10T00:00:00+0000,2022-03-10T00:00:00+0000,41941.71,2726.98,40955.594999999994,39742.356,39937.5244,48919.739850000005,1.14947490699953,0.740968644618988,True,NONE,,DEEP_BEAR,DEEP_BEAR,4,4,0.25,0.25,0.19782358601426142,0.19782358601426142,148552.9407486444,0.0,,False,False,True,False,False,False,False,False,False,False,False,False,True,True,True
MODEL C - BTC+ETH Fixed DCA + V3.1 FSM + Bear Risk AI,C,2022-03-10T00:00:00+0000,2022-03-11T00:00:00+0000,2022-03-11T00:00:00+0000,39422.0,2606.69,40581.795,39714.734000000004,39892.7642,48870.65375,1.015298200942675,0.7444338202476501,True,NONE,,DEEP_BEAR,DEEP_BEAR,4,4,0.25,0.25,0.19075817339938883,0.19075817339938883,148552.9407486444,0.0,,False,False,True,False,False,False,False,False,False,False,False,False,False,True,True
MODEL C - BTC+ETH Fixed DCA + V3.1 FSM + Bear Risk AI,C,2022-03-11T00:00:00+0000,2022-03-12T00:00:00+0000,2022-03-12T00:00:00+0000,38729.57,2556.86,40012.632,39647.254,39853.737400000005,48816.857350000006,0.9798355461074705,0.6208905577659607,True,NONE,,DEEP_BEAR,DEEP_BEAR,4,4,0.25,0.25,0.18785236092742993,0.18785236092742993,148552.9407486444,0.0,,False,False,True,False,False,False,False,False,False,False,False,False,False,True,True
MODEL C - BTC+ETH Fixed DCA + V3.1 FSM + Bear Risk AI,C,2022-03-12T00:00:00+0000,2022-03-13T00:00:00+0000,2022-03-13T00:00:00+0000,38807.36,2568.8,39504.07,39668.2775,39900.9784,48772.5241,0.9834763796760566,0.6861562728881836,True,NONE,,DEEP_BEAR,DEEP_BEAR,4,4,0.25,0.25,0.18860614232363906,0.18860614232363906,148552.9407486444,0.0,,True,True,True,True,False,False,False,False,False,False,False,False,False,True,True
MODEL C - BTC+ETH Fixed DCA + V3.1 FSM + Bear Risk AI,C,2022-03-13T00:00:00+0000,2022-03-14T00:00:00+0000,2022-03-14T00:00:00+0000,37777.34,2515.66,39036.403999999995,39706.7365,39955.0968,48716.5442,0.9319028974620563,0.6900699734687805,True,NONE,,DEEP_BEAR,DEEP_BEAR,4,4,0.25,0.25,0.18545812207688886,0.18545812207688886,148552.9407486444,0.0,,True,True,True,True,False,False,False,False,False,False,False,False,False,True,True
MODEL C - BTC+ETH Fixed DCA + V3.1 FSM + Bear Risk AI,C,2022-03-14T00:00:00+0000,2022-03-15T00:00:00+0000,2022-03-15T00:00:00+0000,39671.37,2589.42,39088.675,39778.7885,40023.633200000004,48680.6817,1.0272015336964027,0.7402225136756897,True,NONE,,DEEP_BEAR,DEEP_BEAR,4,4,0.25,0.25,0.18998369910757196,0.18998369910757196,148552.9407486444,0.0,,True,False,True,True,False,False,False,False,False,False,False,False,False,True,True
MODEL C - BTC+ETH Fixed DCA + V3.1 FSM + Bear Risk AI,C,2022-03-15T00:00:00+0000,2022-03-16T00:00:00+0000,2022-03-16T00:00:00+0000,39280.33,2617.74,39076.912,39880.3045,40076.0328,48631.73385,1.0068436890210872,0.6907541751861572,True,NONE,,DEEP_BEAR,DEEP_BEAR,4,4,0.25,0.25,0.19164158949931492,0.19164158949931492,148552.9407486444,0.0,,True,False,True,True,False,False,False,False,False,False,False,False,False,True,True
MODEL C - BTC+ETH Fixed DCA + V3.1 FSM + Bear Risk AI,C,2022-03-16T00:00:00+0000,2022-03-17T00:00:00+0000,2022-03-17T00:00:00+0000,41114.0,2773.8,39346.231,40019.644,40159.1464,48592.8271,1.1025863027330687,0.5889759659767151,True,NONE,,DEEP_BEAR,DEEP_BEAR,4,4,0.25,0.25,0.20077899492964466,0.20077899492964466,148552.9407486444,0.0,,False,False,True,True,False,False,False,False,False,False,True,False,True,True,True
MODEL C - BTC+ETH Fixed DCA + V3.1 FSM + Bear Risk AI,C,2022-03-17T00:00:00+0000,2022-03-18T00:00:00+0000,2022-03-18T00:00:00+0000,40917.9,2811.91,39639.221000000005,40104.5805,40241.3176,48553.577450000004,1.0916529455795991,0.5546273589134216,True,NONE,,DEEP_BEAR,DEEP_BEAR,4,4,0.25,0.25,0.20296001145948125,0.20296001145948125,148552.9407486444,0.0,,False,False,True,True,False,False,False,False,False,False,True,False,True,True,True
MODEL C - BTC+ETH Fixed DCA + V3.1 FSM + Bear Risk AI,C,2022-03-18T00:00:00+0000,2022-03-19T00:00:00+0000,2022-03-19T00:00:00+0000,41757.51,2938.84,39941.909,40236.62,40333.2658,48527.45045,1.1361477937746691,0.7007737159729004,True,NONE,,DEEP_BEAR,DEEP_BEAR,4,4,0.25,0.25,0.21015651639460378,0.21015651639460378,148552.9407486444,0.0,,False,False,True,False,False,False,False,True,False,False,True,False,True,True,True
MODEL C - BTC+ETH Fixed DCA + V3.1 FSM + Bear Risk AI,C,2022-03-19T00:00:00+0000,2022-03-20T00:00:00+0000,2022-03-20T00:00:00+0000,42201.13,2950.85,39967.851,40461.723000000005,40422.9572,48502.95165,1.159597263993688,0.7498767971992493,True,NONE,,DEEP_BEAR,DEEP_BEAR,4,4,0.25,0.25,0.2109071977100394,0.2109071977100394,148552.9407486444,0.0,,False,False,False,False,False,False,False,True,False,False,True,False,True,True,True
MODEL C - BTC+ETH Fixed DCA + V3.1 FSM + Bear Risk AI,C,2022-03-20T00:00:00+0000,2022-03-21T00:00:00+0000,2022-03-21T00:00:00+0000,41262.11,2861.39,40151.86200000001,40366.828499999996,40484.8626,48465.2096,1.1080877220482113,0.5859798192977905,True,NONE,,DEEP_BEAR,BEAR,4,3,0.25,0.55,0.20590869515325572,0.20590869515325572,148552.9407486444,0.0,DEEP_BEAR_TO_BEAR_NO_AUTO_BUY,False,False,False,False,False,False,False,True,False,False,True,False,True,True,True
MODEL C - BTC+ETH Fixed DCA + V3.1 FSM + Bear Risk AI,C,2022-03-21T00:00:00+0000,2022-03-22T00:00:00+0000,2022-03-22T00:00:00+0000,41002.25,2890.03,40379.130000000005,40195.881,40547.2724,48423.987649999995,1.0937812976998997,0.5626582503318787,True,NONE,,BEAR,DEEP_BEAR,3,4,0.55,0.25,0.20752870913354934,0.20752870913354934,148552.9407486444,0.0,STAGE4_SELL:EXPOSURE_GAP_BELOW_5PP,False,False,True,False,False,False,True,False,False,False,True,False,True,True,True
MODEL C - BTC+ETH Fixed DCA + V3.1 FSM + Bear Risk AI,C,2022-03-22T00:00:00+0000,2022-03-23T00:00:00+0000,2022-03-23T00:00:00+0000,42364.13,2969.64,40734.80699999999,40119.438500000004,40625.217000000004,48385.812600000005,1.1671552030828627,0.7228055596351624,True,NONE,,DEEP_BEAR,DEEP_BEAR,4,4,0.25,0.25,0.21210286999299718,0.21210286999299718,148552.9407486444,0.0,,False,False,True,False,False,False,True,False,False,False,True,False,True,True,True
MODEL C - BTC+ETH Fixed DCA + V3.1 FSM + Bear Risk AI,C,2022-03-23T00:00:00+0000,2022-03-24T00:00:00+0000,2022-03-24T00:00:00+0000,42882.76,3035.99,41245.349,40140.8765,40708.9804,48350.6482,1.1953297623321424,0.7228100895881653,True,NONE,,DEEP_BEAR,DEEP_BEAR,4,4,0.25,0.25,0.21582814148357307,0.21582814148357307,148552.9407486444,0.0,,False,False,True,False,False,False,False,False,False,False,True,False,True,True,True
MODEL C - BTC+ETH Fixed DCA + V3.1 FSM + Bear Risk AI,C,2022-03-24T00:00:00+0000,2022-03-25T00:00:00+0000,2022-03-25T00:00:00+0000,43991.46,3110.75,41677.358,40383.0165,40850.882399999995,48311.821099999994,1.2574262900587592,0.6751305460929871,True,NONE,,DEEP_BEAR,BEAR,4,3,0.25,0.55,0.22002630624130595,0.22002630624130595,148552.9407486444,0.0,DEEP_BEAR_TO_BEAR_NO_AUTO_BUY,False,False,True,False,False,False,False,True,False,False,True,False,True,True,True
MODEL C - BTC+ETH Fixed DCA + V3.1 FSM + Bear Risk AI,C,2022-03-25T00:00:00+0000,2022-03-26T00:00:00+0000,2022-03-26T00:00:00+0000,44313.16,3102.13,42180.641,40628.7765,40990.913400000005,48270.06739999999,1.2754441821820672,0.6727803945541382,True,NONE,,BEAR,DEEP_BEAR,3,4,0.55,0.25,0.2196392845385043,0.2196392845385043,148552.9407486444,0.0,STAGE4_SELL:EXPOSURE_GAP_BELOW_5PP,False,False,True,False,False,False,True,True,False,False,True,False,True,True,True
MODEL C - BTC+ETH Fixed DCA + V3.1 FSM + Bear Risk AI,C,2022-03-26T00:00:00+0000,2022-03-27T00:00:00+0000,2022-03-27T00:00:00+0000,44511.27,3145.01,42520.368,40933.2995,41049.6538,48258.305100000005,1.28563196893051,0.7119655609130859,True,NONE,,DEEP_BEAR,BEAR,4,3,0.25,0.55,0.22200937559775025,0.22200937559775025,148552.9407486444,0.0,DEEP_BEAR_TO_BEAR_NO_AUTO_BUY,False,False,True,False,False,False,True,True,False,False,True,False,True,True,True
MODEL C - BTC+ETH Fixed DCA + V3.1 FSM + Bear Risk AI,C,2022-03-27T00:00:00+0000,2022-03-28T00:00:00+0000,2022-03-28T00:00:00+0000,46827.76,3295.65,43111.354,41375.2875,41158.557199999996,48262.20235000001,1.421095723733572,0.6727803945541382,True,NONE,,BEAR,DEEP_BEAR,3,4,0.55,0.25,0.2302605361737198,0.2302605361737198,148552.9407486444,0.0,STAGE4_SELL:EXPOSURE_GAP_BELOW_5PP,False,False,False,False,False,False,True,True,False,False,True,False,True,True,True
MODEL C - BTC+ETH Fixed DCA + V3.1 FSM + Bear Risk AI,C,2022-03-28T00:00:00+0000,2022-03-29T00:00:00+0000,2022-03-29T00:00:00+0000,47122.21,3332.91,43647.82400000001,41794.8665,41253.384000000005,48265.8377,1.437176830129562,0.6786110401153564,True,NONE,,DEEP_BEAR,BEAR,4,3,0.25,0.55,0.23228256708412154,0.23228256708412154,148552.9407486444,0.0,DEEP_BEAR_TO_BEAR_NO_AUTO_BUY,False,False,False,False,False,False,True,True,False,False,True,False,True,True,True
MODEL C - BTC+ETH Fixed DCA + V3.1 FSM + Bear Risk AI,C,2022-03-29T00:00:00+0000,2022-03-30T00:00:00+0000,2022-03-30T00:00:00+0000,47434.8,3400.51,44171.191000000006,42069.521,41325.2802,48278.75715,1.4541592912982872,0.669760525226593,True,NONE,,BEAR,BEAR,3,3,0.55,0.55,0.23586752489152926,0.23586752489152926,148552.9407486444,0.0,,False,False,False,False,False,False,True,True,False,False,True,False,True,True,True
MODEL C - BTC+ETH Fixed DCA + V3.1 FSM + Bear Risk AI,C,2022-03-30T00:00:00+0000,2022-03-31T00:00:00+0000,2022-03-31T00:00:00+0000,47067.99,3385.8,44751.778999999995,42451.8205,41385.78020000001,48288.228650000005,1.429747077308351,0.7034025192260742,True,NONE,,BEAR,DEEP_BEAR,3,4,0.55,0.25,0.235116959471002,0.235116959471002,148552.9407486444,0.0,STAGE4_SELL:EXPOSURE_GAP_BELOW_5PP,False,False,False,False,False,False,True,True,False,False,True,False,True,True,True
MODEL C - BTC+ETH Fixed DCA + V3.1 FSM + Bear Risk AI,C,2022-03-31T00:00:00+0000,2022-04-01T00:00:00+0000,2022-04-01T00:00:00+0000,45510.34,3281.51,45202.588,42790.859000000004,41408.5326,48285.65415,1.3351393834863758,0.7285848259925842,True,NONE,,DEEP_BEAR,BEAR,4,3,0.25,0.55,0.22957188459169608,0.22957188459169608,148552.9407486444,0.0,DEEP_BEAR_TO_BEAR_NO_AUTO_BUY,False,False,False,False,False,False,True,True,False,False,True,True,True,True,True
MODEL C - BTC+ETH Fixed DCA + V3.1 FSM + Bear Risk AI,C,2022-04-01T00:00:00+0000,2022-04-02T00:00:00+0000,2022-04-02T00:00:00+0000,46283.49,3455.2,45594.524,43164.6655,41464.2936,48292.36795,1.37903011880193,0.7082040905952454,True,NONE,,BEAR,DEEP_BEAR,3,4,0.55,0.25,0.23871001720158538,0.23871001720158538,148552.9407486444,0.0,STAGE4_SELL:EXPOSURE_GAP_BELOW_5PP,False,False,False,False,False,False,True,True,False,False,True,True,True,True,True
MODEL C - BTC+ETH Fixed DCA + V3.1 FSM + Bear Risk AI,C,2022-04-02T00:00:00+0000,2022-04-03T00:00:00+0000,2022-04-03T00:00:00+0000,45811.0,3443.77,45887.348000000005,43566.3485,41533.039,48285.86535,1.3495692513507078,0.6991119384765625,True,NONE,,DEEP_BEAR,BEAR,4,3,0.25,0.55,0.2381219009413617,0.2381219009413617,148552.9407486444,0.0,DEEP_BEAR_TO_BEAR_NO_AUTO_BUY,False,False,False,False,False,False,True,True,False,False,True,True,True,True,True
MODEL C - BTC+ETH Fixed DCA + V3.1 FSM + Bear Risk AI,C,2022-04-03T00:00:00+0000,2022-04-04T00:00:00+0000,2022-04-04T00:00:00+0000,46407.35,3521.9,46128.937,43903.1475,41616.8286,48277.29505,1.3835089229094761,0.6943510174751282,True,NONE,,BEAR,DEEP_BEAR,3,4,0.55,0.25,0.24221736756856183,0.24221736756856183,148552.9407486444,0.0,STAGE4_SELL:EXPOSURE_GAP_BELOW_5PP,False,False,False,False,False,False,True,True,False,False,True,True,True,True,True
MODEL C - BTC+ETH Fixed DCA + V3.1 FSM + Bear Risk AI,C,2022-04-04T00:00:00+0000,2022-04-05T00:00:00+0000,2022-04-05T00:00:00+0000,46580.51,3519.5,46355.672,44268.1565,41707.3656,48271.508499999996,1.3923383151315025,0.6811204552650452,True,NONE,,DEEP_BEAR,BEAR,4,3,0.25,0.55,0.24215733733267655,0.24215733733267655,148552.9407486444,0.0,DEEP_BEAR_TO_BEAR_NO_AUTO_BUY,False,False,False,False,False,False,True,True,False,False,True,True,True,True,True
MODEL C - BTC+ETH Fixed DCA + V3.1 FSM + Bear Risk AI,C,2022-04-05T00:00:00+0000,2022-04-06T00:00:00+0000,2022-04-06T00:00:00+0000,45497.55,3407.0,46454.3,44487.334,41766.5978,48262.49635000001,1.3269951271252924,0.6934853196144104,True,NONE,,BEAR,DEEP_BEAR,3,4,0.55,0.25,0.23633058140828833,0.23633058140828833,148552.9407486444,0.0,STAGE4_SELL:EXPOSURE_GAP_BELOW_5PP,False,False,False,False,False,False,True,True,False,False,True,True,True,True,True
MODEL C - BTC+ETH Fixed DCA + V3.1 FSM + Bear Risk AI,C,2022-04-06T00:00:00+0000,2022-04-07T00:00:00+0000,2022-04-07T00:00:00+0000,43170.47,3168.52,46088.571,44599.9625,41739.11,48236.885,1.1939150220128398,0.702978253364563,True,NONE,,DEEP_BEAR,BEAR,4,3,0.25,0.55,0.22362024518719428,0.22362024518719428,148552.9407486444,0.0,DEEP_BEAR_TO_BEAR_NO_AUTO_BUY,False,False,False,False,False,False,False,True,False,False,True,True,True,True,True
MODEL C - BTC+ETH Fixed DCA + V3.1 FSM + Bear Risk AI,C,2022-04-07T00:00:00+0000,2022-04-08T00:00:00+0000,2022-04-08T00:00:00+0000,43444.19,3227.2,45720.769,44684.2965,41730.522600000004,48217.8972,1.2081208986764582,0.7023622393608093,True,NONE,,BEAR,DEEP_BEAR,3,4,0.55,0.25,0.22681351198641495,0.22681351198641495,148552.9407486444,0.0,STAGE4_SELL:EXPOSURE_GAP_BELOW_5PP,True,False,False,False,False,False,False,True,False,False,True,True,True,True,True
MODEL C - BTC+ETH Fixed DCA + V3.1 FSM + Bear Risk AI,C,2022-04-08T00:00:00+0000,2022-04-09T00:00:00+0000,2022-04-09T00:00:00+0000,42252.01,3192.39,45202.490000000005,44686.8405,41765.2488,48214.07915,1.141438119259955,0.7003297209739685,True,NONE,,DEEP_BEAR,BEAR,4,3,0.25,0.55,0.2248857543846253,0.2248857543846253,148552.9407486444,0.0,DEEP_BEAR_TO_BEAR_NO_AUTO_BUY,True,False,False,False,False,False,False,True,False,False,True,True,True,True,True
MODEL C - BTC+ETH Fixed DCA + V3.1 FSM + Bear Risk AI,C,2022-04-09T00:00:00+0000,2022-04-10T00:00:00+0000,2022-04-10T00:00:00+0000,42753.97,3258.57,44771.088,44761.4335,41820.8394,48224.1771,1.1670673664006412,0.6851373314857483,True,NONE,,BEAR,DEEP_BEAR,3,4,0.55,0.25,0.22848915917314347,0.22848915917314347,148552.9407486444,0.0,STAGE4_SELL:EXPOSURE_GAP_BELOW_5PP,True,False,False,False,False,False,False,True,False,False,True,True,True,True,True
MODEL C - BTC+ETH Fixed DCA + V3.1 FSM + Bear Risk AI,C,2022-04-10T00:00:00+0000,2022-04-11T00:00:00+0000,2022-04-11T00:00:00+0000,42158.85,3203.04,44435.939,44819.2635,41862.433000000005,48217.253300000004,1.1335987572493833,0.681024432182312,True,NONE,,DEEP_BEAR,BEAR,4,3,0.25,0.55,0.22553349741797885,0.22553349741797885,148552.9407486444,0.0,DEEP_BEAR_TO_BEAR_NO_AUTO_BUY,True,False,False,False,False,False,False,True,False,False,True,True,True,True,True
MODEL C - BTC+ETH Fixed DCA + V3.1 FSM + Bear Risk AI,C,2022-04-11T00:00:00+0000,2022-04-12T00:00:00+0000,2022-04-12T00:00:00+0000,39530.45,2979.75,43760.634999999995,44677.5795,41885.3042,48190.579249999995,0.9960066926117058,0.5929839611053467,True,NONE,,BEAR,DEEP_BEAR,3,4,0.55,0.25,0.2132437993504481,0.2132437993504481,148552.9407486444,0.0,STAGE4_SELL:EXPOSURE_GAP_BELOW_5PP,True,False,False,False,False,False,False,False,False,False,True,True,False,True,True
MODEL C - BTC+ETH Fixed DCA + V3.1 FSM + Bear Risk AI,C,2022-04-12T00:00:00+0000,2022-04-13T00:00:00+0000,2022-04-13T00:00:00+0000,40074.94,3027.65,43187.028999999995,44537.188500000004,41946.639800000004,48176.9011,1.0226910732475132,0.5857709050178528,True,NONE,,DEEP_BEAR,DEEP_BEAR,4,4,0.25,0.25,0.2159692763883634,0.2159692763883634,148552.9407486444,0.0,,True,True,True,False,False,False,False,False,False,False,True,True,False,True,True
MODEL C - BTC+ETH Fixed DCA + V3.1 FSM + Bear Risk AI,C,2022-04-13T00:00:00+0000,2022-04-14T00:00:00+0000,2022-04-14T00:00:00+0000,41147.79,3118.28,42661.073,44395.005,42004.988999999994,48169.286850000004,1.0770532205816066,0.5273655652999878,True,NONE,,DEEP_BEAR,DEEP_BEAR,4,4,0.25,0.25,0.221038704773917,0.221038704773917,148552.9407486444,0.0,,True,True,True,False,False,False,False,False,False,False,True,True,False,True,True
MODEL C - BTC+ETH Fixed DCA + V3.1 FSM + Bear Risk AI,C,2022-04-14T00:00:00+0000,2022-04-15T00:00:00+0000,2022-04-15T00:00:00+0000,39942.38,3021.98,41997.259999999995,44176.466,42058.8364,48153.19425,1.0139908161743578,0.5247111320495605,True,NONE,,DEEP_BEAR,DEEP_BEAR,4,4,0.25,0.25,0.21573939249951352,0.21573939249951352,148552.9407486444,0.0,,True,True,True,False,False,False,False,False,False,False,True,True,False,True,True
MODEL C - BTC+ETH Fixed DCA + V3.1 FSM + Bear Risk AI,C,2022-04-15T00:00:00+0000,2022-04-16T00:00:00+0000,2022-04-16T00:00:00+0000,40551.9,3040.57,41502.695,43978.4975,42103.3302,48145.217000000004,1.0440889814951284,0.5439706444740295,True,NONE,,DEEP_BEAR,DEEP_BEAR,4,4,0.25,0.25,0.21686917038193657,0.21686917038193657,148552.9407486444,0.0,,True,True,True,False,False,False,False,False,False,False,True,True,False,True,True
MODEL C - BTC+ETH Fixed DCA + V3.1 FSM + Bear Risk AI,C,2022-04-16T00:00:00+0000,2022-04-17T00:00:00+0000,2022-04-17T00:00:00+0000,40378.71,3059.3,41223.519,43656.045,42126.52099999999,48141.977849999996,1.0340137355591053,0.5041603446006775,True,NONE,,DEEP_BEAR,DEEP_BEAR,4,4,0.25,0.25,0.21791175994813827,0.21791175994813827,148552.9407486444,0.0,,True,True,True,True,False,False,False,False,False,False,True,True,False,True,True
MODEL C - BTC+ETH Fixed DCA + V3.1 FSM + Bear Risk AI,C,2022-04-17T00:00:00+0000,2022-04-18T00:00:00+0000,2022-04-18T00:00:00+0000,39678.12,2988.07,40846.912,43283.840500000006,42137.749,48132.74705,0.9974338390813333,0.49687209725379944,True,NONE,,DEEP_BEAR,DEEP_BEAR,4,4,0.25,0.25,0.2139993294898861,0.2139993294898861,148552.9407486444,0.0,,True,True,True,True,False,False,False,False,False,False,True,True,False,True,True
MODEL C - BTC+ETH Fixed DCA + V3.1 FSM + Bear Risk AI,C,2022-04-18T00:00:00+0000,2022-04-19T00:00:00+0000,2022-04-19T00:00:00+0000,40801.13,3055.56,40701.824,42952.15699999999,42199.790199999996,48117.6322,1.0537559330675348,0.56795734167099,True,NONE,,DEEP_BEAR,DEEP_BEAR,4,4,0.25,0.25,0.21785603376536194,0.21785603376536194,148552.9407486444,0.0,,True,True,True,True,False,False,False,False,False,False,True,True,False,True,True
MODEL C - BTC+ETH Fixed DCA + V3.1 FSM + Bear Risk AI,C,2022-04-19T00:00:00+0000,2022-04-20T00:00:00+0000,2022-04-20T00:00:00+0000,41493.18,3101.74,40575.745,42673.4165,42166.453799999996,48084.39005000001,1.089247721718102,0.6904739737510681,True,NONE,,DEEP_BEAR,DEEP_BEAR,4,4,0.25,0.25,0.220479528761031,0.220479528761031,148552.9407486444,0.0,,True,True,True,False,False,False,False,False,False,False,True,True,False,True,True
MODEL C - BTC+ETH Fixed DCA + V3.1 FSM + Bear Risk AI,C,2022-04-20T00:00:00+0000,2022-04-21T00:00:00+0000,2022-04-21T00:00:00+0000,41358.19,3076.03,40495.679000000004,42465.808999999994,42105.193600000006,48053.0065,1.0815767801109135,0.6819674372673035,True,NONE,,DEEP_BEAR,DEEP_BEAR,4,4,0.25,0.25,0.21912516762285414,0.21912516762285414,148552.9407486444,0.0,,True,True,True,False,False,False,False,False,False,False,True,True,False,True,True
MODEL C - BTC+ETH Fixed DCA + V3.1 FSM + Bear Risk AI,C,2022-04-21T00:00:00+0000,2022-04-22T00:00:00+0000,2022-04-22T00:00:00+0000,40480.01,2983.57,40590.635,42175.634999999995,42036.934199999996,48014.406500000005,1.0357195580710967,0.6058353185653687,True,NONE,,DEEP_BEAR,DEEP_BEAR,4,4,0.25,0.25,0.21403999255780978,0.21403999255780978,148552.9407486444,0.0,,True,True,True,False,False,False,False,False,False,False,True,True,False,True,True
MODEL C - BTC+ETH Fixed DCA + V3.1 FSM + Bear Risk AI,C,2022-04-22T00:00:00+0000,2022-04-23T00:00:00+0000,2022-04-23T00:00:00+0000,39709.18,2962.39,40554.059,41870.544,41982.037800000006,47966.827699999994,0.9964399157194656,0.58710116147995,True,NONE,,DEEP_BEAR,DEEP_BEAR,4,4,0.25,0.25,0.21283052982542824,0.21283052982542824,148552.9407486444,0.0,,True,True,True,False,False,False,False,False,False,False,True,False,False,True,True
MODEL C - BTC+ETH Fixed DCA + V3.1 FSM + Bear Risk AI,C,2022-04-23T00:00:00+0000,2022-04-24T00:00:00+0000,2022-04-24T00:00:00+0000,39441.6,2933.04,40383.44,41522.2565,41987.8966,47906.675749999995,0.9831078216938316,0.5679333209991455,True,NONE,,DEEP_BEAR,DEEP_BEAR,4,4,0.25,0.25,0.21123121776296838,0.21123121776296838,148552.9407486444,0.0,,True,True,True,True,False,False,False,False,False,False,False,False,False,True,True
MODEL C - BTC+ETH Fixed DCA + V3.1 FSM + Bear Risk AI,C,2022-04-24T00:00:00+0000,2022-04-25T00:00:00+0000,2022-04-25T00:00:00+0000,39450.13,2920.99,40334.215000000004,41165.7375,41988.94,47827.3514,0.9839808713565634,0.5894222855567932,True,NONE,,DEEP_BEAR,DEEP_BEAR,4,4,0.25,0.25,0.21061614558959438,0.21061614558959438,148552.9407486444,0.0,,True,True,True,True,False,False,False,False,False,False,False,False,False,True,True
MODEL C - BTC+ETH Fixed DCA + V3.1 FSM + Bear Risk AI,C,2022-04-25T00:00:00+0000,2022-04-26T00:00:00+0000,2022-04-26T00:00:00+0000,40426.08,3006.63,40321.633,40912.164000000004,42029.0454,47760.555700000004,1.0334704859613602,0.6218183636665344,True,NONE,,DEEP_BEAR,DEEP_BEAR,4,4,0.25,0.25,0.21548645608142217,0.21548645608142217,148552.9407486444,0.0,,True,True,True,True,False,False,False,False,False,False,False,False,False,True,True
MODEL C - BTC+ETH Fixed DCA + V3.1 FSM + Bear Risk AI,C,2022-04-26T00:00:00+0000,2022-04-27T00:00:00+0000,2022-04-27T00:00:00+0000,38112.65,2809.68,40095.026999999995,40659.273,42031.5384,47681.361800000006,0.918992602766746,0.6665421724319458,True,NONE,,DEEP_BEAR,DEEP_BEAR,4,4,0.25,0.25,0.20434639984408953,0.20434639984408953,148552.9407486444,0.0,,True,True,True,True,False,False,False,False,False,False,False,False,False,True,True
MODEL C - BTC+ETH Fixed DCA + V3.1 FSM + Bear Risk AI,C,2022-04-27T00:00:00+0000,2022-04-28T00:00:00+0000,2022-04-28T00:00:00+0000,39235.72,2888.95,40050.787,40448.849500000004,42041.640199999994,47602.7918,0.9743870311434552,0.6307105422019958,True,NONE,,DEEP_BEAR,DEEP_BEAR,4,4,0.25,0.25,0.20896246411280964,0.20896246411280964,148552.9407486444,0.0,,True,True,True,True,False,False,False,False,False,False,False,False,False,True,True
MODEL C - BTC+ETH Fixed DCA + V3.1 FSM + Bear Risk AI,C,2022-04-28T00:00:00+0000,2022-04-29T00:00:00+0000,2022-04-29T00:00:00+0000,39742.07,2936.92,39944.881,40323.3525,41997.6474,47528.20715,1.000065859379721,0.6665574908256531,True,NONE,,DEEP_BEAR,DEEP_BEAR,4,4,0.25,0.25,0.21172649370406477,0.21172649370406477,148552.9407486444,0.0,,True,True,True,True,False,False,False,False,False,False,False,False,False,True,True
MODEL C - BTC+ETH Fixed DCA + V3.1 FSM + Bear Risk AI,C,2022-04-29T00:00:00+0000,2022-04-30T00:00:00+0000,2022-04-30T00:00:00+0000,38596.11,2817.13,39655.174,40115.4595,41981.1296,47433.83095,0.9439661966246227,0.6658381223678589,True,NONE,,DEEP_BEAR,DEEP_BEAR,4,4,0.25,0.25,0.20497361778233317,0.20497361778233317,148552.9407486444,0.0,,True,True,True,True,False,False,False,False,False,False,False,False,False,True,True
MODEL C - BTC+ETH Fixed DCA + V3.1 FSM + Bear Risk AI,C,2022-04-30T00:00:00+0000,2022-05-01T00:00:00+0000,2022-05-01T00:00:00+0000,37630.8,2726.67,39282.435,39889.057,41959.1542,47342.0003,0.8980003087626107,0.6984005570411682,True,NONE,,DEEP_BEAR,DEEP_BEAR,4,4,0.25,0.25,0.19979314941712922,0.19979314941712922,148552.9407486444,0.0,,True,True,True,True,False,False,False,False,False,False,False,False,False,True,True
MODEL C - BTC+ETH Fixed DCA + V3.1 FSM + Bear Risk AI,C,2022-05-01T00:00:00+0000,2022-05-02T00:00:00+0000,2022-05-02T00:00:00+0000,38468.35,2824.81,39081.269,39835.952000000005,41952.374,47247.50705,0.9391676575637516,0.675643801689148,True,NONE,,DEEP_BEAR,DEEP_BEAR,4,4,0.25,0.25,0.205483884984748,0.205483884984748,148552.9407486444,0.0,,True,True,True,True,False,False,False,False,False,False,False,False,False,True,True
MODEL C - BTC+ETH Fixed DCA + V3.1 FSM + Bear Risk AI,C,2022-05-02T00:00:00+0000,2022-05-03T00:00:00+0000,2022-05-03T00:00:00+0000,38525.16,2856.54,38962.867,39758.463,41967.3304,47153.393149999996,0.9426917147948981,0.6414650678634644,True,NONE,,DEEP_BEAR,DEEP_BEAR,4,4,0.25,0.25,0.20730929061607042,0.20730929061607042,148552.9407486444,0.0,,True,True,True,True,False,False,False,False,False,False,False,False,False,True,True
MODEL C - BTC+ETH Fixed DCA + V3.1 FSM + Bear Risk AI,C,2022-05-03T00:00:00+0000,2022-05-04T00:00:00+0000,2022-05-04T00:00:00+0000,37728.95,2781.7,38791.602,39587.521,41928.481999999996,47033.6758,0.9053430881906602,0.6324298977851868,True,NONE,,DEEP_BEAR,DEEP_BEAR,4,4,0.25,0.25,0.20305958279717184,0.20305958279717184,148552.9407486444,0.0,,True,True,True,True,False,False,False,False,False,False,False,False,False,True,True
MODEL C - BTC+ETH Fixed DCA + V3.1 FSM + Bear Risk AI,C,2022-05-04T00:00:00+0000,2022-05-05T00:00:00+0000,2022-05-05T00:00:00+0000,39690.0,2940.65,38815.589,39574.902,41936.6754,46927.74795,1.0029613592538265,0.6635415554046631,True,NONE,,DEEP_BEAR,DEEP_BEAR,4,4,0.25,0.25,0.21222161979635132,0.21222161979635132,148552.9407486444,0.0,,False,False,True,True,False,False,False,False,False,False,False,False,False,True,True
MODEL C - BTC+ETH Fixed DCA + V3.1 FSM + Bear Risk AI,C,2022-05-05T00:00:00+0000,2022-05-06T00:00:00+0000,2022-05-06T00:00:00+0000,36552.97,2747.96,38428.278,39374.9555,41845.4548,46802.87115,0.8519296051849666,0.7628817558288574,True,NONE,,DEEP_BEAR,DEEP_BEAR,4,4,0.25,0.25,0.20108143106303836,0.20108143106303836,148552.9407486444,0.0,,False,False,True,True,False,False,False,False,False,False,False,False,False,True,True
MODEL C - BTC+ETH Fixed DCA + V3.1 FSM + Bear Risk AI,C,2022-05-06T00:00:00+0000,2022-05-07T00:00:00+0000,2022-05-07T00:00:00+0000,36013.77,2692.86,38218.39,39156.7085,41747.3722,46672.8908,0.8282903388218738,0.7717041969299316,True,NONE,,DEEP_BEAR,DEEP_BEAR,4,4,0.25,0.25,0.19792569345555647,0.19792569345555647,148552.9407486444,0.0,,True,False,True,True,False,False,False,False,False,False,False,False,False,True,True
MODEL C - BTC+ETH Fixed DCA + V3.1 FSM + Bear Risk AI,C,2022-05-07T00:00:00+0000,2022-05-08T00:00:00+0000,2022-05-08T00:00:00+0000,35472.39,2635.35,37842.057,38946.422000000006,41621.6698,46528.849799999996,0.8050967461445018,0.7717041969299316,True,NONE,,DEEP_BEAR,DEEP_BEAR,4,4,0.25,0.25,0.19460514288518585,0.19460514288518585,148552.9407486444,0.0,,True,True,True,True,False,False,False,False,False,False,False,False,False,True,True
MODEL C - BTC+ETH Fixed DCA + V3.1 FSM + Bear Risk AI,C,2022-05-08T00:00:00+0000,2022-05-09T00:00:00+0000,2022-05-09T00:00:00+0000,34038.4,2519.71,37271.689999999995,38608.285500000005,41458.4152,46369.03475,0.7429835138252919,0.6967779397964478,True,NONE,,DEEP_BEAR,DEEP_BEAR,4,4,0.25,0.25,0.18773776255237132,0.18773776255237132,148552.9407486444,0.0,,True,True,True,True,False,False,False,False,False,False,False,False,False,True,True
MODEL C - BTC+ETH Fixed DCA + V3.1 FSM + Bear Risk AI,C,2022-05-09T00:00:00+0000,2022-05-10T00:00:00+0000,2022-05-10T00:00:00+0000,30076.31,2229.0,36419.71,38037.441999999995,41234.6992,46208.45055000001,0.5814016149551229,0.690112829208374,True,NONE,,DEEP_BEAR,DEEP_BEAR,4,4,0.25,0.25,0.16979840684637698,0.16979840684637698,148552.9407486444,0.0,CRASH_L1:NOTIONAL_BELOW_GUARD,True,True,True,True,True,False,False,False,False,False,False,False,False,False,True
MODEL C - BTC+ETH Fixed DCA + V3.1 FSM + Bear Risk AI,C,2022-05-10T00:00:00+0000,2022-05-11T00:00:00+0000,2022-05-11T00:00:00+0000,31017.1,2342.04,35758.340000000004,37520.3875,41034.996199999994,46060.09495,0.6195919556537518,0.696925699710846,True,NONE,,DEEP_BEAR,DEEP_BEAR,4,4,0.25,0.25,0.17684320646653903,0.17684320646653903,148552.9407486444,0.0,,True,True,True,True,True,False,False,False,False,False,False,False,False,False,True
MODEL C - BTC+ETH Fixed DCA + V3.1 FSM + Bear Risk AI,C,2022-05-11T00:00:00+0000,2022-05-12T00:00:00+0000,2022-05-12T00:00:00+0000,29103.94,2084.99,34821.899,36951.584,40769.792400000006,45899.1809,0.5467724795069763,0.6048094630241394,True,NONE,,DEEP_BEAR,DEEP_BEAR,4,4,0.25,0.25,0.16085809247676403,0.16085809247676403,148552.9407486444,0.0,,True,True,True,True,True,False,False,False,False,False,False,False,False,False,False
MODEL C - BTC+ETH Fixed DCA + V3.1 FSM + Bear Risk AI,C,2022-05-12T00:00:00+0000,2022-05-13T00:00:00+0000,2022-05-13T00:00:00+0000,29029.75,1960.22,33872.358,36417.6125,40492.7322,45740.068549999996,0.5452274186770755,0.4894603192806244,True,NONE,,DEEP_BEAR,DEEP_BEAR,4,4,0.25,0.25,0.15305245867048528,0.15305245867048528,148552.9407486444,0.0,,True,True,True,True,False,False,False,False,False,False,False,False,False,False,False
MODEL C - BTC+ETH Fixed DCA + V3.1 FSM + Bear Risk AI,C,2022-05-13T00:00:00+0000,2022-05-14T00:00:00+0000,2022-05-14T00:00:00+0000,29287.05,2009.69,33028.168,35909.885,40198.644,45571.1099,0.5563262631778713,0.4356924891471863,True,NONE,,DEEP_BEAR,DEEP_BEAR,4,4,0.25,0.25,0.15628095338249418,0.15628095338249418,148552.9407486444,0.0,,True,True,True,True,False,False,False,False,False,False,False,False,False,False,False
MODEL C - BTC+ETH Fixed DCA + V3.1 FSM + Bear Risk AI,C,2022-05-14T00:00:00+0000,2022-05-15T00:00:00+0000,2022-05-15T00:00:00+0000,30086.74,2056.47,32067.841999999997,35441.715500000006,39914.1156,45419.89955,0.5883721651658926,0.4210720658302307,True,NONE,,DEEP_BEAR,DEEP_BEAR,4,4,0.25,0.25,0.15941608994210435,0.15941608994210435,148552.9407486444,0.0,,True,True,True,True,False,False,False,False,False,False,False,False,False,False,False
MODEL C - BTC+ETH Fixed DCA + V3.1 FSM + Bear Risk AI,C,2022-05-15T00:00:00+0000,2022-05-16T00:00:00+0000,2022-05-16T00:00:00+0000,31328.89,2145.29,31545.434,34986.856,39650.468,45284.4768,0.6391001224991679,0.38823479413986206,True,NONE,,DEEP_BEAR,DEEP_BEAR,4,4,0.25,0.25,0.16521019525959094,0.16521019525959094,148552.9407486444,0.0,,True,True,True,True,False,False,False,False,False,False,False,False,False,False,False
MODEL C - BTC+ETH Fixed DCA + V3.1 FSM + Bear Risk AI,C,2022-05-16T00:00:00+0000,2022-05-17T00:00:00+0000,2022-05-17T00:00:00+0000,29874.01,2023.66,30931.458000000002,34574.924,39311.393000000004,45130.967399999994,0.5823994611189215,0.3273222744464874,True,NONE,,DEEP_BEAR,DEEP_BEAR,4,4,0.25,0.25,0.15743092493722535,0.15743092493722535,148552.9407486444,0.0,,True,True,True,True,False,False,False,False,False,False,False,False,False,False,False
MODEL C - BTC+ETH Fixed DCA + V3.1 FSM + Bear Risk AI,C,2022-05-17T00:00:00+0000,2022-05-18T00:00:00+0000,2022-05-18T00:00:00+0000,30444.93,2090.72,30428.712,34135.3845,38977.8474,44971.923500000004,0.6062859303547043,0.089603953063488,True,NONE,,DEEP_BEAR,DEEP_BEAR,4,4,0.25,0.25,0.16178243187496166,0.16178243187496166,148552.9407486444,0.0,,True,True,True,True,False,False,False,False,False,False,False,False,False,False,False
MODEL C - BTC+ETH Fixed DCA + V3.1 FSM + Bear Risk AI,C,2022-05-18T00:00:00+0000,2022-05-19T00:00:00+0000,2022-05-19T00:00:00+0000,28715.32,1915.11,29896.404000000002,33584.047,38603.457800000004,44806.20415,0.5407028984151289,0.09871483594179153,True,NONE,,DEEP_BEAR,DEEP_BEAR,4,4,0.25,0.25,0.15044538020808956,0.15044538020808956,148552.9407486444,0.0,,True,True,True,True,False,False,False,False,False,False,False,False,False,False,False
MODEL C - BTC+ETH Fixed DCA + V3.1 FSM + Bear Risk AI,C,2022-05-19T00:00:00+0000,2022-05-20T00:00:00+0000,2022-05-20T00:00:00+0000,30319.23,2019.55,29920.696000000004,33170.203,38268.482599999996,44651.3013,0.6041605839337226,0.09372027963399887,True,NONE,,DEEP_BEAR,DEEP_BEAR,4,4,0.25,0.25,0.15742235298496107,0.15742235298496107,148552.9407486444,0.0,,True,True,True,True,False,False,False,False,False,False,False,False,False,False,False
MODEL C - BTC+ETH Fixed DCA + V3.1 FSM + Bear Risk AI,C,2022-05-20T00:00:00+0000,2022-05-21T00:00:00+0000,2022-05-21T00:00:00+0000,29201.01,1959.08,29739.087,32748.7135,37942.296,44492.7508,0.5617426664497255,0.09087210893630981,True,NONE,,DEEP_BEAR,DEEP_BEAR,4,4,0.25,0.25,0.1534463205884681,0.1534463205884681,148552.9407486444,0.0,,True,True,True,True,False,False,False,False,False,False,False,False,False,False,False
MODEL C - BTC+ETH Fixed DCA + V3.1 FSM + Bear Risk AI,C,2022-05-21T00:00:00+0000,2022-05-22T00:00:00+0000,2022-05-22T00:00:00+0000,29445.06,1975.06,29773.199,32297.549,37605.5274,44323.876150000004,0.572662747700134,0.09372027963399887,True,NONE,,DEEP_BEAR,DEEP_BEAR,4,4,0.25,0.25,0.15456112680955142,0.15456112680955142,148552.9407486444,0.0,,True,True,True,True,False,False,False,False,False,False,False,False,False,False,False
MODEL C - BTC+ETH Fixed DCA + V3.1 FSM + Bear Risk AI,C,2022-05-22T00:00:00+0000,2022-05-23T00:00:00+0000,2022-05-23T00:00:00+0000,30293.94,2043.19,29899.618,31885.988,37295.186200000004,44160.86345,0.6076684739974377,0.0890866219997406,True,NONE,,DEEP_BEAR,DEEP_BEAR,4,4,0.25,0.25,0.1590686683719558,0.1590686683719558,148552.9407486444,0.0,,True,True,True,True,False,False,False,False,False,False,False,False,False,False,False
MODEL C - BTC+ETH Fixed DCA + V3.1 FSM + Bear Risk AI,C,2022-05-23T00:00:00+0000,2022-05-24T00:00:00+0000,2022-05-24T00:00:00+0000,29109.15,1973.33,29881.827999999998,31454.998,36949.2222,43999.43415,0.5624523878642689,0.10100409388542175,True,NONE,,DEEP_BEAR,DEEP_BEAR,4,4,0.25,0.25,0.15449499065285519,0.15449499065285519,148552.9407486444,0.0,,False,True,True,True,False,False,False,False,False,False,False,False,False,False,False
MODEL C - BTC+ETH Fixed DCA + V3.1 FSM + Bear Risk AI,C,2022-05-24T00:00:00+0000,2022-05-25T00:00:00+0000,2022-05-25T00:00:00+0000,29654.58,1979.4,29838.612,30953.227000000003,36610.7036,43843.02144999999,0.5851107284762785,0.05015921965241432,True,NONE,,DEEP_BEAR,DEEP_BEAR,4,4,0.25,0.25,0.15504256891401286,0.15504256891401286,148552.9407486444,0.0,,False,True,True,True,False,False,False,False,False,False,False,False,False,False,False
MODEL C - BTC+ETH Fixed DCA + V3.1 FSM + Bear Risk AI,C,2022-05-25T00:00:00+0000,2022-05-26T00:00:00+0000,2022-05-26T00:00:00+0000,29542.15,1942.64,29659.938000000002,30602.686000000005,36291.59559999999,43683.37915,0.5821088935106589,0.049527741968631744,True,NONE,,DEEP_BEAR,DEEP_BEAR,4,4,0.25,0.25,0.15274601842503563,0.15274601842503563,148552.9407486444,0.0,,False,True,True,True,False,False,False,False,False,False,False,False,False,False,False
MODEL C - BTC+ETH Fixed DCA + V3.1 FSM + Bear Risk AI,C,2022-05-26T00:00:00+0000,2022-05-27T00:00:00+0000,2022-05-27T00:00:00+0000,29201.35,1792.24,29592.672,30262.065000000002,36012.2132,43513.01795,0.5703012225547963,0.04853648319840431,True,NONE,,DEEP_BEAR,DEEP_BEAR,4,4,0.25,0.25,0.14306643817288275,0.14306643817288275,148552.9407486444,0.0,,True,True,True,True,False,False,False,False,False,False,False,False,False,False,False
MODEL C - BTC+ETH Fixed DCA + V3.1 FSM + Bear Risk AI,C,2022-05-27T00:00:00+0000,2022-05-28T00:00:00+0000,2022-05-28T00:00:00+0000,28629.8,1727.26,29411.158999999996,29919.9355,35715.9254,43318.537800000006,0.549999102909614,0.04773736745119095,True,NONE,,DEEP_BEAR,DEEP_BEAR,4,4,0.25,0.25,0.13875809960599222,0.13875809960599222,148552.9407486444,0.0,,True,True,True,True,False,False,False,False,False,False,False,False,False,False,False
MODEL C - BTC+ETH Fixed DCA + V3.1 FSM + Bear Risk AI,C,2022-05-28T00:00:00+0000,2022-05-29T00:00:00+0000,2022-05-29T00:00:00+0000,29031.33,1792.21,29442.76,29669.582000000002,35451.5118,43128.956150000005,0.5673429437956585,0.04160052165389061,True,NONE,,DEEP_BEAR,DEEP_BEAR,4,4,0.25,0.25,0.14314313456257366,0.14314313456257366,148552.9407486444,0.0,,True,True,True,True,False,False,False,False,False,False,False,False,False,False,False
MODEL C - BTC+ETH Fixed DCA + V3.1 FSM + Bear Risk AI,C,2022-05-29T00:00:00+0000,2022-05-30T00:00:00+0000,2022-05-30T00:00:00+0000,29468.1,1813.64,29357.646999999997,29639.171500000004,35185.7944,42951.8845,0.5862522076115685,0.03680136427283287,True,NONE,,DEEP_BEAR,DEEP_BEAR,4,4,0.25,0.25,0.14468375236490597,0.14468375236490597,148552.9407486444,0.0,,True,True,True,True,False,False,False,False,False,False,False,False,False,False,False
MODEL C - BTC+ETH Fixed DCA + V3.1 FSM + Bear Risk AI,C,2022-05-30T00:00:00+0000,2022-05-31T00:00:00+0000,2022-05-31T00:00:00+0000,31734.22,1998.78,29610.968,29675.027499999997,34977.301799999994,42786.68430000001,0.6816968359417742,0.03323066979646683,True,NONE,,DEEP_BEAR,DEEP_BEAR,4,4,0.25,0.25,0.157035292814958,0.157035292814958,148552.9407486444,0.0,,False,False,True,True,False,False,False,False,False,False,False,False,False,False,False
MODEL C - BTC+ETH Fixed DCA + V3.1 FSM + Bear Risk AI,C,2022-05-31T00:00:00+0000,2022-06-01T00:00:00+0000,2022-06-01T00:00:00+0000,31801.04,1941.9,29846.566,29809.8825,34822.713599999995,42625.078349999996,0.6863468211057411,0.040537018328905106,True,NONE,,DEEP_BEAR,DEEP_BEAR,4,4,0.25,0.25,0.1535125087191682,0.1535125087191682,148552.9407486444,0.0,,False,False,True,True,False,False,False,False,False,False,False,False,False,True,False
MODEL C - BTC+ETH Fixed DCA + V3.1 FSM + Bear Risk AI,C,2022-06-01T00:00:00+0000,2022-06-02T00:00:00+0000,2022-06-02T00:00:00+0000,29805.83,1817.96,29797.754999999997,29848.6865,34617.3314,42452.2075,0.6046587673559113,0.03960007429122925,True,NONE,,DEEP_BEAR,DEEP_BEAR,4,4,0.25,0.25,0.14519906938349836,0.14519906938349836,148552.9407486444,0.0,,False,False,True,True,False,False,False,False,False,False,False,False,False,True,False
MODEL C - BTC+ETH Fixed DCA + V3.1 FSM + Bear Risk AI,C,2022-06-02T00:00:00+0000,2022-06-03T00:00:00+0000,2022-06-03T00:00:00+0000,30452.62,1834.09,29932.102000000003,29906.964999999997,34403.428,42276.8751,0.6330481846875001,0.04077843576669693,True,NONE,,DEEP_BEAR,DEEP_BEAR,4,4,0.25,0.25,0.1464396233743602,0.1464396233743602,148552.9407486444,0.0,,False,False,True,True,False,False,False,False,False,False,False,False,False,True,False
MODEL C - BTC+ETH Fixed DCA + V3.1 FSM + Bear Risk AI,C,2022-06-03T00:00:00+0000,2022-06-04T00:00:00+0000,2022-06-04T00:00:00+0000,29700.21,1775.13,29936.665,29887.6385,34198.5846,42107.342450000004,0.6038565221068246,0.03960007429122925,True,NONE,,DEEP_BEAR,DEEP_BEAR,4,4,0.25,0.25,0.1425093141599305,0.1425093141599305,148552.9407486444,0.0,,False,False,True,True,False,False,False,False,False,False,False,False,False,True,False
MODEL C - BTC+ETH Fixed DCA + V3.1 FSM + Bear Risk AI,C,2022-06-04T00:00:00+0000,2022-06-05T00:00:00+0000,2022-06-05T00:00:00+0000,29864.04,1804.58,29968.854,29814.395999999997,33984.827399999995,41956.3683,0.6120038029019879,0.04122091457247734,True,NONE,,DEEP_BEAR,DEEP_BEAR,4,4,0.25,0.25,0.1445154586466234,0.1445154586466234,148552.9407486444,0.0,,False,False,True,True,False,False,False,False,False,False,False,False,False,True,False
MODEL C - BTC+ETH Fixed DCA + V3.1 FSM + Bear Risk AI,C,2022-06-05T00:00:00+0000,2022-06-06T00:00:00+0000,2022-06-06T00:00:00+0000,29919.21,1806.22,30040.640000000003,29816.656000000006,33775.6374,41804.24,0.6157681887577381,0.042360130697488785,True,NONE,,DEEP_BEAR,DEEP_BEAR,4,4,0.25,0.25,0.1446909705433775,0.1446909705433775,148552.9407486444,0.0,,False,False,True,True,False,False,False,False,False,False,False,False,False,True,False
MODEL C - BTC+ETH Fixed DCA + V3.1 FSM + Bear Risk AI,C,2022-06-06T00:00:00+0000,2022-06-07T00:00:00+0000,2022-06-07T00:00:00+0000,31373.1,1859.84,30314.97,29863.0645,33609.537000000004,41676.647399999994,0.678331491293974,0.032468073070049286,True,NONE,,DEEP_BEAR,DEEP_BEAR,4,4,0.25,0.25,0.14853271485597275,0.14853271485597275,148552.9407486444,0.0,,False,False,True,True,False,False,True,False,False,False,False,False,False,True,False
MODEL C - BTC+ETH Fixed DCA + V3.1 FSM + Bear Risk AI,C,2022-06-07T00:00:00+0000,2022-06-08T00:00:00+0000,2022-06-08T00:00:00+0000,31125.33,1813.33,30524.370000000003,29983.565000000002,33416.021,41542.01285,0.6690259093455805,0.10698443651199341,True,NONE,,DEEP_BEAR,DEEP_BEAR,4,4,0.25,0.25,0.1455390652508238,0.1455390652508238,148552.9407486444,0.0,,False,False,True,True,False,False,True,False,False,False,False,False,False,True,False
MODEL C - BTC+ETH Fixed DCA + V3.1 FSM + Bear Risk AI,C,2022-06-08T00:00:00+0000,2022-06-09T00:00:00+0000,2022-06-09T00:00:00+0000,30204.77,1791.88,30598.037,29977.841999999997,33190.2528,41394.49915,0.6315296403699076,0.11977018415927887,True,NONE,,DEEP_BEAR,DEEP_BEAR,4,4,0.25,0.25,0.1439942912002925,0.1439942912002925,148552.9407486444,0.0,,False,False,True,True,False,False,True,False,False,False,False,False,False,True,False
MODEL C - BTC+ETH Fixed DCA + V3.1 FSM + Bear Risk AI,C,2022-06-09T00:00:00+0000,2022-06-10T00:00:00+0000,2022-06-10T00:00:00+0000,30109.93,1788.8,30435.608,30023.288,32965.2876,41251.9387,0.6289893608791259,0.10388278216123581,True,NONE,,DEEP_BEAR,DEEP_BEAR,4,4,0.25,0.25,0.14382892640974185,0.14382892640974185,148552.9407486444,0.0,,False,False,True,True,False,False,True,False,False,False,False,False,False,True,False
MODEL C - BTC+ETH Fixed DCA + V3.1 FSM + Bear Risk AI,C,2022-06-10T00:00:00+0000,2022-06-11T00:00:00+0000,2022-06-11T00:00:00+0000,29091.88,1662.91,30164.692000000003,30005.628999999997,32737.525,41116.1622,0.5884128495746779,0.04202223941683769,True,NONE,,DEEP_BEAR,DEEP_BEAR,4,4,0.25,0.25,0.13539518848864207,0.13539518848864207,148552.9407486444,0.0,,False,False,True,True,False,False,False,False,False,False,False,False,False,True,False
MODEL C - BTC+ETH Fixed DCA + V3.1 FSM + Bear Risk AI,C,2022-06-11T00:00:00+0000,2022-06-12T00:00:00+0000,2022-06-12T00:00:00+0000,28424.7,1532.89,30026.579000000005,29912.166999999998,32511.8354,40970.57935,0.5630589883619491,0.05437285825610161,True,NONE,,DEEP_BEAR,DEEP_BEAR,4,4,0.25,0.25,0.12659908747463075,0.12659908747463075,148552.9407486444,0.0,,True,False,True,True,False,False,False,False,False,False,False,False,False,True,False
MODEL C - BTC+ETH Fixed DCA + V3.1 FSM + Bear Risk AI,C,2022-06-12T00:00:00+0000,2022-06-13T00:00:00+0000,2022-06-13T00:00:00+0000,26574.53,1434.84,29638.77,29785.436000000005,32254.494000000002,40817.76055,0.49340030685046926,0.07802268117666245,True,NONE,,DEEP_BEAR,DEEP_BEAR,4,4,0.25,0.25,0.11951863297535884,0.11951863297535884,148552.9407486444,0.0,,True,True,True,True,False,False,False,False,False,False,False,False,False,True,False
MODEL C - BTC+ETH Fixed DCA + V3.1 FSM + Bear Risk AI,C,2022-06-13T00:00:00+0000,2022-06-14T00:00:00+0000,2022-06-14T00:00:00+0000,22487.41,1209.35,28917.489999999998,29427.077499999996,31915.2396,40635.3958,0.3544664001265778,0.07341668754816055,True,NONE,,DEEP_BEAR,DEEP_BEAR,4,4,0.25,0.25,0.10274573817352474,0.10274573817352474,148552.9407486444,0.0,CRASH_L1:NOTIONAL_BELOW_GUARD,True,True,True,True,True,False,False,False,False,False,False,False,False,False,False
MODEL C - BTC+ETH Fixed DCA + V3.1 FSM + Bear Risk AI,C,2022-06-14T00:00:00+0000,2022-06-15T00:00:00+0000,2022-06-15T00:00:00+0000,22136.41,1208.9,28144.727000000003,29056.790499999996,31549.446200000002,40477.4452,0.3444176288581714,0.06820794194936752,True,NONE,,DEEP_BEAR,ACCUMULATION,4,4,0.25,0.35,0.10268172504926842,0.35,105911.8423500009,0.0,AHR999_TO35:EXECUTED,True,True,True,True,True,False,False,False,False,False,False,False,False,False,False
MODEL C - BTC+ETH Fixed DCA + V3.1 FSM + Bear Risk AI,C,2022-06-15T00:00:00+0000,2022-06-16T00:00:00+0000,2022-06-16T00:00:00+0000,22583.72,1237.53,27411.177999999996,28725.908999999996,31238.867599999998,40316.75865,0.3594785135028412,0.07259716093540192,True,NONE,,ACCUMULATION,ACCUMULATION,4,4,0.35,0.35,0.35503253043740785,0.35503253043740785,105911.8423500009,0.0,,True,True,True,True,True,False,False,False,False,False,False,False,False,False,False
MODEL C - BTC+ETH Fixed DCA + V3.1 FSM + Bear Risk AI,C,2022-06-16T00:00:00+0000,2022-06-17T00:00:00+0000,2022-06-17T00:00:00+0000,20401.31,1068.5,26313.999,28314.484500000002,30862.1794,40132.3908,0.29435557521769945,0.067807637155056,True,NONE,,ACCUMULATION,ACCUMULATION,4,4,0.35,0.35,0.3268203511912068,0.3268203511912068,105911.8423500009,0.0,CRASH_L2:NOTIONAL_BELOW_GUARD,True,True,True,True,True,True,False,False,False,False,False,False,False,False,False
MODEL C - BTC+ETH Fixed DCA + V3.1 FSM + Bear Risk AI,C,2022-06-17T00:00:00+0000,2022-06-18T00:00:00+0000,2022-06-18T00:00:00+0000,20468.81,1086.93,25248.347,27886.358499999995,30476.7142,39945.8536,0.29733660674917,0.06059796363115311,True,NONE,,ACCUMULATION,DEEP_BEAR,4,4,0.35,0.25,0.3292127339862017,0.25000000000000006,119113.32124998486,0.0,STAGE4_SELL:EXECUTED,True,True,True,True,True,True,False,False,False,False,False,False,False,False,False
MODEL C - BTC+ETH Fixed DCA + V3.1 FSM + Bear Risk AI,C,2022-06-18T00:00:00+0000,2022-06-19T00:00:00+0000,2022-06-19T00:00:00+0000,18970.79,995.12,24124.949,27361.493,30084.207800000004,39755.95475,0.2563228699211545,0.017483392730355263,True,NONE,,DEEP_BEAR,ACCUMULATION,4,4,0.25,0.35,0.23479975798248093,0.35000000000000003,100258.2769228109,0.0,AHR999_TO35:EXECUTED,True,True,True,True,True,True,False,False,False,False,False,False,False,False,False
MODEL C - BTC+ETH Fixed DCA + V3.1 FSM + Bear Risk AI,C,2022-06-19T00:00:00+0000,2022-06-20T00:00:00+0000,2022-06-20T00:00:00+0000,20574.0,1128.53,23171.356,26803.482,29743.0718,39572.9044,0.30251169963207275,0.0520053505897522,True,NONE,,ACCUMULATION,ACCUMULATION,4,4,0.35,0.35,0.3741162412179396,0.3741162412179396,100258.2769228109,0.0,,True,True,True,True,False,False,False,False,False,False,False,False,False,False,False
MODEL C - BTC+ETH Fixed DCA + V3.1 FSM + Bear Risk AI,C,2022-06-20T00:00:00+0000,2022-06-21T00:00:00+0000,2022-06-21T00:00:00+0000,20573.89,1128.24,22319.557,26242.124499999998,29385.182599999996,39393.37215,0.30352629642730655,0.0520053505897522,True,NONE,,ACCUMULATION,ACCUMULATION,4,4,0.35,0.35,0.37412950223782815,0.37412950223782815,100258.2769228109,0.0,,True,True,True,True,False,False,False,False,False,False,False,False,False,False,False
MODEL C - BTC+ETH Fixed DCA + V3.1 FSM + Bear Risk AI,C,2022-06-21T00:00:00+0000,2022-06-22T00:00:00+0000,2022-06-22T00:00:00+0000,20723.52,1125.86,21549.439000000002,25788.009000000002,29029.1498,39228.9845,0.3088806957009445,0.04650323837995529,True,NONE,,ACCUMULATION,ACCUMULATION,4,4,0.35,0.35,0.3747273514018965,0.3747273514018965,100258.2769228109,0.0,,True,True,True,True,False,False,False,False,False,False,False,False,False,False,False
MODEL C - BTC+ETH Fixed DCA + V3.1 FSM + Bear Risk AI,C,2022-06-22T00:00:00+0000,2022-06-23T00:00:00+0000,2022-06-23T00:00:00+0000,19987.99,1050.19,20890.785,25264.777500000004,28674.3306,39083.1621,0.2880736733691592,0.01510883029550314,True,NONE,,ACCUMULATION,ACCUMULATION,4,4,0.35,0.35,0.3623493598040193,0.3623493598040193,100258.2769228109,0.0,,True,True,True,True,False,False,False,False,False,False,False,False,False,False,False
MODEL C - BTC+ETH Fixed DCA + V3.1 FSM + Bear Risk AI,C,2022-06-23T00:00:00+0000,2022-06-24T00:00:00+0000,2022-06-24T00:00:00+0000,21110.13,1144.71,20753.057,24835.273500000003,28302.733200000002,38941.7311,0.3221112685959124,0.04694022983312607,True,NONE,,ACCUMULATION,ACCUMULATION,4,4,0.35,0.35,0.3789282282875233,0.3789282282875233,100258.2769228109,0.0,,True,True,True,True,False,False,False,False,False,False,False,False,False,False,False
MODEL C - BTC+ETH Fixed DCA + V3.1 FSM + Bear Risk AI,C,2022-06-24T00:00:00+0000,2022-06-25T00:00:00+0000,2022-06-25T00:00:00+0000,21237.69,1225.02,20663.185,24403.956000000002,27996.427600000003,38795.709950000004,0.3268546370247666,0.04694022983312607,True,NONE,,ACCUMULATION,ACCUMULATION,4,4,0.35,0.35,0.38809488702932476,0.38809488702932476,100258.2769228109,0.0,,True,True,True,True,False,False,False,False,False,False,False,False,False,False,False
MODEL C - BTC+ETH Fixed DCA + V3.1 FSM + Bear Risk AI,C,2022-06-25T00:00:00+0000,2022-06-26T00:00:00+0000,2022-06-26T00:00:00+0000,21491.19,1242.31,20553.932,23982.555,27705.976000000002,38650.22115,0.33556549105008915,0.04694022983312607,True,NONE,,ACCUMULATION,DEEP_BEAR,4,4,0.35,0.25,0.3912323684421157,0.25,124883.66864636847,0.0,STAGE4_SELL:EXECUTED,True,True,True,True,False,False,False,False,False,False,False,False,False,False,False
MODEL C - BTC+ETH Fixed DCA + V3.1 FSM + Bear Risk AI,C,2022-06-26T00:00:00+0000,2022-06-27T00:00:00+0000,2022-06-27T00:00:00+0000,21038.07,1197.79,20617.608,23465.8035,27417.2896,38503.055550000005,0.32241081172831354,0.04694022983312607,True,NONE,,DEEP_BEAR,ACCUMULATION,4,4,0.25,0.35,0.24432403922306004,0.35,106561.75739541539,0.0,AHR999_TO35:EXECUTED,True,True,True,True,False,False,False,False,False,False,False,False,False,False,False
MODEL C - BTC+ETH Fixed DCA + V3.1 FSM + Bear Risk AI,C,2022-06-27T00:00:00+0000,2022-06-28T00:00:00+0000,2022-06-28T00:00:00+0000,20742.56,1192.51,20644.983,22946.665,27151.3728,38369.0404,0.3141387645192163,0.04592539742588997,True,NONE,,ACCUMULATION,ACCUMULATION,4,4,0.35,0.35,0.3480431997438521,0.3480431997438521,106561.75739541539,0.0,,True,True,True,True,False,False,False,False,False,False,False,False,False,False,False
MODEL C - BTC+ETH Fixed DCA + V3.1 FSM + Bear Risk AI,C,2022-06-28T00:00:00+0000,2022-06-29T00:00:00+0000,2022-06-29T00:00:00+0000,20281.29,1144.05,20776.033,22450.491,26955.4724,38234.74415,0.30102016061995057,0.04592539742588997,True,NONE,,ACCUMULATION,ACCUMULATION,4,4,0.35,0.35,0.34066392349634206,0.34066392349634206,106561.75739541539,0.0,,False,True,True,True,False,False,False,False,False,False,False,False,False,False,False
MODEL C - BTC+ETH Fixed DCA + V3.1 FSM + Bear Risk AI,C,2022-06-29T00:00:00+0000,2022-06-30T00:00:00+0000,2022-06-30T00:00:00+0000,20123.01,1100.21,20730.934,21951.145,26737.5906,38088.409250000004,0.2971259886018245,0.043419599533081055,True,NONE,,ACCUMULATION,ACCUMULATION,4,4,0.35,0.35,0.3351766915952199,0.3351766915952199,106561.75739541539,0.0,,False,True,True,True,False,False,False,False,False,False,False,False,False,False,False
MODEL C - BTC+ETH Fixed DCA + V3.1 FSM + Bear Risk AI,C,2022-06-30T00:00:00+0000,2022-07-01T00:00:00+0000,2022-07-01T00:00:00+0000,19942.21,1071.02,20667.766,21493.6615,26554.356,37937.8508,0.29262168478321177,0.04506487771868706,True,NONE,,ACCUMULATION,ACCUMULATION,4,4,0.35,0.35,0.33109873885930746,0.33109873885930746,106561.75739541539,0.0,,False,True,True,True,False,False,False,False,False,False,False,False,False,False,False
