model,date,portfolio_value,normal_cash,pending_dca_cash,tactical_bear_cash,temporary_hedge_cash,tactical_cash,tactical_bear_cash_ratio,temporary_hedge_cash_ratio,tactical_cash_ratio
B,2020-01-01T00:00:00+0000,20063.175550206626,6000.0,7.0,0.0,0.0,0.0,0.0,0.0,0.0
B,2020-01-02T00:00:00+0000,19643.901205758946,6000.0,3.75,0.0,0.0,0.0,0.0,0.0,0.0
B,2020-01-03T00:00:00+0000,20408.390391094057,6000.0,5.5,0.0,0.0,0.0,0.0,0.0,0.0
B,2020-01-04T00:00:00+0000,20425.4424771834,6000.0,2.25,0.0,0.0,0.0,0.0,0.0,0.0
B,2020-01-05T00:00:00+0000,20490.676950414807,6000.0,4.0,0.0,0.0,0.0,0.0,0.0,0.0
B,2020-01-06T00:00:00+0000,21347.556865729748,6000.0,0.75,0.0,0.0,0.0,0.0,0.0,0.0
B,2020-01-07T00:00:00+0000,21777.267470902556,6000.0,2.5,0.0,0.0,0.0,0.0,0.0,0.0
B,2020-01-08T00:00:00+0000,21595.219563922845,6000.0,4.5,0.0,0.0,0.0,0.0,0.0,0.0
B,2020-01-09T00:00:00+0000,21194.242063985315,6000.0,6.25,0.0,0.0,0.0,0.0,0.0,0.0
B,2020-01-10T00:00:00+0000,21960.729948160275,6000.0,3.0,0.0,0.0,0.0,0.0,0.0,0.0
B,2020-01-11T00:00:00+0000,21655.38752696415,6000.0,4.75,0.0,0.0,0.0,0.0,0.0,0.0
B,2020-01-12T00:00:00+0000,22039.896360324623,6000.0,1.5,0.0,0.0,0.0,0.0,0.0,0.0
B,2020-01-13T00:00:00+0000,21839.15309775256,6000.0,3.25,0.0,0.0,0.0,0.0,0.0,0.0
B,2020-01-14T00:00:00+0000,23614.177694105052,6000.0,0.0,0.0,0.0,0.0,0.0,0.0,0.0
B,2020-01-15T00:00:00+0000,23671.407280329164,6000.0,7.0,0.0,0.0,0.0,0.0,0.0,0.0
B,2020-01-16T00:00:00+0000,23468.94376892053,6000.0,3.75,0.0,0.0,0.0,0.0,0.0,0.0
B,2020-01-17T00:00:00+0000,23950.33674686052,6000.0,5.5,0.0,0.0,0.0,0.0,0.0,0.0
B,2020-01-18T00:00:00+0000,24142.11632086055,6000.0,0.75,0.0,0.0,0.0,0.0,0.0,0.0
B,2020-01-19T00:00:00+0000,23588.024931971337,6000.0,2.5,0.0,0.0,0.0,0.0,0.0,0.0
B,2020-01-20T00:00:00+0000,23530.155088931133,6000.0,4.5,0.0,0.0,0.0,0.0,0.0,0.0
B,2020-01-21T00:00:00+0000,23765.630946236186,6000.0,6.25,0.0,0.0,0.0,0.0,0.0,0.0
B,2020-01-22T00:00:00+0000,23652.870324622774,6000.0,3.0,0.0,0.0,0.0,0.0,0.0,0.0
B,2020-01-23T00:00:00+0000,23104.851968237093,6000.0,4.75,0.0,0.0,0.0,0.0,0.0,0.0
B,2020-01-24T00:00:00+0000,23148.38254190061,6000.0,1.5,0.0,0.0,0.0,0.0,0.0,0.0
B,2020-01-25T00:00:00+0000,22948.248515183936,6000.0,3.25,0.0,0.0,0.0,0.0,0.0,0.0
B,2020-01-26T00:00:00+0000,23610.29953481302,6000.0,0.0,0.0,0.0,0.0,0.0,0.0,0.0
B,2020-01-27T00:00:00+0000,24076.507386279285,6000.0,7.0,0.0,0.0,0.0,0.0,0.0,0.0
B,2020-01-28T00:00:00+0000,24897.073163086337,6000.0,3.75,0.0,0.0,0.0,0.0,0.0,0.0
B,2020-01-29T00:00:00+0000,24739.389400361055,6000.0,5.5,0.0,0.0,0.0,0.0,0.0,0.0
B,2020-01-30T00:00:00+0000,25468.67769732609,6000.0,2.25,0.0,0.0,0.0,0.0,0.0,0.0
B,2020-01-31T00:00:00+0000,25086.80031521262,6000.0,4.0,0.0,0.0,0.0,0.0,0.0,0.0
B,2020-02-01T00:00:00+0000,25287.944047181532,6000.0,0.75,0.0,0.0,0.0,0.0,0.0,0.0
B,2020-02-02T00:00:00+0000,25434.693120390464,6000.0,1.5,0.0,0.0,0.0,0.0,0.0,0.0
B,2020-02-03T00:00:00+0000,25449.62018770761,6000.0,1.5,0.0,0.0,0.0,0.0,0.0,0.0
B,2020-02-04T00:00:00+0000,25310.566873257452,6000.0,1.5,0.0,0.0,0.0,0.0,0.0,0.0
B,2020-02-05T00:00:00+0000,26457.41771525622,6000.0,1.5,0.0,0.0,0.0,0.0,0.0,0.0
B,2020-02-06T00:00:00+0000,27059.716392500588,6000.0,1.5,0.0,0.0,0.0,0.0,0.0,0.0
B,2020-02-07T00:00:00+0000,27544.70605899513,6000.0,1.5,0.0,0.0,0.0,0.0,0.0,0.0
B,2020-02-08T00:00:00+0000,27646.87384471896,6000.0,1.5,0.0,0.0,0.0,0.0,0.0,0.0
B,2020-02-09T00:00:00+0000,28206.068386026604,6000.0,1.5,0.0,0.0,0.0,0.0,0.0,0.0
B,2020-02-10T00:00:00+0000,27609.73412165188,6000.0,1.5,0.0,0.0,0.0,0.0,0.0,0.0
B,2020-02-11T00:00:00+0000,28660.414648814753,6000.0,1.5,0.0,0.0,0.0,0.0,0.0,0.0
B,2020-02-12T00:00:00+0000,30007.82524470115,6000.0,1.5,0.0,0.0,0.0,0.0,0.0,0.0
B,2020-02-13T00:00:00+0000,30005.119170282313,6000.0,1.5,0.0,0.0,0.0,0.0,0.0,0.0
B,2020-02-14T00:00:00+0000,30860.035696247734,6000.0,1.5,0.0,0.0,0.0,0.0,0.0,0.0
B,2020-02-15T00:00:00+0000,29477.054307039736,6000.0,1.5,0.0,0.0,0.0,0.0,0.0,0.0
B,2020-02-16T00:00:00+0000,29254.672963949404,6000.0,1.5,0.0,0.0,0.0,0.0,0.0,0.0
B,2020-02-17T00:00:00+0000,29373.661956850934,6000.0,1.5,0.0,0.0,0.0,0.0,0.0,0.0
B,2020-02-18T00:00:00+0000,30577.732726334652,6000.0,1.5,0.0,0.0,0.0,0.0,0.0,0.0
B,2020-02-19T00:00:00+0000,28864.82856673168,6000.0,1.5,0.0,0.0,0.0,0.0,0.0,0.0
B,2020-02-20T00:00:00+0000,28818.31956815529,6000.0,1.5,0.0,0.0,0.0,0.0,0.0,0.0
B,2020-02-21T00:00:00+0000,29277.290966877903,6000.0,1.5,0.0,0.0,0.0,0.0,0.0,0.0
B,2020-02-22T00:00:00+0000,29102.54349361254,6000.0,1.5,0.0,0.0,0.0,0.0,0.0,0.0
B,2020-02-23T00:00:00+0000,30012.694943320104,6000.0,1.5,0.0,0.0,0.0,0.0,0.0,0.0
B,2020-02-24T00:00:00+0000,29296.836556717957,6000.0,1.5,0.0,0.0,0.0,0.0,0.0,0.0
B,2020-02-25T00:00:00+0000,28093.73879038865,6000.0,1.5,0.0,0.0,0.0,0.0,0.0,0.0
B,2020-02-26T00:00:00+0000,26486.487072441265,6000.0,1.5,0.0,0.0,0.0,0.0,0.0,0.0
B,2020-02-27T00:00:00+0000,26706.96899888591,6000.0,1.5,0.0,0.0,0.0,0.0,0.0,0.0
B,2020-02-28T00:00:00+0000,26528.856881522635,6000.0,1.5,2007.5545049511093,0.0,2007.5545049511093,0.07567436900567594,0.0,0.07567436900567594
B,2020-02-29T00:00:00+0000,25983.83568946152,6000.0,1.5,2007.5545049511093,0.0,2007.5545049511093,0.07726166871372765,0.0,0.07726166871372765
B,2020-03-01T00:00:00+0000,26017.03759944283,6000.0,1.5,5689.013071208381,0.0,5689.013071208381,0.2186649056205467,0.0,0.2186649056205467
B,2020-03-02T00:00:00+0000,26812.16489283179,6000.0,1.5,5689.013071208381,0.0,5689.013071208381,0.2121802955467178,0.0,0.2121802955467178
B,2020-03-03T00:00:00+0000,26432.956513167686,6000.0,1.5,5689.013071208381,0.0,5689.013071208381,0.2152242435829823,0.0,0.2152242435829823
B,2020-03-04T00:00:00+0000,26448.044077315,6000.0,1.5,5689.013071208381,0.0,5689.013071208381,0.2151014666558257,0.0,0.2151014666558257
B,2020-03-05T00:00:00+0000,26855.74106157504,6000.0,1.5,5689.013071208381,0.0,5689.013071208381,0.21183601145708733,0.0,0.21183601145708733
B,2020-03-06T00:00:00+0000,27460.26879126827,6000.0,1.5,5689.013071208381,0.0,5689.013071208381,0.20717251948449084,0.0,0.20717251948449084
B,2020-03-07T00:00:00+0000,27014.462923826624,6000.0,1.5,5689.013071208381,0.0,5689.013071208381,0.21059138163323243,0.0,0.21059138163323243
B,2020-03-08T00:00:00+0000,25076.225891860275,6000.0,1.5,5689.013071208381,0.0,5689.013071208381,0.22686879180869998,0.0,0.22686879180869998
B,2020-03-09T00:00:00+0000,25105.252716230476,6000.0,1.5,5689.013071208381,0.0,5689.013071208381,0.2266064849261784,0.0,0.2266064849261784
B,2020-03-10T00:00:00+0000,25019.018737801587,6000.0,1.5,5689.013071208381,0.0,5689.013071208381,0.22738753788983623,0.0,0.22738753788983623
B,2020-03-11T00:00:00+0000,24872.432434489365,6000.0,1.5,5689.013071208381,0.0,5689.013071208381,0.22872765203775203,0.0,0.22872765203775203
B,2020-03-12T00:00:00+0000,19358.180448425494,6000.0,1.5,5689.013071208381,0.0,5689.013071208381,0.2938816014431304,0.0,0.2938816014431304
B,2020-03-13T00:00:00+0000,20342.55443599577,6000.0,1.5,8509.884052803754,0.0,8509.884052803754,0.41832917687788873,0.0,0.41832917687788873
B,2020-03-14T00:00:00+0000,19788.616894588962,6000.0,1.5,7218.345919585656,0.0,7218.345919585656,0.3647726345927418,0.0,0.3647726345927418
B,2020-03-15T00:00:00+0000,19958.0745245621,6000.0,1.5,7218.345919585656,0.0,7218.345919585656,0.36167546677421947,0.0,0.36167546677421947
B,2020-03-16T00:00:00+0000,19422.56266851956,6000.0,1.5,7218.345919585656,0.0,7218.345919585656,0.371647451614883,0.0,0.371647451614883
B,2020-03-17T00:00:00+0000,19743.04634334801,6000.0,1.5,7218.345919585656,0.0,7218.345919585656,0.3656145963521845,0.0,0.3656145963521845
B,2020-03-18T00:00:00+0000,19871.75297982421,6000.0,1.5,7218.345919585656,0.0,7218.345919585656,0.36324656042747927,0.0,0.36324656042747927
B,2020-03-19T00:00:00+0000,20867.754750628217,6000.0,1.5,7218.345919585656,0.0,7218.345919585656,0.34590908345653953,0.0,0.34590908345653953
B,2020-03-20T00:00:00+0000,20838.513060376314,6000.0,1.5,7218.345919585656,0.0,7218.345919585656,0.3463944811547558,0.0,0.3463944811547558
B,2020-03-21T00:00:00+0000,20815.04199476913,6000.0,1.5,7218.345919585656,0.0,7218.345919585656,0.346785075975328,0.0,0.346785075975328
B,2020-03-22T00:00:00+0000,20310.126564920454,6000.0,1.5,7218.345919585656,0.0,7218.345919585656,0.35540625000600173,0.0,0.35540625000600173
B,2020-03-23T00:00:00+0000,21114.283561603726,6000.0,1.5,7218.345919585656,0.0,7218.345919585656,0.34187027461884617,0.0,0.34187027461884617
B,2020-03-24T00:00:00+0000,21379.669650984913,6000.0,7.0,7218.345919585656,0.0,7218.345919585656,0.3376266349023369,0.0,0.3376266349023369
B,2020-03-25T00:00:00+0000,21286.40284220037,6000.0,3.0,7218.345919585656,0.0,7218.345919585656,0.33910595289849815,0.0,0.33910595289849815
B,2020-03-26T00:00:00+0000,21398.656887905687,6000.0,4.75,7218.345919585656,0.0,7218.345919585656,0.33732705549689873,0.0,0.33732705549689873
B,2020-03-27T00:00:00+0000,20968.902375798105,6000.0,1.5,7218.345919585656,0.0,7218.345919585656,0.34424052295254753,0.0,0.34424052295254753
B,2020-03-28T00:00:00+0000,20916.730134076064,6000.0,3.25,9721.8570424528,0.0,9721.8570424528,0.4647885678179992,0.0,0.4647885678179992
B,2020-03-29T00:00:00+0000,20650.654321581587,6000.0,2.75,9721.8570424528,0.0,9721.8570424528,0.47077719141774027,0.0,0.47077719141774027
B,2020-03-30T00:00:00+0000,21206.268752497002,6000.0,2.75,7416.6022352058535,0.0,7416.6022352058535,0.34973631249168063,0.0,0.34973631249168063
B,2020-03-31T00:00:00+0000,21246.164498406783,6000.0,4.5,7416.6022352058535,0.0,7416.6022352058535,0.34907958261181743,0.0,0.34907958261181743
B,2020-04-01T00:00:00+0000,21495.31150567267,6000.0,5.5,7416.6022352058535,0.0,7416.6022352058535,0.3450334847786966,0.0,0.3450334847786966
B,2020-04-02T00:00:00+0000,21755.168532759235,6000.0,2.0,7416.6022352058535,0.0,7416.6022352058535,0.34091219399370915,0.0,0.34091219399370915
B,2020-04-03T00:00:00+0000,21726.035793903,6000.0,1.5,7416.6022352058535,0.0,7416.6022352058535,0.3413693278222059,0.0,0.3413693278222059
B,2020-04-04T00:00:00+0000,21939.796628483018,6000.0,2.25,4858.0797522641315,0.0,4858.0797522641315,0.22142774769193627,0.0,0.22142774769193627
B,2020-04-05T00:00:00+0000,21827.019512546605,6000.0,2.25,4858.0797522641315,0.0,4858.0797522641315,0.222571833477842,0.0,0.222571833477842
B,2020-04-06T00:00:00+0000,23288.846477313913,6000.0,2.25,4858.0797522641315,0.0,4858.0797522641315,0.20860113260639487,0.0,0.20860113260639487
B,2020-04-07T00:00:00+0000,22959.500680770936,6000.0,2.25,4858.0797522641315,0.0,4858.0797522641315,0.21159344098161836,0.0,0.21159344098161836
B,2020-04-08T00:00:00+0000,23400.360784074364,6000.0,2.25,4858.0797522641315,0.0,4858.0797522641315,0.2076070449123334,0.0,0.2076070449123334
B,2020-04-09T00:00:00+0000,23222.83177234178,6000.0,2.25,4858.0797522641315,0.0,4858.0797522641315,0.2091941155104981,0.0,0.2091941155104981
B,2020-04-10T00:00:00+0000,22454.82985470518,6000.0,2.25,4858.0797522641315,0.0,4858.0797522641315,0.21634898966941715,0.0,0.21634898966941715
B,2020-04-11T00:00:00+0000,22500.647903510202,6000.0,2.25,4858.0797522641315,0.0,4858.0797522641315,0.21590843841906657,0.0,0.21590843841906657
B,2020-04-12T00:00:00+0000,22546.47294966013,6000.0,2.25,4858.0797522641315,0.0,4858.0797522641315,0.21546961083939134,0.0,0.21546961083939134
B,2020-04-13T00:00:00+0000,22421.644317586433,6000.0,2.25,4858.0797522641315,0.0,4858.0797522641315,0.21666920068184709,0.0,0.21666920068184709
B,2020-04-14T00:00:00+0000,22532.84914756318,6000.0,2.25,4858.0797522641315,0.0,4858.0797522641315,0.21559988798795598,0.0,0.21559988798795598
B,2020-04-15T00:00:00+0000,22123.62380722547,6000.0,2.25,4858.0797522641315,0.0,4858.0797522641315,0.2195878846338684,0.0,0.2195878846338684
B,2020-04-16T00:00:00+0000,23227.894524065712,6000.0,2.25,4858.0797522641315,0.0,4858.0797522641315,0.20914851956258124,0.0,0.20914851956258124
B,2020-04-17T00:00:00+0000,23116.90913575673,6000.0,2.25,4858.0797522641315,0.0,4858.0797522641315,0.21015265162546146,0.0,0.21015265162546146
B,2020-04-18T00:00:00+0000,23881.87364587978,6000.0,2.25,4858.0797522641315,0.0,4858.0797522641315,0.20342121494735702,0.0,0.20342121494735702
B,2020-04-19T00:00:00+0000,23496.84117920778,6000.0,2.25,3548.514634995975,0.0,3548.514634995975,0.1510209226819831,0.0,0.1510209226819831
B,2020-04-20T00:00:00+0000,22848.969337374438,6000.0,2.25,3548.514634995975,0.0,3548.514634995975,0.1553030503302226,0.0,0.1553030503302226
B,2020-04-21T00:00:00+0000,22895.435202424025,6000.0,2.25,3548.514634995975,0.0,3548.514634995975,0.15498786564320388,0.0,0.15498786564320388
B,2020-04-22T00:00:00+0000,23631.8674915613,6000.0,2.25,3548.514634995975,0.0,3548.514634995975,0.15015802861382468,0.0,0.15015802861382468
B,2020-04-23T00:00:00+0000,24127.909972699108,6000.0,2.25,3548.514634995975,0.0,3548.514634995975,0.14707094974289706,0.0,0.14707094974289706
B,2020-04-24T00:00:00+0000,24237.06111292028,6000.0,2.25,3548.514634995975,0.0,3548.514634995975,0.14640861853933002,0.0,0.14640861853933002
B,2020-04-25T00:00:00+0000,24517.16871576563,6000.0,2.25,3548.514634995975,0.0,3548.514634995975,0.1447359063411805,0.0,0.1447359063411805
B,2020-04-26T00:00:00+0000,24807.594069379273,6000.0,2.25,3548.514634995975,0.0,3548.514634995975,0.14304146645869253,0.0,0.14304146645869253
B,2020-04-27T00:00:00+0000,24871.752025625916,6000.0,2.25,3548.514634995975,0.0,3548.514634995975,0.14267248368107974,0.0,0.14267248368107974
B,2020-04-28T00:00:00+0000,24841.547117290276,6000.0,2.25,3548.514634995975,0.0,3548.514634995975,0.14284595956288604,0.0,0.14284595956288604
B,2020-04-29T00:00:00+0000,26654.77075183617,6000.0,2.25,3548.514634995975,0.0,3548.514634995975,0.13312868709446798,0.0,0.13312868709446798
B,2020-04-30T00:00:00+0000,26168.62708802674,6000.0,2.25,3548.514634995975,0.0,3548.514634995975,0.13560186489949913,0.0,0.13560186489949913
B,2020-05-01T00:00:00+0000,26614.429286469956,6000.0,2.25,3548.514634995975,0.0,3548.514634995975,0.13333048012417617,0.0,0.13333048012417617
B,2020-05-02T00:00:00+0000,26850.891187593457,6000.0,2.25,3548.514634995975,0.0,3548.514634995975,0.13215630759531655,0.0,0.13215630759531655
B,2020-05-03T00:00:00+0000,26636.22250222772,6000.0,2.25,3548.514634995975,0.0,3548.514634995975,0.13322139183584292,0.0,0.13322139183584292
B,2020-05-04T00:00:00+0000,26505.76897351506,6000.0,2.25,3548.514634995975,0.0,3548.514634995975,0.13387706799005533,0.0,0.13387706799005533
B,2020-05-05T00:00:00+0000,26640.506934623307,6000.0,2.25,3548.514634995975,0.0,3548.514634995975,0.13319996664118097,0.0,0.13319996664118097
B,2020-05-06T00:00:00+0000,26564.22502688681,6000.0,2.25,3548.514634995975,0.0,3548.514634995975,0.133582464062263,0.0,0.133582464062263
B,2020-05-07T00:00:00+0000,27959.805860199907,6000.0,8.25,3548.514634995975,0.0,3548.514634995975,0.12691485243991618,0.0,0.12691485243991618
B,2020-05-08T00:00:00+0000,27742.431145616472,6000.0,4.25,3548.514634995975,0.0,3548.514634995975,0.12790928871266818,0.0,0.12790928871266818
B,2020-05-09T00:00:00+0000,27416.728329931484,6000.0,4.5,3193.6631714963773,0.0,3193.6631714963773,0.11648593271465511,0.0,0.11648593271465511
B,2020-05-10T00:00:00+0000,25673.264379605927,6000.0,4.75,2838.8117079967797,0.0,2838.8117079967797,0.11057462993493912,0.0,0.11057462993493912
B,2020-05-11T00:00:00+0000,25428.01262798164,6000.0,1.25,2483.960244497182,0.0,2483.960244497182,0.09768597651881643,0.0,0.09768597651881643
B,2020-05-12T00:00:00+0000,25891.07844610509,6000.0,8.25,2129.1087809975843,0.0,2129.1087809975843,0.08223329844793992,0.0,0.08223329844793992
B,2020-05-13T00:00:00+0000,26892.531447310997,6000.0,5.0,1774.2573174979868,0.0,1774.2573174979868,0.0659758387184259,0.0,0.0659758387184259
B,2020-05-14T00:00:00+0000,27653.55446030825,6000.0,6.75,1419.4058539983896,0.0,1419.4058539983896,0.051328152264682424,0.0,0.051328152264682424
B,2020-05-15T00:00:00+0000,26722.42312340177,6000.0,3.5,1064.5543904987924,0.0,1064.5543904987924,0.03983749473551762,0.0,0.03983749473551762
B,2020-05-16T00:00:00+0000,27044.826394339038,6000.0,5.25,709.7029269991949,0.0,709.7029269991949,0.02624172611245707,0.0,0.02624172611245707
B,2020-05-17T00:00:00+0000,27721.92436756843,6000.0,2.0,354.85146349959746,0.0,354.85146349959746,0.0128003907230457,0.0,0.0128003907230457
B,2020-05-18T00:00:00+0000,28137.415279041707,6000.0,1.5,0.0,0.0,0.0,0.0,0.0,0.0
B,2020-05-19T00:00:00+0000,28191.88996684279,6000.0,1.5,0.0,0.0,0.0,0.0,0.0,0.0
B,2020-05-20T00:00:00+0000,27654.36684289454,6000.0,1.5,0.0,0.0,0.0,0.0,0.0,0.0
B,2020-05-21T00:00:00+0000,26596.723091580818,6000.0,1.5,0.0,0.0,0.0,0.0,0.0,0.0
B,2020-05-22T00:00:00+0000,27107.07770376165,6000.0,1.5,0.0,0.0,0.0,0.0,0.0,0.0
B,2020-05-23T00:00:00+0000,27099.550089982753,6000.0,1.5,0.0,0.0,0.0,0.0,0.0,0.0
B,2020-05-24T00:00:00+0000,26208.401547419337,6000.0,1.5,0.0,0.0,0.0,0.0,0.0,0.0
B,2020-05-25T00:00:00+0000,26642.68676194697,6000.0,1.5,0.0,0.0,0.0,0.0,0.0,0.0
B,2020-05-26T00:00:00+0000,26437.658579558694,6000.0,1.5,0.0,0.0,0.0,0.0,0.0,0.0
B,2020-05-27T00:00:00+0000,27253.287877684525,6000.0,1.5,0.0,0.0,0.0,0.0,0.0,0.0
B,2020-05-28T00:00:00+0000,28271.0472549376,6000.0,1.5,0.0,0.0,0.0,0.0,0.0,0.0
B,2020-05-29T00:00:00+0000,28099.577872108595,6000.0,1.5,0.0,0.0,0.0,0.0,0.0,0.0
B,2020-05-30T00:00:00+0000,29444.11503715375,6000.0,1.5,0.0,0.0,0.0,0.0,0.0,0.0
B,2020-05-31T00:00:00+0000,28608.987752339373,6000.0,1.5,0.0,0.0,0.0,0.0,0.0,0.0
B,2020-06-01T00:00:00+0000,30347.58684396804,6000.0,1.5,0.0,0.0,0.0,0.0,0.0,0.0
B,2020-06-02T00:00:00+0000,28985.117820396423,6000.0,1.5,0.0,0.0,0.0,0.0,0.0,0.0
B,2020-06-03T00:00:00+0000,29485.393645722725,6000.0,1.5,0.0,0.0,0.0,0.0,0.0,0.0
B,2020-06-04T00:00:00+0000,29610.74241364131,6000.0,1.5,0.0,0.0,0.0,0.0,0.0,0.0
B,2020-06-05T00:00:00+0000,29259.174156738318,6000.0,1.5,0.0,0.0,0.0,0.0,0.0,0.0
B,2020-06-06T00:00:00+0000,29413.16243748369,6000.0,1.5,0.0,0.0,0.0,0.0,0.0,0.0
B,2020-06-07T00:00:00+0000,29645.77129988021,6000.0,1.5,0.0,0.0,0.0,0.0,0.0,0.0
B,2020-06-08T00:00:00+0000,29783.07673977073,6000.0,1.5,0.0,0.0,0.0,0.0,0.0,0.0
B,2020-06-09T00:00:00+0000,29673.008524192046,6000.0,1.5,0.0,0.0,0.0,0.0,0.0,0.0
B,2020-06-10T00:00:00+0000,30006.867738485184,6000.0,1.5,0.0,0.0,0.0,0.0,0.0,0.0
B,2020-06-11T00:00:00+0000,28461.657659508073,6000.0,1.5,0.0,0.0,0.0,0.0,0.0,0.0
B,2020-06-12T00:00:00+0000,29023.490894068556,6000.0,1.5,0.0,0.0,0.0,0.0,0.0,0.0
B,2020-06-13T00:00:00+0000,29070.341139583084,6000.0,1.5,0.0,0.0,0.0,0.0,0.0,0.0
B,2020-06-14T00:00:00+0000,28635.210203052266,6000.0,1.5,0.0,0.0,0.0,0.0,0.0,0.0
B,2020-06-15T00:00:00+0000,28725.334374055958,6000.0,1.5,0.0,0.0,0.0,0.0,0.0,0.0
B,2020-06-16T00:00:00+0000,29061.24716573028,6000.0,1.5,0.0,0.0,0.0,0.0,0.0,0.0
B,2020-06-17T00:00:00+0000,28927.5197636375,6000.0,1.5,0.0,0.0,0.0,0.0,0.0,0.0
B,2020-06-18T00:00:00+0000,28723.28153009105,6000.0,1.5,0.0,0.0,0.0,0.0,0.0,0.0
B,2020-06-19T00:00:00+0000,28534.517115752606,6000.0,1.5,0.0,0.0,0.0,0.0,0.0,0.0
B,2020-06-20T00:00:00+0000,28609.669407218473,6000.0,1.5,0.0,0.0,0.0,0.0,0.0,0.0
B,2020-06-21T00:00:00+0000,28507.339307702492,6000.0,1.5,2578.7133303475534,0.0,2578.7133303475534,0.09045787481298903,0.0,0.09045787481298903
B,2020-06-22T00:00:00+0000,29564.936881148333,6000.0,1.5,2578.7133303475534,0.0,2578.7133303475534,0.08722201372233722,0.0,0.08722201372233722
B,2020-06-23T00:00:00+0000,29503.032603249936,6000.0,1.5,2578.7133303475534,0.0,2578.7133303475534,0.08740502595192512,0.0,0.08740502595192512
B,2020-06-24T00:00:00+0000,28791.043422083367,6000.0,1.5,2578.7133303475534,0.0,2578.7133303475534,0.08956651179823595,0.0,0.08956651179823595
B,2020-06-25T00:00:00+0000,28667.189874729895,6000.0,1.5,2578.7133303475534,0.0,2578.7133303475534,0.0899534743941082,0.0,0.0899534743941082
B,2020-06-26T00:00:00+0000,28464.540116120428,6000.0,1.5,2578.7133303475534,0.0,2578.7133303475534,0.09059388698456931,0.0,0.09059388698456931
B,2020-06-27T00:00:00+0000,27964.54561867075,6000.0,1.5,2578.7133303475534,0.0,2578.7133303475534,0.09221366817510009,0.0,0.09221366817510009
B,2020-06-28T00:00:00+0000,28254.98234877219,6000.0,1.5,2578.7133303475534,0.0,2578.7133303475534,0.09126579158735912,0.0,0.09126579158735912
B,2020-06-29T00:00:00+0000,28473.706746044907,6000.0,1.5,2578.7133303475534,0.0,2578.7133303475534,0.09056472180973577,0.0,0.09056472180973577
B,2020-06-30T00:00:00+0000,28331.477500592544,6000.0,1.5,2578.7133303475534,0.0,2578.7133303475534,0.09101937342638132,0.0,0.09101937342638132
B,2020-07-01T00:00:00+0000,28661.642111393692,6000.0,1.5,2578.7133303475534,0.0,2578.7133303475534,0.08997088583847933,0.0,0.08997088583847933
B,2020-07-02T00:00:00+0000,28323.612563078095,6000.0,1.5,2578.7133303475534,0.0,2578.7133303475534,0.09104464780418213,0.0,0.09104464780418213
B,2020-07-03T00:00:00+0000,28240.74978833005,6000.0,1.5,2578.7133303475534,0.0,2578.7133303475534,0.09131178703382577,0.0,0.09131178703382577
B,2020-07-04T00:00:00+0000,28510.132125540742,6000.0,1.5,2578.7133303475534,0.0,2578.7133303475534,0.09044901366968477,0.0,0.09044901366968477
B,2020-07-05T00:00:00+0000,28379.81837721768,6000.0,1.5,2578.7133303475534,0.0,2578.7133303475534,0.0908643352142681,0.0,0.0908643352142681
B,2020-07-06T00:00:00+0000,29261.01824825643,6000.0,1.5,2578.7133303475534,0.0,2578.7133303475534,0.08812794238632521,0.0,0.08812794238632521
B,2020-07-07T00:00:00+0000,29082.180286059738,6000.0,1.5,2578.7133303475534,0.0,2578.7133303475534,0.08866987636355568,0.0,0.08866987636355568
B,2020-07-08T00:00:00+0000,29600.707628513337,6000.0,1.5,2578.7133303475534,0.0,2578.7133303475534,0.087116610951002,0.0,0.087116610951002
B,2020-07-09T00:00:00+0000,29172.50015429615,6000.0,1.5,2578.7133303475534,0.0,2578.7133303475534,0.08839534893164766,0.0,0.08839534893164766
B,2020-07-10T00:00:00+0000,29226.97499971483,6000.0,1.5,2578.7133303475534,0.0,2578.7133303475534,0.08823059281272572,0.0,0.08823059281272572
B,2020-07-11T00:00:00+0000,29093.39044448831,6000.0,1.5,2578.7133303475534,0.0,2578.7133303475534,0.08863571041222822,0.0,0.08863571041222822
B,2020-07-12T00:00:00+0000,29326.680269097236,6000.0,1.5,2578.7133303475534,0.0,2578.7133303475534,0.08793062517426675,0.0,0.08793062517426675
B,2020-07-13T00:00:00+0000,29139.726554996963,6000.0,1.5,2578.7133303475534,0.0,2578.7133303475534,0.0884947676321056,0.0,0.0884947676321056
B,2020-07-14T00:00:00+0000,29203.675939462995,6000.0,1.5,2578.7133303475534,0.0,2578.7133303475534,0.08830098429023218,0.0,0.08830098429023218
B,2020-07-15T00:00:00+0000,29073.917696800036,6000.0,1.5,2578.7133303475534,0.0,2578.7133303475534,0.08869507567710334,0.0,0.08869507567710334
B,2020-07-16T00:00:00+0000,28816.134095153557,6000.0,1.5,2578.7133303475534,0.0,2578.7133303475534,0.08948852479074404,0.0,0.08948852479074404
B,2020-07-17T00:00:00+0000,28820.025547572437,6000.0,1.5,2578.7133303475534,0.0,2578.7133303475534,0.0894764415142846,0.0,0.0894764415142846
B,2020-07-18T00:00:00+0000,28965.062803089164,6000.0,1.5,2578.7133303475534,0.0,2578.7133303475534,0.08902840459481172,0.0,0.08902840459481172
B,2020-07-19T00:00:00+0000,29155.277484165537,6000.0,1.5,2578.7133303475534,0.0,2578.7133303475534,0.0884475660280741,0.0,0.0884475660280741
B,2020-07-20T00:00:00+0000,28989.905238449002,6000.0,1.5,2578.7133303475534,0.0,2578.7133303475534,0.08895211312824278,0.0,0.08895211312824278
B,2020-07-21T00:00:00+0000,29651.082849020033,6000.0,1.5,2578.7133303475534,0.0,2578.7133303475534,0.08696860561477875,0.0,0.08696860561477875
B,2020-07-22T00:00:00+0000,30508.38270253289,6000.0,1.5,2578.7133303475534,0.0,2578.7133303475534,0.0845247470339836,0.0,0.0845247470339836
B,2020-07-23T00:00:00+0000,31063.180839423087,6000.0,1.5,2578.7133303475534,0.0,2578.7133303475534,0.08301510858394906,0.0,0.08301510858394906
B,2020-07-24T00:00:00+0000,31137.629589981578,6000.0,1.5,2578.7133303475534,0.0,2578.7133303475534,0.08281662298331294,0.0,0.08281662298331294
B,2020-07-25T00:00:00+0000,32338.670074743804,6000.0,1.5,2578.7133303475534,0.0,2578.7133303475534,0.07974085898979204,0.0,0.07974085898979204
B,2020-07-26T00:00:00+0000,32859.13197218029,6000.0,1.5,2578.7133303475534,0.0,2578.7133303475534,0.07847782870621123,0.0,0.07847782870621123
B,2020-07-27T00:00:00+0000,34672.921372345445,6000.0,1.5,2578.7133303475534,0.0,2578.7133303475534,0.07437254284561938,0.0,0.07437254284561938
B,2020-07-28T00:00:00+0000,34333.87568963034,6000.0,1.5,2578.7133303475534,0.0,2578.7133303475534,0.0751069688041769,0.0,0.0751069688041769
B,2020-07-29T00:00:00+0000,34627.41536787249,6000.0,1.5,2578.7133303475534,0.0,2578.7133303475534,0.07447028035306666,0.0,0.07447028035306666
B,2020-07-30T00:00:00+0000,35284.79091655392,6000.0,1.5,2578.7133303475534,0.0,2578.7133303475534,0.07308285704302547,0.0,0.07308285704302547
B,2020-07-31T00:00:00+0000,36027.99950228686,6000.0,1.5,2578.7133303475534,0.0,2578.7133303475534,0.07157525718806204,0.0,0.07157525718806204
B,2020-08-01T00:00:00+0000,38163.88985875725,6000.0,1.5,2578.7133303475534,0.0,2578.7133303475534,0.06756945740833153,0.0,0.06756945740833153
B,2020-08-02T00:00:00+0000,36698.49578011418,6000.0,1.5,2578.7133303475534,0.0,2578.7133303475534,0.07026754845207801,0.0,0.07026754845207801
B,2020-08-03T00:00:00+0000,37408.65454906209,6000.0,1.5,2578.7133303475534,0.0,2578.7133303475534,0.06893360270323347,0.0,0.06893360270323347
B,2020-08-04T00:00:00+0000,37523.376195234014,6000.0,1.5,2578.7133303475534,0.0,2578.7133303475534,0.06872284937609334,0.0,0.06872284937609334
B,2020-08-05T00:00:00+0000,38658.98003649576,6000.0,1.5,2578.7133303475534,0.0,2578.7133303475534,0.06670412224826251,0.0,0.06670412224826251
B,2020-08-06T00:00:00+0000,38469.20776300586,6000.0,1.5,2578.7133303475534,0.0,2578.7133303475534,0.06703318004971727,0.0,0.06703318004971727
B,2020-08-07T00:00:00+0000,37685.07287613331,6000.0,1.5,2578.7133303475534,0.0,2578.7133303475534,0.06842797780499194,0.0,0.06842797780499194
B,2020-08-08T00:00:00+0000,38577.222142930856,6000.0,1.5,2578.7133303475534,0.0,2578.7133303475534,0.06684549034643475,0.0,0.06684549034643475
B,2020-08-09T00:00:00+0000,38227.69600312724,6000.0,1.5,2578.7133303475534,0.0,2578.7133303475534,0.06745667670205917,0.0,0.06745667670205917
B,2020-08-10T00:00:00+0000,38709.656888027595,6000.0,1.5,2578.7133303475534,0.0,2578.7133303475534,0.06661679636703566,0.0,0.06661679636703566
B,2020-08-11T00:00:00+0000,37460.657878312704,6000.0,1.5,2578.7133303475534,0.0,2578.7133303475534,0.06883790825895937,0.0,0.06883790825895937
B,2020-08-12T00:00:00+0000,38001.656331206046,6000.0,1.5,2578.7133303475534,0.0,2578.7133303475534,0.06785791934626745,0.0,0.06785791934626745
B,2020-08-13T00:00:00+0000,39698.078760601675,6000.0,1.5,2578.7133303475534,0.0,2578.7133303475534,0.06495813930690256,0.0,0.06495813930690256
B,2020-08-14T00:00:00+0000,40196.32228721826,6000.0,1.5,2578.7133303475534,0.0,2578.7133303475534,0.06415296682919522,0.0,0.06415296682919522
B,2020-08-15T00:00:00+0000,40108.18953647961,6000.0,1.5,2578.7133303475534,0.0,2578.7133303475534,0.0642939349830821,0.0,0.0642939349830821
B,2020-08-16T00:00:00+0000,40244.57381834879,6000.0,1.5,2578.7133303475534,0.0,2578.7133303475534,0.06407605015242665,0.0,0.06407605015242665
B,2020-08-17T00:00:00+0000,40630.24304278672,6000.0,1.5,2578.7133303475534,0.0,2578.7133303475534,0.06346782931207114,0.0,0.06346782931207114
B,2020-08-18T00:00:00+0000,39872.36237790618,6000.0,1.5,2578.7133303475534,0.0,2578.7133303475534,0.06467420480148058,0.0,0.06467420480148058
B,2020-08-19T00:00:00+0000,39093.04119440117,6000.0,1.5,2578.7133303475534,0.0,2578.7133303475534,0.0659634874023787,0.0,0.0659634874023787
B,2020-08-20T00:00:00+0000,39552.227773176775,6000.0,1.5,2578.7133303475534,0.0,2578.7133303475534,0.06519767597253688,0.0,0.06519767597253688
B,2020-08-21T00:00:00+0000,38094.299058702476,6000.0,1.5,2578.7133303475534,0.0,2578.7133303475534,0.06769289353175427,0.0,0.06769289353175427
B,2020-08-22T00:00:00+0000,38550.295360435164,6000.0,1.5,2578.7133303475534,0.0,2578.7133303475534,0.06689218088311022,0.0,0.06689218088311022
B,2020-08-23T00:00:00+0000,38372.43756769464,6000.0,1.5,2578.7133303475534,0.0,2578.7133303475534,0.06720222883412927,0.0,0.06720222883412927
B,2020-08-24T00:00:00+0000,39153.22981676287,6000.0,1.5,2578.7133303475534,0.0,2578.7133303475534,0.06586208449254206,0.0,0.06586208449254206
B,2020-08-25T00:00:00+0000,37676.08531668639,6000.0,1.5,2578.7133303475534,0.0,2578.7133303475534,0.06844430117068094,0.0,0.06844430117068094
B,2020-08-26T00:00:00+0000,37981.97909767085,6000.0,1.5,2578.7133303475534,0.0,2578.7133303475534,0.06789307433707915,0.0,0.06789307433707915
B,2020-08-27T00:00:00+0000,37728.28848025373,6000.0,1.5,2578.7133303475534,0.0,2578.7133303475534,0.06834959745648687,0.0,0.06834959745648687
B,2020-08-28T00:00:00+0000,38441.55180372365,6000.0,1.5,2578.7133303475534,0.0,2578.7133303475534,0.06708140564964825,0.0,0.06708140564964825
B,2020-08-29T00:00:00+0000,38507.47847694044,6000.0,1.5,2578.7133303475534,0.0,2578.7133303475534,0.06696655902545716,0.0,0.06696655902545716
B,2020-08-30T00:00:00+0000,39979.677591603235,6000.0,1.5,2578.7133303475534,0.0,2578.7133303475534,0.06450060344881696,0.0,0.06450060344881696
B,2020-08-31T00:00:00+0000,40094.130372709915,6000.0,1.5,2578.7133303475534,0.0,2578.7133303475534,0.06431647990307218,0.0,0.06431647990307218
B,2020-09-01T00:00:00+0000,42028.532097555755,6000.0,1.5,2578.7133303475534,0.0,2578.7133303475534,0.06135625494513817,0.0,0.06135625494513817
B,2020-09-02T00:00:00+0000,39992.62024101249,6000.0,1.5,2578.7133303475534,0.0,2578.7133303475534,0.06447972938024898,0.0,0.06447972938024898
B,2020-09-03T00:00:00+0000,36187.34964964994,6000.0,1.5,2578.7133303475534,0.0,2578.7133303475534,0.071260077217965,0.0,0.071260077217965
B,2020-09-04T00:00:00+0000,36743.45342096262,6000.0,1.5,2578.7133303475534,0.0,2578.7133303475534,0.07018157223284743,0.0,0.07018157223284743
B,2020-09-05T00:00:00+0000,34653.90675275263,6000.0,1.5,5019.488480748526,0.0,5019.488480748526,0.1448462511474213,0.0,0.1448462511474213
B,2020-09-06T00:00:00+0000,35397.763930593195,6000.0,1.5,5019.488480748526,0.0,5019.488480748526,0.14180241697160811,0.0,0.14180241697160811
B,2020-09-07T00:00:00+0000,35574.22927111973,6000.0,1.5,5019.488480748526,0.0,5019.488480748526,0.1410990085686411,0.0,0.1410990085686411
B,2020-09-08T00:00:00+0000,34727.20497109121,6000.0,1.5,5019.488480748526,0.0,5019.488480748526,0.1445405262222231,0.0,0.1445405262222231
B,2020-09-09T00:00:00+0000,35322.0640366365,6000.0,1.5,5019.488480748526,0.0,5019.488480748526,0.14210631846265406,0.0,0.14210631846265406
B,2020-09-10T00:00:00+0000,36074.1851983123,6000.0,1.5,5019.488480748526,0.0,5019.488480748526,0.13914350256713098,0.0,0.13914350256713098
B,2020-09-11T00:00:00+0000,36347.019478025315,6000.0,1.5,5019.488480748526,0.0,5019.488480748526,0.13809903955902653,0.0,0.13809903955902653
B,2020-09-12T00:00:00+0000,36920.435284501895,6000.0,1.5,5019.488480748526,0.0,5019.488480748526,0.13595420644608594,0.0,0.13595420644608594
B,2020-09-13T00:00:00+0000,36051.98240212227,6000.0,1.5,5019.488480748526,0.0,5019.488480748526,0.13922919479881485,0.0,0.13922919479881485
B,2020-09-14T00:00:00+0000,36838.63012431721,6000.0,1.5,5019.488480748526,0.0,5019.488480748526,0.13625611114771494,0.0,0.13625611114771494
B,2020-09-15T00:00:00+0000,36522.75699112191,6000.0,1.5,5019.488480748526,0.0,5019.488480748526,0.13743454476803824,0.0,0.13743454476803824
B,2020-09-16T00:00:00+0000,36769.70772678694,6000.0,1.5,5019.488480748526,0.0,5019.488480748526,0.1365115142618281,0.0,0.1365115142618281
B,2020-09-17T00:00:00+0000,37621.169454948205,6000.0,1.5,5019.488480748526,0.0,5019.488480748526,0.13342191520014876,0.0,0.13342191520014876
B,2020-09-18T00:00:00+0000,37450.00509328975,6000.0,1.5,5019.488480748526,0.0,5019.488480748526,0.13403171690483728,0.0,0.13403171690483728
B,2020-09-19T00:00:00+0000,37665.69112871023,6000.0,1.5,5019.488480748526,0.0,5019.488480748526,0.13326420756746662,0.0,0.13326420756746662
B,2020-09-20T00:00:00+0000,36987.30409086159,6000.0,1.5,5019.488480748526,0.0,5019.488480748526,0.13570841682372534,0.0,0.13570841682372534
B,2020-09-21T00:00:00+0000,35323.22780282069,6000.0,1.5,5019.488480748526,0.0,5019.488480748526,0.142101636599238,0.0,0.142101636599238
B,2020-09-22T00:00:00+0000,35603.79441975347,6000.0,1.5,5019.488480748526,0.0,5019.488480748526,0.14098184091198004,0.0,0.14098184091198004
B,2020-09-23T00:00:00+0000,34446.30039217201,6000.0,1.5,5019.488480748526,0.0,5019.488480748526,0.14571923322973793,0.0,0.14571923322973793
B,2020-09-24T00:00:00+0000,36040.566919261335,6000.0,1.5,5019.488480748526,0.0,5019.488480748526,0.13927329422961812,0.0,0.13927329422961812
B,2020-09-25T00:00:00+0000,36097.90669959765,6000.0,1.5,5019.488480748526,0.0,5019.488480748526,0.13905206533221146,0.0,0.13905206533221146
B,2020-09-26T00:00:00+0000,36230.153358899035,6000.0,1.5,5019.488480748526,0.0,5019.488480748526,0.13854449996457477,0.0,0.13854449996457477
B,2020-09-27T00:00:00+0000,36422.33237166098,6000.0,1.5,5019.488480748526,0.0,5019.488480748526,0.13781348293482779,0.0,0.13781348293482779
B,2020-09-28T00:00:00+0000,36216.83917436612,6000.0,1.5,5019.488480748526,0.0,5019.488480748526,0.1385954322679066,0.0,0.1385954322679066
B,2020-09-29T00:00:00+0000,36606.154338682194,6000.0,1.5,5019.488480748526,0.0,5019.488480748526,0.13712143685752776,0.0,0.13712143685752776
B,2020-09-30T00:00:00+0000,36543.67821646071,6000.0,1.5,5019.488480748526,0.0,5019.488480748526,0.13735586360563867,0.0,0.13735586360563867
B,2020-10-01T00:00:00+0000,36121.83530325077,6000.0,1.5,5019.488480748526,0.0,5019.488480748526,0.1389599514700406,0.0,0.1389599514700406
B,2020-10-02T00:00:00+0000,35819.971275416894,6000.0,1.5,5019.488480748526,0.0,5019.488480748526,0.14013100239958542,0.0,0.14013100239958542
B,2020-10-03T00:00:00+0000,35810.50716200417,6000.0,1.5,5019.488480748526,0.0,5019.488480748526,0.14016803666143904,0.0,0.14016803666143904
B,2020-10-04T00:00:00+0000,36197.75110844851,6000.0,1.5,5019.488480748526,0.0,5019.488480748526,0.13866851743662562,0.0,0.13866851743662562
B,2020-10-05T00:00:00+0000,36403.93481048121,6000.0,1.5,5019.488480748526,0.0,5019.488480748526,0.13788313013084905,0.0,0.13788313013084905
B,2020-10-06T00:00:00+0000,35731.43485460013,6000.0,1.5,5019.488480748526,0.0,5019.488480748526,0.14047822319965717,0.0,0.14047822319965717
B,2020-10-07T00:00:00+0000,35852.59757389097,6000.0,1.5,5019.488480748526,0.0,5019.488480748526,0.14000348148843422,0.0,0.14000348148843422
B,2020-10-08T00:00:00+0000,36505.937552482406,6000.0,1.5,5019.488480748526,0.0,5019.488480748526,0.13749786520431936,0.0,0.13749786520431936
B,2020-10-09T00:00:00+0000,37164.553407683234,6000.0,1.5,5019.488480748526,0.0,5019.488480748526,0.13506118116599833,0.0,0.13506118116599833
B,2020-10-10T00:00:00+0000,37661.66482024403,6000.0,1.5,5019.488480748526,0.0,5019.488480748526,0.13327845448962822,0.0,0.13327845448962822
B,2020-10-11T00:00:00+0000,37893.18478040153,6000.0,1.5,5019.488480748526,0.0,5019.488480748526,0.13246414915604088,0.0,0.13246414915604088
B,2020-10-12T00:00:00+0000,38532.53059626326,6000.0,1.5,5019.488480748526,0.0,5019.488480748526,0.1302662556306462,0.0,0.1302662556306462
B,2020-10-13T00:00:00+0000,38221.8879486257,6000.0,1.5,5019.488480748526,0.0,5019.488480748526,0.13132497503773896,0.0,0.13132497503773896
B,2020-10-14T00:00:00+0000,38147.75366753831,6000.0,1.5,5019.488480748526,0.0,5019.488480748526,0.1315801848909348,0.0,0.1315801848909348
B,2020-10-15T00:00:00+0000,38227.85571829332,6000.0,1.5,5019.488480748526,0.0,5019.488480748526,0.1313044738302319,0.0,0.1313044738302319
B,2020-10-16T00:00:00+0000,37587.24954095813,6000.0,1.5,5019.488480748526,0.0,5019.488480748526,0.13354231932503818,0.0,0.13354231932503818
B,2020-10-17T00:00:00+0000,37748.135481645324,6000.0,1.5,5019.488480748526,0.0,5019.488480748526,0.1329731499768831,0.0,0.1329731499768831
B,2020-10-18T00:00:00+0000,38278.44035904964,6000.0,1.5,5019.488480748526,0.0,5019.488480748526,0.13113095605949468,0.0,0.13113095605949468
B,2020-10-19T00:00:00+0000,38632.941621870516,6000.0,1.5,5019.488480748526,0.0,5019.488480748526,0.12992768010984027,0.0,0.12992768010984027
B,2020-10-20T00:00:00+0000,38456.41593934067,6000.0,1.5,5019.488480748526,0.0,5019.488480748526,0.13052408442497682,0.0,0.13052408442497682
B,2020-10-21T00:00:00+0000,40295.42962588609,6000.0,1.5,5019.488480748526,0.0,5019.488480748526,0.12456719105245544,0.0,0.12456719105245544
B,2020-10-22T00:00:00+0000,41367.82614491589,6000.0,1.5,5019.488480748526,0.0,5019.488480748526,0.12133798046734978,0.0,0.12133798046734978
B,2020-10-23T00:00:00+0000,41152.79565338143,6000.0,1.5,5019.488480748526,0.0,5019.488480748526,0.1219719924504348,0.0,0.1219719924504348
B,2020-10-24T00:00:00+0000,41500.89266952237,6000.0,1.5,5019.488480748526,0.0,5019.488480748526,0.12094892803196888,0.0,0.12094892803196888
B,2020-10-25T00:00:00+0000,41190.47724930984,6000.0,1.5,5019.488480748526,0.0,5019.488480748526,0.12186041085097232,0.0,0.12186041085097232
B,2020-10-26T00:00:00+0000,40760.06513158151,6000.0,1.5,5019.488480748526,0.0,5019.488480748526,0.12314721442531137,0.0,0.12314721442531137
B,2020-10-27T00:00:00+0000,41868.76723576124,6000.0,1.5,5019.488480748526,0.0,5019.488480748526,0.11988622575114287,0.0,0.11988622575114287
B,2020-10-28T00:00:00+0000,40893.07499848033,6000.0,1.5,5019.488480748526,0.0,5019.488480748526,0.12274666263016562,0.0,0.12274666263016562
B,2020-10-29T00:00:00+0000,41097.087187697885,6000.0,1.5,5019.488480748526,0.0,5019.488480748526,0.12213732953441706,0.0,0.12213732953441706
B,2020-10-30T00:00:00+0000,41072.80745177302,6000.0,1.5,5019.488480748526,0.0,5019.488480748526,0.12220952966612576,0.0,0.12220952966612576
B,2020-10-31T00:00:00+0000,41506.85300814757,6000.0,1.5,5019.488480748526,0.0,5019.488480748526,0.12093155989839142,0.0,0.12093155989839142
B,2020-11-01T00:00:00+0000,41843.1340252639,6000.0,1.5,5019.488480748526,0.0,5019.488480748526,0.11995966835844268,0.0,0.11995966835844268
B,2020-11-02T00:00:00+0000,41113.953933258716,6000.0,1.5,5019.488480748526,0.0,5019.488480748526,0.12208722344965371,0.0,0.12208722344965371
B,2020-11-03T00:00:00+0000,41877.87888875086,6000.0,1.5,5019.488480748526,0.0,5019.488480748526,0.11986014129518983,0.0,0.11986014129518983
B,2020-11-04T00:00:00+0000,42553.25868043536,6000.0,1.5,5019.488480748526,0.0,5019.488480748526,0.11795779304338747,0.0,0.11795779304338747
B,2020-11-05T00:00:00+0000,44838.44298464544,6000.0,1.5,5019.488480748526,0.0,5019.488480748526,0.1119460923847737,0.0,0.1119460923847737
B,2020-11-06T00:00:00+0000,46222.3022165235,6000.0,1.5,5019.488480748526,0.0,5019.488480748526,0.10859451476984555,0.0,0.10859451476984555
B,2020-11-07T00:00:00+0000,44569.32047992476,6000.0,1.5,5019.488480748526,0.0,5019.488480748526,0.11262205541162425,0.0,0.11262205541162425
B,2020-11-08T00:00:00+0000,46061.494287778296,6000.0,1.5,5019.488480748526,0.0,5019.488480748526,0.10897363531865203,0.0,0.10897363531865203
B,2020-11-09T00:00:00+0000,45541.071555753086,6000.0,1.5,5019.488480748526,0.0,5019.488480748526,0.1102189366493821,0.0,0.1102189366493821
B,2020-11-10T00:00:00+0000,45727.19306655974,6000.0,1.5,5019.488480748526,0.0,5019.488480748526,0.10977031705056206,0.0,0.10977031705056206
B,2020-11-11T00:00:00+0000,46665.19243568202,6000.0,1.5,5019.488480748526,0.0,5019.488480748526,0.10756386545853887,0.0,0.10756386545853887
B,2020-11-12T00:00:00+0000,47400.39568800049,6000.0,1.5,5019.488480748526,0.0,5019.488480748526,0.10589549745086242,0.0,0.10589549745086242
B,2020-11-13T00:00:00+0000,47943.464445977814,6000.0,1.5,5019.488480748526,0.0,5019.488480748526,0.10469599013655828,0.0,0.10469599013655828
B,2020-11-14T00:00:00+0000,47098.72414635536,6000.0,1.5,5019.488480748526,0.0,5019.488480748526,0.10657376758552703,0.0,0.10657376758552703
B,2020-11-15T00:00:00+0000,46518.73657783508,6000.0,1.5,5019.488480748526,0.0,5019.488480748526,0.10790251090224529,0.0,0.10790251090224529
B,2020-11-16T00:00:00+0000,47904.22234355853,6000.0,1.5,5019.488480748526,0.0,5019.488480748526,0.10478175482632533,0.0,0.10478175482632533
B,2020-11-17T00:00:00+0000,49846.22592914849,6000.0,1.5,5019.488480748526,0.0,5019.488480748526,0.10069946896046324,0.0,0.10069946896046324
B,2020-11-18T00:00:00+0000,49870.3139266041,6000.0,1.5,5019.488480748526,0.0,5019.488480748526,0.10065082983307232,0.0,0.10065082983307232
B,2020-11-19T00:00:00+0000,49662.57661724053,6000.0,1.5,5019.488480748526,0.0,5019.488480748526,0.10107184972368095,0.0,0.10107184972368095
B,2020-11-20T00:00:00+0000,52100.96656510751,6000.0,1.5,5019.488480748526,0.0,5019.488480748526,0.09634156161912978,0.0,0.09634156161912978
B,2020-11-21T00:00:00+0000,53662.99666878241,6000.0,1.5,5019.488480748526,0.0,5019.488480748526,0.09353723780521808,0.0,0.09353723780521808
B,2020-11-22T00:00:00+0000,53587.852905081505,6000.0,1.5,5019.488480748526,0.0,5019.488480748526,0.0936684007407311,0.0,0.0936684007407311
B,2020-11-23T00:00:00+0000,55255.85100651178,6000.0,1.5,5019.488480748526,0.0,5019.488480748526,0.09084085014195131,0.0,0.09084085014195131
B,2020-11-24T00:00:00+0000,56121.85806099504,6000.0,1.5,5019.488480748526,0.0,5019.488480748526,0.08943910009702788,0.0,0.08943910009702788
B,2020-11-25T00:00:00+0000,54335.28154990469,6000.0,1.5,5019.488480748526,0.0,5019.488480748526,0.09237991112898412,0.0,0.09237991112898412
B,2020-11-26T00:00:00+0000,50647.704693094835,6000.0,1.5,5019.488480748526,0.0,5019.488480748526,0.09910594194079773,0.0,0.09910594194079773
B,2020-11-27T00:00:00+0000,50606.8869447519,6000.0,1.5,5019.488480748526,0.0,5019.488480748526,0.09918587733381737,0.0,0.09918587733381737
B,2020-11-28T00:00:00+0000,52004.53523968206,6000.0,1.5,5019.488480748526,0.0,5019.488480748526,0.09652020650918933,0.0,0.09652020650918933
B,2020-11-29T00:00:00+0000,53963.223499849155,6000.0,1.5,5019.488480748526,0.0,5019.488480748526,0.09301683915829374,0.0,0.09301683915829374
B,2020-11-30T00:00:00+0000,57278.0340850398,6000.0,1.5,5019.488480748526,0.0,5019.488480748526,0.08763374233997225,0.0,0.08763374233997225
B,2020-12-01T00:00:00+0000,55023.83065602392,6000.0,1.5,5019.488480748526,0.0,5019.488480748526,0.09122390100622703,0.0,0.09122390100622703
B,2020-12-02T00:00:00+0000,55992.68705686221,6000.0,1.5,5019.488480748526,0.0,5019.488480748526,0.08964542951209126,0.0,0.08964542951209126
B,2020-12-03T00:00:00+0000,56945.049162129864,6000.0,1.5,5019.488480748526,0.0,5019.488480748526,0.08814617872147933,0.0,0.08814617872147933
B,2020-12-04T00:00:00+0000,54280.367690398925,6000.0,1.5,5019.488480748526,0.0,5019.488480748526,0.09247336918162347,0.0,0.09247336918162347
B,2020-12-05T00:00:00+0000,55955.18899085843,6000.0,1.5,5019.488480748526,0.0,5019.488480748526,0.08970550490980515,0.0,0.08970550490980515
B,2020-12-06T00:00:00+0000,56398.54331436444,6000.0,1.5,5019.488480748526,0.0,5019.488480748526,0.08900032138720303,0.0,0.08900032138720303
B,2020-12-07T00:00:00+0000,55808.3021711586,6000.0,1.5,5019.488480748526,0.0,5019.488480748526,0.08994160878347895,0.0,0.08994160878347895
B,2020-12-08T00:00:00+0000,53485.55494700437,6000.0,1.5,5019.488480748526,0.0,5019.488480748526,0.09384755352584517,0.0,0.09384755352584517
B,2020-12-09T00:00:00+0000,54409.577224059234,6000.0,1.5,5019.488480748526,0.0,5019.488480748526,0.09225376738507299,0.0,0.09225376738507299
B,2020-12-10T00:00:00+0000,53565.74904165185,6000.0,1.5,5019.488480748526,0.0,5019.488480748526,0.09370705293125751,0.0,0.09370705293125751
B,2020-12-11T00:00:00+0000,52791.34568594202,6000.0,1.5,5019.488480748526,0.0,5019.488480748526,0.09508165430390197,0.0,0.09508165430390197
B,2020-12-12T00:00:00+0000,54602.370030320526,6000.0,1.5,5019.488480748526,0.0,5019.488480748526,0.0919280331231267,0.0,0.0919280331231267
B,2020-12-13T00:00:00+0000,55872.39960059741,6000.0,1.5,5019.488480748526,0.0,5019.488480748526,0.0898384267837112,0.0,0.0898384267837112
B,2020-12-14T00:00:00+0000,55851.66077315408,6000.0,1.5,5019.488480748526,0.0,5019.488480748526,0.08987178557027291,0.0,0.08987178557027291
B,2020-12-15T00:00:00+0000,56138.605655813866,6000.0,1.5,5019.488480748526,0.0,5019.488480748526,0.08941241810534163,0.0,0.08941241810534163
B,2020-12-16T00:00:00+0000,60256.68640589568,6000.0,1.5,5019.488480748526,0.0,5019.488480748526,0.08330176749077602,0.0,0.08330176749077602
B,2020-12-17T00:00:00+0000,62295.89207539946,6000.0,1.5,5019.488480748526,0.0,5019.488480748526,0.08057495146988533,0.0,0.08057495146988533
B,2020-12-18T00:00:00+0000,63090.58845814171,6000.0,1.5,5019.488480748526,0.0,5019.488480748526,0.07956002001913126,0.0,0.07956002001913126
B,2020-12-19T00:00:00+0000,64146.47360929494,6000.0,1.5,5019.488480748526,0.0,5019.488480748526,0.0782504196773366,0.0,0.0782504196773366
B,2020-12-20T00:00:00+0000,62998.182497085094,6000.0,1.5,5019.488480748526,0.0,5019.488480748526,0.07967671894313422,0.0,0.07967671894313422
B,2020-12-21T00:00:00+0000,61005.85791093569,6000.0,1.5,5019.488480748526,0.0,5019.488480748526,0.08227879506385485,0.0,0.08227879506385485
B,2020-12-22T00:00:00+0000,63407.822843390204,6000.0,1.5,5019.488480748526,0.0,5019.488480748526,0.07916197490562113,0.0,0.07916197490562113
B,2020-12-23T00:00:00+0000,60897.069003462646,6000.0,1.5,5019.488480748526,0.0,5019.488480748526,0.08242578112360571,0.0,0.08242578112360571
B,2020-12-24T00:00:00+0000,62477.44424507231,6000.0,8.5,5019.488480748526,0.0,5019.488480748526,0.08034081005393272,0.0,0.08034081005393272
B,2020-12-25T00:00:00+0000,64238.241558084475,6000.0,8.5,5019.488480748526,0.0,5019.488480748526,0.07813863454232141,0.0,0.07813863454232141
B,2020-12-26T00:00:00+0000,66866.06651024659,6000.0,3.5,5019.488480748526,0.0,5019.488480748526,0.07506779959875967,0.0,0.07506779959875967
B,2020-12-27T00:00:00+0000,68294.48132635419,6000.0,0.0,5019.488480748526,0.0,5019.488480748526,0.07349771728644132,0.0,0.07349771728644132
B,2020-12-28T00:00:00+0000,70910.29480933739,6000.0,0.0,5019.488480748526,0.0,5019.488480748526,0.07078645624369292,0.0,0.07078645624369292
B,2020-12-29T00:00:00+0000,71363.54404158842,6000.0,0.0,5019.488480748526,0.0,5019.488480748526,0.07033687225263541,0.0,0.07033687225263541
B,2020-12-30T00:00:00+0000,73965.47264298923,6000.0,0.0,5019.488480748526,0.0,5019.488480748526,0.067862589143129,0.0,0.067862589143129
B,2020-12-31T00:00:00+0000,73481.85669657597,6000.0,0.0,5019.488480748526,0.0,5019.488480748526,0.06830922225434757,0.0,0.06830922225434757
B,2021-01-01T00:00:00+0000,73743.07058800248,6000.0,6.0,5019.488480748526,0.0,5019.488480748526,0.06806725622793858,0.0,0.06806725622793858
B,2021-01-02T00:00:00+0000,78956.68524702,6000.0,2.75,5019.488480748526,0.0,5019.488480748526,0.06357268501134263,0.0,0.06357268501134263
B,2021-01-03T00:00:00+0000,87199.80586428475,6000.0,4.5,5019.488480748526,0.0,5019.488480748526,0.05756306944720396,0.0,0.05756306944720396
B,2021-01-04T00:00:00+0000,88166.55113649546,6000.0,4.5,5019.488480748526,0.0,5019.488480748526,0.056931891018143395,0.0,0.056931891018143395
B,2021-01-05T00:00:00+0000,92706.25888290716,6000.0,4.5,5019.488480748526,0.0,5019.488480748526,0.05414400862716725,0.0,0.05414400862716725
B,2021-01-06T00:00:00+0000,100122.59955337498,6000.0,4.5,5019.488480748526,0.0,5019.488480748526,0.05013342145668776,0.0,0.05013342145668776
B,2021-01-07T00:00:00+0000,104077.81449610178,6000.0,4.5,5019.488480748526,0.0,5019.488480748526,0.0482282271687837,0.0,0.0482282271687837
B,2021-01-08T00:00:00+0000,105262.48934093735,6000.0,4.5,5019.488480748526,0.0,5019.488480748526,0.04768544342981266,0.0,0.04768544342981266
B,2021-01-09T00:00:00+0000,106736.02471510386,6000.0,4.5,5019.488480748526,0.0,5019.488480748526,0.0470271259787534,0.0,0.0470271259787534
B,2021-01-10T00:00:00+0000,103530.89149818732,6000.0,4.5,5019.488480748526,0.0,5019.488480748526,0.048483002590935964,0.0,0.048483002590935964
B,2021-01-11T00:00:00+0000,94167.52768617761,6000.0,4.5,5019.488480748526,0.0,5019.488480748526,0.053303815063261054,0.0,0.053303815063261054
B,2021-01-12T00:00:00+0000,91167.01427504442,6000.0,4.5,5019.488480748526,0.0,5019.488480748526,0.05505816462964428,0.0,0.05505816462964428
B,2021-01-13T00:00:00+0000,98193.42074541652,6000.0,4.5,5019.488480748526,0.0,5019.488480748526,0.051118378834794045,0.0,0.051118378834794045
B,2021-01-14T00:00:00+0000,104040.84969976833,6000.0,4.5,5019.488480748526,0.0,5019.488480748526,0.04824536223255877,0.0,0.04824536223255877
B,2021-01-15T00:00:00+0000,98785.68722726665,6000.0,4.5,5019.488480748526,0.0,5019.488480748526,0.050811900201703064,0.0,0.050811900201703064
B,2021-01-16T00:00:00+0000,99946.39785976318,6000.0,4.5,5019.488480748526,0.0,5019.488480748526,0.05022180476970738,0.0,0.05022180476970738
B,2021-01-17T00:00:00+0000,99911.20098944995,6000.0,4.5,5019.488480748526,0.0,5019.488480748526,0.05023949698371212,0.0,0.05023949698371212
B,2021-01-18T00:00:00+0000,101857.83074633067,6000.0,4.5,5019.488480748526,0.0,5019.488480748526,0.04927935774765504,0.0,0.04927935774765504
B,2021-01-19T00:00:00+0000,104708.64075068937,6000.0,4.5,5019.488480748526,0.0,5019.488480748526,0.047937672046568694,0.0,0.047937672046568694
B,2021-01-20T00:00:00+0000,104595.26433649915,6000.0,4.5,5019.488480748526,0.0,5019.488480748526,0.0479896342591578,0.0,0.0479896342591578
B,2021-01-21T00:00:00+0000,89359.40461613087,6000.0,4.5,5019.488480748526,0.0,5019.488480748526,0.05617191052593948,0.0,0.05617191052593948
B,2021-01-22T00:00:00+0000,96323.68225787522,6000.0,4.5,5019.488480748526,0.0,5019.488480748526,0.05211063741635711,0.0,0.05211063741635711
B,2021-01-23T00:00:00+0000,95270.73899555142,6000.0,4.5,5019.488480748526,0.0,5019.488480748526,0.0526865702278525,0.0,0.0526865702278525
B,2021-01-24T00:00:00+0000,101125.93744758738,6000.0,4.5,5019.488480748526,0.0,5019.488480748526,0.04963601433460214,0.0,0.04963601433460214
B,2021-01-25T00:00:00+0000,98494.46403034788,6000.0,4.5,5019.488480748526,0.0,5019.488480748526,0.05096213812790466,0.0,0.05096213812790466
B,2021-01-26T00:00:00+0000,100476.10080534531,6000.0,4.5,5019.488480748526,0.0,5019.488480748526,0.04995703894275214,0.0,0.04995703894275214
B,2021-01-27T00:00:00+0000,93337.04385902108,6000.0,4.5,5019.488480748526,0.0,5019.488480748526,0.0537780957401019,0.0,0.0537780957401019
B,2021-01-28T00:00:00+0000,100358.6832715057,6000.0,4.5,5019.488480748526,0.0,5019.488480748526,0.0500154876202295,0.0,0.0500154876202295
B,2021-01-29T00:00:00+0000,103257.12287463646,6000.0,4.5,5019.488480748526,0.0,5019.488480748526,0.04861154699073536,0.0,0.04861154699073536
B,2021-01-30T00:00:00+0000,103231.4939410077,6000.0,4.5,5019.488480748526,0.0,5019.488480748526,0.04862361561498804,0.0,0.04862361561498804
B,2021-01-31T00:00:00+0000,99443.51626974161,6000.0,4.5,5019.488480748526,0.0,5019.488480748526,0.05047577427907023,0.0,0.05047577427907023
B,2021-02-01T00:00:00+0000,102182.57356846945,6000.0,4.5,5019.488480748526,0.0,5019.488480748526,0.049122744764156075,0.0,0.049122744764156075
B,2021-02-02T00:00:00+0000,109524.40615967568,6000.0,4.5,5019.488480748526,0.0,5019.488480748526,0.0458298625552976,0.0,0.0458298625552976
B,2021-02-03T00:00:00+0000,117664.61369880482,6000.0,4.5,5019.488480748526,0.0,5019.488480748526,0.04265928661948695,0.0,0.04265928661948695
B,2021-02-04T00:00:00+0000,114377.93752678286,6000.0,4.5,5019.488480748526,0.0,5019.488480748526,0.043885110968827856,0.0,0.043885110968827856
B,2021-02-05T00:00:00+0000,120474.93214012776,6000.0,4.5,5019.488480748526,0.0,5019.488480748526,0.04166417354699332,0.0,0.04166417354699332
B,2021-02-06T00:00:00+0000,120114.9171905265,6000.0,4.5,5019.488480748526,0.0,5019.488480748526,0.04178905166946587,0.0,0.04178905166946587
B,2021-02-07T00:00:00+0000,117342.75397031457,6000.0,4.5,5019.488480748526,0.0,5019.488480748526,0.04277629688168354,0.0,0.04277629688168354
B,2021-02-08T00:00:00+0000,131899.56195813647,6000.0,4.5,5019.488480748526,0.0,5019.488480748526,0.03805538400758039,0.0,0.03805538400758039
B,2021-02-09T00:00:00+0000,132639.68354116386,6000.0,4.5,5019.488480748526,0.0,5019.488480748526,0.037843037217370624,0.0,0.037843037217370624
B,2021-02-10T00:00:00+0000,129595.59288424121,6000.0,4.5,5019.488480748526,0.0,5019.488480748526,0.03873193809323507,0.0,0.03873193809323507
B,2021-02-11T00:00:00+0000,135220.3722524356,6000.0,4.5,5019.488480748526,0.0,5019.488480748526,0.037120800639255117,0.0,0.037120800639255117
B,2021-02-12T00:00:00+0000,136293.15039487908,6000.0,4.5,5019.488480748526,0.0,5019.488480748526,0.03682861879856526,0.0,0.03682861879856526
B,2021-02-13T00:00:00+0000,135240.94517924992,6000.0,4.5,5019.488480748526,0.0,5019.488480748526,0.03711515380268629,0.0,0.03711515380268629
B,2021-02-14T00:00:00+0000,136554.9188100619,6000.0,4.5,5019.488480748526,0.0,5019.488480748526,0.0367580203224336,0.0,0.0367580203224336
B,2021-02-15T00:00:00+0000,134969.08391100066,6000.0,4.5,5019.488480748526,0.0,5019.488480748526,0.03718991294375535,0.0,0.03718991294375535
B,2021-02-16T00:00:00+0000,136636.86346089112,6000.0,4.5,5019.488480748526,0.0,5019.488480748526,0.03673597558967115,0.0,0.03673597558967115
B,2021-02-17T00:00:00+0000,142856.06849900456,6000.0,4.5,5019.488480748526,0.0,5019.488480748526,0.03513668361091361,0.0,0.03513668361091361
B,2021-02-18T00:00:00+0000,145313.5685720281,6000.0,4.5,5019.488480748526,0.0,5019.488480748526,0.03454246241472281,0.0,0.03454246241472281
B,2021-02-19T00:00:00+0000,151424.98774868282,6000.0,4.5,5019.488480748526,0.0,5019.488480748526,0.03314834992147581,0.0,0.03314834992147581
B,2021-02-20T00:00:00+0000,149870.82378995421,6000.0,4.5,5019.488480748526,0.0,5019.488480748526,0.033492099087834466,0.0,0.033492099087834466
B,2021-02-21T00:00:00+0000,152608.76209204254,6000.0,4.5,5019.488480748526,0.0,5019.488480748526,0.032891220739482405,0.0,0.032891220739482405
B,2021-02-22T00:00:00+0000,142872.72972830138,6000.0,4.5,5019.488480748526,0.0,5019.488480748526,0.035132586115586936,0.0,0.035132586115586936
B,2021-02-23T00:00:00+0000,129196.42152918561,6000.0,4.5,5019.488480748526,0.0,5019.488480748526,0.03885160611522524,0.0,0.03885160611522524
B,2021-02-24T00:00:00+0000,131818.29351400485,6000.0,4.5,5019.488480748526,0.0,5019.488480748526,0.038078845863796874,0.0,0.038078845863796874
B,2021-02-25T00:00:00+0000,123502.56818145305,6000.0,4.5,5019.488480748526,0.0,5019.488480748526,0.04064278625666932,0.0,0.04064278625666932
B,2021-02-26T00:00:00+0000,121184.06324215909,6000.0,4.5,5019.488480748526,0.0,5019.488480748526,0.04142036788053729,0.0,0.04142036788053729
B,2021-02-27T00:00:00+0000,121456.14798814378,6000.0,4.5,5019.488480748526,0.0,5019.488480748526,0.041327578421460516,0.0,0.041327578421460516
B,2021-02-28T00:00:00+0000,118851.83497874475,6000.0,4.5,5019.488480748526,0.0,5019.488480748526,0.042233159308362404,0.0,0.042233159308362404
B,2021-03-01T00:00:00+0000,129877.13778378305,6000.0,4.5,5019.488480748526,0.0,5019.488480748526,0.038647975820847495,0.0,0.038647975820847495
B,2021-03-02T00:00:00+0000,125489.09229009919,6000.0,4.5,5019.488480748526,0.0,5019.488480748526,0.039999400658224,0.0,0.039999400658224
B,2021-03-03T00:00:00+0000,130799.90722871906,6000.0,4.5,5019.488480748526,0.0,5019.488480748526,0.038375321413426984,0.0,0.038375321413426984
B,2021-03-04T00:00:00+0000,127279.81255179629,6000.0,4.5,5019.488480748526,0.0,5019.488480748526,0.03943664262316425,0.0,0.03943664262316425
B,2021-03-05T00:00:00+0000,127389.37282579252,6000.0,4.5,5019.488480748526,0.0,5019.488480748526,0.03940272543466224,0.0,0.03940272543466224
B,2021-03-06T00:00:00+0000,131878.69048159584,6000.0,4.5,5019.488480748526,0.0,5019.488480748526,0.03806140675508917,0.0,0.03806140675508917
B,2021-03-07T00:00:00+0000,137242.870985969,6000.0,4.5,5019.488480748526,0.0,5019.488480748526,0.0365737647769092,0.0,0.0365737647769092
B,2021-03-08T00:00:00+0000,142831.72351538186,6000.0,4.5,5019.488480748526,0.0,5019.488480748526,0.03514267249045669,0.0,0.03514267249045669
B,2021-03-09T00:00:00+0000,147375.3927547105,6000.0,4.5,5019.488480748526,0.0,5019.488480748526,0.03405920341873416,0.0,0.03405920341873416
B,2021-03-10T00:00:00+0000,145963.3051883615,6000.0,4.5,5019.488480748526,0.0,5019.488480748526,0.034388701148353816,0.0,0.034388701148353816
B,2021-03-11T00:00:00+0000,149519.82257746998,6000.0,4.5,5019.488480748526,0.0,5019.488480748526,0.033570722558527666,0.0,0.033570722558527666
B,2021-03-12T00:00:00+0000,146717.64460573552,6000.0,4.5,5019.488480748526,0.0,5019.488480748526,0.03421189383347218,0.0,0.03421189383347218
B,2021-03-13T00:00:00+0000,157331.0426443997,6000.0,4.5,5019.488480748526,0.0,5019.488480748526,0.031903992984357164,0.0,0.031903992984357164
B,2021-03-14T00:00:00+0000,151875.36024573684,6000.0,4.5,5019.488480748526,0.0,5019.488480748526,0.033050051520055065,0.0,0.033050051520055065
B,2021-03-15T00:00:00+0000,145647.44472794686,6000.0,4.5,5019.488480748526,0.0,5019.488480748526,0.034463278707871386,0.0,0.034463278707871386
B,2021-03-16T00:00:00+0000,147731.60777025358,6000.0,4.5,5019.488480748526,0.0,5019.488480748526,0.033977078815487054,0.0,0.033977078815487054
B,2021-03-17T00:00:00+0000,150975.91252581432,6000.0,4.5,5019.488480748526,0.0,5019.488480748526,0.03324694911110591,0.0,0.03324694911110591
B,2021-03-18T00:00:00+0000,147688.32742459094,6000.0,4.5,5019.488480748526,0.0,5019.488480748526,0.033987035863152125,0.0,0.033987035863152125
B,2021-03-19T00:00:00+0000,149356.2024471815,6000.0,4.5,5019.488480748526,0.0,5019.488480748526,0.03360749937736013,0.0,0.03360749937736013
B,2021-03-20T00:00:00+0000,149354.78349585153,6000.0,4.5,5019.488480748526,0.0,5019.488480748526,0.033607818666805185,0.0,0.033607818666805185
B,2021-03-21T00:00:00+0000,147587.09164893677,6000.0,4.5,5019.488480748526,0.0,5019.488480748526,0.03401034890428161,0.0,0.03401034890428161
B,2021-03-22T00:00:00+0000,139801.96707845194,6000.0,4.5,5019.488480748526,0.0,5019.488480748526,0.03590427649656579,0.0,0.03590427649656579
B,2021-03-23T00:00:00+0000,139689.28638366231,6000.0,4.5,5019.488480748526,0.0,5019.488480748526,0.03593323876651711,0.0,0.03593323876651711
B,2021-03-24T00:00:00+0000,134039.81967089133,6000.0,4.5,5019.488480748526,0.0,5019.488480748526,0.037447741224010164,0.0,0.037447741224010164
B,2021-03-25T00:00:00+0000,132892.85440553012,6000.0,4.5,5019.488480748526,0.0,5019.488480748526,0.03777094339046455,0.0,0.03777094339046455
B,2021-03-26T00:00:00+0000,141691.42841165335,6000.0,4.5,5019.488480748526,0.0,5019.488480748526,0.035425491414805305,0.0,0.035425491414805305
B,2021-03-27T00:00:00+0000,143207.10548088758,6000.0,4.5,5019.488480748526,0.0,5019.488480748526,0.035050554676691145,0.0,0.035050554676691145
B,2021-03-28T00:00:00+0000,142263.49411765483,6000.0,4.5,5019.488480748526,0.0,5019.488480748526,0.035283039488663945,0.0,0.035283039488663945
B,2021-03-29T00:00:00+0000,149244.27164277888,6000.0,4.5,5019.488480748526,0.0,5019.488480748526,0.0336327044616013,0.0,0.0336327044616013
B,2021-03-30T00:00:00+0000,151521.6925843923,6000.0,4.5,5019.488480748526,0.0,5019.488480748526,0.033127193836967245,0.0,0.033127193836967245
B,2021-03-31T00:00:00+0000,154313.00040717737,6000.0,4.5,5019.488480748526,0.0,5019.488480748526,0.032527968917096244,0.0,0.032527968917096244
B,2021-04-01T00:00:00+0000,156018.41043551321,6000.0,4.5,5019.488480748526,0.0,5019.488480748526,0.032172411363101415,0.0,0.032172411363101415
B,2021-04-02T00:00:00+0000,162175.6300186724,6000.0,4.5,5019.488480748526,0.0,5019.488480748526,0.03095094176708669,0.0,0.03095094176708669
B,2021-04-03T00:00:00+0000,155326.03183772965,6000.0,4.5,5019.488480748526,0.0,5019.488480748526,0.032315822540245065,0.0,0.032315822540245065
B,2021-04-04T00:00:00+0000,159189.34081505853,6000.0,4.5,5019.488480748526,0.0,5019.488480748526,0.031531561441541615,0.0,0.031531561441541615
B,2021-04-05T00:00:00+0000,161514.27430855093,6000.0,4.5,5019.488480748526,0.0,5019.488480748526,0.03107767720368467,0.0,0.03107767720368467
B,2021-04-06T00:00:00+0000,160231.83566381517,6000.0,4.5,5019.488480748526,0.0,5019.488480748526,0.031326411882842,0.0,0.031326411882842
B,2021-04-07T00:00:00+0000,152368.74812314243,6000.0,4.5,5019.488480748526,0.0,5019.488480748526,0.03294303157686799,0.0,0.03294303157686799
B,2021-04-08T00:00:00+0000,159245.93002061095,6000.0,4.5,5019.488480748526,0.0,5019.488480748526,0.03152035647064174,0.0,0.03152035647064174
B,2021-04-09T00:00:00+0000,158861.59743490967,6000.0,4.5,5019.488480748526,0.0,5019.488480748526,0.031596613415681915,0.0,0.031596613415681915
B,2021-04-10T00:00:00+0000,163320.13259081842,6000.0,4.5,5019.488480748526,0.0,5019.488480748526,0.030734046079452626,0.0,0.030734046079452626
B,2021-04-11T00:00:00+0000,164263.66249106586,6000.0,4.5,5019.488480748526,0.0,5019.488480748526,0.030557509826749,0.0,0.030557509826749
B,2021-04-12T00:00:00+0000,163609.345981445,6000.0,4.5,5019.488480748526,0.0,5019.488480748526,0.030679717290220013,0.0,0.030679717290220013
B,2021-04-13T00:00:00+0000,174109.59989935948,6000.0,4.5,5019.488480748526,0.0,5019.488480748526,0.028829475707542487,0.0,0.028829475707542487
B,2021-04-14T00:00:00+0000,178040.68361470828,6000.0,4.5,5019.488480748526,0.0,5019.488480748526,0.028192929721675457,0.0,0.028192929721675457
B,2021-04-15T00:00:00+0000,181187.2253147815,6000.0,4.5,5019.488480748526,0.0,5019.488480748526,0.027703324403958566,0.0,0.027703324403958566
B,2021-04-16T00:00:00+0000,175620.6705588991,6000.0,4.5,5019.488480748526,0.0,5019.488480748526,0.028581421906512458,0.0,0.028581421906512458
B,2021-04-17T00:00:00+0000,170210.1186764301,6000.0,4.5,5019.488480748526,0.0,5019.488480748526,0.029489953475037446,0.0,0.029489953475037446
B,2021-04-18T00:00:00+0000,162357.28609187182,6000.0,4.5,5019.488480748526,0.0,5019.488480748526,0.030916311805730654,0.0,0.030916311805730654
B,2021-04-19T00:00:00+0000,159070.9106963683,6000.0,4.5,5019.488480748526,0.0,5019.488480748526,0.03155503705092653,0.0,0.03155503705092653
B,2021-04-20T00:00:00+0000,166069.57530295398,6000.0,4.5,5019.488480748526,0.0,5019.488480748526,0.030225214170576862,0.0,0.030225214170576862
B,2021-04-21T00:00:00+0000,164544.2001635334,6000.0,4.5,43799.9379850611,0.0,43799.9379850611,0.2661894976640333,0.0,0.2661894976640333
B,2021-04-22T00:00:00+0000,163942.2536777813,6000.0,4.5,43799.9379850611,0.0,43799.9379850611,0.26716686517648625,0.0,0.26716686517648625
B,2021-04-23T00:00:00+0000,162580.24535744835,6000.0,4.5,43799.9379850611,0.0,43799.9379850611,0.26940504296055595,0.0,0.26940504296055595
B,2021-04-24T00:00:00+0000,157188.18376535666,6000.0,4.5,43799.9379850611,0.0,43799.9379850611,0.2786465046917499,0.0,0.2786465046917499
B,2021-04-25T00:00:00+0000,159470.64125244017,6000.0,4.5,43799.9379850611,0.0,43799.9379850611,0.2746583172994602,0.0,0.2746583172994602
B,2021-04-26T00:00:00+0000,169893.8217536923,6000.0,4.5,43799.9379850611,0.0,43799.9379850611,0.2578077150360484,0.0,0.2578077150360484
B,2021-04-27T00:00:00+0000,174657.03421166883,6000.0,4.5,43799.9379850611,0.0,43799.9379850611,0.25077683348258084,0.0,0.25077683348258084
B,2021-04-28T00:00:00+0000,176913.15122746798,6000.0,4.5,43799.9379850611,0.0,43799.9379850611,0.24757875647551414,0.0,0.24757875647551414
B,2021-04-29T00:00:00+0000,176069.189627808,6000.0,4.5,43799.9379850611,0.0,43799.9379850611,0.2487654885993945,0.0,0.2487654885993945
B,2021-04-30T00:00:00+0000,180093.46728255966,6000.0,4.5,43799.9379850611,0.0,43799.9379850611,0.24320670064250968,0.0,0.24320670064250968
B,2021-05-01T00:00:00+0000,185206.78895761503,6000.0,4.5,43799.9379850611,0.0,43799.9379850611,0.2364920758659922,0.0,0.2364920758659922
B,2021-05-02T00:00:00+0000,184304.9216513888,6000.0,4.5,43799.9379850611,0.0,43799.9379850611,0.23764931284856466,0.0,0.23764931284856466
B,2021-05-03T00:00:00+0000,198822.035672892,6000.0,4.5,43799.9379850611,0.0,43799.9379850611,0.22029720114686924,0.0,0.22029720114686924
B,2021-05-04T00:00:00+0000,189829.77669416775,6000.0,4.5,43799.9379850611,0.0,43799.9379850611,0.23073270562619164,0.0,0.23073270562619164
B,2021-05-05T00:00:00+0000,201786.4719098166,6000.0,4.5,43799.9379850611,0.0,43799.9379850611,0.21706082459599363,0.0,0.21706082459599363
B,2021-05-06T00:00:00+0000,199895.63083397824,6000.0,4.5,43799.9379850611,0.0,43799.9379850611,0.21911403367009455,0.0,0.21911403367009455
B,2021-05-07T00:00:00+0000,200405.85523352225,6000.0,4.5,43799.9379850611,0.0,43799.9379850611,0.21855617907981467,0.0,0.21855617907981467
B,2021-05-08T00:00:00+0000,214273.6479386504,6000.0,4.5,43799.9379850611,0.0,43799.9379850611,0.20441122091504993,0.0,0.20441122091504993
B,2021-05-09T00:00:00+0000,214147.5340763664,6000.0,4.5,43799.9379850611,0.0,43799.9379850611,0.20453160095432973,0.0,0.20453160095432973
B,2021-05-10T00:00:00+0000,212703.4468927218,6000.0,4.5,43799.9379850611,0.0,43799.9379850611,0.2059202078053387,0.0,0.2059202078053387
B,2021-05-11T00:00:00+0000,220067.9703778698,6000.0,4.5,43799.9379850611,0.0,43799.9379850611,0.19902913590675647,0.0,0.19902913590675647
B,2021-05-12T00:00:00+0000,203818.1274963314,6000.0,4.5,43799.9379850611,0.0,43799.9379850611,0.214897166032739,0.0,0.214897166032739
B,2021-05-13T00:00:00+0000,200803.4607634918,6000.0,4.5,43799.9379850611,0.0,43799.9379850611,0.21812342186995012,0.0,0.21812342186995012
B,2021-05-14T00:00:00+0000,211343.02826848498,6000.0,4.5,43799.9379850611,0.0,43799.9379850611,0.20724571964313268,0.0,0.20724571964313268
B,2021-05-15T00:00:00+0000,197284.7033048465,6000.0,4.5,57391.67504706487,0.0,57391.67504706487,0.29090788127847206,0.0,0.29090788127847206
B,2021-05-16T00:00:00+0000,195270.05080820716,6000.0,4.5,57391.67504706487,0.0,57391.67504706487,0.2939092544377661,0.0,0.2939092544377661
B,2021-05-17T00:00:00+0000,184939.62756799412,6000.0,4.5,57391.67504706487,0.0,57391.67504706487,0.310326541703262,0.0,0.310326541703262
B,2021-05-18T00:00:00+0000,187047.85537235363,6000.0,4.5,57391.67504706487,0.0,57391.67504706487,0.3068288322943668,0.0,0.3068288322943668
B,2021-05-19T00:00:00+0000,156739.5049268723,6000.0,4.5,57391.67504706487,0.0,57391.67504706487,0.3661596039482279,0.0,0.3661596039482279
B,2021-05-20T00:00:00+0000,166823.38431195816,6000.0,4.5,72346.46853967705,0.0,72346.46853967705,0.4336710278241918,0.0,0.4336710278241918
B,2021-05-21T00:00:00+0000,156779.74848193704,6000.0,4.5,72346.46853967705,0.0,72346.46853967705,0.46145289324795835,0.0,0.46145289324795835
B,2021-05-22T00:00:00+0000,153406.48178589565,6000.0,4.5,72346.46853967705,0.0,72346.46853967705,0.47159981571475335,0.0,0.47159981571475335
B,2021-05-23T00:00:00+0000,147123.0203166218,6000.0,4.5,72346.46853967705,0.0,72346.46853967705,0.4917413222212338,0.0,0.4917413222212338
B,2021-05-24T00:00:00+0000,163046.04933782888,6000.0,4.5,72346.46853967705,0.0,72346.46853967705,0.44371800993335503,0.0,0.44371800993335503
B,2021-05-25T00:00:00+0000,163865.66724451663,6000.0,4.5,116225.22390634895,0.0,116225.22390634895,0.7092713553774527,0.0,0.7092713553774527
B,2021-05-26T00:00:00+0000,166644.94720168866,6000.0,4.5,116225.22390634895,0.0,116225.22390634895,0.6974422318708695,0.0,0.6974422318708695
B,2021-05-27T00:00:00+0000,164460.59383548083,6000.0,4.5,116225.22390634895,0.0,116225.22390634895,0.7067056076826256,0.0,0.7067056076826256
B,2021-05-28T00:00:00+0000,159389.92316396566,6000.0,4.5,116225.22390634895,0.0,116225.22390634895,0.7291880289495287,0.0,0.7291880289495287
B,2021-05-29T00:00:00+0000,157348.39140611736,6000.0,4.5,116225.22390634895,0.0,116225.22390634895,0.7386489487926876,0.0,0.7386489487926876
B,2021-05-30T00:00:00+0000,159012.01671898563,6000.0,4.5,116225.22390634895,0.0,116225.22390634895,0.7309210102765269,0.0,0.7309210102765269
B,2021-05-31T00:00:00+0000,163953.91294385193,6000.0,4.5,116225.22390634895,0.0,116225.22390634895,0.708889600860894,0.0,0.708889600860894
B,2021-06-01T00:00:00+0000,162863.31229719942,6000.0,4.5,116225.22390634895,0.0,116225.22390634895,0.71363662120697,0.0,0.71363662120697
B,2021-06-02T00:00:00+0000,163980.05815433417,6000.0,4.5,116225.22390634895,0.0,116225.22390634895,0.7087765745085937,0.0,0.7087765745085937
B,2021-06-03T00:00:00+0000,166321.04000529036,6000.0,4.5,116225.22390634895,0.0,116225.22390634895,0.6988004879157325,0.0,0.6988004879157325
B,2021-06-04T00:00:00+0000,163744.23658023897,6000.0,4.5,116225.22390634895,0.0,116225.22390634895,0.7097973420847429,0.0,0.7097973420847429
B,2021-06-05T00:00:00+0000,162800.55928677134,6000.0,4.5,116225.22390634895,0.0,116225.22390634895,0.713911699170637,0.0,0.713911699170637
B,2021-06-06T00:00:00+0000,164109.03376402947,6000.0,4.5,116225.22390634895,0.0,116225.22390634895,0.7082195369784937,0.0,0.7082195369784937
B,2021-06-07T00:00:00+0000,162266.3404305363,6000.0,4.5,116225.22390634895,0.0,116225.22390634895,0.7162620639497516,0.0,0.7162620639497516
B,2021-06-08T00:00:00+0000,160972.57383184985,6000.0,4.5,116225.22390634895,0.0,116225.22390634895,0.7220187957468862,0.0,0.7220187957468862
B,2021-06-09T00:00:00+0000,162589.0710600871,6000.0,4.5,116225.22390634895,0.0,116225.22390634895,0.7148403219758619,0.0,0.7148403219758619
B,2021-06-10T00:00:00+0000,160457.0727548984,6000.0,4.5,116225.22390634895,0.0,116225.22390634895,0.7243384284087337,0.0,0.7243384284087337
B,2021-06-11T00:00:00+0000,158671.2287420536,6000.0,4.5,116225.22390634895,0.0,116225.22390634895,0.7324908543772125,0.0,0.7324908543772125
B,2021-06-12T00:00:00+0000,158930.1246612619,6000.0,4.5,116225.22390634895,0.0,116225.22390634895,0.7312976325543525,0.0,0.7312976325543525
B,2021-06-13T00:00:00+0000,161097.11341339882,6000.0,4.5,116225.22390634895,0.0,116225.22390634895,0.7214606236183635,0.0,0.7214606236183635
B,2021-06-14T00:00:00+0000,162218.4310796694,6000.0,4.5,116225.22390634895,0.0,116225.22390634895,0.7164736037255097,0.0,0.7164736037255097
B,2021-06-15T00:00:00+0000,161654.99017882047,6000.0,4.5,116225.22390634895,0.0,116225.22390634895,0.7189708389316176,0.0,0.7189708389316176
B,2021-06-16T00:00:00+0000,158951.05081619206,6000.0,4.5,116225.22390634895,0.0,116225.22390634895,0.7312013560750195,0.0,0.7312013560750195
B,2021-06-17T00:00:00+0000,159043.94970836112,6000.0,4.5,116225.22390634895,0.0,116225.22390634895,0.7307742552890012,0.0,0.7307742552890012
B,2021-06-18T00:00:00+0000,156896.3015635954,6000.0,4.5,116225.22390634895,0.0,116225.22390634895,0.7407773334876152,0.0,0.7407773334876152
B,2021-06-19T00:00:00+0000,155837.25693723344,6000.0,4.5,116225.22390634895,0.0,116225.22390634895,0.7458115356404212,0.0,0.7458115356404212
B,2021-06-20T00:00:00+0000,157062.73814502842,6000.0,4.5,116225.22390634895,0.0,116225.22390634895,0.7399923449636351,0.0,0.7399923449636351
B,2021-06-21T00:00:00+0000,151530.97237360402,6000.0,4.5,116225.22390634895,0.0,116225.22390634895,0.7670063887651449,0.0,0.7670063887651449
B,2021-06-22T00:00:00+0000,151455.62755869713,6000.0,4.5,116225.22390634895,0.0,116225.22390634895,0.7673879523645002,0.0,0.7673879523645002
B,2021-06-23T00:00:00+0000,152846.1143862598,6000.0,4.5,116225.22390634895,0.0,116225.22390634895,0.7604067945923334,0.0,0.7604067945923334
B,2021-06-24T00:00:00+0000,153197.0910430982,6000.0,4.5,116225.22390634895,0.0,116225.22390634895,0.7586646920968746,0.0,0.7586646920968746
B,2021-06-25T00:00:00+0000,150396.55537953926,6000.0,4.5,116225.22390634895,0.0,116225.22390634895,0.7727917944200525,0.0,0.7727917944200525
B,2021-06-26T00:00:00+0000,150736.73841837866,6000.0,4.5,116225.22390634895,0.0,116225.22390634895,0.7710477560139256,0.0,0.7710477560139256
B,2021-06-27T00:00:00+0000,153124.51738610136,6000.0,4.5,116225.22390634895,0.0,116225.22390634895,0.7590242626743349,0.0,0.7590242626743349
B,2021-06-28T00:00:00+0000,154705.57776460136,6000.0,4.5,116225.22390634895,0.0,116225.22390634895,0.7512671849698672,0.0,0.7512671849698672
B,2021-06-29T00:00:00+0000,155979.33465473476,6000.0,4.5,116225.22390634895,0.0,116225.22390634895,0.7451321943616261,0.0,0.7451321943616261
B,2021-06-30T00:00:00+0000,157678.89290541966,6000.0,4.5,116225.22390634895,0.0,116225.22390634895,0.7371007099603635,0.0,0.7371007099603635
B,2021-07-01T00:00:00+0000,155067.3668330243,6000.0,4.5,116225.22390634895,0.0,116225.22390634895,0.7495143967428017,0.0,0.7495143967428017
B,2021-07-02T00:00:00+0000,155817.3663701556,6000.0,4.5,116225.22390634895,0.0,116225.22390634895,0.745906740781688,0.0,0.745906740781688
B,2021-07-03T00:00:00+0000,156962.0108629833,6000.0,4.5,116225.22390634895,0.0,116225.22390634895,0.7404672204907297,0.0,0.7404672204907297
B,2021-07-04T00:00:00+0000,158454.7257740241,6000.0,4.5,116225.22390634895,0.0,116225.22390634895,0.7334916856446453,0.0,0.7334916856446453
B,2021-07-05T00:00:00+0000,156503.33027292055,6000.0,4.5,116225.22390634895,0.0,116225.22390634895,0.7426373847998503,0.0,0.7426373847998503
B,2021-07-06T00:00:00+0000,158461.02805109756,6000.0,4.5,116225.22390634895,0.0,116225.22390634895,0.7334625133750288,0.0,0.7334625133750288
B,2021-07-07T00:00:00+0000,158376.31171725487,6000.0,4.5,116225.22390634895,0.0,116225.22390634895,0.7338548463853789,0.0,0.7338548463853789
B,2021-07-08T00:00:00+0000,155292.62170815634,6000.0,4.5,116225.22390634895,0.0,116225.22390634895,0.7484272119816013,0.0,0.7484272119816013
B,2021-07-09T00:00:00+0000,155790.86493030208,6000.0,4.5,116225.22390634895,0.0,116225.22390634895,0.7460336262870481,0.0,0.7460336262870481
B,2021-07-10T00:00:00+0000,155239.4040725801,6000.0,4.5,116225.22390634895,0.0,116225.22390634895,0.7486837803887048,0.0,0.7486837803887048
B,2021-07-11T00:00:00+0000,155721.51703634748,6000.0,4.5,116225.22390634895,0.0,116225.22390634895,0.7463658595055971,0.0,0.7463658595055971
B,2021-07-12T00:00:00+0000,154039.10059728322,6000.0,4.5,116225.22390634895,0.0,116225.22390634895,0.7545176741209745,0.0,0.7545176741209745
B,2021-07-13T00:00:00+0000,152638.31004126192,6000.0,4.5,116225.22390634895,0.0,116225.22390634895,0.7614420251045126,0.0,0.7614420251045126
B,2021-07-14T00:00:00+0000,153489.53038657497,6000.0,4.5,116225.22390634895,0.0,116225.22390634895,0.7572192293091714,0.0,0.7572192293091714
B,2021-07-15T00:00:00+0000,152330.06114569417,6000.0,4.5,116225.22390634895,0.0,116225.22390634895,0.7629828481141802,0.0,0.7629828481141802
B,2021-07-16T00:00:00+0000,151667.5896540199,6000.0,4.5,116225.22390634895,0.0,116225.22390634895,0.7663154941110284,0.0,0.7663154941110284
B,2021-07-17T00:00:00+0000,152040.95892143913,6000.0,4.5,116225.22390634895,0.0,116225.22390634895,0.7644336416373402,0.0,0.7644336416373402
B,2021-07-18T00:00:00+0000,151935.42417389833,6000.0,4.5,116225.22390634895,0.0,116225.22390634895,0.7649646192669518,0.0,0.7649646192669518
B,2021-07-19T00:00:00+0000,150807.7124726948,6000.0,4.5,116225.22390634895,0.0,116225.22390634895,0.7706848807708866,0.0,0.7706848807708866
B,2021-07-20T00:00:00+0000,150296.35627388093,6000.0,4.5,116225.22390634895,0.0,116225.22390634895,0.7733069968413268,0.0,0.7733069968413268
B,2021-07-21T00:00:00+0000,153578.04667122522,6000.0,4.5,116225.22390634895,0.0,116225.22390634895,0.7567827982287081,0.0,0.7567827982287081
B,2021-07-22T00:00:00+0000,154040.06007208477,6000.0,4.5,116225.22390634895,0.0,116225.22390634895,0.7545129744298987,0.0,0.7545129744298987
B,2021-07-23T00:00:00+0000,155613.8962515634,6000.0,4.5,116225.22390634895,0.0,116225.22390634895,0.7468820375685522,0.0,0.7468820375685522
B,2021-07-24T00:00:00+0000,156569.90464512532,6000.0,4.5,116225.22390634895,0.0,116225.22390634895,0.742321611358071,0.0,0.742321611358071
B,2021-07-25T00:00:00+0000,156683.43759731957,6000.0,4.5,116225.22390634895,0.0,116225.22390634895,0.7417837244868902,0.0,0.7417837244868902
B,2021-07-26T00:00:00+0000,157323.96028163444,6000.0,4.5,116225.22390634895,0.0,116225.22390634895,0.7387636549339825,0.0,0.7387636549339825
B,2021-07-27T00:00:00+0000,158483.7020430599,6000.0,4.5,116225.22390634895,0.0,116225.22390634895,0.7333575781487655,0.0,0.7333575781487655
B,2021-07-28T00:00:00+0000,158529.74812789113,6000.0,4.5,116225.22390634895,0.0,116225.22390634895,0.7331445692614503,0.0,0.7331445692614503
B,2021-07-29T00:00:00+0000,159803.780288375,6000.0,4.5,116225.22390634895,0.0,116225.22390634895,0.7272995901386934,0.0,0.7272995901386934
B,2021-07-30T00:00:00+0000,161080.05596095105,6000.0,4.5,116225.22390634895,0.0,116225.22390634895,0.721537022153284,0.0,0.721537022153284
B,2021-07-31T00:00:00+0000,162140.3415371876,6000.0,4.5,116225.22390634895,0.0,116225.22390634895,0.7168186695825615,0.0,0.7168186695825615
B,2021-08-01T00:00:00+0000,162493.36942762454,6000.0,4.5,116225.22390634895,0.0,116225.22390634895,0.7152613322977238,0.0,0.7152613322977238
B,2021-08-02T00:00:00+0000,163277.20256871864,6000.0,4.5,116225.22390634895,0.0,116225.22390634895,0.711827628584175,0.0,0.711827628584175
B,2021-08-03T00:00:00+0000,161760.45689381298,6000.0,4.5,116225.22390634895,0.0,116225.22390634895,0.7185020748466638,0.0,0.7185020748466638
B,2021-08-04T00:00:00+0000,165129.01331190043,6000.0,4.5,116225.22390634895,0.0,116225.22390634895,0.7038449608296236,0.0,0.7038449608296236
B,2021-08-05T00:00:00+0000,166741.94492987284,6000.0,4.5,116225.22390634895,0.0,116225.22390634895,0.6970365132494415,0.0,0.6970365132494415
B,2021-08-06T00:00:00+0000,167797.0264959503,6000.0,4.5,116225.22390634895,0.0,116225.22390634895,0.6926536562264648,0.0,0.6926536562264648
B,2021-08-07T00:00:00+0000,171987.79366038146,6000.0,4.5,116225.22390634895,0.0,116225.22390634895,0.6757760038241726,0.0,0.6757760038241726
B,2021-08-08T00:00:00+0000,169695.54992549316,6000.0,4.5,116225.22390634895,0.0,116225.22390634895,0.6849043711363026,0.0,0.6849043711363026
B,2021-08-09T00:00:00+0000,172058.512596924,6000.0,4.5,116225.22390634895,0.0,116225.22390634895,0.6754982485442385,0.0,0.6754982485442385
B,2021-08-10T00:00:00+0000,171762.95345789433,6000.0,4.5,116225.22390634895,0.0,116225.22390634895,0.6766606044349384,0.0,0.6766606044349384
B,2021-08-11T00:00:00+0000,172062.66504520894,6000.0,4.5,116225.22390634895,0.0,116225.22390634895,0.6754819465094949,0.0,0.6754819465094949
B,2021-08-12T00:00:00+0000,170282.7295465999,6000.0,4.5,116225.22390634895,0.0,116225.22390634895,0.6825426407940127,0.0,0.6825426407940127
B,2021-08-13T00:00:00+0000,174638.22017404344,6000.0,4.5,116225.22390634895,0.0,116225.22390634895,0.6655199748973596,0.0,0.6655199748973596
B,2021-08-14T00:00:00+0000,173720.13185462687,6000.0,4.5,116225.22390634895,0.0,116225.22390634895,0.6690371614707786,0.0,0.6690371614707786
B,2021-08-15T00:00:00+0000,174405.74040009239,6000.0,4.5,116225.22390634895,0.0,116225.22390634895,0.6664071012784588,0.0,0.6664071012784588
B,2021-08-16T00:00:00+0000,171917.52087481398,6000.0,4.5,116225.22390634895,0.0,116225.22390634895,0.6760522331576736,0.0,0.6760522331576736
B,2021-08-17T00:00:00+0000,169821.5041266866,6000.0,4.5,116225.22390634895,0.0,116225.22390634895,0.68439638727758,0.0,0.68439638727758
B,2021-08-18T00:00:00+0000,169877.23404491125,6000.0,4.5,116225.22390634895,0.0,116225.22390634895,0.6841718642276807,0.0,0.6841718642276807
B,2021-08-19T00:00:00+0000,172556.73168748443,6000.0,4.5,116225.22390634895,0.0,116225.22390634895,0.6735478979565003,0.0,0.6735478979565003
B,2021-08-20T00:00:00+0000,174191.5992736757,6000.0,4.5,116225.22390634895,0.0,116225.22390634895,0.6672263438132015,0.0,0.6672263438132015
B,2021-08-21T00:00:00+0000,173244.53977360128,6000.0,4.5,116225.22390634895,0.0,116225.22390634895,0.6708738068064594,0.0,0.6708738068064594
B,2021-08-22T00:00:00+0000,173492.89051657036,6000.0,4.5,116225.22390634895,0.0,116225.22390634895,0.6699134676947943,0.0,0.6699134676947943
B,2021-08-23T00:00:00+0000,174793.5654405391,6000.0,4.5,116225.22390634895,0.0,116225.22390634895,0.6649285035946372,0.0,0.6649285035946372
B,2021-08-24T00:00:00+0000,172433.49985338928,6000.0,4.5,116225.22390634895,0.0,116225.22390634895,0.674029257685826,0.0,0.674029257685826
B,2021-08-25T00:00:00+0000,173349.77031693363,6000.0,4.5,116225.22390634895,0.0,116225.22390634895,0.67046655841456,0.0,0.67046655841456
B,2021-08-26T00:00:00+0000,171241.11537141923,6000.0,4.5,116225.22390634895,0.0,116225.22390634895,0.6787226517081386,0.0,0.6787226517081386
B,2021-08-27T00:00:00+0000,174094.20959032816,6000.0,4.5,116225.22390634895,0.0,116225.22390634895,0.6675995955284538,0.0,0.6675995955284538
B,2021-08-28T00:00:00+0000,173655.13004131528,6000.0,4.5,116225.22390634895,0.0,116225.22390634895,0.6692875924753686,0.0,0.6692875924753686
B,2021-08-29T00:00:00+0000,173339.94237739977,6000.0,4.5,116225.22390634895,0.0,116225.22390634895,0.6705045721851036,0.0,0.6705045721851036
B,2021-08-30T00:00:00+0000,173391.2670811448,6000.0,4.5,116225.22390634895,0.0,116225.22390634895,0.6703060993951737,0.0,0.6703060993951737
B,2021-08-31T00:00:00+0000,176477.4810124639,6000.0,4.5,116225.22390634895,0.0,116225.22390634895,0.6585838784617536,0.0,0.6585838784617536
B,2021-09-01T00:00:00+0000,182661.78644605857,6000.0,4.5,116225.22390634895,0.0,116225.22390634895,0.6362864733104489,0.0,0.6362864733104489
B,2021-09-02T00:00:00+0000,182056.64606286632,6000.0,4.5,116225.22390634895,0.0,116225.22390634895,0.6384014339482834,0.0,0.6384014339482834
B,2021-09-03T00:00:00+0000,184436.007698255,6000.0,4.5,116225.22390634895,0.0,116225.22390634895,0.6301655807715068,0.0,0.6301655807715068
B,2021-09-04T00:00:00+0000,183636.0518343792,6000.0,4.5,116225.22390634895,0.0,116225.22390634895,0.6329107097726765,0.0,0.6329107097726765
B,2021-09-05T00:00:00+0000,184704.74489762803,6000.0,4.5,116225.22390634895,0.0,116225.22390634895,0.6292487178429899,0.0,0.6292487178429899
B,2021-09-06T00:00:00+0000,184384.67228053504,6000.0,4.5,116225.22390634895,0.0,116225.22390634895,0.6303410281821918,0.0,0.6303410281821918
B,2021-09-07T00:00:00+0000,176631.6132444296,6000.0,4.5,116225.22390634895,0.0,116225.22390634895,0.6580091851706751,0.0,0.6580091851706751
B,2021-09-08T00:00:00+0000,177608.03380423153,6000.0,4.5,116225.22390634895,0.0,116225.22390634895,0.6543917041188476,0.0,0.6543917041188476
B,2021-09-09T00:00:00+0000,176491.873422339,6000.0,4.5,116225.22390634895,0.0,116225.22390634895,0.6585301728211926,0.0,0.6585301728211926
B,2021-09-10T00:00:00+0000,173126.8824455411,6000.0,4.5,116225.22390634895,0.0,116225.22390634895,0.6713297338032344,0.0,0.6713297338032344
B,2021-09-11T00:00:00+0000,174047.6498392463,6000.0,4.5,116225.22390634895,0.0,116225.22390634895,0.6677781861099347,0.0,0.6677781861099347
B,2021-09-12T00:00:00+0000,176196.8964585132,6000.0,4.5,116225.22390634895,0.0,116225.22390634895,0.659632639634575,0.0,0.659632639634575
B,2021-09-13T00:00:00+0000,174342.67885824444,6000.0,4.5,116225.22390634895,0.0,116225.22390634895,0.6666481475878321,0.0,0.6666481475878321
B,2021-09-14T00:00:00+0000,176723.30956169043,6000.0,4.5,116225.22390634895,0.0,116225.22390634895,0.6576677643408276,0.0,0.6576677643408276
B,2021-09-15T00:00:00+0000,179527.82172939548,6000.0,4.5,116225.22390634895,0.0,116225.22390634895,0.6473939403193822,0.0,0.6473939403193822
B,2021-09-16T00:00:00+0000,178825.0571440885,6000.0,4.5,116225.22390634895,0.0,116225.22390634895,0.6499381337409574,0.0,0.6499381337409574
B,2021-09-17T00:00:00+0000,176233.76613997255,6000.0,4.5,116225.22390634895,0.0,116225.22390634895,0.6594946385815633,0.0,0.6594946385815633
B,2021-09-18T00:00:00+0000,176832.51743815021,6000.0,4.5,116225.22390634895,0.0,116225.22390634895,0.657261603183365,0.0,0.657261603183365
B,2021-09-19T00:00:00+0000,175159.81028946498,6000.0,4.5,116225.22390634895,0.0,116225.22390634895,0.6635381924328296,0.0,0.6635381924328296
B,2021-09-20T00:00:00+0000,169612.15399341373,6000.0,4.5,116225.22390634895,0.0,116225.22390634895,0.6852411290694542,0.0,0.6852411290694542
B,2021-09-21T00:00:00+0000,166287.7716963492,6000.0,4.5,116225.22390634895,0.0,116225.22390634895,0.698940293207986,0.0,0.698940293207986
B,2021-09-22T00:00:00+0000,171188.9859093297,6000.0,4.5,116225.22390634895,0.0,116225.22390634895,0.6789293323339604,0.0,0.6789293323339604
B,2021-09-23T00:00:00+0000,172413.0237951159,6000.0,4.5,116225.22390634895,0.0,116225.22390634895,0.6741093065246813,0.0,0.6741093065246813
B,2021-09-24T00:00:00+0000,168901.8165624728,6000.0,4.5,116225.22390634895,0.0,116225.22390634895,0.6881229951920617,0.0,0.6881229951920617
B,2021-09-25T00:00:00+0000,168803.94555778388,6000.0,4.5,116225.22390634895,0.0,116225.22390634895,0.6885219626964435,0.0,0.6885219626964435
B,2021-09-26T00:00:00+0000,170952.66128110795,6000.0,4.5,116225.22390634895,0.0,116225.22390634895,0.6798678829294894,0.0,0.6798678829294894
B,2021-09-27T00:00:00+0000,168867.12088439654,6000.0,4.5,116225.22390634895,0.0,116225.22390634895,0.6882643779182728,0.0,0.6882643779182728
B,2021-09-28T00:00:00+0000,166978.88746048568,6000.0,4.5,116225.22390634895,0.0,116225.22390634895,0.6960474205689794,0.0,0.6960474205689794
B,2021-09-29T00:00:00+0000,167710.8017728176,6000.0,4.5,116225.22390634895,0.0,116225.22390634895,0.693009768469109,0.0,0.693009768469109
B,2021-09-30T00:00:00+0000,170123.1994448005,6000.0,4.5,116225.22390634895,0.0,116225.22390634895,0.6831826834062117,0.0,0.6831826834062117
B,2021-10-01T00:00:00+0000,175064.60208372853,6000.0,4.5,116225.22390634895,0.0,116225.22390634895,0.6638990551085916,0.0,0.6638990551085916
B,2021-10-02T00:00:00+0000,176254.33705827367,6000.0,4.5,116225.22390634895,0.0,116225.22390634895,0.6594176679347316,0.0,0.6594176679347316
B,2021-10-03T00:00:00+0000,176749.9400736398,6000.0,4.5,116225.22390634895,0.0,116225.22390634895,0.6575686750327934,0.0,0.6575686750327934
B,2021-10-04T00:00:00+0000,176319.67694025414,6000.0,4.5,116225.22390634895,0.0,116225.22390634895,0.659173303418267,0.0,0.659173303418267
B,2021-10-05T00:00:00+0000,178406.8409928625,6000.0,4.5,116225.22390634895,0.0,116225.22390634895,0.6514616998963552,0.0,0.6514616998963552
B,2021-10-06T00:00:00+0000,179492.5160741559,6000.0,4.5,116225.22390634895,0.0,116225.22390634895,0.647521280822268,0.0,0.647521280822268
B,2021-10-07T00:00:00+0000,179635.5655666581,6000.0,4.5,116225.22390634895,0.0,116225.22390634895,0.647005639110039,0.0,0.647005639110039
B,2021-10-08T00:00:00+0000,179279.66206795684,6000.0,4.5,116225.22390634895,0.0,116225.22390634895,0.648290065731456,0.0,0.648290065731456
B,2021-10-09T00:00:00+0000,179512.6991235028,6000.0,4.5,116225.22390634895,0.0,116225.22390634895,0.6474484784298589,0.0,0.6474484784298589
B,2021-10-10T00:00:00+0000,177041.2673767888,6000.0,4.5,116225.22390634895,0.0,116225.22390634895,0.6564866238727954,0.0,0.6564866238727954
B,2021-10-11T00:00:00+0000,179138.46488212002,6000.0,4.5,116225.22390634895,0.0,116225.22390634895,0.6488010488580976,0.0,0.6488010488580976
B,2021-10-12T00:00:00+0000,178309.14939883098,6000.0,4.5,116225.22390634895,0.0,116225.22390634895,0.651818621187988,0.0,0.651818621187988
B,2021-10-13T00:00:00+0000,180163.3775502953,6000.0,4.5,116225.22390634895,0.0,116225.22390634895,0.6451101521667629,0.0,0.6451101521667629
B,2021-10-14T00:00:00+0000,182996.50226708394,6000.0,4.5,116225.22390634895,0.0,116225.22390634895,0.6351226524358258,0.0,0.6351226524358258
B,2021-10-15T00:00:00+0000,184395.32777068097,6000.0,4.5,116225.22390634895,0.0,116225.22390634895,0.6303046032212367,0.0,0.6303046032212367
B,2021-10-16T00:00:00+0000,183772.6513983858,6000.0,4.5,116225.22390634895,0.0,116225.22390634895,0.6324402625850662,0.0,0.6324402625850662
B,2021-10-17T00:00:00+0000,184072.73639887158,6000.0,4.5,116225.22390634895,0.0,116225.22390634895,0.6314092253971699,0.0,0.6314092253971699
B,2021-10-18T00:00:00+0000,182537.7374591908,6000.0,4.5,116225.22390634895,0.0,116225.22390634895,0.636718880841464,0.0,0.636718880841464
B,2021-10-19T00:00:00+0000,184680.378299904,6000.0,4.5,116225.22390634895,0.0,116225.22390634895,0.6293317404711498,0.0,0.6293317404711498
B,2021-10-20T00:00:00+0000,189139.10895561564,6000.0,4.5,116225.22390634895,0.0,116225.22390634895,0.6144959894763117,0.0,0.6144959894763117
B,2021-10-21T00:00:00+0000,187320.24833031863,6000.0,4.5,116225.22390634895,0.0,116225.22390634895,0.6204626832514046,0.0,0.6204626832514046
B,2021-10-22T00:00:00+0000,186022.83839438568,6000.0,4.5,116225.22390634895,0.0,116225.22390634895,0.6247900790543831,0.0,0.6247900790543831
B,2021-10-23T00:00:00+0000,189060.5040788303,6000.0,4.5,116225.22390634895,0.0,116225.22390634895,0.6147514758444096,0.0,0.6147514758444096
B,2021-10-24T00:00:00+0000,187748.62822973632,6000.0,4.5,116225.22390634895,0.0,116225.22390634895,0.6190469938567613,0.0,0.6190469938567613
B,2021-10-25T00:00:00+0000,189983.64924027113,6000.0,4.5,116225.22390634895,0.0,116225.22390634895,0.6117643511487646,0.0,0.6117643511487646
B,2021-10-26T00:00:00+0000,188505.41979171167,6000.0,4.5,116225.22390634895,0.0,116225.22390634895,0.6165617096567917,0.0,0.6165617096567917
B,2021-10-27T00:00:00+0000,185207.43866242084,6000.0,4.5,116225.22390634895,0.0,116225.22390634895,0.6275407982839915,0.0,0.6275407982839915
B,2021-10-28T00:00:00+0000,190918.07562405264,6000.0,4.5,116225.22390634895,0.0,116225.22390634895,0.6087701414674558,0.0,0.6087701414674558
B,2021-10-29T00:00:00+0000,193050.54326953465,6000.0,4.5,116225.22390634895,0.0,116225.22390634895,0.6020455676422356,0.0,0.6020455676422356
B,2021-10-30T00:00:00+0000,191564.25280894025,6000.0,4.5,116225.22390634895,0.0,116225.22390634895,0.6067166613922906,0.0,0.6067166613922906
B,2021-10-31T00:00:00+0000,191004.99823906744,6000.0,4.5,116225.22390634895,0.0,116225.22390634895,0.6084931021589187,0.0,0.6084931021589187
B,2021-11-01T00:00:00+0000,191494.77964059962,6000.0,4.5,116225.22390634895,0.0,116225.22390634895,0.6069367745924054,0.0,0.6069367745924054
B,2021-11-02T00:00:00+0000,195774.68752737762,6000.0,4.5,116225.22390634895,0.0,116225.22390634895,0.5936682896765995,0.0,0.5936682896765995
B,2021-11-03T00:00:00+0000,195978.80183746404,6000.0,4.5,116225.22390634895,0.0,116225.22390634895,0.593049976919141,0.0,0.593049976919141
B,2021-11-04T00:00:00+0000,194828.17760929704,6000.0,4.5,116225.22390634895,0.0,116225.22390634895,0.5965524357540507,0.0,0.5965524357540507
B,2021-11-05T00:00:00+0000,193925.0218605912,6000.0,4.5,116225.22390634895,0.0,116225.22390634895,0.599330724788578,0.0,0.599330724788578
B,2021-11-06T00:00:00+0000,194635.38806436237,6000.0,4.5,116225.22390634895,0.0,116225.22390634895,0.5971433307283021,0.0,0.5971433307283021
B,2021-11-07T00:00:00+0000,196187.74877398944,6000.0,4.5,116225.22390634895,0.0,116225.22390634895,0.5924183575817559,0.0,0.5924183575817559
B,2021-11-08T00:00:00+0000,199407.02249522408,6000.0,4.5,116225.22390634895,0.0,116225.22390634895,0.5828542167271598,0.0,0.5828542167271598
B,2021-11-09T00:00:00+0000,198227.53396464765,6000.0,4.5,116225.22390634895,0.0,116225.22390634895,0.5863223013563637,0.0,0.5863223013563637
B,2021-11-10T00:00:00+0000,196547.757053661,6000.0,4.5,116225.22390634895,0.0,116225.22390634895,0.5913332497333837,0.0,0.5913332497333837
B,2021-11-11T00:00:00+0000,197942.73423755134,6000.0,4.5,116225.22390634895,0.0,116225.22390634895,0.5871659010573579,0.0,0.5871659010573579
B,2021-11-12T00:00:00+0000,197099.6645965185,6000.0,4.5,116225.22390634895,0.0,116225.22390634895,0.5896774311832184,0.0,0.5896774311832184
B,2021-11-13T00:00:00+0000,196798.20991927473,6000.0,4.5,116225.22390634895,0.0,116225.22390634895,0.590580696613164,0.0,0.590580696613164
B,2021-11-14T00:00:00+0000,196591.77843018377,6000.0,4.5,116225.22390634895,0.0,116225.22390634895,0.5912008367512905,0.0,0.5912008367512905
B,2021-11-15T00:00:00+0000,195545.81098825316,6000.0,4.5,116225.22390634895,0.0,116225.22390634895,0.5943631485582211,0.0,0.5943631485582211
B,2021-11-16T00:00:00+0000,189937.8523340559,6000.0,4.5,116225.22390634895,0.0,116225.22390634895,0.6119118568421853,0.0,0.6119118568421853
B,2021-11-17T00:00:00+0000,191164.68728466908,6000.0,4.5,116225.22390634895,0.0,116225.22390634895,0.60798479864262,0.0,0.60798479864262
B,2021-11-18T00:00:00+0000,186530.8867448389,6000.0,4.5,116225.22390634895,0.0,116225.22390634895,0.6230883578296439,0.0,0.6230883578296439
B,2021-11-19T00:00:00+0000,191183.43223821523,6000.0,4.5,116225.22390634895,0.0,116225.22390634895,0.6079251875838902,0.0,0.6079251875838902
B,2021-11-20T00:00:00+0000,193084.00578678952,6000.0,4.5,116225.22390634895,0.0,116225.22390634895,0.6019412298431861,0.0,0.6019412298431861
B,2021-11-21T00:00:00+0000,190674.53742074998,6000.0,4.5,116225.22390634895,0.0,116225.22390634895,0.6095476904180539,0.0,0.6095476904180539
B,2021-11-22T00:00:00+0000,187916.26384285753,6000.0,4.5,116225.22390634895,0.0,116225.22390634895,0.6184947568111547,0.0,0.6184947568111547
B,2021-11-23T00:00:00+0000,191893.3320065036,6000.0,4.5,116225.22390634895,0.0,116225.22390634895,0.6056761988082519,0.0,0.6056761988082519
B,2021-11-24T00:00:00+0000,190806.83047652332,6000.0,4.5,116225.22390634895,0.0,116225.22390634895,0.609125069663841,0.0,0.609125069663841
B,2021-11-25T00:00:00+0000,194842.1826461518,6000.0,4.5,116225.22390634895,0.0,116225.22390634895,0.5965095562362016,0.0,0.5965095562362016
B,2021-11-26T00:00:00+0000,187146.53078684382,6000.0,4.5,116225.22390634895,0.0,116225.22390634895,0.6210386236800038,0.0,0.6210386236800038
B,2021-11-27T00:00:00+0000,188041.4287443324,6000.0,4.5,116225.22390634895,0.0,116225.22390634895,0.6180830718127162,0.0,0.6180830718127162
B,2021-11-28T00:00:00+0000,191254.11850030924,6000.0,4.5,116225.22390634895,0.0,116225.22390634895,0.6077005024399568,0.0,0.6077005024399568
B,2021-11-29T00:00:00+0000,193596.07725155517,6000.0,4.5,116225.22390634895,0.0,116225.22390634895,0.600349064693744,0.0,0.600349064693744
B,2021-11-30T00:00:00+0000,196423.33262744,6000.0,4.5,116225.22390634895,0.0,116225.22390634895,0.5917078299796269,0.0,0.5917078299796269
B,2021-12-01T00:00:00+0000,195719.40990077023,6000.0,4.5,116225.22390634895,0.0,116225.22390634895,0.5938359612124069,0.0,0.5938359612124069
B,2021-12-02T00:00:00+0000,194590.90466622295,6000.0,4.5,116225.22390634895,0.0,116225.22390634895,0.5972798374400246,0.0,0.5972798374400246
B,2021-12-03T00:00:00+0000,189905.72588742728,6000.0,4.5,116225.22390634895,0.0,116225.22390634895,0.6120153742770514,0.0,0.6120153742770514
B,2021-12-04T00:00:00+0000,188169.56616390264,6000.0,4.5,116225.22390634895,0.0,116225.22390634895,0.6176621771297092,0.0,0.6176621771297092
B,2021-12-05T00:00:00+0000,189412.96473039483,6000.0,4.5,116225.22390634895,0.0,116225.22390634895,0.6136075430305455,0.0,0.6136075430305455
B,2021-12-06T00:00:00+0000,191806.4170648947,6000.0,4.5,116225.22390634895,0.0,116225.22390634895,0.6059506542318966,0.0,0.6059506542318966
B,2021-12-07T00:00:00+0000,191192.3416300693,6000.0,4.5,116225.22390634895,0.0,116225.22390634895,0.6078968588147148,0.0,0.6078968588147148
B,2021-12-08T00:00:00+0000,193206.21972596925,6000.0,4.5,116225.22390634895,0.0,116225.22390634895,0.6015604677281872,0.0,0.6015604677281872
B,2021-12-09T00:00:00+0000,187963.7937669715,6000.0,4.5,116225.22390634895,0.0,116225.22390634895,0.618338359622808,0.0,0.618338359622808
B,2021-12-10T00:00:00+0000,184757.8691196256,6000.0,4.5,116225.22390634895,0.0,116225.22390634895,0.6290677872621292,0.0,0.6290677872621292
B,2021-12-11T00:00:00+0000,187837.3842776012,6000.0,4.5,116225.22390634895,0.0,116225.22390634895,0.6187544846481783,0.0,0.6187544846481783
B,2021-12-12T00:00:00+0000,188510.69557454862,6000.0,4.5,116225.22390634895,0.0,116225.22390634895,0.6165444541600898,0.0,0.6165444541600898
B,2021-12-13T00:00:00+0000,182983.70563164374,6000.0,4.5,116225.22390634895,0.0,116225.22390634895,0.6351670685930731,0.0,0.6351670685930731
B,2021-12-14T00:00:00+0000,184271.73847235524,6000.0,4.5,116225.22390634895,0.0,116225.22390634895,0.6307273425099056,0.0,0.6307273425099056
B,2021-12-15T00:00:00+0000,186775.89230206143,6000.0,4.5,116225.22390634895,0.0,116225.22390634895,0.6222710140684798,0.0,0.6222710140684798
B,2021-12-16T00:00:00+0000,185781.35033755342,6000.0,4.5,116225.22390634895,0.0,116225.22390634895,0.6256022130056369,0.0,0.6256022130056369
B,2021-12-17T00:00:00+0000,184437.33398974943,6000.0,4.5,116225.22390634895,0.0,116225.22390634895,0.6301610492418442,0.0,0.6301610492418442
B,2021-12-18T00:00:00+0000,185789.03979158774,6000.0,4.5,116225.22390634895,0.0,116225.22390634895,0.6255763205231414,0.0,0.6255763205231414
B,2021-12-19T00:00:00+0000,185241.61492459982,6000.0,4.5,116225.22390634895,0.0,116225.22390634895,0.6274250197702979,0.0,0.6274250197702979
B,2021-12-20T00:00:00+0000,185583.64915733912,6000.0,4.5,116225.22390634895,0.0,116225.22390634895,0.6262686633983169,0.0,0.6262686633983169
B,2021-12-21T00:00:00+0000,186775.72383311775,6000.0,4.5,116225.22390634895,0.0,116225.22390634895,0.6222715753477418,0.0,0.6222715753477418
B,2021-12-22T00:00:00+0000,186237.42320998586,6000.0,4.5,116225.22390634895,0.0,116225.22390634895,0.6240701890258814,0.0,0.6240701890258814
B,2021-12-23T00:00:00+0000,188407.7884637041,6000.0,4.5,116225.22390634895,0.0,116225.22390634895,0.6168812067381132,0.0,0.6168812067381132
B,2021-12-24T00:00:00+0000,187417.70216814821,6000.0,4.5,116225.22390634895,0.0,116225.22390634895,0.6201400538038477,0.0,0.6201400538038477
B,2021-12-25T00:00:00+0000,188151.17789620152,6000.0,4.5,116225.22390634895,0.0,116225.22390634895,0.6177225420851078,0.0,0.6177225420851078
B,2021-12-26T00:00:00+0000,187703.8848395126,6000.0,4.5,116225.22390634895,0.0,116225.22390634895,0.6191945574579976,0.0,0.6191945574579976
B,2021-12-27T00:00:00+0000,187306.36671420228,6000.0,4.5,116225.22390634895,0.0,116225.22390634895,0.6205086668713665,0.0,0.6205086668713665
B,2021-12-28T00:00:00+0000,183372.22563902475,6000.0,4.5,116225.22390634895,0.0,116225.22390634895,0.633821308005187,0.0,0.633821308005187
B,2021-12-29T00:00:00+0000,180819.4853902271,6000.0,4.5,116225.22390634895,0.0,116225.22390634895,0.6427693545058096,0.0,0.6427693545058096
B,2021-12-30T00:00:00+0000,182086.8217659686,6000.0,4.5,116225.22390634895,0.0,116225.22390634895,0.6382956370984946,0.0,0.6382956370984946
B,2021-12-31T00:00:00+0000,181536.98382310887,6000.0,4.5,116225.22390634895,0.0,116225.22390634895,0.6402289024455743,0.0,0.6402289024455743
B,2022-01-01T00:00:00+0000,183012.5950754036,6000.0,4.5,116225.22390634895,0.0,116225.22390634895,0.6350668043282083,0.0,0.6350668043282083
B,2022-01-02T00:00:00+0000,183963.8820956229,6000.0,4.5,116225.22390634895,0.0,116225.22390634895,0.6317828401008414,0.0,0.6317828401008414
B,2022-01-03T00:00:00+0000,182965.7059281374,6000.0,4.5,116225.22390634895,0.0,116225.22390634895,0.6352295547232124,0.0,0.6352295547232124
B,2022-01-04T00:00:00+0000,183188.4995648641,6000.0,4.5,131202.41043262024,0.0,131202.41043262024,0.7162153232559426,0.0,0.7162153232559426
B,2022-01-05T00:00:00+0000,180230.1365824878,6000.0,4.5,131202.41043262024,0.0,131202.41043262024,0.7279715419433834,0.0,0.7279715419433834
B,2022-01-06T00:00:00+0000,178616.6258490724,6000.0,4.5,131202.41043262024,0.0,131202.41043262024,0.7345475809373072,0.0,0.7345475809373072
B,2022-01-07T00:00:00+0000,176106.4335920317,6000.0,4.5,131202.41043262024,0.0,131202.41043262024,0.7450177018323125,0.0,0.7450177018323125
B,2022-01-08T00:00:00+0000,174682.0111261823,6000.0,4.5,131202.41043262024,0.0,131202.41043262024,0.7510928548781455,0.0,0.7510928548781455
B,2022-01-09T00:00:00+0000,175556.6710868597,6000.0,4.5,131202.41043262024,0.0,131202.41043262024,0.7473507535791994,0.0,0.7473507535791994
B,2022-01-10T00:00:00+0000,174727.1089718177,6000.0,4.5,131202.41043262024,0.0,131202.41043262024,0.7508989944644611,0.0,0.7508989944644611
B,2022-01-11T00:00:00+0000,176648.1283574596,6000.0,4.5,131202.41043262024,0.0,131202.41043262024,0.7427330912169258,0.0,0.7427330912169258
B,2022-01-12T00:00:00+0000,178260.47319316998,6000.0,4.5,131202.41043262024,0.0,131202.41043262024,0.7360151585059701,0.0,0.7360151585059701
B,2022-01-13T00:00:00+0000,176682.18623079397,6000.0,4.5,131202.41043262024,0.0,131202.41043262024,0.7425899194004479,0.0,0.7425899194004479
B,2022-01-14T00:00:00+0000,177507.01273402644,6000.0,4.5,131202.41043262024,0.0,131202.41043262024,0.7391393072971812,0.0,0.7391393072971812
B,2022-01-15T00:00:00+0000,177745.1453851427,6000.0,4.5,131202.41043262024,0.0,131202.41043262024,0.7381490512628489,0.0,0.7381490512628489
B,2022-01-16T00:00:00+0000,178010.20108375858,6000.0,4.5,131202.41043262024,0.0,131202.41043262024,0.7370499535073609,0.0,0.7370499535073609
B,2022-01-17T00:00:00+0000,176352.566866778,6000.0,4.5,131202.41043262024,0.0,131202.41043262024,0.743977889087004,0.0,0.743977889087004
B,2022-01-18T00:00:00+0000,175760.21278125458,6000.0,4.5,131202.41043262024,0.0,131202.41043262024,0.7464852730686579,0.0,0.7464852730686579
B,2022-01-19T00:00:00+0000,174848.37467561237,6000.0,4.5,131202.41043262024,0.0,131202.41043262024,0.7503782101265376,0.0,0.7503782101265376
B,2022-01-20T00:00:00+0000,173853.0287814063,6000.0,4.5,131202.41043262024,0.0,131202.41043262024,0.7546742863915663,0.0,0.7546742863915663
B,2022-01-21T00:00:00+0000,168581.46745116165,6000.0,4.5,131202.41043262024,0.0,131202.41043262024,0.7782730356800922,0.0,0.7782730356800922
B,2022-01-22T00:00:00+0000,166692.2887074579,6000.0,4.5,131202.41043262024,0.0,131202.41043262024,0.7870934609511434,0.0,0.7870934609511434
B,2022-01-23T00:00:00+0000,168251.31943083563,6000.0,4.5,131202.41043262024,0.0,131202.41043262024,0.77980018746037,0.0,0.77980018746037
B,2022-01-24T00:00:00+0000,167055.00752422743,6000.0,4.5,131202.41043262024,0.0,131202.41043262024,0.7853844812978287,0.0,0.7853844812978287
B,2022-01-25T00:00:00+0000,167306.24912403047,6000.0,4.5,131202.41043262024,0.0,131202.41043262024,0.7842050797239194,0.0,0.7842050797239194
B,2022-01-26T00:00:00+0000,167367.59073503024,6000.0,4.5,131202.41043262024,0.0,131202.41043262024,0.7839176620540276,0.0,0.7839176620540276
B,2022-01-27T00:00:00+0000,166911.76271928684,6000.0,4.5,131202.41043262024,0.0,131202.41043262024,0.7860585035775891,0.0,0.7860585035775891
B,2022-01-28T00:00:00+0000,168394.27948781318,6000.0,4.5,131202.41043262024,0.0,131202.41043262024,0.7791381680641678,0.0,0.7791381680641678
B,2022-01-29T00:00:00+0000,169095.14869709185,6000.0,4.5,131202.41043262024,0.0,131202.41043262024,0.7759087794271929,0.0,0.7759087794271929
B,2022-01-30T00:00:00+0000,169107.97180118694,6000.0,4.5,131202.41043262024,0.0,131202.41043262024,0.775849943885965,0.0,0.775849943885965
B,2022-01-31T00:00:00+0000,170160.34686050506,6000.0,4.5,131202.41043262024,0.0,131202.41043262024,0.7710516160394174,0.0,0.7710516160394174
B,2022-02-01T00:00:00+0000,171392.32762146034,6000.0,4.5,131202.41043262024,0.0,131202.41043262024,0.7655092398441302,0.0,0.7655092398441302
B,2022-02-02T00:00:00+0000,170094.26664073204,6000.0,4.5,131202.41043262024,0.0,131202.41043262024,0.7713511632331618,0.0,0.7713511632331618
B,2022-02-03T00:00:00+0000,170289.76698633685,6000.0,4.5,131202.41043262024,0.0,131202.41043262024,0.7704656172507842,0.0,0.7704656172507842
B,2022-02-04T00:00:00+0000,173979.8375161087,6000.0,4.5,131202.41043262024,0.0,131202.41043262024,0.7541242267252507,0.0,0.7541242267252507
B,2022-02-05T00:00:00+0000,174204.43523774628,6000.0,4.5,131202.41043262024,0.0,131202.41043262024,0.753151951921093,0.0,0.753151951921093
B,2022-02-06T00:00:00+0000,174740.70962369797,6000.0,4.5,131202.41043262024,0.0,131202.41043262024,0.750840549492806,0.0,0.750840549492806
B,2022-02-07T00:00:00+0000,175797.2846754521,6000.0,4.5,131202.41043262024,0.0,131202.41043262024,0.7463278552614699,0.0,0.7463278552614699
B,2022-02-08T00:00:00+0000,175531.12132678012,6000.0,4.5,131202.41043262024,0.0,131202.41043262024,0.747459535613433,0.0,0.747459535613433
B,2022-02-09T00:00:00+0000,177092.14111350058,6000.0,4.5,131202.41043262024,0.0,131202.41043262024,0.740870880026974,0.0,0.740870880026974
B,2022-02-10T00:00:00+0000,175012.03564110136,6000.0,4.5,131202.41043262024,0.0,131202.41043262024,0.7496765005446717,0.0,0.7496765005446717
B,2022-02-11T00:00:00+0000,173250.78972634947,6000.0,4.5,131202.41043262024,0.0,131202.41043262024,0.7572976183245983,0.0,0.7572976183245983
B,2022-02-12T00:00:00+0000,173155.75127821593,6000.0,4.5,131202.41043262024,0.0,131202.41043262024,0.7577132694934997,0.0,0.7577132694934997
B,2022-02-13T00:00:00+0000,172585.82517226704,6000.0,4.5,131202.41043262024,0.0,131202.41043262024,0.760215448178668,0.0,0.760215448178668
B,2022-02-14T00:00:00+0000,173315.67256551757,6000.0,4.5,131202.41043262024,0.0,131202.41043262024,0.7570141147103849,0.0,0.7570141147103849
B,2022-02-15T00:00:00+0000,176434.75719127728,6000.0,4.5,131202.41043262024,0.0,131202.41043262024,0.7436313146075887,0.0,0.7436313146075887
B,2022-02-16T00:00:00+0000,175694.63523403573,6000.0,4.5,131202.41043262024,0.0,131202.41043262024,0.7467638966770431,0.0,0.7467638966770431
B,2022-02-17T00:00:00+0000,172864.05426061703,6000.0,4.5,131202.41043262024,0.0,131202.41043262024,0.7589918620953667,0.0,0.7589918620953667
B,2022-02-18T00:00:00+0000,171503.7778880365,6000.0,4.5,131202.41043262024,0.0,131202.41043262024,0.7650117801968982,0.0,0.7650117801968982
B,2022-02-19T00:00:00+0000,171324.6674858331,6000.0,4.5,131202.41043262024,0.0,131202.41043262024,0.765811557424849,0.0,0.765811557424849
B,2022-02-20T00:00:00+0000,169593.00024419796,6000.0,4.5,131202.41043262024,0.0,131202.41043262024,0.7736310475296806,0.0,0.7736310475296806
B,2022-02-21T00:00:00+0000,168929.51883004178,6000.0,4.5,131202.41043262024,0.0,131202.41043262024,0.7766695326032487,0.0,0.7766695326032487
B,2022-02-22T00:00:00+0000,169788.5406956079,6000.0,4.5,131202.41043262024,0.0,131202.41043262024,0.7727400794841403,0.0,0.7727400794841403
B,2022-02-23T00:00:00+0000,169098.69810011506,6000.0,4.5,131202.41043262024,0.0,131202.41043262024,0.775892493003948,0.0,0.775892493003948
B,2022-02-24T00:00:00+0000,169327.86347963207,6000.0,4.5,131202.41043262024,0.0,131202.41043262024,0.7748424136255766,0.0,0.7748424136255766
B,2022-02-25T00:00:00+0000,171446.22918561823,6000.0,4.5,131202.41043262024,0.0,131202.41043262024,0.7652685687859162,0.0,0.7652685687859162
B,2022-02-26T00:00:00+0000,171589.918364567,6000.0,4.5,131202.41043262024,0.0,131202.41043262024,0.7646277338617423,0.0,0.7646277338617423
B,2022-02-27T00:00:00+0000,169603.30562486275,6000.0,4.5,131202.41043262024,0.0,131202.41043262024,0.7735840404126345,0.0,0.7735840404126345
B,2022-02-28T00:00:00+0000,173399.49256095488,6000.0,4.5,131202.41043262024,0.0,131202.41043262024,0.7566481798468865,0.0,0.7566481798468865
B,2022-03-01T00:00:00+0000,174105.2627746254,6000.0,4.5,131202.41043262024,0.0,131202.41043262024,0.7535809563807284,0.0,0.7535809563807284
B,2022-03-02T00:00:00+0000,173755.76147203433,6000.0,4.5,131202.41043262024,0.0,131202.41043262024,0.7550967479932286,0.0,0.7550967479932286
B,2022-03-03T00:00:00+0000,172366.7712369336,6000.0,4.5,131202.41043262024,0.0,131202.41043262024,0.7611815751440325,0.0,0.7611815751440325
B,2022-03-04T00:00:00+0000,169747.22587434505,6000.0,4.5,131202.41043262024,0.0,131202.41043262024,0.7729281568921926,0.0,0.7729281568921926
B,2022-03-05T00:00:00+0000,170286.52545374318,6000.0,4.5,131202.41043262024,0.0,131202.41043262024,0.7704802836455795,0.0,0.7704802836455795
B,2022-03-06T00:00:00+0000,168897.85409405862,6000.0,4.5,131202.41043262024,0.0,131202.41043262024,0.7768151415325506,0.0,0.7768151415325506
B,2022-03-07T00:00:00+0000,168171.2510162511,6000.0,4.5,131202.41043262024,0.0,131202.41043262024,0.7801714599836187,0.0,0.7801714599836187
B,2022-03-08T00:00:00+0000,169227.62902144511,6000.0,4.5,131202.41043262024,0.0,131202.41043262024,0.7753013570614631,0.0,0.7753013570614631
B,2022-03-09T00:00:00+0000,171134.60298096208,6000.0,4.5,131202.41043262024,0.0,131202.41043262024,0.7666620785465339,0.0,0.7666620785465339
B,2022-03-10T00:00:00+0000,169637.2328330691,6000.0,4.5,131202.41043262024,0.0,131202.41043262024,0.7734293246915286,0.0,0.7734293246915286
B,2022-03-11T00:00:00+0000,169030.27818410983,6000.0,4.5,131202.41043262024,0.0,131202.41043262024,0.7762065580328334,0.0,0.7762065580328334
B,2022-03-12T00:00:00+0000,169188.7381289857,6000.0,4.5,131202.41043262024,0.0,131202.41043262024,0.7754795731888163,0.0,0.7754795731888163
B,2022-03-13T00:00:00+0000,168534.04003429256,6000.0,4.5,131202.41043262024,0.0,131202.41043262024,0.7784920506618351,0.0,0.7784920506618351
B,2022-03-14T00:00:00+0000,169480.90025427134,6000.0,4.5,131202.41043262024,0.0,131202.41043262024,0.774142751400175,0.0,0.774142751400175
B,2022-03-15T00:00:00+0000,169828.7469310703,6000.0,4.5,131202.41043262024,0.0,131202.41043262024,0.7725571365481039,0.0,0.7725571365481039
B,2022-03-16T00:00:00+0000,171775.30566009128,6000.0,4.5,131202.41043262024,0.0,131202.41043262024,0.7638025147354031,0.0,0.7638025147354031
B,2022-03-17T00:00:00+0000,172245.96317025446,6000.0,4.5,131202.41043262024,0.0,131202.41043262024,0.7617154446919304,0.0,0.7617154446919304
B,2022-03-18T00:00:00+0000,173818.71393130568,6000.0,4.5,131202.41043262024,0.0,131202.41043262024,0.7548232722770708,0.0,0.7548232722770708
B,2022-03-19T00:00:00+0000,173985.33452841302,6000.0,4.5,131202.41043262024,0.0,131202.41043262024,0.7541004004058398,0.0,0.7541004004058398
B,2022-03-20T00:00:00+0000,172889.79800131012,6000.0,4.5,131202.41043262024,0.0,131202.41043262024,0.7588788462325927,0.0,0.7588788462325927
B,2022-03-21T00:00:00+0000,173243.82252655085,6000.0,4.5,131202.41043262024,0.0,131202.41043262024,0.7573280739202838,0.0,0.7573280739202838
B,2022-03-22T00:00:00+0000,174253.84096070463,6000.0,4.5,131202.41043262024,0.0,131202.41043262024,0.7529384127733932,0.0,0.7529384127733932
B,2022-03-23T00:00:00+0000,175083.97187241304,6000.0,4.5,131202.41043262024,0.0,131202.41043262024,0.7493684831883405,0.0,0.7493684831883405
B,2022-03-24T00:00:00+0000,176030.03232352668,6000.0,4.5,131202.41043262024,0.0,131202.41043262024,0.7453410574366226,0.0,0.7453410574366226
B,2022-03-25T00:00:00+0000,175944.99277296956,6000.0,4.5,131202.41043262024,0.0,131202.41043262024,0.7457013033722257,0.0,0.7457013033722257
B,2022-03-26T00:00:00+0000,176482.2762655688,6000.0,4.5,131202.41043262024,0.0,131202.41043262024,0.7434310867295713,0.0,0.7434310867295713
B,2022-03-27T00:00:00+0000,178380.62320179652,6000.0,4.5,131202.41043262024,0.0,131202.41043262024,0.7355194083170961,0.0,0.7355194083170961
B,2022-03-28T00:00:00+0000,178852.37906195433,6000.0,4.5,131202.41043262024,0.0,131202.41043262024,0.733579341358226,0.0,0.733579341358226
B,2022-03-29T00:00:00+0000,179692.95681486413,6000.0,4.5,131202.41043262024,0.0,131202.41043262024,0.7301477629298336,0.0,0.7301477629298336
B,2022-03-30T00:00:00+0000,179516.94450426882,6000.0,4.5,131202.41043262024,0.0,131202.41043262024,0.7308636563246558,0.0,0.7308636563246558
B,2022-03-31T00:00:00+0000,178222.85731678223,6000.0,4.5,131202.41043262024,0.0,131202.41043262024,0.7361705025265896,0.0,0.7361705025265896
B,2022-04-01T00:00:00+0000,180364.31168723796,6000.0,4.5,131202.41043262024,0.0,131202.41043262024,0.7274299954645835,0.0,0.7274299954645835
B,2022-04-02T00:00:00+0000,180225.02472696707,6000.0,4.5,131202.41043262024,0.0,131202.41043262024,0.7279921899380293,0.0,0.7279921899380293
B,2022-04-03T00:00:00+0000,181201.55598746863,6000.0,4.5,131202.41043262024,0.0,131202.41043262024,0.7240688950910212,0.0,0.7240688950910212
B,2022-04-04T00:00:00+0000,181188.96459670732,6000.0,4.5,131202.41043262024,0.0,131202.41043262024,0.7241192129148274,0.0,0.7241192129148274
B,2022-04-05T00:00:00+0000,179805.51488087175,6000.0,4.5,131202.41043262024,0.0,131202.41043262024,0.7296906911867915,0.0,0.7296906911867915
B,2022-04-06T00:00:00+0000,176858.36990487284,6000.0,4.5,131202.41043262024,0.0,131202.41043262024,0.7418501623824212,0.0,0.7418501623824212
B,2022-04-07T00:00:00+0000,177590.44130706292,6000.0,4.5,131202.41043262024,0.0,131202.41043262024,0.7387920738693621,0.0,0.7387920738693621
B,2022-04-08T00:00:00+0000,177146.86055249718,6000.0,4.5,131202.41043262024,0.0,131202.41043262024,0.7406420301405151,0.0,0.7406420301405151
B,2022-04-09T00:00:00+0000,177976.54848214728,6000.0,4.5,131202.41043262024,0.0,131202.41043262024,0.7371893182082979,0.0,0.7371893182082979
B,2022-04-10T00:00:00+0000,177297.27957473585,6000.0,4.5,131202.41043262024,0.0,131202.41043262024,0.7400136693993361,0.0,0.7400136693993361
B,2022-04-11T00:00:00+0000,174522.66828323988,6000.0,4.5,131202.41043262024,0.0,131202.41043262024,0.7517786183493742,0.0,0.7517786183493742
B,2022-04-12T00:00:00+0000,175132.26000347067,6000.0,4.5,131202.41043262024,0.0,131202.41043262024,0.7491618644675752,0.0,0.7491618644675752
B,2022-04-13T00:00:00+0000,176275.89074489908,6000.0,4.5,131202.41043262024,0.0,131202.41043262024,0.744301503048379,0.0,0.744301503048379
B,2022-04-14T00:00:00+0000,175083.06250881642,6000.0,4.5,131202.41043262024,0.0,131202.41043262024,0.7493723753319282,0.0,0.7493723753319282
B,2022-04-15T00:00:00+0000,175338.7020978325,6000.0,4.5,131202.41043262024,0.0,131202.41043262024,0.7482798085240425,0.0,0.7482798085240425
B,2022-04-16T00:00:00+0000,175573.15780823666,6000.0,4.5,131202.41043262024,0.0,131202.41043262024,0.7472805756328724,0.0,0.7472805756328724
B,2022-04-17T00:00:00+0000,174698.72680783528,6000.0,4.5,131202.41043262024,0.0,131202.41043262024,0.7510209881319855,0.0,0.7510209881319855
B,2022-04-18T00:00:00+0000,175564.82094223413,6000.0,4.5,131202.41043262024,0.0,131202.41043262024,0.747316060976644,0.0,0.747316060976644
B,2022-04-19T00:00:00+0000,176159.32460989308,6000.0,4.5,131202.41043262024,0.0,131202.41043262024,0.7447940137325658,0.0,0.7447940137325658
B,2022-04-20T00:00:00+0000,175854.67525115868,6000.0,4.5,131202.41043262024,0.0,131202.41043262024,0.7460842894579555,0.0,0.7460842894579555
B,2022-04-21T00:00:00+0000,174716.05387589478,6000.0,4.5,131202.41043262024,0.0,131202.41043262024,0.7509465073302114,0.0,0.7509465073302114
B,2022-04-22T00:00:00+0000,174446.31181299474,6000.0,4.5,131202.41043262024,0.0,131202.41043262024,0.7521076775373063,0.0,0.7521076775373063
B,2022-04-23T00:00:00+0000,174093.14790482016,6000.0,4.5,131202.41043262024,0.0,131202.41043262024,0.7536333969005543,0.0,0.7536333969005543
B,2022-04-24T00:00:00+0000,173959.21684519807,6000.0,4.5,131202.41043262024,0.0,131202.41043262024,0.7542136186401319,0.0,0.7542136186401319
B,2022-04-25T00:00:00+0000,175042.97487905258,6000.0,4.5,131202.41043262024,0.0,131202.41043262024,0.749543993543732,0.0,0.749543993543732
B,2022-04-26T00:00:00+0000,172587.0358861476,6000.0,4.5,131202.41043262024,0.0,131202.41043262024,0.7602101151975978,0.0,0.7602101151975978
B,2022-04-27T00:00:00+0000,173599.1031760495,6000.0,4.5,131202.41043262024,0.0,131202.41043262024,0.7557781580217374,0.0,0.7557781580217374
B,2022-04-28T00:00:00+0000,174210.54916490283,6000.0,4.5,131202.41043262024,0.0,131202.41043262024,0.7531255200190415,0.0,0.7531255200190415
B,2022-04-29T00:00:00+0000,172728.96838572243,6000.0,4.5,131202.41043262024,0.0,131202.41043262024,0.7595854456771322,0.0,0.7595854456771322
B,2022-04-30T00:00:00+0000,171609.192149047,6000.0,4.5,131202.41043262024,0.0,131202.41043262024,0.7645418569342577,0.0,0.7645418569342577
B,2022-05-01T00:00:00+0000,172842.02959810226,6000.0,4.5,131202.41043262024,0.0,131202.41043262024,0.7590885778053881,0.0,0.7590885778053881
B,2022-05-02T00:00:00+0000,173241.26937438783,6000.0,4.5,131202.41043262024,0.0,131202.41043262024,0.7573392350819229,0.0,0.7573392350819229
B,2022-05-03T00:00:00+0000,172316.465223288,6000.0,4.5,131202.41043262024,0.0,131202.41043262024,0.7614037942491909,0.0,0.7614037942491909
B,2022-05-04T00:00:00+0000,174327.8114879509,6000.0,4.5,131202.41043262024,0.0,131202.41043262024,0.7526189270246681,0.0,0.7526189270246681
B,2022-05-05T00:00:00+0000,171888.19817357545,6000.0,4.5,131202.41043262024,0.0,131202.41043262024,0.7633008654854241,0.0,0.7633008654854241
B,2022-05-06T00:00:00+0000,171211.40988862715,6000.0,4.5,131202.41043262024,0.0,131202.41043262024,0.7663181473592634,0.0,0.7663181473592634
B,2022-05-07T00:00:00+0000,170505.25263042282,6000.0,4.5,131202.41043262024,0.0,131202.41043262024,0.7694918978068487,0.0,0.7694918978068487
B,2022-05-08T00:00:00+0000,169060.48219911824,6000.0,4.5,131202.41043262024,0.0,131202.41043262024,0.7760678824877062,0.0,0.7760678824877062
B,2022-05-09T00:00:00+0000,165389.8445025417,6000.0,4.5,131202.41043262024,0.0,131202.41043262024,0.7932918180511617,0.0,0.7932918180511617
B,2022-05-10T00:00:00+0000,166815.0528010549,6000.0,4.5,131202.41043262024,0.0,131202.41043262024,0.7865142157710034,0.0,0.7865142157710034
B,2022-05-11T00:00:00+0000,163632.91049870042,6000.0,4.5,131202.41043262024,0.0,131202.41043262024,0.8018094283891763,0.0,0.8018094283891763
B,2022-05-12T00:00:00+0000,162127.0200473677,6000.0,4.5,131202.41043262024,0.0,131202.41043262024,0.8092569048286189,0.0,0.8092569048286189
B,2022-05-13T00:00:00+0000,162749.34425625962,6000.0,4.5,131202.41043262024,0.0,131202.41043262024,0.8061624520344202,0.0,0.8061624520344202
B,2022-05-14T00:00:00+0000,163360.8624366816,6000.0,4.5,131202.41043262024,0.0,131202.41043262024,0.8031446974239259,0.0,0.8031446974239259
B,2022-05-15T00:00:00+0000,164500.54923640785,6000.0,4.5,131202.41043262024,0.0,131202.41043262024,0.7975803791637557,0.0,0.7975803791637557
B,2022-05-16T00:00:00+0000,162977.9122636063,6000.0,4.5,131202.41043262024,0.0,131202.41043262024,0.8050318513125188,0.0,0.8050318513125188
B,2022-05-17T00:00:00+0000,163827.22223259,6000.0,4.5,131202.41043262024,0.0,131202.41043262024,0.8008584205032091,0.0,0.8008584205032091
B,2022-05-18T00:00:00+0000,161636.27968394881,6000.0,4.5,131202.41043262024,0.0,131202.41043262024,0.8117138719671312,0.0,0.8117138719671312
B,2022-05-19T00:00:00+0000,162982.35844933317,6000.0,4.5,131202.41043262024,0.0,131202.41043262024,0.8050098899103091,0.0,0.8050098899103091
B,2022-05-20T00:00:00+0000,162213.6745035725,6000.0,4.5,131202.41043262024,0.0,131202.41043262024,0.8088246002326439,0.0,0.8088246002326439
B,2022-05-21T00:00:00+0000,162429.99957458396,6000.0,4.5,131202.41043262024,0.0,131202.41043262024,0.8077474036584925,0.0,0.8077474036584925
B,2022-05-22T00:00:00+0000,163305.17182414353,6000.0,4.5,131202.41043262024,0.0,131202.41043262024,0.8034185872196784,0.0,0.8034185872196784
B,2022-05-23T00:00:00+0000,162418.1143906399,6000.0,4.5,131202.41043262024,0.0,131202.41043262024,0.8078065117604972,0.0,0.8078065117604972
B,2022-05-24T00:00:00+0000,162527.49996690394,6000.0,4.5,131202.41043262024,0.0,131202.41043262024,0.807262835269954,0.0,0.807262835269954
B,2022-05-25T00:00:00+0000,162087.89319892618,6000.0,4.5,131202.41043262024,0.0,131202.41043262024,0.8094522536090897,0.0,0.8094522536090897
B,2022-05-26T00:00:00+0000,160258.28274670226,6000.0,4.5,131202.41043262024,0.0,131202.41043262024,0.8186934752071033,0.0,0.8186934752071033
B,2022-05-27T00:00:00+0000,159456.05618831178,6000.0,4.5,131202.41043262024,0.0,131202.41043262024,0.8228123382010338,0.0,0.8228123382010338
B,2022-05-28T00:00:00+0000,160274.71586137667,6000.0,4.5,131202.41043262024,0.0,131202.41043262024,0.818609533808805,0.0,0.818609533808805
B,2022-05-29T00:00:00+0000,160566.58732736722,6000.0,4.5,131202.41043262024,0.0,131202.41043262024,0.8171214984168621,0.0,0.8171214984168621
B,2022-05-30T00:00:00+0000,162930.0277022458,6000.0,4.5,131202.41043262024,0.0,131202.41043262024,0.8052684473385857,0.0,0.8052684473385857
B,2022-05-31T00:00:00+0000,162254.33423661787,6000.0,4.5,131202.41043262024,0.0,131202.41043262024,0.8086219147852521,0.0,0.8086219147852521
B,2022-06-01T00:00:00+0000,160668.7686517515,6000.0,4.5,131202.41043262024,0.0,131202.41043262024,0.8166018295503378,0.0,0.8166018295503378
B,2022-06-02T00:00:00+0000,160906.78870967287,6000.0,4.5,131202.41043262024,0.0,131202.41043262024,0.8153938779385573,0.0,0.8153938779385573
B,2022-06-03T00:00:00+0000,160167.37494799995,6000.0,4.5,131202.41043262024,0.0,131202.41043262024,0.8191581492499113,0.0,0.8191581492499113
B,2022-06-04T00:00:00+0000,160544.95303745772,6000.0,4.5,131202.41043262024,0.0,131202.41043262024,0.8172316099031067,0.0,0.8172316099031067
B,2022-06-05T00:00:00+0000,160579.62962142343,6000.0,4.5,131202.41043262024,0.0,131202.41043262024,0.817055131724604,0.0,0.817055131724604
B,2022-06-06T00:00:00+0000,161312.4892967793,6000.0,4.5,131202.41043262024,0.0,131202.41043262024,0.8133431639706261,0.0,0.8133431639706261
B,2022-06-07T00:00:00+0000,160747.94851173754,6000.0,4.5,131202.41043262024,0.0,131202.41043262024,0.8161995947527757,0.0,0.8161995947527757
B,2022-06-08T00:00:00+0000,160454.45893871333,6000.0,4.5,131202.41043262024,0.0,131202.41043262024,0.817692517243998,0.0,0.817692517243998
B,2022-06-09T00:00:00+0000,160424.43656549393,6000.0,4.5,131202.41043262024,0.0,131202.41043262024,0.8178455429952924,0.0,0.8178455429952924
B,2022-06-10T00:00:00+0000,158856.74153659045,6000.0,4.5,131202.41043262024,0.0,131202.41043262024,0.8259165406738472,0.0,0.8259165406738472
B,2022-06-11T00:00:00+0000,157256.08059384214,6000.0,4.5,131202.41043262024,0.0,131202.41043262024,0.8343232893581215,0.0,0.8343232893581215
B,2022-06-12T00:00:00+0000,155983.6036873822,6000.0,4.5,131202.41043262024,0.0,131202.41043262024,0.8411294990694811,0.0,0.8411294990694811
B,2022-06-13T00:00:00+0000,153054.25491822985,6000.0,4.5,131202.41043262024,0.0,131202.41043262024,0.8572281149760645,0.0,0.8572281149760645
B,2022-06-14T00:00:00+0000,153036.83895254647,6000.0,4.5,131202.41043262024,0.0,131202.41043262024,0.8573256696271894,0.0,0.8573256696271894
B,2022-06-15T00:00:00+0000,154174.92782407947,6000.0,4.5,93431.96238729518,0.0,93431.96238729518,0.6060126877043539,0.0,0.6060126877043539
B,2022-06-16T00:00:00+0000,147718.0631412369,6000.0,4.5,93431.96238729518,0.0,93431.96238729518,0.6325019459398311,0.0,0.6325019459398311
B,2022-06-17T00:00:00+0000,148244.9815131299,6000.0,4.5,93431.96238729518,0.0,93431.96238729518,0.6302537963419693,0.0,0.6302537963419693
B,2022-06-18T00:00:00+0000,145284.78827294582,6000.0,4.5,105165.34183863545,0.0,105165.34183863545,0.7238565240640461,0.0,0.7238565240640461
B,2022-06-19T00:00:00+0000,150855.6507037421,6000.0,4.5,88413.46970515324,0.0,88413.46970515324,0.5860799333184015,0.0,0.5860799333184015
B,2022-06-20T00:00:00+0000,150860.21639105165,6000.0,4.5,88413.46970515324,0.0,88413.46970515324,0.5860621959865989,0.0,0.5860621959865989
B,2022-06-21T00:00:00+0000,151006.06657450553,6000.0,4.5,88413.46970515324,0.0,88413.46970515324,0.5854961440342566,0.0,0.5854961440342566
B,2022-06-22T00:00:00+0000,148077.9899079778,6000.0,4.5,88413.46970515324,0.0,88413.46970515324,0.5970736755685113,0.0,0.5970736755685113
B,2022-06-23T00:00:00+0000,152030.89332084457,6000.0,4.5,88413.46970515324,0.0,88413.46970515324,0.5815493665393802,0.0,0.5815493665393802
B,2022-06-24T00:00:00+0000,154305.86156159383,6000.0,4.5,88413.46970515324,0.0,88413.46970515324,0.57297544506993,0.0,0.57297544506993
B,2022-06-25T00:00:00+0000,155103.67483337148,6000.0,4.5,88413.46970515324,0.0,88413.46970515324,0.5700282072628917,0.0,0.5700282072628917
B,2022-06-26T00:00:00+0000,153906.97030785165,6000.0,4.5,110297.11991986028,0.0,110297.11991986028,0.7166479835139307,0.0,0.7166479835139307
B,2022-06-27T00:00:00+0000,153421.4224418784,6000.0,4.5,94018.48193590842,0.0,94018.48193590842,0.6128119557197172,0.0,0.6128119557197172
B,2022-06-28T00:00:00+0000,151706.76845368705,6000.0,4.5,94018.48193590842,0.0,94018.48193590842,0.6197382153361887,0.0,0.6197382153361887
B,2022-06-29T00:00:00+0000,150457.7402111214,6000.0,4.5,94018.48193590842,0.0,94018.48193590842,0.6248829857738276,0.0,0.6248829857738276
B,2022-06-30T00:00:00+0000,149542.5669884169,6000.0,4.5,94018.48193590842,0.0,94018.48193590842,0.6287071556233939,0.0,0.6287071556233939
B,2022-07-01T00:00:00+0000,148506.3919348879,6000.0,4.5,94018.48193590842,0.0,94018.48193590842,0.6330938400087889,0.0,0.6330938400087889
B,2022-07-02T00:00:00+0000,148665.81923060946,6000.0,4.5,94018.48193590842,0.0,94018.48193590842,0.632414918388655,0.0,0.632414918388655
B,2022-07-03T00:00:00+0000,148929.32764020923,6000.0,4.5,94018.48193590842,0.0,94018.48193590842,0.6312959537630014,0.0,0.6312959537630014
B,2022-07-04T00:00:00+0000,151222.1231786107,6000.0,4.5,105678.86248137943,0.0,105678.86248137943,0.6988320244423533,0.0,0.6988320244423533
B,2022-07-05T00:00:00+0000,150681.0253537652,6000.0,4.5,92276.26094040877,0.0,92276.26094040877,0.6123946974993357,0.0,0.6123946974993357
B,2022-07-06T00:00:00+0000,152504.13518306363,6000.0,4.5,92276.26094040877,0.0,92276.26094040877,0.6050738285203989,0.0,0.6050738285203989
B,2022-07-07T00:00:00+0000,155057.42240319346,6000.0,4.5,92276.26094040877,0.0,92276.26094040877,0.5951102469668573,0.0,0.5951102469668573
B,2022-07-08T00:00:00+0000,154450.18591733056,6000.0,4.5,92276.26094040877,0.0,92276.26094040877,0.5974499829336536,0.0,0.5974499829336536
B,2022-07-09T00:00:00+0000,154532.67808428744,6000.0,4.5,92276.26094040877,0.0,92276.26094040877,0.5971310539902642,0.0,0.5971310539902642
B,2022-07-10T00:00:00+0000,152456.743371211,6000.0,4.5,92276.26094040877,0.0,92276.26094040877,0.6052619182329567,0.0,0.6052619182329567
B,2022-07-11T00:00:00+0000,149596.9769956899,6000.0,4.5,92276.26094040877,0.0,92276.26094040877,0.6168323905573798,0.0,0.6168323905573798
B,2022-07-12T00:00:00+0000,147937.51635730258,6000.0,4.5,106176.51758009434,0.0,106176.51758009434,0.7177119110452957,0.0,0.7177119110452957
B,2022-07-13T00:00:00+0000,151068.76211735015,6000.0,4.5,90139.83523868941,0.0,90139.83523868941,0.5966808357684749,0.0,0.5966808357684749
B,2022-07-14T00:00:00+0000,153565.83140816842,6000.0,4.5,90139.83523868941,0.0,90139.83523868941,0.5869784600657899,0.0,0.5869784600657899
B,2022-07-15T00:00:00+0000,154867.37960780706,6000.0,4.5,90139.83523868941,0.0,90139.83523868941,0.5820453310888547,0.0,0.5820453310888547
B,2022-07-16T00:00:00+0000,158574.4893417207,6000.0,4.5,90139.83523868941,0.0,90139.83523868941,0.5684384393282972,0.0,0.5684384393282972
B,2022-07-17T00:00:00+0000,157628.32950080617,6000.0,4.5,90139.83523868941,0.0,90139.83523868941,0.5718504758894143,0.0,0.5718504758894143
B,2022-07-18T00:00:00+0000,166021.41805317986,6000.0,4.5,90139.83523868941,0.0,90139.83523868941,0.5429410030085148,0.0,0.5429410030085148
B,2022-07-19T00:00:00+0000,166489.7499717432,6000.0,4.5,76995.23271561817,0.0,76995.23271561817,0.4624623001036753,0.0,0.4624623001036753
B,2022-07-20T00:00:00+0000,165613.1303451729,6000.0,4.5,76995.23271561817,0.0,76995.23271561817,0.464910194953406,0.0,0.464910194953406
B,2022-07-21T00:00:00+0000,167068.52887450403,6000.0,4.5,76995.23271561817,0.0,76995.23271561817,0.46086018255092354,0.0,0.46086018255092354
B,2022-07-22T00:00:00+0000,164757.91953389562,6000.0,4.5,60812.012934061655,0.0,60812.012934061655,0.36909917960909194,0.0,0.36909917960909194
B,2022-07-23T00:00:00+0000,164719.88865891064,6000.0,4.5,60812.012934061655,0.0,60812.012934061655,0.3691843980054317,0.0,0.3691843980054317
B,2022-07-24T00:00:00+0000,166611.00515152508,6000.0,4.5,60812.012934061655,0.0,60812.012934061655,0.36499397431013586,0.0,0.36499397431013586
B,2022-07-25T00:00:00+0000,158811.157172882,6000.0,4.5,60812.012934061655,0.0,60812.012934061655,0.38292028102195386,0.0,0.38292028102195386
B,2022-07-26T00:00:00+0000,158978.82628874353,6000.0,4.5,60812.012934061655,0.0,60812.012934061655,0.38251642909737243,0.0,0.38251642909737243
B,2022-07-27T00:00:00+0000,168679.54502686812,6000.0,4.5,60812.012934061655,0.0,60812.012934061655,0.3605180042688354,0.0,0.3605180042688354
B,2022-07-28T00:00:00+0000,173474.9176374743,6000.0,4.5,60812.012934061655,0.0,60812.012934061655,0.35055219372489244,0.0,0.35055219372489244
B,2022-07-29T00:00:00+0000,173311.20834170008,6000.0,4.5,124033.63294036778,0.0,124033.63294036778,0.7156700026914778,0.0,0.7156700026914778
B,2022-07-30T00:00:00+0000,172795.3584587187,6000.0,4.5,124033.63294036778,0.0,124033.63294036778,0.7178065085006307,0.0,0.7178065085006307
B,2022-07-31T00:00:00+0000,172293.0269037133,6000.0,4.5,124033.63294036778,0.0,124033.63294036778,0.7198993201836573,0.0,0.7198993201836573
B,2022-08-01T00:00:00+0000,171382.0549588459,6000.0,4.5,124033.63294036778,0.0,124033.63294036778,0.7237259056681988,0.0,0.7237259056681988
B,2022-08-02T00:00:00+0000,171282.40152082386,6000.0,4.5,124033.63294036778,0.0,124033.63294036778,0.7241469750486202,0.0,0.7241469750486202
B,2022-08-03T00:00:00+0000,170976.28680868418,6000.0,4.5,124033.63294036778,0.0,124033.63294036778,0.7254434825757832,0.0,0.7254434825757832
B,2022-08-04T00:00:00+0000,170707.3697313128,6000.0,4.5,124033.63294036778,0.0,124033.63294036778,0.7265862811640307,0.0,0.7265862811640307
B,2022-08-05T00:00:00+0000,173480.82846391347,6000.0,4.5,124033.63294036778,0.0,124033.63294036778,0.7149702594726113,0.0,0.7149702594726113
B,2022-08-06T00:00:00+0000,172453.04296049272,6000.0,4.5,124033.63294036778,0.0,124033.63294036778,0.7192313386362377,0.0,0.7192313386362377
B,2022-08-07T00:00:00+0000,172745.6142723353,6000.0,4.5,124033.63294036778,0.0,124033.63294036778,0.7180132095558005,0.0,0.7180132095558005
B,2022-08-08T00:00:00+0000,174505.0919938926,6000.0,4.5,124033.63294036778,0.0,124033.63294036778,0.7107737173922052,0.0,0.7107737173922052
B,2022-08-09T00:00:00+0000,172807.18335241222,6000.0,4.5,124033.63294036778,0.0,124033.63294036778,0.7177573902551337,0.0,0.7177573902551337
B,2022-08-10T00:00:00+0000,176052.27196926757,6000.0,4.5,124033.63294036778,0.0,124033.63294036778,0.7045273063105918,0.0,0.7045273063105918
B,2022-08-11T00:00:00+0000,176562.68772613432,6000.0,4.5,124033.63294036778,0.0,124033.63294036778,0.7024906254981566,0.0,0.7024906254981566
B,2022-08-12T00:00:00+0000,178272.8264253539,6000.0,4.5,124033.63294036778,0.0,124033.63294036778,0.6957517610924452,0.0,0.6957517610924452
B,2022-08-13T00:00:00+0000,178783.30235180247,6000.0,4.5,124033.63294036778,0.0,124033.63294036778,0.6937651967984094,0.0,0.6937651967984094
B,2022-08-14T00:00:00+0000,177814.74331645668,6000.0,4.5,124033.63294036778,0.0,124033.63294036778,0.6975441441299683,0.0,0.6975441441299683
B,2022-08-15T00:00:00+0000,177041.55596438513,6000.0,4.5,124033.63294036778,0.0,124033.63294036778,0.7005905041035633,0.0,0.7005905041035633
B,2022-08-16T00:00:00+0000,176519.0262747968,6000.0,4.5,124033.63294036778,0.0,124033.63294036778,0.7026643844458889,0.0,0.7026643844458889
B,2022-08-17T00:00:00+0000,175492.44553772546,6000.0,4.5,124033.63294036778,0.0,124033.63294036778,0.7067747706194246,0.0,0.7067747706194246
B,2022-08-18T00:00:00+0000,175667.648480821,6000.0,4.5,124033.63294036778,0.0,124033.63294036778,0.7060698655273996,0.0,0.7060698655273996
B,2022-08-19T00:00:00+0000,170094.00589211387,6000.0,4.5,124033.63294036778,0.0,124033.63294036778,0.7292063720284125,0.0,0.7292063720284125
B,2022-08-20T00:00:00+0000,169615.2783900404,6000.0,4.5,124033.63294036778,0.0,124033.63294036778,0.7312645070519243,0.0,0.7312645070519243
B,2022-08-21T00:00:00+0000,170599.01481141502,6000.0,4.5,124033.63294036778,0.0,124033.63294036778,0.727047767992553,0.0,0.727047767992553
B,2022-08-22T00:00:00+0000,170683.35116179805,6000.0,4.5,124033.63294036778,0.0,124033.63294036778,0.7266885264210157,0.0,0.7266885264210157
B,2022-08-23T00:00:00+0000,171530.59273249703,6000.0,4.5,124033.63294036778,0.0,124033.63294036778,0.7230991916048408,0.0,0.7230991916048408
B,2022-08-24T00:00:00+0000,171300.8867175749,6000.0,4.5,124033.63294036778,0.0,124033.63294036778,0.7240688318494404,0.0,0.7240688318494404
B,2022-08-25T00:00:00+0000,172134.16894032562,6000.0,4.5,124033.63294036778,0.0,124033.63294036778,0.7205636957724935,0.0,0.7205636957724935
B,2022-08-26T00:00:00+0000,167984.41940612753,6000.0,4.5,124033.63294036778,0.0,124033.63294036778,0.7383639112416602,0.0,0.7383639112416602
B,2022-08-27T00:00:00+0000,167327.88690415278,6000.0,4.5,103163.78397745753,0.0,103163.78397745753,0.6165367045873881,0.0,0.6165367045873881
B,2022-08-28T00:00:00+0000,165251.31688267144,6000.0,4.5,103163.78397745753,0.0,103163.78397745753,0.6242841867983654,0.0,0.6242841867983654
B,2022-08-29T00:00:00+0000,168244.72948987252,6000.0,4.5,117916.87105484674,0.0,117916.87105484674,0.700865170709224,0.0,0.700865170709224
B,2022-08-30T00:00:00+0000,167074.27309066197,6000.0,4.5,103340.14574008681,0.0,103340.14574008681,0.618528178087657,0.0,0.618528178087657
B,2022-08-31T00:00:00+0000,168047.33052521085,6000.0,4.5,103340.14574008681,0.0,103340.14574008681,0.6149466666153526,0.0,0.6149466666153526
B,2022-09-01T00:00:00+0000,168912.6486175775,6000.0,4.5,103340.14574008681,0.0,103340.14574008681,0.6117963727752058,0.0,0.6117963727752058
B,2022-09-02T00:00:00+0000,168472.930844686,6000.0,4.5,103340.14574008681,0.0,103340.14574008681,0.6133931737399129,0.0,0.6133931737399129
B,2022-09-03T00:00:00+0000,167928.4540052328,6000.0,4.5,103340.14574008681,0.0,103340.14574008681,0.615381987241225,0.0,0.615381987241225
B,2022-09-04T00:00:00+0000,168643.25525481813,6000.0,4.5,103340.14574008681,0.0,103340.14574008681,0.6127736658305188,0.0,0.6127736658305188
B,2022-09-05T00:00:00+0000,169355.32902970427,6000.0,4.5,103340.14574008681,0.0,103340.14574008681,0.6101971891416618,0.0,0.6101971891416618
B,2022-09-06T00:00:00+0000,167651.51680826955,6000.0,4.5,120990.40183862642,0.0,120990.40183862642,0.7216779432839493,0.0,0.7216779432839493
B,2022-09-07T00:00:00+0000,169911.78955142817,6000.0,4.5,102950.71773154831,0.0,102950.71773154831,0.605906853216843,0.0,0.605906853216843
B,2022-09-08T00:00:00+0000,170083.51273864304,6000.0,4.5,102950.71773154831,0.0,102950.71773154831,0.6052951051742822,0.0,0.6052951051742822
B,2022-09-09T00:00:00+0000,174385.03145023301,6000.0,4.5,102950.71773154831,0.0,102950.71773154831,0.5903644187541921,0.0,0.5903644187541921
B,2022-09-10T00:00:00+0000,176068.5805687863,6000.0,4.5,102950.71773154831,0.0,102950.71773154831,0.5847194167123283,0.0,0.5847194167123283
B,2022-09-11T00:00:00+0000,176088.2531715356,6000.0,4.5,102950.71773154831,0.0,102950.71773154831,0.5846540917823708,0.0,0.5846540917823708
B,2022-09-12T00:00:00+0000,175540.82756391645,6000.0,4.5,102950.71773154831,0.0,102950.71773154831,0.5864773406862445,0.0,0.5864773406862445
B,2022-09-13T00:00:00+0000,169628.5443125515,6000.0,4.5,102950.71773154831,0.0,102950.71773154831,0.6069185946785878,0.0,0.6069185946785878
B,2022-09-14T00:00:00+0000,170907.3545923806,6000.0,4.5,121195.90065082857,0.0,121195.90065082857,0.709132154902781,0.0,0.709132154902781
B,2022-09-15T00:00:00+0000,166456.15953294444,6000.0,4.5,105069.17122654752,0.0,105069.17122654752,0.6312122754805753,0.0,0.6312122754805753
B,2022-09-16T00:00:00+0000,165664.75019624687,6000.0,4.5,105069.17122654752,0.0,105069.17122654752,0.6342276863489809,0.0,0.6342276863489809
B,2022-09-17T00:00:00+0000,166824.4276845207,6000.0,4.5,105069.17122654752,0.0,105069.17122654752,0.6298188621707268,0.0,0.6298188621707268
B,2022-09-18T00:00:00+0000,162947.96555881607,6000.0,4.5,105069.17122654752,0.0,105069.17122654752,0.6448019824379017,0.0,0.6448019824379017
B,2022-09-19T00:00:00+0000,164060.67542099013,6000.0,4.5,105069.17122654752,0.0,105069.17122654752,0.6404287374590732,0.0,0.6404287374590732
B,2022-09-20T00:00:00+0000,162126.36780931306,6000.0,4.5,105069.17122654752,0.0,105069.17122654752,0.6480696054951772,0.0,0.6480696054951772
B,2022-09-21T00:00:00+0000,159890.16898909077,6000.0,4.5,105069.17122654752,0.0,105069.17122654752,0.657133405329732,0.0,0.657133405329732
B,2022-09-22T00:00:00+0000,162282.87948728038,6000.0,4.5,113902.85307728073,0.0,113902.85307728073,0.7018784325071601,0.0,0.7018784325071601
B,2022-09-23T00:00:00+0000,162155.83822702925,6000.0,4.5,99464.74599787954,0.0,99464.74599787954,0.6133898543857674,0.0,0.6133898543857674
B,2022-09-24T00:00:00+0000,161462.41604993664,6000.0,4.5,99464.74599787954,0.0,99464.74599787954,0.6160241400519942,0.0,0.6160241400519942
B,2022-09-25T00:00:00+0000,160775.96408292063,6000.0,4.5,99464.74599787954,0.0,99464.74599787954,0.618654327873166,0.0,0.618654327873166
B,2022-09-26T00:00:00+0000,162337.60090638473,6000.0,4.5,99464.74599787954,0.0,99464.74599787954,0.6127030672039924,0.0,0.6127030672039924
B,2022-09-27T00:00:00+0000,161963.74419811915,6000.0,4.5,99464.74599787954,0.0,99464.74599787954,0.6141173537962368,0.0,0.6141173537962368
B,2022-09-28T00:00:00+0000,162614.80043765536,6000.0,4.5,99464.74599787954,0.0,99464.74599787954,0.6116586296584559,0.0,0.6116586296584559
B,2022-09-29T00:00:00+0000,162809.6808589299,6000.0,4.5,99464.74599787954,0.0,99464.74599787954,0.6109264846730029,0.0,0.6109264846730029
B,2022-09-30T00:00:00+0000,162536.77142108226,6000.0,4.5,116082.46109634047,0.0,116082.46109634047,0.7141919953338245,0.0,0.7141919953338245
B,2022-10-01T00:00:00+0000,161966.53415414924,6000.0,4.5,99627.54537824793,0.0,99627.54537824793,0.6151119174003495,0.0,0.6151119174003495
B,2022-10-02T00:00:00+0000,160795.0015922244,6000.0,4.5,99627.54537824793,0.0,99627.54537824793,0.6195935470115114,0.0,0.6195935470115114
B,2022-10-03T00:00:00+0000,162663.0142009533,6000.0,4.5,99627.54537824793,0.0,99627.54537824793,0.6124781706993848,0.0,0.6124781706993848
B,2022-10-04T00:00:00+0000,164501.7012466273,6000.0,4.5,99627.54537824793,0.0,99627.54537824793,0.6056323103241497,0.0,0.6056323103241497
B,2022-10-05T00:00:00+0000,164061.6961306474,6000.0,4.5,99627.54537824793,0.0,99627.54537824793,0.607256585345256,0.0,0.607256585345256
B,2022-10-06T00:00:00+0000,163826.3794814658,6000.0,4.5,99627.54537824793,0.0,99627.54537824793,0.6081288355000186,0.0,0.6081288355000186
B,2022-10-07T00:00:00+0000,162786.61261455299,6000.0,4.5,99627.54537824793,0.0,99627.54537824793,0.6120131365725175,0.0,0.6120131365725175
B,2022-10-08T00:00:00+0000,162379.22684036882,6000.0,4.5,116066.44410065634,0.0,116066.44410065634,0.714786283683679,0.0,0.714786283683679
B,2022-10-09T00:00:00+0000,162583.73272591576,6000.0,4.5,99524.52473517557,0.0,99524.52473517557,0.6121431896446514,0.0,0.6121431896446514
B,2022-10-10T00:00:00+0000,161390.57494096065,6000.0,4.5,99524.52473517557,0.0,99524.52473517557,0.6166687538698173,0.0,0.6166687538698173
B,2022-10-11T00:00:00+0000,161066.4219700688,6000.0,4.5,99524.52473517557,0.0,99524.52473517557,0.6179098257591539,0.0,0.6179098257591539
B,2022-10-12T00:00:00+0000,161553.77645141538,6000.0,4.5,99524.52473517557,0.0,99524.52473517557,0.6160457955317802,0.0,0.6160457955317802
B,2022-10-13T00:00:00+0000,161655.55550103332,6000.0,4.5,99524.52473517557,0.0,99524.52473517557,0.6156579303860633,0.0,0.6156579303860633
B,2022-10-14T00:00:00+0000,161649.74074113052,6000.0,4.5,99524.52473517557,0.0,99524.52473517557,0.6156800764348663,0.0,0.6156800764348663
B,2022-10-15T00:00:00+0000,160996.4680217446,6000.0,4.5,99524.52473517557,0.0,99524.52473517557,0.6181783113511131,0.0,0.6181783113511131
B,2022-10-16T00:00:00+0000,161762.97466836128,6000.0,4.5,114724.49372082633,0.0,114724.49372082633,0.7092135512222683,0.0,0.7092135512222683
B,2022-10-17T00:00:00+0000,162744.03954797902,6000.0,4.5,99125.67510529958,0.0,99125.67510529958,0.609089435045491,0.0,0.609089435045491
B,2022-10-18T00:00:00+0000,161962.53829737968,6000.0,4.5,99125.67510529958,0.0,99125.67510529958,0.6120284119238412,0.0,0.6120284119238412
B,2022-10-19T00:00:00+0000,161081.95327106296,6000.0,4.5,99125.67510529958,0.0,99125.67510529958,0.6153741812311802,0.0,0.6153741812311802
B,2022-10-20T00:00:00+0000,160928.3404759369,6000.0,4.5,99125.67510529958,0.0,99125.67510529958,0.6159615814849065,0.0,0.6159615814849065
B,2022-10-21T00:00:00+0000,161521.46957087092,6000.0,4.5,99125.67510529958,0.0,99125.67510529958,0.6136996856743315,0.0,0.6136996856743315
B,2022-10-22T00:00:00+0000,161928.56434297987,6000.0,4.5,99125.67510529958,0.0,99125.67510529958,0.6121568205554032,0.0,0.6121568205554032
B,2022-10-23T00:00:00+0000,163659.2173211387,6000.0,4.5,99125.67510529958,0.0,99125.67510529958,0.6056834239332282,0.0,0.6056834239332282
B,2022-10-24T00:00:00+0000,163065.2015589775,6000.0,4.5,116719.41027028394,0.0,116719.41027028394,0.7157836813396928,0.0,0.7157836813396928
B,2022-10-25T00:00:00+0000,165925.5884895414,6000.0,4.5,116719.41027028394,0.0,116719.41027028394,0.7034443049610819,0.0,0.7034443049610819
B,2022-10-26T00:00:00+0000,168549.70069519643,6000.0,4.5,116719.41027028394,0.0,116719.41027028394,0.6924925395231531,0.0,0.6924925395231531
B,2022-10-27T00:00:00+0000,167187.06338579484,6000.0,4.5,116719.41027028394,0.0,116719.41027028394,0.6981366136023721,0.0,0.6981366136023721
B,2022-10-28T00:00:00+0000,168214.53699434217,6000.0,4.5,116719.41027028394,0.0,116719.41027028394,0.6938723154123698,0.0,0.6938723154123698
B,2022-10-29T00:00:00+0000,169683.7885889259,6000.0,4.5,116719.41027028394,0.0,116719.41027028394,0.6878642399542783,0.0,0.6878642399542783
B,2022-10-30T00:00:00+0000,168985.30179883543,6000.0,4.5,116719.41027028394,0.0,116719.41027028394,0.6907074699859389,0.0,0.6907074699859389
B,2022-10-31T00:00:00+0000,168546.18351879634,6000.0,4.5,116719.41027028394,0.0,116719.41027028394,0.6925069902711107,0.0,0.6925069902711107
B,2022-11-01T00:00:00+0000,168669.22414365588,6000.0,4.5,116719.41027028394,0.0,116719.41027028394,0.6920018210961462,0.0,0.6920018210961462
B,2022-11-02T00:00:00+0000,167243.9507524814,6000.0,4.5,116719.41027028394,0.0,116719.41027028394,0.6978991452015323,0.0,0.6978991452015323
B,2022-11-03T00:00:00+0000,167548.97155274884,6000.0,4.5,116719.41027028394,0.0,116719.41027028394,0.6966286285650974,0.0,0.6966286285650974
B,2022-11-04T00:00:00+0000,170499.6179941779,6000.0,4.5,116719.41027028394,0.0,116719.41027028394,0.6845728550211155,0.0,0.6845728550211155
B,2022-11-05T00:00:00+0000,170260.4251304387,6000.0,4.5,116719.41027028394,0.0,116719.41027028394,0.6855345872704341,0.0,0.6855345872704341
B,2022-11-06T00:00:00+0000,168819.93562477102,6000.0,4.5,116719.41027028394,0.0,116719.41027028394,0.6913840467852759,0.0,0.6913840467852759
B,2022-11-07T00:00:00+0000,168607.4816000829,6000.0,4.5,116719.41027028394,0.0,116719.41027028394,0.692255225940262,0.0,0.692255225940262
B,2022-11-08T00:00:00+0000,162507.78533295848,6000.0,4.5,116719.41027028394,0.0,116719.41027028394,0.7182388833318983,0.0,0.7182388833318983
B,2022-11-09T00:00:00+0000,153374.32030108402,6000.0,4.5,99607.48122857159,0.0,99607.48122857159,0.6494404084923439,0.0,0.6494404084923439
B,2022-11-10T00:00:00+0000,160416.4019926544,6000.0,4.5,99607.48122857159,0.0,99607.48122857159,0.6209307775967491,0.0,0.6209307775967491
B,2022-11-11T00:00:00+0000,159500.55431797952,6000.0,4.5,99607.48122857159,0.0,99607.48122857159,0.6244961445713512,0.0,0.6244961445713512
B,2022-11-12T00:00:00+0000,158386.10426746245,6000.0,4.5,99607.48122857159,0.0,99607.48122857159,0.6288902785333179,0.0,0.6288902785333179
B,2022-11-13T00:00:00+0000,156891.60995670158,6000.0,4.5,99607.48122857159,0.0,99607.48122857159,0.634880866198396,0.0,0.634880866198396
B,2022-11-14T00:00:00+0000,157816.24901741865,6000.0,4.5,99607.48122857159,0.0,99607.48122857159,0.6311611247177571,0.0,0.6311611247177571
B,2022-11-15T00:00:00+0000,158436.0204457709,6000.0,4.5,99607.48122857159,0.0,99607.48122857159,0.6286921430386785,0.0,0.6286921430386785
B,2022-11-16T00:00:00+0000,157465.07407775617,6000.0,4.5,112806.96224780801,0.0,112806.96224780801,0.7163935425585485,0.0,0.7163935425585485
B,2022-11-17T00:00:00+0000,157086.64707155185,6000.0,4.5,96330.32196618241,0.0,96330.32196618241,0.6132304926102639,0.0,0.6132304926102639
B,2022-11-18T00:00:00+0000,157425.20363842545,6000.0,4.5,96330.32196618241,0.0,96330.32196618241,0.6119116871999359,0.0,0.6119116871999359
B,2022-11-19T00:00:00+0000,157569.71536076348,6000.0,4.5,96330.32196618241,0.0,96330.32196618241,0.6113504853748671,0.0,0.6113504853748671
B,2022-11-20T00:00:00+0000,155027.68892946304,6000.0,4.5,96330.32196618241,0.0,96330.32196618241,0.6213749468329642,0.0,0.6213749468329642
B,2022-11-21T00:00:00+0000,153428.23161209264,6000.0,4.5,96330.32196618241,0.0,96330.32196618241,0.6278526510670545,0.0,0.6278526510670545
B,2022-11-22T00:00:00+0000,154908.93969116182,6000.0,4.5,96330.32196618241,0.0,96330.32196618241,0.6218512770033403,0.0,0.6218512770033403
B,2022-11-23T00:00:00+0000,156620.06964343367,6000.0,4.5,96330.32196618241,0.0,96330.32196618241,0.6150573306824032,0.0,0.6150573306824032
B,2022-11-24T00:00:00+0000,157012.49253422045,6000.0,4.5,111443.0305786819,0.0,111443.0305786819,0.709771743508837,0.0,0.709771743508837
B,2022-11-25T00:00:00+0000,156776.45587051494,6000.0,4.5,96038.1111355608,0.0,96038.1111355608,0.6125799349290096,0.0,0.6125799349290096
B,2022-11-26T00:00:00+0000,156861.141563962,6000.0,4.5,96038.1111355608,0.0,96038.1111355608,0.6122492172250328,0.0,0.6122492172250328
B,2022-11-27T00:00:00+0000,156526.19210682332,6000.0,4.5,96038.1111355608,0.0,96038.1111355608,0.6135593656428974,0.0,0.6135593656428974
B,2022-11-28T00:00:00+0000,155551.67726864864,6000.0,4.5,96038.1111355608,0.0,96038.1111355608,0.6174032503018033,0.0,0.6174032503018033
B,2022-11-29T00:00:00+0000,157156.95944153925,6000.0,4.5,96038.1111355608,0.0,96038.1111355608,0.6110967753310727,0.0,0.6110967753310727
B,2022-11-30T00:00:00+0000,160225.3385908787,6000.0,4.5,96038.1111355608,0.0,96038.1111355608,0.5993940283114999,0.0,0.5993940283114999
B,2022-12-01T00:00:00+0000,159501.9725593492,6000.0,4.5,96038.1111355608,0.0,96038.1111355608,0.6021123726217612,0.0,0.6021123726217612
B,2022-12-02T00:00:00+0000,159977.40973249826,6000.0,4.5,113602.17896712858,0.0,113602.17896712858,0.7101138789350652,0.0,0.7101138789350652
B,2022-12-03T00:00:00+0000,158290.49526614114,6000.0,4.5,97964.44058267974,0.0,97964.44058267974,0.6188902272241147,0.0,0.6188902272241147
B,2022-12-04T00:00:00+0000,159586.5087701626,6000.0,4.5,97964.44058267974,0.0,97964.44058267974,0.6138641752215327,0.0,0.6138641752215327
B,2022-12-05T00:00:00+0000,158902.870141206,6000.0,4.5,97964.44058267974,0.0,97964.44058267974,0.6165051675632135,0.0,0.6165051675632135
B,2022-12-06T00:00:00+0000,159383.0091358218,6000.0,4.5,97964.44058267974,0.0,97964.44058267974,0.6146479547214292,0.0,0.6146479547214292
B,2022-12-07T00:00:00+0000,158035.92541094794,6000.0,4.5,97964.44058267974,0.0,97964.44058267974,0.6198871574797844,0.0,0.6198871574797844
B,2022-12-08T00:00:00+0000,159815.41790670517,6000.0,4.5,97964.44058267974,0.0,97964.44058267974,0.6129849163856522,0.0,0.6129849163856522
B,2022-12-09T00:00:00+0000,159264.99573724606,6000.0,4.5,97964.44058267974,0.0,97964.44058267974,0.6151034012790895,0.0,0.6151034012790895
B,2022-12-10T00:00:00+0000,159320.25035324573,6000.0,4.5,113426.52149242093,0.0,113426.52149242093,0.7119403920150202,0.0,0.7119403920150202
B,2022-12-11T00:00:00+0000,159165.07075753785,6000.0,4.5,97537.48897733723,0.0,97537.48897733723,0.6128071222732012,0.0,0.6128071222732012
B,2022-12-12T00:00:00+0000,159663.90431945288,6000.0,4.5,97537.48897733723,0.0,97537.48897733723,0.6108925457703066,0.0,0.6108925457703066
B,2022-12-13T00:00:00+0000,161605.29476875186,6000.0,4.5,97537.48897733723,0.0,97537.48897733723,0.60355379517056,0.0,0.60355379517056
B,2022-12-14T00:00:00+0000,161319.76373175465,6000.0,4.5,97537.48897733723,0.0,97537.48897733723,0.6046220668877516,0.0,0.6046220668877516
B,2022-12-15T00:00:00+0000,159676.0238381456,6000.0,4.5,97537.48897733723,0.0,97537.48897733723,0.6108461786110442,0.0,0.6108461786110442
B,2022-12-16T00:00:00+0000,156154.4231707825,6000.0,4.5,97537.48897733723,0.0,97537.48897733723,0.6246220055557614,0.0,0.6246220055557614
B,2022-12-17T00:00:00+0000,156882.43526698503,6000.0,4.5,97537.48897733723,0.0,97537.48897733723,0.6217234505019403,0.0,0.6217234505019403
B,2022-12-18T00:00:00+0000,156755.1102300589,6000.0,4.5,111641.9969070576,0.0,111641.9969070576,0.7122064265924611,0.0,0.7122064265924611
B,2022-12-19T00:00:00+0000,155915.3641334031,6000.0,4.5,95870.70192206182,0.0,95870.70192206182,0.6148893821652731,0.0,0.6148893821652731
B,2022-12-20T00:00:00+0000,157861.30377132853,6000.0,4.5,95870.70192206182,0.0,95870.70192206182,0.6073097056194102,0.0,0.6073097056194102
B,2022-12-21T00:00:00+0000,157688.89373454062,6000.0,4.5,95870.70192206182,0.0,95870.70192206182,0.6079737110937828,0.0,0.6079737110937828
B,2022-12-22T00:00:00+0000,157798.20350033886,6000.0,4.5,95870.70192206182,0.0,95870.70192206182,0.607552556337284,0.0,0.607552556337284
B,2022-12-23T00:00:00+0000,157807.19039621926,6000.0,4.5,95870.70192206182,0.0,95870.70192206182,0.607517957080102,0.0,0.607517957080102
B,2022-12-24T00:00:00+0000,157913.44822499005,6000.0,4.5,95870.70192206182,0.0,95870.70192206182,0.6071091664433057,0.0,0.6071091664433057
B,2022-12-25T00:00:00+0000,157870.34934882197,6000.0,4.5,95870.70192206182,0.0,95870.70192206182,0.6072749082871224,0.0,0.6072749082871224
B,2022-12-26T00:00:00+0000,158130.70548906294,6000.0,4.5,112379.36265118983,0.0,112379.36265118983,0.710673884010228,0.0,0.710673884010228
B,2022-12-27T00:00:00+0000,157394.3369353605,6000.0,4.5,96764.68755979564,0.0,96764.68755979564,0.6147914178102574,0.0,0.6147914178102574
B,2022-12-28T00:00:00+0000,156633.50084702845,6000.0,4.5,96764.68755979564,0.0,96764.68755979564,0.617777723389443,0.0,0.617777723389443
B,2022-12-29T00:00:00+0000,157032.110265982,6000.0,4.5,96764.68755979564,0.0,96764.68755979564,0.6162095599167265,0.0,0.6162095599167265
B,2022-12-30T00:00:00+0000,156994.62510044614,6000.0,4.5,96764.68755979564,0.0,96764.68755979564,0.6163566905420169,0.0,0.6163566905420169
B,2022-12-31T00:00:00+0000,156815.67407707887,6000.0,4.5,96764.68755979564,0.0,96764.68755979564,0.6170600491901935,0.0,0.6170600491901935
B,2023-01-01T00:00:00+0000,157040.7379950242,6000.0,4.5,96764.68755979564,0.0,96764.68755979564,0.6161757057131355,0.0,0.6161757057131355
B,2023-01-02T00:00:00+0000,157482.03800207283,6000.0,4.5,96764.68755979564,0.0,96764.68755979564,0.6144490431252991,0.0,0.6144490431252991
B,2023-01-03T00:00:00+0000,157484.3232922254,6000.0,4.5,112088.98081242583,0.0,112088.98081242583,0.7117469121319162,0.0,0.7117469121319162
B,2023-01-04T00:00:00+0000,158812.68496499807,6000.0,4.5,96344.67018436872,0.0,96344.67018436872,0.6066560124312668,0.0,0.6066560124312668
B,2023-01-05T00:00:00+0000,158652.53257235716,6000.0,4.5,96344.67018436872,0.0,96344.67018436872,0.6072684036129615,0.0,0.6072684036129615
B,2023-01-06T00:00:00+0000,159295.2920335504,6000.0,4.5,96344.67018436872,0.0,96344.67018436872,0.6048180643284601,0.0,0.6048180643284601
B,2023-01-07T00:00:00+0000,159166.68071665248,6000.0,4.5,96344.67018436872,0.0,96344.67018436872,0.6053067749517306,0.0,0.6053067749517306
B,2023-01-08T00:00:00+0000,160114.26017072645,6000.0,4.5,96344.67018436872,0.0,96344.67018436872,0.6017244815148783,0.0,0.6017244815148783
B,2023-01-09T00:00:00+0000,160976.32072899962,6000.0,4.5,96344.67018436872,0.0,96344.67018436872,0.5985021259528165,0.0,0.5985021259528165
B,2023-01-10T00:00:00+0000,161756.84752020816,6000.0,4.5,96344.67018436872,0.0,96344.67018436872,0.5956141681874237,0.0,0.5956141681874237
B,2023-01-11T00:00:00+0000,163874.2759916266,6000.0,4.5,96344.67018436872,0.0,96344.67018436872,0.5879182049859466,0.0,0.5879182049859466
B,2023-01-12T00:00:00+0000,165866.85708275362,6000.0,4.5,96344.67018436872,0.0,96344.67018436872,0.5808554637066574,0.0,0.5808554637066574
B,2023-01-13T00:00:00+0000,168344.2080227284,6000.0,4.5,96344.67018436872,0.0,96344.67018436872,0.5723076030709716,0.0,0.5723076030709716
B,2023-01-14T00:00:00+0000,172369.40809399865,6000.0,4.5,96344.67018436872,0.0,96344.67018436872,0.5589429774674914,0.0,0.5589429774674914
B,2023-01-15T00:00:00+0000,172328.841219485,6000.0,4.5,96344.67018436872,0.0,96344.67018436872,0.5590745548022356,0.0,0.5590745548022356
B,2023-01-16T00:00:00+0000,173421.18644461426,6000.0,4.5,96344.67018436872,0.0,96344.67018436872,0.5555530564608289,0.0,0.5555530564608289
B,2023-01-17T00:00:00+0000,173067.3857343085,6000.0,4.5,96344.67018436872,0.0,96344.67018436872,0.5566887705363285,0.0,0.5566887705363285
B,2023-01-18T00:00:00+0000,171027.51551739284,6000.0,4.5,96344.67018436872,0.0,96344.67018436872,0.563328479004718,0.0,0.563328479004718
B,2023-01-19T00:00:00+0000,172627.7967421101,6000.0,4.5,96344.67018436872,0.0,96344.67018436872,0.5581063536847354,0.0,0.5581063536847354
B,2023-01-20T00:00:00+0000,177704.44058631186,6000.0,4.5,96344.67018436872,0.0,96344.67018436872,0.5421624235527962,0.0,0.5421624235527962
B,2023-01-21T00:00:00+0000,177064.36607100553,6000.0,4.5,96344.67018436872,0.0,96344.67018436872,0.5441223003940444,0.0,0.5441223003940444
B,2023-01-22T00:00:00+0000,176987.21656409104,6000.0,4.5,96344.67018436872,0.0,96344.67018436872,0.5443594857003706,0.0,0.5443594857003706
B,2023-01-23T00:00:00+0000,177270.65420184616,6000.0,4.5,96344.67018436872,0.0,96344.67018436872,0.5434891105815378,0.0,0.5434891105815378
B,2023-01-24T00:00:00+0000,175063.8708115767,6000.0,4.5,96344.67018436872,0.0,96344.67018436872,0.550340111513161,0.0,0.550340111513161
B,2023-01-25T00:00:00+0000,177134.16306669766,6000.0,4.5,96344.67018436872,0.0,96344.67018436872,0.543907897360778,0.0,0.543907897360778
B,2023-01-26T00:00:00+0000,176792.89511577698,6000.0,4.5,96344.67018436872,0.0,96344.67018436872,0.544957817005458,0.0,0.544957817005458
B,2023-01-27T00:00:00+0000,176808.77158746857,6000.0,4.5,96344.67018436872,0.0,96344.67018436872,0.544908882740053,0.0,0.544908882740053
B,2023-01-28T00:00:00+0000,176004.15314965812,6000.0,4.5,86710.20316593185,0.0,86710.20316593185,0.4926599833823312,0.0,0.4926599833823312
B,2023-01-29T00:00:00+0000,179617.39535232802,6000.0,4.5,77075.73614749497,0.0,77075.73614749497,0.42911064374531915,0.0,0.42911064374531915
B,2023-01-30T00:00:00+0000,175029.24807250587,6000.0,4.5,67441.2691290581,0.0,67441.2691290581,0.3853142824513566,0.0,0.3853142824513566
B,2023-01-31T00:00:00+0000,176434.88728606916,6000.0,4.5,57806.802110621225,0.0,57806.802110621225,0.3276381615892896,0.0,0.3276381615892896
B,2023-02-01T00:00:00+0000,180188.96363060316,6000.0,4.5,48172.33509218435,0.0,48172.33509218435,0.26734342726417015,0.0,0.26734342726417015
B,2023-02-02T00:00:00+0000,179512.09550110105,6000.0,4.5,38537.86807374748,0.0,38537.86807374748,0.21468117770098175,0.0,0.21468117770098175
B,2023-02-03T00:00:00+0000,180169.34321313916,6000.0,4.5,28903.401055310605,0.0,28903.401055310605,0.1604235245566615,0.0,0.1604235245566615
B,2023-02-04T00:00:00+0000,179922.4838214744,6000.0,4.5,19268.93403687374,0.0,19268.93403687374,0.10709575383581894,0.0,0.10709575383581894
B,2023-02-05T00:00:00+0000,176723.56317371884,6000.0,4.5,9634.46701843687,0.0,9634.46701843687,0.05451716140968826,0.0,0.05451716140968826
B,2023-02-06T00:00:00+0000,175418.35520392933,6000.0,4.5,9634.46701843687,0.0,9634.46701843687,0.054922798741537056,0.0,0.054922798741537056
B,2023-02-07T00:00:00+0000,179831.17163375727,6000.0,4.5,9634.46701843687,0.0,9634.46701843687,0.053575066719013256,0.0,0.053575066719013256
B,2023-02-08T00:00:00+0000,177853.10856704798,6000.0,4.5,9634.46701843687,0.0,9634.46701843687,0.054170922825365286,0.0,0.054170922825365286
B,2023-02-09T00:00:00+0000,168651.53767878874,6000.0,4.5,9634.46701843687,0.0,9634.46701843687,0.05712647006389313,0.0,0.05712647006389313
B,2023-02-10T00:00:00+0000,166539.14598266227,6000.0,4.5,9634.46701843687,0.0,9634.46701843687,0.05785106535516806,0.0,0.05785106535516806
B,2023-02-11T00:00:00+0000,168612.33720331686,6000.0,4.5,9634.46701843687,0.0,9634.46701843687,0.057139751326852166,0.0,0.057139751326852166
B,2023-02-12T00:00:00+0000,167241.88493719825,6000.0,4.5,9634.46701843687,0.0,9634.46701843687,0.057607979137850256,0.0,0.057607979137850256
B,2023-02-13T00:00:00+0000,166778.71843725466,6000.0,4.5,9634.46701843687,0.0,9634.46701843687,0.0577679640946608,0.0,0.0577679640946608
B,2023-02-14T00:00:00+0000,170709.64730163198,6000.0,4.5,9634.46701843687,0.0,9634.46701843687,0.056437741924528974,0.0,0.056437741924528974
B,2023-02-15T00:00:00+0000,184203.19498781674,6000.0,4.5,9634.46701843687,0.0,9634.46701843687,0.05230347399280505,0.0,0.05230347399280505
B,2023-02-16T00:00:00+0000,179471.07998278685,6000.0,4.5,9634.46701843687,0.0,9634.46701843687,0.05368255999440643,0.0,0.05368255999440643
B,2023-02-17T00:00:00+0000,186023.84148378723,6000.0,4.5,9634.46701843687,0.0,9634.46701843687,0.051791571131900076,0.0,0.051791571131900076
B,2023-02-18T00:00:00+0000,186167.04605873267,6000.0,4.5,9634.46701843687,0.0,9634.46701843687,0.0517517316969049,0.0,0.0517517316969049
B,2023-02-19T00:00:00+0000,184274.30511288418,6000.0,4.5,9634.46701843687,0.0,9634.46701843687,0.052283290459486,0.0,0.052283290459486
B,2023-02-20T00:00:00+0000,187519.11125891912,6000.0,4.5,9634.46701843687,0.0,9634.46701843687,0.051378587247749755,0.0,0.051378587247749755
B,2023-02-21T00:00:00+0000,184064.6667760769,6000.0,4.5,9634.46701843687,0.0,9634.46701843687,0.05234283791227374,0.0,0.05234283791227374
B,2023-02-22T00:00:00+0000,182295.36309214483,6000.0,4.5,9634.46701843687,0.0,9634.46701843687,0.05285086167313502,0.0,0.05285086167313502
B,2023-02-23T00:00:00+0000,181730.50630348473,6000.0,4.5,9634.46701843687,0.0,9634.46701843687,0.05301513331145177,0.0,0.05301513331145177
B,2023-02-24T00:00:00+0000,176931.44502386544,6000.0,4.5,9634.46701843687,0.0,9634.46701843687,0.05445310762672696,0.0,0.05445310762672696
B,2023-02-25T00:00:00+0000,176231.53880697134,6000.0,4.5,9634.46701843687,0.0,9634.46701843687,0.05466936896573107,0.0,0.05466936896573107
B,2023-02-26T00:00:00+0000,179889.8541785773,6000.0,4.5,9634.46701843687,0.0,9634.46701843687,0.05355758979532386,0.0,0.05355758979532386
B,2023-02-27T00:00:00+0000,179302.36343333207,6000.0,4.5,9634.46701843687,0.0,9634.46701843687,0.05373307319520717,0.0,0.05373307319520717
B,2023-02-28T00:00:00+0000,176696.15880730626,6000.0,4.5,9634.46701843687,0.0,9634.46701843687,0.05452561664876719,0.0,0.05452561664876719
B,2023-03-01T00:00:00+0000,181298.9043952389,6000.0,4.5,9634.46701843687,0.0,9634.46701843687,0.053141341645580736,0.0,0.053141341645580736
B,2023-03-02T00:00:00+0000,179896.81362418886,6000.0,4.5,9634.46701843687,0.0,9634.46701843687,0.05355551787906388,0.0,0.05355551787906388
B,2023-03-03T00:00:00+0000,172114.00163475578,6000.0,4.5,9634.46701843687,0.0,9634.46701843687,0.05597724140353342,0.0,0.05597724140353342
B,2023-03-04T00:00:00+0000,171972.06931119855,6000.0,4.5,9634.46701843687,0.0,9634.46701843687,0.05602344064955372,0.0,0.05602344064955372
B,2023-03-05T00:00:00+0000,172202.43363495596,6000.0,4.5,9634.46701843687,0.0,9634.46701843687,0.05594849512324857,0.0,0.05594849512324857
B,2023-03-06T00:00:00+0000,172195.46515308454,6000.0,4.5,9634.46701843687,0.0,9634.46701843687,0.05595075927157358,0.0,0.05595075927157358
B,2023-03-07T00:00:00+0000,171226.73496066278,6000.0,4.5,9634.46701843687,0.0,9634.46701843687,0.05626730557380697,0.0,0.05626730557380697
B,2023-03-08T00:00:00+0000,168214.76637262673,6000.0,4.5,9634.46701843687,10041.353511315661,19675.82052975253,0.05727479950894886,0.059693650729046054,0.11696845023799492
B,2023-03-09T00:00:00+0000,160894.3306205456,6000.0,4.5,44446.245040644746,0.0,44446.245040644746,0.2762449420636648,0.0,0.2762449420636648
B,2023-03-10T00:00:00+0000,159910.17965651414,6000.0,4.5,44446.245040644746,0.0,44446.245040644746,0.27794506351074677,0.0,0.27794506351074677
B,2023-03-11T00:00:00+0000,162472.12235812438,6000.0,4.5,44446.245040644746,0.0,44446.245040644746,0.27356228499727125,0.0,0.27356228499727125
B,2023-03-12T00:00:00+0000,169102.28517950483,6000.0,4.5,67090.88076939003,0.0,67090.88076939003,0.39674733371090737,0.0,0.39674733371090737
B,2023-03-13T00:00:00+0000,176494.44214488455,6000.0,4.5,67090.88076939003,0.0,67090.88076939003,0.3801302746650516,0.0,0.3801302746650516
B,2023-03-14T00:00:00+0000,178494.2844855169,6000.0,4.5,67090.88076939003,0.0,67090.88076939003,0.3758713113014765,0.0,0.3758713113014765
B,2023-03-15T00:00:00+0000,176139.43854194687,6000.0,4.5,67090.88076939003,0.0,67090.88076939003,0.3808964155032924,0.0,0.3808964155032924
B,2023-03-16T00:00:00+0000,178399.47374518577,6000.0,4.5,67090.88076939003,0.0,67090.88076939003,0.376071068826236,0.0,0.376071068826236
B,2023-03-17T00:00:00+0000,187091.0249471332,6000.0,4.5,67090.88076939003,0.0,67090.88076939003,0.358600209648475,0.0,0.358600209648475
B,2023-03-18T00:00:00+0000,185118.40202193588,6000.0,4.5,67090.88076939003,0.0,67090.88076939003,0.36242145587146973,0.0,0.36242145587146973
B,2023-03-19T00:00:00+0000,188059.48582412658,6000.0,4.5,67090.88076939003,0.0,67090.88076939003,0.3567535052825439,0.0,0.3567535052825439
B,2023-03-20T00:00:00+0000,186023.4664134033,6000.0,4.5,67090.88076939003,0.0,67090.88076939003,0.3606581581502882,0.0,0.3606581581502882
B,2023-03-21T00:00:00+0000,189010.23743040516,6000.0,4.5,67090.88076939003,0.0,67090.88076939003,0.35495897831509443,0.0,0.35495897831509443
B,2023-03-22T00:00:00+0000,185115.45779666747,6000.0,4.5,67090.88076939003,0.0,67090.88076939003,0.36242722011407214,0.0,0.36242722011407214
B,2023-03-23T00:00:00+0000,189830.30154752993,6000.0,4.5,67090.88076939003,0.0,67090.88076939003,0.35342556073742387,0.0,0.35342556073742387
B,2023-03-24T00:00:00+0000,186047.59385954976,6000.0,4.5,67090.88076939003,0.0,67090.88076939003,0.3606113864608106,0.0,0.3606113864608106
B,2023-03-25T00:00:00+0000,185835.11966087422,6000.0,4.5,67090.88076939003,0.0,67090.88076939003,0.36102369074167723,0.0,0.36102369074167723
B,2023-03-26T00:00:00+0000,187919.58966511223,6000.0,4.5,67090.88076939003,0.0,67090.88076939003,0.35701908932938475,0.0,0.35701908932938475
B,2023-03-27T00:00:00+0000,184306.53161016532,6000.0,4.5,67090.88076939003,0.0,67090.88076939003,0.36401792265993504,0.0,0.36401792265993504
B,2023-03-28T00:00:00+0000,186426.1850543993,6000.0,4.5,67090.88076939003,0.0,67090.88076939003,0.35987906285703836,0.0,0.35987906285703836
B,2023-03-29T00:00:00+0000,189362.9763846949,6000.0,4.5,67090.88076939003,0.0,67090.88076939003,0.3542977727234995,0.0,0.3542977727234995
B,2023-03-30T00:00:00+0000,188717.1782285322,6000.0,4.5,67090.88076939003,0.0,67090.88076939003,0.355510194668895,0.0,0.355510194668895
B,2023-03-31T00:00:00+0000,190529.9252020906,6000.0,4.5,67090.88076939003,0.0,67090.88076939003,0.35212778621640833,0.0,0.35212778621640833
B,2023-04-01T00:00:00+0000,190492.28738574428,6000.0,4.5,67090.88076939003,0.0,67090.88076939003,0.3521973602717674,0.0,0.3521973602717674
B,2023-04-02T00:00:00+0000,189083.6219781661,6000.0,4.5,67090.88076939003,0.0,67090.88076939003,0.3548212164940291,0.0,0.3548212164940291
B,2023-04-03T00:00:00+0000,188815.30497377054,6000.0,4.5,67090.88076939003,0.0,67090.88076939003,0.35532543709160663,0.0,0.35532543709160663
B,2023-04-04T00:00:00+0000,191485.07274376875,6000.0,4.5,67090.88076939003,0.0,67090.88076939003,0.3503713360422936,0.0,0.3503713360422936
B,2023-04-05T00:00:00+0000,192714.2880971171,6000.0,4.5,67090.88076939003,0.0,67090.88076939003,0.34813651562555664,0.0,0.34813651562555664
B,2023-04-06T00:00:00+0000,191295.37900859697,6000.0,4.5,67090.88076939003,0.0,67090.88076939003,0.35071877385169303,0.0,0.35071877385169303
B,2023-04-07T00:00:00+0000,190764.32733913776,6000.0,4.5,67090.88076939003,0.0,67090.88076939003,0.3516951083318473,0.0,0.3516951083318473
B,2023-04-08T00:00:00+0000,190374.35335778008,6000.0,4.5,67090.88076939003,0.0,67090.88076939003,0.3524155412010922,0.0,0.3524155412010922
B,2023-04-09T00:00:00+0000,191518.75807324395,6000.0,4.5,67090.88076939003,0.0,67090.88076939003,0.35030971088342144,0.0,0.35030971088342144
B,2023-04-10T00:00:00+0000,195922.32810329698,6000.0,4.5,67090.88076939003,0.0,67090.88076939003,0.34243611444846356,0.0,0.34243611444846356
B,2023-04-11T00:00:00+0000,196483.04992708954,6000.0,4.5,67090.88076939003,0.0,67090.88076939003,0.34145887288641924,0.0,0.34145887288641924
B,2023-04-12T00:00:00+0000,196702.59160365048,6000.0,4.5,67090.88076939003,0.0,67090.88076939003,0.34107776731572526,0.0,0.34107776731572526
B,2023-04-13T00:00:00+0000,200723.60885261718,6000.0,4.5,67090.88076939003,0.0,67090.88076939003,0.3342450903154696,0.0,0.3342450903154696
B,2023-04-14T00:00:00+0000,203705.26337740244,6000.0,4.5,67090.88076939003,0.0,67090.88076939003,0.32935271115254156,0.0,0.32935271115254156
B,2023-04-15T00:00:00+0000,203057.89903389374,6000.0,4.5,67090.88076939003,0.0,67090.88076939003,0.33040271316010933,0.0,0.33040271316010933
B,2023-04-16T00:00:00+0000,203974.78078694153,6000.0,4.5,67090.88076939003,0.0,67090.88076939003,0.32891752848342903,0.0,0.32891752848342903
B,2023-04-17T00:00:00+0000,200729.18392273135,6000.0,4.5,67090.88076939003,0.0,67090.88076939003,0.33423580696275823,0.0,0.33423580696275823
B,2023-04-18T00:00:00+0000,203680.487473064,6000.0,4.5,67090.88076939003,0.0,67090.88076939003,0.3293927739556425,0.0,0.3293927739556425
B,2023-04-19T00:00:00+0000,194991.77128729815,6000.0,4.5,67090.88076939003,0.0,67090.88076939003,0.34407031807788063,0.0,0.34407031807788063
B,2023-04-20T00:00:00+0000,194123.7831043574,6000.0,4.5,67090.88076939003,0.0,67090.88076939003,0.34560876414263575,0.0,0.34560876414263575
B,2023-04-21T00:00:00+0000,189090.29885204887,6000.0,4.5,67090.88076939003,0.0,67090.88076939003,0.3548086875778031,0.0,0.3548086875778031
B,2023-04-22T00:00:00+0000,191075.4122065955,6000.0,4.5,67090.88076939003,0.0,67090.88076939003,0.3511225227495503,0.0,0.3511225227495503
B,2023-04-23T00:00:00+0000,190224.98251661123,6000.0,4.5,67090.88076939003,0.0,67090.88076939003,0.3526922693423372,0.0,0.3526922693423372
B,2023-04-24T00:00:00+0000,189432.85434837904,6000.0,4.5,67090.88076939003,0.0,67090.88076939003,0.35416707941276987,0.0,0.35416707941276987
B,2023-04-25T00:00:00+0000,191883.30720089193,6000.0,4.5,67090.88076939003,0.0,67090.88076939003,0.3496441756611446,0.0,0.3496441756611446
B,2023-04-26T00:00:00+0000,192135.21743716585,6000.0,4.5,67090.88076939003,0.0,67090.88076939003,0.3491857539929181,0.0,0.3491857539929181
B,2023-04-27T00:00:00+0000,195733.52746802056,6000.0,4.5,67090.88076939003,0.0,67090.88076939003,0.34276642145710834,0.0,0.34276642145710834
B,2023-04-28T00:00:00+0000,194844.88810175666,6000.0,4.5,67090.88076939003,0.0,67090.88076939003,0.34432969436874417,0.0,0.34432969436874417
B,2023-04-29T00:00:00+0000,195215.94391918805,6000.0,4.5,67090.88076939003,0.0,67090.88076939003,0.3436752112684151,0.0,0.3436752112684151
B,2023-04-30T00:00:00+0000,194045.2303324492,6000.0,4.5,67090.88076939003,0.0,67090.88076939003,0.34574867238141416,0.0,0.34574867238141416
B,2023-05-01T00:00:00+0000,190345.52228353728,6000.0,4.5,67090.88076939003,0.0,67090.88076939003,0.3524689205425697,0.0,0.3524689205425697
B,2023-05-02T00:00:00+0000,192874.210293494,6000.0,4.5,67090.88076939003,0.0,67090.88076939003,0.3478478572500635,0.0,0.3478478572500635
B,2023-05-03T00:00:00+0000,194746.8721211447,6000.0,4.5,67090.88076939003,0.0,67090.88076939003,0.3445029952915255,0.0,0.3445029952915255
B,2023-05-04T00:00:00+0000,193475.71219007004,6000.0,4.5,67090.88076939003,0.0,67090.88076939003,0.3467664235988449,0.0,0.3467664235988449
B,2023-05-05T00:00:00+0000,198567.94845117454,6000.0,4.5,67090.88076939003,0.0,67090.88076939003,0.3378736663832072,0.0,0.3378736663832072
B,2023-05-06T00:00:00+0000,194127.71987705058,6000.0,4.5,67090.88076939003,0.0,67090.88076939003,0.34560175544163174,0.0,0.34560175544163174
B,2023-05-07T00:00:00+0000,192434.33764489688,6000.0,4.5,67090.88076939003,0.0,67090.88076939003,0.34864297916099696,0.0,0.34864297916099696
B,2023-05-08T00:00:00+0000,190109.35455915006,6000.0,4.5,67090.88076939003,0.0,67090.88076939003,0.35290678317734003,0.0,0.35290678317734003
B,2023-05-09T00:00:00+0000,190002.44421728342,6000.0,4.5,67090.88076939003,0.0,67090.88076939003,0.3531053563325011,0.0,0.3531053563325011
B,2023-05-10T00:00:00+0000,189772.67051261786,6000.0,4.5,67090.88076939003,0.0,67090.88076939003,0.3535328906325803,0.0,0.3535328906325803
B,2023-05-11T00:00:00+0000,186978.46848962328,6000.0,4.5,67090.88076939003,0.0,67090.88076939003,0.35881607818984446,0.0,0.35881607818984446
B,2023-05-12T00:00:00+0000,187036.01709401386,6000.0,4.5,67090.88076939003,0.0,67090.88076939003,0.3587056750447521,0.0,0.3587056750447521
B,2023-05-13T00:00:00+0000,186617.1105420364,6000.0,4.5,67090.88076939003,0.0,67090.88076939003,0.3595108753667981,0.0,0.3595108753667981
B,2023-05-14T00:00:00+0000,187061.0598429148,6000.0,4.5,67090.88076939003,0.0,67090.88076939003,0.35865765341931577,0.0,0.35865765341931577
B,2023-05-15T00:00:00+0000,188128.5566388366,6000.0,4.5,67090.88076939003,0.0,67090.88076939003,0.35662252434216585,0.0,0.35662252434216585
B,2023-05-16T00:00:00+0000,188119.9888482362,6000.0,4.5,67090.88076939003,0.0,67090.88076939003,0.3566387664604578,0.0,0.3566387664604578
B,2023-05-17T00:00:00+0000,188857.39007413044,6000.0,4.5,67090.88076939003,0.0,67090.88076939003,0.35524625614626715,0.0,0.35524625614626715
B,2023-05-18T00:00:00+0000,186945.98847659695,6000.0,4.5,67090.88076939003,0.0,67090.88076939003,0.358878418927876,0.0,0.358878418927876
B,2023-05-19T00:00:00+0000,187454.19725618325,6000.0,4.5,67090.88076939003,0.0,67090.88076939003,0.35790546038134663,0.0,0.35790546038134663
B,2023-05-20T00:00:00+0000,188163.10970305212,6000.0,4.5,67090.88076939003,0.0,67090.88076939003,0.35655703647366843,0.0,0.35655703647366843
B,2023-05-21T00:00:00+0000,186962.31628488377,6000.0,4.5,67090.88076939003,0.0,67090.88076939003,0.3588470773284619,0.0,0.3588470773284619
B,2023-05-22T00:00:00+0000,187582.57686200226,6000.0,4.5,67090.88076939003,0.0,67090.88076939003,0.35766051352811074,0.0,0.35766051352811074
B,2023-05-23T00:00:00+0000,189540.33726471732,6000.0,4.5,67090.88076939003,0.0,67090.88076939003,0.35396624136892313,0.0,0.35396624136892313
B,2023-05-24T00:00:00+0000,185947.23849080142,6000.0,4.5,67090.88076939003,0.0,67090.88076939003,0.36080600773594673,0.0,0.36080600773594673
B,2023-05-25T00:00:00+0000,186447.88413749798,6000.0,4.5,67090.88076939003,0.0,67090.88076939003,0.35983717959444983,0.0,0.35983717959444983
B,2023-05-26T00:00:00+0000,187654.1925989702,6000.0,4.5,67090.88076939003,0.0,67090.88076939003,0.35752401713063675,0.0,0.35752401713063675
B,2023-05-27T00:00:00+0000,188048.78296627736,6000.0,4.5,67090.88076939003,0.0,67090.88076939003,0.3567738100247178,0.0,0.3567738100247178
B,2023-05-28T00:00:00+0000,193125.54378031834,6000.0,4.5,67090.88076939003,0.0,67090.88076939003,0.34739516822128086,0.0,0.34739516822128086
B,2023-05-29T00:00:00+0000,191930.92436600704,6000.0,4.5,67090.88076939003,0.0,67090.88076939003,0.3495574305756458,0.0,0.3495574305756458
B,2023-05-30T00:00:00+0000,192105.06476000402,6000.0,4.5,67090.88076939003,0.0,67090.88076939003,0.34924056194565384,0.0,0.34924056194565384
B,2023-05-31T00:00:00+0000,190234.28485376778,6000.0,4.5,67090.88076939003,0.0,67090.88076939003,0.35267502291168223,0.0,0.35267502291168223
B,2023-06-01T00:00:00+0000,189035.06335072976,6000.0,4.5,67090.88076939003,0.0,67090.88076939003,0.35491236165489415,0.0,0.35491236165489415
B,2023-06-02T00:00:00+0000,191368.94536399955,6000.0,4.5,67090.88076939003,0.0,67090.88076939003,0.35058394998090014,0.0,0.35058394998090014
B,2023-06-03T00:00:00+0000,190549.86075033632,6000.0,4.5,67090.88076939003,0.0,67090.88076939003,0.3520909461975118,0.0,0.3520909461975118
B,2023-06-04T00:00:00+0000,190595.44119637655,6000.0,4.5,67090.88076939003,0.0,67090.88076939003,0.3520067444858986,0.0,0.3520067444858986
B,2023-06-05T00:00:00+0000,185137.89161059386,6000.0,4.5,67090.88076939003,0.0,67090.88076939003,0.36238330352440395,0.0,0.36238330352440395
B,2023-06-06T00:00:00+0000,190696.42694595904,6000.0,4.5,67090.88076939003,0.0,67090.88076939003,0.3518203347795433,0.0,0.3518203347795433
B,2023-06-07T00:00:00+0000,187149.40992883814,6000.0,4.5,67090.88076939003,0.0,67090.88076939003,0.3584883371788387,0.0,0.3584883371788387
B,2023-06-08T00:00:00+0000,187927.6929801633,6000.0,4.5,67090.88076939003,0.0,67090.88076939003,0.3570036949076569,0.0,0.3570036949076569
B,2023-06-09T00:00:00+0000,187729.11423045766,6000.0,4.5,67090.88076939003,0.0,67090.88076939003,0.3573813313103303,0.0,0.3573813313103303
B,2023-06-10T00:00:00+0000,183579.6183875695,6000.0,4.5,67090.88076939003,0.0,67090.88076939003,0.3654593105632737,0.0,0.3654593105632737
B,2023-06-11T00:00:00+0000,183810.80959743884,6000.0,4.5,67090.88076939003,0.0,67090.88076939003,0.3649996478244381,0.0,0.3649996478244381
B,2023-06-12T00:00:00+0000,183458.10864270703,6000.0,4.5,67090.88076939003,0.0,67090.88076939003,0.36570136510047946,0.0,0.36570136510047946
B,2023-06-13T00:00:00+0000,183455.042074694,6000.0,4.5,67090.88076939003,0.0,67090.88076939003,0.3657074780319958,0.0,0.3657074780319958
B,2023-06-14T00:00:00+0000,178931.67397024896,6000.0,4.5,67090.88076939003,0.0,67090.88076939003,0.3749525127705744,0.0,0.3749525127705744
B,2023-06-15T00:00:00+0000,180454.51027345337,6000.0,4.5,67090.88076939003,0.0,67090.88076939003,0.3717883286359718,0.0,0.3717883286359718
B,2023-06-16T00:00:00+0000,183671.50101026084,6000.0,4.5,67090.88076939003,0.0,67090.88076939003,0.3652764876443297,0.0,0.3652764876443297
B,2023-06-17T00:00:00+0000,184362.01413984067,6000.0,4.5,67090.88076939003,0.0,67090.88076939003,0.3639083738719671,0.0,0.3639083738719671
B,2023-06-18T00:00:00+0000,183779.97524743606,6000.0,4.5,67090.88076939003,0.0,67090.88076939003,0.3650608869604036,0.0,0.3650608869604036
B,2023-06-19T00:00:00+0000,185382.26275140856,6000.0,4.5,67090.88076939003,0.0,67090.88076939003,0.36190560938052996,0.0,0.36190560938052996
B,2023-06-20T00:00:00+0000,190261.46342940273,6000.0,4.5,67090.88076939003,0.0,67090.88076939003,0.35262464379332586,0.0,0.35262464379332586
B,2023-06-21T00:00:00+0000,196948.89091474612,6000.0,4.5,67090.88076939003,0.0,67090.88076939003,0.3406512240702684,0.0,0.3406512240702684
B,2023-06-22T00:00:00+0000,196188.1624377372,6000.0,4.5,67090.88076939003,0.0,67090.88076939003,0.3419721146054476,0.0,0.3419721146054476
B,2023-06-23T00:00:00+0000,198573.52764986997,6000.0,4.5,67090.88076939003,0.0,67090.88076939003,0.3378641733538945,0.0,0.3378641733538945
B,2023-06-24T00:00:00+0000,197683.07276549525,6000.0,4.5,67090.88076939003,0.0,67090.88076939003,0.3393860679663639,0.0,0.3393860679663639
B,2023-06-25T00:00:00+0000,198307.42328868504,6000.0,4.5,67090.88076939003,0.0,67090.88076939003,0.3383175458425619,0.0,0.3383175458425619
B,2023-06-26T00:00:00+0000,196646.32581110438,6000.0,4.5,67090.88076939003,0.0,67090.88076939003,0.34117535882077227,0.0,0.34117535882077227
B,2023-06-27T00:00:00+0000,198534.0718793056,6000.0,4.5,67090.88076939003,0.0,67090.88076939003,0.3379313189636107,0.0,0.3379313189636107
B,2023-06-28T00:00:00+0000,195285.60345165548,6000.0,4.5,67090.88076939003,0.0,67090.88076939003,0.3435526202831379,0.0,0.3435526202831379
B,2023-06-29T00:00:00+0000,196847.2217218419,6000.0,4.5,67090.88076939003,0.0,67090.88076939003,0.34082716627920645,0.0,0.34082716627920645
B,2023-06-30T00:00:00+0000,199490.29770453426,6000.0,4.5,67090.88076939003,0.0,67090.88076939003,0.3363114975584354,0.0,0.3363114975584354
B,2023-07-01T00:00:00+0000,199454.1365947446,6000.0,4.5,67090.88076939003,0.0,67090.88076939003,0.3363724709591097,0.0,0.3363724709591097
B,2023-07-02T00:00:00+0000,199942.11737732694,6000.0,4.5,67090.88076939003,0.0,67090.88076939003,0.33555151685613793,0.0,0.33555151685613793
B,2023-07-03T00:00:00+0000,201681.81917870318,6000.0,4.5,67090.88076939003,0.0,67090.88076939003,0.3326570587403476,0.0,0.3326570587403476
B,2023-07-04T00:00:00+0000,200246.8178659329,6000.0,4.5,67090.88076939003,0.0,67090.88076939003,0.3350409334060329,0.0,0.3350409334060329
B,2023-07-05T00:00:00+0000,198881.87320801866,6000.0,4.5,67090.88076939003,0.0,67090.88076939003,0.33734035026518955,0.0,0.33734035026518955
B,2023-07-06T00:00:00+0000,195560.49971670366,6000.0,4.5,67090.88076939003,0.0,67090.88076939003,0.343069693862413,0.0,0.343069693862413
B,2023-07-07T00:00:00+0000,197318.2920525865,6000.0,4.5,67090.88076939003,0.0,67090.88076939003,0.34001348821481747,0.0,0.34001348821481747
B,2023-07-08T00:00:00+0000,197022.44177770446,6000.0,4.5,67090.88076939003,0.0,67090.88076939003,0.3405240548438995,0.0,0.3405240548438995
B,2023-07-09T00:00:00+0000,196690.94291597558,6000.0,4.5,67090.88076939003,0.0,67090.88076939003,0.3410979670683189,0.0,0.3410979670683189
B,2023-07-10T00:00:00+0000,197797.2846437833,6000.0,4.5,67090.88076939003,0.0,67090.88076939003,0.3391901000573148,0.0,0.3391901000573148
B,2023-07-11T00:00:00+0000,198196.10448430834,6000.0,4.5,67090.88076939003,0.0,67090.88076939003,0.338507565241787,0.0,0.338507565241787
B,2023-07-12T00:00:00+0000,197482.77918299957,6000.0,4.5,67090.88076939003,0.0,67090.88076939003,0.3397302845693676,0.0,0.3397302845693676
B,2023-07-13T00:00:00+0000,203988.61582238233,6000.0,4.5,67090.88076939003,0.0,67090.88076939003,0.3288952204460647,0.0,0.3288952204460647
B,2023-07-14T00:00:00+0000,199440.48161050904,6000.0,4.5,67090.88076939003,0.0,67090.88076939003,0.3363955011922456,0.0,0.3363955011922456
B,2023-07-15T00:00:00+0000,199201.67882566815,6000.0,4.5,67090.88076939003,0.0,67090.88076939003,0.3367987718020428,0.0,0.3367987718020428
B,2023-07-16T00:00:00+0000,198796.63908824726,6000.0,4.5,67090.88076939003,0.0,67090.88076939003,0.337484985043474,0.0,0.337484985043474
B,2023-07-17T00:00:00+0000,198262.3299153425,6000.0,4.5,67090.88076939003,0.0,67090.88076939003,0.33839449379031133,0.0,0.33839449379031133
B,2023-07-18T00:00:00+0000,197232.57787294567,6000.0,4.5,67090.88076939003,0.0,67090.88076939003,0.34016125273487524,0.0,0.34016125273487524
B,2023-07-19T00:00:00+0000,197082.01206513197,6000.0,4.5,67090.88076939003,0.0,67090.88076939003,0.34042112756194987,0.0,0.34042112756194987
B,2023-07-20T00:00:00+0000,196951.83802098443,6000.0,4.5,67090.88076939003,0.0,67090.88076939003,0.34064612670556427,0.0,0.34064612670556427
B,2023-07-21T00:00:00+0000,197187.53865511433,6000.0,4.5,67090.88076939003,0.0,67090.88076939003,0.3402389482975066,0.0,0.3402389482975066
B,2023-07-22T00:00:00+0000,196172.68065904413,6000.0,4.5,67090.88076939003,0.0,67090.88076939003,0.34199910274966694,0.0,0.34199910274966694
B,2023-07-23T00:00:00+0000,197509.52837177,6000.0,4.5,67090.88076939003,0.0,67090.88076939003,0.33968427408274504,0.0,0.33968427408274504
B,2023-07-24T00:00:00+0000,194343.913475065,6000.0,4.5,67090.88076939003,0.0,67090.88076939003,0.3452172983950847,0.0,0.3452172983950847
B,2023-07-25T00:00:00+0000,194710.40422599608,6000.0,4.5,67090.88076939003,0.0,67090.88076939003,0.3445675182899786,0.0,0.3445675182899786
B,2023-07-26T00:00:00+0000,195439.86404301698,6000.0,4.5,67090.88076939003,0.0,67090.88076939003,0.34328145436400376,0.0,0.34328145436400376
B,2023-07-27T00:00:00+0000,194835.17248038028,6000.0,4.5,67090.88076939003,0.0,67090.88076939003,0.34434686466144104,0.0,0.34434686466144104
B,2023-07-28T00:00:00+0000,195451.27811437633,6000.0,4.5,67090.88076939003,0.0,67090.88076939003,0.343261407224613,0.0,0.343261407224613
B,2023-07-29T00:00:00+0000,195744.56757393005,6000.0,4.5,67090.88076939003,0.0,67090.88076939003,0.3427470892342937,0.0,0.3427470892342937
B,2023-07-30T00:00:00+0000,195013.0751159957,6000.0,4.5,67090.88076939003,0.0,67090.88076939003,0.34403273077707075,0.0,0.34403273077707075
B,2023-07-31T00:00:00+0000,194741.49003890748,6000.0,4.5,67090.88076939003,0.0,67090.88076939003,0.34451251634146335,0.0,0.34451251634146335
B,2023-08-01T00:00:00+0000,196323.25682053974,6000.0,4.5,67090.88076939003,0.0,67090.88076939003,0.3417367960165728,0.0,0.3417367960165728
B,2023-08-02T00:00:00+0000,194153.6901903246,6000.0,4.5,67090.88076939003,0.0,67090.88076939003,0.3455555271889106,0.0,0.3455555271889106
B,2023-08-03T00:00:00+0000,194053.26758253516,6000.0,4.5,67090.88076939003,0.0,67090.88076939003,0.3457343522486927,0.0,0.3457343522486927
B,2023-08-04T00:00:00+0000,193717.2269873371,6000.0,4.5,67090.88076939003,0.0,67090.88076939003,0.34633409641867124,0.0,0.34633409641867124
B,2023-08-05T00:00:00+0000,193835.70483857056,6000.0,4.5,67090.88076939003,0.0,67090.88076939003,0.3461224072482641,0.0,0.3461224072482641
B,2023-08-06T00:00:00+0000,193687.50110741777,6000.0,4.5,67090.88076939003,0.0,67090.88076939003,0.34638724949103394,0.0,0.34638724949103394
B,2023-08-07T00:00:00+0000,193927.54998445266,6000.0,4.5,67090.88076939003,0.0,67090.88076939003,0.3459584817874962,0.0,0.3459584817874962
B,2023-08-08T00:00:00+0000,196006.80207754154,6000.0,4.5,67090.88076939003,0.0,67090.88076939003,0.3422885331441123,0.0,0.3422885331441123
B,2023-08-09T00:00:00+0000,195581.17582106782,6000.0,4.5,67090.88076939003,0.0,67090.88076939003,0.34303342582810603,0.0,0.34303342582810603
B,2023-08-10T00:00:00+0000,195229.21777703942,6000.0,4.5,67090.88076939003,0.0,67090.88076939003,0.3436518443976498,0.0,0.3436518443976498
B,2023-08-11T00:00:00+0000,195062.47892376568,6000.0,4.5,67090.88076939003,0.0,67090.88076939003,0.3439455970187403,0.0,0.3439455970187403
B,2023-08-12T00:00:00+0000,195117.78098894894,6000.0,4.5,67090.88076939003,0.0,67090.88076939003,0.34384811281340844,0.0,0.34384811281340844
B,2023-08-13T00:00:00+0000,194566.2467778797,6000.0,4.5,67090.88076939003,0.0,67090.88076939003,0.34482281423654215,0.0,0.34482281423654215
B,2023-08-14T00:00:00+0000,195003.78976099187,6000.0,4.5,67090.88076939003,0.0,67090.88076939003,0.34404911233581953,0.0,0.34404911233581953
B,2023-08-15T00:00:00+0000,193994.90554516358,6000.0,4.5,67090.88076939003,0.0,67090.88076939003,0.3458383640583321,0.0,0.3458383640583321
B,2023-08-16T00:00:00+0000,192322.45077992193,6000.0,4.5,67090.88076939003,0.0,67090.88076939003,0.34884580815873306,0.0,0.34884580815873306
B,2023-08-17T00:00:00+0000,183787.067641012,6000.0,4.5,67090.88076939003,0.0,67090.88076939003,0.36504679916019694,0.0,0.36504679916019694
B,2023-08-18T00:00:00+0000,181937.79717625934,6000.0,4.5,67090.88076939003,0.0,67090.88076939003,0.3687572445674558,0.0,0.3687572445674558
B,2023-08-19T00:00:00+0000,182304.20440558819,6000.0,4.5,67090.88076939003,0.0,67090.88076939003,0.3680160915001557,0.0,0.3680160915001557
B,2023-08-20T00:00:00+0000,183002.02426976193,6000.0,4.5,67090.88076939003,0.0,67090.88076939003,0.36661277948757476,0.0,0.36661277948757476
B,2023-08-21T00:00:00+0000,182319.7303264304,6000.0,4.5,67090.88076939003,0.0,67090.88076939003,0.36798475211250375,0.0,0.36798475211250375
B,2023-08-22T00:00:00+0000,181151.74141101303,6000.0,4.5,67090.88076939003,0.0,67090.88076939003,0.3703573603367595,0.0,0.3703573603367595
B,2023-08-23T00:00:00+0000,183387.32260164001,6000.0,4.5,67090.88076939003,0.0,67090.88076939003,0.36584252290507047,0.0,0.36584252290507047
B,2023-08-24T00:00:00+0000,182269.51832815463,6000.0,4.5,67090.88076939003,0.0,67090.88076939003,0.3680861253421478,0.0,0.3680861253421478
B,2023-08-25T00:00:00+0000,181789.04738931695,6000.0,4.5,67090.88076939003,0.0,67090.88076939003,0.36905898200626525,0.0,0.36905898200626525
B,2023-08-26T00:00:00+0000,181495.39928471425,6000.0,4.5,67090.88076939003,0.0,67090.88076939003,0.36965609615339984,0.0,0.36965609615339984
B,2023-08-27T00:00:00+0000,182046.47140476224,6000.0,4.5,67090.88076939003,0.0,67090.88076939003,0.3685371117148441,0.0,0.3685371117148441
B,2023-08-28T00:00:00+0000,181932.6492148037,6000.0,4.5,67090.88076939003,0.0,67090.88076939003,0.36876767891274626,0.0,0.36876767891274626
B,2023-08-29T00:00:00+0000,187818.5280138056,6000.0,4.5,67090.88076939003,0.0,67090.88076939003,0.35721119465092666,0.0,0.35721119465092666
B,2023-08-30T00:00:00+0000,186163.5418853858,6000.0,4.5,67090.88076939003,0.0,67090.88076939003,0.3603867872834922,0.0,0.3603867872834922
B,2023-08-31T00:00:00+0000,181347.2332578738,6000.0,4.5,67090.88076939003,0.0,67090.88076939003,0.3699581160633839,0.0,0.3699581160633839
B,2023-09-01T00:00:00+0000,180539.7547180814,6000.0,4.5,67090.88076939003,0.0,67090.88076939003,0.37161278342354337,0.0,0.37161278342354337
B,2023-09-02T00:00:00+0000,180941.1968963289,6000.0,4.5,67090.88076939003,0.0,67090.88076939003,0.37078831089986686,0.0,0.37078831089986686
B,2023-09-03T00:00:00+0000,181136.80584853585,6000.0,4.5,67090.88076939003,0.0,67090.88076939003,0.37038789800395683,0.0,0.37038789800395683
B,2023-09-04T00:00:00+0000,180664.9826627618,6000.0,4.5,67090.88076939003,0.0,67090.88076939003,0.371355199998138,0.0,0.371355199998138
B,2023-09-05T00:00:00+0000,180727.3935588058,6000.0,4.5,67090.88076939003,0.0,67090.88076939003,0.3712269592797493,0.0,0.3712269592797493
B,2023-09-06T00:00:00+0000,180628.47460027356,6000.0,4.5,67090.88076939003,0.0,67090.88076939003,0.3714302571499899,0.0,0.3714302571499899
B,2023-09-07T00:00:00+0000,182189.5198626336,6000.0,4.5,67090.88076939003,0.0,67090.88076939003,0.36824775003510024,0.0,0.36824775003510024
B,2023-09-08T00:00:00+0000,181083.73421264676,6000.0,4.5,67090.88076939003,0.0,67090.88076939003,0.3704964505017616,0.0,0.3704964505017616
B,2023-09-09T00:00:00+0000,181048.0066880795,6000.0,4.5,67090.88076939003,0.0,67090.88076939003,0.37056956327046603,0.0,0.37056956327046603
B,2023-09-10T00:00:00+0000,180358.24349770026,6000.0,4.5,67090.88076939003,0.0,67090.88076939003,0.3719867718175327,0.0,0.3719867718175327
B,2023-09-11T00:00:00+0000,176824.37964749002,6000.0,4.5,67090.88076939003,0.0,67090.88076939003,0.37942098766663124,0.0,0.37942098766663124
B,2023-09-12T00:00:00+0000,179608.47579645808,6000.0,4.5,67090.88076939003,0.0,67090.88076939003,0.3735396142742228,0.0,0.3735396142742228
B,2023-09-13T00:00:00+0000,180914.46539341673,6000.0,4.5,67090.88076939003,0.0,67090.88076939003,0.37084309772297175,0.0,0.37084309772297175
B,2023-09-14T00:00:00+0000,182175.9997042634,6000.0,4.5,67090.88076939003,0.0,67090.88076939003,0.36827507947425814,0.0,0.36827507947425814
B,2023-09-15T00:00:00+0000,182823.567544263,6000.0,4.5,67090.88076939003,0.0,67090.88076939003,0.366970635518021,0.0,0.366970635518021
B,2023-09-16T00:00:00+0000,182530.48000582948,6000.0,4.5,67090.88076939003,0.0,67090.88076939003,0.3675598769435513,0.0,0.3675598769435513
B,2023-09-17T00:00:00+0000,182096.65151688916,6000.0,4.5,67090.88076939003,0.0,67090.88076939003,0.36843555447348497,0.0,0.36843555447348497
B,2023-09-18T00:00:00+0000,183068.15983777712,6000.0,4.5,67090.88076939003,0.0,67090.88076939003,0.36648033622472376,0.0,0.36648033622472376
B,2023-09-19T00:00:00+0000,184260.71888543764,6000.0,4.5,67090.88076939003,0.0,67090.88076939003,0.3641084284008636,0.0,0.3641084284008636
B,2023-09-20T00:00:00+0000,183429.24245140914,6000.0,4.5,67090.88076939003,0.0,67090.88076939003,0.3657589153875646,0.0,0.3657589153875646
B,2023-09-21T00:00:00+0000,181017.81478459644,6000.0,4.5,67090.88076939003,0.0,67090.88076939003,0.3706313704495071,0.0,0.3706313704495071
B,2023-09-22T00:00:00+0000,181344.18067458327,6000.0,4.5,67090.88076939003,0.0,67090.88076939003,0.3699643436024154,0.0,0.3699643436024154
B,2023-09-23T00:00:00+0000,181371.60909814772,6000.0,4.5,67090.88076939003,0.0,67090.88076939003,0.36990839472061127,0.0,0.36990839472061127
B,2023-09-24T00:00:00+0000,180253.58507715486,6000.0,4.5,67090.88076939003,0.0,67090.88076939003,0.3722027539184465,0.0,0.3722027539184465
B,2023-09-25T00:00:00+0000,180629.0180615706,6000.0,4.5,67090.88076939003,0.0,67090.88076939003,0.37142913962207846,0.0,0.37142913962207846
B,2023-09-26T00:00:00+0000,180638.34676528513,6000.0,4.5,67090.88076939003,0.0,67090.88076939003,0.3714099579120123,0.0,0.3714099579120123
B,2023-09-27T00:00:00+0000,181126.9972598962,6000.0,4.5,67090.88076939003,0.0,67090.88076939003,0.3704079556573359,0.0,0.3704079556573359
B,2023-09-28T00:00:00+0000,184269.34414573945,6000.0,4.5,67090.88076939003,0.0,67090.88076939003,0.36409138525140433,0.0,0.36409138525140433
B,2023-09-29T00:00:00+0000,184486.8256508268,6000.0,4.5,67090.88076939003,0.0,67090.88076939003,0.36366217767967407,0.0,0.36366217767967407
B,2023-09-30T00:00:00+0000,184728.80264330315,6000.0,4.5,67090.88076939003,0.0,67090.88076939003,0.3631858151483679,0.0,0.3631858151483679
B,2023-10-01T00:00:00+0000,188976.41350091336,6000.0,4.5,67090.88076939003,0.0,67090.88076939003,0.3550225106217595,0.0,0.3550225106217595
B,2023-10-02T00:00:00+0000,185648.54511840083,6000.0,4.5,67090.88076939003,0.0,67090.88076939003,0.36138651518438547,0.0,0.36138651518438547
B,2023-10-03T00:00:00+0000,185337.66469712323,6000.0,4.5,67090.88076939003,0.0,67090.88076939003,0.3619926952194483,0.0,0.3619926952194483
B,2023-10-04T00:00:00+0000,185795.70636030077,6000.0,4.5,67090.88076939003,0.0,67090.88076939003,0.3611002755859456,0.0,0.3611002755859456
B,2023-10-05T00:00:00+0000,183905.2358253185,6000.0,4.5,67090.88076939003,0.0,67090.88076939003,0.3648122385874646,0.0,0.3648122385874646
B,2023-10-06T00:00:00+0000,186104.8995462316,6000.0,4.5,67090.88076939003,0.0,67090.88076939003,0.3605003464872429,0.0,0.3605003464872429
B,2023-10-07T00:00:00+0000,185811.7417732372,6000.0,4.5,67090.88076939003,0.0,67090.88076939003,0.3610691129049695,0.0,0.3610691129049695
B,2023-10-08T00:00:00+0000,185713.94765733543,6000.0,4.5,67090.88076939003,0.0,67090.88076939003,0.3612592463608645,0.0,0.3612592463608645
B,2023-10-09T00:00:00+0000,183348.4182389639,6000.0,4.5,67090.88076939003,0.0,67090.88076939003,0.3659201503552014,0.0,0.3659201503552014
B,2023-10-10T00:00:00+0000,182528.16386584708,6000.0,4.5,67090.88076939003,0.0,67090.88076939003,0.3675645409916022,0.0,0.3675645409916022
B,2023-10-11T00:00:00+0000,181388.44099276263,6000.0,4.5,67090.88076939003,0.0,67090.88076939003,0.36987406916445653,0.0,0.36987406916445653
B,2023-10-12T00:00:00+0000,180287.23716427808,6000.0,4.5,67090.88076939003,0.0,67090.88076939003,0.37213327923072387,0.0,0.37213327923072387
B,2023-10-13T00:00:00+0000,180919.21166021423,6000.0,4.5,67090.88076939003,0.0,67090.88076939003,0.37083336895914587,0.0,0.37083336895914587
B,2023-10-14T00:00:00+0000,180997.92959943486,6000.0,4.5,67090.88076939003,0.0,67090.88076939003,0.37067208955300396,0.0,0.37067208955300396
B,2023-10-15T00:00:00+0000,181760.83819328126,6000.0,4.5,67090.88076939003,0.0,67090.88076939003,0.3691162597855473,0.0,0.3691162597855473
B,2023-10-16T00:00:00+0000,186039.80053441535,6000.0,4.5,67090.88076939003,0.0,67090.88076939003,0.3606264927003023,0.0,0.3606264927003023
B,2023-10-17T00:00:00+0000,184737.1399476598,6000.0,4.5,67090.88076939003,0.0,67090.88076939003,0.3631694243420592,0.0,0.3631694243420592
B,2023-10-18T00:00:00+0000,184533.0288325434,6000.0,4.5,67090.88076939003,0.0,67090.88076939003,0.36357112433391214,0.0,0.36357112433391214
B,2023-10-19T00:00:00+0000,185507.9251127164,6000.0,4.5,67090.88076939003,0.0,67090.88076939003,0.361660455900334,0.0,0.361660455900334
B,2023-10-20T00:00:00+0000,188793.5879627973,6000.0,4.5,67090.88076939003,0.0,67090.88076939003,0.3553663103357653,0.0,0.3553663103357653
B,2023-10-21T00:00:00+0000,190123.74042462668,6000.0,4.5,67090.88076939003,0.0,67090.88076939003,0.352880080202229,0.0,0.352880080202229
B,2023-10-22T00:00:00+0000,191412.86796398662,6000.0,4.5,67090.88076939003,0.0,67090.88076939003,0.350503503150127,0.0,0.350503503150127
B,2023-10-23T00:00:00+0000,201393.05756139028,6000.0,4.5,67090.88076939003,0.0,67090.88076939003,0.333134029453517,0.0,0.333134029453517
B,2023-10-24T00:00:00+0000,203893.7464024108,6000.0,4.5,67090.88076939003,0.0,67090.88076939003,0.3290482516171804,0.0,0.3290482516171804
B,2023-10-25T00:00:00+0000,205233.98630457863,6000.0,4.5,67090.88076939003,0.0,67090.88076939003,0.3268994671760818,0.0,0.3268994671760818
B,2023-10-26T00:00:00+0000,205000.55535471297,6000.0,4.5,67090.88076939003,0.0,67090.88076939003,0.3272717025244274,0.0,0.3272717025244274
B,2023-10-27T00:00:00+0000,203686.07332301218,6000.0,4.5,67090.88076939003,0.0,67090.88076939003,0.3293837407479257,0.0,0.3293837407479257
B,2023-10-28T00:00:00+0000,204012.6582383073,6000.0,4.5,67090.88076939003,0.0,67090.88076939003,0.32885646091146525,0.0,0.32885646091146525
B,2023-10-29T00:00:00+0000,205599.86117846332,6000.0,4.5,67090.88076939003,0.0,67090.88076939003,0.3263177338001911,0.0,0.3263177338001911
B,2023-10-30T00:00:00+0000,205937.4829172687,6000.0,4.5,67090.88076939003,0.0,67090.88076939003,0.3257827561014838,0.0,0.3257827561014838
B,2023-10-31T00:00:00+0000,206490.01156903402,6000.0,4.5,67090.88076939003,0.0,67090.88076939003,0.3249110223763057,0.0,0.3249110223763057
B,2023-11-01T00:00:00+0000,209240.45990687291,6000.0,4.5,67090.88076939003,0.0,67090.88076939003,0.32064009417323164,0.0,0.32064009417323164
B,2023-11-02T00:00:00+0000,207085.40735616628,6000.0,4.5,88138.3833011984,0.0,88138.3833011984,0.4256136848387832,0.0,0.4256136848387832
B,2023-11-03T00:00:00+0000,207555.53309809061,6000.0,4.5,88138.3833011984,0.0,88138.3833011984,0.424649644293242,0.0,0.424649644293242
B,2023-11-04T00:00:00+0000,208820.96288555962,6000.0,4.5,88138.3833011984,0.0,88138.3833011984,0.4220763187913321,0.0,0.4220763187913321
B,2023-11-05T00:00:00+0000,209726.29328322632,6000.0,4.5,88138.3833011984,0.0,88138.3833011984,0.4202543320697101,0.0,0.4202543320697101
B,2023-11-06T00:00:00+0000,210052.56351286295,6000.0,4.5,88138.3833011984,0.0,88138.3833011984,0.41960155985337966,0.0,0.41960155985337966
B,2023-11-07T00:00:00+0000,210283.5578927739,6000.0,4.5,88138.3833011984,0.0,88138.3833011984,0.41914063174706795,0.0,0.41914063174706795
B,2023-11-08T00:00:00+0000,210786.14817760128,6000.0,4.5,88138.3833011984,0.0,88138.3833011984,0.41814124914382883,0.0,0.41814124914382883
B,2023-11-09T00:00:00+0000,219120.4297347048,6000.0,4.5,88138.3833011984,0.0,88138.3833011984,0.4022371780116988,0.0,0.4022371780116988
B,2023-11-10T00:00:00+0000,219044.57229941172,6000.0,4.5,88138.3833011984,0.0,88138.3833011984,0.4023764769698204,0.0,0.4023764769698204
B,2023-11-11T00:00:00+0000,218073.58765065914,6000.0,4.5,88138.3833011984,0.0,88138.3833011984,0.4041680803747349,0.0,0.4041680803747349
B,2023-11-12T00:00:00+0000,217733.65854097914,6000.0,4.5,88138.3833011984,0.0,88138.3833011984,0.4047990737482146,0.0,0.4047990737482146
B,2023-11-13T00:00:00+0000,216888.4637437614,6000.0,4.5,88138.3833011984,0.0,88138.3833011984,0.4063765392581127,0.0,0.4063765392581127
B,2023-11-14T00:00:00+0000,213207.10971129348,6000.0,4.5,88138.3833011984,0.0,88138.3833011984,0.4133932654523,0.0,0.4133932654523
B,2023-11-15T00:00:00+0000,219601.53930463176,6000.0,4.5,88138.3833011984,0.0,88138.3833011984,0.40135594486399584,0.0,0.40135594486399584
B,2023-11-16T00:00:00+0000,213872.9990339536,6000.0,4.5,88138.3833011984,0.0,88138.3833011984,0.4121061737541068,0.0,0.4121061737541068
B,2023-11-17T00:00:00+0000,214684.9248871198,6000.0,4.5,88138.3833011984,0.0,88138.3833011984,0.4105476122626733,0.0,0.4105476122626733
B,2023-11-18T00:00:00+0000,214661.38220169873,6000.0,4.5,88138.3833011984,0.0,88138.3833011984,0.4105926384950898,0.0,0.4105926384950898
B,2023-11-19T00:00:00+0000,217456.65742348687,6000.0,4.5,88138.3833011984,0.0,88138.3833011984,0.405314715794389,0.0,0.405314715794389
B,2023-11-20T00:00:00+0000,217902.22074693895,6000.0,4.5,88138.3833011984,0.0,88138.3833011984,0.4044859340995796,0.0,0.4044859340995796
B,2023-11-21T00:00:00+0000,212374.42633485646,6000.0,4.5,88138.3833011984,0.0,88138.3833011984,0.41501410891266277,0.0,0.41501410891266277
B,2023-11-22T00:00:00+0000,218991.06442351252,6000.0,4.5,88138.3833011984,0.0,88138.3833011984,0.40247479290180205,0.0,0.40247479290180205
B,2023-11-23T00:00:00+0000,218766.20463877704,6000.0,4.5,88138.3833011984,0.0,88138.3833011984,0.40288847834943686,0.0,0.40288847834943686
B,2023-11-24T00:00:00+0000,220055.52809936073,6000.0,4.5,88138.3833011984,0.0,88138.3833011984,0.4005279215771469,0.0,0.4005279215771469
B,2023-11-25T00:00:00+0000,220251.9691999779,6000.0,4.5,88138.3833011984,0.0,88138.3833011984,0.4001706936893404,0.0,0.4001706936893404
B,2023-11-26T00:00:00+0000,219086.57908019447,6000.0,4.5,88138.3833011984,0.0,88138.3833011984,0.40229932692014064,0.0,0.40229932692014064
B,2023-11-27T00:00:00+0000,217773.9516765504,6000.0,4.5,88138.3833011984,0.0,88138.3833011984,0.4047241767101066,0.0,0.4047241767101066
B,2023-11-28T00:00:00+0000,219406.48797554238,6000.0,4.5,88138.3833011984,0.0,88138.3833011984,0.4017127483988684,0.0,0.4017127483988684
B,2023-11-29T00:00:00+0000,218957.6411372365,6000.0,4.5,88138.3833011984,0.0,88138.3833011984,0.402536229580386,0.0,0.402536229580386
B,2023-11-30T00:00:00+0000,219360.04198321915,6000.0,4.5,88138.3833011984,0.0,88138.3833011984,0.40179780467009985,0.0,0.40179780467009985
B,2023-12-01T00:00:00+0000,222094.60494709486,6000.0,4.5,88138.3833011984,0.0,88138.3833011984,0.3968506273360122,0.0,0.3968506273360122
B,2023-12-02T00:00:00+0000,225628.92621149408,6000.0,4.5,88138.3833011984,0.0,88138.3833011984,0.3906342364036319,0.0,0.3906342364036319
B,2023-12-03T00:00:00+0000,227368.87287562827,6000.0,4.5,88138.3833011984,0.0,88138.3833011984,0.38764489697501586,0.0,0.38764489697501586
B,2023-12-04T00:00:00+0000,232466.21541220017,6000.0,4.5,88138.3833011984,0.0,88138.3833011984,0.37914491421867386,0.0,0.37914491421867386
B,2023-12-05T00:00:00+0000,237668.48379229548,6000.0,4.5,88138.3833011984,0.0,88138.3833011984,0.37084590221993746,0.0,0.37084590221993746
B,2023-12-06T00:00:00+0000,235457.71522807024,6000.0,4.5,88138.3833011984,0.0,88138.3833011984,0.3743278627155001,0.0,0.3743278627155001
B,2023-12-07T00:00:00+0000,237920.12522057927,6000.0,4.5,88138.3833011984,0.0,88138.3833011984,0.370453668933992,0.0,0.370453668933992
B,2023-12-08T00:00:00+0000,239665.56340174956,6000.0,4.5,88138.3833011984,0.0,88138.3833011984,0.3677557261468252,0.0,0.3677557261468252
B,2023-12-09T00:00:00+0000,238339.29115078764,6000.0,4.5,88138.3833011984,0.0,88138.3833011984,0.36980215421315826,0.0,0.36980215421315826
B,2023-12-10T00:00:00+0000,238815.07356601287,6000.0,4.5,88138.3833011984,0.0,88138.3833011984,0.3690654110944774,0.0,0.3690654110944774
B,2023-12-11T00:00:00+0000,230692.51979021882,6000.0,4.5,88138.3833011984,0.0,88138.3833011984,0.38205999648947175,0.0,0.38205999648947175
B,2023-12-12T00:00:00+0000,230554.48229688423,6000.0,4.5,88138.3833011984,0.0,88138.3833011984,0.38228874330754886,0.0,0.38228874330754886
B,2023-12-13T00:00:00+0000,234645.74354240685,6000.0,4.5,88138.3833011984,0.0,88138.3833011984,0.3756231925224307,0.0,0.3756231925224307
B,2023-12-14T00:00:00+0000,236442.32122031454,6000.0,4.5,88138.3833011984,0.0,88138.3833011984,0.3727690662411995,0.0,0.3727690662411995
B,2023-12-15T00:00:00+0000,231878.82302382475,6000.0,4.5,88138.3833011984,0.0,88138.3833011984,0.3801053591346825,0.0,0.3801053591346825
B,2023-12-16T00:00:00+0000,232743.33864734037,6000.0,4.5,88138.3833011984,0.0,88138.3833011984,0.37869347330601066,0.0,0.37869347330601066
B,2023-12-17T00:00:00+0000,230207.25473708837,6000.0,4.5,88138.3833011984,0.0,88138.3833011984,0.3828653593122343,0.0,0.3828653593122343
B,2023-12-18T00:00:00+0000,233207.93175200268,6000.0,4.5,88138.3833011984,0.0,88138.3833011984,0.37793904623675606,0.0,0.37793904623675606
B,2023-12-19T00:00:00+0000,231385.2663282708,6000.0,4.5,88138.3833011984,0.0,88138.3833011984,0.3809161434512202,0.0,0.3809161434512202
B,2023-12-20T00:00:00+0000,234625.5401758158,6000.0,4.5,88138.3833011984,0.0,88138.3833011984,0.3756555370534351,0.0,0.3756555370534351
B,2023-12-21T00:00:00+0000,236012.88959664153,6000.0,4.5,88138.3833011984,0.0,88138.3833011984,0.3734473293040543,0.0,0.3734473293040543
B,2023-12-22T00:00:00+0000,238535.9711751618,6000.0,4.5,88138.3833011984,0.0,88138.3833011984,0.3694972413048621,0.0,0.3694972413048621
B,2023-12-23T00:00:00+0000,237610.78762304838,6000.0,4.5,88138.3833011984,0.0,88138.3833011984,0.37093595026932574,0.0,0.37093595026932574
B,2023-12-24T00:00:00+0000,235109.41291771096,6000.0,4.5,88138.3833011984,0.0,88138.3833011984,0.37488240988482713,0.0,0.37488240988482713
B,2023-12-25T00:00:00+0000,236398.66592636544,6000.0,4.5,88138.3833011984,0.0,88138.3833011984,0.3728379047987189,0.0,0.3728379047987189
B,2023-12-26T00:00:00+0000,233339.57992760933,6000.0,4.5,88138.3833011984,0.0,88138.3833011984,0.3777258162911848,0.0,0.3777258162911848
B,2023-12-27T00:00:00+0000,239065.7942192531,6000.0,4.5,88138.3833011984,0.0,88138.3833011984,0.36867835312468217,0.0,0.36867835312468217
B,2023-12-28T00:00:00+0000,236549.76250598798,6000.0,4.5,88138.3833011984,0.0,88138.3833011984,0.3725997539269027,0.0,0.3725997539269027
B,2023-12-29T00:00:00+0000,234420.44165868429,6000.0,4.5,88138.3833011984,0.0,88138.3833011984,0.37598420460928794,0.0,0.37598420460928794
B,2023-12-30T00:00:00+0000,234362.95674555574,6000.0,4.5,88138.3833011984,0.0,88138.3833011984,0.3760764266039231,0.0,0.3760764266039231
B,2023-12-31T00:00:00+0000,234372.21989339017,6000.0,4.5,88138.3833011984,0.0,88138.3833011984,0.3760615628477226,0.0,0.3760615628477226
B,2024-01-01T00:00:00+0000,239796.70669804653,6000.0,4.5,88138.3833011984,0.0,88138.3833011984,0.36755460287527125,0.0,0.36755460287527125
B,2024-01-02T00:00:00+0000,241315.64173307313,6000.0,4.5,88138.3833011984,0.0,88138.3833011984,0.365241070442881,0.0,0.365241070442881
B,2024-01-03T00:00:00+0000,233479.13742069865,6000.0,4.5,88138.3833011984,0.0,88138.3833011984,0.37750003822561945,0.0,0.37750003822561945
B,2024-01-04T00:00:00+0000,237466.8649507031,6000.0,4.5,88138.3833011984,0.0,88138.3833011984,0.3711607651850521,0.0,0.3711607651850521
B,2024-01-05T00:00:00+0000,237513.3917064453,6000.0,4.5,88138.3833011984,0.0,88138.3833011984,0.37108805810045875,0.0,0.37108805810045875
B,2024-01-06T00:00:00+0000,236436.08954215617,6000.0,4.5,88138.3833011984,0.0,88138.3833011984,0.3727788912084991,0.0,0.3727788912084991
B,2024-01-07T00:00:00+0000,235848.05789451944,6000.0,4.5,88138.3833011984,0.0,88138.3833011984,0.37370832767517365,0.0,0.37370832767517365
B,2024-01-08T00:00:00+0000,244415.83363361956,6000.0,4.5,88138.3833011984,0.0,88138.3833011984,0.36060832062671616,0.0,0.36060832062671616
B,2024-01-09T00:00:00+0000,243250.04978412855,6000.0,4.5,88138.3833011984,0.0,88138.3833011984,0.36233654784209296,0.0,0.36233654784209296
B,2024-01-10T00:00:00+0000,250807.42813656727,6000.0,4.5,88138.3833011984,0.0,88138.3833011984,0.3514185522974468,0.0,0.3514185522974468
B,2024-01-11T00:00:00+0000,251153.21019195908,6000.0,4.5,88138.3833011984,0.0,88138.3833011984,0.35093472718836954,0.0,0.35093472718836954
B,2024-01-12T00:00:00+0000,241986.8500764688,6000.0,4.5,88138.3833011984,0.0,88138.3833011984,0.36422798707180293,0.0,0.36422798707180293
B,2024-01-13T00:00:00+0000,243635.2857627233,6000.0,4.5,88138.3833011984,0.0,88138.3833011984,0.36176362149379493,0.0,0.36176362149379493
B,2024-01-14T00:00:00+0000,238714.3670026963,6000.0,4.5,88138.3833011984,0.0,88138.3833011984,0.369221108925559,0.0,0.369221108925559
B,2024-01-15T00:00:00+0000,241226.97283342222,6000.0,4.5,88138.3833011984,0.0,88138.3833011984,0.3653753237705379,0.0,0.3653753237705379
B,2024-01-16T00:00:00+0000,244458.7252600169,6000.0,4.5,88138.3833011984,0.0,88138.3833011984,0.3605450499156886,0.0,0.3605450499156886
B,2024-01-17T00:00:00+0000,242242.76239495646,6000.0,4.5,88138.3833011984,0.0,88138.3833011984,0.3638432060046284,0.0,0.3638432060046284
B,2024-01-18T00:00:00+0000,237955.66784971094,6000.0,4.5,88138.3833011984,0.0,88138.3833011984,0.37039833552889023,0.0,0.37039833552889023
B,2024-01-19T00:00:00+0000,239158.64221210484,6000.0,4.5,88138.3833011984,0.0,88138.3833011984,0.368535222001429,0.0,0.368535222001429
B,2024-01-20T00:00:00+0000,238694.69325341476,6000.0,4.5,88138.3833011984,0.0,88138.3833011984,0.3692515409532989,0.0,0.3692515409532989
B,2024-01-21T00:00:00+0000,238084.87923948563,6000.0,4.5,88138.3833011984,0.0,88138.3833011984,0.370197316111543,0.0,0.370197316111543
B,2024-01-22T00:00:00+0000,230478.38455988324,6000.0,4.5,88138.3833011984,0.0,88138.3833011984,0.38241496472437375,0.0,0.38241496472437375
B,2024-01-23T00:00:00+0000,229150.86267637715,6000.0,4.5,88138.3833011984,0.0,88138.3833011984,0.3846303796188347,0.0,0.3846303796188347
B,2024-01-24T00:00:00+0000,229303.44817757557,6000.0,4.5,88138.3833011984,0.0,88138.3833011984,0.384374434844708,0.0,0.384374434844708
B,2024-01-25T00:00:00+0000,228639.84615957705,6000.0,4.5,88138.3833011984,0.0,88138.3833011984,0.3854900393857116,0.0,0.3854900393857116
B,2024-01-26T00:00:00+0000,233439.74118128812,6000.0,4.5,88138.3833011984,0.0,88138.3833011984,0.37756374666621384,0.0,0.37756374666621384
B,2024-01-27T00:00:00+0000,234009.68419530953,6000.0,4.5,88138.3833011984,0.0,88138.3833011984,0.37664417010894385,0.0,0.37664417010894385
B,2024-01-28T00:00:00+0000,233554.88141169635,6000.0,4.5,88138.3833011984,0.0,88138.3833011984,0.3773776114995148,0.0,0.3773776114995148
B,2024-01-29T00:00:00+0000,237578.4474370374,6000.0,4.5,88138.3833011984,0.0,88138.3833011984,0.37098644364429,0.0,0.37098644364429
B,2024-01-30T00:00:00+0000,237611.76407013607,6000.0,4.5,88138.3833011984,0.0,88138.3833011984,0.370934425936851,0.0,0.370934425936851
B,2024-01-31T00:00:00+0000,235323.06495227249,6000.0,4.5,88138.3833011984,0.0,88138.3833011984,0.37454205060211315,0.0,0.37454205060211315
B,2024-02-01T00:00:00+0000,236843.9949912815,6000.0,4.5,88138.3833011984,0.0,88138.3833011984,0.37213687138001056,0.0,0.37213687138001056
B,2024-02-02T00:00:00+0000,237203.40627201568,6000.0,4.5,88138.3833011984,0.0,88138.3833011984,0.3715730085263814,0.0,0.3715730085263814
B,2024-02-03T00:00:00+0000,236522.43429493147,6000.0,4.5,88138.3833011984,0.0,88138.3833011984,0.37264280474677636,0.0,0.37264280474677636
B,2024-02-04T00:00:00+0000,235557.12009033925,6000.0,4.5,88138.3833011984,0.0,88138.3833011984,0.37416989674265067,0.0,0.37416989674265067
B,2024-02-05T00:00:00+0000,236130.54134917515,6000.0,4.5,88138.3833011984,0.0,88138.3833011984,0.3732612596303874,0.0,0.3732612596303874
B,2024-02-06T00:00:00+0000,238795.74082769343,6000.0,4.5,88138.3833011984,0.0,88138.3833011984,0.36909529037536704,0.0,0.36909529037536704
B,2024-02-07T00:00:00+0000,242559.16597146864,6000.0,4.5,88138.3833011984,0.0,88138.3833011984,0.36336859482591477,0.0,0.36336859482591477
B,2024-02-08T00:00:00+0000,244164.0147281941,6000.0,4.5,88138.3833011984,0.0,88138.3833011984,0.3609802345333933,0.0,0.3609802345333933
B,2024-02-09T00:00:00+0000,249426.50260661106,6000.0,4.5,88138.3833011984,0.0,88138.3833011984,0.3533641468733896,0.0,0.3533641468733896
B,2024-02-10T00:00:00+0000,250959.81619950623,6000.0,4.5,88138.3833011984,0.0,88138.3833011984,0.3512051635833634,0.0,0.3512051635833634
B,2024-02-11T00:00:00+0000,252181.46044943135,6000.0,4.5,88138.3833011984,0.0,88138.3833011984,0.3495038181796569,0.0,0.3495038181796569
B,2024-02-12T00:00:00+0000,259360.19071324074,6000.0,4.5,88138.3833011984,0.0,88138.3833011984,0.3398300373654791,0.0,0.3398300373654791
B,2024-02-13T00:00:00+0000,258422.9349903294,6000.0,4.5,88138.3833011984,0.0,88138.3833011984,0.3410625427054169,0.0,0.3410625427054169
B,2024-02-14T00:00:00+0000,266002.2409818416,6000.0,4.5,88138.3833011984,0.0,88138.3833011984,0.3313445141509732,0.0,0.3313445141509732
B,2024-02-15T00:00:00+0000,267473.3170207845,6000.0,4.5,88138.3833011984,0.0,88138.3833011984,0.3295221530241443,0.0,0.3295221530241443
B,2024-02-16T00:00:00+0000,267372.94409635186,6000.0,4.5,88138.3833011984,0.0,88138.3833011984,0.32964585702222887,0.0,0.32964585702222887
B,2024-02-17T00:00:00+0000,266057.4523696605,6000.0,4.5,88138.3833011984,0.0,88138.3833011984,0.331275754601825,0.0,0.331275754601825
B,2024-02-18T00:00:00+0000,269584.98978099844,6000.0,4.5,88138.3833011984,0.0,88138.3833011984,0.3269409894549358,0.0,0.3269409894549358
B,2024-02-19T00:00:00+0000,270506.6531156258,6000.0,4.5,115289.30549376445,0.0,115289.30549376445,0.42619767079993043,0.0,0.42619767079993043
B,2024-02-20T00:00:00+0000,272920.45223025867,6000.0,4.5,115289.30549376445,0.0,115289.30549376445,0.4224282370618992,0.0,0.4224282370618992
B,2024-02-21T00:00:00+0000,271192.6811805146,6000.0,4.5,115289.30549376445,0.0,115289.30549376445,0.42511953122003376,0.0,0.42511953122003376
B,2024-02-22T00:00:00+0000,270426.6947322128,6000.0,4.5,115289.30549376445,0.0,115289.30549376445,0.4263236867496697,0.0,0.4263236867496697
B,2024-02-23T00:00:00+0000,268438.2772540579,6000.0,4.5,115289.30549376445,0.0,115289.30549376445,0.4294816174246688,0.0,0.4294816174246688
B,2024-02-24T00:00:00+0000,271383.15657554567,6000.0,4.5,115289.30549376445,0.0,115289.30549376445,0.42482115304628737,0.0,0.42482115304628737
B,2024-02-25T00:00:00+0000,274484.8470705037,6000.0,4.5,115289.30549376445,0.0,115289.30549376445,0.4200206558730415,0.0,0.4200206558730415
B,2024-02-26T00:00:00+0000,280217.3571310122,6000.0,4.5,115289.30549376445,0.0,115289.30549376445,0.4114281380502149,0.0,0.4114281380502149
B,2024-02-27T00:00:00+0000,285736.1569154057,6000.0,4.5,115289.30549376445,0.0,115289.30549376445,0.4034816830265436,0.0,0.4034816830265436
B,2024-02-28T00:00:00+0000,297369.8363015342,6000.0,4.5,115289.30549376445,0.0,115289.30549376445,0.3876967043048059,0.0,0.3876967043048059
B,2024-02-29T00:00:00+0000,294363.702970452,6000.0,4.5,115289.30549376445,0.0,115289.30549376445,0.39165598316086236,0.0,0.39165598316086236
B,2024-03-01T00:00:00+0000,298518.80090315535,6000.0,4.5,115289.30549376445,0.0,115289.30549376445,0.3862045041885529,0.0,0.3862045041885529
B,2024-03-02T00:00:00+0000,297630.12907233834,6000.0,4.5,115289.30549376445,0.0,115289.30549376445,0.3873576437073131,0.0,0.3873576437073131
B,2024-03-03T00:00:00+0000,300947.4680171685,6000.0,4.5,115289.30549376445,0.0,115289.30549376445,0.3830878068300857,0.0,0.3830878068300857
B,2024-03-04T00:00:00+0000,312163.33848715515,6000.0,4.5,115289.30549376445,0.0,115289.30549376445,0.3693236561746611,0.0,0.3693236561746611
B,2024-03-05T00:00:00+0000,303468.93708766456,6000.0,4.5,115289.30549376445,0.0,115289.30549376445,0.37990479882446837,0.0,0.37990479882446837
B,2024-03-06T00:00:00+0000,313372.0273333963,6000.0,4.5,115289.30549376445,0.0,115289.30549376445,0.3678991595861497,0.0,0.3678991595861497
B,2024-03-07T00:00:00+0000,315724.6671608601,6000.0,4.5,115289.30549376445,0.0,115289.30549376445,0.3651577386413876,0.0,0.3651577386413876
B,2024-03-08T00:00:00+0000,318083.1127537625,6000.0,4.5,115289.30549376445,0.0,115289.30549376445,0.36245025551863636,0.0,0.36245025551863636
B,2024-03-09T00:00:00+0000,318903.6805779256,6000.0,4.5,115289.30549376445,0.0,115289.30549376445,0.3615176384444173,0.0,0.3615176384444173
B,2024-03-10T00:00:00+0000,319270.19968252326,6000.0,4.5,115289.30549376445,0.0,115289.30549376445,0.36110261968829577,0.0,0.36110261968829577
B,2024-03-11T00:00:00+0000,328500.3718940408,6000.0,4.5,115289.30549376445,0.0,115289.30549376445,0.35095639261848843,0.0,0.35095639261848843
B,2024-03-12T00:00:00+0000,325538.62416666,6000.0,4.5,115289.30549376445,0.0,115289.30549376445,0.3541493909943599,0.0,0.3541493909943599
B,2024-03-13T00:00:00+0000,328631.95503759454,6000.0,4.5,115289.30549376445,0.0,115289.30549376445,0.350815870844257,0.0,0.350815870844257
B,2024-03-14T00:00:00+0000,323136.6922661398,6000.0,4.5,115289.30549376445,0.0,115289.30549376445,0.3567818457422675,0.0,0.3567818457422675
B,2024-03-15T00:00:00+0000,316935.73047449806,6000.0,4.5,115289.30549376445,0.0,115289.30549376445,0.3637624111398228,0.0,0.3637624111398228
B,2024-03-16T00:00:00+0000,305292.4292541235,6000.0,4.5,115289.30549376445,0.0,115289.30549376445,0.377635651743589,0.0,0.377635651743589
B,2024-03-17T00:00:00+0000,312947.1891932694,6000.0,4.5,115289.30549376445,0.0,115289.30549376445,0.3683985971913116,0.0,0.3683985971913116
B,2024-03-18T00:00:00+0000,308808.6085572301,6000.0,4.5,115289.30549376445,0.0,115289.30549376445,0.3733357888965664,0.0,0.3733357888965664
B,2024-03-19T00:00:00+0000,291512.60250233125,6000.0,4.5,115289.30549376445,0.0,115289.30549376445,0.3954865227236358,0.0,0.3954865227236358
B,2024-03-20T00:00:00+0000,309095.58639081544,6000.0,4.5,115289.30549376445,0.0,115289.30549376445,0.37298916765506485,0.0,0.37298916765506485
B,2024-03-21T00:00:00+0000,304944.154762712,6000.0,4.5,115289.30549376445,0.0,115289.30549376445,0.3780669466626609,0.0,0.3780669466626609
B,2024-03-22T00:00:00+0000,298621.89539178484,6000.0,4.5,115289.30549376445,0.0,115289.30549376445,0.38607117318878315,0.0,0.38607117318878315
B,2024-03-23T00:00:00+0000,298769.9540785636,6000.0,4.5,115289.30549376445,0.0,115289.30549376445,0.3858798514372979,0.0,0.3858798514372979
B,2024-03-24T00:00:00+0000,306715.396240955,6000.0,4.5,115289.30549376445,0.0,115289.30549376445,0.3758836592708682,0.0,0.3758836592708682
B,2024-03-25T00:00:00+0000,314050.72054144804,6000.0,4.5,115289.30549376445,0.0,115289.30549376445,0.36710409482581874,0.0,0.36710409482581874
B,2024-03-26T00:00:00+0000,314155.8649642201,6000.0,4.5,115289.30549376445,0.0,115289.30549376445,0.36698122922802984,0.0,0.36698122922802984
B,2024-03-27T00:00:00+0000,311328.28819835983,6000.0,4.5,115289.30549376445,0.0,115289.30549376445,0.37031426267409717,0.0,0.37031426267409717
B,2024-03-28T00:00:00+0000,314765.4290852002,6000.0,4.5,115289.30549376445,0.0,115289.30549376445,0.36627054574839646,0.0,0.36627054574839646
B,2024-03-29T00:00:00+0000,312141.24222180154,6000.0,4.5,115289.30549376445,0.0,115289.30549376445,0.3693498003440446,0.0,0.3693498003440446
B,2024-03-30T00:00:00+0000,311642.3429677446,6000.0,4.5,115289.30549376445,0.0,115289.30549376445,0.3699410818051032,0.0,0.3699410818051032
B,2024-03-31T00:00:00+0000,317581.3494479091,6000.0,4.5,115289.30549376445,0.0,115289.30549376445,0.36302290954486494,0.0,0.36302290954486494
B,2024-04-01T00:00:00+0000,311726.7809099916,6000.0,4.5,115289.30549376445,0.0,115289.30549376445,0.3698408752600991,0.0,0.3698408752600991
B,2024-04-02T00:00:00+0000,299955.8536425573,6000.0,4.5,115289.30549376445,0.0,115289.30549376445,0.38435424444541455,0.0,0.38435424444541455
B,2024-04-03T00:00:00+0000,301493.0893836284,6000.0,4.5,115289.30549376445,0.0,115289.30549376445,0.3823945209804363,0.0,0.3823945209804363
B,2024-04-04T00:00:00+0000,305791.62685584836,6000.0,4.5,115289.30549376445,0.0,115289.30549376445,0.37701917046967537,0.0,0.37701917046967537
B,2024-04-05T00:00:00+0000,304548.2822092339,6000.0,4.5,115289.30549376445,0.0,115289.30549376445,0.37855838377232154,0.0,0.37855838377232154
B,2024-04-06T00:00:00+0000,307018.970390616,6000.0,4.5,115289.30549376445,0.0,115289.30549376445,0.3755119931093621,0.0,0.3755119931093621
B,2024-04-07T00:00:00+0000,310179.16548556084,6000.0,4.5,115289.30549376445,0.0,115289.30549376445,0.3716861682611345,0.0,0.3716861682611345
B,2024-04-08T00:00:00+0000,319375.23027193686,6000.0,4.5,115289.30549376445,0.0,115289.30549376445,0.3609838665183885,0.0,0.3609838665183885
B,2024-04-09T00:00:00+0000,311108.6920768266,6000.0,4.5,115289.30549376445,0.0,115289.30549376445,0.370575649057386,0.0,0.370575649057386
B,2024-04-10T00:00:00+0000,314343.0484757017,6000.0,4.5,115289.30549376445,0.0,115289.30549376445,0.36676270098168295,0.0,0.36676270098168295
B,2024-04-11T00:00:00+0000,312368.56221238466,6000.0,4.5,115289.30549376445,0.0,115289.30549376445,0.3690810133939705,0.0,0.3690810133939705
B,2024-04-12T00:00:00+0000,301637.12237201125,6000.0,4.5,115289.30549376445,0.0,115289.30549376445,0.3822119259962218,0.0,0.3822119259962218
B,2024-04-13T00:00:00+0000,291259.97215374396,6000.0,4.5,115289.30549376445,0.0,115289.30549376445,0.3958295561221438,0.0,0.3958295561221438
B,2024-04-14T00:00:00+0000,297464.52209960256,6000.0,4.5,115289.30549376445,0.0,115289.30549376445,0.3875732967414553,0.0,0.3875732967414553
B,2024-04-15T00:00:00+0000,292755.37587831024,6000.0,4.5,115289.30549376445,0.0,115289.30549376445,0.3938076462229913,0.0,0.3938076462229913
B,2024-04-16T00:00:00+0000,292923.0656778385,6000.0,4.5,115289.30549376445,0.0,115289.30549376445,0.3935822029821355,0.0,0.3935822029821355
B,2024-04-17T00:00:00+0000,286706.8832937373,6000.0,4.5,115289.30549376445,0.0,115289.30549376445,0.402115582888354,0.0,0.402115582888354
B,2024-04-18T00:00:00+0000,291978.40846039937,6000.0,4.5,115289.30549376445,0.0,115289.30549376445,0.39485558573212437,0.0,0.39485558573212437
B,2024-04-19T00:00:00+0000,292339.67282796785,6000.0,4.5,115289.30549376445,0.0,115289.30549376445,0.394367635355494,0.0,0.394367635355494
B,2024-04-20T00:00:00+0000,296440.344858713,6000.0,4.5,115289.30549376445,0.0,115289.30549376445,0.3889123309066204,0.0,0.3889123309066204
B,2024-04-21T00:00:00+0000,296260.77945855254,6000.0,4.5,115289.30549376445,0.0,115289.30549376445,0.3891480529568162,0.0,0.3891480529568162
B,2024-04-22T00:00:00+0000,300420.6173059497,6000.0,4.5,115289.30549376445,0.0,115289.30549376445,0.3837596318376289,0.0,0.3837596318376289
B,2024-04-23T00:00:00+0000,300262.5217840989,6000.0,4.5,115289.30549376445,0.0,115289.30549376445,0.3839616906190584,0.0,0.3839616906190584
B,2024-04-24T00:00:00+0000,295125.97670818795,6000.0,4.5,115289.30549376445,0.0,115289.30549376445,0.39064438440727023,0.0,0.39064438440727023
B,2024-04-25T00:00:00+0000,295816.21185839595,6000.0,4.5,115289.30549376445,0.0,115289.30549376445,0.38973288437941395,0.0,0.38973288437941395
B,2024-04-26T00:00:00+0000,294121.3080801779,6000.0,4.5,115289.30549376445,0.0,115289.30549376445,0.3919787595339281,0.0,0.3919787595339281
B,2024-04-27T00:00:00+0000,296601.740477501,6000.0,4.5,115289.30549376445,0.0,115289.30549376445,0.38870070454798905,0.0,0.38870070454798905
B,2024-04-28T00:00:00+0000,296269.49721178634,6000.0,4.5,115289.30549376445,0.0,115289.30549376445,0.38913660224478197,0.0,0.38913660224478197
B,2024-04-29T00:00:00+0000,296330.6240962748,6000.0,4.5,115289.30549376445,0.0,115289.30549376445,0.38905633140470874,0.0,0.38905633140470874
B,2024-04-30T00:00:00+0000,286597.96262315253,6000.0,4.5,115289.30549376445,0.0,115289.30549376445,0.40226840567376354,0.0,0.40226840567376354
B,2024-05-01T00:00:00+0000,282054.96722916747,6000.0,4.5,115289.30549376445,0.0,115289.30549376445,0.40874765165930504,0.0,0.40874765165930504
B,2024-05-02T00:00:00+0000,283468.93114461395,6000.0,4.5,115289.30549376445,0.0,115289.30549376445,0.4067087882549946,0.0,0.4067087882549946
B,2024-05-03T00:00:00+0000,292154.6553697156,6000.0,4.5,115289.30549376445,0.0,115289.30549376445,0.39461738286479897,0.0,0.39461738286479897
B,2024-05-04T00:00:00+0000,294076.6017365292,6000.0,4.5,115289.30549376445,0.0,115289.30549376445,0.392038349236146,0.0,0.392038349236146
B,2024-05-05T00:00:00+0000,294728.86394248204,6000.0,4.5,115289.30549376445,0.0,115289.30549376445,0.39117073214879894,0.0,0.39117073214879894
B,2024-05-06T00:00:00+0000,291680.4529296444,6000.0,4.5,115289.30549376445,0.0,115289.30549376445,0.39525893605758056,0.0,0.39525893605758056
B,2024-05-07T00:00:00+0000,289022.5648818259,6000.0,4.5,115289.30549376445,0.0,115289.30549376445,0.39889378720621127,0.0,0.39889378720621127
B,2024-05-08T00:00:00+0000,286555.3276208453,6000.0,4.5,115289.30549376445,0.0,115289.30549376445,0.4023282569930408,0.0,0.4023282569930408
B,2024-05-09T00:00:00+0000,290950.6371810804,6000.0,4.5,115289.30549376445,0.0,115289.30549376445,0.39625039701154274,0.0,0.39625039701154274
B,2024-05-10T00:00:00+0000,284448.21767316514,6000.0,4.5,115289.30549376445,0.0,115289.30549376445,0.40530858810384046,0.0,0.40530858810384046
B,2024-05-11T00:00:00+0000,284558.7273038965,6000.0,4.5,115289.30549376445,0.0,115289.30549376445,0.40515118473467315,0.0,0.40515118473467315
B,2024-05-12T00:00:00+0000,285989.37646622915,6000.0,4.5,115289.30549376445,0.0,115289.30549376445,0.4031244339153916,0.0,0.4031244339153916
B,2024-05-13T00:00:00+0000,288772.01870727044,6000.0,4.5,115289.30549376445,0.0,115289.30549376445,0.39923987791432713,0.0,0.39923987791432713
B,2024-05-14T00:00:00+0000,285035.6025631086,6000.0,4.5,115289.30549376445,0.0,115289.30549376445,0.4044733515990821,0.0,0.4044733515990821
B,2024-05-15T00:00:00+0000,295792.3744572024,6000.0,4.5,115289.30549376445,0.0,115289.30549376445,0.3897642922855181,0.0,0.3897642922855181
B,2024-05-16T00:00:00+0000,292216.70007150684,6000.0,4.5,115289.30549376445,0.0,115289.30549376445,0.3945335960112909,0.0,0.3945335960112909
B,2024-05-17T00:00:00+0000,298493.0214524505,6000.0,4.5,115289.30549376445,0.0,115289.30549376445,0.3862378588711156,0.0,0.3862378588711156
B,2024-05-18T00:00:00+0000,299069.29875588143,6000.0,4.5,115289.30549376445,0.0,115289.30549376445,0.385493616273433,0.0,0.385493616273433
B,2024-05-19T00:00:00+0000,296860.5100303195,6000.0,4.5,115289.30549376445,0.0,115289.30549376445,0.38836187905892067,0.0,0.38836187905892067
B,2024-05-20T00:00:00+0000,318891.273084766,6000.0,4.5,115289.30549376445,0.0,115289.30549376445,0.3615317044537586,0.0,0.3615317044537586
B,2024-05-21T00:00:00+0000,319918.66636438033,6000.0,4.5,115289.30549376445,0.0,115289.30549376445,0.36037067422146746,0.0,0.36037067422146746
B,2024-05-22T00:00:00+0000,317178.4345062682,6000.0,4.5,115289.30549376445,0.0,115289.30549376445,0.363484061182243,0.0,0.363484061182243
B,2024-05-23T00:00:00+0000,316420.6141006637,6000.0,4.5,115289.30549376445,0.0,115289.30549376445,0.36435459750763005,0.0,0.36435459750763005
B,2024-05-24T00:00:00+0000,316021.8910944343,6000.0,4.5,115289.30549376445,0.0,115289.30549376445,0.364814301612142,0.0,0.364814301612142
B,2024-05-25T00:00:00+0000,317680.3338274874,6000.0,4.5,115289.30549376445,0.0,115289.30549376445,0.3629097971055739,0.0,0.3629097971055739
B,2024-05-26T00:00:00+0000,318306.9461680836,6000.0,4.5,115289.30549376445,0.0,115289.30549376445,0.3621953805333716,0.0,0.3621953805333716
B,2024-05-27T00:00:00+0000,321366.1235078462,6000.0,4.5,115289.30549376445,0.0,115289.30549376445,0.35874753765373046,0.0,0.35874753765373046
B,2024-05-28T00:00:00+0000,318593.043853133,6000.0,4.5,115289.30549376445,0.0,115289.30549376445,0.36187012779510414,0.0,0.36187012779510414
B,2024-05-29T00:00:00+0000,315616.00215200766,6000.0,4.5,115289.30549376445,0.0,115289.30549376445,0.36528346062199524,0.0,0.36528346062199524
B,2024-05-30T00:00:00+0000,316251.8959607466,6000.0,4.5,115289.30549376445,0.0,115289.30549376445,0.3645489780971123,0.0,0.3645489780971123
B,2024-05-31T00:00:00+0000,315343.4543314401,6000.0,4.5,115289.30549376445,0.0,115289.30549376445,0.36559917103143746,0.0,0.36559917103143746
B,2024-06-01T00:00:00+0000,316976.30649522797,6000.0,4.5,115289.30549376445,0.0,115289.30549376445,0.3637158460469982,0.0,0.3637158460469982
B,2024-06-02T00:00:00+0000,316159.08900128026,6000.0,4.5,115289.30549376445,0.0,115289.30549376445,0.36465598967264734,0.0,0.36465598967264734
B,2024-06-03T00:00:00+0000,317464.92286698736,6000.0,4.5,115289.30549376445,0.0,115289.30549376445,0.36315604398936635,0.0,0.36315604398936635
B,2024-06-04T00:00:00+0000,321184.50292364333,6000.0,4.5,115289.30549376445,0.0,115289.30549376445,0.35895039905201376,0.0,0.35895039905201376
B,2024-06-05T00:00:00+0000,323403.7406975314,6000.0,4.5,115289.30549376445,0.0,115289.30549376445,0.3564872355684675,0.0,0.3564872355684675
B,2024-06-06T00:00:00+0000,321690.8034588736,6000.0,4.5,115289.30549376445,0.0,115289.30549376445,0.3583854566377231,0.0,0.3583854566377231
B,2024-06-07T00:00:00+0000,316256.85970371735,6000.0,4.5,115289.30549376445,0.0,115289.30549376445,0.3645432563953626,0.0,0.3645432563953626
B,2024-06-08T00:00:00+0000,316275.6684556887,6000.0,4.5,115289.30549376445,0.0,115289.30549376445,0.36452157719466455,0.0,0.36452157719466455
B,2024-06-09T00:00:00+0000,317400.98871082376,6000.0,4.5,115289.30549376445,0.0,115289.30549376445,0.36322919459712744,0.0,0.36322919459712744
B,2024-06-10T00:00:00+0000,316331.3131606852,6000.0,4.5,115289.30549376445,0.0,115289.30549376445,0.3644574555134273,0.0,0.3644574555134273
B,2024-06-11T00:00:00+0000,308841.77623493224,6000.0,4.5,115289.30549376445,0.0,115289.30549376445,0.37329569496474224,0.0,0.37329569496474224
B,2024-06-12T00:00:00+0000,311818.68295255053,6000.0,4.5,115289.30549376445,0.0,115289.30549376445,0.3697318723885061,0.0,0.3697318723885061
B,2024-06-13T00:00:00+0000,307362.0891112392,6000.0,4.5,115289.30549376445,0.0,115289.30549376445,0.37509279634040826,0.0,0.37509279634040826
B,2024-06-14T00:00:00+0000,306534.0901141452,6000.0,4.5,115289.30549376445,0.0,115289.30549376445,0.376105983679772,0.0,0.376105983679772
B,2024-06-15T00:00:00+0000,308893.0359949425,6000.0,4.5,115289.30549376445,0.0,115289.30549376445,0.3732337478001676,0.0,0.3732337478001676
B,2024-06-16T00:00:00+0000,310922.236312227,6000.0,4.5,115289.30549376445,0.0,115289.30549376445,0.37079787814851345,0.0,0.37079787814851345
B,2024-06-17T00:00:00+0000,307989.06001920026,6000.0,4.5,115289.30549376445,0.0,115289.30549376445,0.3743292228840116,0.0,0.3743292228840116
B,2024-06-18T00:00:00+0000,305268.6542562081,6000.0,4.5,115289.30549376445,0.0,115289.30549376445,0.3776650628433131,0.0,0.3776650628433131
B,2024-06-19T00:00:00+0000,306794.81129875715,6000.0,4.5,115289.30549376445,0.0,115289.30549376445,0.37578636028982765,0.0,0.37578636028982765
B,2024-06-20T00:00:00+0000,305520.22027764574,6000.0,4.5,115289.30549376445,0.0,115289.30549376445,0.37735409259980796,0.0,0.37735409259980796
B,2024-06-21T00:00:00+0000,304529.9243616864,6000.0,4.5,115289.30549376445,0.0,115289.30549376445,0.37858120424591435,0.0,0.37858120424591435
B,2024-06-22T00:00:00+0000,304187.1337630152,6000.0,4.5,115289.30549376445,0.0,115289.30549376445,0.3790078300405156,0.0,0.3790078300405156
B,2024-06-23T00:00:00+0000,300787.46685871447,6000.0,4.5,115289.30549376445,0.0,115289.30549376445,0.38329158690617254,0.0,0.38329158690617254
B,2024-06-24T00:00:00+0000,294642.00907948526,6000.0,4.5,115289.30549376445,0.0,115289.30549376445,0.3912860418443012,0.0,0.3912860418443012
B,2024-06-25T00:00:00+0000,298009.4048810589,6000.0,4.5,115289.30549376445,0.0,115289.30549376445,0.3868646546231605,0.0,0.3868646546231605
B,2024-06-26T00:00:00+0000,295999.46874868457,6000.0,4.5,115289.30549376445,0.0,115289.30549376445,0.3894915959854296,0.0,0.3894915959854296
B,2024-06-27T00:00:00+0000,299194.4924145884,6000.0,4.5,115289.30549376445,0.0,115289.30549376445,0.3853323119798948,0.0,0.3853323119798948
B,2024-06-28T00:00:00+0000,295548.71231966914,6000.0,4.5,115289.30549376445,0.0,115289.30549376445,0.3900856295021381,0.0,0.3900856295021381
B,2024-06-29T00:00:00+0000,296399.3995662177,6000.0,4.5,115289.30549376445,0.0,115289.30549376445,0.38896605614751933,0.0,0.38896605614751933
B,2024-06-30T00:00:00+0000,300600.32990106626,6000.0,4.5,115289.30549376445,0.0,115289.30549376445,0.3835302028168383,0.0,0.3835302028168383
B,2024-07-01T00:00:00+0000,300907.438363703,6000.0,4.5,115289.30549376445,0.0,115289.30549376445,0.38313876892074605,0.0,0.38313876892074605
B,2024-07-02T00:00:00+0000,299233.66216393455,6000.0,4.5,115289.30549376445,0.0,115289.30549376445,0.3852818718991697,0.0,0.3852818718991697
B,2024-07-03T00:00:00+0000,293258.99976720364,6000.0,4.5,115289.30549376445,0.0,115289.30549376445,0.3931313466433562,0.0,0.3931313466433562
B,2024-07-04T00:00:00+0000,282758.78855572734,6000.0,4.5,115289.30549376445,0.0,115289.30549376445,0.40773022859037583,0.0,0.40773022859037583
B,2024-07-05T00:00:00+0000,280267.6668237539,6000.0,4.5,115289.30549376445,0.0,115289.30549376445,0.4113542842823323,0.0,0.4113542842823323
B,2024-07-06T00:00:00+0000,284792.6370723494,6000.0,4.5,115289.30549376445,0.0,115289.30549376445,0.4048184204441918,0.0,0.4048184204441918
B,2024-07-07T00:00:00+0000,277885.3323206881,6000.0,4.5,115289.30549376445,0.0,115289.30549376445,0.41488085942124175,0.0,0.41488085942124175
B,2024-07-08T00:00:00+0000,281319.6495405145,6000.0,4.5,115289.30549376445,0.0,115289.30549376445,0.40981604264781707,0.0,0.40981604264781707
B,2024-07-09T00:00:00+0000,284544.0589969771,6000.0,4.5,115289.30549376445,0.0,115289.30549376445,0.40517207036464337,0.0,0.40517207036464337
B,2024-07-10T00:00:00+0000,284865.4015793667,6000.0,4.5,115289.30549376445,0.0,115289.30549376445,0.4047150157743658,0.0,0.4047150157743658
B,2024-07-11T00:00:00+0000,284239.9244888122,6000.0,4.5,115289.30549376445,0.0,115289.30549376445,0.40560560132819157,0.0,0.40560560132819157
B,2024-07-12T00:00:00+0000,285922.27394,6000.0,4.5,115289.30549376445,0.0,115289.30549376445,0.40321904238197825,0.0,0.40321904238197825
B,2024-07-13T00:00:00+0000,288983.4305110224,6000.0,4.5,115289.30549376445,0.0,115289.30549376445,0.39894780572676153,0.0,0.39894780572676153
B,2024-07-14T00:00:00+0000,293122.5878138297,6000.0,4.5,115289.30549376445,0.0,115289.30549376445,0.3933143001827887,0.0,0.3933143001827887
B,2024-07-15T00:00:00+0000,304912.5851091312,6000.0,4.5,115289.30549376445,0.0,115289.30549376445,0.37810609048000193,0.0,0.37810609048000193
B,2024-07-16T00:00:00+0000,304493.81353717396,6000.0,4.5,115289.30549376445,0.0,115289.30549376445,0.378626101313843,0.0,0.378626101313843
B,2024-07-17T00:00:00+0000,301659.94565582933,6000.0,4.5,115289.30549376445,0.0,115289.30549376445,0.382183008231728,0.0,0.382183008231728
B,2024-07-18T00:00:00+0000,302450.5088771048,6000.0,4.5,115289.30549376445,0.0,115289.30549376445,0.3811840354370511,0.0,0.3811840354370511
B,2024-07-19T00:00:00+0000,308462.2112552799,6000.0,4.5,115289.30549376445,0.0,115289.30549376445,0.3737550380145343,0.0,0.3737550380145343
B,2024-07-20T00:00:00+0000,309555.1274566706,6000.0,4.5,115289.30549376445,0.0,115289.30549376445,0.37243545742882855,0.0,0.37243545742882855
B,2024-07-21T00:00:00+0000,311605.9268567435,6000.0,4.5,115289.30549376445,0.0,115289.30549376445,0.36998431530722165,0.0,0.36998431530722165
B,2024-07-22T00:00:00+0000,308345.5902548706,6000.0,4.5,115289.30549376445,0.0,115289.30549376445,0.3738963978647116,0.0,0.3738963978647116
B,2024-07-23T00:00:00+0000,306880.2268125255,6000.0,4.5,115289.30549376445,0.0,115289.30549376445,0.375681765786087,0.0,0.375681765786087
B,2024-07-24T00:00:00+0000,302540.28169235564,6000.0,4.5,115289.30549376445,0.0,115289.30549376445,0.38107092665101294,0.0,0.38107092665101294
B,2024-07-25T00:00:00+0000,299415.659032619,6000.0,4.5,115289.30549376445,0.0,115289.30549376445,0.3850476820960275,0.0,0.3850476820960275
B,2024-07-26T00:00:00+0000,305072.5422762072,6000.0,4.5,115289.30549376445,0.0,115289.30549376445,0.37790783999624455,0.0,0.37790783999624455
B,2024-07-27T00:00:00+0000,304459.8373627396,6000.0,4.5,115289.30549376445,0.0,115289.30549376445,0.3786683540673591,0.0,0.3786683540673591
B,2024-07-28T00:00:00+0000,305525.6937428561,6000.0,4.5,115289.30549376445,0.0,115289.30549376445,0.37734733233531914,0.0,0.37734733233531914
B,2024-07-29T00:00:00+0000,304371.6921527597,6000.0,4.5,115289.30549376445,0.0,115289.30549376445,0.3787780153875231,0.0,0.3787780153875231
B,2024-07-30T00:00:00+0000,302539.1721665402,6000.0,4.5,115289.30549376445,0.0,115289.30549376445,0.3810723241825379,0.0,0.3810723241825379
B,2024-07-31T00:00:00+0000,299009.48669737333,6000.0,4.5,115289.30549376445,0.0,115289.30549376445,0.385570728096826,0.0,0.385570728096826
B,2024-08-01T00:00:00+0000,299462.23118364654,6000.0,4.5,115289.30549376445,0.0,115289.30549376445,0.38498779975716796,0.0,0.38498779975716796
B,2024-08-02T00:00:00+0000,288374.75800266373,6000.0,4.5,115289.30549376445,0.0,115289.30549376445,0.39978986473115485,0.0,0.39978986473115485
B,2024-08-03T00:00:00+0000,285096.9757593908,6000.0,4.5,115289.30549376445,0.0,115289.30549376445,0.40438628009531574,0.0,0.40438628009531574
B,2024-08-04T00:00:00+0000,276049.75125233724,6000.0,4.5,115289.30549376445,0.0,115289.30549376445,0.41763959203273626,0.0,0.41763959203273626
B,2024-08-05T00:00:00+0000,263195.9555049503,6000.0,4.5,115289.30549376445,0.0,115289.30549376445,0.43803600732609294,0.0,0.43803600732609294
B,2024-08-06T00:00:00+0000,267332.86738279916,6000.0,4.5,115289.30549376445,0.0,115289.30549376445,0.43125750538065877,0.0,0.43125750538065877
B,2024-08-07T00:00:00+0000,263145.69039287674,6000.0,4.5,115289.30549376445,0.0,115289.30549376445,0.4381196793367105,0.0,0.4381196793367105
B,2024-08-08T00:00:00+0000,281467.8360170452,6000.0,4.5,115289.30549376445,0.0,115289.30549376445,0.40960028373111423,0.0,0.40960028373111423
B,2024-08-09T00:00:00+0000,278167.7942557478,6000.0,4.5,115289.30549376445,0.0,115289.30549376445,0.41445957394969785,0.0,0.41445957394969785
B,2024-08-10T00:00:00+0000,278577.720429846,6000.0,4.5,115289.30549376445,0.0,115289.30549376445,0.4138496980873876,0.0,0.4138496980873876
B,2024-08-11T00:00:00+0000,273833.579345484,6000.0,4.5,115289.30549376445,0.0,115289.30549376445,0.421019605299425,0.0,0.421019605299425
B,2024-08-12T00:00:00+0000,278794.7241818933,6000.0,4.5,115289.30549376445,0.0,115289.30549376445,0.41352757241757043,0.0,0.41352757241757043
B,2024-08-13T00:00:00+0000,280279.8517589919,6000.0,4.5,115289.30549376445,0.0,115289.30549376445,0.4113364009943171,0.0,0.4113364009943171
B,2024-08-14T00:00:00+0000,276336.92603563477,6000.0,4.5,115289.30549376445,0.0,115289.30549376445,0.4172055727322429,0.0,0.4172055727322429
B,2024-08-15T00:00:00+0000,272388.7745500372,6000.0,4.5,115289.30549376445,0.0,115289.30549376445,0.42325277788782756,0.0,0.42325277788782756
B,2024-08-16T00:00:00+0000,275032.24585013225,6000.0,4.5,115289.30549376445,0.0,115289.30549376445,0.419184685553514,0.0,0.419184685553514
B,2024-08-17T00:00:00+0000,276528.25829390914,6000.0,4.5,115289.30549376445,0.0,115289.30549376445,0.41691690464136494,0.0,0.41691690464136494
B,2024-08-18T00:00:00+0000,274814.8682974029,6000.0,4.5,115289.30549376445,0.0,115289.30549376445,0.4195162591021061,0.0,0.4195162591021061
B,2024-08-19T00:00:00+0000,276986.2709474209,6000.0,4.5,115289.30549376445,0.0,115289.30549376445,0.41622750867550873,0.0,0.41622750867550873
B,2024-08-20T00:00:00+0000,274826.17910897837,6000.0,4.5,115289.30549376445,0.0,115289.30549376445,0.4194989933911941,0.0,0.4194989933911941
B,2024-08-21T00:00:00+0000,279570.1635219483,6000.0,4.5,115289.30549376445,0.0,115289.30549376445,0.41238057753152685,0.0,0.41238057753152685
B,2024-08-22T00:00:00+0000,278172.6847229057,6000.0,4.5,115289.30549376445,0.0,115289.30549376445,0.41445228746527296,0.0,0.41445228746527296
B,2024-08-23T00:00:00+0000,287237.4915139472,6000.0,4.5,115289.30549376445,0.0,115289.30549376445,0.4013727626087642,0.0,0.4013727626087642
B,2024-08-24T00:00:00+0000,287568.1935404602,6000.0,4.5,115289.30549376445,0.0,115289.30549376445,0.40091118588031016,0.0,0.40091118588031016
B,2024-08-25T00:00:00+0000,287160.7735070301,6000.0,4.5,115289.30549376445,0.0,115289.30549376445,0.40147999354425057,0.0,0.40147999354425057
B,2024-08-26T00:00:00+0000,283441.85517089756,6000.0,4.5,115289.30549376445,0.0,115289.30549376445,0.40674763938534153,0.0,0.40674763938534153
B,2024-08-27T00:00:00+0000,272798.22245842067,6000.0,4.5,115289.30549376445,0.0,115289.30549376445,0.4226175099485357,0.0,0.4226175099485357
B,2024-08-28T00:00:00+0000,273896.1683091941,6000.0,4.5,115289.30549376445,0.0,115289.30549376445,0.4209233966486797,0.0,0.4209233966486797
B,2024-08-29T00:00:00+0000,274399.9288581056,6000.0,4.5,115289.30549376445,0.0,115289.30549376445,0.420150639154799,0.0,0.420150639154799
B,2024-08-30T00:00:00+0000,274004.7552872211,6000.0,4.5,115289.30549376445,0.0,115289.30549376445,0.4207565864063719,0.0,0.4207565864063719
B,2024-08-31T00:00:00+0000,273473.33362532296,6000.0,4.5,115289.30549376445,0.0,115289.30549376445,0.42157421334439366,0.0,0.42157421334439366
B,2024-09-01T00:00:00+0000,268790.17146865424,6000.0,4.5,115289.30549376445,0.0,115289.30549376445,0.4289193494830195,0.0,0.4289193494830195
B,2024-09-02T00:00:00+0000,274338.50022265315,6000.0,4.5,115289.30549376445,0.0,115289.30549376445,0.4202447173845291,0.0,0.4202447173845291
B,2024-09-03T00:00:00+0000,269095.5866477161,6000.0,4.5,115289.30549376445,0.0,115289.30549376445,0.4284325392697515,0.0,0.4284325392697515
B,2024-09-04T00:00:00+0000,270469.2722026264,6000.0,4.5,115289.30549376445,0.0,115289.30549376445,0.4262565745634632,0.0,0.4262565745634632
B,2024-09-05T00:00:00+0000,265725.98109768005,6000.0,4.5,115289.30549376445,0.0,115289.30549376445,0.4338653865065022,0.0,0.4338653865065022
B,2024-09-06T00:00:00+0000,258850.80703152326,6000.0,4.5,115289.30549376445,0.0,115289.30549376445,0.44538901313807505,0.0,0.44538901313807505
B,2024-09-07T00:00:00+0000,260319.62284436356,6000.0,4.5,115289.30549376445,0.0,115289.30549376445,0.44287597006350954,0.0,0.44287597006350954
B,2024-09-08T00:00:00+0000,262008.58890661376,6000.0,4.5,115289.30549376445,0.0,115289.30549376445,0.44002109234234443,0.0,0.44002109234234443
B,2024-09-09T00:00:00+0000,266909.96290736715,6000.0,4.5,115289.30549376445,0.0,115289.30549376445,0.43194080969460236,0.0,0.43194080969460236
B,2024-09-10T00:00:00+0000,268543.7456935361,6000.0,4.5,115289.30549376445,0.0,115289.30549376445,0.4293129419045691,0.0,0.4293129419045691
B,2024-09-11T00:00:00+0000,266950.2981166465,6000.0,4.5,115289.30549376445,0.0,115289.30549376445,0.431875545025193,0.0,0.431875545025193
B,2024-09-12T00:00:00+0000,268714.31364005024,6000.0,4.5,115289.30549376445,0.0,115289.30549376445,0.4290404330608062,0.0,0.4290404330608062
B,2024-09-13T00:00:00+0000,274283.1425888328,6000.0,4.5,115289.30549376445,0.0,115289.30549376445,0.4203295339465691,0.0,0.4203295339465691
B,2024-09-14T00:00:00+0000,272993.48894121044,6000.0,4.5,115289.30549376445,0.0,115289.30549376445,0.4223152205604148,0.0,0.4223152205604148
B,2024-09-15T00:00:00+0000,269240.52787008835,6000.0,4.5,115289.30549376445,0.0,115289.30549376445,0.4282018996389461,0.0,0.4282018996389461
B,2024-09-16T00:00:00+0000,267323.8293106346,6000.0,4.5,115289.30549376445,0.0,115289.30549376445,0.43127208596056893,0.0,0.43127208596056893
B,2024-09-17T00:00:00+0000,271734.2825156025,6000.0,4.5,115289.30549376445,0.0,115289.30549376445,0.42427221337868826,0.0,0.42427221337868826
B,2024-09-18T00:00:00+0000,274803.656674516,6000.0,4.5,115289.30549376445,0.0,115289.30549376445,0.41953337480627434,0.0,0.41953337480627434
B,2024-09-19T00:00:00+0000,278829.78187010693,6000.0,4.5,115289.30549376445,0.0,115289.30549376445,0.4134755789733826,0.0,0.4134755789733826
B,2024-09-20T00:00:00+0000,281519.774155902,6000.0,4.5,115289.30549376445,0.0,115289.30549376445,0.40952471576621374,0.0,0.40952471576621374
B,2024-09-21T00:00:00+0000,282973.33183868264,6000.0,4.5,115289.30549376445,0.0,115289.30549376445,0.407421097757327,0.0,0.407421097757327
B,2024-09-22T00:00:00+0000,282603.2026655601,6000.0,4.5,115289.30549376445,0.0,115289.30549376445,0.40795470258771543,0.0,0.40795470258771543
B,2024-09-23T00:00:00+0000,283802.4621047329,6000.0,4.5,115289.30549376445,0.0,115289.30549376445,0.4062308150491616,0.0,0.4062308150491616
B,2024-09-24T00:00:00+0000,285415.69686889474,6000.0,4.5,115289.30549376445,0.0,115289.30549376445,0.40393470561894995,0.0,0.40393470561894995
B,2024-09-25T00:00:00+0000,281941.82148848113,6000.0,4.5,115289.30549376445,0.0,115289.30549376445,0.4089116856985144,0.0,0.4089116856985144
B,2024-09-26T00:00:00+0000,286379.62619596487,6000.0,4.5,115289.30549376445,0.0,115289.30549376445,0.4025750959492973,0.0,0.4025750959492973
B,2024-09-27T00:00:00+0000,288804.1293670716,6000.0,4.5,115289.30549376445,0.0,115289.30549376445,0.3991954884662716,0.0,0.3991954884662716
B,2024-09-28T00:00:00+0000,288499.4145469901,6000.0,4.5,115289.30549376445,0.0,115289.30549376445,0.399617121146658,0.0,0.399617121146658
B,2024-09-29T00:00:00+0000,287691.0214052178,6000.0,4.5,115289.30549376445,0.0,115289.30549376445,0.40074001938133985,0.0,0.40074001938133985
B,2024-09-30T00:00:00+0000,282804.79365172784,6000.0,4.5,115289.30549376445,0.0,115289.30549376445,0.4076639013260236,0.0,0.4076639013260236
B,2024-10-01T00:00:00+0000,275180.512994428,6000.0,4.5,115289.30549376445,0.0,115289.30549376445,0.4189588290218025,0.0,0.4189588290218025
B,2024-10-02T00:00:00+0000,272962.34925611666,6000.0,4.5,115289.30549376445,0.0,115289.30549376445,0.4223633984978278,0.0,0.4223633984978278
B,2024-10-03T00:00:00+0000,272798.50713632576,6000.0,4.5,115289.30549376445,0.0,115289.30549376445,0.4226170689275468,0.0,0.4226170689275468
B,2024-10-04T00:00:00+0000,276444.52195595804,6000.0,4.5,115289.30549376445,0.0,115289.30549376445,0.417043190720675,0.0,0.417043190720675
B,2024-10-05T00:00:00+0000,276418.28054377285,6000.0,4.5,115289.30549376445,0.0,115289.30549376445,0.41708278217694633,0.0,0.41708278217694633
B,2024-10-06T00:00:00+0000,278233.5602962826,6000.0,4.5,115289.30549376445,0.0,115289.30549376445,0.4143616081791008,0.0,0.4143616081791008
B,2024-10-07T00:00:00+0000,276894.6483055069,6000.0,4.5,115289.30549376445,0.0,115289.30549376445,0.41636523565656636,0.0,0.41636523565656636
B,2024-10-08T00:00:00+0000,277237.22792764264,6000.0,4.5,115289.30549376445,0.0,115289.30549376445,0.4158507367699345,0.0,0.4158507367699345
B,2024-10-09T00:00:00+0000,273174.3379825675,6000.0,4.5,115289.30549376445,0.0,115289.30549376445,0.42203563608936645,0.0,0.42203563608936645
B,2024-10-10T00:00:00+0000,273077.27096487395,6000.0,4.5,115289.30549376445,0.0,115289.30549376445,0.4221856512862038,0.0,0.4221856512862038
B,2024-10-11T00:00:00+0000,277839.9039853769,6000.0,4.5,115289.30549376445,0.0,115289.30549376445,0.4149486946980528,0.0,0.4149486946980528
B,2024-10-12T00:00:00+0000,279778.2007648983,6000.0,4.5,115289.30549376445,0.0,115289.30549376445,0.41207393992301683,0.0,0.41207393992301683
B,2024-10-13T00:00:00+0000,279081.86375423754,6000.0,4.5,115289.30549376445,0.0,115289.30549376445,0.41310210539259345,0.0,0.41310210539259345
B,2024-10-14T00:00:00+0000,287981.81369515276,6000.0,4.5,115289.30549376445,0.0,115289.30549376445,0.40033536845422324,0.0,0.40033536845422324
B,2024-10-15T00:00:00+0000,289027.3059774551,6000.0,4.5,115289.30549376445,0.0,115289.30549376445,0.39888724390199076,0.0,0.39888724390199076
B,2024-10-16T00:00:00+0000,289988.9725301242,6000.0,4.5,115289.30549376445,0.0,115289.30549376445,0.3975644469783696,0.0,0.3975644469783696
B,2024-10-17T00:00:00+0000,289562.28075817553,6000.0,4.5,115289.30549376445,0.0,115289.30549376445,0.3981502880551177,0.0,0.3981502880551177
B,2024-10-18T00:00:00+0000,292025.8582986006,6000.0,4.5,115289.30549376445,0.0,115289.30549376445,0.39479142759981034,0.0,0.39479142759981034
B,2024-10-19T00:00:00+0000,292101.7612026452,6000.0,4.5,115289.30549376445,0.0,115289.30549376445,0.39468884069405746,0.0,0.39468884069405746
B,2024-10-20T00:00:00+0000,295486.5401812283,6000.0,4.5,115289.30549376445,0.0,115289.30549376445,0.3901677058557558,0.0,0.3901677058557558
B,2024-10-21T00:00:00+0000,290982.85097228084,6000.0,4.5,115289.30549376445,0.0,115289.30549376445,0.39620652938322803,0.0,0.39620652938322803
B,2024-10-22T00:00:00+0000,290031.3632786799,6000.0,4.5,115289.30549376445,0.0,115289.30549376445,0.3975063392816156,0.0,0.3975063392816156
B,2024-10-23T00:00:00+0000,286519.0106966803,6000.0,4.5,115289.30549376445,0.0,115289.30549376445,0.40237925299767985,0.0,0.40237925299767985
B,2024-10-24T00:00:00+0000,289214.91901568207,6000.0,4.5,115289.30549376445,0.0,115289.30549376445,0.3986284866843717,0.0,0.3986284866843717
B,2024-10-25T00:00:00+0000,284599.2002729571,6000.0,4.5,115289.30549376445,0.0,115289.30549376445,0.4050935680184318,0.0,0.4050935680184318
B,2024-10-26T00:00:00+0000,286227.59991137584,6000.0,4.5,115289.30549376445,0.0,115289.30549376445,0.40278891878163137,0.0,0.40278891878163137
B,2024-10-27T00:00:00+0000,288308.0530112614,6000.0,4.5,115289.30549376445,0.0,115289.30549376445,0.39988236294343543,0.0,0.39988236294343543
B,2024-10-28T00:00:00+0000,292803.63815809076,6000.0,4.5,115289.30549376445,0.0,115289.30549376445,0.39374273564018136,0.0,0.39374273564018136
B,2024-10-29T00:00:00+0000,298894.1351245927,6000.0,4.5,115289.30549376445,0.0,115289.30549376445,0.3857195305813097,0.0,0.3857195305813097
B,2024-10-30T00:00:00+0000,298769.7647051056,6000.0,4.5,115289.30549376445,0.0,115289.30549376445,0.385880096024972,0.0,0.385880096024972
B,2024-10-31T00:00:00+0000,292202.4201917204,6000.0,4.5,115289.30549376445,0.0,115289.30549376445,0.39455287679725787,0.0,0.39455287679725787
B,2024-11-01T00:00:00+0000,290786.2142738982,6000.0,4.5,115289.30549376445,0.0,115289.30549376445,0.3964744538582933,0.0,0.3964744538582933
B,2024-11-02T00:00:00+0000,290197.2085934468,6000.0,4.5,115289.30549376445,0.0,115289.30549376445,0.39727916768241406,0.0,0.39727916768241406
B,2024-11-03T00:00:00+0000,288396.64439778985,6000.0,4.5,115289.30549376445,0.0,115289.30549376445,0.399759524714664,0.0,0.399759524714664
B,2024-11-04T00:00:00+0000,285532.3898348366,6000.0,4.5,115289.30549376445,0.0,115289.30549376445,0.4037696233357358,0.0,0.4037696233357358
B,2024-11-05T00:00:00+0000,288530.5525308196,6000.0,4.5,115289.30549376445,0.0,115289.30549376445,0.39957399479020417,0.0,0.39957399479020417
B,2024-11-06T00:00:00+0000,305451.58800117084,6000.0,4.5,115289.30549376445,0.0,115289.30549376445,0.37743888073458803,0.0,0.37743888073458803
B,2024-11-07T00:00:00+0000,310030.315783783,6000.0,4.5,115289.30549376445,0.0,115289.30549376445,0.3718646197624361,0.0,0.3718646197624361
B,2024-11-08T00:00:00+0000,312645.27141971176,6000.0,4.5,115289.30549376445,0.0,115289.30549376445,0.3687543552801536,0.0,0.3687543552801536
B,2024-11-09T00:00:00+0000,316820.28308119054,6000.0,4.5,115289.30549376445,0.0,115289.30549376445,0.36389496396043436,0.0,0.36389496396043436
B,2024-11-10T00:00:00+0000,324031.4279038448,6000.0,4.5,115289.30549376445,0.0,115289.30549376445,0.3557966776234315,0.0,0.3557966776234315
B,2024-11-11T00:00:00+0000,341620.20679609553,6000.0,4.5,115289.30549376445,0.0,115289.30549376445,0.3374780039360427,0.0,0.3374780039360427
B,2024-11-12T00:00:00+0000,337501.16518863913,6000.0,4.5,115289.30549376445,0.0,115289.30549376445,0.34159676287139906,0.0,0.34159676287139906
B,2024-11-13T00:00:00+0000,340009.9318557504,6000.0,4.5,115289.30549376445,0.0,115289.30549376445,0.3390762877558414,0.0,0.3390762877558414
B,2024-11-14T00:00:00+0000,332148.45510664885,6000.0,4.5,115289.30549376445,0.0,115289.30549376445,0.3471017363508328,0.0,0.3471017363508328
B,2024-11-15T00:00:00+0000,338772.7049439217,6000.0,4.5,115289.30549376445,0.0,115289.30549376445,0.34031462337808094,0.0,0.34031462337808094
B,2024-11-16T00:00:00+0000,339094.94121616153,6000.0,4.5,115289.30549376445,0.0,115289.30549376445,0.3399912280622064,0.0,0.3399912280622064
B,2024-11-17T00:00:00+0000,336600.7994188817,6000.0,4.5,115289.30549376445,0.0,115289.30549376445,0.3425104922293814,0.0,0.3425104922293814
B,2024-11-18T00:00:00+0000,340699.88696014986,6000.0,4.5,115289.30549376445,0.0,115289.30549376445,0.3383896206201246,0.0,0.3383896206201246
B,2024-11-19T00:00:00+0000,341260.5352925097,6000.0,4.5,115289.30549376445,0.0,115289.30549376445,0.33783368884112197,0.0,0.33783368884112197
B,2024-11-20T00:00:00+0000,343516.5294769392,6000.0,0.0,115289.30549376445,0.0,115289.30549376445,0.33561501587510656,0.0,0.33561501587510656
B,2024-11-21T00:00:00+0000,356692.4600760586,6000.0,7.0,115289.30549376445,0.0,115289.30549376445,0.32321766899468796,0.0,0.32321766899468796
B,2024-11-22T00:00:00+0000,356872.4833435125,6000.0,7.0,154477.77047992765,0.0,154477.77047992765,0.4328654566825567,0.0,0.4328654566825567
B,2024-11-23T00:00:00+0000,356532.3018579479,6000.0,7.0,154477.77047992765,0.0,154477.77047992765,0.4332784706320264,0.0,0.4332784706320264
B,2024-11-24T00:00:00+0000,356216.70047698286,6000.0,7.0,154477.77047992765,0.0,154477.77047992765,0.4336623473101574,0.0,0.4336623473101574
B,2024-11-25T00:00:00+0000,350723.3689671181,6000.0,7.0,154477.77047992765,0.0,154477.77047992765,0.440454740540573,0.0,0.440454740540573
B,2024-11-26T00:00:00+0000,347605.35626346484,6000.0,7.0,154477.77047992765,0.0,154477.77047992765,0.4444056102600513,0.0,0.4444056102600513
B,2024-11-27T00:00:00+0000,359172.86399984756,6000.0,7.0,154477.77047992765,0.0,154477.77047992765,0.43009309990632594,0.0,0.43009309990632594
B,2024-11-28T00:00:00+0000,357453.229795686,6000.0,7.0,154477.77047992765,0.0,154477.77047992765,0.4321621896331009,0.0,0.4321621896331009
B,2024-11-29T00:00:00+0000,360151.9898590398,6000.0,7.0,154477.77047992765,0.0,154477.77047992765,0.4289238289100911,0.0,0.4289238289100911
B,2024-11-30T00:00:00+0000,360909.0141206072,6000.0,7.0,154477.77047992765,0.0,154477.77047992765,0.4280241402568706,0.0,0.4280241402568706
B,2024-12-01T00:00:00+0000,362037.5527122152,6000.0,7.0,154477.77047992765,0.0,154477.77047992765,0.42668990916177835,0.0,0.42668990916177835
B,2024-12-02T00:00:00+0000,359011.94581991085,6000.0,7.0,154477.77047992765,0.0,154477.77047992765,0.43028587844655586,0.0,0.43028587844655586
B,2024-12-03T00:00:00+0000,358477.7301103663,6000.0,7.0,154477.77047992765,0.0,154477.77047992765,0.43092710510180876,0.0,0.43092710510180876
B,2024-12-04T00:00:00+0000,366463.814905931,6000.0,7.0,154477.77047992765,0.0,154477.77047992765,0.42153621775612726,0.0,0.42153621775612726
B,2024-12-05T00:00:00+0000,363263.7765452373,6000.0,7.0,154477.77047992765,0.0,154477.77047992765,0.4252495857116943,0.0,0.4252495857116943
B,2024-12-06T00:00:00+0000,371141.6949118135,6000.0,7.0,154477.77047992765,0.0,154477.77047992765,0.41622316381519175,0.0,0.41622316381519175
B,2024-12-07T00:00:00+0000,371224.4410184282,6000.0,7.0,154477.77047992765,0.0,154477.77047992765,0.41613038747160275,0.0,0.41613038747160275
B,2024-12-08T00:00:00+0000,373098.91641342826,6000.0,7.0,154477.77047992765,0.0,154477.77047992765,0.41403971891666375,0.0,0.41403971891666375
B,2024-12-09T00:00:00+0000,362339.5098356225,6000.0,7.0,154477.77047992765,0.0,154477.77047992765,0.4263343253679606,0.0,0.4263343253679606
B,2024-12-10T00:00:00+0000,359819.28698371584,6000.0,7.0,154477.77047992765,0.0,154477.77047992765,0.42932042852644187,0.0,0.42932042852644187
B,2024-12-11T00:00:00+0000,369827.9122664119,6000.0,7.0,154477.77047992765,0.0,154477.77047992765,0.41770176170112044,0.0,0.41770176170112044
B,2024-12-12T00:00:00+0000,369301.84002890595,6000.0,7.0,154477.77047992765,0.0,154477.77047992765,0.41829677985854713,0.0,0.41829677985854713
B,2024-12-13T00:00:00+0000,371700.97870012396,6000.0,7.0,154477.77047992765,0.0,154477.77047992765,0.4155968892526248,0.0,0.4155968892526248
B,2024-12-14T00:00:00+0000,371002.0913232874,6000.0,7.0,154477.77047992765,0.0,154477.77047992765,0.41637978354498634,0.0,0.41637978354498634
B,2024-12-15T00:00:00+0000,376804.2854241283,6000.0,7.0,154477.77047992765,0.0,154477.77047992765,0.4099681889393815,0.0,0.4099681889393815
B,2024-12-16T00:00:00+0000,379475.7540692097,6000.0,7.0,154477.77047992765,0.0,154477.77047992765,0.4070820568202986,0.0,0.4070820568202986
B,2024-12-17T00:00:00+0000,377787.5383133102,6000.0,7.0,154477.77047992765,0.0,154477.77047992765,0.4089011807261222,0.0,0.4089011807261222
B,2024-12-18T00:00:00+0000,364717.39454488485,6000.0,7.0,154477.77047992765,0.0,154477.77047992765,0.4235547105525192,0.0,0.4235547105525192
B,2024-12-19T00:00:00+0000,357004.93464311876,6000.0,7.0,154477.77047992765,0.0,154477.77047992765,0.43270486060466334,0.0,0.43270486060466334
B,2024-12-20T00:00:00+0000,358543.5518482389,6000.0,7.0,154477.77047992765,0.0,154477.77047992765,0.43084799512811656,0.0,0.43084799512811656
B,2024-12-21T00:00:00+0000,355293.33436684666,6000.0,7.0,154477.77047992765,0.0,154477.77047992765,0.4347893853826895,0.0,0.4347893853826895
B,2024-12-22T00:00:00+0000,351381.8696452483,6000.0,7.0,154477.77047992765,0.0,154477.77047992765,0.43962931450016735,0.0,0.43962931450016735
B,2024-12-23T00:00:00+0000,353703.00442244,6000.0,7.0,154477.77047992765,0.0,154477.77047992765,0.43674429831935885,0.0,0.43674429831935885
B,2024-12-24T00:00:00+0000,360147.0038341351,6000.0,7.0,154477.77047992765,0.0,154477.77047992765,0.42892976710996616,0.0,0.42892976710996616
B,2024-12-25T00:00:00+0000,361259.2505956732,6000.0,7.0,154477.77047992765,0.0,154477.77047992765,0.4276091760286064,0.0,0.4276091760286064
B,2024-12-26T00:00:00+0000,353268.26365947095,6000.0,7.0,154477.77047992765,0.0,154477.77047992765,0.4372817667788998,0.0,0.4372817667788998
B,2024-12-27T00:00:00+0000,351250.0744878956,6000.0,7.0,154477.77047992765,0.0,154477.77047992765,0.43979427109061325,0.0,0.43979427109061325
B,2024-12-28T00:00:00+0000,353965.13915940083,6000.0,7.0,154477.77047992765,0.0,154477.77047992765,0.4364208601072486,0.0,0.4364208601072486
B,2024-12-29T00:00:00+0000,350965.78266710497,6000.0,7.0,154477.77047992765,0.0,154477.77047992765,0.4401505164007728,0.0,0.4401505164007728
B,2024-12-30T00:00:00+0000,349812.8800909427,6000.0,7.0,154477.77047992765,0.0,154477.77047992765,0.44160115099183095,0.0,0.44160115099183095
B,2024-12-31T00:00:00+0000,350411.11992968136,6000.0,7.0,154477.77047992765,0.0,154477.77047992765,0.4408472268543516,0.0,0.4408472268543516
B,2025-01-01T00:00:00+0000,352221.63428250886,6000.0,7.0,154477.77047992765,0.0,154477.77047992765,0.4385811530135159,0.0,0.4385811530135159
B,2025-01-02T00:00:00+0000,357282.90064361796,6000.0,7.0,154477.77047992765,0.0,154477.77047992765,0.43236821633962247,0.0,0.43236821633962247
B,2025-01-03T00:00:00+0000,361851.659371752,6000.0,7.0,154477.77047992765,0.0,154477.77047992765,0.4269091117286361,0.0,0.4269091117286361
B,2025-01-04T00:00:00+0000,362850.366941196,6000.0,7.0,154477.77047992765,0.0,154477.77047992765,0.4257340891843786,0.0,0.4257340891843786
B,2025-01-05T00:00:00+0000,362650.86450760823,6000.0,7.0,154477.77047992765,0.0,154477.77047992765,0.4259682951250397,0.0,0.4259682951250397
B,2025-01-06T00:00:00+0000,368850.83429593855,6000.0,7.0,154477.77047992765,0.0,154477.77047992765,0.4188082447333877,0.0,0.4188082447333877
B,2025-01-07T00:00:00+0000,355865.11195886234,6000.0,7.0,154477.77047992765,0.0,154477.77047992765,0.43409079813866425,0.0,0.43409079813866425
B,2025-01-08T00:00:00+0000,352292.6564859947,6000.0,7.0,154477.77047992765,0.0,154477.77047992765,0.4384927350481655,0.0,0.4384927350481655
B,2025-01-09T00:00:00+0000,346851.57069001446,6000.0,7.0,154477.77047992765,0.0,154477.77047992765,0.4453714024492233,0.0,0.4453714024492233
B,2025-01-10T00:00:00+0000,350704.3035146726,6000.0,7.0,154477.77047992765,0.0,154477.77047992765,0.44047868512530153,0.0,0.44047868512530153
B,2025-01-11T00:00:00+0000,350852.0034743177,6000.0,7.0,154477.77047992765,0.0,154477.77047992765,0.44029325456377333,0.0,0.44029325456377333
B,2025-01-12T00:00:00+0000,350490.32626729313,6000.0,7.0,154477.77047992765,0.0,154477.77047992765,0.44074760101115845,0.0,0.44074760101115845
B,2025-01-13T00:00:00+0000,347983.70135383855,6000.0,7.0,154477.77047992765,0.0,154477.77047992765,0.4439224305015676,0.0,0.4439224305015676
B,2025-01-14T00:00:00+0000,352415.7115587856,6000.0,6.5,154477.77047992765,0.0,154477.77047992765,0.4383396239533424,0.0,0.4383396239533424
B,2025-01-15T00:00:00+0000,362075.94101533655,6000.0,2.0,154477.77047992765,0.0,154477.77047992765,0.4266446703051844,0.0,0.4266446703051844
B,2025-01-16T00:00:00+0000,358631.9297100435,6000.0,2.0,154477.77047992765,0.0,154477.77047992765,0.43074182102197106,0.0,0.43074182102197106
B,2025-01-17T00:00:00+0000,367334.3431863199,6000.0,3.5,154477.77047992765,0.0,154477.77047992765,0.42053723901762485,0.0,0.42053723901762485
B,2025-01-18T00:00:00+0000,364784.36782258714,6000.0,4.5,154477.77047992765,0.0,154477.77047992765,0.42347694722230506,0.0,0.42347694722230506
B,2025-01-19T00:00:00+0000,358676.8026530064,6000.0,1.25,154477.77047992765,0.0,154477.77047992765,0.43068793224794527,0.0,0.43068793224794527
B,2025-01-20T00:00:00+0000,361266.1332904498,6000.0,8.25,154477.77047992765,0.0,154477.77047992765,0.4276010293932839,0.0,0.4276010293932839
B,2025-01-21T00:00:00+0000,367335.6144230232,6000.0,5.0,154477.77047992765,0.0,154477.77047992765,0.4205357836662994,0.0,0.4205357836662994
B,2025-01-22T00:00:00+0000,362432.9281767396,6000.0,6.75,154477.77047992765,0.0,154477.77047992765,0.42622443622064304,0.0,0.42622443622064304
B,2025-01-23T00:00:00+0000,364566.00658123184,6000.0,3.5,154477.77047992765,0.0,154477.77047992765,0.4237305938876867,0.0,0.4237305938876867
B,2025-01-24T00:00:00+0000,365324.1855787748,6000.0,5.25,154477.77047992765,0.0,154477.77047992765,0.4228512005992487,0.0,0.4228512005992487
B,2025-01-25T00:00:00+0000,365337.77222430974,6000.0,2.0,154477.77047992765,0.0,154477.77047992765,0.4228354750712213,0.0,0.4228354750712213
B,2025-01-26T00:00:00+0000,360827.0662722661,6000.0,3.75,154477.77047992765,0.0,154477.77047992765,0.4281213493096572,0.0,0.4281213493096572
B,2025-01-27T00:00:00+0000,359147.6991380754,6000.0,5.75,154477.77047992765,0.0,154477.77047992765,0.4301232357903488,0.0,0.4301232357903488
B,2025-01-28T00:00:00+0000,356131.30382998206,6000.0,7.5,154477.77047992765,0.0,154477.77047992765,0.4337663351090184,0.0,0.4337663351090184
B,2025-01-29T00:00:00+0000,360064.3644113643,6000.0,4.25,154477.77047992765,0.0,154477.77047992765,0.42902821203222646,0.0,0.42902821203222646
B,2025-01-30T00:00:00+0000,363986.89336048777,6000.0,6.0,154477.77047992765,0.0,154477.77047992765,0.42440476098938795,0.0,0.42440476098938795
B,2025-01-31T00:00:00+0000,361953.167171423,6000.0,2.75,154477.77047992765,0.0,154477.77047992765,0.42678938738714267,0.0,0.42678938738714267
B,2025-02-01T00:00:00+0000,356007.11629234604,6000.0,4.5,154477.77047992765,0.0,154477.77047992765,0.43391764773902314,0.0,0.43391764773902314
B,2025-02-02T00:00:00+0000,347281.53227695666,6000.0,1.25,154477.77047992765,0.0,154477.77047992765,0.44481999796272437,0.0,0.44481999796272437
B,2025-02-03T00:00:00+0000,352367.779821877,6000.0,6.5,154477.77047992765,0.0,154477.77047992765,0.43839925023229037,0.0,0.43839925023229037
B,2025-02-04T00:00:00+0000,344711.36123570066,6000.0,2.5,154477.77047992765,0.0,154477.77047992765,0.4481365799089562,0.0,0.4481365799089562
B,2025-02-05T00:00:00+0000,344280.5774362537,6000.0,4.5,154477.77047992765,0.0,154477.77047992765,0.44869731435410537,0.0,0.44869731435410537
B,2025-02-06T00:00:00+0000,342248.63254425646,6000.0,0.75,154477.77047992765,0.0,154477.77047992765,0.45136124966095226,0.0,0.45136124966095226
B,2025-02-07T00:00:00+0000,340947.7351582318,6000.0,7.25,154477.77047992765,0.0,154477.77047992765,0.453083433471806,0.0,0.453083433471806
B,2025-02-08T00:00:00+0000,341076.84438454814,6000.0,6.5,154477.77047992765,0.0,154477.77047992765,0.45291192592881274,0.0,0.45291192592881274
B,2025-02-09T00:00:00+0000,341010.7611924863,6000.0,6.5,154477.77047992765,0.0,154477.77047992765,0.4529996940264634,0.0,0.4529996940264634
B,2025-02-10T00:00:00+0000,342982.5465313917,6000.0,6.5,154477.77047992765,0.0,154477.77047992765,0.4503954269456944,0.0,0.4503954269456944
B,2025-02-11T00:00:00+0000,339637.95736994565,6000.0,6.5,154477.77047992765,0.0,154477.77047992765,0.454830701715901,0.0,0.454830701715901
B,2025-02-12T00:00:00+0000,345090.294150758,6000.0,6.5,154477.77047992765,0.0,154477.77047992765,0.4476444950736333,0.0,0.4476444950736333
B,2025-02-13T00:00:00+0000,342197.0835204136,6000.0,1.25,154477.77047992765,0.0,154477.77047992765,0.45142924331998974,0.0,0.45142924331998974
B,2025-02-14T00:00:00+0000,344379.1371053057,6000.0,1.5,154477.77047992765,0.0,154477.77047992765,0.4485688993195044,0.0,0.4485688993195044
B,2025-02-15T00:00:00+0000,343846.2750516841,6000.0,1.25,154477.77047992765,0.0,154477.77047992765,0.44926405108418827,0.0,0.44926405108418827
B,2025-02-16T00:00:00+0000,341293.6881394965,6000.0,1.25,154477.77047992765,0.0,154477.77047992765,0.452624164607428,0.0,0.452624164607428
B,2025-02-17T00:00:00+0000,342453.5299367326,6000.0,2.75,154477.77047992765,0.0,154477.77047992765,0.45109119041192836,0.0,0.45109119041192836
B,2025-02-18T00:00:00+0000,340922.5881727755,6000.0,4.5,154477.77047992765,0.0,154477.77047992765,0.45311685361733833,0.0,0.45311685361733833
B,2025-02-19T00:00:00+0000,343086.0838057164,6000.0,1.25,154477.77047992765,0.0,154477.77047992765,0.4502595056213521,0.0,0.4502595056213521
B,2025-02-20T00:00:00+0000,345768.0332286323,6000.0,8.25,154477.77047992765,0.0,154477.77047992765,0.44676706819158807,0.0,0.44676706819158807
B,2025-02-21T00:00:00+0000,341469.8217349078,6000.0,2.5,154477.77047992765,0.0,154477.77047992765,0.4523906964752302,0.0,0.4523906964752302
B,2025-02-22T00:00:00+0000,343922.5168480766,6000.0,3.5,154477.77047992765,0.0,154477.77047992765,0.4491644568540019,0.0,0.4491644568540019
B,2025-02-23T00:00:00+0000,344636.22357025987,6000.0,5.25,154477.77047992765,0.0,154477.77047992765,0.44823428274490357,0.0,0.44823428274490357
B,2025-02-24T00:00:00+0000,332379.39223583066,6000.0,2.0,154477.77047992765,0.0,154477.77047992765,0.4647633821122165,0.0,0.4647633821122165
B,2025-02-25T00:00:00+0000,328183.009408166,6000.0,7.25,154477.77047992765,0.0,154477.77047992765,0.47070617933118347,0.0,0.47070617933118347
B,2025-02-26T00:00:00+0000,319143.7476489227,6000.0,3.25,154477.77047992765,0.0,154477.77047992765,0.48403821669056313,0.0,0.48403821669056313
B,2025-02-27T00:00:00+0000,319216.01385843847,6000.0,3.25,154477.77047992765,0.0,154477.77047992765,0.4839286369525099,0.0,0.4839286369525099
B,2025-02-28T00:00:00+0000,317384.0930336063,6000.0,3.25,154477.77047992765,0.0,154477.77047992765,0.4867218423059745,0.0,0.4867218423059745
B,2025-03-01T00:00:00+0000,319309.5692785658,6000.0,3.25,154477.77047992765,0.0,154477.77047992765,0.48378684932289384,0.0,0.48378684932289384
B,2025-03-02T00:00:00+0000,336201.3369732244,6000.0,3.25,154477.77047992765,0.0,154477.77047992765,0.4594799410099624,0.0,0.4594799410099624
B,2025-03-03T00:00:00+0000,318213.3148359881,6000.0,3.25,154477.77047992765,0.0,154477.77047992765,0.4854535095728091,0.0,0.4854535095728091
B,2025-03-04T00:00:00+0000,320090.6585134482,6000.0,3.25,154477.77047992765,0.0,154477.77047992765,0.48260630659247267,0.0,0.48260630659247267
B,2025-03-05T00:00:00+0000,325936.1553974543,6000.0,3.25,154477.77047992765,0.0,154477.77047992765,0.4739510113308964,0.0,0.4739510113308964
B,2025-03-06T00:00:00+0000,324274.95684316906,6000.0,3.25,154477.77047992765,0.0,154477.77047992765,0.4763789716719895,0.0,0.4763789716719895
B,2025-03-07T00:00:00+0000,318898.0480826155,6000.0,3.25,154477.77047992765,0.0,154477.77047992765,0.4844111508638265,0.0,0.4844111508638265
B,2025-03-08T00:00:00+0000,319337.4992406019,6000.0,3.25,154477.77047992765,0.0,154477.77047992765,0.4837445362579789,0.0,0.4837445362579789
B,2025-03-09T00:00:00+0000,308402.1414119606,6000.0,3.25,154477.77047992765,0.0,154477.77047992765,0.5008972044509177,0.0,0.5008972044509177
B,2025-03-10T00:00:00+0000,302512.6414347453,6000.0,3.25,154477.77047992765,0.0,154477.77047992765,0.5106489756833845,0.0,0.5106489756833845
B,2025-03-11T00:00:00+0000,309493.9505797307,6000.0,3.25,154477.77047992765,0.0,154477.77047992765,0.4991301774737974,0.0,0.4991301774737974
B,2025-03-12T00:00:00+0000,310214.18931615865,6000.0,3.25,154477.77047992765,0.0,154477.77047992765,0.4979713236859379,0.0,0.4979713236859379
B,2025-03-13T00:00:00+0000,305927.33412451844,6000.0,3.25,154477.77047992765,0.0,154477.77047992765,0.5049492256780564,0.0,0.5049492256780564
B,2025-03-14T00:00:00+0000,310713.2334593738,6000.0,3.25,154477.77047992765,0.0,154477.77047992765,0.4971715197322802,0.0,0.4971715197322802
B,2025-03-15T00:00:00+0000,311700.78337841923,6000.0,3.25,154477.77047992765,0.0,154477.77047992765,0.4955963498249681,0.0,0.4955963498249681
B,2025-03-16T00:00:00+0000,308361.526563782,6000.0,3.25,154477.77047992765,0.0,154477.77047992765,0.5009631785175873,0.0,0.5009631785175873
B,2025-03-17T00:00:00+0000,311071.36164572276,6000.0,3.25,154477.77047992765,0.0,154477.77047992765,0.4965991393828835,0.0,0.4965991393828835
B,2025-03-18T00:00:00+0000,309444.1238192773,6000.0,3.25,154477.77047992765,0.0,154477.77047992765,0.49921054752407046,0.0,0.49921054752407046
B,2025-03-19T00:00:00+0000,317443.8678169186,6000.0,3.25,154477.77047992765,0.0,154477.77047992765,0.48663019242513955,0.0,0.48663019242513955
B,2025-03-20T00:00:00+0000,312516.93750820146,6000.0,3.25,154477.77047992765,0.0,154477.77047992765,0.4943020743503659,0.0,0.4943020743503659
B,2025-03-21T00:00:00+0000,311995.3685893755,6000.0,3.25,154477.77047992765,0.0,154477.77047992765,0.4951284090477622,0.0,0.4951284090477622
B,2025-03-22T00:00:00+0000,311965.57699523063,6000.0,3.25,154477.77047992765,0.0,154477.77047992765,0.49517569203569317,0.0,0.49517569203569317
B,2025-03-23T00:00:00+0000,315487.31725617475,6000.0,3.25,154477.77047992765,0.0,154477.77047992765,0.4896481158844562,0.0,0.4896481158844562
B,2025-03-24T00:00:00+0000,318874.4637228964,6000.0,3.25,154477.77047992765,0.0,154477.77047992765,0.48444697852685265,0.0,0.48444697852685265
B,2025-03-25T00:00:00+0000,318450.4375718214,6000.0,3.25,154477.77047992765,0.0,154477.77047992765,0.4850920339686695,0.0,0.4850920339686695
B,2025-03-26T00:00:00+0000,316703.4261326004,6000.0,3.25,154477.77047992765,0.0,154477.77047992765,0.48776791702673095,0.0,0.48776791702673095
B,2025-03-27T00:00:00+0000,317034.76729766786,6000.0,3.25,154477.77047992765,0.0,154477.77047992765,0.4872581382687488,0.0,0.4872581382687488
B,2025-03-28T00:00:00+0000,311179.8938498792,6000.0,3.25,154477.77047992765,0.0,154477.77047992765,0.49642593732116735,0.0,0.49642593732116735
B,2025-03-29T00:00:00+0000,307455.17617529776,6000.0,3.25,154477.77047992765,0.0,154477.77047992765,0.5024399732071873,0.0,0.5024399732071873
B,2025-03-30T00:00:00+0000,306720.74708762974,6000.0,3.25,154477.77047992765,0.0,154477.77047992765,0.5036430432134855,0.0,0.5036430432134855
B,2025-03-31T00:00:00+0000,307235.91723118105,6000.0,3.25,154477.77047992765,0.0,154477.77047992765,0.5027985395460458,0.0,0.5027985395460458
B,2025-04-01T00:00:00+0000,312374.6831337479,6000.0,3.25,154477.77047992765,0.0,154477.77047992765,0.4945271778436208,0.0,0.4945271778436208
B,2025-04-02T00:00:00+0000,306679.8468082988,6000.0,3.25,154477.77047992765,0.0,154477.77047992765,0.5037102114391283,0.0,0.5037102114391283
B,2025-04-03T00:00:00+0000,308060.9050264049,6000.0,3.25,154477.77047992765,0.0,154477.77047992765,0.5014520439284137,0.0,0.5014520439284137
B,2025-04-04T00:00:00+0000,308976.14340172353,6000.0,3.25,154477.77047992765,0.0,154477.77047992765,0.49996666014139246,0.0,0.49996666014139246
B,2025-04-05T00:00:00+0000,308301.7221097101,6000.0,3.25,154477.77047992765,0.0,154477.77047992765,0.5010603554947263,0.0,0.5010603554947263
B,2025-04-06T00:00:00+0000,297018.3963840037,6000.0,3.25,154477.77047992765,0.0,154477.77047992765,0.5200949582941297,0.0,0.5200949582941297
B,2025-04-07T00:00:00+0000,297471.830245996,6000.0,3.25,154477.77047992765,0.0,154477.77047992765,0.5193021818307346,0.0,0.5193021818307346
B,2025-04-08T00:00:00+0000,292097.4039428317,6000.0,3.25,154477.77047992765,0.0,154477.77047992765,0.5288570469806761,0.0,0.5288570469806761
B,2025-04-09T00:00:00+0000,304430.2921851418,6000.0,3.25,154477.77047992765,0.0,154477.77047992765,0.5074323234101181,0.0,0.5074323234101181
B,2025-04-10T00:00:00+0000,297499.8067533199,6000.0,3.25,154477.77047992765,0.0,154477.77047992765,0.519253347307271,0.0,0.519253347307271
B,2025-04-11T00:00:00+0000,303522.3188947877,6000.0,3.25,154477.77047992765,0.0,154477.77047992765,0.5089502842572691,0.0,0.5089502842572691
B,2025-04-12T00:00:00+0000,307549.1853117034,6000.0,3.25,154477.77047992765,0.0,154477.77047992765,0.5022863914380501,0.0,0.5022863914380501
B,2025-04-13T00:00:00+0000,304606.8302355781,6000.0,3.25,154477.77047992765,0.0,154477.77047992765,0.5071382357396812,0.0,0.5071382357396812
B,2025-04-14T00:00:00+0000,306249.6068181579,6000.0,3.25,154477.77047992765,0.0,154477.77047992765,0.5044178573318204,0.0,0.5044178573318204
B,2025-04-15T00:00:00+0000,304297.25101660937,6000.0,3.25,154477.77047992765,0.0,154477.77047992765,0.507654176841367,0.0,0.507654176841367
B,2025-04-16T00:00:00+0000,304599.2527331842,6000.0,3.25,154477.77047992765,0.0,154477.77047992765,0.5071508517955673,0.0,0.5071508517955673
B,2025-04-17T00:00:00+0000,305972.9959609594,6000.0,3.25,154477.77047992765,0.0,154477.77047992765,0.5048738696523344,0.0,0.5048738696523344
B,2025-04-18T00:00:00+0000,305446.87322344905,6000.0,3.25,154477.77047992765,0.0,154477.77047992765,0.5057434991875649,0.0,0.5057434991875649
B,2025-04-19T00:00:00+0000,306755.9656229193,6000.0,3.25,154477.77047992765,0.0,154477.77047992765,0.5035852201479919,0.0,0.5035852201479919
B,2025-04-20T00:00:00+0000,306393.7246716316,6000.0,3.25,154477.77047992765,0.0,154477.77047992765,0.5041805952308085,0.0,0.5041805952308085
B,2025-04-21T00:00:00+0000,309394.35997284745,6000.0,3.25,154477.77047992765,0.0,154477.77047992765,0.4992908419322339,0.0,0.4992908419322339
B,2025-04-22T00:00:00+0000,320869.722427238,6000.0,3.25,154477.77047992765,0.0,154477.77047992765,0.4814345501699924,0.0,0.4814345501699924
B,2025-04-23T00:00:00+0000,321982.62826459773,6000.0,3.25,154477.77047992765,0.0,154477.77047992765,0.47977051219353817,0.0,0.47977051219353817
B,2025-04-24T00:00:00+0000,321881.0934484345,6000.0,3.25,154477.77047992765,0.0,154477.77047992765,0.47992185196386833,0.0,0.47992185196386833
B,2025-04-25T00:00:00+0000,323074.0448142748,6000.0,3.25,154477.77047992765,0.0,154477.77047992765,0.4781497398490557,0.0,0.4781497398490557
B,2025-04-26T00:00:00+0000,323789.80292719416,6000.0,3.25,154477.77047992765,0.0,154477.77047992765,0.4770927592017553,0.0,0.4770927592017553
B,2025-04-27T00:00:00+0000,322034.19947586244,6000.0,3.25,154477.77047992765,0.0,154477.77047992765,0.479693680768543,0.0,0.479693680768543
B,2025-04-28T00:00:00+0000,323913.51635456487,6000.0,3.25,154477.77047992765,0.0,154477.77047992765,0.4769105414879691,0.0,0.4769105414879691
B,2025-04-29T00:00:00+0000,322869.9156825762,6000.0,3.25,154477.77047992765,0.0,154477.77047992765,0.4784520420657579,0.0,0.4784520420657579
B,2025-04-30T00:00:00+0000,322684.64309940767,6000.0,3.25,154477.77047992765,0.0,154477.77047992765,0.4787267500435047,0.0,0.4787267500435047
B,2025-05-01T00:00:00+0000,326696.0830843651,6000.0,3.25,154477.77047992765,0.0,154477.77047992765,0.4728485539878228,0.0,0.4728485539878228
B,2025-05-02T00:00:00+0000,327323.37292557745,6000.0,3.25,154477.77047992765,0.0,154477.77047992765,0.4719423764310617,0.0,0.4719423764310617
B,2025-05-03T00:00:00+0000,325776.99618671974,6000.0,3.25,154477.77047992765,0.0,154477.77047992765,0.47418256134754344,0.0,0.47418256134754344
B,2025-05-04T00:00:00+0000,323176.2397009302,6000.0,3.25,154477.77047992765,0.0,154477.77047992765,0.47799853919608254,0.0,0.47799853919608254
B,2025-05-05T00:00:00+0000,324026.6040963016,6000.0,3.25,154477.77047992765,0.0,154477.77047992765,0.4767440960928518,0.0,0.4767440960928518
B,2025-05-06T00:00:00+0000,326800.089463351,6000.0,3.25,154477.77047992765,0.0,154477.77047992765,0.4726980666792368,0.0,0.4726980666792368
B,2025-05-07T00:00:00+0000,326959.24340683204,6000.0,3.25,154477.77047992765,0.0,154477.77047992765,0.47246797145206426,0.0,0.47246797145206426
B,2025-05-08T00:00:00+0000,343226.5591576092,6000.0,3.25,154477.77047992765,0.0,154477.77047992765,0.45007522395430843,0.0,0.45007522395430843
B,2025-05-09T00:00:00+0000,345585.46109574696,6000.0,3.25,154477.77047992765,0.0,154477.77047992765,0.4470030943724466,0.0,0.4470030943724466
B,2025-05-10T00:00:00+0000,352805.1514369335,6000.0,3.25,154477.77047992765,0.0,154477.77047992765,0.4378557678388709,0.0,0.4378557678388709
B,2025-05-11T00:00:00+0000,350521.8133610614,6000.0,3.25,154477.77047992765,0.0,154477.77047992765,0.44070800900714563,0.0,0.44070800900714563
B,2025-05-12T00:00:00+0000,348369.6486653425,6000.0,3.25,154477.77047992765,0.0,154477.77047992765,0.4434306233960268,0.0,0.4434306233960268
B,2025-05-13T00:00:00+0000,353813.1071178091,6000.0,3.25,154477.77047992765,0.0,154477.77047992765,0.43660838836163074,0.0,0.43660838836163074
B,2025-05-14T00:00:00+0000,351631.19220929476,6000.0,3.25,154477.77047992765,0.0,154477.77047992765,0.4393175972511016,0.0,0.4393175972511016
B,2025-05-15T00:00:00+0000,350772.00424203,6000.0,3.25,154477.77047992765,0.0,154477.77047992765,0.4403936705659645,0.0,0.4403936705659645
B,2025-05-16T00:00:00+0000,350150.19286986947,6000.0,3.25,154477.77047992765,0.0,154477.77047992765,0.44117574008402183,0.0,0.44117574008402183
B,2025-05-17T00:00:00+0000,348473.0805033579,6000.0,3.25,154477.77047992765,0.0,154477.77047992765,0.44329900678924633,0.0,0.44329900678924633
B,2025-05-18T00:00:00+0000,353412.2414404922,6000.0,3.25,154477.77047992765,0.0,154477.77047992765,0.4371036211147732,0.0,0.4371036211147732
B,2025-05-19T00:00:00+0000,352845.4527194208,6000.0,3.25,154477.77047992765,0.0,154477.77047992765,0.4378057568528929,0.0,0.4378057568528929
B,2025-05-20T00:00:00+0000,354495.1175110348,6000.0,3.25,154477.77047992765,0.0,154477.77047992765,0.4357684008867034,0.0,0.4357684008867034
B,2025-05-21T00:00:00+0000,358798.8222865091,6000.0,3.25,154477.77047992765,0.0,154477.77047992765,0.4305414647001645,0.0,0.4305414647001645
B,2025-05-22T00:00:00+0000,363840.4087132566,6000.0,3.25,154477.77047992765,0.0,154477.77047992765,0.42457562926077275,0.0,0.42457562926077275
B,2025-05-23T00:00:00+0000,355205.70841177856,6000.0,3.25,154477.77047992765,0.0,154477.77047992765,0.434896643893027,0.0,0.434896643893027
B,2025-05-24T00:00:00+0000,355891.9710753532,6000.0,3.25,154477.77047992765,0.0,154477.77047992765,0.4340580373678056,0.0,0.4340580373678056
B,2025-05-25T00:00:00+0000,357990.22809030215,6000.0,3.25,154477.77047992765,0.0,154477.77047992765,0.43151393071254734,0.0,0.43151393071254734
B,2025-05-26T00:00:00+0000,358830.3691425833,6000.0,3.25,154477.77047992765,0.0,154477.77047992765,0.4305036133063337,0.0,0.4305036133063337
B,2025-05-27T00:00:00+0000,360113.18377583125,6000.0,3.25,154477.77047992765,0.0,154477.77047992765,0.4289700500831687,0.0,0.4289700500831687
B,2025-05-28T00:00:00+0000,358985.29312144103,6000.0,3.25,154477.77047992765,0.0,154477.77047992765,0.4303178248242872,0.0,0.4303178248242872
B,2025-05-29T00:00:00+0000,355046.2721254846,6000.0,3.25,154477.77047992765,0.0,154477.77047992765,0.4350919376089951,0.0,0.4350919376089951
B,2025-05-30T00:00:00+0000,350901.84916128824,6000.0,3.25,154477.77047992765,0.0,154477.77047992765,0.4402307108074646,0.0,0.4402307108074646
B,2025-05-31T00:00:00+0000,351663.8314630215,6000.0,3.25,154477.77047992765,0.0,154477.77047992765,0.43927682251898414,0.0,0.43927682251898414
B,2025-06-01T00:00:00+0000,353312.2493294964,6000.0,3.25,154477.77047992765,0.0,154477.77047992765,0.4372273273091724,0.0,0.4372273273091724
B,2025-06-02T00:00:00+0000,354977.1367777764,6000.0,3.25,154477.77047992765,0.0,154477.77047992765,0.4351766761154372,0.0,0.4351766761154372
B,2025-06-03T00:00:00+0000,354061.1017017106,6000.0,3.25,154477.77047992765,0.0,154477.77047992765,0.4363025752828168,0.0,0.4363025752828168
B,2025-06-04T00:00:00+0000,353444.74067176634,6000.0,3.25,154477.77047992765,0.0,154477.77047992765,0.43706342945243193,0.0,0.43706342945243193
B,2025-06-05T00:00:00+0000,345294.19663561875,6000.0,3.25,154477.77047992765,0.0,154477.77047992765,0.4473801528814705,0.0,0.4473801528814705
B,2025-06-06T00:00:00+0000,350286.7987907978,6000.0,3.25,154477.77047992765,0.0,154477.77047992765,0.44100368901480236,0.0,0.44100368901480236
B,2025-06-07T00:00:00+0000,352969.59196444915,6000.0,3.25,154477.77047992765,0.0,154477.77047992765,0.43765178076724115,0.0,0.43765178076724115
B,2025-06-08T00:00:00+0000,352929.8640802987,6000.0,3.25,154477.77047992765,0.0,154477.77047992765,0.43770104545412125,0.0,0.43770104545412125
B,2025-06-09T00:00:00+0000,362443.2632527908,6000.0,3.25,154477.77047992765,0.0,154477.77047992765,0.42621228242331854,0.0,0.42621228242331854
B,2025-06-10T00:00:00+0000,365200.0609069163,6000.0,3.25,154477.77047992765,0.0,154477.77047992765,0.42299491981547505,0.0,0.42299491981547505
B,2025-06-11T00:00:00+0000,362123.4743796907,6000.0,3.25,154477.77047992765,0.0,154477.77047992765,0.42658866770386694,0.0,0.42658866770386694
B,2025-06-12T00:00:00+0000,355552.4667437503,6000.0,3.25,154477.77047992765,0.0,154477.77047992765,0.43447250386048114,0.0,0.43447250386048114
B,2025-06-13T00:00:00+0000,354823.9680446525,6000.0,3.25,154477.77047992765,0.0,154477.77047992765,0.4353645311257202,0.0,0.4353645311257202
B,2025-06-14T00:00:00+0000,352988.3969990795,6000.0,3.25,154477.77047992765,0.0,154477.77047992765,0.43762846539210887,0.0,0.43762846539210887
B,2025-06-15T00:00:00+0000,353579.4918283563,6000.0,3.25,154477.77047992765,0.0,154477.77047992765,0.43689686209209855,0.0,0.43689686209209855
B,2025-06-16T00:00:00+0000,355136.7558679972,6000.0,3.25,154477.77047992765,0.0,154477.77047992765,0.43498108243503353,0.0,0.43498108243503353
B,2025-06-17T00:00:00+0000,351445.14029946504,6000.0,3.25,154477.77047992765,0.0,154477.77047992765,0.43955016805268027,0.0,0.43955016805268027
B,2025-06-18T00:00:00+0000,352210.4536961821,6000.0,3.25,154477.77047992765,0.0,154477.77047992765,0.43859507535565845,0.0,0.43859507535565845
B,2025-06-19T00:00:00+0000,351837.74651492713,6000.0,3.25,154477.77047992765,0.0,154477.77047992765,0.43905968592080485,0.0,0.43905968592080485
B,2025-06-20T00:00:00+0000,347718.4911577116,6000.0,3.25,154477.77047992765,0.0,154477.77047992765,0.4442610169094014,0.0,0.4442610169094014
B,2025-06-21T00:00:00+0000,343921.82187826105,6000.0,3.25,154477.77047992765,0.0,154477.77047992765,0.449165364489749,0.0,0.449165364489749
B,2025-06-22T00:00:00+0000,341012.79162408155,6000.0,3.25,154477.77047992765,0.0,154477.77047992765,0.4529969968112445,0.0,0.4529969968112445
B,2025-06-23T00:00:00+0000,350598.1681439283,6000.0,3.25,154477.77047992765,0.0,154477.77047992765,0.4406120297140603,0.0,0.4406120297140603
B,2025-06-24T00:00:00+0000,352356.9250674731,6000.0,3.25,154477.77047992765,0.0,154477.77047992765,0.43841275561803306,0.0,0.43841275561803306
B,2025-06-25T00:00:00+0000,353457.99198635214,6000.0,3.25,154477.77047992765,0.0,154477.77047992765,0.43704704372872805,0.0,0.43704704372872805
B,2025-06-26T00:00:00+0000,352889.6683022768,6000.0,3.25,154477.77047992765,0.0,154477.77047992765,0.4377509016433026,0.0,0.4377509016433026
B,2025-06-27T00:00:00+0000,353181.73274361383,6000.0,3.25,154477.77047992765,0.0,154477.77047992765,0.4373889025344018,0.0,0.4373889025344018
B,2025-06-28T00:00:00+0000,353779.29487784544,6000.0,3.25,154477.77047992765,0.0,154477.77047992765,0.436650116941599,0.0,0.436650116941599
B,2025-06-29T00:00:00+0000,356514.35007571115,6000.0,3.25,154477.77047992765,0.0,154477.77047992765,0.43330028776435503,0.0,0.43330028776435503
B,2025-06-30T00:00:00+0000,354604.2763384064,6000.0,3.25,154477.77047992765,0.0,154477.77047992765,0.435634257079591,0.0,0.435634257079591
B,2025-07-01T00:00:00+0000,351025.8474503835,6000.0,3.25,154477.77047992765,0.0,154477.77047992765,0.4400752013048346,0.0,0.4400752013048346
B,2025-07-02T00:00:00+0000,358629.3937310887,6000.0,3.25,154477.77047992765,0.0,154477.77047992765,0.43074486693012065,0.0,0.43074486693012065
B,2025-07-03T00:00:00+0000,360049.8688853261,6000.0,3.25,154477.77047992765,0.0,154477.77047992765,0.4290454846107109,0.0,0.4290454846107109
B,2025-07-04T00:00:00+0000,356233.1871900316,6000.0,3.25,154477.77047992765,0.0,154477.77047992765,0.43364227712316405,0.0,0.43364227712316405
B,2025-07-05T00:00:00+0000,356701.4522701999,6000.0,3.25,154477.77047992765,0.0,154477.77047992765,0.4330730068430206,0.0,0.4330730068430206
B,2025-07-06T00:00:00+0000,359153.1187925079,6000.0,3.25,154477.77047992765,0.0,154477.77047992765,0.43011674519015797,0.0,0.43011674519015797
B,2025-07-07T00:00:00+0000,357334.0789822269,6000.0,3.25,154477.77047992765,0.0,154477.77047992765,0.43230629141199567,0.0,0.43230629141199567
B,2025-07-08T00:00:00+0000,359704.9666715087,6000.0,3.25,154477.77047992765,0.0,154477.77047992765,0.4294568738079186,0.0,0.4294568738079186
B,2025-07-09T00:00:00+0000,365920.8184691705,6000.0,3.25,154477.77047992765,0.0,154477.77047992765,0.4221617428770118,0.0,0.4221617428770118
B,2025-07-10T00:00:00+0000,376038.69594691857,6000.0,3.25,154477.77047992765,0.0,154477.77047992765,0.41080285658083887,0.0,0.41080285658083887
B,2025-07-11T00:00:00+0000,378231.5109134306,6000.0,3.25,154477.77047992765,0.0,154477.77047992765,0.4084212077065267,0.0,0.4084212077065267
B,2025-07-12T00:00:00+0000,377797.2466505971,6000.0,3.25,154477.77047992765,0.0,154477.77047992765,0.4088906731043364,0.0,0.4088906731043364
B,2025-07-13T00:00:00+0000,380630.86371656484,6000.0,3.25,154477.77047992765,0.0,154477.77047992765,0.4058466751003115,0.0,0.4058466751003115
B,2025-07-14T00:00:00+0000,382497.114936632,6000.0,3.25,154477.77047992765,0.0,154477.77047992765,0.4038664984584782,0.0,0.4038664984584782
B,2025-07-15T00:00:00+0000,382217.3158174656,6000.0,3.25,154477.77047992765,0.0,154477.77047992765,0.40416214568808584,0.0,0.40416214568808584
B,2025-07-16T00:00:00+0000,388117.85283461504,6000.0,3.25,154477.77047992765,0.0,154477.77047992765,0.39801768805969817,0.0,0.39801768805969817
B,2025-07-17T00:00:00+0000,390997.1374540645,6000.0,0.0,154477.77047992765,0.0,154477.77047992765,0.39508670443418825,0.0,0.39508670443418825
B,2025-07-18T00:00:00+0000,390739.25807937497,6000.0,7.0,154477.77047992765,0.0,154477.77047992765,0.3953474530285026,0.0,0.3953474530285026
B,2025-07-19T00:00:00+0000,391547.98544328724,6000.0,3.75,154477.77047992765,0.0,154477.77047992765,0.39453087800984893,0.0,0.39453087800984893
B,2025-07-20T00:00:00+0000,394113.61825113604,6000.0,5.5,154477.77047992765,0.0,154477.77047992765,0.39196252889056915,0.0,0.39196252889056915
B,2025-07-21T00:00:00+0000,394394.4980624523,6000.0,2.25,154477.77047992765,0.0,154477.77047992765,0.39168338107867345,0.0,0.39168338107867345
B,2025-07-22T00:00:00+0000,397543.486059005,6000.0,4.0,154477.77047992765,0.0,154477.77047992765,0.3885808116523872,0.0,0.3885808116523872
B,2025-07-23T00:00:00+0000,393560.6321830325,6000.0,0.75,154477.77047992765,0.0,154477.77047992765,0.39251326948800347,0.0,0.39251326948800347
B,2025-07-24T00:00:00+0000,394603.5567642722,6000.0,2.5,154477.77047992765,0.0,154477.77047992765,0.3914758694691883,0.0,0.3914758694691883
B,2025-07-25T00:00:00+0000,394002.1883163885,6000.0,4.5,154477.77047992765,0.0,154477.77047992765,0.3920733819779705,0.0,0.3920733819779705
B,2025-07-26T00:00:00+0000,394751.64432804106,6000.0,6.25,154477.77047992765,0.0,154477.77047992765,0.39132901078318416,0.0,0.39132901078318416
B,2025-07-27T00:00:00+0000,399423.5965387368,6000.0,3.0,154477.77047992765,0.0,154477.77047992765,0.3867517388020568,0.0,0.3867517388020568
B,2025-07-28T00:00:00+0000,396137.2246209021,6000.0,4.5,154477.77047992765,0.0,154477.77047992765,0.38996024831486303,0.0,0.38996024831486303
B,2025-07-29T00:00:00+0000,395893.8033813258,6000.0,5.0,154477.77047992765,0.0,154477.77047992765,0.3902000212191609,0.0,0.3902000212191609
B,2025-07-30T00:00:00+0000,396084.76694231445,6000.0,6.75,154477.77047992765,0.0,154477.77047992765,0.39001189485892473,0.0,0.39001189485892473
B,2025-07-31T00:00:00+0000,391046.22912474984,6000.0,3.25,154477.77047992765,0.0,154477.77047992765,0.3950371055250525,0.0,0.3950371055250525
B,2025-08-01T00:00:00+0000,383489.90740095405,6000.0,0.0,154477.77047992765,0.0,154477.77047992765,0.4028209543423915,0.0,0.4028209543423915
B,2025-08-02T00:00:00+0000,380584.61605182255,6000.0,7.0,154477.77047992765,0.0,154477.77047992765,0.40589599254556596,0.0,0.40589599254556596
B,2025-08-03T00:00:00+0000,384912.69766888296,6000.0,3.75,154477.77047992765,0.0,154477.77047992765,0.40133196804231047,0.0,0.40133196804231047
B,2025-08-04T00:00:00+0000,390598.0363831283,6000.0,5.5,154477.77047992765,0.0,154477.77047992765,0.3954903918882073,0.0,0.3954903918882073
B,2025-08-05T00:00:00+0000,387160.7233117721,6000.0,2.25,154477.77047992765,0.0,154477.77047992765,0.3990016579123138,0.0,0.3990016579123138
B,2025-08-06T00:00:00+0000,389775.9457429098,6000.0,4.0,154477.77047992765,0.0,154477.77047992765,0.39632453507487303,0.0,0.39632453507487303
B,2025-08-07T00:00:00+0000,397717.01452576305,6000.0,5.75,154477.77047992765,0.0,154477.77047992765,0.38841126941508053,0.0,0.38841126941508053
B,2025-08-08T00:00:00+0000,398661.5435755516,6000.0,5.75,154477.77047992765,0.0,154477.77047992765,0.3874910258321721,0.0,0.3874910258321721
B,2025-08-09T00:00:00+0000,403465.78452831996,6000.0,5.75,154477.77047992765,0.0,154477.77047992765,0.38287700321484036,0.0,0.38287700321484036
B,2025-08-10T00:00:00+0000,407087.6445323236,6000.0,5.75,154477.77047992765,0.0,154477.77047992765,0.3794705453598256,0.0,0.3794705453598256
B,2025-08-11T00:00:00+0000,405727.532836782,6000.0,5.75,154477.77047992765,0.0,154477.77047992765,0.3807426363201033,0.0,0.3807426363201033
B,2025-08-12T00:00:00+0000,415117.6425880783,6000.0,5.75,154477.77047992765,0.0,154477.77047992765,0.3721301015221271,0.0,0.3721301015221271
B,2025-08-13T00:00:00+0000,422613.5517754982,6000.0,5.75,154477.77047992765,0.0,154477.77047992765,0.3655296187993274,0.0,0.3655296187993274
B,2025-08-14T00:00:00+0000,411781.0266087449,6000.0,5.75,154477.77047992765,0.0,154477.77047992765,0.375145430454,0.0,0.375145430454
B,2025-08-15T00:00:00+0000,408337.8210245791,6000.0,5.75,154477.77047992765,0.0,154477.77047992765,0.3783087495846464,0.0,0.3783087495846464
B,2025-08-16T00:00:00+0000,408048.30161325424,6000.0,5.75,154477.77047992765,0.0,154477.77047992765,0.3785771681175646,0.0,0.3785771681175646
B,2025-08-17T00:00:00+0000,409111.05369655776,6000.0,5.75,154477.77047992765,0.0,154477.77047992765,0.3775937342296929,0.0,0.3775937342296929
B,2025-08-18T00:00:00+0000,404313.65950270614,6000.0,5.75,154477.77047992765,0.0,154477.77047992765,0.38207408245848223,0.0,0.38207408245848223
B,2025-08-19T00:00:00+0000,395005.11176011775,6000.0,5.75,154477.77047992765,0.0,154477.77047992765,0.3910779022367192,0.0,0.3910779022367192
B,2025-08-20T00:00:00+0000,402170.9386746583,6000.0,5.75,154477.77047992765,0.0,154477.77047992765,0.38410972953193556,0.0,0.38410972953193556
B,2025-08-21T00:00:00+0000,397553.9047666794,6000.0,5.75,154477.77047992765,0.0,154477.77047992765,0.38857062810284604,0.0,0.38857062810284604
B,2025-08-22T00:00:00+0000,415815.418895088,6000.0,5.75,154477.77047992765,0.0,154477.77047992765,0.37150563317350926,0.0,0.37150563317350926
B,2025-08-23T00:00:00+0000,412723.0493639241,6000.0,5.75,154477.77047992765,0.0,154477.77047992765,0.37428917701108283,0.0,0.37428917701108283
B,2025-08-24T00:00:00+0000,410149.23172616446,6000.0,5.75,154477.77047992765,0.0,154477.77047992765,0.3766379613337043,0.0,0.3766379613337043
B,2025-08-25T00:00:00+0000,397432.85896150966,6000.0,5.75,154477.77047992765,0.0,154477.77047992765,0.388688974745514,0.0,0.388688974745514
B,2025-08-26T00:00:00+0000,404210.2528026445,6000.0,5.75,154477.77047992765,0.0,154477.77047992765,0.3821718261940064,0.0,0.3821718261940064
B,2025-08-27T00:00:00+0000,401647.0769083943,6000.0,5.75,154477.77047992765,0.0,154477.77047992765,0.3846107176205348,0.0,0.3846107176205348
B,2025-08-28T00:00:00+0000,403509.5887281081,6000.0,5.75,154477.77047992765,0.0,154477.77047992765,0.38283543884756976,0.0,0.38283543884756976
B,2025-08-29T00:00:00+0000,394817.59222985804,6000.0,5.75,154477.77047992765,0.0,154477.77047992765,0.3912636455925514,0.0,0.3912636455925514
B,2025-08-30T00:00:00+0000,395694.9501694318,6000.0,5.75,154477.77047992765,0.0,154477.77047992765,0.3903961130001334,0.0,0.3903961130001334
B,2025-08-31T00:00:00+0000,395304.7468230325,6000.0,5.75,154477.77047992765,0.0,154477.77047992765,0.3907814710585382,0.0,0.3907814710585382
B,2025-09-01T00:00:00+0000,395089.78517947905,6000.0,5.75,154477.77047992765,0.0,154477.77047992765,0.39099408862153295,0.0,0.39099408862153295
B,2025-09-02T00:00:00+0000,398045.88349954435,6000.0,5.75,154477.77047992765,0.0,154477.77047992765,0.38809036064332136,0.0,0.38809036064332136
B,2025-09-03T00:00:00+0000,401192.956972416,6000.0,5.75,154477.77047992765,0.0,154477.77047992765,0.38504606772184374,0.0,0.38504606772184374
B,2025-09-04T00:00:00+0000,396797.4878500838,6000.0,5.75,154477.77047992765,0.0,154477.77047992765,0.38931136211802764,0.0,0.38931136211802764
B,2025-09-05T00:00:00+0000,396914.0029278842,6000.0,5.75,154477.77047992765,0.0,154477.77047992765,0.3891970788140596,0.0,0.3891970788140596
B,2025-09-06T00:00:00+0000,395595.14808361104,6000.0,5.75,154477.77047992765,0.0,154477.77047992765,0.39049460345574816,0.0,0.39049460345574816
B,2025-09-07T00:00:00+0000,397556.6688477193,6000.0,5.75,154477.77047992765,0.0,154477.77047992765,0.3885679264987982,0.0,0.3885679264987982
B,2025-09-08T00:00:00+0000,398824.58299941843,6000.0,5.75,154477.77047992765,0.0,154477.77047992765,0.38733261956460924,0.0,0.38733261956460924
B,2025-09-09T00:00:00+0000,398211.54671815713,6000.0,5.75,154477.77047992765,0.0,154477.77047992765,0.3879289080215011,0.0,0.3879289080215011
B,2025-09-10T00:00:00+0000,402274.90216619824,6000.0,5.75,154477.77047992765,0.0,154477.77047992765,0.38401046062800553,0.0,0.38401046062800553
B,2025-09-11T00:00:00+0000,406556.90923200635,6000.0,5.75,154477.77047992765,0.0,154477.77047992765,0.3799659210606925,0.0,0.3799659210606925
B,2025-09-12T00:00:00+0000,412430.34856499813,6000.0,5.75,154477.77047992765,0.0,154477.77047992765,0.3745548091148348,0.0,0.3745548091148348
B,2025-09-13T00:00:00+0000,411369.5260923163,6000.0,5.75,154477.77047992765,0.0,154477.77047992765,0.3755206953401331,0.0,0.3755206953401331
B,2025-09-14T00:00:00+0000,409248.8383408253,6000.0,5.75,154477.77047992765,0.0,154477.77047992765,0.3774666071288332,0.0,0.3774666071288332
B,2025-09-15T00:00:00+0000,407738.162481405,6000.0,5.75,154477.77047992765,0.0,154477.77047992765,0.3788651264326347,0.0,0.3788651264326347
B,2025-09-16T00:00:00+0000,409239.8652459984,6000.0,5.75,154477.77047992765,0.0,154477.77047992765,0.37747488355531894,0.0,0.37747488355531894
B,2025-09-17T00:00:00+0000,410595.54331073153,6000.0,5.75,154477.77047992765,0.0,154477.77047992765,0.37622856116346487,0.0,0.37622856116346487
B,2025-09-18T00:00:00+0000,411394.849675742,6000.0,5.75,154477.77047992765,0.0,154477.77047992765,0.37549758000540295,0.0,0.37549758000540295
B,2025-09-19T00:00:00+0000,407052.1933362487,6000.0,5.75,154477.77047992765,0.0,154477.77047992765,0.37950359440102577,0.0,0.37950359440102577
B,2025-09-20T00:00:00+0000,407375.3416142699,6000.0,5.75,154477.77047992765,0.0,154477.77047992765,0.3792025552351607,0.0,0.3792025552351607
B,2025-09-21T00:00:00+0000,406057.9466443279,6000.0,5.75,154477.77047992765,0.0,154477.77047992765,0.380432821858396,0.0,0.380432821858396
B,2025-09-22T00:00:00+0000,397609.7460282028,6000.0,5.75,154477.77047992765,0.0,154477.77047992765,0.38851605631661357,0.0,0.38851605631661357
B,2025-09-23T00:00:00+0000,396036.29332810413,6000.0,5.75,154477.77047992765,0.0,154477.77047992765,0.39005963110544384,0.0,0.39005963110544384
B,2025-09-24T00:00:00+0000,397584.52369269833,6000.0,5.75,154477.77047992765,0.0,154477.77047992765,0.3885407033582798,0.0,0.3885407033582798
B,2025-09-25T00:00:00+0000,386137.3327713256,6000.0,5.75,154477.77047992765,0.0,154477.77047992765,0.40005914313240193,0.0,0.40005914313240193
B,2025-09-26T00:00:00+0000,390219.21108425915,6000.0,5.75,154477.77047992765,0.0,154477.77047992765,0.39587433445600306,0.0,0.39587433445600306
B,2025-09-27T00:00:00+0000,389940.6351866389,6000.0,5.75,154477.77047992765,0.0,154477.77047992765,0.3961571494234996,0.0,0.3961571494234996
B,2025-09-28T00:00:00+0000,395873.284093924,6000.0,5.75,154477.77047992765,0.0,154477.77047992765,0.39022024644450776,0.0,0.39022024644450776
B,2025-09-29T00:00:00+0000,400263.5560624375,6000.0,5.75,154477.77047992765,0.0,154477.77047992765,0.38594013404465566,0.0,0.38594013404465566
B,2025-09-30T00:00:00+0000,398505.992511379,6000.0,5.75,154477.77047992765,0.0,154477.77047992765,0.3876422773630353,0.0,0.3876422773630353
B,2025-10-01T00:00:00+0000,408767.4163260822,6000.0,5.75,154477.77047992765,0.0,154477.77047992765,0.3779111649072771,0.0,0.3779111649072771
B,2025-10-02T00:00:00+0000,414151.7849294005,6000.0,5.75,154477.77047992765,0.0,154477.77047992765,0.3729979589639125,0.0,0.3729979589639125
B,2025-10-03T00:00:00+0000,417042.9724555312,6000.0,5.75,154477.77047992765,0.0,154477.77047992765,0.37041211741411,0.0,0.37041211741411
B,2025-10-04T00:00:00+0000,416749.8756101008,6000.0,5.75,154477.77047992765,0.0,154477.77047992765,0.3706726252858024,0.0,0.3706726252858024
B,2025-10-05T00:00:00+0000,418787.23421764496,6000.0,5.75,154477.77047992765,0.0,154477.77047992765,0.3688693395072427,0.0,0.3688693395072427
B,2025-10-06T00:00:00+0000,423821.72887533635,6000.0,5.75,154477.77047992765,0.0,154477.77047992765,0.3644876134356151,0.0,0.3644876134356151
B,2025-10-07T00:00:00+0000,414556.4511563261,6000.0,5.75,154477.77047992765,0.0,154477.77047992765,0.3726338597530961,0.0,0.3726338597530961
B,2025-10-08T00:00:00+0000,418815.32616911945,6000.0,5.75,154477.77047992765,0.0,154477.77047992765,0.3688445976725046,0.0,0.3688445976725046
B,2025-10-09T00:00:00+0000,413416.11195974285,6000.0,5.75,154477.77047992765,0.0,154477.77047992765,0.37366170792823433,0.0,0.37366170792823433
B,2025-10-10T00:00:00+0000,390515.5181976601,6000.0,5.75,154477.77047992765,0.0,154477.77047992765,0.3955739612932321,0.0,0.3955739612932321
B,2025-10-11T00:00:00+0000,385968.23869248544,6000.0,5.75,154477.77047992765,0.0,154477.77047992765,0.40023441048734987,0.0,0.40023441048734987
B,2025-10-12T00:00:00+0000,400018.78345131746,6000.0,5.75,154477.77047992765,0.0,154477.77047992765,0.38617629189087244,0.0,0.38617629189087244
B,2025-10-13T00:00:00+0000,402102.1558920795,6000.0,5.75,154477.77047992765,0.0,154477.77047992765,0.3841754345664042,0.0,0.3841754345664042
B,2025-10-14T00:00:00+0000,396878.4937263048,6000.0,5.75,154477.77047992765,0.0,154477.77047992765,0.38923190075010355,0.0,0.38923190075010355
B,2025-10-15T00:00:00+0000,391005.8127581324,6000.0,5.75,154477.77047992765,0.0,154477.77047992765,0.3950779385867703,0.0,0.3950779385867703
B,2025-10-16T00:00:00+0000,385698.07530620636,6000.0,5.75,154477.77047992765,0.0,154477.77047992765,0.4005147558936805,0.0,0.4005147558936805
B,2025-10-17T00:00:00+0000,382051.1279942411,6000.0,5.75,154477.77047992765,0.0,154477.77047992765,0.40433795154834934,0.0,0.40433795154834934
B,2025-10-18T00:00:00+0000,384248.6005749359,6000.0,5.75,154477.77047992765,0.0,154477.77047992765,0.4020255903308137,0.0,0.4020255903308137
B,2025-10-19T00:00:00+0000,388122.50351545855,6000.0,5.75,154477.77047992765,0.0,154477.77047992765,0.3980129188097308,0.0,0.3980129188097308
B,2025-10-20T00:00:00+0000,390624.60269032774,6000.0,5.75,154477.77047992765,0.0,154477.77047992765,0.3954634946595817,0.0,0.3954634946595817
B,2025-10-21T00:00:00+0000,385463.6144180662,6000.0,5.75,154477.77047992765,0.0,154477.77047992765,0.4007583717418893,0.0,0.4007583717418893
B,2025-10-22T00:00:00+0000,383121.1912829954,6000.0,5.75,154477.77047992765,0.0,154477.77047992765,0.4032086295268942,0.0,0.4032086295268942
B,2025-10-23T00:00:00+0000,387570.40454054833,6000.0,5.75,154477.77047992765,0.0,154477.77047992765,0.39857989327914717,0.0,0.39857989327914717
B,2025-10-24T00:00:00+0000,390416.62131568504,6000.0,5.75,154477.77047992765,0.0,154477.77047992765,0.39567416458690996,0.0,0.39567416458690996
B,2025-10-25T00:00:00+0000,391680.43474078976,6000.0,5.75,154477.77047992765,0.0,154477.77047992765,0.3943974648163356,0.0,0.3943974648163356
B,2025-10-26T00:00:00+0000,399777.26483005687,6000.0,5.75,154477.77047992765,0.0,154477.77047992765,0.3864095937161292,0.0,0.3864095937161292
B,2025-10-27T00:00:00+0000,398402.41634103545,6000.0,5.75,154477.77047992765,0.0,154477.77047992765,0.3877430561256775,0.0,0.3877430561256775
B,2025-10-28T00:00:00+0000,393925.5629625907,6000.0,5.75,154477.77047992765,0.0,154477.77047992765,0.39214964705044464,0.0,0.39214964705044464
B,2025-10-29T00:00:00+0000,388497.7543660803,6000.0,5.75,154477.77047992765,0.0,154477.77047992765,0.39762847724047257,0.0,0.39762847724047257
B,2025-10-30T00:00:00+0000,384228.3842192415,6000.0,5.75,154477.77047992765,0.0,154477.77047992765,0.4020467430948108,0.0,0.4020467430948108
B,2025-10-31T00:00:00+0000,386849.47477786127,6000.0,5.75,154477.77047992765,0.0,154477.77047992765,0.39932268376125546,0.0,0.39932268376125546
B,2025-11-01T00:00:00+0000,388046.989041981,6000.0,5.75,154477.77047992765,0.0,154477.77047992765,0.3980903726667376,0.0,0.3980903726667376
B,2025-11-02T00:00:00+0000,389322.39775916375,6000.0,5.75,154477.77047992765,0.0,154477.77047992765,0.39678624032180176,0.0,0.39678624032180176
B,2025-11-03T00:00:00+0000,377847.33464037534,6000.0,5.75,154477.77047992765,0.0,154477.77047992765,0.40883646996466266,0.0,0.40883646996466266
B,2025-11-04T00:00:00+0000,364558.35306107014,6000.0,5.75,154477.77047992765,0.0,154477.77047992765,0.4237394896669665,0.0,0.4237394896669665
B,2025-11-05T00:00:00+0000,370583.41508843587,6000.0,0.75,154477.77047992765,0.0,154477.77047992765,0.41685019941613727,0.0,0.41685019941613727
B,2025-11-06T00:00:00+0000,364945.1763706815,6000.0,1.5,154477.77047992765,0.0,154477.77047992765,0.4232903473781546,0.0,0.4232903473781546
B,2025-11-07T00:00:00+0000,370105.0166994568,6000.0,2.25,154477.77047992765,0.0,154477.77047992765,0.41738902070968437,0.0,0.41738902070968437
B,2025-11-08T00:00:00+0000,368026.96752472233,6000.0,2.25,154477.77047992765,0.0,154477.77047992765,0.4197457906927719,0.0,0.4197457906927719
B,2025-11-09T00:00:00+0000,374987.33929480327,6000.0,2.25,154477.77047992765,0.0,154477.77047992765,0.4119546296427946,0.0,0.4119546296427946
B,2025-11-10T00:00:00+0000,376430.7205072858,6000.0,2.25,154477.77047992765,0.0,154477.77047992765,0.410375036000649,0.0,0.410375036000649
B,2025-11-11T00:00:00+0000,369402.8430425592,6000.0,2.25,154477.77047992765,0.0,154477.77047992765,0.4181824081471136,0.0,0.4181824081471136
B,2025-11-12T00:00:00+0000,367451.9463628965,6000.0,2.25,154477.77047992765,0.0,154477.77047992765,0.42040264586696463,0.0,0.42040264586696463
B,2025-11-13T00:00:00+0000,361092.82018483407,6000.0,3.0,154477.77047992765,0.0,154477.77047992765,0.427806264330746,0.0,0.427806264330746
B,2025-11-14T00:00:00+0000,351778.48988687247,6000.0,8.5,154477.77047992765,0.0,154477.77047992765,0.4391336449525545,0.0,0.4391336449525545
B,2025-11-15T00:00:00+0000,354272.42757336993,6000.0,8.5,154477.77047992765,0.0,154477.77047992765,0.4360423178796077,0.0,0.4360423178796077
B,2025-11-16T00:00:00+0000,351004.9138817296,6000.0,8.5,154477.77047992765,0.0,154477.77047992765,0.44010144693295844,0.0,0.44010144693295844
B,2025-11-17T00:00:00+0000,346948.3586244316,6000.0,3.25,154477.77047992765,0.0,154477.77047992765,0.44524715750896066,0.0,0.44524715750896066
B,2025-11-18T00:00:00+0000,349837.7815203532,6000.0,4.0,154477.77047992765,0.0,154477.77047992765,0.4415697178520448,0.0,0.4415697178520448
B,2025-11-19T00:00:00+0000,345955.67544317746,6000.0,4.0,154477.77047992765,0.0,154477.77047992765,0.44652474708512285,0.0,0.44652474708512285
B,2025-11-20T00:00:00+0000,335423.06608969776,6000.0,4.75,154477.77047992765,0.0,154477.77047992765,0.46054605689704625,0.0,0.46054605689704625
B,2025-11-21T00:00:00+0000,333683.9614116831,6000.0,5.5,245459.41379835026,0.0,245459.41379835026,0.7356044706491431,0.0,0.7356044706491431
B,2025-11-22T00:00:00+0000,333457.995292547,6000.0,1.5,245459.41379835026,0.0,245459.41379835026,0.7361029492875274,0.0,0.7361029492875274
B,2025-11-23T00:00:00+0000,335196.0911189943,6000.0,8.25,245459.41379835026,0.0,245459.41379835026,0.7322860269012278,0.0,0.7322860269012278
B,2025-11-24T00:00:00+0000,337474.16733516124,6000.0,3.5,245459.41379835026,0.0,245459.41379835026,0.7273428237088534,0.0,0.7273428237088534
B,2025-11-25T00:00:00+0000,336883.35562240996,6000.0,3.5,245459.41379835026,0.0,245459.41379835026,0.7286184066436019,0.0,0.7286184066436019
B,2025-11-26T00:00:00+0000,339627.4987457409,6000.0,3.5,245459.41379835026,0.0,245459.41379835026,0.722731270891911,0.0,0.722731270891911
B,2025-11-27T00:00:00+0000,340142.67440082645,6000.0,3.5,245459.41379835026,0.0,245459.41379835026,0.7216366315421487,0.0,0.7216366315421487
B,2025-11-28T00:00:00+0000,339973.9127849875,6000.0,3.5,245459.41379835026,0.0,245459.41379835026,0.7219948489212118,0.0,0.7219948489212118
B,2025-11-29T00:00:00+0000,339580.7690542006,6000.0,3.5,245459.41379835026,0.0,245459.41379835026,0.7228307259035991,0.0,0.7228307259035991
B,2025-11-30T00:00:00+0000,339299.5039961043,6000.0,3.5,245459.41379835026,0.0,245459.41379835026,0.7234299222587974,0.0,0.7234299222587974
B,2025-12-01T00:00:00+0000,334882.78447449324,6000.0,4.25,245459.41379835026,0.0,245459.41379835026,0.7329711325218808,0.0,0.7329711325218808
B,2025-12-02T00:00:00+0000,340007.97346476547,6000.0,0.75,245459.41379835026,0.0,245459.41379835026,0.7219225222781044,0.0,0.7219225222781044
B,2025-12-03T00:00:00+0000,343102.3191426248,6000.0,0.75,245459.41379835026,0.0,245459.41379835026,0.7154117011267266,0.0,0.7154117011267266
B,2025-12-04T00:00:00+0000,341714.89808503666,6000.0,0.75,245459.41379835026,0.0,245459.41379835026,0.7183163952578592,0.0,0.7183163952578592
B,2025-12-05T00:00:00+0000,338886.1491273098,6000.0,0.75,245459.41379835026,0.0,245459.41379835026,0.7243123226796094,0.0,0.7243123226796094
B,2025-12-06T00:00:00+0000,338965.7266411456,6000.0,0.75,245459.41379835026,0.0,245459.41379835026,0.7241422790163441,0.0,0.7241422790163441
B,2025-12-07T00:00:00+0000,339969.43497250095,6000.0,0.75,245459.41379835026,0.0,245459.41379835026,0.7220043584747691,0.0,0.7220043584747691
B,2025-12-08T00:00:00+0000,340675.07224989275,6000.0,0.75,245459.41379835026,0.0,245459.41379835026,0.7205088772045531,0.0,0.7205088772045531
B,2025-12-09T00:00:00+0000,343708.5350884317,6000.0,0.75,245459.41379835026,0.0,245459.41379835026,0.7141498937033868,0.0,0.7141498937033868
B,2025-12-10T00:00:00+0000,343304.12283006596,6000.0,0.75,245459.41379835026,0.0,245459.41379835026,0.7149911622816473,0.0,0.7149911622816473
B,2025-12-11T00:00:00+0000,342957.09509777906,6000.0,0.75,245459.41379835026,0.0,245459.41379835026,0.7157146398396229,0.0,0.7157146398396229
B,2025-12-12T00:00:00+0000,340143.8735745279,6000.0,0.75,245459.41379835026,0.0,245459.41379835026,0.7216340874196824,0.0,0.7216340874196824
B,2025-12-13T00:00:00+0000,340379.35829352576,6000.0,0.75,245459.41379835026,0.0,245459.41379835026,0.7211348391657716,0.0,0.7211348391657716
B,2025-12-14T00:00:00+0000,338519.00862837303,6000.0,0.75,245459.41379835026,0.0,245459.41379835026,0.7250978749846694,0.0,0.7250978749846694
B,2025-12-15T00:00:00+0000,336500.42161866865,6000.0,0.75,245459.41379835026,0.0,245459.41379835026,0.7294475668637096,0.0,0.7294475668637096
B,2025-12-16T00:00:00+0000,337498.56749254244,6000.0,0.75,245459.41379835026,0.0,245459.41379835026,0.7272902389541966,0.0,0.7272902389541966
B,2025-12-17T00:00:00+0000,335317.4331217604,6000.0,0.75,245459.41379835026,0.0,245459.41379835026,0.7320210330645681,0.0,0.7320210330645681
B,2025-12-18T00:00:00+0000,334777.59551411174,6000.0,6.25,245459.41379835026,0.0,245459.41379835026,0.7332014360799826,0.0,0.7332014360799826
B,2025-12-19T00:00:00+0000,337868.05457094917,6000.0,6.25,245459.41379835026,0.0,245459.41379835026,0.7264948860289663,0.0,0.7264948860289663
B,2025-12-20T00:00:00+0000,338024.8737400827,6000.0,6.25,245459.41379835026,0.0,245459.41379835026,0.7261578447836097,0.0,0.7261578447836097
B,2025-12-21T00:00:00+0000,338443.62074151676,6000.0,6.25,245459.41379835026,0.0,245459.41379835026,0.7252593896157897,0.0,0.7252593896157897
B,2025-12-22T00:00:00+0000,338489.77684623376,6000.0,6.25,245459.41379835026,0.0,245459.41379835026,0.7251604940194559,0.0,0.7251604940194559
B,2025-12-23T00:00:00+0000,337338.8010928424,6000.0,6.25,245459.41379835026,0.0,245459.41379835026,0.7276346895262573,0.0,0.7276346895262573
B,2025-12-24T00:00:00+0000,337336.5763047872,6000.0,6.25,245459.41379835026,0.0,245459.41379835026,0.7276394883920771,0.0,0.7276394883920771
B,2025-12-25T00:00:00+0000,336679.71977921994,6000.0,6.25,245459.41379835026,0.0,245459.41379835026,0.7290591009144001,0.0,0.7290591009144001
B,2025-12-26T00:00:00+0000,336989.86911567475,6000.0,6.25,245459.41379835026,0.0,245459.41379835026,0.7283881098339313,0.0,0.7283881098339313
B,2025-12-27T00:00:00+0000,337531.79029427597,6000.0,6.25,245459.41379835026,0.0,245459.41379835026,0.7272186527507447,0.0,0.7272186527507447
B,2025-12-28T00:00:00+0000,337612.359356464,6000.0,6.25,245459.41379835026,0.0,245459.41379835026,0.7270451066016361,0.0,0.7270451066016361
B,2025-12-29T00:00:00+0000,337013.30613463465,6000.0,6.25,245459.41379835026,0.0,245459.41379835026,0.7283374553178349,0.0,0.7283374553178349
B,2025-12-30T00:00:00+0000,338198.4876177336,6000.0,6.25,245459.41379835026,0.0,245459.41379835026,0.7257850723324154,0.0,0.7257850723324154
B,2025-12-31T00:00:00+0000,337602.92569863645,6000.0,6.25,245459.41379835026,0.0,245459.41379835026,0.7270654224645591,0.0,0.7270654224645591
B,2026-01-01T00:00:00+0000,338721.36994078406,6000.0,6.25,245459.41379835026,0.0,245459.41379835026,0.7246646818925595,0.0,0.7246646818925595
B,2026-01-02T00:00:00+0000,340540.72461643815,6000.0,6.25,245459.41379835026,0.0,245459.41379835026,0.7207931270916834,0.0,0.7207931270916834
B,2026-01-03T00:00:00+0000,341013.08818339,6000.0,6.25,245459.41379835026,0.0,245459.41379835026,0.719794700860124,0.0,0.719794700860124
B,2026-01-04T00:00:00+0000,341805.54472156457,6000.0,6.25,245459.41379835026,0.0,245459.41379835026,0.7181258981573923,0.0,0.7181258981573923
B,2026-01-05T00:00:00+0000,344119.3674407116,6000.0,6.25,245459.41379835026,0.0,245459.41379835026,0.7132972945518404,0.0,0.7132972945518404
B,2026-01-06T00:00:00+0000,344639.8597558179,6000.0,6.25,245459.41379835026,0.0,245459.41379835026,0.7122200373812293,0.0,0.7122200373812293
B,2026-01-07T00:00:00+0000,341920.3251185404,6000.0,6.25,245459.41379835026,0.0,245459.41379835026,0.7178848280319455,0.0,0.7178848280319455
B,2026-01-08T00:00:00+0000,341238.237920561,6000.0,6.25,245459.41379835026,0.0,245459.41379835026,0.7193197787391351,0.0,0.7193197787391351
B,2026-01-09T00:00:00+0000,340776.8585817185,6000.0,6.25,245459.41379835026,0.0,245459.41379835026,0.7202936690593646,0.0,0.7202936690593646
B,2026-01-10T00:00:00+0000,340678.55360504705,6000.0,6.25,245459.41379835026,0.0,245459.41379835026,0.7205015144067872,0.0,0.7205015144067872
B,2026-01-11T00:00:00+0000,341350.6547144988,6000.0,6.25,245459.41379835026,0.0,245459.41379835026,0.7190828856140595,0.0,0.7190828856140595
B,2026-01-12T00:00:00+0000,341335.9950116838,6000.0,6.25,245459.41379835026,0.0,245459.41379835026,0.7191137687953135,0.0,0.7191137687953135
B,2026-01-13T00:00:00+0000,346141.38549874263,6000.0,6.25,245459.41379835026,0.0,245459.41379835026,0.7091305000835906,0.0,0.7091305000835906
B,2026-01-14T00:00:00+0000,347479.1563169153,6000.0,6.25,245459.41379835026,0.0,245459.41379835026,0.7064003965017147,0.0,0.7064003965017147
B,2026-01-15T00:00:00+0000,346241.9235483671,6000.0,6.25,245459.41379835026,0.0,245459.41379835026,0.7089245903061812,0.0,0.7089245903061812
B,2026-01-16T00:00:00+0000,346032.5807929114,6000.0,6.25,245459.41379835026,0.0,245459.41379835026,0.7093534754325613,0.0,0.7093534754325613
B,2026-01-17T00:00:00+0000,345875.97368521115,6000.0,6.25,245459.41379835026,0.0,245459.41379835026,0.7096746593382862,0.0,0.7096746593382862
B,2026-01-18T00:00:00+0000,344627.15105362,6000.0,6.25,245459.41379835026,0.0,245459.41379835026,0.7122463016854979,0.0,0.7122463016854979
B,2026-01-19T00:00:00+0000,343128.8370771841,6000.0,6.25,245459.41379835026,0.0,245459.41379835026,0.7153564121547036,0.0,0.7153564121547036
B,2026-01-20T00:00:00+0000,338122.98827103374,6000.0,6.25,245459.41379835026,0.0,245459.41379835026,0.7259471325906836,0.0,0.7259471325906836
B,2026-01-21T00:00:00+0000,339208.9935573926,6000.0,6.25,245459.41379835026,0.0,245459.41379835026,0.7236229535783804,0.0,0.7236229535783804
B,2026-01-22T00:00:00+0000,339053.4432815317,6000.0,6.25,245459.41379835026,0.0,245459.41379835026,0.7239549359023439,0.0,0.7239549359023439
B,2026-01-23T00:00:00+0000,339124.62427949806,6000.0,6.25,245459.41379835026,0.0,245459.41379835026,0.7238029804525452,0.0,0.7238029804525452
B,2026-01-24T00:00:00+0000,338844.81988608104,6000.0,6.25,245459.41379835026,0.0,245459.41379835026,0.724400667777283,0.0,0.724400667777283
B,2026-01-25T00:00:00+0000,335931.16988158185,6000.0,6.25,245459.41379835026,0.0,245459.41379835026,0.7306836513112983,0.0,0.7306836513112983
B,2026-01-26T00:00:00+0000,338059.42348625127,6000.0,6.5,245459.41379835026,0.0,245459.41379835026,0.726083631294878,0.0,0.726083631294878
B,2026-01-27T00:00:00+0000,339499.9793658065,6000.0,6.5,245459.41379835026,0.0,245459.41379835026,0.7230027355432359,0.0,0.7230027355432359
B,2026-01-28T00:00:00+0000,339416.67669235426,6000.0,6.5,245459.41379835026,0.0,245459.41379835026,0.7231801813345593,0.0,0.7231801813345593
B,2026-01-29T00:00:00+0000,334591.9498117432,6000.0,6.5,245459.41379835026,0.0,245459.41379835026,0.7336082471095224,0.0,0.7336082471095224
B,2026-01-30T00:00:00+0000,333385.70465781935,6000.0,1.25,245459.41379835026,0.0,245459.41379835026,0.7362625642580718,0.0,0.7362625642580718
B,2026-01-31T00:00:00+0000,327392.4217539639,6000.0,8.25,245459.41379835026,0.0,245459.41379835026,0.7497406704875212,0.0,0.7497406704875212
B,2026-02-01T00:00:00+0000,324659.13136230723,6000.0,5.0,245459.41379835026,0.0,245459.41379835026,0.7560527029329938,0.0,0.7560527029329938
B,2026-02-02T00:00:00+0000,326556.76480268734,6000.0,6.75,245459.41379835026,0.0,245459.41379835026,0.7516592527080618,0.0,0.7516592527080618
B,2026-02-03T00:00:00+0000,323534.2553498049,6000.0,3.5,245459.41379835026,0.0,245459.41379835026,0.7586813752780515,0.0,0.7586813752780515
B,2026-02-04T00:00:00+0000,320997.47018977936,6000.0,5.25,245459.41379835026,0.0,245459.41379835026,0.7646770974650683,0.0,0.7646770974650683
B,2026-02-05T00:00:00+0000,311095.15030091326,6000.0,2.0,245459.41379835026,0.0,245459.41379835026,0.7890171658443551,0.0,0.7890171658443551
B,2026-02-06T00:00:00+0000,324559.07981147896,6000.0,3.75,196161.14251356243,0.0,196161.14251356243,0.6043927121912693,0.0,0.6043927121912693
B,2026-02-07T00:00:00+0000,323456.55858683214,6000.0,5.75,196161.14251356243,0.0,196161.14251356243,0.6064528212709059,0.0,0.6064528212709059
B,2026-02-08T00:00:00+0000,324765.802986247,6000.0,7.5,196161.14251356243,0.0,196161.14251356243,0.6040079981015407,0.0,0.6040079981015407
B,2026-02-09T00:00:00+0000,324826.68138220196,6000.0,4.25,196161.14251356243,0.0,196161.14251356243,0.6038947960766581,0.0,0.6038947960766581
B,2026-02-10T00:00:00+0000,321776.0596923531,6000.0,6.0,196161.14251356243,0.0,196161.14251356243,0.6096200652749311,0.0,0.6096200652749311
B,2026-02-11T00:00:00+0000,318186.3988025971,6000.0,2.75,196161.14251356243,0.0,196161.14251356243,0.616497572654766,0.0,0.616497572654766
B,2026-02-12T00:00:00+0000,317348.16001733835,6000.0,4.5,196161.14251356243,0.0,196161.14251356243,0.6181259803203054,0.0,0.6181259803203054
B,2026-02-13T00:00:00+0000,320681.8117031923,6000.0,1.25,231965.79273749603,0.0,231965.79273749603,0.7233518842415435,0.0,0.7233518842415435
B,2026-02-14T00:00:00+0000,322380.8367721219,6000.0,8.25,202412.45228309263,0.0,202412.45228309263,0.6278675069826495,0.0,0.6278675069826495
B,2026-02-15T00:00:00+0000,319256.1548772553,6000.0,5.0,202412.45228309263,0.0,202412.45228309263,0.6340126860229658,0.0,0.6340126860229658
B,2026-02-16T00:00:00+0000,319869.6904946577,6000.0,6.75,202412.45228309263,0.0,202412.45228309263,0.632796599046552,0.0,0.632796599046552
B,2026-02-17T00:00:00+0000,318199.96967663895,6000.0,3.5,202412.45228309263,0.0,202412.45228309263,0.6361171325339475,0.0,0.6361171325339475
B,2026-02-18T00:00:00+0000,316432.33229578345,6000.0,5.25,202412.45228309263,0.0,202412.45228309263,0.6396705760582286,0.0,0.6396705760582286
B,2026-02-19T00:00:00+0000,316942.97634105245,6000.0,2.0,202412.45228309263,0.0,202412.45228309263,0.6386399680467533,0.0,0.6386399680467533
B,2026-02-20T00:00:00+0000,318436.8573163622,6000.0,3.75,202412.45228309263,0.0,202412.45228309263,0.6356439200817728,0.0,0.6356439200817728
B,2026-02-21T00:00:00+0000,318414.97444178956,6000.0,5.75,232789.1707884463,0.0,232789.1707884463,0.7310873843058007,0.0,0.7310873843058007
B,2026-02-22T00:00:00+0000,317733.7126432423,6000.0,7.5,200932.2590967153,0.0,200932.2590967153,0.6323920034331579,0.0,0.6323920034331579
B,2026-02-23T00:00:00+0000,312595.17614891997,6000.0,4.25,200932.2590967153,0.0,200932.2590967153,0.6427874593976185,0.0,0.6427874593976185
B,2026-02-24T00:00:00+0000,311849.01892903633,6000.0,6.0,200932.2590967153,0.0,200932.2590967153,0.6443254488558741,0.0,0.6443254488558741
B,2026-02-25T00:00:00+0000,319868.36557051213,6000.0,2.75,200932.2590967153,0.0,200932.2590967153,0.6281717128805023,0.0,0.6281717128805023
B,2026-02-26T00:00:00+0000,318795.84950564,6000.0,4.5,200932.2590967153,0.0,200932.2590967153,0.6302850536112783,0.0,0.6302850536112783
B,2026-02-27T00:00:00+0000,315290.19765478384,6000.0,1.25,200932.2590967153,0.0,200932.2590967153,0.637293073464717,0.0,0.637293073464717
B,2026-02-28T00:00:00+0000,317154.98163993633,6000.0,8.25,200932.2590967153,0.0,200932.2590967153,0.6335459656277201,0.0,0.6335459656277201
B,2026-03-01T00:00:00+0000,315818.95437751245,6000.0,5.0,231822.69390361424,0.0,231822.69390361424,0.7340366709798749,0.0,0.7340366709798749
B,2026-03-02T00:00:00+0000,320871.1503503046,6000.0,6.75,199244.89957566326,0.0,199244.89957566326,0.6209498714924718,0.0,0.6209498714924718
B,2026-03-03T00:00:00+0000,319531.1189106449,6000.0,3.5,199244.89957566326,0.0,199244.89957566326,0.6235539757596537,0.0,0.6235539757596537
B,2026-03-04T00:00:00+0000,327112.72575569776,6000.0,5.25,199244.89957566326,0.0,199244.89957566326,0.6091016456647063,0.0,0.6091016456647063
B,2026-03-05T00:00:00+0000,324103.60519517417,6000.0,2.0,199244.89957566326,0.0,199244.89957566326,0.61475681350622,0.0,0.61475681350622
B,2026-03-06T00:00:00+0000,317375.78112841677,6000.0,3.75,156016.59393823514,0.0,156016.59393823514,0.4915831743163402,0.0,0.4915831743163402
B,2026-03-07T00:00:00+0000,315841.9883210235,6000.0,5.75,156016.59393823514,0.0,156016.59393823514,0.49397040199626346,0.0,0.49397040199626346
B,2026-03-08T00:00:00+0000,313034.7967093076,6000.0,7.5,156016.59393823514,0.0,156016.59393823514,0.4984001637463847,0.0,0.4984001637463847
B,2026-03-09T00:00:00+0000,318265.72472200065,6000.0,4.25,156016.59393823514,0.0,156016.59393823514,0.4902085955831807,0.0,0.4902085955831807
B,2026-03-10T00:00:00+0000,321723.9922553228,6000.0,6.0,156016.59393823514,0.0,156016.59393823514,0.48493925754352535,0.0,0.48493925754352535
B,2026-03-11T00:00:00+0000,322503.44212699035,6000.0,2.75,156016.59393823514,0.0,156016.59393823514,0.48376722093031604,0.0,0.48376722093031604
B,2026-03-12T00:00:00+0000,323601.37621908943,6000.0,4.5,156016.59393823514,0.0,156016.59393823514,0.4821258665865699,0.0,0.4821258665865699
B,2026-03-13T00:00:00+0000,324015.66448989674,6000.0,1.25,236605.0743881943,0.0,236605.0743881943,0.7302272708348395,0.0,0.7302272708348395
B,2026-03-14T00:00:00+0000,324304.3916885854,6000.0,8.25,236605.0743881943,0.0,236605.0743881943,0.729577151750061,0.0,0.729577151750061
B,2026-03-15T00:00:00+0000,326530.59925265174,6000.0,5.0,236605.0743881943,0.0,236605.0743881943,0.7246030691448984,0.0,0.7246030691448984
B,2026-03-16T00:00:00+0000,330137.0097980953,6000.0,6.75,236605.0743881943,0.0,236605.0743881943,0.7166875187150233,0.0,0.7166875187150233
B,2026-03-17T00:00:00+0000,328956.0376983982,6000.0,3.5,236605.0743881943,0.0,236605.0743881943,0.7192604703158679,0.0,0.7192604703158679
B,2026-03-18T00:00:00+0000,325529.5028058984,6000.0,5.25,236605.0743881943,0.0,236605.0743881943,0.7268314310954281,0.0,0.7268314310954281
B,2026-03-19T00:00:00+0000,323742.4761852743,6000.0,2.0,236605.0743881943,0.0,236605.0743881943,0.7308434690935884,0.0,0.7308434690935884
B,2026-03-20T00:00:00+0000,324327.98934909597,6000.0,3.75,236605.0743881943,0.0,236605.0743881943,0.7295240687152671,0.0,0.7295240687152671
B,2026-03-21T00:00:00+0000,322355.78582758846,6000.0,5.75,236605.0743881943,0.0,236605.0743881943,0.7339873667251072,0.0,0.7339873667251072
B,2026-03-22T00:00:00+0000,320602.1326693662,6000.0,7.5,203492.4938787694,0.0,203492.4938787694,0.6347197137600741,0.0,0.6347197137600741
B,2026-03-23T00:00:00+0000,325702.55666895345,6000.0,4.25,203492.4938787694,0.0,203492.4938787694,0.6247801551204915,0.0,0.6247801551204915
B,2026-03-24T00:00:00+0000,325388.51879625436,6000.0,6.0,203492.4938787694,0.0,203492.4938787694,0.6253831408421281,0.0,0.6253831408421281
B,2026-03-25T00:00:00+0000,326497.1107986331,6000.0,2.75,203492.4938787694,0.0,203492.4938787694,0.6232597078149132,0.0,0.6232597078149132
B,2026-03-26T00:00:00+0000,321846.54481169675,6000.0,4.5,203492.4938787694,0.0,203492.4938787694,0.6322655848234352,0.0,0.6322655848234352
B,2026-03-27T00:00:00+0000,317995.27947688673,6000.0,1.25,203492.4938787694,0.0,203492.4938787694,0.6399230020443122,0.0,0.6399230020443122
B,2026-03-28T00:00:00+0000,318006.21290395164,6000.0,8.25,203492.4938787694,0.0,203492.4938787694,0.6399010007399787,0.0,0.6399010007399787
B,2026-03-29T00:00:00+0000,317546.3012820821,6000.0,5.0,232463.2879668098,0.0,232463.2879668098,0.7320610790560224,0.0,0.7320610790560224
B,2026-03-30T00:00:00+0000,319148.7351745942,6000.0,6.75,200368.21268827532,0.0,200368.21268827532,0.6278207951495137,0.0,0.6278207951495137
B,2026-03-31T00:00:00+0000,322257.1382288074,6000.0,3.5,200368.21268827532,0.0,200368.21268827532,0.6217650097358305,0.0,0.6217650097358305
B,2026-04-01T00:00:00+0000,322674.8977554932,6000.0,5.25,200368.21268827532,0.0,200368.21268827532,0.62096002534447,0.0,0.62096002534447
B,2026-04-02T00:00:00+0000,319836.98535713035,6000.0,2.0,200368.21268827532,0.0,200368.21268827532,0.6264698013725459,0.0,0.6264698013725459
B,2026-04-03T00:00:00+0000,319863.6694750995,6000.0,3.75,200368.21268827532,0.0,200368.21268827532,0.6264175391255975,0.0,0.6264175391255975
B,2026-04-04T00:00:00+0000,320469.24049869867,6000.0,5.75,200368.21268827532,0.0,200368.21268827532,0.6252338364096099,0.0,0.6252338364096099
B,2026-04-05T00:00:00+0000,323272.5660747144,6000.0,7.5,200368.21268827532,0.0,200368.21268827532,0.6198119906097025,0.0,0.6198119906097025
B,2026-04-06T00:00:00+0000,323046.31378424866,6000.0,4.25,236405.8348809596,0.0,236405.8348809596,0.7318016791822821,0.0,0.7318016791822821
B,2026-04-07T00:00:00+0000,327078.7898635433,6000.0,6.0,236405.8348809596,0.0,236405.8348809596,0.7227794715138444,0.0,0.7227794715138444
B,2026-04-08T00:00:00+0000,325829.6866817413,6000.0,2.75,236405.8348809596,0.0,236405.8348809596,0.7255503244302974,0.0,0.7255503244302974
B,2026-04-09T00:00:00+0000,326445.32697270747,6000.0,4.5,236405.8348809596,0.0,236405.8348809596,0.7241820156326647,0.0,0.7241820156326647
B,2026-04-10T00:00:00+0000,328039.93731133256,6000.0,1.25,236405.8348809596,0.0,236405.8348809596,0.7206617487449223,0.0,0.7206617487449223
B,2026-04-11T00:00:00+0000,328555.2041351243,6000.0,8.25,236405.8348809596,0.0,236405.8348809596,0.7195315487492123,0.0,0.7195315487492123
B,2026-04-12T00:00:00+0000,325619.129630158,6000.0,5.0,236405.8348809596,0.0,236405.8348809596,0.7260194913900546,0.0,0.7260194913900546
B,2026-04-13T00:00:00+0000,330654.1777873483,6000.0,6.75,236405.8348809596,0.0,236405.8348809596,0.7149640039721438,0.0,0.7149640039721438
B,2026-04-14T00:00:00+0000,329912.5349533035,6000.0,3.5,236405.8348809596,0.0,236405.8348809596,0.7165712418730041,0.0,0.7165712418730041
B,2026-04-15T00:00:00+0000,330902.9544543348,6000.0,5.25,236405.8348809596,0.0,236405.8348809596,0.7144264857676996,0.0,0.7144264857676996
B,2026-04-16T00:00:00+0000,331074.9988516435,6000.0,2.0,236405.8348809596,0.0,236405.8348809596,0.7140552312948714,0.0,0.7140552312948714
B,2026-04-17T00:00:00+0000,333468.8118775333,6000.0,3.75,236405.8348809596,0.0,236405.8348809596,0.7089293704857167,0.0,0.7089293704857167
B,2026-04-18T00:00:00+0000,331572.87321087153,6000.0,5.75,236405.8348809596,0.0,236405.8348809596,0.7129830392687515,0.0,0.7129830392687515
B,2026-04-19T00:00:00+0000,329048.37033010635,6000.0,7.5,236405.8348809596,0.0,236405.8348809596,0.718453140016447,0.0,0.718453140016447
B,2026-04-20T00:00:00+0000,331323.6770219853,6000.0,4.25,236405.8348809596,0.0,236405.8348809596,0.7135192902778049,0.0,0.7135192902778049
B,2026-04-21T00:00:00+0000,331896.3647495927,6000.0,6.0,236405.8348809596,0.0,236405.8348809596,0.7122881115595276,0.0,0.7122881115595276
B,2026-04-22T00:00:00+0000,333966.83493967075,6000.0,2.75,236405.8348809596,0.0,236405.8348809596,0.7078721901342838,0.0,0.7078721901342838
B,2026-04-23T00:00:00+0000,333566.2694870715,6000.0,4.5,236405.8348809596,0.0,236405.8348809596,0.7087222435424404,0.0,0.7087222435424404
B,2026-04-24T00:00:00+0000,332722.7355721935,6000.0,1.25,236405.8348809596,0.0,236405.8348809596,0.7105190286272599,0.0,0.7105190286272599
B,2026-04-25T00:00:00+0000,332941.74743778596,6000.0,8.25,236405.8348809596,0.0,236405.8348809596,0.7100516432687216,0.0,0.7100516432687216
B,2026-04-26T00:00:00+0000,334366.9148640544,6000.0,5.0,236405.8348809596,0.0,236405.8348809596,0.7070252000772163,0.0,0.7070252000772163
B,2026-04-27T00:00:00+0000,332579.305421964,6000.0,6.75,236405.8348809596,0.0,236405.8348809596,0.7108254513341318,0.0,0.7108254513341318
B,2026-04-28T00:00:00+0000,331571.785735887,6000.0,3.5,236405.8348809596,0.0,236405.8348809596,0.7129853776800789,0.0,0.7129853776800789
B,2026-04-29T00:00:00+0000,330711.2224459776,6000.0,5.25,236405.8348809596,0.0,236405.8348809596,0.7148406792260489,0.0,0.7148406792260489
B,2026-04-30T00:00:00+0000,331249.44686952117,6000.0,2.0,236405.8348809596,0.0,236405.8348809596,0.7136791838148476,0.0,0.7136791838148476
B,2026-05-01T00:00:00+0000,333261.68711788434,6000.0,3.75,236405.8348809596,0.0,236405.8348809596,0.7093699756652074,0.0,0.7093699756652074
B,2026-05-02T00:00:00+0000,333890.2194500499,6000.0,5.75,236405.8348809596,0.0,236405.8348809596,0.7080346206916251,0.0,0.7080346206916251
B,2026-05-03T00:00:00+0000,333865.08104060625,6000.0,7.5,236405.8348809596,0.0,236405.8348809596,0.7080879322393311,0.0,0.7080879322393311
B,2026-05-04T00:00:00+0000,335231.35746000573,6000.0,4.25,236405.8348809596,0.0,236405.8348809596,0.7052020332231708,0.0,0.7052020332231708
B,2026-05-05T00:00:00+0000,336270.07271089184,6000.0,6.0,236405.8348809596,0.0,236405.8348809596,0.7030237123843295,0.0,0.7030237123843295
B,2026-05-06T00:00:00+0000,336628.12572964706,6000.0,2.75,236405.8348809596,0.0,236405.8348809596,0.7022759443185147,0.0,0.7022759443185147
B,2026-05-07T00:00:00+0000,334773.6531334965,6000.0,4.5,236405.8348809596,0.0,236405.8348809596,0.706166189209307,0.0,0.706166189209307
B,2026-05-08T00:00:00+0000,335118.3632269229,6000.0,1.25,236405.8348809596,0.0,236405.8348809596,0.705439811189574,0.0,0.705439811189574
B,2026-05-09T00:00:00+0000,335750.8008138007,6000.0,8.25,236405.8348809596,0.0,236405.8348809596,0.7041110082476454,0.0,0.7041110082476454
B,2026-05-10T00:00:00+0000,337542.2775455675,6000.0,5.0,236405.8348809596,0.0,236405.8348809596,0.7003739993697391,0.0,0.7003739993697391
B,2026-05-11T00:00:00+0000,336819.4497666986,6000.0,6.75,236405.8348809596,0.0,236405.8348809596,0.7018770295026266,0.0,0.7018770295026266
B,2026-05-12T00:00:00+0000,335075.54301899316,6000.0,3.5,236405.8348809596,0.0,236405.8348809596,0.7055299612468563,0.0,0.7055299612468563
B,2026-05-13T00:00:00+0000,333906.85960407753,6000.0,5.25,236405.8348809596,0.0,236405.8348809596,0.707999335986306,0.0,0.707999335986306
B,2026-05-14T00:00:00+0000,335682.90979308175,6000.0,2.0,236405.8348809596,0.0,236405.8348809596,0.7042534129207902,0.0,0.7042534129207902
B,2026-05-15T00:00:00+0000,333388.8066395291,6000.0,3.75,236405.8348809596,0.0,236405.8348809596,0.7090994963624238,0.0,0.7090994963624238
B,2026-05-16T00:00:00+0000,332106.89089476364,6000.0,5.75,236405.8348809596,0.0,236405.8348809596,0.7118365844323016,0.0,0.7118365844323016
B,2026-05-17T00:00:00+0000,330991.37925461243,6000.0,7.5,236405.8348809596,0.0,236405.8348809596,0.7142356257535829,0.0,0.7142356257535829
B,2026-05-18T00:00:00+0000,330609.72456520656,6000.0,7.75,236405.8348809596,0.0,236405.8348809596,0.7150601368180051,0.0,0.7150601368180051
B,2026-05-19T00:00:00+0000,330281.2573255266,6000.0,2.5,236405.8348809596,0.0,236405.8348809596,0.7157712695999489,0.0,0.7157712695999489
B,2026-05-20T00:00:00+0000,331089.78832505917,6000.0,2.5,236405.8348809596,0.0,236405.8348809596,0.7140233351107155,0.0,0.7140233351107155
B,2026-05-21T00:00:00+0000,331202.51581939624,6000.0,2.5,236405.8348809596,0.0,236405.8348809596,0.713780311408839,0.0,0.713780311408839
B,2026-05-22T00:00:00+0000,328720.0378584007,6000.0,2.5,236405.8348809596,0.0,236405.8348809596,0.7191707460887846,0.0,0.7191707460887846
B,2026-05-23T00:00:00+0000,330323.38905286085,6000.0,2.5,236405.8348809596,0.0,236405.8348809596,0.7156799751867651,0.0,0.7156799751867651
B,2026-05-24T00:00:00+0000,330402.22880923987,6000.0,2.5,236405.8348809596,0.0,236405.8348809596,0.7155092014147708,0.0,0.7155092014147708
B,2026-05-25T00:00:00+0000,330775.5327767414,6000.0,2.5,236405.8348809596,0.0,236405.8348809596,0.7147016978445104,0.0,0.7147016978445104
B,2026-05-26T00:00:00+0000,329183.37226940703,6000.0,2.5,236405.8348809596,0.0,236405.8348809596,0.7181584940064428,0.0,0.7181584940064428
B,2026-05-27T00:00:00+0000,327409.2228617038,6000.0,2.5,236405.8348809596,0.0,236405.8348809596,0.7220500168402904,0.0,0.7220500168402904
B,2026-05-28T00:00:00+0000,326556.3669481506,6000.0,2.5,236405.8348809596,0.0,236405.8348809596,0.7239357697732325,0.0,0.7239357697732325
B,2026-05-29T00:00:00+0000,326487.72627680795,6000.0,2.5,236405.8348809596,0.0,236405.8348809596,0.724087969789487,0.0,0.724087969789487
B,2026-05-30T00:00:00+0000,326943.466182714,6000.0,2.5,236405.8348809596,0.0,236405.8348809596,0.72307863387257,0.0,0.72307863387257
B,2026-05-31T00:00:00+0000,326608.1046079055,6000.0,2.5,236405.8348809596,0.0,236405.8348809596,0.7238210918396096,0.0,0.7238210918396096
B,2026-06-01T00:00:00+0000,324710.68964046205,6000.0,3.5,236405.8348809596,0.0,236405.8348809596,0.7280506691748321,0.0,0.7280506691748321
B,2026-06-02T00:00:00+0000,319185.00444447156,6000.0,5.5,236405.8348809596,0.0,236405.8348809596,0.74065457834529,0.0,0.74065457834529
B,2026-06-03T00:00:00+0000,316475.32626654394,6000.0,7.25,236405.8348809596,0.0,236405.8348809596,0.7469961013069698,0.0,0.7469961013069698
B,2026-06-04T00:00:00+0000,315335.320743229,6000.0,4.25,199665.23173288887,0.0,199665.23173288887,0.6331838477918943,0.0,0.6331838477918943
B,2026-06-05T00:00:00+0000,310487.9282730387,6000.0,4.5,230461.91386114582,0.0,230461.91386114582,0.7422572437614414,0.0,0.7422572437614414
B,2026-06-06T00:00:00+0000,309953.98219459306,6000.0,4.5,195778.1761437252,0.0,195778.1761437252,0.6316362666404239,0.0,0.6316362666404239
B,2026-06-07T00:00:00+0000,315489.21188460616,6000.0,4.5,195778.1761437252,0.0,195778.1761437252,0.6205542654667169,0.0,0.6205542654667169
B,2026-06-08T00:00:00+0000,315192.78163840034,6000.0,4.5,195778.1761437252,0.0,195778.1761437252,0.62113787989069,0.0,0.62113787989069
B,2026-06-09T00:00:00+0000,312469.02362616063,6000.0,4.5,195778.1761437252,0.0,195778.1761437252,0.6265522702754533,0.0,0.6265522702754533
B,2026-06-10T00:00:00+0000,311841.40883091174,6000.0,4.5,195778.1761437252,0.0,195778.1761437252,0.6278132749518235,0.0,0.6278132749518235
B,2026-06-11T00:00:00+0000,315558.6336887897,6000.0,4.5,195778.1761437252,0.0,195778.1761437252,0.6204177456821086,0.0,0.6204177456821086
B,2026-06-12T00:00:00+0000,315369.3408060921,6000.0,4.5,195778.1761437252,0.0,195778.1761437252,0.6207901365532591,0.0,0.6207901365532591
B,2026-06-13T00:00:00+0000,316314.3278463811,6000.0,4.5,230483.0605486099,0.0,230483.0605486099,0.7286519776636379,0.0,0.7286519776636379
B,2026-06-14T00:00:00+0000,318703.8241933852,6000.0,4.5,199569.08884982107,0.0,199569.08884982107,0.6261898154341732,0.0,0.6261898154341732
B,2026-06-15T00:00:00+0000,320793.044838776,6000.0,4.5,199569.08884982107,0.0,199569.08884982107,0.6221116450642513,0.0,0.6221116450642513
B,2026-06-16T00:00:00+0000,319953.1251637374,6000.0,4.5,199569.08884982107,0.0,199569.08884982107,0.6237447711995022,0.0,0.6237447711995022
B,2026-06-17T00:00:00+0000,317728.98036010156,6000.0,4.5,199569.08884982107,0.0,199569.08884982107,0.6281110669339551,0.0,0.6281110669339551
B,2026-06-18T00:00:00+0000,315094.59158504347,6000.0,4.5,199569.08884982107,0.0,199569.08884982107,0.6333624701265548,0.0,0.6333624701265548
B,2026-06-19T00:00:00+0000,315816.96846413024,6000.0,4.5,199569.08884982107,0.0,199569.08884982107,0.6319137626466313,0.0,0.6319137626466313
B,2026-06-20T00:00:00+0000,317324.2561353191,6000.0,4.5,199569.08884982107,0.0,199569.08884982107,0.6289121773430305,0.0,0.6289121773430305
B,2026-06-21T00:00:00+0000,315977.8570794581,6000.0,4.5,231951.71909467646,0.0,231951.71909467646,0.7340758660704133,0.0,0.7340758660704133
B,2026-06-22T00:00:00+0000,317220.0386865945,6000.0,4.5,199348.66198135327,0.0,199348.66198135327,0.6284239255714383,0.0,0.6284239255714383
B,2026-06-23T00:00:00+0000,314466.64823315176,6000.0,4.5,199348.66198135327,0.0,199348.66198135327,0.633926246555572,0.0,0.633926246555572
B,2026-06-24T00:00:00+0000,311578.74996179424,6000.0,4.5,199348.66198135327,0.0,199348.66198135327,0.6398018542849838,0.0,0.6398018542849838
B,2026-06-25T00:00:00+0000,308958.8481679101,6000.0,4.5,199348.66198135327,0.0,199348.66198135327,0.6452272306278573,0.0,0.6452272306278573
B,2026-06-26T00:00:00+0000,309553.31318220973,6000.0,4.5,199348.66198135327,0.0,199348.66198135327,0.6439881386894165,0.0,0.6439881386894165
B,2026-06-27T00:00:00+0000,309389.66043268866,6000.0,4.5,199348.66198135327,0.0,199348.66198135327,0.6443287784813478,0.0,0.6443287784813478
B,2026-06-28T00:00:00+0000,308812.00055978907,6000.0,4.5,199348.66198135327,0.0,199348.66198135327,0.6455340518502855,0.0,0.6455340518502855
B,2026-06-29T00:00:00+0000,309980.9642249461,6000.0,4.5,225574.4619366115,0.0,225574.4619366115,0.7277042398413771,0.0,0.7277042398413771
B,2026-06-30T00:00:00+0000,307059.2903637425,6000.0,4.5,195453.08651958118,0.0,195453.08651958118,0.6365320726431934,0.0,0.6365320726431934
B,2026-07-01T00:00:00+0000,309592.8435646809,6000.0,4.5,195453.08651958118,0.0,195453.08651958118,0.6313230120861842,0.0,0.6313230120861842
B,2026-07-02T00:00:00+0000,313392.323941299,6000.0,0.0,195453.08651958118,0.0,195453.08651958118,0.6236690294820085,0.0,0.6236690294820085
B,2026-07-03T00:00:00+0000,315866.9029176073,6000.0,7.0,195453.08651958118,0.0,195453.08651958118,0.6187830529701442,0.0,0.6187830529701442
B,2026-07-04T00:00:00+0000,317040.8710572091,6000.0,3.75,195453.08651958118,0.0,195453.08651958118,0.6164917660862478,0.0,0.6164917660862478
B,2026-07-05T00:00:00+0000,317789.4666968526,6000.0,5.5,195453.08651958118,0.0,195453.08651958118,0.6150395371852548,0.0,0.6150395371852548
B,2026-07-06T00:00:00+0000,318577.778578066,6000.0,2.25,195453.08651958118,0.0,195453.08651958118,0.6135176389011273,0.0,0.6135176389011273
B,2026-07-07T00:00:00+0000,317164.0491879831,6000.0,4.0,195453.08651958118,0.0,195453.08651958118,0.616252336984562,0.0,0.616252336984562
B,2026-07-08T00:00:00+0000,315258.24112464476,6000.0,0.75,195453.08651958118,0.0,195453.08651958118,0.6199777230956008,0.0,0.6199777230956008
B,2026-07-09T00:00:00+0000,316481.3312831243,6000.0,2.5,195453.08651958118,0.0,195453.08651958118,0.6175817250488269,0.0,0.6175817250488269
B,2026-07-10T00:00:00+0000,318721.0007040151,6000.0,4.5,195453.08651958118,0.0,195453.08651958118,0.6132419454251512,0.0,0.6132419454251512
B,2026-07-11T00:00:00+0000,318116.9823915666,6000.0,6.25,195453.08651958118,0.0,195453.08651958118,0.6144063264091955,0.0,0.6144063264091955
B,2026-07-12T00:00:00+0000,318470.5344629375,6000.0,3.0,195453.08651958118,0.0,195453.08651958118,0.6137242393529104,0.0,0.6137242393529104
B,2026-07-13T00:00:00+0000,316053.4416567661,6000.0,4.75,195453.08651958118,0.0,195453.08651958118,0.6184178393850339,0.0,0.6184178393850339
B,2026-07-14T00:00:00+0000,321825.05369314906,6000.0,1.5,195453.08651958118,0.0,195453.08651958118,0.6073271309260467,0.0,0.6073271309260467
B,2026-07-15T00:00:00+0000,322009.6192793437,6000.0,3.25,195453.08651958118,0.0,195453.08651958118,0.6069790304929538,0.0,0.6069790304929538
B,2026-07-16T00:00:00+0000,319769.53223331657,6000.0,0.0,195453.08651958118,0.0,195453.08651958118,0.6112311112147196,0.0,0.6112311112147196
B,2026-07-17T00:00:00+0000,319441.23968794977,6000.0,7.0,195453.08651958118,0.0,195453.08651958118,0.6118592787534635,0.0,0.6118592787534635
B,2026-07-18T00:00:00+0000,321009.68559410685,6000.0,3.75,195453.08651958118,0.0,195453.08651958118,0.6088697484558682,0.0,0.6088697484558682
B,2026-07-19T00:00:00+0000,321079.1187102881,6000.0,5.5,195453.08651958118,0.0,195453.08651958118,0.608738080834026,0.0,0.608738080834026
B,2026-07-20T00:00:00+0000,322427.8413610023,6000.0,2.25,195453.08651958118,0.0,195453.08651958118,0.606191716244332,0.0,0.606191716244332
B,2026-07-21T00:00:00+0000,324591.3489107571,6000.0,4.0,195453.08651958118,0.0,195453.08651958118,0.6021512501040774,0.0,0.6021512501040774
B,2026-07-22T00:00:00+0000,324134.65856869996,6000.0,0.75,195453.08651958118,0.0,195453.08651958118,0.6029996526217054,0.0,0.6029996526217054
B,2026-07-23T00:00:00+0000,321724.9221020984,6000.0,2.5,195453.08651958118,0.0,195453.08651958118,0.6075161515076993,0.0,0.6075161515076993
B,2026-07-24T00:00:00+0000,320185.5322455537,6000.0,4.5,195453.08651958118,0.0,195453.08651958118,0.6104369711798412,0.0,0.6104369711798412
B,2026-07-25T00:00:00+0000,320768.7892563513,6000.0,6.25,195453.08651958118,0.0,195453.08651958118,0.6093270076951889,0.0,0.6093270076951889
B,2026-07-26T00:00:00+0000,323707.5566832768,6000.0,3.0,195453.08651958118,0.0,195453.08651958118,0.6037952543406861,0.0,0.6037952543406861
B,2026-07-27T00:00:00+0000,320377.7593560104,6000.0,4.75,195453.08651958118,0.0,195453.08651958118,0.6100707081304906,0.0,0.6100707081304906
B,2026-07-28T00:00:00+0000,321200.0193836954,6000.0,1.5,195453.08651958118,0.0,195453.08651958118,0.6085089499515226,0.0,0.6085089499515226
B,2026-07-29T00:00:00+0000,321062.4165444408,6000.0,3.25,195453.08651958118,0.0,195453.08651958118,0.6087697483349845,0.0,0.6087697483349845
B,2026-07-30T00:00:00+0000,322229.4565782374,6000.0,0.0,195453.08651958118,0.0,195453.08651958118,0.6065649261091842,0.0,0.6065649261091842
B,2026-07-31T00:00:00+0000,318720.2631876466,6000.0,7.0,195453.08651958118,0.0,195453.08651958118,0.613243364462548,0.0,0.613243364462548
B,2026-08-01T00:00:00+0000,318288.463444212,6000.0,3.75,195453.08651958118,0.0,195453.08651958118,0.6140753089338383,0.0,0.6140753089338383
B,2026-08-02T00:00:00+0000,320068.9280837822,6000.0,5.5,195453.08651958118,0.0,195453.08651958118,0.6106593591878396,0.0,0.6106593591878396
B,2026-08-03T00:00:00+0000,319506.94518128666,6000.0,2.25,195453.08651958118,0.0,195453.08651958118,0.6117334520183343,0.0,0.6117334520183343
B,2026-08-04T00:00:00+0000,320445.9475009339,6000.0,4.0,195453.08651958118,0.0,195453.08651958118,0.6099408903244488,0.0,0.6099408903244488
B,2026-08-05T00:00:00+0000,321965.1460718883,6000.0,0.75,195453.08651958118,0.0,195453.08651958118,0.60706287281152,0.0,0.60706287281152
B,2026-08-06T00:00:00+0000,321449.16069257155,6000.0,2.5,195453.08651958118,0.0,195453.08651958118,0.6080373210447084,0.0,0.6080373210447084
B,2026-08-07T00:00:00+0000,322421.8994461078,6000.0,4.5,195453.08651958118,0.0,195453.08651958118,0.6062028877546849,0.0,0.6062028877546849
B,2026-08-08T00:00:00+0000,322536.08490980027,6000.0,6.25,195453.08651958118,0.0,195453.08651958118,0.6059882774798397,0.0,0.6059882774798397
B,2026-08-09T00:00:00+0000,322346.05081118323,6000.0,3.0,195453.08651958118,0.0,195453.08651958118,0.6063455284397742,0.0,0.6063455284397742
B,2026-08-10T00:00:00+0000,320415.4318175324,6000.0,4.75,195453.08651958118,0.0,195453.08651958118,0.6099989797959738,0.0,0.6099989797959738
B,2026-08-11T00:00:00+0000,320156.4027708895,6000.0,1.5,195453.08651958118,0.0,195453.08651958118,0.6104925118722409,0.0,0.6104925118722409
B,2026-08-12T00:00:00+0000,319960.20836872916,6000.0,3.25,195453.08651958118,0.0,195453.08651958118,0.6108668559633414,0.0,0.6108668559633414
B,2026-08-13T00:00:00+0000,320116.378216658,6000.0,0.0,195453.08651958118,0.0,195453.08651958118,0.6105688425204429,0.0,0.6105688425204429
B,2026-08-14T00:00:00+0000,319484.68224541214,6000.0,7.0,195453.08651958118,0.0,195453.08651958118,0.6117760799857187,0.0,0.6117760799857187
B,2026-08-15T00:00:00+0000,319559.0939616347,6000.0,3.75,195453.08651958118,0.0,195453.08651958118,0.6116336233668466,0.0,0.6116336233668466
B,2026-08-16T00:00:00+0000,319200.39484898373,6000.0,5.5,195453.08651958118,0.0,195453.08651958118,0.6123209421844594,0.0,0.6123209421844594
B,2026-08-17T00:00:00+0000,322039.44652666606,6000.0,2.25,195453.08651958118,0.0,195453.08651958118,0.6069228121822553,0.0,0.6069228121822553
B,2026-08-18T00:00:00+0000,322382.19421870564,6000.0,4.0,195453.08651958118,0.0,195453.08651958118,0.6062775488989471,0.0,0.6062775488989471
B,2026-08-19T00:00:00+0000,335093.7580971047,6000.0,0.75,195453.08651958118,0.0,195453.08651958118,0.583278804205425,0.0,0.583278804205425
B,2026-08-20T00:00:00+0000,341273.32424325036,6000.0,2.5,195453.08651958118,0.0,195453.08651958118,0.5727171526019055,0.0,0.5727171526019055
B,2026-08-21T00:00:00+0000,351874.1322476973,6000.0,4.5,195453.08651958118,0.0,195453.08651958118,0.5554630721817155,0.0,0.5554630721817155
B,2026-08-22T00:00:00+0000,348365.77812048414,6000.0,6.25,195453.08651958118,0.0,195453.08651958118,0.561057080790475,0.0,0.561057080790475
B,2026-08-23T00:00:00+0000,350048.2885904311,6000.0,3.0,195453.08651958118,0.0,195453.08651958118,0.5583603545288811,0.0,0.5583603545288811
B,2026-08-24T00:00:00+0000,352033.87102951447,6000.0,4.75,195453.08651958118,0.0,195453.08651958118,0.555211025427705,0.0,0.555211025427705
B,2026-08-25T00:00:00+0000,350657.0278148138,6000.0,1.5,195453.08651958118,0.0,195453.08651958118,0.5573910431443065,0.0,0.5573910431443065
B,2026-08-26T00:00:00+0000,352601.4128975242,6000.0,3.25,195453.08651958118,0.0,195453.08651958118,0.5543173662108533,0.0,0.5543173662108533
B,2026-08-27T00:00:00+0000,354242.11683435075,6000.0,0.0,195453.08651958118,0.0,195453.08651958118,0.551749995924336,0.0,0.551749995924336
B,2026-08-28T00:00:00+0000,349823.309790439,6000.0,7.0,195453.08651958118,0.0,195453.08651958118,0.5587194479312056,0.0,0.5587194479312056
B,2026-08-29T00:00:00+0000,350625.5347141521,6000.0,3.75,195453.08651958118,0.0,195453.08651958118,0.5574411078728894,0.0,0.5574411078728894
B,2026-08-30T00:00:00+0000,349106.3097619825,6000.0,5.5,195453.08651958118,0.0,195453.08651958118,0.5598669547188628,0.0,0.5598669547188628
B,2026-08-31T00:00:00+0000,351297.6953333707,6000.0,2.25,195453.08651958118,0.0,195453.08651958118,0.5563745197192432,0.0,0.5563745197192432
B,2026-09-01T00:00:00+0000,348858.9103503338,6000.0,4.0,195453.08651958118,0.0,195453.08651958118,0.5602639941840722,0.0,0.5602639941840722
B,2026-09-02T00:00:00+0000,348196.4564472631,6000.0,0.75,195453.08651958118,0.0,195453.08651958118,0.5613299127562603,0.0,0.5613299127562603
B,2026-09-03T00:00:00+0000,348746.8528777533,6000.0,4.75,195453.08651958118,0.0,195453.08651958118,0.5604440152126436,0.0,0.5604440152126436
D,2020-01-01T00:00:00+0000,20063.175550206626,6000.0,7.0,0.0,0.0,0.0,0.0,0.0,0.0
D,2020-01-02T00:00:00+0000,19643.901205758946,6000.0,3.75,0.0,0.0,0.0,0.0,0.0,0.0
D,2020-01-03T00:00:00+0000,20408.390391094057,6000.0,5.5,0.0,0.0,0.0,0.0,0.0,0.0
D,2020-01-04T00:00:00+0000,20425.4424771834,6000.0,2.25,0.0,0.0,0.0,0.0,0.0,0.0
D,2020-01-05T00:00:00+0000,20490.676950414807,6000.0,4.0,0.0,0.0,0.0,0.0,0.0,0.0
D,2020-01-06T00:00:00+0000,21347.556865729748,6000.0,0.75,0.0,0.0,0.0,0.0,0.0,0.0
D,2020-01-07T00:00:00+0000,21777.267470902556,6000.0,2.5,0.0,0.0,0.0,0.0,0.0,0.0
D,2020-01-08T00:00:00+0000,21595.219563922845,6000.0,4.5,0.0,0.0,0.0,0.0,0.0,0.0
D,2020-01-09T00:00:00+0000,21194.242063985315,6000.0,6.25,0.0,0.0,0.0,0.0,0.0,0.0
D,2020-01-10T00:00:00+0000,21960.729948160275,6000.0,3.0,0.0,0.0,0.0,0.0,0.0,0.0
D,2020-01-11T00:00:00+0000,21655.38752696415,6000.0,4.75,0.0,0.0,0.0,0.0,0.0,0.0
D,2020-01-12T00:00:00+0000,22039.896360324623,6000.0,1.5,0.0,0.0,0.0,0.0,0.0,0.0
D,2020-01-13T00:00:00+0000,21839.15309775256,6000.0,3.25,0.0,0.0,0.0,0.0,0.0,0.0
D,2020-01-14T00:00:00+0000,23614.177694105052,6000.0,0.0,0.0,0.0,0.0,0.0,0.0,0.0
D,2020-01-15T00:00:00+0000,23671.407280329164,6000.0,7.0,0.0,0.0,0.0,0.0,0.0,0.0
D,2020-01-16T00:00:00+0000,23468.94376892053,6000.0,3.75,0.0,0.0,0.0,0.0,0.0,0.0
D,2020-01-17T00:00:00+0000,23950.33674686052,6000.0,5.5,0.0,0.0,0.0,0.0,0.0,0.0
D,2020-01-18T00:00:00+0000,24142.11632086055,6000.0,0.75,0.0,0.0,0.0,0.0,0.0,0.0
D,2020-01-19T00:00:00+0000,23588.024931971337,6000.0,2.5,0.0,0.0,0.0,0.0,0.0,0.0
D,2020-01-20T00:00:00+0000,23530.155088931133,6000.0,4.5,0.0,0.0,0.0,0.0,0.0,0.0
D,2020-01-21T00:00:00+0000,23765.630946236186,6000.0,6.25,0.0,0.0,0.0,0.0,0.0,0.0
D,2020-01-22T00:00:00+0000,23652.870324622774,6000.0,3.0,0.0,0.0,0.0,0.0,0.0,0.0
D,2020-01-23T00:00:00+0000,23104.851968237093,6000.0,4.75,0.0,0.0,0.0,0.0,0.0,0.0
D,2020-01-24T00:00:00+0000,23148.38254190061,6000.0,1.5,0.0,0.0,0.0,0.0,0.0,0.0
D,2020-01-25T00:00:00+0000,22948.248515183936,6000.0,3.25,0.0,0.0,0.0,0.0,0.0,0.0
D,2020-01-26T00:00:00+0000,23610.29953481302,6000.0,0.0,0.0,0.0,0.0,0.0,0.0,0.0
D,2020-01-27T00:00:00+0000,24076.507386279285,6000.0,7.0,0.0,0.0,0.0,0.0,0.0,0.0
D,2020-01-28T00:00:00+0000,24897.073163086337,6000.0,3.75,0.0,0.0,0.0,0.0,0.0,0.0
D,2020-01-29T00:00:00+0000,24739.389400361055,6000.0,5.5,0.0,0.0,0.0,0.0,0.0,0.0
D,2020-01-30T00:00:00+0000,25468.67769732609,6000.0,2.25,0.0,0.0,0.0,0.0,0.0,0.0
D,2020-01-31T00:00:00+0000,25086.80031521262,6000.0,4.0,0.0,0.0,0.0,0.0,0.0,0.0
D,2020-02-01T00:00:00+0000,25287.944047181532,6000.0,0.75,0.0,0.0,0.0,0.0,0.0,0.0
D,2020-02-02T00:00:00+0000,25434.693120390464,6000.0,1.5,0.0,0.0,0.0,0.0,0.0,0.0
D,2020-02-03T00:00:00+0000,25449.62018770761,6000.0,1.5,0.0,0.0,0.0,0.0,0.0,0.0
D,2020-02-04T00:00:00+0000,25310.566873257452,6000.0,1.5,0.0,0.0,0.0,0.0,0.0,0.0
D,2020-02-05T00:00:00+0000,26457.41771525622,6000.0,1.5,0.0,0.0,0.0,0.0,0.0,0.0
D,2020-02-06T00:00:00+0000,27059.716392500588,6000.0,1.5,0.0,0.0,0.0,0.0,0.0,0.0
D,2020-02-07T00:00:00+0000,27544.70605899513,6000.0,1.5,0.0,0.0,0.0,0.0,0.0,0.0
D,2020-02-08T00:00:00+0000,27646.87384471896,6000.0,1.5,0.0,0.0,0.0,0.0,0.0,0.0
D,2020-02-09T00:00:00+0000,28206.068386026604,6000.0,1.5,0.0,0.0,0.0,0.0,0.0,0.0
D,2020-02-10T00:00:00+0000,27609.73412165188,6000.0,1.5,0.0,0.0,0.0,0.0,0.0,0.0
D,2020-02-11T00:00:00+0000,28660.414648814753,6000.0,1.5,0.0,0.0,0.0,0.0,0.0,0.0
D,2020-02-12T00:00:00+0000,30007.82524470115,6000.0,1.5,0.0,0.0,0.0,0.0,0.0,0.0
D,2020-02-13T00:00:00+0000,30005.119170282313,6000.0,1.5,0.0,0.0,0.0,0.0,0.0,0.0
D,2020-02-14T00:00:00+0000,30860.035696247734,6000.0,1.5,0.0,0.0,0.0,0.0,0.0,0.0
D,2020-02-15T00:00:00+0000,29477.054307039736,6000.0,1.5,0.0,0.0,0.0,0.0,0.0,0.0
D,2020-02-16T00:00:00+0000,29254.672963949404,6000.0,1.5,0.0,0.0,0.0,0.0,0.0,0.0
D,2020-02-17T00:00:00+0000,29373.661956850934,6000.0,1.5,0.0,0.0,0.0,0.0,0.0,0.0
D,2020-02-18T00:00:00+0000,30577.732726334652,6000.0,1.5,0.0,0.0,0.0,0.0,0.0,0.0
D,2020-02-19T00:00:00+0000,28864.82856673168,6000.0,1.5,0.0,0.0,0.0,0.0,0.0,0.0
D,2020-02-20T00:00:00+0000,28818.31956815529,6000.0,1.5,0.0,0.0,0.0,0.0,0.0,0.0
D,2020-02-21T00:00:00+0000,29277.290966877903,6000.0,1.5,0.0,0.0,0.0,0.0,0.0,0.0
D,2020-02-22T00:00:00+0000,29102.54349361254,6000.0,1.5,0.0,0.0,0.0,0.0,0.0,0.0
D,2020-02-23T00:00:00+0000,30012.694943320104,6000.0,1.5,0.0,0.0,0.0,0.0,0.0,0.0
D,2020-02-24T00:00:00+0000,29296.836556717957,6000.0,1.5,0.0,0.0,0.0,0.0,0.0,0.0
D,2020-02-25T00:00:00+0000,28093.73879038865,6000.0,1.5,0.0,0.0,0.0,0.0,0.0,0.0
D,2020-02-26T00:00:00+0000,26486.487072441265,6000.0,1.5,0.0,0.0,0.0,0.0,0.0,0.0
D,2020-02-27T00:00:00+0000,26706.96899888591,6000.0,1.5,0.0,0.0,0.0,0.0,0.0,0.0
D,2020-02-28T00:00:00+0000,26528.856881522635,6000.0,1.5,2007.5545049511093,0.0,2007.5545049511093,0.07567436900567594,0.0,0.07567436900567594
D,2020-02-29T00:00:00+0000,25983.83568946152,6000.0,1.5,2007.5545049511093,0.0,2007.5545049511093,0.07726166871372765,0.0,0.07726166871372765
D,2020-03-01T00:00:00+0000,26017.03759944283,6000.0,1.5,5689.013071208381,0.0,5689.013071208381,0.2186649056205467,0.0,0.2186649056205467
D,2020-03-02T00:00:00+0000,26812.16489283179,6000.0,1.5,5689.013071208381,0.0,5689.013071208381,0.2121802955467178,0.0,0.2121802955467178
D,2020-03-03T00:00:00+0000,26432.956513167686,6000.0,1.5,5689.013071208381,0.0,5689.013071208381,0.2152242435829823,0.0,0.2152242435829823
D,2020-03-04T00:00:00+0000,26448.044077315,6000.0,1.5,5689.013071208381,0.0,5689.013071208381,0.2151014666558257,0.0,0.2151014666558257
D,2020-03-05T00:00:00+0000,26855.74106157504,6000.0,1.5,5689.013071208381,0.0,5689.013071208381,0.21183601145708733,0.0,0.21183601145708733
D,2020-03-06T00:00:00+0000,27460.26879126827,6000.0,1.5,5689.013071208381,0.0,5689.013071208381,0.20717251948449084,0.0,0.20717251948449084
D,2020-03-07T00:00:00+0000,27014.462923826624,6000.0,1.5,5689.013071208381,0.0,5689.013071208381,0.21059138163323243,0.0,0.21059138163323243
D,2020-03-08T00:00:00+0000,25076.225891860275,6000.0,1.5,5689.013071208381,0.0,5689.013071208381,0.22686879180869998,0.0,0.22686879180869998
D,2020-03-09T00:00:00+0000,25105.252716230476,6000.0,1.5,5689.013071208381,0.0,5689.013071208381,0.2266064849261784,0.0,0.2266064849261784
D,2020-03-10T00:00:00+0000,25019.018737801587,6000.0,1.5,5689.013071208381,0.0,5689.013071208381,0.22738753788983623,0.0,0.22738753788983623
D,2020-03-11T00:00:00+0000,24872.432434489365,6000.0,1.5,5689.013071208381,0.0,5689.013071208381,0.22872765203775203,0.0,0.22872765203775203
D,2020-03-12T00:00:00+0000,19358.180448425494,6000.0,1.5,5689.013071208381,0.0,5689.013071208381,0.2938816014431304,0.0,0.2938816014431304
D,2020-03-13T00:00:00+0000,20342.55443599577,6000.0,1.5,8509.884052803754,0.0,8509.884052803754,0.41832917687788873,0.0,0.41832917687788873
D,2020-03-14T00:00:00+0000,19788.616894588962,6000.0,1.5,7218.345919585656,0.0,7218.345919585656,0.3647726345927418,0.0,0.3647726345927418
D,2020-03-15T00:00:00+0000,19958.0745245621,6000.0,1.5,7218.345919585656,0.0,7218.345919585656,0.36167546677421947,0.0,0.36167546677421947
D,2020-03-16T00:00:00+0000,19422.56266851956,6000.0,1.5,7218.345919585656,0.0,7218.345919585656,0.371647451614883,0.0,0.371647451614883
D,2020-03-17T00:00:00+0000,19743.04634334801,6000.0,1.5,7218.345919585656,0.0,7218.345919585656,0.3656145963521845,0.0,0.3656145963521845
D,2020-03-18T00:00:00+0000,19871.75297982421,6000.0,1.5,7218.345919585656,0.0,7218.345919585656,0.36324656042747927,0.0,0.36324656042747927
D,2020-03-19T00:00:00+0000,20867.754750628217,6000.0,1.5,7218.345919585656,0.0,7218.345919585656,0.34590908345653953,0.0,0.34590908345653953
D,2020-03-20T00:00:00+0000,20838.513060376314,6000.0,1.5,7218.345919585656,0.0,7218.345919585656,0.3463944811547558,0.0,0.3463944811547558
D,2020-03-21T00:00:00+0000,20815.04199476913,6000.0,1.5,7218.345919585656,0.0,7218.345919585656,0.346785075975328,0.0,0.346785075975328
D,2020-03-22T00:00:00+0000,20310.126564920454,6000.0,1.5,7218.345919585656,0.0,7218.345919585656,0.35540625000600173,0.0,0.35540625000600173
D,2020-03-23T00:00:00+0000,21114.283561603726,6000.0,1.5,7218.345919585656,0.0,7218.345919585656,0.34187027461884617,0.0,0.34187027461884617
D,2020-03-24T00:00:00+0000,21379.669650984913,6000.0,7.0,7218.345919585656,0.0,7218.345919585656,0.3376266349023369,0.0,0.3376266349023369
D,2020-03-25T00:00:00+0000,21286.40284220037,6000.0,3.0,7218.345919585656,0.0,7218.345919585656,0.33910595289849815,0.0,0.33910595289849815
D,2020-03-26T00:00:00+0000,21398.656887905687,6000.0,4.75,7218.345919585656,0.0,7218.345919585656,0.33732705549689873,0.0,0.33732705549689873
D,2020-03-27T00:00:00+0000,20968.902375798105,6000.0,1.5,7218.345919585656,0.0,7218.345919585656,0.34424052295254753,0.0,0.34424052295254753
D,2020-03-28T00:00:00+0000,20916.730134076064,6000.0,3.25,9721.8570424528,0.0,9721.8570424528,0.4647885678179992,0.0,0.4647885678179992
D,2020-03-29T00:00:00+0000,20650.654321581587,6000.0,2.75,9721.8570424528,0.0,9721.8570424528,0.47077719141774027,0.0,0.47077719141774027
D,2020-03-30T00:00:00+0000,21206.268752497002,6000.0,2.75,7416.6022352058535,0.0,7416.6022352058535,0.34973631249168063,0.0,0.34973631249168063
D,2020-03-31T00:00:00+0000,21246.164498406783,6000.0,4.5,7416.6022352058535,0.0,7416.6022352058535,0.34907958261181743,0.0,0.34907958261181743
D,2020-04-01T00:00:00+0000,21495.31150567267,6000.0,5.5,7416.6022352058535,0.0,7416.6022352058535,0.3450334847786966,0.0,0.3450334847786966
D,2020-04-02T00:00:00+0000,21755.168532759235,6000.0,2.0,7416.6022352058535,0.0,7416.6022352058535,0.34091219399370915,0.0,0.34091219399370915
D,2020-04-03T00:00:00+0000,21726.035793903,6000.0,1.5,7416.6022352058535,0.0,7416.6022352058535,0.3413693278222059,0.0,0.3413693278222059
D,2020-04-04T00:00:00+0000,21939.796628483018,6000.0,2.25,4858.0797522641315,0.0,4858.0797522641315,0.22142774769193627,0.0,0.22142774769193627
D,2020-04-05T00:00:00+0000,21827.019512546605,6000.0,2.25,4858.0797522641315,0.0,4858.0797522641315,0.222571833477842,0.0,0.222571833477842
D,2020-04-06T00:00:00+0000,23288.846477313913,6000.0,2.25,4858.0797522641315,0.0,4858.0797522641315,0.20860113260639487,0.0,0.20860113260639487
D,2020-04-07T00:00:00+0000,22959.500680770936,6000.0,2.25,4858.0797522641315,0.0,4858.0797522641315,0.21159344098161836,0.0,0.21159344098161836
D,2020-04-08T00:00:00+0000,23400.360784074364,6000.0,2.25,4858.0797522641315,0.0,4858.0797522641315,0.2076070449123334,0.0,0.2076070449123334
D,2020-04-09T00:00:00+0000,23222.83177234178,6000.0,2.25,4858.0797522641315,0.0,4858.0797522641315,0.2091941155104981,0.0,0.2091941155104981
D,2020-04-10T00:00:00+0000,22454.82985470518,6000.0,2.25,4858.0797522641315,0.0,4858.0797522641315,0.21634898966941715,0.0,0.21634898966941715
D,2020-04-11T00:00:00+0000,22500.647903510202,6000.0,2.25,4858.0797522641315,0.0,4858.0797522641315,0.21590843841906657,0.0,0.21590843841906657
D,2020-04-12T00:00:00+0000,22546.47294966013,6000.0,2.25,4858.0797522641315,0.0,4858.0797522641315,0.21546961083939134,0.0,0.21546961083939134
D,2020-04-13T00:00:00+0000,22421.644317586433,6000.0,2.25,4858.0797522641315,0.0,4858.0797522641315,0.21666920068184709,0.0,0.21666920068184709
D,2020-04-14T00:00:00+0000,22532.84914756318,6000.0,2.25,4858.0797522641315,0.0,4858.0797522641315,0.21559988798795598,0.0,0.21559988798795598
D,2020-04-15T00:00:00+0000,22123.62380722547,6000.0,2.25,4858.0797522641315,0.0,4858.0797522641315,0.2195878846338684,0.0,0.2195878846338684
D,2020-04-16T00:00:00+0000,23227.894524065712,6000.0,2.25,4858.0797522641315,0.0,4858.0797522641315,0.20914851956258124,0.0,0.20914851956258124
D,2020-04-17T00:00:00+0000,23116.90913575673,6000.0,2.25,4858.0797522641315,0.0,4858.0797522641315,0.21015265162546146,0.0,0.21015265162546146
D,2020-04-18T00:00:00+0000,23881.87364587978,6000.0,2.25,4858.0797522641315,0.0,4858.0797522641315,0.20342121494735702,0.0,0.20342121494735702
D,2020-04-19T00:00:00+0000,23532.503317392766,6000.0,2.25,4858.0797522641315,0.0,4858.0797522641315,0.20644126494921375,0.0,0.20644126494921375
D,2020-04-20T00:00:00+0000,22943.48989746243,6000.0,2.25,4858.0797522641315,0.0,4858.0797522641315,0.2117410984107278,0.0,0.2117410984107278
D,2020-04-21T00:00:00+0000,22986.903468267345,6000.0,2.25,4858.0797522641315,0.0,4858.0797522641315,0.2113411995213078,0.0,0.2113411995213078
D,2020-04-22T00:00:00+0000,23660.04722020861,6000.0,2.25,4858.0797522641315,0.0,4858.0797522641315,0.20532840475967984,0.0,0.20532840475967984
D,2020-04-23T00:00:00+0000,24108.458480329624,6000.0,2.25,4858.0797522641315,0.0,4858.0797522641315,0.2015093481081711,0.0,0.2015093481081711
D,2020-04-24T00:00:00+0000,24209.617898164084,6000.0,2.25,4858.0797522641315,0.0,4858.0797522641315,0.20066734521376067,0.0,0.20066734521376067
D,2020-04-25T00:00:00+0000,24468.607434506608,6000.0,2.25,4858.0797522641315,0.0,4858.0797522641315,0.1985433688969595,0.0,0.1985433688969595
D,2020-04-26T00:00:00+0000,24733.326769382722,6000.0,2.25,4858.0797522641315,0.0,4858.0797522641315,0.1964183709519387,0.0,0.1964183709519387
D,2020-04-27T00:00:00+0000,24791.01492328594,6000.0,2.25,4858.0797522641315,0.0,4858.0797522641315,0.19596130966388908,0.0,0.19596130966388908
D,2020-04-28T00:00:00+0000,24765.089948730652,6000.0,2.25,4858.0797522641315,0.0,4858.0797522641315,0.19616644891342844,0.0,0.19616644891342844
D,2020-04-29T00:00:00+0000,26411.074365642613,6000.0,2.25,4858.0797522641315,0.0,4858.0797522641315,0.18394101220599582,0.0,0.18394101220599582
D,2020-04-30T00:00:00+0000,25967.090925740216,6000.0,2.25,4858.0797522641315,0.0,4858.0797522641315,0.18708602231020405,0.0,0.18708602231020405
D,2020-05-01T00:00:00+0000,26374.016562423327,6000.0,2.25,4858.0797522641315,0.0,4858.0797522641315,0.1841994654384852,0.0,0.1841994654384852
D,2020-05-02T00:00:00+0000,26589.200910181768,6000.0,2.25,4858.0797522641315,0.0,4858.0797522641315,0.18270875340235718,0.0,0.18270875340235718
D,2020-05-03T00:00:00+0000,26393.88509487462,6000.0,2.25,4858.0797522641315,0.0,4858.0797522641315,0.18406080555406804,0.0,0.18406080555406804
D,2020-05-04T00:00:00+0000,26274.778644747843,6000.0,2.25,4858.0797522641315,0.0,4858.0797522641315,0.18489517335040345,0.0,0.18489517335040345
D,2020-05-05T00:00:00+0000,26395.733092813243,6000.0,2.25,4858.0797522641315,0.0,4858.0797522641315,0.1840479192292954,0.0,0.1840479192292954
D,2020-05-06T00:00:00+0000,26322.335673307716,6000.0,2.25,4858.0797522641315,0.0,4858.0797522641315,0.18456111997654104,0.0,0.18456111997654104
D,2020-05-07T00:00:00+0000,27588.723045012448,6000.0,8.25,4858.0797522641315,0.0,4858.0797522641315,0.1760893298445861,0.0,0.1760893298445861
D,2020-05-08T00:00:00+0000,27394.168544801476,6000.0,4.25,4858.0797522641315,0.0,4858.0797522641315,0.1773399234336695,0.0,0.1773399234336695
D,2020-05-09T00:00:00+0000,27108.299903348234,6000.0,4.5,4858.0797522641315,0.0,4858.0797522641315,0.17921004893649176,0.0,0.17921004893649176
D,2020-05-10T00:00:00+0000,25582.223504518013,6000.0,4.75,4858.0797522641315,0.0,4858.0797522641315,0.18990060623175142,0.0,0.18990060623175142
D,2020-05-11T00:00:00+0000,25375.521936596728,6000.0,1.25,4858.0797522641315,0.0,4858.0797522641315,0.19144748093861982,0.0,0.19144748093861982
D,2020-05-12T00:00:00+0000,25765.520150063174,6000.0,8.25,4858.0797522641315,0.0,4858.0797522641315,0.18854964790036347,0.0,0.18854964790036347
D,2020-05-13T00:00:00+0000,26591.44634436472,6000.0,5.0,4858.0797522641315,0.0,4858.0797522641315,0.1826933251148131,0.0,0.1826933251148131
D,2020-05-14T00:00:00+0000,27203.420041081496,6000.0,6.75,4858.0797522641315,0.0,4858.0797522641315,0.17858341873660213,0.0,0.17858341873660213
D,2020-05-15T00:00:00+0000,26468.32927953542,6000.0,3.5,4858.0797522641315,0.0,4858.0797522641315,0.183543120570903,0.0,0.183543120570903
D,2020-05-16T00:00:00+0000,26726.740011026246,6000.0,5.25,4858.0797522641315,0.0,4858.0797522641315,0.1817685116201941,0.0,0.1817685116201941
D,2020-05-17T00:00:00+0000,27249.381814445434,6000.0,2.0,4858.0797522641315,0.0,4858.0797522641315,0.17828220050440804,0.0,0.17828220050440804
D,2020-05-18T00:00:00+0000,27572.87507207368,6000.0,1.5,4858.0797522641315,0.0,4858.0797522641315,0.1761905401437257,0.0,0.1761905401437257
D,2020-05-19T00:00:00+0000,27615.79459325938,6000.0,1.5,4858.0797522641315,0.0,4858.0797522641315,0.17591671084669494,0.0,0.17591671084669494
D,2020-05-20T00:00:00+0000,27213.94121129781,6000.0,1.5,4858.0797522641315,0.0,4858.0797522641315,0.17851437667717568,0.0,0.17851437667717568
D,2020-05-21T00:00:00+0000,26416.589827234384,6000.0,1.5,4858.0797522641315,0.0,4858.0797522641315,0.18390260756729687,0.0,0.18390260756729687
D,2020-05-22T00:00:00+0000,26811.08292277166,6000.0,1.5,4858.0797522641315,0.0,4858.0797522641315,0.18119670012053044,0.0,0.18119670012053044
D,2020-05-23T00:00:00+0000,26807.411559837456,6000.0,1.5,4858.0797522641315,0.0,4858.0797522641315,0.1812215156028883,0.0,0.1812215156028883
D,2020-05-24T00:00:00+0000,26139.937383345292,6000.0,1.5,4858.0797522641315,0.0,4858.0797522641315,0.18584894374534314,0.0,0.18584894374534314
D,2020-05-25T00:00:00+0000,26471.376259015015,6000.0,1.5,4858.0797522641315,0.0,4858.0797522641315,0.18352199389745283,0.0,0.18352199389745283
D,2020-05-26T00:00:00+0000,26317.493234869988,6000.0,1.5,4858.0797522641315,0.0,4858.0797522641315,0.1845950793606476,0.0,0.1845950793606476
D,2020-05-27T00:00:00+0000,26936.65855131064,6000.0,1.5,4858.0797522641315,0.0,4858.0797522641315,0.18035198178015124,0.0,0.18035198178015124
D,2020-05-28T00:00:00+0000,27712.746186134827,6000.0,1.5,4858.0797522641315,0.0,4858.0797522641315,0.1753012754360199,0.0,0.1753012754360199
D,2020-05-29T00:00:00+0000,27589.32045203969,6000.0,1.5,4858.0797522641315,0.0,4858.0797522641315,0.1760855168835799,0.0,0.1760855168835799
D,2020-05-30T00:00:00+0000,28624.7277696502,6000.0,1.5,4858.0797522641315,0.0,4858.0797522641315,0.1697161905384122,0.0,0.1697161905384122
D,2020-05-31T00:00:00+0000,27989.829309389374,6000.0,1.5,4858.0797522641315,0.0,4858.0797522641315,0.17356589418837423,0.0,0.17356589418837423
D,2020-06-01T00:00:00+0000,29308.794560952083,6000.0,1.5,4858.0797522641315,0.0,4858.0797522641315,0.16575501739455772,0.0,0.16575501739455772
D,2020-06-02T00:00:00+0000,28284.28289405648,6000.0,1.5,4858.0797522641315,0.0,4858.0797522641315,0.171758986093474,0.0,0.171758986093474
D,2020-06-03T00:00:00+0000,28669.070616507022,6000.0,1.5,4858.0797522641315,0.0,4858.0797522641315,0.16945368816619244,0.0,0.16945368816619244
D,2020-06-04T00:00:00+0000,28763.428314251592,6000.0,1.5,4858.0797522641315,0.0,4858.0797522641315,0.16889779963597276,0.0,0.16889779963597276
D,2020-06-05T00:00:00+0000,28500.489965417473,6000.0,1.5,4858.0797522641315,0.0,4858.0797522641315,0.17045600823561036,0.0,0.17045600823561036
D,2020-06-06T00:00:00+0000,28620.830569409525,6000.0,1.5,4858.0797522641315,0.0,4858.0797522641315,0.1697393002094264,0.0,0.1697393002094264
D,2020-06-07T00:00:00+0000,28800.684400542057,6000.0,1.5,4858.0797522641315,0.0,4858.0797522641315,0.16867931625168942,0.0,0.16867931625168942
D,2020-06-08T00:00:00+0000,28908.55183687248,6000.0,1.5,4858.0797522641315,0.0,4858.0797522641315,0.16804991753574158,0.0,0.16804991753574158
D,2020-06-09T00:00:00+0000,28826.050334480926,6000.0,1.5,4858.0797522641315,0.0,4858.0797522641315,0.1685308842485795,0.0,0.1685308842485795
D,2020-06-10T00:00:00+0000,29083.287930220416,6000.0,1.5,4858.0797522641315,0.0,4858.0797522641315,0.16704025225483896,0.0,0.16704025225483896
D,2020-06-11T00:00:00+0000,27911.387574745582,6000.0,1.5,4858.0797522641315,0.0,4858.0797522641315,0.17405368110970434,0.0,0.17405368110970434
D,2020-06-12T00:00:00+0000,28342.748181952098,6000.0,1.5,4858.0797522641315,0.0,4858.0797522641315,0.17140468246327736,0.0,0.17140468246327736
D,2020-06-13T00:00:00+0000,28381.499840176497,6000.0,1.5,4858.0797522641315,0.0,4858.0797522641315,0.17117064917714794,0.0,0.17117064917714794
D,2020-06-14T00:00:00+0000,28051.5195683427,6000.0,1.5,4858.0797522641315,0.0,4858.0797522641315,0.17318419205163757,0.0,0.17318419205163757
D,2020-06-15T00:00:00+0000,28120.607024217315,6000.0,1.5,4858.0797522641315,0.0,4858.0797522641315,0.1727587085186454,0.0,0.1727587085186454
D,2020-06-16T00:00:00+0000,28380.18772402258,6000.0,1.5,4858.0797522641315,0.0,4858.0797522641315,0.17117856299984868,0.0,0.17117856299984868
D,2020-06-17T00:00:00+0000,28281.488930428422,6000.0,1.5,4858.0797522641315,0.0,4858.0797522641315,0.17177595437831636,0.0,0.17177595437831636
D,2020-06-18T00:00:00+0000,28128.696743414715,6000.0,1.5,4858.0797522641315,0.0,4858.0797522641315,0.1727090236913116,0.0,0.1727090236913116
D,2020-06-19T00:00:00+0000,27987.81253004096,6000.0,1.5,4858.0797522641315,0.0,4858.0797522641315,0.17357840120765672,0.0,0.17357840120765672
D,2020-06-20T00:00:00+0000,28046.85871604574,6000.0,1.5,4858.0797522641315,0.0,4858.0797522641315,0.17321297195699142,0.0,0.17321297195699142
D,2020-06-21T00:00:00+0000,27964.268845511906,6000.0,1.5,4858.0797522641315,0.0,4858.0797522641315,0.17372454038053003,0.0,0.17372454038053003
D,2020-06-22T00:00:00+0000,28875.233399441902,6000.0,1.5,4858.0797522641315,0.0,4858.0797522641315,0.16824382629433665,0.0,0.16824382629433665
D,2020-06-23T00:00:00+0000,28824.169525498117,6000.0,1.5,4858.0797522641315,0.0,4858.0797522641315,0.16854188107541593,0.0,0.16854188107541593
D,2020-06-24T00:00:00+0000,28214.455225995014,6000.0,1.5,4858.0797522641315,0.0,4858.0797522641315,0.1721840706599291,0.0,0.1721840706599291
D,2020-06-25T00:00:00+0000,28109.578358962783,6000.0,1.5,4858.0797522641315,0.0,4858.0797522641315,0.17282648961239666,0.0,0.17282648961239666
D,2020-06-26T00:00:00+0000,27937.079747292635,6000.0,1.5,4858.0797522641315,0.0,4858.0797522641315,0.17389361365641393,0.0,0.17389361365641393
D,2020-06-27T00:00:00+0000,27508.151391613334,6000.0,1.5,4858.0797522641315,0.0,4858.0797522641315,0.17660509727110413,0.0,0.17660509727110413
D,2020-06-28T00:00:00+0000,27759.64363054347,6000.0,1.5,4858.0797522641315,0.0,4858.0797522641315,0.17500511955127795,0.0,0.17500511955127795
D,2020-06-29T00:00:00+0000,27949.489257694237,6000.0,1.5,4858.0797522641315,0.0,4858.0797522641315,0.17381640528285314,0.0,0.17381640528285314
D,2020-06-30T00:00:00+0000,27828.76133388607,6000.0,1.5,4858.0797522641315,0.0,4858.0797522641315,0.1745704630535828,0.0,0.1745704630535828
D,2020-07-01T00:00:00+0000,28114.827953648928,6000.0,1.5,4858.0797522641315,0.0,4858.0797522641315,0.17279421948707382,0.0,0.17279421948707382
D,2020-07-02T00:00:00+0000,27825.847865724012,6000.0,1.5,4858.0797522641315,0.0,4858.0797522641315,0.174588741220293,0.0,0.174588741220293
D,2020-07-03T00:00:00+0000,27756.121330559225,6000.0,1.5,4858.0797522641315,0.0,4858.0797522641315,0.17502732800477536,0.0,0.17502732800477536
D,2020-07-04T00:00:00+0000,27989.84910424413,6000.0,1.5,4858.0797522641315,0.0,4858.0797522641315,0.17356577143988589,0.0,0.17356577143988589
D,2020-07-05T00:00:00+0000,27879.538885868074,6000.0,1.5,4858.0797522641315,0.0,4858.0797522641315,0.1742525144390625,0.0,0.1742525144390625
D,2020-07-06T00:00:00+0000,28640.25206454812,6000.0,1.5,4858.0797522641315,0.0,4858.0797522641315,0.16962419678832463,0.0,0.16962419678832463
D,2020-07-07T00:00:00+0000,28488.181830862384,6000.0,1.5,4858.0797522641315,0.0,4858.0797522641315,0.17052965265060124,0.0,0.17052965265060124
D,2020-07-08T00:00:00+0000,28936.331301311773,6000.0,1.5,4858.0797522641315,0.0,4858.0797522641315,0.1678885862094031,0.0,0.1678885862094031
D,2020-07-09T00:00:00+0000,28569.826657213154,6000.0,1.5,4858.0797522641315,0.0,4858.0797522641315,0.17004232509186715,0.0,0.17004232509186715
D,2020-07-10T00:00:00+0000,28617.940819890704,6000.0,1.5,4858.0797522641315,0.0,4858.0797522641315,0.1697564399492907,0.0,0.1697564399492907
D,2020-07-11T00:00:00+0000,28504.591634836877,6000.0,1.5,4858.0797522641315,0.0,4858.0797522641315,0.17043148046109283,0.0,0.17043148046109283
D,2020-07-12T00:00:00+0000,28707.298939879634,6000.0,1.5,4858.0797522641315,0.0,4858.0797522641315,0.16922803369408534,0.0,0.16922803369408534
D,2020-07-13T00:00:00+0000,28547.815533113557,6000.0,1.5,4858.0797522641315,0.0,4858.0797522641315,0.17017343224139458,0.0,0.17017343224139458
D,2020-07-14T00:00:00+0000,28604.623825563292,6000.0,1.5,4858.0797522641315,0.0,4858.0797522641315,0.1698354707228339,0.0,0.1698354707228339
D,2020-07-15T00:00:00+0000,28494.58855290487,6000.0,1.5,4858.0797522641315,0.0,4858.0797522641315,0.1704913107709666,0.0,0.1704913107709666
D,2020-07-16T00:00:00+0000,28273.82953354864,6000.0,1.5,4858.0797522641315,0.0,4858.0797522641315,0.17182248858435398,0.0,0.17182248858435398
D,2020-07-17T00:00:00+0000,28278.599048859294,6000.0,1.5,4858.0797522641315,0.0,4858.0797522641315,0.17179350871909962,0.0,0.17179350871909962
D,2020-07-18T00:00:00+0000,28405.550173527125,6000.0,1.5,4858.0797522641315,0.0,4858.0797522641315,0.17102572288114576,0.0,0.17102572288114576
D,2020-07-19T00:00:00+0000,28571.37017200268,6000.0,1.5,4858.0797522641315,0.0,4858.0797522641315,0.17003313887356383,0.0,0.17003313887356383
D,2020-07-20T00:00:00+0000,28430.368603390933,6000.0,1.5,4858.0797522641315,0.0,4858.0797522641315,0.17087642513663018,0.0,0.17087642513663018
D,2020-07-21T00:00:00+0000,29001.86029081157,6000.0,1.5,4858.0797522641315,0.0,4858.0797522641315,0.1675092460811308,0.0,0.1675092460811308
D,2020-07-22T00:00:00+0000,29744.0781566503,6000.0,1.5,4858.0797522641315,0.0,4858.0797522641315,0.1633293096756452,0.0,0.1633293096756452
D,2020-07-23T00:00:00+0000,30224.95497781715,6000.0,1.5,4858.0797522641315,0.0,4858.0797522641315,0.1607307523147544,0.0,0.1607307523147544
D,2020-07-24T00:00:00+0000,30291.58985653805,6000.0,1.5,4858.0797522641315,0.0,4858.0797522641315,0.1603771797806637,0.0,0.1603771797806637
D,2020-07-25T00:00:00+0000,31330.972661341766,6000.0,1.5,4858.0797522641315,0.0,4858.0797522641315,0.15505678054669375,0.0,0.15505678054669375
D,2020-07-26T00:00:00+0000,31780.899104130214,6000.0,1.5,4858.0797522641315,0.0,4858.0797522641315,0.15286162094869055,0.0,0.15286162094869055
D,2020-07-27T00:00:00+0000,33342.4497256509,6000.0,1.5,4858.0797522641315,0.0,4858.0797522641315,0.14570254412130762,0.0,0.14570254412130762
D,2020-07-28T00:00:00+0000,33051.75153492488,6000.0,1.5,4858.0797522641315,0.0,4858.0797522641315,0.14698403342197255,0.0,0.14698403342197255
D,2020-07-29T00:00:00+0000,33305.722046667746,6000.0,1.5,4858.0797522641315,0.0,4858.0797522641315,0.14586321670063251,0.0,0.14586321670063251
D,2020-07-30T00:00:00+0000,33876.16280603928,6000.0,1.5,4858.0797522641315,0.0,4858.0797522641315,0.14340702576261252,0.0,0.14340702576261252
D,2020-07-31T00:00:00+0000,34518.95545117489,6000.0,1.5,4858.0797522641315,0.0,4858.0797522641315,0.1407365804893955,0.0,0.1407365804893955
D,2020-08-01T00:00:00+0000,36364.99264815284,6000.0,1.5,4858.0797522641315,0.0,4858.0797522641315,0.1335922104884819,0.0,0.1335922104884819
D,2020-08-02T00:00:00+0000,35104.33611072107,6000.0,1.5,4858.0797522641315,0.0,4858.0797522641315,0.13838973444595196,0.0,0.13838973444595196
D,2020-08-03T00:00:00+0000,35719.277180758334,6000.0,1.5,4858.0797522641315,0.0,4858.0797522641315,0.13600722454935726,0.0,0.13600722454935726
D,2020-08-04T00:00:00+0000,35820.35788979483,6000.0,1.5,4858.0797522641315,0.0,4858.0797522641315,0.1356234286438604,0.0,0.1356234286438604
D,2020-08-05T00:00:00+0000,36800.52166675258,6000.0,1.5,4858.0797522641315,0.0,4858.0797522641315,0.13201116539207003,0.0,0.13201116539207003
D,2020-08-06T00:00:00+0000,36637.806260561825,6000.0,1.5,4858.0797522641315,0.0,4858.0797522641315,0.13259745187018834,0.0,0.13259745187018834
D,2020-08-07T00:00:00+0000,35962.12514263869,6000.0,1.5,4858.0797522641315,0.0,4858.0797522641315,0.13508878390793772,0.0,0.13508878390793772
D,2020-08-08T00:00:00+0000,36734.53756988208,6000.0,1.5,4858.0797522641315,0.0,4858.0797522641315,0.132248289311451,0.0,0.132248289311451
D,2020-08-09T00:00:00+0000,36434.26534509349,6000.0,1.5,4858.0797522641315,0.0,4858.0797522641315,0.1333382107818007,0.0,0.1333382107818007
D,2020-08-10T00:00:00+0000,36851.485221293355,6000.0,1.5,4858.0797522641315,0.0,4858.0797522641315,0.13182860129222304,0.0,0.13182860129222304
D,2020-08-11T00:00:00+0000,35775.647214250064,6000.0,1.5,4858.0797522641315,0.0,4858.0797522641315,0.13579292425292794,0.0,0.13579292425292794
D,2020-08-12T00:00:00+0000,36244.27086091331,6000.0,1.5,4858.0797522641315,0.0,4858.0797522641315,0.1340371771005387,0.0,0.1340371771005387
D,2020-08-13T00:00:00+0000,37712.430710074645,6000.0,1.5,4858.0797522641315,0.0,4858.0797522641315,0.12881905676173575,0.0,0.12881905676173575
D,2020-08-14T00:00:00+0000,38145.28241892663,6000.0,1.5,4858.0797522641315,0.0,4858.0797522641315,0.12735728887548325,0.0,0.12735728887548325
D,2020-08-15T00:00:00+0000,38070.08319777827,6000.0,1.5,4858.0797522641315,0.0,4858.0797522641315,0.12760885567351857,0.0,0.12760885567351857
D,2020-08-16T00:00:00+0000,38189.371952658206,6000.0,1.5,4858.0797522641315,0.0,4858.0797522641315,0.12721025520625195,0.0,0.12721025520625195
D,2020-08-17T00:00:00+0000,38522.59619434489,6000.0,1.5,4858.0797522641315,0.0,4858.0797522641315,0.1261098740011011,0.0,0.1261098740011011
D,2020-08-18T00:00:00+0000,37870.3020807969,6000.0,1.5,4858.0797522641315,0.0,4858.0797522641315,0.1282820438532373,0.0,0.1282820438532373
D,2020-08-19T00:00:00+0000,37198.63839220097,6000.0,1.5,4858.0797522641315,0.0,4858.0797522641315,0.13059832193434992,0.0,0.13059832193434992
D,2020-08-20T00:00:00+0000,37597.055951406015,6000.0,1.5,4858.0797522641315,0.0,4858.0797522641315,0.12921436610736683,0.0,0.12921436610736683
D,2020-08-21T00:00:00+0000,36338.813288596655,6000.0,1.5,4858.0797522641315,0.0,4858.0797522641315,0.13368845354640754,0.0,0.13368845354640754
D,2020-08-22T00:00:00+0000,36734.331791924225,6000.0,1.5,4858.0797522641315,0.0,4858.0797522641315,0.1322490301383989,0.0,0.1322490301383989
D,2020-08-23T00:00:00+0000,36582.12358458287,6000.0,1.5,4858.0797522641315,0.0,4858.0797522641315,0.13279928216937945,0.0,0.13279928216937945
D,2020-08-24T00:00:00+0000,37258.85499987651,6000.0,1.5,4858.0797522641315,0.0,4858.0797522641315,0.13038725297060882,0.0,0.13038725297060882
D,2020-08-25T00:00:00+0000,35984.32180450991,6000.0,1.5,4858.0797522641315,0.0,4858.0797522641315,0.1350054553940563,0.0,0.1350054553940563
D,2020-08-26T00:00:00+0000,36249.97995646776,6000.0,1.5,4858.0797522641315,0.0,4858.0797522641315,0.13401606726674473,0.0,0.13401606726674473
D,2020-08-27T00:00:00+0000,36032.65681255966,6000.0,1.5,4858.0797522641315,0.0,4858.0797522641315,0.13482435607054052,0.0,0.13482435607054052
D,2020-08-28T00:00:00+0000,36650.61884528854,6000.0,1.5,4858.0797522641315,0.0,4858.0797522641315,0.13255109750728372,0.0,0.13255109750728372
D,2020-08-29T00:00:00+0000,36709.516947959346,6000.0,1.5,4858.0797522641315,0.0,4858.0797522641315,0.13233842763856332,0.0,0.13233842763856332
D,2020-08-30T00:00:00+0000,37984.027686995636,6000.0,1.5,4858.0797522641315,0.0,4858.0797522641315,0.12789796259356043,0.0,0.12789796259356043
D,2020-08-31T00:00:00+0000,38084.9065823952,6000.0,1.5,4858.0797522641315,0.0,4858.0797522641315,0.12755918783085018,0.0,0.12755918783085018
D,2020-09-01T00:00:00+0000,39759.30101269661,6000.0,1.5,4858.0797522641315,0.0,4858.0797522641315,0.12218725250508723,0.0,0.12218725250508723
D,2020-09-02T00:00:00+0000,38001.16181345197,6000.0,1.5,4858.0797522641315,0.0,4858.0797522641315,0.12784029541287414,0.0,0.12784029541287414
D,2020-09-03T00:00:00+0000,34714.29123370252,6000.0,1.5,4858.0797522641315,0.0,4858.0797522641315,0.1399446619710226,0.0,0.1399446619710226
D,2020-09-04T00:00:00+0000,35196.09608327332,6000.0,1.5,4858.0797522641315,0.0,4858.0797522641315,0.1380289376631432,0.0,0.1380289376631432
D,2020-09-05T00:00:00+0000,33254.81768754166,6000.0,1.5,4858.0797522641315,0.0,4858.0797522641315,0.14608649483242023,0.0,0.14608649483242023
D,2020-09-06T00:00:00+0000,33947.75858335902,6000.0,1.5,4858.0797522641315,0.0,4858.0797522641315,0.14310458053762443,0.0,0.14310458053762443
D,2020-09-07T00:00:00+0000,34118.23874437804,6000.0,1.5,4858.0797522641315,0.0,4858.0797522641315,0.14238952334738086,0.0,0.14238952334738086
D,2020-09-08T00:00:00+0000,33323.014414930716,6000.0,1.5,4858.0797522641315,0.0,4858.0797522641315,0.14578752365474534,0.0,0.14578752365474534
D,2020-09-09T00:00:00+0000,33878.5336900476,6000.0,1.5,4858.0797522641315,0.0,4858.0797522641315,0.143396989867105,0.0,0.143396989867105
D,2020-09-10T00:00:00+0000,34580.727286449895,6000.0,1.5,4858.0797522641315,0.0,4858.0797522641315,0.1404851815874827,0.0,0.1404851815874827
D,2020-09-11T00:00:00+0000,34836.513194063795,6000.0,1.5,4858.0797522641315,0.0,4858.0797522641315,0.1394536739426596,0.0,0.1394536739426596
D,2020-09-12T00:00:00+0000,35370.02794134981,6000.0,1.5,4858.0797522641315,0.0,4858.0797522641315,0.13735018135466973,0.0,0.13735018135466973
D,2020-09-13T00:00:00+0000,34562.72924960973,6000.0,1.5,4858.0797522641315,0.0,4858.0797522641315,0.14055833719552074,0.0,0.14055833719552074
D,2020-09-14T00:00:00+0000,35309.3786359865,6000.0,1.5,4858.0797522641315,0.0,4858.0797522641315,0.13758610148162986,0.0,0.13758610148162986
D,2020-09-15T00:00:00+0000,35024.99042731411,6000.0,1.5,4858.0797522641315,0.0,4858.0797522641315,0.13870324282731497,0.0,0.13870324282731497
D,2020-09-16T00:00:00+0000,35263.562859765,6000.0,1.5,4858.0797522641315,0.0,4858.0797522641315,0.13776485863279292,0.0,0.13776485863279292
D,2020-09-17T00:00:00+0000,36050.0920706181,6000.0,1.5,4858.0797522641315,0.0,4858.0797522641315,0.1347591496506499,0.0,0.1347591496506499
D,2020-09-18T00:00:00+0000,35892.54701129103,6000.0,1.5,4858.0797522641315,0.0,4858.0797522641315,0.13535065513004366,0.0,0.13535065513004366
D,2020-09-19T00:00:00+0000,36101.07204908426,6000.0,1.5,4858.0797522641315,0.0,4858.0797522641315,0.13456885007899266,0.0,0.13456885007899266
D,2020-09-20T00:00:00+0000,35466.27719293392,6000.0,1.5,4858.0797522641315,0.0,4858.0797522641315,0.1369774370689243,0.0,0.1369774370689243
D,2020-09-21T00:00:00+0000,33901.47432824733,6000.0,1.5,4858.0797522641315,0.0,4858.0797522641315,0.14329995519446453,0.0,0.14329995519446453
D,2020-09-22T00:00:00+0000,34167.96351800756,6000.0,1.5,4858.0797522641315,0.0,4858.0797522641315,0.1421823033059543,0.0,0.1421823033059543
D,2020-09-23T00:00:00+0000,33083.28786948473,6000.0,1.5,4858.0797522641315,0.0,4858.0797522641315,0.14684392226762666,0.0,0.14684392226762666
D,2020-09-24T00:00:00+0000,34585.10342056092,6000.0,1.5,4858.0797522641315,0.0,4858.0797522641315,0.14046740566853394,0.0,0.14046740566853394
D,2020-09-25T00:00:00+0000,34636.12060123843,6000.0,1.5,4858.0797522641315,0.0,4858.0797522641315,0.14026050458117498,0.0,0.14026050458117498
D,2020-09-26T00:00:00+0000,34761.59533024041,6000.0,1.5,4858.0797522641315,0.0,4858.0797522641315,0.1397542231911867,0.0,0.1397542231911867
D,2020-09-27T00:00:00+0000,34942.646376575234,6000.0,1.5,4858.0797522641315,0.0,4858.0797522641315,0.13903010378518094,0.0,0.13903010378518094
D,2020-09-28T00:00:00+0000,34749.241218005605,6000.0,1.5,4858.0797522641315,0.0,4858.0797522641315,0.1398039088619546,0.0,0.1398039088619546
D,2020-09-29T00:00:00+0000,35118.08844103324,6000.0,1.5,4858.0797522641315,0.0,4858.0797522641315,0.1383355406835805,0.0,0.1383355406835805
D,2020-09-30T00:00:00+0000,35057.60514751312,6000.0,1.5,4858.0797522641315,0.0,4858.0797522641315,0.13857420470744133,0.0,0.13857420470744133
D,2020-10-01T00:00:00+0000,34659.762036474924,6000.0,1.5,4858.0797522641315,0.0,4858.0797522641315,0.1401648328442541,0.0,0.1401648328442541
D,2020-10-02T00:00:00+0000,34379.05087613146,6000.0,1.5,4858.0797522641315,0.0,4858.0797522641315,0.14130930402261274,0.0,0.14130930402261274
D,2020-10-03T00:00:00+0000,34369.57475434222,6000.0,1.5,4858.0797522641315,0.0,4858.0797522641315,0.14134826476578288,0.0,0.14134826476578288
D,2020-10-04T00:00:00+0000,34735.410434986145,6000.0,1.5,4858.0797522641315,0.0,4858.0797522641315,0.13985957532751606,0.0,0.13985957532751606
D,2020-10-05T00:00:00+0000,34934.09428559195,6000.0,1.5,4858.0797522641315,0.0,4858.0797522641315,0.13906413924885336,0.0,0.13906413924885336
D,2020-10-06T00:00:00+0000,34302.63108919962,6000.0,1.5,4858.0797522641315,0.0,4858.0797522641315,0.14162411447772955,0.0,0.14162411447772955
D,2020-10-07T00:00:00+0000,34419.36152515723,6000.0,1.5,4858.0797522641315,0.0,4858.0797522641315,0.14114380793244363,0.0,0.14114380793244363
D,2020-10-08T00:00:00+0000,35038.91219528197,6000.0,1.5,4858.0797522641315,0.0,4858.0797522641315,0.1386481328298279,0.0,0.1386481328298279
D,2020-10-09T00:00:00+0000,35655.47405728704,6000.0,1.5,4858.0797522641315,0.0,4858.0797522641315,0.1362506005237439,0.0,0.1362506005237439
D,2020-10-10T00:00:00+0000,36129.777959539955,6000.0,1.5,4858.0797522641315,0.0,4858.0797522641315,0.13446193214097432,0.0,0.13446193214097432
D,2020-10-11T00:00:00+0000,36348.989860768794,6000.0,1.5,4858.0797522641315,0.0,4858.0797522641315,0.133651024990585,0.0,0.133651024990585
D,2020-10-12T00:00:00+0000,36949.79672629755,6000.0,1.5,4858.0797522641315,0.0,4858.0797522641315,0.13147784785529243,0.0,0.13147784785529243
D,2020-10-13T00:00:00+0000,36657.4455254831,6000.0,1.5,4858.0797522641315,0.0,4858.0797522641315,0.13252641264615528,0.0,0.13252641264615528
D,2020-10-14T00:00:00+0000,36589.7361350002,6000.0,1.5,4858.0797522641315,0.0,4858.0797522641315,0.1327716530761504,0.0,0.1327716530761504
D,2020-10-15T00:00:00+0000,36669.801546394156,6000.0,1.5,4858.0797522641315,0.0,4858.0797522641315,0.13248175739696197,0.0,0.13248175739696197
D,2020-10-16T00:00:00+0000,36068.041643106975,6000.0,1.5,4858.0797522641315,0.0,4858.0797522641315,0.13469208559574145,0.0,0.13469208559574145
D,2020-10-17T00:00:00+0000,36219.97893346262,6000.0,1.5,4858.0797522641315,0.0,4858.0797522641315,0.13412707282874448,0.0,0.13412707282874448
D,2020-10-18T00:00:00+0000,36719.18386899766,6000.0,1.5,4858.0797522641315,0.0,4858.0797522641315,0.13230358739987827,0.0,0.13230358739987827
D,2020-10-19T00:00:00+0000,37062.311075907106,6000.0,1.5,4858.0797522641315,0.0,4858.0797522641315,0.13107870532720764,0.0,0.13107870532720764
D,2020-10-20T00:00:00+0000,36909.64304514009,6000.0,1.5,4858.0797522641315,0.0,4858.0797522641315,0.13162088146782544,0.0,0.13162088146782544
D,2020-10-21T00:00:00+0000,38661.070833990874,6000.0,1.5,4858.0797522641315,0.0,4858.0797522641315,0.12565817882087477,0.0,0.12565817882087477
D,2020-10-22T00:00:00+0000,39663.659728804276,6000.0,1.5,4858.0797522641315,0.0,4858.0797522641315,0.12248188355488865,0.0,0.12248188355488865
D,2020-10-23T00:00:00+0000,39463.256258274596,6000.0,1.5,4858.0797522641315,0.0,4858.0797522641315,0.1231038746643087,0.0,0.1231038746643087
D,2020-10-24T00:00:00+0000,39796.97934420436,6000.0,1.5,4858.0797522641315,0.0,4858.0797522641315,0.12207157006180205,0.0,0.12207157006180205
D,2020-10-25T00:00:00+0000,39506.22455658134,6000.0,1.5,4858.0797522641315,0.0,4858.0797522641315,0.12296998275059984,0.0,0.12296998275059984
D,2020-10-26T00:00:00+0000,39111.01752804024,6000.0,1.5,4858.0797522641315,0.0,4858.0797522641315,0.12421256360260076,0.0,0.12421256360260076
D,2020-10-27T00:00:00+0000,40171.04418855882,6000.0,1.5,4858.0797522641315,0.0,4858.0797522641315,0.12093486366599773,0.0,0.12093486366599773
D,2020-10-28T00:00:00+0000,39248.55278093783,6000.0,1.5,4858.0797522641315,0.0,4858.0797522641315,0.12377729643635663,0.0,0.12377729643635663
D,2020-10-29T00:00:00+0000,39449.307115426185,6000.0,1.5,4858.0797522641315,0.0,4858.0797522641315,0.12314740378201565,0.0,0.12314740378201565
D,2020-10-30T00:00:00+0000,39434.10712653853,6000.0,1.5,4858.0797522641315,0.0,4858.0797522641315,0.12319487129948786,0.0,0.12319487129948786
D,2020-10-31T00:00:00+0000,39849.85506686331,6000.0,1.5,4858.0797522641315,0.0,4858.0797522641315,0.12190959651202878,0.0,0.12190959651202878
D,2020-11-01T00:00:00+0000,40159.57335684097,6000.0,1.5,4858.0797522641315,0.0,4858.0797522641315,0.12096940645004595,0.0,0.12096940645004595
D,2020-11-02T00:00:00+0000,39474.177190313545,6000.0,1.5,4858.0797522641315,0.0,4858.0797522641315,0.12306981672707903,0.0,0.12306981672707903
D,2020-11-03T00:00:00+0000,40209.40616640011,6000.0,1.5,4858.0797522641315,0.0,4858.0797522641315,0.12081948517617384,0.0,0.12081948517617384
D,2020-11-04T00:00:00+0000,40841.426698448806,6000.0,1.5,4858.0797522641315,0.0,4858.0797522641315,0.11894980525860635,0.0,0.11894980525860635
D,2020-11-05T00:00:00+0000,43040.77412411188,6000.0,1.5,4858.0797522641315,0.0,4858.0797522641315,0.1128715700664544,0.0,0.1128715700664544
D,2020-11-06T00:00:00+0000,44319.20326553166,6000.0,1.5,4858.0797522641315,0.0,4858.0797522641315,0.10961568336771979,0.0,0.10961568336771979
D,2020-11-07T00:00:00+0000,42747.08391282839,6000.0,1.5,4858.0797522641315,0.0,4858.0797522641315,0.11364704460708776,0.0,0.11364704460708776
D,2020-11-08T00:00:00+0000,44166.18339231769,6000.0,1.5,4858.0797522641315,0.0,4858.0797522641315,0.1099954621188561,0.0,0.1099954621188561
D,2020-11-09T00:00:00+0000,43677.496263024856,6000.0,1.5,4858.0797522641315,0.0,4858.0797522641315,0.11122615002950008,0.0,0.11122615002950008
D,2020-11-10T00:00:00+0000,43848.40985938034,6000.0,1.5,4858.0797522641315,0.0,4858.0797522641315,0.11079260953461596,0.0,0.11079260953461596
D,2020-11-11T00:00:00+0000,44739.301590503084,6000.0,1.5,4858.0797522641315,0.0,4858.0797522641315,0.10858640120782233,0.0,0.10858640120782233
D,2020-11-12T00:00:00+0000,45456.41402949459,6000.0,1.5,4858.0797522641315,0.0,4858.0797522641315,0.10687336113033345,0.0,0.10687336113033345
D,2020-11-13T00:00:00+0000,45960.67372237253,6000.0,1.5,4858.0797522641315,0.0,4858.0797522641315,0.10570079502336227,0.0,0.10570079502336227
D,2020-11-14T00:00:00+0000,45166.067375983264,6000.0,1.5,4858.0797522641315,0.0,4858.0797522641315,0.1075603884620555,0.0,0.1075603884620555
D,2020-11-15T00:00:00+0000,44624.353971690995,6000.0,1.5,4858.0797522641315,0.0,4858.0797522641315,0.10886610829920412,0.0,0.10886610829920412
D,2020-11-16T00:00:00+0000,45951.33673483035,6000.0,1.5,4858.0797522641315,0.0,4858.0797522641315,0.10572227267943192,0.0,0.10572227267943192
D,2020-11-17T00:00:00+0000,47803.99482011161,6000.0,1.5,4858.0797522641315,0.0,4858.0797522641315,0.10162497445130442,0.0,0.10162497445130442
D,2020-11-18T00:00:00+0000,47834.32985213587,6000.0,1.5,4858.0797522641315,0.0,4858.0797522641315,0.10156052707921885,0.0,0.10156052707921885
D,2020-11-19T00:00:00+0000,47645.022584921724,6000.0,1.5,4858.0797522641315,0.0,4858.0797522641315,0.10196405602715726,0.0,0.10196405602715726
D,2020-11-20T00:00:00+0000,49950.55259073474,6000.0,1.5,4858.0797522641315,0.0,4858.0797522641315,0.09725777794829141,0.0,0.09725777794829141
D,2020-11-21T00:00:00+0000,51397.12112666041,6000.0,1.5,4858.0797522641315,0.0,4858.0797522641315,0.09452046429394617,0.0,0.09452046429394617
D,2020-11-22T00:00:00+0000,51310.78162142194,6000.0,1.5,4858.0797522641315,0.0,4858.0797522641315,0.09467951176631292,0.0,0.09467951176631292
D,2020-11-23T00:00:00+0000,52849.38451691745,6000.0,1.5,4858.0797522641315,0.0,4858.0797522641315,0.09192310935445287,0.0,0.09192310935445287
D,2020-11-24T00:00:00+0000,53699.08525983792,6000.0,1.5,4858.0797522641315,0.0,4858.0797522641315,0.09046857555872628,0.0,0.09046857555872628
D,2020-11-25T00:00:00+0000,52022.65526025903,6000.0,1.5,4858.0797522641315,0.0,4858.0797522641315,0.09338392529101257,0.0,0.09338392529101257
D,2020-11-26T00:00:00+0000,48520.63000031874,6000.0,1.5,4858.0797522641315,0.0,4858.0797522641315,0.10012400400061207,0.0,0.10012400400061207
D,2020-11-27T00:00:00+0000,48483.24054130003,6000.0,1.5,4858.0797522641315,0.0,4858.0797522641315,0.10020121794717533,0.0,0.10020121794717533
D,2020-11-28T00:00:00+0000,49811.00299048285,6000.0,1.5,4858.0797522641315,0.0,4858.0797522641315,0.09753025357052822,0.0,0.09753025357052822
D,2020-11-29T00:00:00+0000,51649.821856624345,6000.0,1.5,4858.0797522641315,0.0,4858.0797522641315,0.09405801564523807,0.0,0.09405801564523807
D,2020-11-30T00:00:00+0000,54806.11857353364,6000.0,1.5,4858.0797522641315,0.0,4858.0797522641315,0.08864119333220107,0.0,0.08864119333220107
D,2020-12-01T00:00:00+0000,52667.19779597882,6000.0,1.5,4858.0797522641315,0.0,4858.0797522641315,0.09224109038577043,0.0,0.09224109038577043
D,2020-12-02T00:00:00+0000,53590.25375366097,6000.0,1.5,4858.0797522641315,0.0,4858.0797522641315,0.09065229984906083,0.0,0.09065229984906083
D,2020-12-03T00:00:00+0000,54484.32602337001,6000.0,1.5,4858.0797522641315,0.0,4858.0797522641315,0.08916472143163431,0.0,0.08916472143163431
D,2020-12-04T00:00:00+0000,51976.09103423077,6000.0,1.5,4858.0797522641315,0.0,4858.0797522641315,0.0934675858764497,0.0,0.0934675858764497
D,2020-12-05T00:00:00+0000,53554.85379565777,6000.0,1.5,4858.0797522641315,0.0,4858.0797522641315,0.0907122213571989,0.0,0.0907122213571989
D,2020-12-06T00:00:00+0000,53978.464069291054,6000.0,1.5,4858.0797522641315,0.0,4858.0797522641315,0.09000033320747906,0.0,0.09000033320747906
D,2020-12-07T00:00:00+0000,53422.21981409279,6000.0,1.5,4858.0797522641315,0.0,4858.0797522641315,0.09093743706588864,0.0,0.09093743706588864
D,2020-12-08T00:00:00+0000,51225.1792642233,6000.0,1.5,4858.0797522641315,0.0,4858.0797522641315,0.09483773062473425,0.0,0.09483773062473425
D,2020-12-09T00:00:00+0000,52093.11702632628,6000.0,1.5,4858.0797522641315,0.0,4858.0797522641315,0.09325761308944146,0.0,0.09325761308944146
D,2020-12-10T00:00:00+0000,51296.7364640634,6000.0,1.5,4858.0797522641315,0.0,4858.0797522641315,0.0947054352213522,0.0,0.0947054352213522
D,2020-12-11T00:00:00+0000,50568.76726798042,6000.0,1.5,4858.0797522641315,0.0,4858.0797522641315,0.09606877950019188,0.0,0.09606877950019188
D,2020-12-12T00:00:00+0000,52290.735455585345,6000.0,1.5,4858.0797522641315,0.0,4858.0797522641315,0.09290517163198982,0.0,0.09290517163198982
D,2020-12-13T00:00:00+0000,53487.615296016964,6000.0,1.5,4858.0797522641315,0.0,4858.0797522641315,0.09082625436520247,0.0,0.09082625436520247
D,2020-12-14T00:00:00+0000,53475.54148779257,6000.0,1.5,4858.0797522641315,0.0,4858.0797522641315,0.09084676128755305,0.0,0.09084676128755305
D,2020-12-15T00:00:00+0000,53751.10911533148,6000.0,1.5,4858.0797522641315,0.0,4858.0797522641315,0.09038101412643143,0.0,0.09038101412643143
D,2020-12-16T00:00:00+0000,57675.52440199889,6000.0,1.5,4858.0797522641315,0.0,4858.0797522641315,0.08423121944073321,0.0,0.08423121944073321
D,2020-12-17T00:00:00+0000,59651.78610625976,6000.0,1.5,4858.0797522641315,0.0,4858.0797522641315,0.08144064192160598,0.0,0.08144064192160598
D,2020-12-18T00:00:00+0000,60406.21464646707,6000.0,1.5,4858.0797522641315,0.0,4858.0797522641315,0.0804235090825752,0.0,0.0804235090825752
D,2020-12-19T00:00:00+0000,61427.34439345942,6000.0,1.5,4858.0797522641315,0.0,4858.0797522641315,0.07908659897694363,0.0,0.07908659897694363
D,2020-12-20T00:00:00+0000,60344.6185510592,6000.0,1.5,4858.0797522641315,0.0,4858.0797522641315,0.08050560048123563,0.0,0.08050560048123563
D,2020-12-21T00:00:00+0000,58459.00444457326,6000.0,1.5,4858.0797522641315,0.0,4858.0797522641315,0.08310233467746142,0.0,0.08310233467746142
D,2020-12-22T00:00:00+0000,60747.24285476453,6000.0,1.5,4858.0797522641315,0.0,4858.0797522641315,0.07997202052246068,0.0,0.07997202052246068
D,2020-12-23T00:00:00+0000,58392.72651314993,6000.0,1.5,4858.0797522641315,0.0,4858.0797522641315,0.08319665893953593,0.0,0.08319665893953593
D,2020-12-24T00:00:00+0000,59884.64378689415,6000.0,8.5,4858.0797522641315,0.0,4858.0797522641315,0.08112396509449273,0.0,0.08112396509449273
D,2020-12-25T00:00:00+0000,61573.983089731344,6000.0,8.5,4858.0797522641315,0.0,4858.0797522641315,0.07889825391325563,0.0,0.07889825391325563
D,2020-12-26T00:00:00+0000,64114.61333663279,6000.0,3.5,4858.0797522641315,0.0,4858.0797522641315,0.075771801457444,0.0,0.075771801457444
D,2020-12-27T00:00:00+0000,65421.44102988535,6000.0,0.0,4858.0797522641315,0.0,4858.0797522641315,0.0742582198708356,0.0,0.0742582198708356
D,2020-12-28T00:00:00+0000,67888.86686307532,6000.0,0.0,4858.0797522641315,0.0,4858.0797522641315,0.07155929943656837,0.0,0.07155929943656837
D,2020-12-29T00:00:00+0000,68327.78068307637,6000.0,0.0,4858.0797522641315,0.0,4858.0797522641315,0.07109962746773942,0.0,0.07109962746773942
D,2020-12-30T00:00:00+0000,70826.30933162384,6000.0,0.0,4858.0797522641315,0.0,4858.0797522641315,0.06859145701800681,0.0,0.06859145701800681
D,2020-12-31T00:00:00+0000,70383.58425517079,6000.0,0.0,4858.0797522641315,0.0,4858.0797522641315,0.06902290930015018,0.0,0.06902290930015018
D,2021-01-01T00:00:00+0000,70651.63294893861,6000.0,6.0,4858.0797522641315,0.0,4858.0797522641315,0.06876103990087767,0.0,0.06876103990087767
D,2021-01-02T00:00:00+0000,75648.54891815473,6000.0,2.75,4858.0797522641315,0.0,4858.0797522641315,0.06421907388494866,0.0,0.06421907388494866
D,2021-01-03T00:00:00+0000,83315.29222332165,6000.0,4.5,4858.0797522641315,0.0,4858.0797522641315,0.05830958066188305,0.0,0.05830958066188305
D,2021-01-04T00:00:00+0000,84144.99746761894,6000.0,4.5,4858.0797522641315,0.0,4858.0797522641315,0.05773462354828211,0.0,0.05773462354828211
D,2021-01-05T00:00:00+0000,88463.47810855636,6000.0,4.5,4858.0797522641315,0.0,4858.0797522641315,0.054916219169029584,0.0,0.054916219169029584
D,2021-01-06T00:00:00+0000,95493.54705438972,6000.0,4.5,4858.0797522641315,0.0,4858.0797522641315,0.0508733825699986,0.0,0.0508733825699986
D,2021-01-07T00:00:00+0000,99316.84585062142,6000.0,4.5,4858.0797522641315,0.0,4858.0797522641315,0.048914962116003755,0.0,0.048914962116003755
D,2021-01-08T00:00:00+0000,100485.10274284869,6000.0,4.5,4858.0797522641315,0.0,4858.0797522641315,0.04834626844833346,0.0,0.04834626844833346
D,2021-01-09T00:00:00+0000,101815.60970808406,6000.0,4.5,4858.0797522641315,0.0,4858.0797522641315,0.047714488634824775,0.0,0.047714488634824775
D,2021-01-10T00:00:00+0000,98732.85613159522,6000.0,4.5,4858.0797522641315,0.0,4858.0797522641315,0.04920428662358438,0.0,0.04920428662358438
D,2021-01-11T00:00:00+0000,89910.75150628638,6000.0,4.5,4858.0797522641315,0.0,4858.0797522641315,0.0540322449860122,0.0,0.0540322449860122
D,2021-01-12T00:00:00+0000,87054.10325101812,6000.0,4.5,4858.0797522641315,0.0,4858.0797522641315,0.05580529315494746,0.0,0.05580529315494746
D,2021-01-13T00:00:00+0000,93756.34096468992,6000.0,4.5,4858.0797522641315,0.0,4858.0797522641315,0.051816012680078447,0.0,0.051816012680078447
D,2021-01-14T00:00:00+0000,99271.14090793542,6000.0,4.5,4858.0797522641315,0.0,4858.0797522641315,0.04893748281557014,0.0,0.04893748281557014
D,2021-01-15T00:00:00+0000,94265.09601277937,6000.0,4.5,4858.0797522641315,0.0,4858.0797522641315,0.051536358182943234,0.0,0.051536358182943234
D,2021-01-16T00:00:00+0000,95290.46510603567,6000.0,4.5,4858.0797522641315,0.0,4858.0797522641315,0.05098180334053613,0.0,0.05098180334053613
D,2021-01-17T00:00:00+0000,95248.27998638843,6000.0,4.5,4858.0797522641315,0.0,4858.0797522641315,0.05100438299734527,0.0,0.05100438299734527
D,2021-01-18T00:00:00+0000,97098.40578383132,6000.0,4.5,4858.0797522641315,0.0,4858.0797522641315,0.05003253877390736,0.0,0.05003253877390736
D,2021-01-19T00:00:00+0000,99685.2419879098,6000.0,4.5,4858.0797522641315,0.0,4858.0797522641315,0.04873419229752522,0.0,0.04873419229752522
D,2021-01-20T00:00:00+0000,99554.42039304704,6000.0,4.5,4858.0797522641315,0.0,4858.0797522641315,0.04879823249519339,0.0,0.04879823249519339
D,2021-01-21T00:00:00+0000,85187.7899966478,6000.0,4.5,4858.0797522641315,0.0,4858.0797522641315,0.057027888063011144,0.0,0.057027888063011144
D,2021-01-22T00:00:00+0000,91755.10992978263,6000.0,4.5,4858.0797522641315,0.0,4858.0797522641315,0.05294614933143092,0.0,0.05294614933143092
D,2021-01-23T00:00:00+0000,90728.03638956667,6000.0,4.5,4858.0797522641315,0.0,4858.0797522641315,0.05354551851430557,0.0,0.05354551851430557
D,2021-01-24T00:00:00+0000,96148.73110995156,6000.0,4.5,4858.0797522641315,0.0,4858.0797522641315,0.050526717265864274,0.0,0.050526717265864274
D,2021-01-25T00:00:00+0000,93718.69526785376,6000.0,4.5,4858.0797522641315,0.0,4858.0797522641315,0.05183682656250647,0.0,0.05183682656250647
D,2021-01-26T00:00:00+0000,95563.62852719775,6000.0,4.5,4858.0797522641315,0.0,4858.0797522641315,0.050836074635670664,0.0,0.050836074635670664
D,2021-01-27T00:00:00+0000,88835.9838922714,6000.0,4.5,4858.0797522641315,0.0,4858.0797522641315,0.05468594526014787,0.0,0.05468594526014787
D,2021-01-28T00:00:00+0000,95514.54885845628,6000.0,4.5,4858.0797522641315,0.0,4858.0797522641315,0.05086219649598467,0.0,0.05086219649598467
D,2021-01-29T00:00:00+0000,98249.49326376608,6000.0,4.5,4858.0797522641315,0.0,4858.0797522641315,0.049446359374311064,0.0,0.049446359374311064
D,2021-01-30T00:00:00+0000,98227.42329961462,6000.0,4.5,4858.0797522641315,0.0,4858.0797522641315,0.0494574690964452,0.0,0.0494574690964452
D,2021-01-31T00:00:00+0000,94654.54162351263,6000.0,4.5,4858.0797522641315,0.0,4858.0797522641315,0.05132431755453519,0.0,0.05132431755453519
D,2021-02-01T00:00:00+0000,97213.18223165181,6000.0,4.5,4858.0797522641315,0.0,4858.0797522641315,0.04997346697989669,0.0,0.04997346697989669
D,2021-02-02T00:00:00+0000,104119.90499442289,6000.0,4.5,4858.0797522641315,0.0,4858.0797522641315,0.04665851118980901,0.0,0.04665851118980901
D,2021-02-03T00:00:00+0000,111777.77333394418,6000.0,4.5,4858.0797522641315,0.0,4858.0797522641315,0.043461947821686046,0.0,0.043461947821686046
D,2021-02-04T00:00:00+0000,108699.11081924866,6000.0,4.5,4858.0797522641315,0.0,4858.0797522641315,0.04469291161307138,0.0,0.04469291161307138
D,2021-02-05T00:00:00+0000,114418.51107667037,6000.0,4.5,4858.0797522641315,0.0,4858.0797522641315,0.04245886182707617,0.0,0.04245886182707617
D,2021-02-06T00:00:00+0000,114144.53676639407,6000.0,4.5,4858.0797522641315,0.0,4858.0797522641315,0.0425607732957608,0.0,0.0425607732957608
D,2021-02-07T00:00:00+0000,111559.79122639986,6000.0,4.5,4858.0797522641315,0.0,4858.0797522641315,0.04354687023754936,0.0,0.04354687023754936
D,2021-02-08T00:00:00+0000,125493.83145209693,6000.0,4.5,4858.0797522641315,0.0,4858.0797522641315,0.038711701571710645,0.0,0.038711701571710645
D,2021-02-09T00:00:00+0000,126181.27315147524,6000.0,4.5,4858.0797522641315,0.0,4858.0797522641315,0.03850079834296975,0.0,0.03850079834296975
D,2021-02-10T00:00:00+0000,123266.66216036059,6000.0,4.5,4858.0797522641315,0.0,4858.0797522641315,0.03941114058839476,0.0,0.03941114058839476
D,2021-02-11T00:00:00+0000,128666.56042518382,6000.0,4.5,4858.0797522641315,0.0,4858.0797522641315,0.037757127696663464,0.0,0.037757127696663464
D,2021-02-12T00:00:00+0000,129614.41532433304,6000.0,4.5,4858.0797522641315,0.0,4858.0797522641315,0.03748101428462104,0.0,0.03748101428462104
D,2021-02-13T00:00:00+0000,128634.83801453354,6000.0,4.5,4858.0797522641315,0.0,4858.0797522641315,0.03776643891536795,0.0,0.03776643891536795
D,2021-02-14T00:00:00+0000,129941.19656606801,6000.0,4.5,4858.0797522641315,0.0,4858.0797522641315,0.03738675555287859,0.0,0.03738675555287859
D,2021-02-15T00:00:00+0000,128434.37018606611,6000.0,4.5,4858.0797522641315,0.0,4858.0797522641315,0.0378253869678818,0.0,0.0378253869678818
D,2021-02-16T00:00:00+0000,130054.57024851661,6000.0,4.5,4858.0797522641315,0.0,4858.0797522641315,0.03735416404806845,0.0,0.03735416404806845
D,2021-02-17T00:00:00+0000,135992.51266198436,6000.0,4.5,4858.0797522641315,0.0,4858.0797522641315,0.0357231413492529,0.0,0.0357231413492529
D,2021-02-18T00:00:00+0000,138226.6898253311,6000.0,4.5,4858.0797522641315,0.0,4858.0797522641315,0.03514574325987984,0.0,0.03514574325987984
D,2021-02-19T00:00:00+0000,144153.46854693966,6000.0,4.5,4858.0797522641315,0.0,4858.0797522641315,0.03370074824583378,0.0,0.03370074824583378
D,2021-02-20T00:00:00+0000,142714.69436508205,6000.0,4.5,4858.0797522641315,0.0,4858.0797522641315,0.034040501392495405,0.0,0.034040501392495405
D,2021-02-21T00:00:00+0000,145345.73543587464,6000.0,4.5,4858.0797522641315,0.0,4858.0797522641315,0.033424301976905796,0.0,0.033424301976905796
D,2021-02-22T00:00:00+0000,136139.4346332931,6000.0,4.5,4858.0797522641315,0.0,4858.0797522641315,0.03568458885810652,0.0,0.03568458885810652
D,2021-02-23T00:00:00+0000,123172.48403517055,6000.0,4.5,4858.0797522641315,0.0,4858.0797522641315,0.03944127448852099,0.0,0.03944127448852099
D,2021-02-24T00:00:00+0000,125645.84168466297,6000.0,4.5,4858.0797522641315,0.0,4858.0797522641315,0.038664866955617966,0.0,0.038664866955617966
D,2021-02-25T00:00:00+0000,117797.63713300068,6000.0,4.5,4858.0797522641315,0.0,4858.0797522641315,0.041240893030639186,0.0,0.041240893030639186
D,2021-02-26T00:00:00+0000,115605.53993990584,6000.0,4.5,4858.0797522641315,0.0,4858.0797522641315,0.04202289747350743,0.0,0.04202289747350743
D,2021-02-27T00:00:00+0000,115846.71623873833,6000.0,4.5,4858.0797522641315,0.0,4858.0797522641315,0.04193541180962386,0.0,0.04193541180962386
D,2021-02-28T00:00:00+0000,113379.35609559773,6000.0,4.5,4858.0797522641315,0.0,4858.0797522641315,0.04284800972205168,0.0,0.04284800972205168
D,2021-03-01T00:00:00+0000,123851.9689310389,6000.0,4.5,4858.0797522641315,0.0,4858.0797522641315,0.039224889149474265,0.0,0.039224889149474265
D,2021-03-02T00:00:00+0000,119725.65300979844,6000.0,4.5,4858.0797522641315,0.0,4858.0797522641315,0.04057676554803625,0.0,0.04057676554803625
D,2021-03-03T00:00:00+0000,124755.52444986546,6000.0,4.5,4858.0797522641315,0.0,4858.0797522641315,0.038940798603403014,0.0,0.038940798603403014
D,2021-03-04T00:00:00+0000,121377.123045494,6000.0,4.5,4858.0797522641315,0.0,4858.0797522641315,0.040024673763632126,0.0,0.040024673763632126
D,2021-03-05T00:00:00+0000,121503.71452336624,6000.0,4.5,4858.0797522641315,0.0,4858.0797522641315,0.03998297312408403,0.0,0.03998297312408403
D,2021-03-06T00:00:00+0000,125659.64387678842,6000.0,4.5,4858.0797522641315,0.0,4858.0797522641315,0.038660620087604,0.0,0.038660620087604
D,2021-03-07T00:00:00+0000,130750.68807583136,6000.0,4.5,4858.0797522641315,0.0,4858.0797522641315,0.03715529014613365,0.0,0.03715529014613365
D,2021-03-08T00:00:00+0000,136004.80205868947,6000.0,4.5,4858.0797522641315,0.0,4858.0797522641315,0.035719913405467464,0.0,0.035719913405467464
D,2021-03-09T00:00:00+0000,140365.29934931832,6000.0,4.5,4858.0797522641315,0.0,4858.0797522641315,0.03461026175831487,0.0,0.03461026175831487
D,2021-03-10T00:00:00+0000,139124.71360463317,6000.0,4.5,4858.0797522641315,0.0,4858.0797522641315,0.03491888411766941,0.0,0.03491888411766941
D,2021-03-11T00:00:00+0000,142535.37109292648,6000.0,4.5,4858.0797522641315,0.0,4858.0797522641315,0.03408332763308897,0.0,0.03408332763308897
D,2021-03-12T00:00:00+0000,139912.25979982052,6000.0,4.5,4858.0797522641315,0.0,4858.0797522641315,0.03472233068935367,0.0,0.03472233068935367
D,2021-03-13T00:00:00+0000,149973.88445845392,6000.0,4.5,4858.0797522641315,0.0,4858.0797522641315,0.03239283805848162,0.0,0.03239283805848162
D,2021-03-14T00:00:00+0000,144791.42341659026,6000.0,4.5,4858.0797522641315,0.0,4858.0797522641315,0.033552261851080685,0.0,0.033552261851080685
D,2021-03-15T00:00:00+0000,138821.37690069948,6000.0,4.5,4858.0797522641315,0.0,4858.0797522641315,0.03499518489676969,0.0,0.03499518489676969
D,2021-03-16T00:00:00+0000,140831.55356374194,6000.0,4.5,4858.0797522641315,0.0,4858.0797522641315,0.0344956767807387,0.0,0.0344956767807387
D,2021-03-17T00:00:00+0000,143959.91685356575,6000.0,4.5,4858.0797522641315,0.0,4858.0797522641315,0.03374605833654176,0.0,0.03374605833654176
D,2021-03-18T00:00:00+0000,140842.00887510268,6000.0,4.5,4858.0797522641315,0.0,4858.0797522641315,0.034493116017481895,0.0,0.034493116017481895
D,2021-03-19T00:00:00+0000,142408.28570718266,6000.0,4.5,4858.0797522641315,0.0,4858.0797522641315,0.034113743650093696,0.0,0.034113743650093696
D,2021-03-20T00:00:00+0000,142412.58044502203,6000.0,4.5,4858.0797522641315,0.0,4858.0797522641315,0.03411271488153098,0.0,0.03411271488153098
D,2021-03-21T00:00:00+0000,140731.91845762866,6000.0,4.5,4858.0797522641315,0.0,4858.0797522641315,0.03452009896196217,0.0,0.03452009896196217
D,2021-03-22T00:00:00+0000,133329.33959504272,6000.0,4.5,4858.0797522641315,0.0,4858.0797522641315,0.03643668953149722,0.0,0.03643668953149722
D,2021-03-23T00:00:00+0000,133242.94740833662,6000.0,4.5,4858.0797522641315,0.0,4858.0797522641315,0.036460314386292055,0.0,0.036460314386292055
D,2021-03-24T00:00:00+0000,127893.02299898202,6000.0,4.5,4858.0797522641315,0.0,4858.0797522641315,0.0379854947388553,0.0,0.0379854947388553
D,2021-03-25T00:00:00+0000,126768.74522621134,6000.0,4.5,4858.0797522641315,0.0,4858.0797522641315,0.0383223778352872,0.0,0.0383223778352872
D,2021-03-26T00:00:00+0000,135139.62798408838,6000.0,4.5,4858.0797522641315,0.0,4858.0797522641315,0.03594859498086033,0.0,0.03594859498086033
D,2021-03-27T00:00:00+0000,136592.09234990762,6000.0,4.5,4858.0797522641315,0.0,4858.0797522641315,0.03556633234535423,0.0,0.03556633234535423
D,2021-03-28T00:00:00+0000,135718.8679581615,6000.0,4.5,4858.0797522641315,0.0,4858.0797522641315,0.03579516853737497,0.0,0.03579516853737497
D,2021-03-29T00:00:00+0000,142288.72500167627,6000.0,4.5,4858.0797522641315,0.0,4858.0797522641315,0.034142408347582705,0.0,0.034142408347582705
D,2021-03-30T00:00:00+0000,144465.64885648328,6000.0,4.5,4858.0797522641315,0.0,4858.0797522641315,0.03362792325177801,0.0,0.03362792325177801
D,2021-03-31T00:00:00+0000,147044.36284166103,6000.0,4.5,4858.0797522641315,0.0,4858.0797522641315,0.033038191049155445,0.0,0.033038191049155445
D,2021-04-01T00:00:00+0000,148619.16170309138,6000.0,4.5,4858.0797522641315,0.0,4858.0797522641315,0.03268811165796719,0.0,0.03268811165796719
D,2021-04-02T00:00:00+0000,154322.16179198062,6000.0,4.5,4858.0797522641315,0.0,4858.0797522641315,0.03148011728096841,0.0,0.03148011728096841
D,2021-04-03T00:00:00+0000,147872.51017610313,6000.0,4.5,4858.0797522641315,0.0,4858.0797522641315,0.03285316348845763,0.0,0.03285316348845763
D,2021-04-04T00:00:00+0000,151516.87177895522,6000.0,4.5,4858.0797522641315,0.0,4858.0797522641315,0.032062962330369926,0.0,0.032062962330369926
D,2021-04-05T00:00:00+0000,153725.83693369996,6000.0,4.5,4858.0797522641315,0.0,4858.0797522641315,0.03160223323005462,0.0,0.03160223323005462
D,2021-04-06T00:00:00+0000,152467.81842293916,6000.0,4.5,4858.0797522641315,0.0,4858.0797522641315,0.03186298461218896,0.0,0.03186298461218896
D,2021-04-07T00:00:00+0000,145072.82824069078,6000.0,4.5,4858.0797522641315,0.0,4858.0797522641315,0.03348717889613399,0.0,0.03348717889613399
D,2021-04-08T00:00:00+0000,151564.69123080326,6000.0,4.5,4858.0797522641315,0.0,4858.0797522641315,0.03205284629825973,0.0,0.03205284629825973
D,2021-04-09T00:00:00+0000,151214.86811904184,6000.0,4.5,4858.0797522641315,0.0,4858.0797522641315,0.03212699791160532,0.0,0.03212699791160532
D,2021-04-10T00:00:00+0000,155440.271140963,6000.0,4.5,4858.0797522641315,0.0,4858.0797522641315,0.03125367523232457,0.0,0.03125367523232457
D,2021-04-11T00:00:00+0000,156327.94123300404,6000.0,4.5,4858.0797522641315,0.0,4858.0797522641315,0.03107620885906282,0.0,0.03107620885906282
D,2021-04-12T00:00:00+0000,155715.17085539515,6000.0,4.5,4858.0797522641315,0.0,4858.0797522641315,0.03119849996360076,0.0,0.03119849996360076
D,2021-04-13T00:00:00+0000,165657.76891350752,6000.0,4.5,4858.0797522641315,0.0,4858.0797522641315,0.029326000127410927,0.0,0.029326000127410927
D,2021-04-14T00:00:00+0000,169249.33060274136,6000.0,4.5,4858.0797522641315,0.0,4858.0797522641315,0.028703686655440423,0.0,0.028703686655440423
D,2021-04-15T00:00:00+0000,172169.6672641313,6000.0,4.5,4858.0797522641315,0.0,4858.0797522641315,0.028216815595114016,0.0,0.028216815595114016
D,2021-04-16T00:00:00+0000,166909.51606602594,6000.0,4.5,4858.0797522641315,0.0,4858.0797522641315,0.029106068166553044,0.0,0.029106068166553044
D,2021-04-17T00:00:00+0000,161825.96908842484,6000.0,4.5,4858.0797522641315,0.0,4858.0797522641315,0.03002039647672113,0.0,0.03002039647672113
D,2021-04-18T00:00:00+0000,154320.95913897885,6000.0,4.5,4858.0797522641315,0.0,4858.0797522641315,0.03148036261159462,0.0,0.03148036261159462
D,2021-04-19T00:00:00+0000,151252.53188638677,6000.0,4.5,4858.0797522641315,0.0,4858.0797522641315,0.03211899788833469,0.0,0.03211899788833469
D,2021-04-20T00:00:00+0000,157769.67097305934,6000.0,4.5,4858.0797522641315,0.0,4858.0797522641315,0.030792228457481502,0.0,0.030792228457481502
D,2021-04-21T00:00:00+0000,155349.26170429523,6000.0,4.5,4858.0797522641315,0.0,4858.0797522641315,0.031271984810017354,0.0,0.031271984810017354
D,2021-04-22T00:00:00+0000,154059.52873213432,6000.0,4.5,4858.0797522641315,0.0,4858.0797522641315,0.031533783026890534,0.0,0.031533783026890534
D,2021-04-23T00:00:00+0000,152364.14707159306,6000.0,4.5,4858.0797522641315,0.0,4858.0797522641315,0.03188466476947106,0.0,0.03188466476947106
D,2021-04-24T00:00:00+0000,145996.6646558066,6000.0,4.5,4858.0797522641315,0.0,4858.0797522641315,0.033275279018991716,0.0,0.033275279018991716
D,2021-04-25T00:00:00+0000,148270.04547216074,6000.0,4.5,4858.0797522641315,0.0,4858.0797522641315,0.0327650789934929,0.0,0.0327650789934929
D,2021-04-26T00:00:00+0000,161407.60086235814,6000.0,4.5,4858.0797522641315,0.0,4858.0797522641315,0.03009820929317266,0.0,0.03009820929317266
D,2021-04-27T00:00:00+0000,167046.841964869,6000.0,4.5,4858.0797522641315,0.0,4858.0797522641315,0.029082140644633176,0.0,0.029082140644633176
D,2021-04-28T00:00:00+0000,169528.88271960896,6000.0,4.5,4858.0797522641315,0.0,4858.0797522641315,0.02865635444727797,0.0,0.02865635444727797
D,2021-04-29T00:00:00+0000,168203.16111332062,6000.0,4.5,4858.0797522641315,0.0,4858.0797522641315,0.028882214341924176,0.0,0.028882214341924176
D,2021-04-30T00:00:00+0000,173926.71796837414,6000.0,4.5,4858.0797522641315,0.0,4858.0797522641315,0.02793176234802233,0.0,0.02793176234802233
D,2021-05-01T00:00:00+0000,179694.64570193554,6000.0,4.5,4858.0797522641315,0.0,4858.0797522641315,0.02703519480665196,0.0,0.02703519480665196
D,2021-05-02T00:00:00+0000,178324.2078582765,6000.0,4.5,4858.0797522641315,0.0,4858.0797522641315,0.027242962750885173,0.0,0.027242962750885173
D,2021-05-03T00:00:00+0000,194787.16257487598,6000.0,4.5,4858.0797522641315,0.0,4858.0797522641315,0.024940451352366153,0.0,0.024940451352366153
D,2021-05-04T00:00:00+0000,183535.39527274558,6000.0,4.5,4858.0797522641315,0.0,4858.0797522641315,0.026469443373822843,0.0,0.026469443373822843
D,2021-05-05T00:00:00+0000,198188.83237182972,6000.0,4.5,4858.0797522641315,0.0,4858.0797522641315,0.02451237889705965,0.0,0.02451237889705965
D,2021-05-06T00:00:00+0000,195761.10694699956,6000.0,4.5,4858.0797522641315,0.0,4858.0797522641315,0.024816368419797556,0.0,0.024816368419797556
D,2021-05-07T00:00:00+0000,196601.0474159819,6000.0,4.5,4858.0797522641315,0.0,4858.0797522641315,0.024710345220008288,0.0,0.024710345220008288
D,2021-05-08T00:00:00+0000,212614.22758789218,6000.0,4.5,4858.0797522641315,0.0,4858.0797522641315,0.022849269342785913,0.0,0.022849269342785913
D,2021-05-09T00:00:00+0000,212289.94064828166,6000.0,4.5,4858.0797522641315,0.0,4858.0797522641315,0.022884173114509063,0.0,0.022884173114509063
D,2021-05-10T00:00:00+0000,209960.39390121127,6000.0,4.5,4858.0797522641315,0.0,4858.0797522641315,0.023138076958218668,0.0,0.023138076958218668
D,2021-05-11T00:00:00+0000,218472.85909951088,6000.0,4.5,4858.0797522641315,0.0,4858.0797522641315,0.022236536713475034,0.0,0.022236536713475034
D,2021-05-12T00:00:00+0000,198181.79408267786,6000.0,4.5,4858.0797522641315,0.0,4858.0797522641315,0.024513249437218377,0.0,0.024513249437218377
D,2021-05-13T00:00:00+0000,194808.69496083085,6000.0,4.5,4858.0797522641315,0.0,4858.0797522641315,0.02493769466111828,0.0,0.02493769466111828
D,2021-05-14T00:00:00+0000,206684.9619954543,6000.0,4.5,4858.0797522641315,0.0,4858.0797522641315,0.02350475673392715,0.0,0.02350475673392715
D,2021-05-15T00:00:00+0000,188839.3606668978,6000.0,4.5,4858.0797522641315,0.0,4858.0797522641315,0.025725991314032862,0.0,0.025725991314032862
D,2021-05-16T00:00:00+0000,186326.03715135064,6000.0,4.5,4858.0797522641315,0.0,4858.0797522641315,0.02607300528974362,0.0,0.02607300528974362
D,2021-05-17T00:00:00+0000,172912.22888232925,6000.0,4.5,4858.0797522641315,0.0,4858.0797522641315,0.028095640104033166,0.0,0.028095640104033166
D,2021-05-18T00:00:00+0000,174983.06766690983,6000.0,4.5,45846.75013883511,0.0,45846.75013883511,0.2620067801423335,0.0,0.2620067801423335
D,2021-05-19T00:00:00+0000,144697.06823780615,6000.0,4.5,45846.75013883511,0.0,45846.75013883511,0.31684643439690896,0.0,0.31684643439690896
D,2021-05-20T00:00:00+0000,154085.828522082,6000.0,4.5,66321.30621317426,0.0,66321.30621317426,0.43041794855047144,0.0,0.43041794855047144
D,2021-05-21T00:00:00+0000,144668.17212834526,6000.0,4.5,66321.30621317426,0.0,66321.30621317426,0.4584374381556158,0.0,0.4584374381556158
D,2021-05-22T00:00:00+0000,141371.95074972586,6000.0,4.5,66321.30621317426,0.0,66321.30621317426,0.4691263426829588,0.0,0.4691263426829588
D,2021-05-23T00:00:00+0000,135556.89333066042,6000.0,4.5,66321.30621317426,0.0,66321.30621317426,0.48925070930475234,0.0,0.48925070930475234
D,2021-05-24T00:00:00+0000,150596.5424521857,6000.0,4.5,66321.30621317426,0.0,66321.30621317426,0.44039063004538254,0.0,0.44039063004538254
D,2021-05-25T00:00:00+0000,151859.3602439143,6000.0,4.5,66321.30621317426,0.0,66321.30621317426,0.43672847104485324,0.0,0.43672847104485324
D,2021-05-26T00:00:00+0000,156626.53229839745,6000.0,4.5,66321.30621317426,0.0,66321.30621317426,0.4234359609444845,0.0,0.4234359609444845
D,2021-05-27T00:00:00+0000,152869.81613073553,6000.0,4.5,66321.30621317426,0.0,66321.30621317426,0.4338417346983379,0.0,0.4338417346983379
D,2021-05-28T00:00:00+0000,143764.29962256955,6000.0,4.5,66321.30621317426,0.0,66321.30621317426,0.4613197183674276,0.0,0.4613197183674276
D,2021-05-29T00:00:00+0000,140125.31095343822,6000.0,4.5,66321.30621317426,0.0,66321.30621317426,0.4732999753000509,0.0,0.4732999753000509
D,2021-05-30T00:00:00+0000,143133.8345075996,6000.0,4.5,66321.30621317426,0.0,66321.30621317426,0.4633517046568956,0.0,0.4633517046568956
D,2021-05-31T00:00:00+0000,151608.3227788737,6000.0,4.5,66321.30621317426,0.0,66321.30621317426,0.4374516187340607,0.0,0.4374516187340607
D,2021-06-01T00:00:00+0000,149662.69002942985,6000.0,4.5,66321.30621317426,0.0,66321.30621317426,0.4431385417443236,0.0,0.4431385417443236
D,2021-06-02T00:00:00+0000,151737.7536590189,6000.0,4.5,66321.30621317426,0.0,66321.30621317426,0.4370784766078043,0.0,0.4370784766078043
D,2021-06-03T00:00:00+0000,156044.15408738592,6000.0,4.5,66321.30621317426,0.0,66321.30621317426,0.42501628209688536,0.0,0.42501628209688536
D,2021-06-04T00:00:00+0000,151103.9033602709,6000.0,4.5,66321.30621317426,0.0,66321.30621317426,0.438911932374421,0.0,0.438911932374421
D,2021-06-05T00:00:00+0000,149151.12494454882,6000.0,4.5,66321.30621317426,0.0,66321.30621317426,0.44465843779476083,0.0,0.44465843779476083
D,2021-06-06T00:00:00+0000,151342.5795597686,6000.0,4.5,66321.30621317426,0.0,66321.30621317426,0.4382197422965325,0.0,0.4382197422965325
D,2021-06-07T00:00:00+0000,147642.8302674357,6000.0,4.5,66321.30621317426,0.0,66321.30621317426,0.44920099467777663,0.0,0.44920099467777663
D,2021-06-08T00:00:00+0000,145496.38817540748,6000.0,4.5,66321.30621317426,0.0,66321.30621317426,0.4558278528070308,0.0,0.4558278528070308
D,2021-06-09T00:00:00+0000,149385.89463323937,6000.0,4.5,66321.30621317426,0.0,66321.30621317426,0.4439596280224527,0.0,0.4439596280224527
D,2021-06-10T00:00:00+0000,145715.40181395126,6000.0,4.5,66321.30621317426,0.0,66321.30621317426,0.45514273294083896,0.0,0.45514273294083896
D,2021-06-11T00:00:00+0000,143043.8550043152,6000.0,4.5,66321.30621317426,0.0,66321.30621317426,0.4636431688112261,0.0,0.4636431688112261
D,2021-06-12T00:00:00+0000,142877.79365609906,6000.0,4.5,66321.30621317426,0.0,66321.30621317426,0.4641820433818211,0.0,0.4641820433818211
D,2021-06-13T00:00:00+0000,147478.86532083948,6000.0,4.5,66321.30621317426,0.0,66321.30621317426,0.44970041008176065,0.0,0.44970041008176065
D,2021-06-14T00:00:00+0000,149758.65266694734,6000.0,4.5,66321.30621317426,0.0,66321.30621317426,0.4428545865771653,0.0,0.4428545865771653
D,2021-06-15T00:00:00+0000,148724.2209014212,6000.0,4.5,66321.30621317426,0.0,66321.30621317426,0.4459348034314732,0.0,0.4459348034314732
D,2021-06-16T00:00:00+0000,143785.52576469025,6000.0,4.5,66321.30621317426,0.0,66321.30621317426,0.4612516166732336,0.0,0.4612516166732336
D,2021-06-17T00:00:00+0000,143845.59369665812,6000.0,4.5,66321.30621317426,0.0,66321.30621317426,0.4610590043726523,0.0,0.4610590043726523
D,2021-06-18T00:00:00+0000,139649.78712930094,6000.0,4.5,66321.30621317426,0.0,66321.30621317426,0.4749116169562632,0.0,0.4749116169562632
D,2021-06-19T00:00:00+0000,137829.20266891445,6000.0,4.5,66321.30621317426,0.0,66321.30621317426,0.4811847194131099,0.0,0.4811847194131099
D,2021-06-20T00:00:00+0000,139832.71753642274,6000.0,4.5,66321.30621317426,0.0,66321.30621317426,0.4742903333470531,0.0,0.4742903333470531
D,2021-06-21T00:00:00+0000,129637.94562854123,6000.0,4.5,66321.30621317426,0.0,66321.30621317426,0.5115886856399928,0.0,0.5115886856399928
D,2021-06-22T00:00:00+0000,129797.82707906148,6000.0,4.5,66321.30621317426,0.0,66321.30621317426,0.5109585245427655,0.0,0.5109585245427655
D,2021-06-23T00:00:00+0000,132403.7400936636,6000.0,4.5,66321.30621317426,0.0,66321.30621317426,0.5009020603667085,0.0,0.5009020603667085
D,2021-06-24T00:00:00+0000,133276.57136560365,6000.0,4.5,66321.30621317426,0.0,66321.30621317426,0.4976216414754696,0.0,0.4976216414754696
D,2021-06-25T00:00:00+0000,127775.47301182523,6000.0,4.5,66321.30621317426,0.0,66321.30621317426,0.5190456716762569,0.0,0.5190456716762569
D,2021-06-26T00:00:00+0000,128539.09147888492,6000.0,4.5,66321.30621317426,0.0,66321.30621317426,0.5159621516701699,0.0,0.5159621516701699
D,2021-06-27T00:00:00+0000,133148.14159007656,6000.0,4.5,66321.30621317426,0.0,66321.30621317426,0.4981016289161421,0.0,0.4981016289161421
D,2021-06-28T00:00:00+0000,135621.4322320709,6000.0,4.5,66321.30621317426,0.0,66321.30621317426,0.4890178869346214,0.0,0.4890178869346214
D,2021-06-29T00:00:00+0000,138116.98394981952,6000.0,4.5,66321.30621317426,0.0,66321.30621317426,0.48018212037753466,0.0,0.48018212037753466
D,2021-06-30T00:00:00+0000,140570.43727497786,6000.0,4.5,66321.30621317426,0.0,66321.30621317426,0.4718012371508767,0.0,0.4718012371508767
D,2021-07-01T00:00:00+0000,135867.09876329394,6000.0,4.5,66321.30621317426,0.0,66321.30621317426,0.48813367486942855,0.0,0.48813367486942855
D,2021-07-02T00:00:00+0000,137157.14857616287,6000.0,4.5,66321.30621317426,0.0,66321.30621317426,0.4835424686329512,0.0,0.4835424686329512
D,2021-07-03T00:00:00+0000,139273.75334504474,6000.0,4.5,66321.30621317426,0.0,66321.30621317426,0.47619386007976733,0.0,0.47619386007976733
D,2021-07-04T00:00:00+0000,141866.50055721507,6000.0,4.5,66321.30621317426,0.0,66321.30621317426,0.4674909577150438,0.0,0.4674909577150438
D,2021-07-05T00:00:00+0000,138209.90513497897,6000.0,4.5,66321.30621317426,0.0,66321.30621317426,0.4798592846757499,0.0,0.4798592846757499
D,2021-07-06T00:00:00+0000,141523.40502662607,6000.0,4.5,66321.30621317426,0.0,66321.30621317426,0.4686242971662294,0.0,0.4686242971662294
D,2021-07-07T00:00:00+0000,141266.34464210004,6000.0,4.5,66321.30621317426,0.0,66321.30621317426,0.4694770462221563,0.0,0.4694770462221563
D,2021-07-08T00:00:00+0000,135980.51248388307,6000.0,4.5,66321.30621317426,0.0,66321.30621317426,0.4877265499424774,0.0,0.4877265499424774
D,2021-07-09T00:00:00+0000,137073.12595921272,6000.0,4.5,66321.30621317426,0.0,66321.30621317426,0.4838388688451501,0.0,0.4838388688451501
D,2021-07-10T00:00:00+0000,136078.74010883423,6000.0,4.5,66321.30621317426,0.0,66321.30621317426,0.4873744874484525,0.0,0.4873744874484525
D,2021-07-11T00:00:00+0000,137086.80446518274,6000.0,4.5,66321.30621317426,0.0,66321.30621317426,0.48379059145709774,0.0,0.48379059145709774
D,2021-07-12T00:00:00+0000,133999.77514148116,6000.0,4.5,66321.30621317426,0.0,66321.30621317426,0.49493595152044206,0.0,0.49493595152044206
D,2021-07-13T00:00:00+0000,131623.9691620027,6000.0,4.5,66321.30621317426,0.0,66321.30621317426,0.5038695203876282,0.0,0.5038695203876282
D,2021-07-14T00:00:00+0000,133015.80633904645,6000.0,4.5,66321.30621317426,0.0,66321.30621317426,0.4985971820832079,0.0,0.4985971820832079
D,2021-07-15T00:00:00+0000,130844.89882837467,6000.0,4.5,66321.30621317426,0.0,66321.30621317426,0.5068696357827899,0.0,0.5068696357827899
D,2021-07-16T00:00:00+0000,129614.52000532803,6000.0,4.5,66321.30621317426,0.0,66321.30621317426,0.511681146606476,0.0,0.511681146606476
D,2021-07-17T00:00:00+0000,130251.39501702505,6000.0,4.5,66321.30621317426,0.0,66321.30621317426,0.509179239151377,0.0,0.509179239151377
D,2021-07-18T00:00:00+0000,130155.44652566404,6000.0,4.5,66321.30621317426,0.0,66321.30621317426,0.5095545978561645,0.0,0.5095545978561645
D,2021-07-19T00:00:00+0000,128036.94484122853,6000.0,4.5,66321.30621317426,0.0,66321.30621317426,0.517985697764154,0.0,0.517985697764154
D,2021-07-20T00:00:00+0000,126876.46644406402,6000.0,4.5,66321.30621317426,0.0,66321.30621317426,0.5227234653671042,0.0,0.5227234653671042
D,2021-07-21T00:00:00+0000,132892.78849144932,6000.0,4.5,66321.30621317426,0.0,66321.30621317426,0.4990587297176141,0.0,0.4990587297176141
D,2021-07-22T00:00:00+0000,133674.4438811188,6000.0,4.5,66321.30621317426,0.0,66321.30621317426,0.4961405059007094,0.0,0.4961405059007094
D,2021-07-23T00:00:00+0000,136623.35603686754,6000.0,4.5,66321.30621317426,0.0,66321.30621317426,0.4854316870629176,0.0,0.4854316870629176
D,2021-07-24T00:00:00+0000,138350.976009432,6000.0,4.5,66321.30621317426,0.0,66321.30621317426,0.4793699916410626,0.0,0.4793699916410626
D,2021-07-25T00:00:00+0000,138877.83387314266,6000.0,4.5,66321.30621317426,0.0,66321.30621317426,0.4775514159715017,0.0,0.4775514159715017
D,2021-07-26T00:00:00+0000,140483.10303798446,6000.0,4.5,66321.30621317426,0.0,66321.30621317426,0.47209454218306957,0.0,0.47209454218306957
D,2021-07-27T00:00:00+0000,143037.19141989358,6000.0,4.5,66321.30621317426,0.0,66321.30621317426,0.4636647682663483,0.0,0.4636647682663483
D,2021-07-28T00:00:00+0000,143279.55644077522,6000.0,4.5,66321.30621317426,0.0,66321.30621317426,0.4628804545510179,0.0,0.4628804545510179
D,2021-07-29T00:00:00+0000,145322.908002907,6000.0,4.5,66321.30621317426,0.0,66321.30621317426,0.4563720002895042,0.0,0.4563720002895042
D,2021-07-30T00:00:00+0000,148053.87966657523,6000.0,4.5,66321.30621317426,0.0,66321.30621317426,0.44795385546486977,0.0,0.44795385546486977
D,2021-07-31T00:00:00+0000,149521.78589980525,6000.0,4.5,66321.30621317426,0.0,66321.30621317426,0.4435561400906237,0.0,0.4435561400906237
D,2021-08-01T00:00:00+0000,149579.38646545654,6000.0,4.5,66321.30621317426,0.0,66321.30621317426,0.4433853339042163,0.0,0.4433853339042163
D,2021-08-02T00:00:00+0000,150617.07917112438,6000.0,4.5,66321.30621317426,0.0,66321.30621317426,0.44033058254849683,0.0,0.44033058254849683
D,2021-08-03T00:00:00+0000,147874.3277108497,6000.0,4.5,66321.30621317426,0.0,66321.30621317426,0.4484977699635431,0.0,0.4484977699635431
D,2021-08-04T00:00:00+0000,153763.25677371267,6000.0,4.5,66321.30621317426,0.0,66321.30621317426,0.431320899444636,0.0,0.431320899444636
D,2021-08-05T00:00:00+0000,156707.46920678116,6000.0,4.5,66321.30621317426,0.0,66321.30621317426,0.4232172630243993,0.0,0.4232172630243993
D,2021-08-06T00:00:00+0000,159012.70943897258,6000.0,4.5,66321.30621317426,0.0,66321.30621317426,0.4170817945758461,0.0,0.4170817945758461
D,2021-08-07T00:00:00+0000,166293.08233103727,6000.0,4.5,66321.30621317426,0.0,66321.30621317426,0.3988217987393449,0.0,0.3988217987393449
D,2021-08-08T00:00:00+0000,162352.88223160757,6000.0,4.5,66321.30621317426,0.0,66321.30621317426,0.4085009474519975,0.0,0.4085009474519975
D,2021-08-09T00:00:00+0000,166913.63045384985,6000.0,4.5,66321.30621317426,0.0,66321.30621317426,0.3973390671141835,0.0,0.3973390671141835
D,2021-08-10T00:00:00+0000,166223.07964693516,6000.0,4.5,66321.30621317426,0.0,66321.30621317426,0.3989897573432252,0.0,0.3989897573432252
D,2021-08-11T00:00:00+0000,166675.61836552512,6000.0,4.5,66321.30621317426,0.0,66321.30621317426,0.3979064656459198,0.0,0.3979064656459198
D,2021-08-12T00:00:00+0000,163457.49157750088,6000.0,4.5,66321.30621317426,0.0,66321.30621317426,0.40574038897280534,0.0,0.40574038897280534
D,2021-08-13T00:00:00+0000,171517.04316156037,6000.0,4.5,66321.30621317426,0.0,66321.30621317426,0.38667472917372386,0.0,0.38667472917372386
D,2021-08-14T00:00:00+0000,169804.90957737435,6000.0,4.5,66321.30621317426,0.0,66321.30621317426,0.3905735492468425,0.0,0.3905735492468425
D,2021-08-15T00:00:00+0000,170872.24099355633,6000.0,4.5,66321.30621317426,0.0,66321.30621317426,0.3881338819432658,0.0,0.3881338819432658
D,2021-08-16T00:00:00+0000,166526.4799252426,6000.0,4.5,66321.30621317426,0.0,66321.30621317426,0.39826282428444626,0.0,0.39826282428444626
D,2021-08-17T00:00:00+0000,162771.47506610223,6000.0,4.5,66321.30621317426,0.0,66321.30621317426,0.40745042204870896,0.0,0.40745042204870896
D,2021-08-18T00:00:00+0000,162856.8283144303,6000.0,4.5,66321.30621317426,0.0,66321.30621317426,0.40723687732102115,0.0,0.40723687732102115
D,2021-08-19T00:00:00+0000,167798.82078097682,6000.0,4.5,66321.30621317426,0.0,66321.30621317426,0.39524298147328246,0.0,0.39524298147328246
D,2021-08-20T00:00:00+0000,171214.45766782982,6000.0,4.5,66321.30621317426,0.0,66321.30621317426,0.3873580953183467,0.0,0.3873580953183467
D,2021-08-21T00:00:00+0000,169527.6649020642,6000.0,4.5,66321.30621317426,0.0,66321.30621317426,0.3912122912297999,0.0,0.3912122912297999
D,2021-08-22T00:00:00+0000,170048.88597498334,6000.0,4.5,66321.30621317426,0.0,66321.30621317426,0.39001317669867647,0.0,0.39001317669867647
D,2021-08-23T00:00:00+0000,172213.08199274304,6000.0,4.5,66321.30621317426,0.0,66321.30621317426,0.38511189420539493,0.0,0.38511189420539493
D,2021-08-24T00:00:00+0000,167846.5072665662,6000.0,4.5,66321.30621317426,0.0,66321.30621317426,0.3951306898977992,0.0,0.3951306898977992
D,2021-08-25T00:00:00+0000,169714.5669437959,6000.0,4.5,66321.30621317426,0.0,66321.30621317426,0.390781459762012,0.0,0.390781459762012
D,2021-08-26T00:00:00+0000,165656.4276756285,6000.0,4.5,66321.30621317426,0.0,66321.30621317426,0.40035455999955444,0.0,0.40035455999955444
D,2021-08-27T00:00:00+0000,170927.95985736407,6000.0,4.5,66321.30621317426,0.0,66321.30621317426,0.388007358588484,0.0,0.388007358588484
D,2021-08-28T00:00:00+0000,170159.9045326452,6000.0,4.5,66321.30621317426,0.0,66321.30621317426,0.3897587178091682,0.0,0.3897587178091682
D,2021-08-29T00:00:00+0000,169605.82946833537,6000.0,4.5,66321.30621317426,0.0,66321.30621317426,0.3910319970785918,0.0,0.3910319970785918
D,2021-08-30T00:00:00+0000,169133.3281267162,6000.0,4.5,66321.30621317426,0.0,66321.30621317426,0.39212440828625894,0.0,0.39212440828625894
D,2021-08-31T00:00:00+0000,174132.2429975924,6000.0,4.5,66321.30621317426,0.0,66321.30621317426,0.3808674664237297,0.0,0.3808674664237297
D,2021-09-01T00:00:00+0000,184608.1881691665,6000.0,4.5,66321.30621317426,0.0,66321.30621317426,0.35925441266126534,0.0,0.35925441266126534
D,2021-09-02T00:00:00+0000,183760.12833185392,6000.0,4.5,66321.30621317426,0.0,66321.30621317426,0.3609123851579167,0.0,0.3609123851579167
D,2021-09-03T00:00:00+0000,187815.05045284564,6000.0,4.5,66321.30621317426,0.0,66321.30621317426,0.3531202960213533,0.0,0.3531202960213533
D,2021-09-04T00:00:00+0000,186493.95892995578,6000.0,4.5,66321.30621317426,0.0,66321.30621317426,0.3556217402092017,0.0,0.3556217402092017
D,2021-09-05T00:00:00+0000,188771.09597835422,6000.0,4.5,66321.30621317426,0.0,66321.30621317426,0.3513318915136198,0.0,0.3513318915136198
D,2021-09-06T00:00:00+0000,188525.75865733926,6000.0,4.5,66321.30621317426,0.0,66321.30621317426,0.3517890960127023,0.0,0.3517890960127023
D,2021-09-07T00:00:00+0000,174259.51014920982,6000.0,4.5,66321.30621317426,0.0,66321.30621317426,0.3805893070420467,0.0,0.3805893070420467
D,2021-09-08T00:00:00+0000,175575.27383058617,6000.0,4.5,66321.30621317426,0.0,66321.30621317426,0.37773716518402334,0.0,0.37773716518402334
D,2021-09-09T00:00:00+0000,173876.50095765135,6000.0,4.5,66321.30621317426,0.0,66321.30621317426,0.3814276561116629,0.0,0.3814276561116629
D,2021-09-10T00:00:00+0000,167978.87914027413,6000.0,4.5,66321.30621317426,0.0,66321.30621317426,0.3948193162891111,0.0,0.3948193162891111
D,2021-09-11T00:00:00+0000,169552.87006289154,6000.0,4.5,66321.30621317426,0.0,66321.30621317426,0.39115413492307133,0.0,0.39115413492307133
D,2021-09-12T00:00:00+0000,173266.3592838472,6000.0,4.5,66321.30621317426,0.0,66321.30621317426,0.3827708187976977,0.0,0.3827708187976977
D,2021-09-13T00:00:00+0000,169942.33745213132,6000.0,4.5,66321.30621317426,0.0,66321.30621317426,0.39025770274494065,0.0,0.39025770274494065
D,2021-09-14T00:00:00+0000,174430.0923736415,6000.0,4.5,66321.30621317426,0.0,66321.30621317426,0.3802171134044312,0.0,0.3802171134044312
D,2021-09-15T00:00:00+0000,179246.60639989204,6000.0,4.5,66321.30621317426,0.0,66321.30621317426,0.37000034502864765,0.0,0.37000034502864765
D,2021-09-16T00:00:00+0000,177990.82639716286,6000.0,4.5,66321.30621317426,0.0,66321.30621317426,0.3726108112178045,0.0,0.3726108112178045
D,2021-09-17T00:00:00+0000,173677.39139230998,6000.0,4.5,66321.30621317426,0.0,66321.30621317426,0.3818649375229551,0.0,0.3818649375229551
D,2021-09-18T00:00:00+0000,174936.23296317476,6000.0,4.5,66321.30621317426,0.0,66321.30621317426,0.3791170364754301,0.0,0.3791170364754301
D,2021-09-19T00:00:00+0000,171915.84708564886,6000.0,4.5,66321.30621317426,0.0,66321.30621317426,0.3857777356623374,0.0,0.3857777356623374
D,2021-09-20T00:00:00+0000,161690.9839013124,6000.0,4.5,66321.30621317426,0.0,66321.30621317426,0.4101731872301134,0.0,0.4101731872301134
D,2021-09-21T00:00:00+0000,155637.7988643902,6000.0,4.5,66321.30621317426,0.0,66321.30621317426,0.4261259584566672,0.0,0.4261259584566672
D,2021-09-22T00:00:00+0000,164375.71655048686,6000.0,4.5,66321.30621317426,0.0,66321.30621317426,0.4034738683119543,0.0,0.4034738683119543
D,2021-09-23T00:00:00+0000,166740.37046020088,6000.0,4.5,66321.30621317426,0.0,66321.30621317426,0.39775194231683947,0.0,0.39775194231683947
D,2021-09-24T00:00:00+0000,160455.95787364143,6000.0,4.5,66321.30621317426,0.0,66321.30621317426,0.413330281356097,0.0,0.413330281356097
D,2021-09-25T00:00:00+0000,160248.61341156717,6000.0,4.5,66321.30621317426,0.0,66321.30621317426,0.41386508626343604,0.0,0.41386508626343604
D,2021-09-26T00:00:00+0000,163849.82425048514,6000.0,4.5,66321.30621317426,0.0,66321.30621317426,0.4047688578035072,0.0,0.4047688578035072
D,2021-09-27T00:00:00+0000,160177.48112904036,6000.0,4.5,66321.30621317426,0.0,66321.30621317426,0.41404887719357536,0.0,0.41404887719357536
D,2021-09-28T00:00:00+0000,156790.51865794603,6000.0,4.5,66321.30621317426,0.0,66321.30621317426,0.4229930915520519,0.0,0.4229930915520519
D,2021-09-29T00:00:00+0000,158112.37250388146,6000.0,4.5,66321.30621317426,0.0,66321.30621317426,0.41945677724585506,0.0,0.41945677724585506
D,2021-09-30T00:00:00+0000,162684.65699217902,6000.0,4.5,66321.30621317426,0.0,66321.30621317426,0.40766786148962175,0.0,0.40766786148962175
D,2021-10-01T00:00:00+0000,171938.21547546383,6000.0,4.5,66321.30621317426,0.0,66321.30621317426,0.3857275477111052,0.0,0.3857275477111052
D,2021-10-02T00:00:00+0000,173693.9532691398,6000.0,4.5,66321.30621317426,0.0,66321.30621317426,0.38182852635295256,0.0,0.38182852635295256
D,2021-10-03T00:00:00+0000,174655.22247356136,6000.0,4.5,66321.30621317426,0.0,66321.30621317426,0.3797270145942171,0.0,0.3797270145942171
D,2021-10-04T00:00:00+0000,174263.93006116874,6000.0,4.5,66321.30621317426,0.0,66321.30621317426,0.38057965403336586,0.0,0.38057965403336586
D,2021-10-05T00:00:00+0000,178294.6729679732,6000.0,4.5,66321.30621317426,0.0,66321.30621317426,0.3719758145835768,0.0,0.3719758145835768
D,2021-10-06T00:00:00+0000,181192.87756443687,6000.0,4.5,66321.30621317426,0.0,66321.30621317426,0.3660260110919023,0.0,0.3660260110919023
D,2021-10-07T00:00:00+0000,180955.46299740765,6000.0,4.5,66321.30621317426,0.0,66321.30621317426,0.36650623924033937,0.0,0.36650623924033937
D,2021-10-08T00:00:00+0000,180425.13498367052,6000.0,4.5,66321.30621317426,0.0,66321.30621317426,0.3675835199966829,0.0,0.3675835199966829
D,2021-10-09T00:00:00+0000,181093.3443873035,6000.0,4.5,66321.30621317426,0.0,66321.30621317426,0.3662271876283492,0.0,0.3662271876283492
D,2021-10-10T00:00:00+0000,177018.8173543818,6000.0,4.5,66321.30621317426,0.0,66321.30621317426,0.37465681448093,0.0,0.37465681448093
D,2021-10-11T00:00:00+0000,181233.89130515023,6000.0,4.5,66321.30621317426,0.0,66321.30621317426,0.36594317837333534,0.0,0.36594317837333534
D,2021-10-12T00:00:00+0000,179448.21222517162,6000.0,4.5,66321.30621317426,0.0,66321.30621317426,0.3695846583857536,0.0,0.3695846583857536
D,2021-10-13T00:00:00+0000,182838.0830915638,6000.0,4.5,66321.30621317426,0.0,66321.30621317426,0.3627324520787122,0.0,0.3627324520787122
D,2021-10-14T00:00:00+0000,187387.46910809883,6000.0,4.5,66321.30621317426,0.0,66321.30621317426,0.35392604707690073,0.0,0.35392604707690073
D,2021-10-15T00:00:00+0000,190929.9733748741,6000.0,4.5,66321.30621317426,0.0,66321.30621317426,0.34735932258764973,0.0,0.34735932258764973
D,2021-10-16T00:00:00+0000,189681.00726339067,6000.0,4.5,66321.30621317426,0.0,66321.30621317426,0.3496465311420486,0.0,0.3496465311420486
D,2021-10-17T00:00:00+0000,190352.48096046713,6000.0,4.5,66321.30621317426,0.0,66321.30621317426,0.34841314323057354,0.0,0.34841314323057354
D,2021-10-18T00:00:00+0000,188017.4843783377,6000.0,4.5,66321.30621317426,0.0,66321.30621317426,0.3527400998500724,0.0,0.3527400998500724
D,2021-10-19T00:00:00+0000,192140.63761018403,6000.0,4.5,66321.30621317426,0.0,66321.30621317426,0.34517063666524983,0.0,0.34517063666524983
D,2021-10-20T00:00:00+0000,199828.6750837647,6000.0,4.5,66321.30621317426,0.0,66321.30621317426,0.33189083691503996,0.0,0.33189083691503996
D,2021-10-21T00:00:00+0000,195752.72868286428,6000.0,4.5,66321.30621317426,0.0,66321.30621317426,0.33880143924134154,0.0,0.33880143924134154
D,2021-10-22T00:00:00+0000,193206.03294848875,6000.0,4.5,66321.30621317426,0.0,66321.30621317426,0.343267263454741,0.0,0.343267263454741
D,2021-10-23T00:00:00+0000,198269.45089394605,6000.0,4.5,66321.30621317426,0.0,66321.30621317426,0.33450088207814427,0.0,0.33450088207814427
D,2021-10-24T00:00:00+0000,196019.60617066547,6000.0,4.5,66321.30621317426,0.0,66321.30621317426,0.338340166623084,0.0,0.338340166623084
D,2021-10-25T00:00:00+0000,200276.80597043893,6000.0,4.5,66321.30621317426,0.0,66321.30621317426,0.3311482120548865,0.0,0.3311482120548865
D,2021-10-26T00:00:00+0000,197067.7856466903,6000.0,4.5,66321.30621317426,0.0,66321.30621317426,0.33654057661193454,0.0,0.33654057661193454
D,2021-10-27T00:00:00+0000,191177.72180115228,6000.0,4.5,66321.30621317426,0.0,66321.30621317426,0.3469091774310208,0.0,0.3469091774310208
D,2021-10-28T00:00:00+0000,201012.0222473974,6000.0,4.5,66321.30621317426,0.0,66321.30621317426,0.3299370130784949,0.0,0.3299370130784949
D,2021-10-29T00:00:00+0000,204939.25712073973,6000.0,4.5,66321.30621317426,0.0,66321.30621317426,0.323614456034166,0.0,0.323614456034166
D,2021-10-30T00:00:00+0000,202420.78313315683,6000.0,4.5,66321.30621317426,0.0,66321.30621317426,0.32764079452032674,0.0,0.32764079452032674
D,2021-10-31T00:00:00+0000,201346.07131531043,6000.0,4.5,66321.30621317426,0.0,66321.30621317426,0.32938962146082446,0.0,0.32938962146082446
D,2021-11-01T00:00:00+0000,202011.77058625902,6000.0,4.5,66321.30621317426,0.0,66321.30621317426,0.3283041677259844,0.0,0.3283041677259844
D,2021-11-02T00:00:00+0000,209584.36335421307,6000.0,4.5,66321.30621317426,0.0,66321.30621317426,0.31644205298410716,0.0,0.31644205298410716
D,2021-11-03T00:00:00+0000,209809.4482364367,6000.0,4.5,66321.30621317426,0.0,66321.30621317426,0.3161025719796756,0.0,0.3161025719796756
D,2021-11-04T00:00:00+0000,207502.33085966657,6000.0,4.5,66321.30621317426,0.0,66321.30621317426,0.3196171625562473,0.0,0.3196171625562473
D,2021-11-05T00:00:00+0000,205904.4498511288,6000.0,4.5,66321.30621317426,0.0,66321.30621317426,0.3220974887192836,0.0,0.3220974887192836
D,2021-11-06T00:00:00+0000,207199.69031328184,6000.0,4.5,66321.30621317426,0.0,66321.30621317426,0.32008400260105485,0.0,0.32008400260105485
D,2021-11-07T00:00:00+0000,210228.0909355227,6000.0,4.5,66321.30621317426,0.0,66321.30621317426,0.31547309361961107,0.0,0.31547309361961107
D,2021-11-08T00:00:00+0000,216668.41565052432,6000.0,4.5,66321.30621317426,0.0,66321.30621317426,0.30609586549129214,0.0,0.30609586549129214
D,2021-11-09T00:00:00+0000,214589.9823755258,6000.0,4.5,66321.30621317426,0.0,66321.30621317426,0.30906058837879036,0.0,0.30906058837879036
D,2021-11-10T00:00:00+0000,211264.53680953186,6000.0,4.5,66321.30621317426,0.0,66321.30621317426,0.3139254094167591,0.0,0.3139254094167591
D,2021-11-11T00:00:00+0000,213471.59406970494,6000.0,4.5,66321.30621317426,0.0,66321.30621317426,0.3106797721832646,0.0,0.3106797721832646
D,2021-11-12T00:00:00+0000,211913.16068673012,6000.0,4.5,66321.30621317426,0.0,66321.30621317426,0.3129645464125592,0.0,0.3129645464125592
D,2021-11-13T00:00:00+0000,211496.80280879152,6000.0,4.5,66321.30621317426,0.0,66321.30621317426,0.31358065621981784,0.0,0.31358065621981784
D,2021-11-14T00:00:00+0000,211494.659890985,6000.0,4.5,66321.30621317426,0.0,66321.30621317426,0.31358383349896213,0.0,0.31358383349896213
D,2021-11-15T00:00:00+0000,209236.32110832492,6000.0,4.5,66321.30621317426,0.0,66321.30621317426,0.31696842050113605,0.0,0.31696842050113605
D,2021-11-16T00:00:00+0000,199147.05629222648,6000.0,4.5,66321.30621317426,0.0,66321.30621317426,0.3330267966193536,0.0,0.3330267966193536
D,2021-11-17T00:00:00+0000,201200.0531838364,6000.0,4.5,66321.30621317426,0.0,66321.30621317426,0.32962867138298674,0.0,0.32962867138298674
D,2021-11-18T00:00:00+0000,192708.6032391698,6000.0,4.5,66321.30621317426,0.0,66321.30621317426,0.344153323195764,0.0,0.344153323195764
D,2021-11-19T00:00:00+0000,200536.9094837407,6000.0,4.5,66321.30621317426,0.0,66321.30621317426,0.3307187010307024,0.0,0.3307187010307024
D,2021-11-20T00:00:00+0000,204079.70163953677,6000.0,4.5,66321.30621317426,0.0,66321.30621317426,0.3249774753704643,0.0,0.3249774753704643
D,2021-11-21T00:00:00+0000,199871.39327000483,6000.0,4.5,66321.30621317426,0.0,66321.30621317426,0.3318199024288648,0.0,0.3318199024288648
D,2021-11-22T00:00:00+0000,194720.46872549766,6000.0,4.5,66321.30621317426,0.0,66321.30621317426,0.3405975070174522,0.0,0.3405975070174522
D,2021-11-23T00:00:00+0000,201499.89439030894,6000.0,4.5,66321.30621317426,0.0,66321.30621317426,0.3291381686022559,0.0,0.3291381686022559
D,2021-11-24T00:00:00+0000,199623.86213091417,6000.0,4.5,66321.30621317426,0.0,66321.30621317426,0.33223135503550405,0.0,0.33223135503550405
D,2021-11-25T00:00:00+0000,206652.63240933494,6000.0,4.5,66321.30621317426,0.0,66321.30621317426,0.3209313399008915,0.0,0.3209313399008915
D,2021-11-26T00:00:00+0000,192708.68376368866,6000.0,4.5,66321.30621317426,0.0,66321.30621317426,0.3441531793891632,0.0,0.3441531793891632
D,2021-11-27T00:00:00+0000,194435.73514373277,6000.0,4.5,66321.30621317426,0.0,66321.30621317426,0.3410962813196224,0.0,0.3410962813196224
D,2021-11-28T00:00:00+0000,200354.41207715444,6000.0,4.5,66321.30621317426,0.0,66321.30621317426,0.331019943736675,0.0,0.331019943736675
D,2021-11-29T00:00:00+0000,204266.22297799628,6000.0,4.5,66321.30621317426,0.0,66321.30621317426,0.32468072913023144,0.0,0.32468072913023144
D,2021-11-30T00:00:00+0000,208568.71104603197,6000.0,4.5,66321.30621317426,0.0,66321.30621317426,0.31798300847981403,0.0,0.31798300847981403
D,2021-12-01T00:00:00+0000,207496.56761529978,6000.0,4.5,66321.30621317426,0.0,66321.30621317426,0.3196260399648368,0.0,0.3196260399648368
D,2021-12-02T00:00:00+0000,205464.91511817015,6000.0,4.5,66321.30621317426,0.0,66321.30621317426,0.32278652623018644,0.0,0.32278652623018644
D,2021-12-03T00:00:00+0000,197066.14767952645,6000.0,4.5,66321.30621317426,0.0,66321.30621317426,0.3365433738575309,0.0,0.3365433738575309
D,2021-12-04T00:00:00+0000,192955.11082894536,6000.0,4.5,66321.30621317426,0.0,66321.30621317426,0.34371365406313636,0.0,0.34371365406313636
D,2021-12-05T00:00:00+0000,195021.73697067442,6000.0,4.5,66321.30621317426,0.0,66321.30621317426,0.340071354318555,0.0,0.340071354318555
D,2021-12-06T00:00:00+0000,199175.57232729625,6000.0,4.5,66321.30621317426,0.0,66321.30621317426,0.33297911705854893,0.0,0.33297911705854893
D,2021-12-07T00:00:00+0000,198222.56743420596,6000.0,4.5,66321.30621317426,0.0,66321.30621317426,0.334579997987301,0.0,0.334579997987301
D,2021-12-08T00:00:00+0000,201423.79933779838,6000.0,4.5,66321.30621317426,0.0,66321.30621317426,0.32926251233077936,0.0,0.32926251233077936
D,2021-12-09T00:00:00+0000,192116.55455970316,6000.0,4.5,66321.30621317426,0.0,66321.30621317426,0.34521390603308943,0.0,0.34521390603308943
D,2021-12-10T00:00:00+0000,186827.91179283906,6000.0,4.5,66321.30621317426,0.0,66321.30621317426,0.35498607021157264,0.0,0.35498607021157264
D,2021-12-11T00:00:00+0000,192438.49978677632,6000.0,4.5,66321.30621317426,0.0,66321.30621317426,0.34463637103105094,0.0,0.34463637103105094
D,2021-12-12T00:00:00+0000,193709.79759979964,6000.0,4.5,66321.30621317426,0.0,66321.30621317426,0.3423745573788306,0.0,0.3423745573788306
D,2021-12-13T00:00:00+0000,183821.50188503583,6000.0,4.5,66321.30621317426,0.0,66321.30621317426,0.36079188524230643,0.0,0.36079188524230643
D,2021-12-14T00:00:00+0000,186367.98600553983,6000.0,4.5,66321.30621317426,0.0,66321.30621317426,0.3558621179240669,0.0,0.3558621179240669
D,2021-12-15T00:00:00+0000,190545.7305157368,6000.0,4.5,66321.30621317426,0.0,66321.30621317426,0.3480597861398785,0.0,0.3480597861398785
D,2021-12-16T00:00:00+0000,188576.81294285972,6000.0,4.5,66321.30621317426,0.0,66321.30621317426,0.35169385449986446,0.0,0.35169385449986446
D,2021-12-17T00:00:00+0000,185966.8884637814,6000.0,4.5,66321.30621317426,0.0,66321.30621317426,0.35662964929421237,0.0,0.35662964929421237
D,2021-12-18T00:00:00+0000,188341.52936504077,6000.0,4.5,66321.30621317426,0.0,66321.30621317426,0.3521332041677929,0.0,0.3521332041677929
D,2021-12-19T00:00:00+0000,187408.01848190906,6000.0,4.5,66321.30621317426,0.0,66321.30621317426,0.3538872389260997,0.0,0.3538872389260997
D,2021-12-20T00:00:00+0000,188019.35268989363,6000.0,4.5,66321.30621317426,0.0,66321.30621317426,0.35273659474064956,0.0,0.35273659474064956
D,2021-12-21T00:00:00+0000,190507.37586777154,6000.0,4.5,66321.30621317426,0.0,66321.30621317426,0.34812986064753176,0.0,0.34812986064753176
D,2021-12-22T00:00:00+0000,189545.39782829088,6000.0,4.5,66321.30621317426,0.0,66321.30621317426,0.3498966842405465,0.0,0.3498966842405465
D,2021-12-23T00:00:00+0000,193688.12748819258,6000.0,4.5,66321.30621317426,0.0,66321.30621317426,0.342412862746155,0.0,0.342412862746155
D,2021-12-24T00:00:00+0000,192080.9674699345,6000.0,4.5,66321.30621317426,0.0,66321.30621317426,0.34527786426083684,0.0,0.34527786426083684
D,2021-12-25T00:00:00+0000,193132.66342220135,6000.0,4.5,66321.30621317426,0.0,66321.30621317426,0.3433976678931378,0.0,0.3433976678931378
D,2021-12-26T00:00:00+0000,192514.18322873607,6000.0,4.5,66321.30621317426,0.0,66321.30621317426,0.34450088352386216,0.0,0.34450088352386216
D,2021-12-27T00:00:00+0000,191845.2407459179,6000.0,4.5,66321.30621317426,0.0,66321.30621317426,0.345702118829265,0.0,0.345702118829265
D,2021-12-28T00:00:00+0000,184585.75317438395,6000.0,4.5,66321.30621317426,0.0,66321.30621317426,0.35929807730349833,0.0,0.35929807730349833
D,2021-12-29T00:00:00+0000,180154.5526941974,6000.0,4.5,66321.30621317426,0.0,66321.30621317426,0.36813561034869374,0.0,0.36813561034869374
D,2021-12-30T00:00:00+0000,182378.48425283923,6000.0,4.5,66321.30621317426,0.0,66321.30621317426,0.36364654791861384,0.0,0.36364654791861384
D,2021-12-31T00:00:00+0000,181223.70927886548,6000.0,4.5,66321.30621317426,0.0,66321.30621317426,0.3659637388346334,0.0,0.3659637388346334
D,2022-01-01T00:00:00+0000,184028.88277303462,6000.0,4.5,66321.30621317426,0.0,66321.30621317426,0.3603853113370756,0.0,0.3603853113370756
D,2022-01-02T00:00:00+0000,185427.0610642646,6000.0,4.5,66321.30621317426,0.0,66321.30621317426,0.35766789287669765,0.0,0.35766789287669765
D,2022-01-03T00:00:00+0000,183569.2040722692,6000.0,4.5,66321.30621317426,0.0,66321.30621317426,0.36128775819643627,0.0,0.36128775819643627
D,2022-01-04T00:00:00+0000,183820.27808911615,6000.0,4.5,66321.30621317426,0.0,66321.30621317426,0.36079428723865636,0.0,0.36079428723865636
D,2022-01-05T00:00:00+0000,176854.0944462546,6000.0,4.5,66321.30621317426,0.0,66321.30621317426,0.3750057719660491,0.0,0.3750057719660491
D,2022-01-06T00:00:00+0000,173407.51689267738,6000.0,4.5,66321.30621317426,0.0,66321.30621317426,0.3824592347644352,0.0,0.3824592347644352
D,2022-01-07T00:00:00+0000,167689.74134726688,6000.0,4.5,66321.30621317426,0.0,66321.30621317426,0.3955000805674223,0.0,0.3955000805674223
D,2022-01-08T00:00:00+0000,164814.54419418663,6000.0,4.5,66321.30621317426,0.0,66321.30621317426,0.40239959730152,0.0,0.40239959730152
D,2022-01-09T00:00:00+0000,166657.8453307732,6000.0,4.5,66321.30621317426,0.0,66321.30621317426,0.3979488999245336,0.0,0.3979488999245336
D,2022-01-10T00:00:00+0000,164936.60089493246,6000.0,4.5,66321.30621317426,0.0,66321.30621317426,0.402101812777275,0.0,0.402101812777275
D,2022-01-11T00:00:00+0000,169191.71333531057,6000.0,4.5,66321.30621317426,0.0,66321.30621317426,0.3919890927621034,0.0,0.3919890927621034
D,2022-01-12T00:00:00+0000,172918.87701648514,6000.0,4.5,66321.30621317426,0.0,66321.30621317426,0.38354000070710353,0.0,0.38354000070710353
D,2022-01-13T00:00:00+0000,169171.71178721028,6000.0,4.5,66321.30621317426,0.0,66321.30621317426,0.3920354385051998,0.0,0.3920354385051998
D,2022-01-14T00:00:00+0000,171033.56874561764,6000.0,4.5,66321.30621317426,0.0,66321.30621317426,0.3877677738913087,0.0,0.3877677738913087
D,2022-01-15T00:00:00+0000,171516.3406450089,6000.0,4.5,66321.30621317426,0.0,66321.30621317426,0.386676312960996,0.0,0.386676312960996
D,2022-01-16T00:00:00+0000,172039.8167660135,6000.0,4.5,66321.30621317426,0.0,66321.30621317426,0.3854997491852482,0.0,0.3854997491852482
D,2022-01-17T00:00:00+0000,168312.81406508188,6000.0,4.5,66321.30621317426,0.0,66321.30621317426,0.39403598936638096,0.0,0.39403598936638096
D,2022-01-18T00:00:00+0000,167149.12006283132,6000.0,4.5,66321.30621317426,0.0,66321.30621317426,0.3967792722345418,0.0,0.3967792722345418
D,2022-01-19T00:00:00+0000,165012.0787566878,6000.0,4.5,66321.30621317426,0.0,66321.30621317426,0.40191788815027163,0.0,0.40191788815027163
D,2022-01-20T00:00:00+0000,162595.97583050077,6000.0,4.5,66321.30621317426,0.0,66321.30621317426,0.407890206841966,0.0,0.407890206841966
D,2022-01-21T00:00:00+0000,150214.70958069863,6000.0,4.5,66321.30621317426,0.0,66321.30621317426,0.4415100651480806,0.0,0.4415100651480806
D,2022-01-22T00:00:00+0000,145824.65866194922,6000.0,4.5,66321.30621317426,0.0,66321.30621317426,0.45480172435664906,0.0,0.45480172435664906
D,2022-01-23T00:00:00+0000,149438.90875710754,6000.0,4.5,66321.30621317426,0.0,66321.30621317426,0.44380213135101554,0.0,0.44380213135101554
D,2022-01-24T00:00:00+0000,147143.21931084275,6000.0,4.5,66321.30621317426,0.0,66321.30621317426,0.4507262143902757,0.0,0.4507262143902757
D,2022-01-25T00:00:00+0000,147756.3491520037,6000.0,4.5,66321.30621317426,0.0,66321.30621317426,0.44885588060210196,0.0,0.44885588060210196
D,2022-01-26T00:00:00+0000,147812.7422425346,6000.0,4.5,66321.30621317426,0.0,66321.30621317426,0.4486846344028495,0.0,0.4486846344028495
D,2022-01-27T00:00:00+0000,147002.86141429818,6000.0,4.5,66321.30621317426,0.0,66321.30621317426,0.4511565664443831,0.0,0.4511565664443831
D,2022-01-28T00:00:00+0000,150225.6197665841,6000.0,4.5,66321.30621317426,0.0,66321.30621317426,0.44147800033191575,0.0,0.44147800033191575
D,2022-01-29T00:00:00+0000,151813.36920739315,6000.0,4.5,66321.30621317426,0.0,66321.30621317426,0.4368607755656376,0.0,0.4368607755656376
D,2022-01-30T00:00:00+0000,151719.30940812582,6000.0,4.5,66321.30621317426,0.0,66321.30621317426,0.4371316114731947,0.0,0.4371316114731947
D,2022-01-31T00:00:00+0000,154074.73704565444,6000.0,4.5,66321.30621317426,0.0,66321.30621317426,0.4304489333220303,0.0,0.4304489333220303
D,2022-02-01T00:00:00+0000,156661.68521455943,6000.0,4.5,66321.30621317426,0.0,66321.30621317426,0.4233409472286888,0.0,0.4233409472286888
D,2022-02-02T00:00:00+0000,153323.2091970978,6000.0,4.5,66321.30621317426,0.0,66321.30621317426,0.43255881846249294,0.0,0.43255881846249294
D,2022-02-03T00:00:00+0000,153865.85589540628,6000.0,4.5,66321.30621317426,0.0,66321.30621317426,0.43103329083131764,0.0,0.43103329083131764
D,2022-02-04T00:00:00+0000,162985.61994534734,6000.0,4.5,66321.30621317426,0.0,66321.30621317426,0.40691507775602076,0.0,0.40691507775602076
D,2022-02-05T00:00:00+0000,163359.355569567,6000.0,4.5,66321.30621317426,0.0,66321.30621317426,0.4059841322337438,0.0,0.4059841322337438
D,2022-02-06T00:00:00+0000,164815.8977886001,6000.0,4.5,66321.30621317426,0.0,66321.30621317426,0.4023962924877599,0.0,0.4023962924877599
D,2022-02-07T00:00:00+0000,167506.81902521267,6000.0,4.5,66321.30621317426,0.0,66321.30621317426,0.39593197816735903,0.0,0.39593197816735903
D,2022-02-08T00:00:00+0000,167027.41795853176,6000.0,4.5,66321.30621317426,0.0,66321.30621317426,0.39706837969344644,0.0,0.39706837969344644
D,2022-02-09T00:00:00+0000,170323.40940164117,6000.0,4.5,66321.30621317426,0.0,66321.30621317426,0.3893845622640244,0.0,0.3893845622640244
D,2022-02-10T00:00:00+0000,165738.54759166384,6000.0,4.5,66321.30621317426,0.0,66321.30621317426,0.40015619285244675,0.0,0.40015619285244675
D,2022-02-11T00:00:00+0000,161712.99977928784,6000.0,4.5,66321.30621317426,0.0,66321.30621317426,0.41011734556709817,0.0,0.41011734556709817
D,2022-02-12T00:00:00+0000,161448.38735033496,6000.0,4.5,66321.30621317426,0.0,66321.30621317426,0.41078952414222836,0.0,0.41078952414222836
D,2022-02-13T00:00:00+0000,160211.79533394158,6000.0,4.5,66321.30621317426,0.0,66321.30621317426,0.4139601960950237,0.0,0.4139601960950237
D,2022-02-14T00:00:00+0000,161868.41746244935,6000.0,4.5,66321.30621317426,0.0,66321.30621317426,0.40972357210176374,0.0,0.40972357210176374
D,2022-02-15T00:00:00+0000,168969.1166851165,6000.0,4.5,66321.30621317426,0.0,66321.30621317426,0.39250549162050585,0.0,0.39250549162050585
D,2022-02-16T00:00:00+0000,167196.40911854524,6000.0,4.5,66321.30621317426,0.0,66321.30621317426,0.39666704902825556,0.0,0.39666704902825556
D,2022-02-17T00:00:00+0000,160158.40105282338,6000.0,4.5,66321.30621317426,0.0,66321.30621317426,0.41409820388566565,0.0,0.41409820388566565
D,2022-02-18T00:00:00+0000,157169.24545529264,6000.0,4.5,66321.30621317426,0.0,66321.30621317426,0.42197381568545866,0.0,0.42197381568545866
D,2022-02-19T00:00:00+0000,156830.30980609095,6000.0,4.5,66321.30621317426,0.0,66321.30621317426,0.4228857693080862,0.0,0.4228857693080862
D,2022-02-20T00:00:00+0000,152655.9185528736,6000.0,4.5,66321.30621317426,0.0,66321.30621317426,0.43444962266696097,0.0,0.43444962266696097
D,2022-02-21T00:00:00+0000,150778.37972639618,6000.0,4.5,66321.30621317426,0.0,66321.30621317426,0.43985952318576116,0.0,0.43985952318576116
D,2022-02-22T00:00:00+0000,152971.69484131335,6000.0,4.5,66321.30621317426,0.0,66321.30621317426,0.43355279734576585,0.0,0.43355279734576585
D,2022-02-23T00:00:00+0000,151188.60675220325,6000.0,4.5,66321.30621317426,0.0,66321.30621317426,0.43866603203688675,0.0,0.43866603203688675
D,2022-02-24T00:00:00+0000,152041.91053530131,6000.0,4.5,66321.30621317426,0.0,66321.30621317426,0.4362041096410432,0.0,0.4362041096410432
D,2022-02-25T00:00:00+0000,156681.31177134064,6000.0,4.5,66321.30621317426,0.0,66321.30621317426,0.4232879177700721,0.0,0.4232879177700721
D,2022-02-26T00:00:00+0000,156924.17798500712,6000.0,4.5,66321.30621317426,0.0,66321.30621317426,0.42263280945470844,0.0,0.42263280945470844
D,2022-02-27T00:00:00+0000,152335.0264967031,6000.0,4.5,66321.30621317426,0.0,66321.30621317426,0.43536478601400064,0.0,0.43536478601400064
D,2022-02-28T00:00:00+0000,162081.94534893642,6000.0,4.5,66321.30621317426,0.0,66321.30621317426,0.4091837994071155,0.0,0.4091837994071155
D,2022-03-01T00:00:00+0000,163974.22031151413,6000.0,4.5,66321.30621317426,0.0,66321.30621317426,0.4044617872686249,0.0,0.4044617872686249
D,2022-03-02T00:00:00+0000,163054.05575841764,6000.0,4.5,66321.30621317426,0.0,66321.30621317426,0.40674429044216176,0.0,0.40674429044216176
D,2022-03-03T00:00:00+0000,159678.04119902148,6000.0,4.5,66321.30621317426,0.0,66321.30621317426,0.41534393655613483,0.0,0.41534393655613483
D,2022-03-04T00:00:00+0000,153105.57865602133,6000.0,4.5,66321.30621317426,0.0,66321.30621317426,0.43317367528571094,0.0,0.43317367528571094
D,2022-03-05T00:00:00+0000,154285.00856131804,6000.0,4.5,66321.30621317426,0.0,66321.30621317426,0.42986228429845114,0.0,0.42986228429845114
D,2022-03-06T00:00:00+0000,151080.63138384503,6000.0,4.5,66321.30621317426,0.0,66321.30621317426,0.4389795409622968,0.0,0.4389795409622968
D,2022-03-07T00:00:00+0000,150140.92955911893,6000.0,4.5,107259.54703783712,0.0,107259.54703783712,0.7143924534955207,0.0,0.7143924534955207
D,2022-03-08T00:00:00+0000,151408.82195595047,6000.0,4.5,107259.54703783712,0.0,107259.54703783712,0.7084101550505575,0.0,0.7084101550505575
D,2022-03-09T00:00:00+0000,153657.5245433261,6000.0,4.5,107259.54703783712,0.0,107259.54703783712,0.6980429195160804,0.0,0.6980429195160804
D,2022-03-10T00:00:00+0000,151887.26959341785,6000.0,4.5,107259.54703783712,0.0,107259.54703783712,0.7061786502908161,0.0,0.7061786502908161
D,2022-03-11T00:00:00+0000,151160.78050130885,6000.0,4.5,107259.54703783712,0.0,107259.54703783712,0.7095725933811806,0.0,0.7095725933811806
D,2022-03-12T00:00:00+0000,151349.49524259174,6000.0,4.5,107259.54703783712,0.0,107259.54703783712,0.7086878411184345,0.0,0.7086878411184345
D,2022-03-13T00:00:00+0000,150572.681098998,6000.0,4.5,107259.54703783712,0.0,107259.54703783712,0.7123440072593015,0.0,0.7123440072593015
D,2022-03-14T00:00:00+0000,151680.4753478993,6000.0,4.5,107259.54703783712,0.0,107259.54703783712,0.7071414220704617,0.0,0.7071414220704617
D,2022-03-15T00:00:00+0000,152110.65536194755,6000.0,4.5,107259.54703783712,0.0,107259.54703783712,0.7051415746162744,0.0,0.7051415746162744
D,2022-03-16T00:00:00+0000,154437.70044295222,6000.0,4.5,107259.54703783712,0.0,107259.54703783712,0.6945166026831496,0.0,0.6945166026831496
D,2022-03-17T00:00:00+0000,155013.08873894007,6000.0,4.5,107259.54703783712,0.0,107259.54703783712,0.6919386479581384,0.0,0.6919386479581384
D,2022-03-18T00:00:00+0000,156907.42108452186,6000.0,4.5,107259.54703783712,0.0,107259.54703783712,0.6835849209455763,0.0,0.6835849209455763
D,2022-03-19T00:00:00+0000,157097.5228422299,6000.0,4.5,107259.54703783712,0.0,107259.54703783712,0.6827577233382341,0.0,0.6827577233382341
D,2022-03-20T00:00:00+0000,155781.84670470905,6000.0,4.5,107259.54703783712,0.0,107259.54703783712,0.6885240437619926,0.0,0.6885240437619926
D,2022-03-21T00:00:00+0000,156216.6703793333,6000.0,4.5,107259.54703783712,0.0,107259.54703783712,0.6866075610073112,0.0,0.6866075610073112
D,2022-03-22T00:00:00+0000,157412.92232320824,6000.0,4.5,107259.54703783712,0.0,107259.54703783712,0.6813897198198655,0.0,0.6813897198198655
D,2022-03-23T00:00:00+0000,158409.61780503788,6000.0,4.5,107259.54703783712,0.0,107259.54703783712,0.6771024924120861,0.0,0.6771024924120861
D,2022-03-24T00:00:00+0000,159533.6929594117,6000.0,4.5,107259.54703783712,0.0,107259.54703783712,0.6723316250513045,0.0,0.6723316250513045
D,2022-03-25T00:00:00+0000,159419.86960592642,6000.0,4.5,107259.54703783712,0.0,107259.54703783712,0.6728116595690011,0.0,0.6728116595690011
D,2022-03-26T00:00:00+0000,160067.24650788773,6000.0,4.5,107259.54703783712,0.0,107259.54703783712,0.6700905361831887,0.0,0.6700905361831887
D,2022-03-27T00:00:00+0000,162322.80105087193,6000.0,4.5,107259.54703783712,0.0,107259.54703783712,0.6607793011421852,0.0,0.6607793011421852
D,2022-03-28T00:00:00+0000,162888.0469204756,6000.0,4.5,107259.54703783712,0.0,107259.54703783712,0.6584862982008916,0.0,0.6584862982008916
D,2022-03-29T00:00:00+0000,163902.2382633992,6000.0,4.5,107259.54703783712,0.0,107259.54703783712,0.6544117284442791,0.0,0.6544117284442791
D,2022-03-30T00:00:00+0000,163693.90368660225,6000.0,4.5,107259.54703783712,0.0,107259.54703783712,0.655244603630379,0.0,0.655244603630379
D,2022-03-31T00:00:00+0000,162151.71538070872,6000.0,4.5,107259.54703783712,0.0,107259.54703783712,0.661476486918484,0.0,0.661476486918484
D,2022-04-01T00:00:00+0000,164739.8948716582,6000.0,4.5,107259.54703783712,0.0,107259.54703783712,0.6510842265706096,0.0,0.6510842265706096
D,2022-04-02T00:00:00+0000,164599.92220160342,6000.0,4.5,117538.23313807428,0.0,117538.23313807428,0.7140843784489305,0.0,0.7140843784489305
D,2022-04-03T00:00:00+0000,165543.393396712,6000.0,4.5,117538.23313807428,0.0,117538.23313807428,0.7100146416378149,0.0,0.7100146416378149
D,2022-04-04T00:00:00+0000,165526.87893910153,6000.0,4.5,117538.23313807428,0.0,117538.23313807428,0.7100854791161585,0.0,0.7100854791161585
D,2022-04-05T00:00:00+0000,164196.8186264334,6000.0,4.5,117538.23313807428,0.0,117538.23313807428,0.7158374572742925,0.0,0.7158374572742925
D,2022-04-06T00:00:00+0000,161363.6550568846,6000.0,4.5,117538.23313807428,0.0,117538.23313807428,0.7284058674590583,0.0,0.7284058674590583
D,2022-04-07T00:00:00+0000,162075.39243244135,6000.0,4.5,117538.23313807428,0.0,117538.23313807428,0.7252071481922729,0.0,0.7252071481922729
D,2022-04-08T00:00:00+0000,161670.44436139733,6000.0,4.5,117538.23313807428,0.0,117538.23313807428,0.7270236288540773,0.0,0.7270236288540773
D,2022-04-09T00:00:00+0000,162472.21269215393,6000.0,4.5,117538.23313807428,0.0,117538.23313807428,0.723435910611873,0.0,0.723435910611873
D,2022-04-10T00:00:00+0000,161820.8586133918,6000.0,4.5,117538.23313807428,0.0,117538.23313807428,0.7263478524662035,0.0,0.7263478524662035
D,2022-04-11T00:00:00+0000,159164.5706823679,6000.0,4.5,117538.23313807428,0.0,117538.23313807428,0.7384698280161608,0.0,0.7384698280161608
D,2022-04-12T00:00:00+0000,159749.2750841495,6000.0,4.5,117538.23313807428,0.0,117538.23313807428,0.7357669264925294,0.0,0.7357669264925294
D,2022-04-13T00:00:00+0000,160844.72795737255,6000.0,4.5,117538.23313807428,0.0,117538.23313807428,0.7307558950220895,0.0,0.7307558950220895
D,2022-04-14T00:00:00+0000,159704.78268069262,6000.0,4.5,117538.23313807428,0.0,117538.23313807428,0.7359719049433575,0.0,0.7359719049433575
D,2022-04-15T00:00:00+0000,159940.49251855075,6000.0,4.5,117538.23313807428,0.0,117538.23313807428,0.734887277681989,0.0,0.734887277681989
D,2022-04-16T00:00:00+0000,160175.17886195565,6000.0,4.5,117538.23313807428,0.0,117538.23313807428,0.7338105315266898,0.0,0.7338105315266898
D,2022-04-17T00:00:00+0000,159334.93716172234,6000.0,4.5,117538.23313807428,0.0,117538.23313807428,0.7376802302860603,0.0,0.7376802302860603
D,2022-04-18T00:00:00+0000,160156.78797061773,6000.0,4.5,117538.23313807428,0.0,117538.23313807428,0.7338947953903632,0.0,0.7338947953903632
D,2022-04-19T00:00:00+0000,160722.9835070645,6000.0,4.5,117538.23313807428,0.0,117538.23313807428,0.7313094280190982,0.0,0.7313094280190982
D,2022-04-20T00:00:00+0000,160427.63646836183,6000.0,4.5,117538.23313807428,0.0,117538.23313807428,0.732655767581879,0.0,0.732655767581879
D,2022-04-21T00:00:00+0000,159332.5859518471,6000.0,4.5,117538.23313807428,0.0,117538.23313807428,0.7376911159503571,0.0,0.7376911159503571
D,2022-04-22T00:00:00+0000,159087.52626466233,6000.0,4.5,117538.23313807428,0.0,117538.23313807428,0.7388274611960116,0.0,0.7388274611960116
D,2022-04-23T00:00:00+0000,158747.90691191662,6000.0,4.5,117538.23313807428,0.0,117538.23313807428,0.7404080811175162,0.0,0.7404080811175162
D,2022-04-24T00:00:00+0000,158616.47646535473,6000.0,4.5,117538.23313807428,0.0,117538.23313807428,0.74102158714733,0.0,0.74102158714733
D,2022-04-25T00:00:00+0000,159655.68778395042,6000.0,4.5,117538.23313807428,0.0,117538.23313807428,0.7361982198663013,0.0,0.7361982198663013
D,2022-04-26T00:00:00+0000,157303.98551791863,6000.0,4.5,117538.23313807428,0.0,117538.23313807428,0.7472044192083449,0.0,0.7472044192083449
D,2022-04-27T00:00:00+0000,158269.14149677564,6000.0,4.5,117538.23313807428,0.0,117538.23313807428,0.7426478214672622,0.0,0.7426478214672622
D,2022-04-28T00:00:00+0000,158856.67300035586,6000.0,4.5,117538.23313807428,0.0,117538.23313807428,0.7399011380391366,0.0,0.7399011380391366
D,2022-04-29T00:00:00+0000,157431.75595095707,6000.0,4.5,117538.23313807428,0.0,117538.23313807428,0.7465979937026787,0.0,0.7465979937026787
D,2022-04-30T00:00:00+0000,156357.3487619906,6000.0,4.5,117538.23313807428,0.0,117538.23313807428,0.75172823067621,0.0,0.75172823067621
D,2022-05-01T00:00:00+0000,157546.3768882767,6000.0,4.5,117538.23313807428,0.0,117538.23313807428,0.7460548154745952,0.0,0.7460548154745952
D,2022-05-02T00:00:00+0000,157936.97468784646,6000.0,4.5,117538.23313807428,0.0,117538.23313807428,0.7442097290414862,0.0,0.7442097290414862
D,2022-05-03T00:00:00+0000,157049.64133622558,6000.0,4.5,117538.23313807428,0.0,117538.23313807428,0.7484145276488609,0.0,0.7484145276488609
D,2022-05-04T00:00:00+0000,158974.43984878086,6000.0,4.5,117538.23313807428,0.0,117538.23313807428,0.7393530258693071,0.0,0.7393530258693071
D,2022-05-05T00:00:00+0000,156659.34696295473,6000.0,4.5,117538.23313807428,0.0,117538.23313807428,0.7502790954814115,0.0,0.7502790954814115
D,2022-05-06T00:00:00+0000,156008.9378552123,6000.0,4.5,117538.23313807428,0.0,117538.23313807428,0.7534070467626564,0.0,0.7534070467626564
D,2022-05-07T00:00:00+0000,155329.75655021722,6000.0,4.5,117538.23313807428,0.0,117538.23313807428,0.7567013285060731,0.0,0.7567013285060731
D,2022-05-08T00:00:00+0000,153948.1389075027,6000.0,4.5,117538.23313807428,0.0,117538.23313807428,0.7634923940762627,0.0,0.7634923940762627
D,2022-05-09T00:00:00+0000,150445.58557264257,6000.0,4.5,117538.23313807428,0.0,117538.23313807428,0.7812674110090191,0.0,0.7812674110090191
D,2022-05-10T00:00:00+0000,151820.84903635737,6000.0,4.5,117538.23313807428,0.0,117538.23313807428,0.7741903294845016,0.0,0.7741903294845016
D,2022-05-11T00:00:00+0000,148746.2096720842,6000.0,4.5,117538.23313807428,0.0,117538.23313807428,0.7901931309523187,0.0,0.7901931309523187
D,2022-05-12T00:00:00+0000,147270.45167306997,6000.0,4.5,117538.23313807428,0.0,117538.23313807428,0.7981114460014076,0.0,0.7981114460014076
D,2022-05-13T00:00:00+0000,147874.94848910585,6000.0,4.5,117538.23313807428,0.0,117538.23313807428,0.7948488526218048,0.0,0.7948488526218048
D,2022-05-14T00:00:00+0000,148455.24988828145,6000.0,4.5,117538.23313807428,0.0,117538.23313807428,0.7917418429225408,0.0,0.7917418429225408
D,2022-05-15T00:00:00+0000,149542.79965747465,6000.0,4.5,117538.23313807428,0.0,117538.23313807428,0.7859839016475129,0.0,0.7859839016475129
D,2022-05-16T00:00:00+0000,148085.21147160724,6000.0,4.5,117538.23313807428,0.0,117538.23313807428,0.7937202639617407,0.0,0.7937202639617407
D,2022-05-17T00:00:00+0000,148904.623418437,6000.0,4.5,117538.23313807428,0.0,117538.23313807428,0.7893524756970105,0.0,0.7893524756970105
D,2022-05-18T00:00:00+0000,146798.02678842488,6000.0,4.5,117538.23313807428,0.0,117538.23313807428,0.8006799254017102,0.0,0.8006799254017102
D,2022-05-19T00:00:00+0000,148079.09899429308,6000.0,4.5,117538.23313807428,0.0,117538.23313807428,0.793753027512709,0.0,0.793753027512709
D,2022-05-20T00:00:00+0000,147352.9448644848,6000.0,4.5,117538.23313807428,0.0,117538.23313807428,0.7976646360625501,0.0,0.7976646360625501
D,2022-05-21T00:00:00+0000,147559.3563053935,6000.0,4.5,117538.23313807428,0.0,117538.23313807428,0.796548833506792,0.0,0.796548833506792
D,2022-05-22T00:00:00+0000,148397.21849245686,6000.0,4.5,117538.23313807428,0.0,117538.23313807428,0.7920514571103557,0.0,0.7920514571103557
D,2022-05-23T00:00:00+0000,147556.53451917286,6000.0,4.5,117538.23313807428,0.0,117538.23313807428,0.7965640662481259,0.0,0.7965640662481259
D,2022-05-24T00:00:00+0000,147650.4688334104,6000.0,4.5,117538.23313807428,0.0,117538.23313807428,0.7960572971203305,0.0,0.7960572971203305
D,2022-05-25T00:00:00+0000,147222.08133928024,6000.0,4.5,117538.23313807428,0.0,117538.23313807428,0.7983736683303768,0.0,0.7983736683303768
D,2022-05-26T00:00:00+0000,145435.27928525675,6000.0,4.5,117538.23313807428,0.0,117538.23313807428,0.8081824005545092,0.0,0.8081824005545092
D,2022-05-27T00:00:00+0000,144662.4920672065,6000.0,4.5,117538.23313807428,0.0,117538.23313807428,0.8124997119741931,0.0,0.8124997119741931
D,2022-05-28T00:00:00+0000,145456.1017535868,6000.0,4.5,117538.23313807428,0.0,117538.23313807428,0.8080667068693522,0.0,0.8080667068693522
D,2022-05-29T00:00:00+0000,145731.85870668053,6000.0,4.5,117538.23313807428,0.0,117538.23313807428,0.8065376656908458,0.0,0.8065376656908458
D,2022-05-30T00:00:00+0000,147994.95407353406,6000.0,4.5,117538.23313807428,0.0,117538.23313807428,0.7942043286129419,0.0,0.7942043286129419
D,2022-05-31T00:00:00+0000,147330.40045908274,6000.0,4.5,117538.23313807428,0.0,117538.23313807428,0.7977866942044831,0.0,0.7977866942044831
D,2022-06-01T00:00:00+0000,145824.35069920003,6000.0,4.5,117538.23313807428,0.0,117538.23313807428,0.806026103147388,0.0,0.806026103147388
D,2022-06-02T00:00:00+0000,146042.03340796163,6000.0,4.5,117538.23313807428,0.0,117538.23313807428,0.8048246822867543,0.0,0.8048246822867543
D,2022-06-03T00:00:00+0000,145335.3688218359,6000.0,4.5,117538.23313807428,0.0,117538.23313807428,0.8087379836780293,0.0,0.8087379836780293
D,2022-06-04T00:00:00+0000,145702.05684128834,6000.0,4.5,117538.23313807428,0.0,117538.23313807428,0.806702634720575,0.0,0.806702634720575
D,2022-06-05T00:00:00+0000,145734.9366868013,6000.0,4.5,117538.23313807428,0.0,117538.23313807428,0.8065206312929308,0.0,0.8065206312929308
D,2022-06-06T00:00:00+0000,146418.15658688243,6000.0,4.5,117538.23313807428,0.0,117538.23313807428,0.8027572254560437,0.0,0.8027572254560437
D,2022-06-07T00:00:00+0000,145870.52785206193,6000.0,4.5,117538.23313807428,0.0,117538.23313807428,0.8057709454323664,0.0,0.8057709454323664
D,2022-06-08T00:00:00+0000,145605.6429978958,6000.0,4.5,117538.23313807428,0.0,117538.23313807428,0.8072367987810257,0.0,0.8072367987810257
D,2022-06-09T00:00:00+0000,145578.76213205289,6000.0,4.5,117538.23313807428,0.0,117538.23313807428,0.8073858536553337,0.0,0.8073858536553337
D,2022-06-10T00:00:00+0000,144065.8099032172,6000.0,4.5,117538.23313807428,0.0,117538.23313807428,0.815864869097227,0.0,0.815864869097227
D,2022-06-11T00:00:00+0000,142511.76990877304,6000.0,4.5,117538.23313807428,0.0,117538.23313807428,0.8247615843471369,0.0,0.8247615843471369
D,2022-06-12T00:00:00+0000,141309.20873585678,6000.0,4.5,117538.23313807428,0.0,117538.23313807428,0.8317804210324569,0.0,0.8317804210324569
D,2022-06-13T00:00:00+0000,138536.21224227516,6000.0,4.5,117538.23313807428,0.0,117538.23313807428,0.848429672182179,0.0,0.848429672182179
D,2022-06-14T00:00:00+0000,138528.0613338717,6000.0,4.5,117538.23313807428,0.0,117538.23313807428,0.8484795932774296,0.0,0.8484795932774296
D,2022-06-15T00:00:00+0000,139563.48295640468,6000.0,4.5,84005.38361088066,0.0,84005.38361088066,0.6019152132877147,0.0,0.6019152132877147
D,2022-06-16T00:00:00+0000,133683.7234937062,6000.0,4.5,84005.38361088066,0.0,84005.38361088066,0.628389017117971,0.0,0.628389017117971
D,2022-06-17T00:00:00+0000,134172.46276179134,6000.0,4.5,84005.38361088066,0.0,84005.38361088066,0.6261000348486045,0.0,0.6261000348486045
D,2022-06-18T00:00:00+0000,131485.50507910585,6000.0,4.5,94612.23314163704,0.0,94612.23314163704,0.7195639784378919,0.0,0.7195639784378919
D,2022-06-19T00:00:00+0000,136564.57033408186,6000.0,4.5,79445.48679704855,0.0,79445.48679704855,0.5817430289766867,0.0,0.5817430289766867
D,2022-06-20T00:00:00+0000,136569.6602549035,6000.0,4.5,79445.48679704855,0.0,79445.48679704855,0.5817213475435594,0.0,0.5817213475435594
D,2022-06-21T00:00:00+0000,136695.2988867117,6000.0,4.5,79445.48679704855,0.0,79445.48679704855,0.5811866790158614,0.0,0.5811866790158614
D,2022-06-22T00:00:00+0000,134019.18063022866,6000.0,4.5,79445.48679704855,0.0,79445.48679704855,0.5927919154814565,0.0,0.5927919154814565
D,2022-06-23T00:00:00+0000,137624.17741858942,6000.0,4.5,79445.48679704855,0.0,79445.48679704855,0.5772640264756093,0.0,0.5772640264756093
D,2022-06-24T00:00:00+0000,139738.16322980612,6000.0,4.5,79445.48679704855,0.0,79445.48679704855,0.5685310652494883,0.0,0.5685310652494883
D,2022-06-25T00:00:00+0000,140464.3915633399,6000.0,4.5,79445.48679704855,0.0,79445.48679704855,0.5655916486223773,0.0,0.5655916486223773
D,2022-06-26T00:00:00+0000,139368.80491454847,6000.0,4.5,99319.98709385912,0.0,99319.98709385912,0.7126414491015792,0.0,0.7126414491015792
D,2022-06-27T00:00:00+0000,138938.3490301284,6000.0,4.5,84570.16260735682,0.0,84570.16260735682,0.6086884089073062,0.0,0.6086884089073062
D,2022-06-28T00:00:00+0000,137371.12325357978,6000.0,4.5,84570.16260735682,0.0,84570.16260735682,0.6156327516609499,0.0,0.6156327516609499
D,2022-06-29T00:00:00+0000,136216.66860358528,6000.0,4.5,84570.16260735682,0.0,84570.16260735682,0.6208503223160671,0.0,0.6208503223160671
D,2022-06-30T00:00:00+0000,135375.77799819096,6000.0,4.5,84570.16260735682,0.0,84570.16260735682,0.6247067522558352,0.0,0.6247067522558352
D,2022-07-01T00:00:00+0000,134457.06268046898,6000.0,4.5,84570.16260735682,0.0,84570.16260735682,0.6289752350780853,0.0,0.6289752350780853
D,2022-07-02T00:00:00+0000,134608.76544003666,6000.0,4.5,84570.16260735682,0.0,84570.16260735682,0.6282663861517233,0.0,0.6282663861517233
D,2022-07-03T00:00:00+0000,134851.11464749835,6000.0,4.5,84570.16260735682,0.0,84570.16260735682,0.6271372901026717,0.0,0.6271372901026717
D,2022-07-04T00:00:00+0000,136946.43954350564,6000.0,4.5,95121.45192172477,0.0,95121.45192172477,0.6945887183252124,0.0,0.6945887183252124
D,2022-07-05T00:00:00+0000,136447.02713222842,6000.0,4.5,82998.30460522039,0.0,82998.30460522039,0.608282249526684,0.0,0.608282249526684
D,2022-07-06T00:00:00+0000,138121.60791709553,6000.0,4.5,82998.30460522039,0.0,82998.30460522039,0.6009074601494525,0.0,0.6009074601494525
D,2022-07-07T00:00:00+0000,140428.5542938647,6000.0,4.5,82998.30460522039,0.0,82998.30460522039,0.5910358119299286,0.0,0.5910358119299286
D,2022-07-08T00:00:00+0000,139864.5253786469,6000.0,4.5,82998.30460522039,0.0,82998.30460522039,0.5934192704012974,0.0,0.5934192704012974
D,2022-07-09T00:00:00+0000,139942.5634067793,6000.0,4.5,82998.30460522039,0.0,82998.30460522039,0.5930883541411508,0.0,0.5930883541411508
D,2022-07-10T00:00:00+0000,138058.48903355043,6000.0,4.5,82998.30460522039,0.0,82998.30460522039,0.6011821886957669,0.0,0.6011821886957669
D,2022-07-11T00:00:00+0000,135454.89554829773,6000.0,4.5,82998.30460522039,0.0,82998.30460522039,0.6127375778428514,0.0,0.6127375778428514
D,2022-07-12T00:00:00+0000,133937.18083167414,6000.0,4.5,95571.48820567277,0.0,95571.48820567277,0.7135545754526703,0.0,0.7135545754526703
D,2022-07-13T00:00:00+0000,136793.07505935666,6000.0,4.5,81040.90018264731,0.0,81040.90018264731,0.592434230661767,0.0,0.592434230661767
D,2022-07-14T00:00:00+0000,139097.46917882143,6000.0,4.5,81040.90018264731,0.0,81040.90018264731,0.5826195160924349,0.0,0.5826195160924349
D,2022-07-15T00:00:00+0000,140294.77659199218,6000.0,4.5,81040.90018264731,0.0,81040.90018264731,0.5776473091249287,0.0,0.5776473091249287
D,2022-07-16T00:00:00+0000,143727.30911770952,6000.0,4.5,81040.90018264731,0.0,81040.90018264731,0.5638517876674125,0.0,0.5638517876674125
D,2022-07-17T00:00:00+0000,142874.68094622006,6000.0,4.5,81040.90018264731,0.0,81040.90018264731,0.5672166660036301,0.0,0.5672166660036301
D,2022-07-18T00:00:00+0000,150585.59887527206,6000.0,4.5,81040.90018264731,0.0,81040.90018264731,0.5381716497988122,0.0,0.5381716497988122
D,2022-07-19T00:00:00+0000,150754.15989116963,6000.0,4.5,81040.90018264731,0.0,81040.90018264731,0.5375699101182431,0.0,0.5375699101182431
D,2022-07-20T00:00:00+0000,150283.32398966726,6000.0,4.5,107033.10456855973,0.0,107033.10456855973,0.7122087915484142,0.0,0.7122087915484142
D,2022-07-21T00:00:00+0000,151223.54336312576,6000.0,4.5,107033.10456855973,0.0,107033.10456855973,0.707780694647171,0.0,0.707780694647171
D,2022-07-22T00:00:00+0000,150315.42579564848,6000.0,4.5,107033.10456855973,0.0,107033.10456855973,0.7120566901368434,0.0,0.7120566901368434
D,2022-07-23T00:00:00+0000,150463.56882149287,6000.0,4.5,107033.10456855973,0.0,107033.10456855973,0.7113556152289714,0.0,0.7113556152289714
D,2022-07-24T00:00:00+0000,151404.9884483445,6000.0,4.5,107033.10456855973,0.0,107033.10456855973,0.7069324839655247,0.0,0.7069324839655247
D,2022-07-25T00:00:00+0000,148065.2703183791,6000.0,4.5,107033.10456855973,0.0,107033.10456855973,0.7228778520338398,0.0,0.7228778520338398
D,2022-07-26T00:00:00+0000,148201.010998394,6000.0,4.5,107033.10456855973,0.0,107033.10456855973,0.7222157517516504,0.0,0.7222157517516504
D,2022-07-27T00:00:00+0000,152284.21651559658,6000.0,4.5,107033.10456855973,0.0,107033.10456855973,0.7028509389717198,0.0,0.7028509389717198
D,2022-07-28T00:00:00+0000,154269.94435463965,6000.0,4.5,107033.10456855973,0.0,107033.10456855973,0.6938040006192607,0.0,0.6938040006192607
D,2022-07-29T00:00:00+0000,154200.74766681704,6000.0,4.5,107033.10456855973,0.0,107033.10456855973,0.6941153411254992,0.0,0.6941153411254992
D,2022-07-30T00:00:00+0000,153715.57068580913,6000.0,4.5,107033.10456855973,0.0,107033.10456855973,0.6963061978108437,0.0,0.6963061978108437
D,2022-07-31T00:00:00+0000,153236.1950839267,6000.0,4.5,107033.10456855973,0.0,107033.10456855973,0.6984844834468661,0.0,0.6984844834468661
D,2022-08-01T00:00:00+0000,152385.14090471432,6000.0,4.5,107033.10456855973,0.0,107033.10456855973,0.7023854421310475,0.0,0.7023854421310475
D,2022-08-02T00:00:00+0000,152284.12896353204,6000.0,4.5,107033.10456855973,0.0,107033.10456855973,0.7028513430588114,0.0,0.7028513430588114
D,2022-08-03T00:00:00+0000,151993.65294929143,6000.0,4.5,107033.10456855973,0.0,107033.10456855973,0.7041945666262027,0.0,0.7041945666262027
D,2022-08-04T00:00:00+0000,151737.12534174358,6000.0,4.5,107033.10456855973,0.0,107033.10456855973,0.7053850817820551,0.0,0.7053850817820551
D,2022-08-05T00:00:00+0000,154350.46541351167,6000.0,4.5,107033.10456855973,0.0,107033.10456855973,0.6934420591594159,0.0,0.6934420591594159
D,2022-08-06T00:00:00+0000,153379.87870999228,6000.0,4.5,107033.10456855973,0.0,107033.10456855973,0.6978301552248315,0.0,0.6978301552248315
D,2022-08-07T00:00:00+0000,153660.87552610526,6000.0,4.5,107033.10456855973,0.0,107033.10456855973,0.6965540460582369,0.0,0.6965540460582369
D,2022-08-08T00:00:00+0000,155325.29663643742,6000.0,4.5,107033.10456855973,0.0,107033.10456855973,0.6890899736640264,0.0,0.6890899736640264
D,2022-08-09T00:00:00+0000,153719.17341290996,6000.0,4.5,107033.10456855973,0.0,107033.10456855973,0.6962898784334125,0.0,0.6962898784334125
D,2022-08-10T00:00:00+0000,156776.84846006974,6000.0,4.5,107033.10456855973,0.0,107033.10456855973,0.682709887460332,0.0,0.682709887460332
D,2022-08-11T00:00:00+0000,157253.85519696106,6000.0,4.5,107033.10456855973,0.0,107033.10456855973,0.6806389861444119,0.0,0.6806389861444119
D,2022-08-12T00:00:00+0000,158867.05784871124,6000.0,4.5,107033.10456855973,0.0,107033.10456855973,0.6737274927725239,0.0,0.6737274927725239
D,2022-08-13T00:00:00+0000,159345.93345442196,6000.0,4.5,107033.10456855973,0.0,107033.10456855973,0.6717027679854449,0.0,0.6717027679854449
D,2022-08-14T00:00:00+0000,158437.5686420385,6000.0,4.5,107033.10456855973,0.0,107033.10456855973,0.6755538189959351,0.0,0.6755538189959351
D,2022-08-15T00:00:00+0000,157709.39485259383,6000.0,4.5,107033.10456855973,0.0,107033.10456855973,0.6786729773999851,0.0,0.6786729773999851
D,2022-08-16T00:00:00+0000,157214.44452122765,6000.0,4.5,107033.10456855973,0.0,107033.10456855973,0.680809609412879,0.0,0.680809609412879
D,2022-08-17T00:00:00+0000,156239.99936727458,6000.0,4.5,107033.10456855973,0.0,107033.10456855973,0.6850557155786732,0.0,0.6850557155786732
D,2022-08-18T00:00:00+0000,156399.67696381133,6000.0,4.5,107033.10456855973,0.0,107033.10456855973,0.6843563020486652,0.0,0.6843563020486652
D,2022-08-19T00:00:00+0000,151118.81490451767,6000.0,4.5,107033.10456855973,0.0,107033.10456855973,0.7082712012808406,0.0,0.7082712012808406
D,2022-08-20T00:00:00+0000,150682.0369212029,6000.0,4.5,107033.10456855973,0.0,107033.10456855973,0.7103242480358241,0.0,0.7103242480358241
D,2022-08-21T00:00:00+0000,151613.77428447778,6000.0,4.5,107033.10456855973,0.0,107033.10456855973,0.705958974200656,0.0,0.705958974200656
D,2022-08-22T00:00:00+0000,151689.69004386922,6000.0,4.5,107033.10456855973,0.0,107033.10456855973,0.7056056646803442,0.0,0.7056056646803442
D,2022-08-23T00:00:00+0000,152486.11246876928,6000.0,4.5,107033.10456855973,0.0,107033.10456855973,0.7019203443230361,0.0,0.7019203443230361
D,2022-08-24T00:00:00+0000,152267.17337255916,6000.0,4.5,107033.10456855973,0.0,107033.10456855973,0.7029296085156639,0.0,0.7029296085156639
D,2022-08-25T00:00:00+0000,153052.51940213877,6000.0,4.5,107033.10456855973,0.0,107033.10456855973,0.6993227225965157,0.0,0.6993227225965157
D,2022-08-26T00:00:00+0000,149134.41807323042,6000.0,4.5,107033.10456855973,0.0,107033.10456855973,0.7176955256297884,0.0,0.7176955256297884
D,2022-08-27T00:00:00+0000,148555.78934854135,6000.0,4.5,90915.90902787281,0.0,90915.90902787281,0.6119984244744986,0.0,0.6119984244744986
D,2022-08-28T00:00:00+0000,146705.3475717678,6000.0,4.5,90915.90902787281,0.0,90915.90902787281,0.6197177576188695,0.0,0.6197177576188695
D,2022-08-29T00:00:00+0000,149384.87195977784,6000.0,4.5,104009.26345163988,0.0,104009.26345163988,0.6962503102700023,0.0,0.6962503102700023
D,2022-08-30T00:00:00+0000,148349.51203149708,6000.0,4.5,91082.77110134737,0.0,91082.77110134737,0.6139741874041957,0.0,0.6139741874041957
D,2022-08-31T00:00:00+0000,149218.01532770362,6000.0,4.5,91082.77110134737,0.0,91082.77110134737,0.6104006336052445,0.0,0.6104006336052445
D,2022-09-01T00:00:00+0000,149994.97945839487,6000.0,4.5,91082.77110134737,0.0,91082.77110134737,0.6072387984599953,0.0,0.6072387984599953
D,2022-09-02T00:00:00+0000,149606.6802920978,6000.0,4.5,91082.77110134737,0.0,91082.77110134737,0.6088148665789114,0.0,0.6088148665789114
D,2022-09-03T00:00:00+0000,149122.0990622359,6000.0,4.5,91082.77110134737,0.0,91082.77110134737,0.6107932471050727,0.0,0.6107932471050727
D,2022-09-04T00:00:00+0000,149760.70722153352,6000.0,4.5,91082.77110134737,0.0,91082.77110134737,0.6081887084481592,0.0,0.6081887084481592
D,2022-09-05T00:00:00+0000,150409.4565250915,6000.0,4.5,91082.77110134737,0.0,91082.77110134737,0.6055654558272593,0.0,0.6055654558272593
D,2022-09-06T00:00:00+0000,148903.85197450098,6000.0,4.5,106783.35332878688,0.0,106783.35332878688,0.7171295565078664,0.0,0.7171295565078664
D,2022-09-07T00:00:00+0000,150920.6113684416,6000.0,4.5,90766.70575147425,0.0,90766.70575147425,0.6014202097941813,0.0,0.6014202097941813
D,2022-09-08T00:00:00+0000,151075.3184588944,6000.0,4.5,90766.70575147425,0.0,90766.70575147425,0.6008043317556909,0.0,0.6008043317556909
D,2022-09-09T00:00:00+0000,154874.3037950363,6000.0,4.5,90766.70575147425,0.0,90766.70575147425,0.5860669170245096,0.0,0.5860669170245096
D,2022-09-10T00:00:00+0000,156379.57865019725,6000.0,4.5,90766.70575147425,0.0,90766.70575147425,0.5804255679349841,0.0,0.5804255679349841
D,2022-09-11T00:00:00+0000,156392.33248013622,6000.0,4.5,90766.70575147425,0.0,90766.70575147425,0.5803782340991861,0.0,0.5803782340991861
D,2022-09-12T00:00:00+0000,155881.66098112724,6000.0,4.5,90766.70575147425,0.0,90766.70575147425,0.5822795650250575,0.0,0.5822795650250575
D,2022-09-13T00:00:00+0000,150642.28923151206,6000.0,4.5,90766.70575147425,0.0,90766.70575147425,0.6025313755819321,0.0,0.6025313755819321
D,2022-09-14T00:00:00+0000,151795.68859599598,6000.0,4.5,106958.51654315251,0.0,106958.51654315251,0.704621570826181,0.0,0.704621570826181
D,2022-09-15T00:00:00+0000,147810.55215261527,6000.0,4.5,92648.31967490216,0.0,92648.31967490216,0.626804502964323,0.0,0.626804502964323
D,2022-09-16T00:00:00+0000,147096.3708260819,6000.0,4.5,92648.31967490216,0.0,92648.31967490216,0.6298477600405525,0.0,0.6298477600405525
D,2022-09-17T00:00:00+0000,148130.39104060008,6000.0,4.5,92648.31967490216,0.0,92648.31967490216,0.6254511246750762,0.0,0.6254511246750762
D,2022-09-18T00:00:00+0000,144667.69755206496,6000.0,4.5,92648.31967490216,0.0,92648.31967490216,0.6404216092646297,0.0,0.6404216092646297
D,2022-09-19T00:00:00+0000,145665.89117178906,6000.0,4.5,92648.31967490216,0.0,92648.31967490216,0.6360330406082413,0.0,0.6360330406082413
D,2022-09-20T00:00:00+0000,143949.13178964594,6000.0,4.5,92648.31967490216,0.0,92648.31967490216,0.6436184680175072,0.0,0.6436184680175072
D,2022-09-21T00:00:00+0000,141952.41826681042,6000.0,4.5,92648.31967490216,0.0,92648.31967490216,0.6526716543902941,0.0,0.6526716543902941
D,2022-09-22T00:00:00+0000,144083.10195517063,6000.0,4.5,100450.68397238826,0.0,100450.68397238826,0.6971718585267691,0.0,0.6971718585267691
D,2022-09-23T00:00:00+0000,143974.09528570375,6000.0,4.5,87636.45876545344,0.0,87636.45876545344,0.6086960198745941,0.0,0.6086960198745941
D,2022-09-24T00:00:00+0000,143364.08747613628,6000.0,4.5,87636.45876545344,0.0,87636.45876545344,0.6112859943396982,0.0,0.6112859943396982
D,2022-09-25T00:00:00+0000,142751.6983094769,6000.0,4.5,87636.45876545344,0.0,87636.45876545344,0.6139083443719388,0.0,0.6139083443719388
D,2022-09-26T00:00:00+0000,144143.31638021502,6000.0,4.5,87636.45876545344,0.0,87636.45876545344,0.607981424086912,0.0,0.607981424086912
D,2022-09-27T00:00:00+0000,143813.22969441983,6000.0,4.5,87636.45876545344,0.0,87636.45876545344,0.6093768907886078,0.0,0.6093768907886078
D,2022-09-28T00:00:00+0000,144388.84088542982,6000.0,4.5,87636.45876545344,0.0,87636.45876545344,0.6069475883873293,0.0,0.6069475883873293
D,2022-09-29T00:00:00+0000,144559.36603076826,6000.0,4.5,87636.45876545344,0.0,87636.45876545344,0.6062316207640309,0.0,0.6062316207640309
D,2022-09-30T00:00:00+0000,144319.6637670106,6000.0,4.5,102396.94997924293,0.0,102396.94997924293,0.7095148873444742,0.0,0.7095148873444742
D,2022-10-01T00:00:00+0000,143812.05556829204,6000.0,4.5,87788.23621360163,0.0,87788.23621360163,0.6104372534464861,0.0,0.6104372534464861
D,2022-10-02T00:00:00+0000,142768.13182441,6000.0,4.5,87788.23621360163,0.0,87788.23621360163,0.6149007841720032,0.0,0.6149007841720032
D,2022-10-03T00:00:00+0000,144430.2645154196,6000.0,4.5,87788.23621360163,0.0,87788.23621360163,0.6078243816013313,0.0,0.6078243816013313
D,2022-10-04T00:00:00+0000,146061.52690024886,6000.0,4.5,87788.23621360163,0.0,87788.23621360163,0.6010360022701642,0.0,0.6010360022701642
D,2022-10-05T00:00:00+0000,145672.9767970005,6000.0,4.5,87788.23621360163,0.0,87788.23621360163,0.6026391314563241,0.0,0.6026391314563241
D,2022-10-06T00:00:00+0000,145469.085404541,6000.0,4.5,87788.23621360163,0.0,87788.23621360163,0.603483798426777,0.0,0.603483798426777
D,2022-10-07T00:00:00+0000,144549.4147267883,6000.0,4.5,87788.23621360163,0.0,87788.23621360163,0.6073233598318574,0.0,0.6073233598318574
D,2022-10-08T00:00:00+0000,144186.76168579241,6000.0,4.5,102390.61418369794,0.0,102390.61418369794,0.7101249309338438,0.0,0.7101249309338438
D,2022-10-09T00:00:00+0000,144371.4438881658,6000.0,4.5,87701.31870126545,0.0,87701.31870126545,0.6074699839478046,0.0,0.6074699839478046
D,2022-10-10T00:00:00+0000,143309.82104733697,6000.0,4.5,87701.31870126545,0.0,87701.31870126545,0.6119700524383227,0.0,0.6119700524383227
D,2022-10-11T00:00:00+0000,143021.90090740938,6000.0,4.5,87701.31870126545,0.0,87701.31870126545,0.6132020211229202,0.0,0.6132020211229202
D,2022-10-12T00:00:00+0000,143458.2245226714,6000.0,4.5,87701.31870126545,0.0,87701.31870126545,0.6113369867295798,0.0,0.6113369867295798
D,2022-10-13T00:00:00+0000,143543.7760069603,6000.0,4.5,87701.31870126545,0.0,87701.31870126545,0.6109726324672753,0.0,0.6109726324672753
D,2022-10-14T00:00:00+0000,143546.21869223536,6000.0,4.5,87701.31870126545,0.0,87701.31870126545,0.6109622357193402,0.0,0.6109622357193402
D,2022-10-15T00:00:00+0000,142963.4808553873,6000.0,4.5,87701.31870126545,0.0,87701.31870126545,0.6134525976600871,0.0,0.6134525976600871
D,2022-10-16T00:00:00+0000,143650.51925832074,6000.0,4.5,101201.76601291946,0.0,101201.76601291946,0.7044998273269903,0.0,0.7044998273269903
D,2022-10-17T00:00:00+0000,144524.7566549873,6000.0,4.5,87354.27159126873,0.0,87354.27159126873,0.6044242772869896,0.0,0.6044242772869896
D,2022-10-18T00:00:00+0000,143830.52302813414,6000.0,4.5,87354.27159126873,0.0,87354.27159126873,0.6073416806958402,0.0,0.6073416806958402
D,2022-10-19T00:00:00+0000,143046.56671931685,6000.0,4.5,87354.27159126873,0.0,87354.27159126873,0.6106701726205953,0.0,0.6106701726205953
D,2022-10-20T00:00:00+0000,142912.31636582589,6000.0,4.5,87354.27159126873,0.0,87354.27159126873,0.611243829871597,0.0,0.611243829871597
D,2022-10-21T00:00:00+0000,143442.87238383794,6000.0,4.5,87354.27159126873,0.0,87354.27159126873,0.6089830058444309,0.0,0.6089830058444309
D,2022-10-22T00:00:00+0000,143808.83094656974,6000.0,4.5,87354.27159126873,0.0,87354.27159126873,0.6074332919354866,0.0,0.6074332919354866
D,2022-10-23T00:00:00+0000,145354.35539811687,6000.0,4.5,87354.27159126873,0.0,87354.27159126873,0.6009745724647233,0.0,0.6009745724647233
D,2022-10-24T00:00:00+0000,144827.0677561352,6000.0,4.5,102992.98461869174,0.0,102992.98461869174,0.7111445823933609,0.0,0.7111445823933609
D,2022-10-25T00:00:00+0000,147386.20133817408,6000.0,4.5,102992.98461869174,0.0,102992.98461869174,0.6987966558848805,0.0,0.6987966558848805
D,2022-10-26T00:00:00+0000,149733.99048110604,6000.0,4.5,102992.98461869174,0.0,102992.98461869174,0.6878397101938438,0.0,0.6878397101938438
D,2022-10-27T00:00:00+0000,148519.8853880261,6000.0,4.5,102992.98461869174,0.0,102992.98461869174,0.6934625915554012,0.0,0.6934625915554012
D,2022-10-28T00:00:00+0000,149439.1959898819,6000.0,4.5,102992.98461869174,0.0,102992.98461869174,0.6891965922090821,0.0,0.6891965922090821
D,2022-10-29T00:00:00+0000,150759.03772815331,6000.0,4.5,102992.98461869174,0.0,102992.98461869174,0.6831629212466009,0.0,0.6831629212466009
D,2022-10-30T00:00:00+0000,150135.49686485346,6000.0,4.5,102992.98461869174,0.0,102992.98461869174,0.6860002249261699,0.0,0.6860002249261699
D,2022-10-31T00:00:00+0000,149744.54923998268,6000.0,4.5,102992.98461869174,0.0,102992.98461869174,0.6877912093723944,0.0,0.6877912093723944
D,2022-11-01T00:00:00+0000,149856.86173677165,6000.0,4.5,102992.98461869174,0.0,102992.98461869174,0.6872757338239353,0.0,0.6872757338239353
D,2022-11-02T00:00:00+0000,148582.12338396683,6000.0,4.5,102992.98461869174,0.0,102992.98461869174,0.6931721143366396,0.0,0.6931721143366396
D,2022-11-03T00:00:00+0000,148856.77155006124,6000.0,4.5,102992.98461869174,0.0,102992.98461869174,0.6918931772213984,0.0,0.6918931772213984
D,2022-11-04T00:00:00+0000,151492.47182579793,6000.0,4.5,102992.98461869174,0.0,102992.98461869174,0.6798554632940703,0.0,0.6798554632940703
D,2022-11-05T00:00:00+0000,151273.83123378977,6000.0,4.5,102992.98461869174,0.0,102992.98461869174,0.6808380787257168,0.0,0.6808380787257168
D,2022-11-06T00:00:00+0000,149986.99456996203,6000.0,4.5,102992.98461869174,0.0,102992.98461869174,0.6866794345335738,0.0,0.6866794345335738
D,2022-11-07T00:00:00+0000,149805.2207376174,6000.0,4.5,102992.98461869174,0.0,102992.98461869174,0.6875126521730714,0.0,0.6875126521730714
D,2022-11-08T00:00:00+0000,144362.49233260547,6000.0,4.5,102992.98461869174,0.0,102992.98461869174,0.7134331290249546,0.0,0.7134331290249546
D,2022-11-09T00:00:00+0000,136238.86651446213,6000.0,4.5,87815.02728209036,0.0,87815.02728209036,0.6445666315989832,0.0,0.6445666315989832
D,2022-11-10T00:00:00+0000,142515.8606305134,6000.0,4.5,87815.02728209036,0.0,87815.02728209036,0.6161772233180389,0.0,0.6161772233180389
D,2022-11-11T00:00:00+0000,141710.85937333838,6000.0,4.5,87815.02728209036,0.0,87815.02728209036,0.619677473345504,0.0,0.619677473345504
D,2022-11-12T00:00:00+0000,140718.62272518428,6000.0,4.5,87815.02728209036,0.0,87815.02728209036,0.6240469497316519,0.0,0.6240469497316519
D,2022-11-13T00:00:00+0000,139391.88484983332,6000.0,4.5,87815.02728209036,0.0,87815.02728209036,0.6299866550817744,0.0,0.6299866550817744
D,2022-11-14T00:00:00+0000,140214.98648641526,6000.0,4.5,87815.02728209036,0.0,87815.02728209036,0.6262884551973218,0.0,0.6262884551973218
D,2022-11-15T00:00:00+0000,140764.35759357442,6000.0,4.5,87815.02728209036,0.0,87815.02728209036,0.6238441945342201,0.0,0.6238441945342201
D,2022-11-16T00:00:00+0000,139898.10234687992,6000.0,4.5,99554.87796495437,0.0,99554.87796495437,0.7116242200205563,0.0,0.7116242200205563
D,2022-11-17T00:00:00+0000,139558.6702465745,6000.0,4.5,84913.67157954405,0.0,84913.67157954405,0.6084442580996022,0.0,0.6084442580996022
D,2022-11-18T00:00:00+0000,139863.7416486867,6000.0,4.5,84913.67157954405,0.0,84913.67157954405,0.6071171168352723,0.0,0.6071171168352723
D,2022-11-19T00:00:00+0000,139994.76713183094,6000.0,4.5,84913.67157954405,0.0,84913.67157954405,0.6065488969282841,0.0,0.6065488969282841
D,2022-11-20T00:00:00+0000,137726.1348265388,6000.0,4.5,84913.67157954405,0.0,84913.67157954405,0.6165400030029873,0.0,0.6165400030029873
D,2022-11-21T00:00:00+0000,136306.6746824978,6000.0,4.5,84913.67157954405,0.0,84913.67157954405,0.6229604806759125,0.0,0.6229604806759125
D,2022-11-22T00:00:00+0000,137623.66680645445,6000.0,4.5,84913.67157954405,0.0,84913.67157954405,0.6169990492911476,0.0,0.6169990492911476
D,2022-11-23T00:00:00+0000,139149.87659517518,6000.0,4.5,84913.67157954405,0.0,84913.67157954405,0.6102317418978459,0.0,0.6102317418978459
D,2022-11-24T00:00:00+0000,139504.8094970709,6000.0,4.5,98342.28261501098,0.0,98342.28261501098,0.7049382954576616,0.0,0.7049382954576616
D,2022-11-25T00:00:00+0000,139296.72384586962,6000.0,4.5,84659.76431067153,0.0,84659.76431067153,0.6077656528688117,0.0,0.6077656528688117
D,2022-11-26T00:00:00+0000,139376.0337045371,6000.0,4.5,84659.76431067153,0.0,84659.76431067153,0.6074198128649688,0.0,0.6074198128649688
D,2022-11-27T00:00:00+0000,139077.35006916086,6000.0,4.5,84659.76431067153,0.0,84659.76431067153,0.6087243125395445,0.0,0.6087243125395445
D,2022-11-28T00:00:00+0000,138210.15162991622,6000.0,4.5,84659.76431067153,0.0,84659.76431067153,0.6125437481420615,0.0,0.6125437481420615
D,2022-11-29T00:00:00+0000,139645.9103277683,6000.0,4.5,84659.76431067153,0.0,84659.76431067153,0.6062459266580978,0.0,0.6062459266580978
D,2022-11-30T00:00:00+0000,142380.25255258294,6000.0,4.5,84659.76431067153,0.0,84659.76431067153,0.5946032739294765,0.0,0.5946032739294765
D,2022-12-01T00:00:00+0000,141737.64572487614,6000.0,4.5,84659.76431067153,0.0,84659.76431067153,0.5972990723650282,0.0,0.5972990723650282
D,2022-12-02T00:00:00+0000,142164.02027114085,6000.0,4.5,100281.05801599463,0.0,100281.05801599463,0.7053898576076747,0.0,0.7053898576076747
D,2022-12-03T00:00:00+0000,140656.7246516138,6000.0,4.5,86387.49142711173,0.0,86387.49142711173,0.6141724943551825,0.0,0.6141724943551825
D,2022-12-04T00:00:00+0000,141815.1700012951,6000.0,4.5,86387.49142711173,0.0,86387.49142711173,0.6091555044944966,0.0,0.6091555044944966
D,2022-12-05T00:00:00+0000,141206.66356841073,6000.0,4.5,86387.49142711173,0.0,86387.49142711173,0.6117805579710435,0.0,0.6117805579710435
D,2022-12-06T00:00:00+0000,141635.345995912,6000.0,4.5,86387.49142711173,0.0,86387.49142711173,0.6099289045377495,0.0,0.6099289045377495
D,2022-12-07T00:00:00+0000,140434.4168371984,6000.0,4.5,86387.49142711173,0.0,86387.49142711173,0.6151447299934907,0.0,0.6151447299934907
D,2022-12-08T00:00:00+0000,142022.03123296762,6000.0,4.5,86387.49142711173,0.0,86387.49142711173,0.6082682431530987,0.0,0.6082682431530987
D,2022-12-09T00:00:00+0000,141531.79551396752,6000.0,4.5,86387.49142711173,0.0,86387.49142711173,0.610375153606995,0.0,0.610375153606995
D,2022-12-10T00:00:00+0000,141583.03510424506,6000.0,4.5,100128.54042809199,0.0,100128.54042809199,0.7072071901437141,0.0,0.7072071901437141
D,2022-12-11T00:00:00+0000,141446.41171305292,6000.0,4.5,86010.02330618951,0.0,86010.02330618951,0.6080749752823341,0.0,0.6080749752823341
D,2022-12-12T00:00:00+0000,141891.83647581656,6000.0,4.5,86010.02330618951,0.0,86010.02330618951,0.6061661152778771,0.0,0.6061661152778771
D,2022-12-13T00:00:00+0000,143619.39241625927,6000.0,4.5,86010.02330618951,0.0,86010.02330618951,0.5988747192085478,0.0,0.5988747192085478
D,2022-12-14T00:00:00+0000,143363.28066709108,6000.0,4.5,86010.02330618951,0.0,86010.02330618951,0.5999445806902007,0.0,0.5999445806902007
D,2022-12-15T00:00:00+0000,141901.81748136727,6000.0,4.5,86010.02330618951,0.0,86010.02330618951,0.6061234791265676,0.0,0.6061234791265676
D,2022-12-16T00:00:00+0000,138762.13402417197,6000.0,4.5,86010.02330618951,0.0,86010.02330618951,0.6198378535401222,0.0,0.6198378535401222
D,2022-12-17T00:00:00+0000,139412.8346244283,6000.0,4.5,86010.02330618951,0.0,86010.02330618951,0.6169447995078539,0.0,0.6169447995078539
D,2022-12-18T00:00:00+0000,139300.68693664076,6000.0,4.5,98541.43734489227,0.0,98541.43734489227,0.7074009433256611,0.0,0.7074009433256611
D,2022-12-19T00:00:00+0000,138557.19876956515,6000.0,4.5,84526.9799880236,0.0,84526.9799880236,0.6100511610991837,0.0,0.6100511610991837
D,2022-12-20T00:00:00+0000,140291.9250531901,6000.0,4.5,84526.9799880236,0.0,84526.9799880236,0.6025078061761299,0.0,0.6025078061761299
D,2022-12-21T00:00:00+0000,140140.48724788852,6000.0,4.5,84526.9799880236,0.0,84526.9799880236,0.6031588846876736,0.0,0.6031588846876736
D,2022-12-22T00:00:00+0000,140239.97440717605,6000.0,4.5,84526.9799880236,0.0,84526.9799880236,0.6027309998118365,0.0,0.6027309998118365
D,2022-12-23T00:00:00+0000,140250.56518437597,6000.0,4.5,84526.9799880236,0.0,84526.9799880236,0.6026854856299715,0.0,0.6026854856299715
D,2022-12-24T00:00:00+0000,140345.4615749005,6000.0,4.5,84526.9799880236,0.0,84526.9799880236,0.6022779720804344,0.0,0.6022779720804344
D,2022-12-25T00:00:00+0000,140308.1035368672,6000.0,4.5,84526.9799880236,0.0,84526.9799880236,0.6024383329065052,0.0,0.6024383329065052
D,2022-12-26T00:00:00+0000,140541.5967316865,6000.0,4.5,99209.71501236851,0.0,99209.71501236851,0.7059099748366577,0.0,0.7059099748366577
D,2022-12-27T00:00:00+0000,139888.20497857817,6000.0,4.5,85333.44629710137,0.0,85333.44629710137,0.6100117326558657,0.0,0.6100117326558657
D,2022-12-28T00:00:00+0000,139210.98567475338,6000.0,4.5,85333.44629710137,0.0,85333.44629710137,0.6129792550745299,0.0,0.6129792550745299
D,2022-12-29T00:00:00+0000,139567.57226364902,6000.0,4.5,85333.44629710137,0.0,85333.44629710137,0.6114131306655023,0.0,0.6114131306655023
D,2022-12-30T00:00:00+0000,139535.91887928615,6000.0,4.5,85333.44629710137,0.0,85333.44629710137,0.6115518282495,0.0,0.6115518282495
D,2022-12-31T00:00:00+0000,139378.3862883636,6000.0,4.5,85333.44629710137,0.0,85333.44629710137,0.6122430354485003,0.0,0.6122430354485003
D,2023-01-01T00:00:00+0000,139579.50311577984,6000.0,4.5,85333.44629710137,0.0,85333.44629710137,0.6113608688398762,0.0,0.6113608688398762
D,2023-01-02T00:00:00+0000,139975.33443790584,6000.0,4.5,85333.44629710137,0.0,85333.44629710137,0.6096320229544153,0.0,0.6096320229544153
D,2023-01-03T00:00:00+0000,139978.77531494555,6000.0,4.5,98960.89567033216,0.0,98960.89567033216,0.7069707207230159,0.0,0.7069707207230159
D,2023-01-04T00:00:00+0000,141167.6706714753,6000.0,4.5,84967.7220643845,0.0,84967.7220643845,0.6018922155492739,0.0,0.6018922155492739
D,2023-01-05T00:00:00+0000,141025.65063327632,6000.0,4.5,84967.7220643845,0.0,84967.7220643845,0.602498351773855,0.0,0.602498351773855
D,2023-01-06T00:00:00+0000,141600.4633075716,6000.0,4.5,84967.7220643845,0.0,84967.7220643845,0.6000525710133121,0.0,0.6000525710133121
D,2023-01-07T00:00:00+0000,141486.4226968084,6000.0,4.5,84967.7220643845,0.0,84967.7220643845,0.6005362242175141,0.0,0.6005362242175141
D,2023-01-08T00:00:00+0000,142333.01321286452,6000.0,4.5,84967.7220643845,0.0,84967.7220643845,0.5969642611114542,0.0,0.5969642611114542
D,2023-01-09T00:00:00+0000,143106.75016667088,6000.0,4.5,84967.7220643845,0.0,84967.7220643845,0.5937366474008102,0.0,0.5937366474008102
D,2023-01-10T00:00:00+0000,143801.0824221183,6000.0,4.5,84967.7220643845,0.0,84967.7220643845,0.5908698365354965,0.0,0.5908698365354965
D,2023-01-11T00:00:00+0000,145688.76403122873,6000.0,4.5,84967.7220643845,0.0,84967.7220643845,0.5832139673185194,0.0,0.5832139673185194
D,2023-01-12T00:00:00+0000,147452.68083101307,6000.0,4.5,84967.7220643845,0.0,84967.7220643845,0.5762372144441447,0.0,0.5762372144441447
D,2023-01-13T00:00:00+0000,149646.6960054728,6000.0,4.5,84967.7220643845,0.0,84967.7220643845,0.5677888275012575,0.0,0.5677888275012575
D,2023-01-14T00:00:00+0000,153232.16797524755,6000.0,4.5,84967.7220643845,0.0,84967.7220643845,0.5545031646234349,0.0,0.5545031646234349
D,2023-01-15T00:00:00+0000,153199.39215051488,6000.0,4.5,84967.7220643845,0.0,84967.7220643845,0.5546217962856255,0.0,0.5546217962856255
D,2023-01-16T00:00:00+0000,154172.28462117843,6000.0,4.5,84967.7220643845,0.0,84967.7220643845,0.5511218976430255,0.0,0.5511218976430255
D,2023-01-17T00:00:00+0000,153857.3115305903,6000.0,4.5,84967.7220643845,0.0,84967.7220643845,0.5522501415052414,0.0,0.5522501415052414
D,2023-01-18T00:00:00+0000,152040.1975403189,6000.0,4.5,84967.7220643845,0.0,84967.7220643845,0.5588503793008573,0.0,0.5588503793008573
D,2023-01-19T00:00:00+0000,153466.90204992355,6000.0,4.5,84967.7220643845,0.0,84967.7220643845,0.5536550287354083,0.0,0.5536550287354083
D,2023-01-20T00:00:00+0000,157980.46238001238,6000.0,4.5,84967.7220643845,0.0,84967.7220643845,0.5378368994768469,0.0,0.5378368994768469
D,2023-01-21T00:00:00+0000,157403.65383207868,6000.0,4.5,84967.7220643845,0.0,84967.7220643845,0.5398078125621515,0.0,0.5398078125621515
D,2023-01-22T00:00:00+0000,157337.76774890532,6000.0,4.5,84967.7220643845,0.0,84967.7220643845,0.5400338601471971,0.0,0.5400338601471971
D,2023-01-23T00:00:00+0000,157587.53188653884,6000.0,4.5,84967.7220643845,0.0,84967.7220643845,0.5391779479455282,0.0,0.5391779479455282
D,2023-01-24T00:00:00+0000,155615.45425877435,6000.0,4.5,84967.7220643845,0.0,84967.7220643845,0.5460108217985272,0.0,0.5460108217985272
D,2023-01-25T00:00:00+0000,157463.3339575628,6000.0,4.5,84967.7220643845,0.0,84967.7220643845,0.5396032201838413,0.0,0.5396032201838413
D,2023-01-26T00:00:00+0000,157159.60612826236,6000.0,4.5,84967.7220643845,0.0,84967.7220643845,0.540646061399772,0.0,0.540646061399772
D,2023-01-27T00:00:00+0000,157173.25257042627,6000.0,4.5,84967.7220643845,0.0,84967.7220643845,0.5405991202371544,0.0,0.5405991202371544
D,2023-01-28T00:00:00+0000,156530.2510165074,6000.0,4.5,84967.7220643845,0.0,84967.7220643845,0.5428198160585839,0.0,0.5428198160585839
D,2023-01-29T00:00:00+0000,159134.0069557326,6000.0,4.5,84967.7220643845,0.0,84967.7220643845,0.5339381800900707,0.0,0.5339381800900707
D,2023-01-30T00:00:00+0000,156167.8433345711,6000.0,4.5,84967.7220643845,0.0,84967.7220643845,0.5440794996595504,0.0,0.5440794996595504
D,2023-01-31T00:00:00+0000,157001.81683410317,6000.0,4.5,84967.7220643845,0.0,84967.7220643845,0.5411894191910284,0.0,0.5411894191910284
D,2023-02-01T00:00:00+0000,159088.3535136561,6000.0,4.5,84967.7220643845,0.0,84967.7220643845,0.534091403850571,0.0,0.534091403850571
D,2023-02-02T00:00:00+0000,158823.3902674286,6000.0,4.5,84967.7220643845,0.0,84967.7220643845,0.5349824224335906,0.0,0.5349824224335906
D,2023-02-03T00:00:00+0000,159234.05501153925,6000.0,4.5,84967.7220643845,0.0,84967.7220643845,0.5336027023756139,0.0,0.5336027023756139
D,2023-02-04T00:00:00+0000,159178.3160442223,6000.0,4.5,84967.7220643845,0.0,84967.7220643845,0.5337895523456795,0.0,0.5337895523456795
D,2023-02-05T00:00:00+0000,157825.40268864005,6000.0,4.5,84967.7220643845,0.0,84967.7220643845,0.5383653113941987,0.0,0.5383653113941987
D,2023-02-06T00:00:00+0000,157279.89597926298,6000.0,4.5,84967.7220643845,0.0,84967.7220643845,0.540232567775778,0.0,0.540232567775778
D,2023-02-07T00:00:00+0000,159211.98537659703,6000.0,4.5,84967.7220643845,0.0,84967.7220643845,0.533676669274637,0.0,0.533676669274637
D,2023-02-08T00:00:00+0000,158394.21103459023,6000.0,4.5,84967.7220643845,0.0,84967.7220643845,0.5364319914812367,0.0,0.5364319914812367
D,2023-02-09T00:00:00+0000,154490.08105678722,6000.0,4.5,84967.7220643845,0.0,84967.7220643845,0.549988203017074,0.0,0.549988203017074
D,2023-02-10T00:00:00+0000,153537.57026305707,6000.0,4.5,84967.7220643845,0.0,84967.7220643845,0.5534001998260665,0.0,0.5534001998260665
D,2023-02-11T00:00:00+0000,154440.64453165443,6000.0,4.5,84967.7220643845,0.0,84967.7220643845,0.5501642545072996,0.0,0.5501642545072996
D,2023-02-12T00:00:00+0000,153804.6128981508,6000.0,4.5,84967.7220643845,0.0,84967.7220643845,0.5524393609744983,0.0,0.5524393609744983
D,2023-02-13T00:00:00+0000,153582.8506404868,6000.0,4.5,84967.7220643845,0.0,84967.7220643845,0.5532370424825654,0.0,0.5532370424825654
D,2023-02-14T00:00:00+0000,155305.32360953273,6000.0,4.5,84967.7220643845,0.0,84967.7220643845,0.547101155901195,0.0,0.547101155901195
D,2023-02-15T00:00:00+0000,160789.0117478043,6000.0,4.5,84967.7220643845,0.0,84967.7220643845,0.5284423427992417,0.0,0.5284423427992417
D,2023-02-16T00:00:00+0000,158912.04772472702,6000.0,4.5,84967.7220643845,0.0,84967.7220643845,0.5346839543064007,0.0,0.5346839543064007
D,2023-02-17T00:00:00+0000,161565.57698817016,6000.0,4.5,84967.7220643845,0.0,84967.7220643845,0.5259023837151019,0.0,0.5259023837151019
D,2023-02-18T00:00:00+0000,161604.98693766835,6000.0,4.5,84967.7220643845,0.0,84967.7220643845,0.5257741340442476,0.0,0.5257741340442476
D,2023-02-19T00:00:00+0000,160881.19746632705,6000.0,4.5,84967.7220643845,0.0,84967.7220643845,0.5281395427341254,0.0,0.5281395427341254
D,2023-02-20T00:00:00+0000,162167.63548001583,6000.0,4.5,84967.7220643845,0.0,84967.7220643845,0.5239499349724145,0.0,0.5239499349724145
D,2023-02-21T00:00:00+0000,160674.29373097722,6000.0,4.5,84967.7220643845,0.0,84967.7220643845,0.5288196393546876,0.0,0.5288196393546876
D,2023-02-22T00:00:00+0000,159956.2536754971,6000.0,4.5,84967.7220643845,0.0,84967.7220643845,0.5311934989222636,0.0,0.5311934989222636
D,2023-02-23T00:00:00+0000,159828.32677850223,6000.0,4.5,84967.7220643845,0.0,84967.7220643845,0.531618667209955,0.0,0.531618667209955
D,2023-02-24T00:00:00+0000,157884.1115047778,6000.0,4.5,84967.7220643845,0.0,84967.7220643845,0.5381651215854818,0.0,0.5381651215854818
D,2023-02-25T00:00:00+0000,157554.52407793817,6000.0,4.5,84967.7220643845,0.0,84967.7220643845,0.5392909061903748,0.0,0.5392909061903748
D,2023-02-26T00:00:00+0000,159158.23970120994,6000.0,4.5,84967.7220643845,0.0,84967.7220643845,0.5338568849711811,0.0,0.5338568849711811
D,2023-02-27T00:00:00+0000,158906.91813867463,6000.0,4.5,84967.7220643845,0.0,84967.7220643845,0.5347012141424516,0.0,0.5347012141424516
D,2023-02-28T00:00:00+0000,157816.32336303877,6000.0,4.5,84967.7220643845,0.0,84967.7220643845,0.5383962840708548,0.0,0.5383962840708548
D,2023-03-01T00:00:00+0000,159841.00199430287,6000.0,4.5,84967.7220643845,0.0,84967.7220643845,0.5315765104338683,0.0,0.5315765104338683
D,2023-03-02T00:00:00+0000,159241.42389356636,6000.0,4.5,84967.7220643845,0.0,84967.7220643845,0.5335780099603679,0.0,0.5335780099603679
D,2023-03-03T00:00:00+0000,156012.12232975615,6000.0,4.5,84967.7220643845,0.0,84967.7220643845,0.5446225639107188,0.0,0.5446225639107188
D,2023-03-04T00:00:00+0000,155951.2881036222,6000.0,4.5,84967.7220643845,0.0,84967.7220643845,0.5448350128915094,0.0,0.5448350128915094
D,2023-03-05T00:00:00+0000,156021.4089090703,6000.0,4.5,84967.7220643845,0.0,84967.7220643845,0.5445901473297419,0.0,0.5445901473297419
D,2023-03-06T00:00:00+0000,156036.42282265454,6000.0,4.5,84967.7220643845,0.0,84967.7220643845,0.5445377465552117,0.0,0.5445377465552117
D,2023-03-07T00:00:00+0000,155685.35908260423,6000.0,4.5,84967.7220643845,0.0,84967.7220643845,0.5457656555829502,0.0,0.5457656555829502
D,2023-03-08T00:00:00+0000,154378.62085639354,6000.0,4.5,84967.7220643845,0.0,84967.7220643845,0.5503852903532762,0.0,0.5503852903532762
D,2023-03-09T00:00:00+0000,150460.93463124562,6000.0,4.5,84967.7220643845,0.0,84967.7220643845,0.5647161655125037,0.0,0.5647161655125037
D,2023-03-10T00:00:00+0000,149948.61360847234,6000.0,4.5,84967.7220643845,0.0,84967.7220643845,0.5666455995801464,0.0,0.5666455995801464
D,2023-03-11T00:00:00+0000,151406.57862581674,6000.0,4.5,84967.7220643845,0.0,84967.7220643845,0.5611891031126994,0.0,0.5611891031126994
D,2023-03-12T00:00:00+0000,155914.20472260093,6000.0,4.5,84967.7220643845,0.0,84967.7220643845,0.5449645990598302,0.0,0.5449645990598302
D,2023-03-13T00:00:00+0000,160813.52511548885,6000.0,4.5,84967.7220643845,0.0,84967.7220643845,0.5283617904859969,0.0,0.5283617904859969
D,2023-03-14T00:00:00+0000,162145.20555681427,6000.0,4.5,84967.7220643845,0.0,84967.7220643845,0.5240224141848743,0.0,0.5240224141848743
D,2023-03-15T00:00:00+0000,160517.18611846698,6000.0,4.5,84967.7220643845,0.0,84967.7220643845,0.5293372262436468,0.0,0.5293372262436468
D,2023-03-16T00:00:00+0000,162001.27673240338,6000.0,4.5,84967.7220643845,0.0,84967.7220643845,0.52448797798511,0.0,0.52448797798511
D,2023-03-17T00:00:00+0000,167785.1911857851,6000.0,4.5,84967.7220643845,0.0,84967.7220643845,0.506407755439522,0.0,0.506407755439522
D,2023-03-18T00:00:00+0000,166462.48191936797,6000.0,4.5,84967.7220643845,0.0,84967.7220643845,0.5104316665513954,0.0,0.5104316665513954
D,2023-03-19T00:00:00+0000,168359.39809432568,6000.0,4.5,84967.7220643845,0.0,84967.7220643845,0.5046806001098921,0.0,0.5046806001098921
D,2023-03-20T00:00:00+0000,166933.1584451578,6000.0,4.5,84967.7220643845,0.0,84967.7220643845,0.5089924785212686,0.0,0.5089924785212686
D,2023-03-21T00:00:00+0000,169030.10536590547,6000.0,4.5,84967.7220643845,0.0,84967.7220643845,0.5026780399885089,0.0,0.5026780399885089
D,2023-03-22T00:00:00+0000,166388.4541625172,6000.0,4.5,84967.7220643845,0.0,84967.7220643845,0.5106587623044666,0.0,0.5106587623044666
D,2023-03-23T00:00:00+0000,169591.0697592412,6000.0,4.5,84967.7220643845,0.0,84967.7220643845,0.5010153080879103,0.0,0.5010153080879103
D,2023-03-24T00:00:00+0000,167027.9833620506,6000.0,4.5,84967.7220643845,0.0,84967.7220643845,0.5087035139507617,0.0,0.5087035139507617
D,2023-03-25T00:00:00+0000,166873.38561629818,6000.0,4.5,84967.7220643845,0.0,84967.7220643845,0.5091747959123679,0.0,0.5091747959123679
D,2023-03-26T00:00:00+0000,168280.6279241236,6000.0,4.5,84967.7220643845,0.0,84967.7220643845,0.5049168351255249,0.0,0.5049168351255249
D,2023-03-27T00:00:00+0000,165842.17088212882,6000.0,4.5,84967.7220643845,0.0,84967.7220643845,0.5123408697102423,0.0,0.5123408697102423
D,2023-03-28T00:00:00+0000,167365.63531441128,6000.0,4.5,84967.7220643845,0.0,84967.7220643845,0.5076772295863787,0.0,0.5076772295863787
D,2023-03-29T00:00:00+0000,169255.18520550738,6000.0,4.5,84967.7220643845,0.0,84967.7220643845,0.5020095659770649,0.0,0.5020095659770649
D,2023-03-30T00:00:00+0000,168863.31430008548,6000.0,4.5,84967.7220643845,0.0,84967.7220643845,0.5031745492889541,0.0,0.5031745492889541
D,2023-03-31T00:00:00+0000,170088.38928909716,6000.0,4.5,84967.7220643845,0.0,84967.7220643845,0.49955039505939414,0.0,0.49955039505939414
D,2023-04-01T00:00:00+0000,170067.09501460515,6000.0,4.5,84967.7220643845,0.0,84967.7220643845,0.49961294427406777,0.0,0.49961294427406777
D,2023-04-02T00:00:00+0000,169106.428912052,6000.0,4.5,84967.7220643845,0.0,84967.7220643845,0.5024511641043172,0.0,0.5024511641043172
D,2023-04-03T00:00:00+0000,169003.74793014594,6000.0,4.5,84967.7220643845,0.0,84967.7220643845,0.5027564364992905,0.0,0.5027564364992905
D,2023-04-04T00:00:00+0000,170874.556665614,6000.0,4.5,84967.7220643845,0.0,84967.7220643845,0.4972520410435277,0.0,0.4972520410435277
D,2023-04-05T00:00:00+0000,171777.57756675343,6000.0,4.5,84967.7220643845,0.0,84967.7220643845,0.4946380270810707,0.0,0.4946380270810707
D,2023-04-06T00:00:00+0000,170774.00670195802,6000.0,4.5,84967.7220643845,0.0,84967.7220643845,0.49754481788714927,0.0,0.49754481788714927
D,2023-04-07T00:00:00+0000,170419.05065610714,6000.0,4.5,84967.7220643845,0.0,84967.7220643845,0.49858112539215466,0.0,0.49858112539215466
D,2023-04-08T00:00:00+0000,170128.6036442445,6000.0,4.5,84967.7220643845,0.0,84967.7220643845,0.4994323132285286,0.0,0.4994323132285286
D,2023-04-09T00:00:00+0000,170876.78631758803,6000.0,4.5,84967.7220643845,0.0,84967.7220643845,0.49724555274854754,0.0,0.49724555274854754
D,2023-04-10T00:00:00+0000,173787.9671808486,6000.0,4.5,84967.7220643845,0.0,84967.7220643845,0.48891602475541207,0.0,0.48891602475541207
D,2023-04-11T00:00:00+0000,174065.17000445293,6000.0,4.5,84967.7220643845,0.0,84967.7220643845,0.4881374146373503,0.0,0.4881374146373503
D,2023-04-12T00:00:00+0000,174305.2377535302,6000.0,4.5,84967.7220643845,0.0,84967.7220643845,0.48746511097119144,0.0,0.48746511097119144
D,2023-04-13T00:00:00+0000,177137.58309432602,6000.0,4.5,84967.7220643845,0.0,84967.7220643845,0.479670776693047,0.0,0.479670776693047
D,2023-04-14T00:00:00+0000,179303.56105900684,6000.0,4.5,84967.7220643845,0.0,84967.7220643845,0.4738763779288386,0.0,0.4738763779288386
D,2023-04-15T00:00:00+0000,178873.99884036195,6000.0,4.5,84967.7220643845,0.0,84967.7220643845,0.4750143822759555,0.0,0.4750143822759555
D,2023-04-16T00:00:00+0000,179546.90348204068,6000.0,4.5,84967.7220643845,0.0,84967.7220643845,0.47323412666308373,0.0,0.47323412666308373
D,2023-04-17T00:00:00+0000,177383.38574901357,6000.0,4.5,84967.7220643845,0.0,84967.7220643845,0.47900609014537887,0.0,0.47900609014537887
D,2023-04-18T00:00:00+0000,179319.4346925142,6000.0,4.5,84967.7220643845,0.0,84967.7220643845,0.4738344296594615,0.0,0.4738344296594615
D,2023-04-19T00:00:00+0000,173337.90040841885,6000.0,4.5,84967.7220643845,0.0,84967.7220643845,0.4901854808681974,0.0,0.4901854808681974
D,2023-04-20T00:00:00+0000,172838.99579784792,6000.0,4.5,84967.7220643845,0.0,84967.7220643845,0.4916004150114512,0.0,0.4916004150114512
D,2023-04-21T00:00:00+0000,169390.41759249516,6000.0,4.5,84967.7220643845,0.0,84967.7220643845,0.5016087879822844,0.0,0.5016087879822844
D,2023-04-22T00:00:00+0000,170714.52461388853,6000.0,4.5,84967.7220643845,0.0,84967.7220643845,0.497718177504575,0.0,0.497718177504575
D,2023-04-23T00:00:00+0000,170149.15007664927,6000.0,4.5,84967.7220643845,0.0,84967.7220643845,0.49937200406883026,0.0,0.49937200406883026
D,2023-04-24T00:00:00+0000,169591.04014863484,6000.0,4.5,84967.7220643845,0.0,84967.7220643845,0.5010153955652148,0.0,0.5010153955652148
D,2023-04-25T00:00:00+0000,171199.45290032862,6000.0,4.5,84967.7220643845,0.0,84967.7220643845,0.49630837379984066,0.0,0.49630837379984066
D,2023-04-26T00:00:00+0000,171359.656256895,6000.0,4.5,84967.7220643845,0.0,84967.7220643845,0.49584437737786174,0.0,0.49584437737786174
D,2023-04-27T00:00:00+0000,173744.85831052903,6000.0,4.5,84967.7220643845,0.0,84967.7220643845,0.4890373326186391,0.0,0.4890373326186391
D,2023-04-28T00:00:00+0000,173135.60326043167,6000.0,4.5,84967.7220643845,0.0,84967.7220643845,0.49075822918164047,0.0,0.49075822918164047
D,2023-04-29T00:00:00+0000,173430.36678493547,6000.0,4.5,84967.7220643845,0.0,84967.7220643845,0.48992413289276965,0.0,0.48992413289276965
D,2023-04-30T00:00:00+0000,172574.81835051614,6000.0,4.5,84967.7220643845,0.0,84967.7220643845,0.4923529566857596,0.0,0.4923529566857596
D,2023-05-01T00:00:00+0000,170147.14629393112,6000.0,4.5,84967.7220643845,0.0,84967.7220643845,0.4993778850548678,0.0,0.4993778850548678
D,2023-05-02T00:00:00+0000,171858.81531974912,6000.0,4.5,84967.7220643845,0.0,84967.7220643845,0.4944042114237736,0.0,0.4944042114237736
D,2023-05-03T00:00:00+0000,173148.82598513336,6000.0,4.5,84967.7220643845,0.0,84967.7220643845,0.49072075182121,0.0,0.49072075182121
D,2023-05-04T00:00:00+0000,172265.57391033357,6000.0,4.5,84967.7220643845,0.0,84967.7220643845,0.4932368095125686,0.0,0.4932368095125686
D,2023-05-05T00:00:00+0000,175840.53770539648,6000.0,4.5,84967.7220643845,0.0,84967.7220643845,0.4832089526860954,0.0,0.4832089526860954
D,2023-05-06T00:00:00+0000,172747.36804332235,6000.0,4.5,84967.7220643845,0.0,84967.7220643845,0.49186116712977024,0.0,0.49186116712977024
D,2023-05-07T00:00:00+0000,171609.86732108783,6000.0,4.5,84967.7220643845,0.0,84967.7220643845,0.4951214250717125,0.0,0.4951214250717125
D,2023-05-08T00:00:00+0000,170091.91708383267,6000.0,4.5,84967.7220643845,0.0,84967.7220643845,0.49954003412464765,0.0,0.49954003412464765
D,2023-05-09T00:00:00+0000,170026.4820098739,6000.0,4.5,84967.7220643845,0.0,84967.7220643845,0.4997322832301512,0.0,0.4997322832301512
D,2023-05-10T00:00:00+0000,169868.35404836625,6000.0,4.5,84967.7220643845,0.0,84967.7220643845,0.5001974766894594,0.0,0.5001974766894594
D,2023-05-11T00:00:00+0000,167974.7265052157,6000.0,4.5,84967.7220643845,0.0,84967.7220643845,0.5058363471230074,0.0,0.5058363471230074
D,2023-05-12T00:00:00+0000,168061.79404041404,6000.0,4.5,84967.7220643845,0.0,84967.7220643845,0.5055742892043161,0.0,0.5055742892043161
D,2023-05-13T00:00:00+0000,167762.68258775474,6000.0,4.5,84967.7220643845,0.0,84967.7220643845,0.5064756998025401,0.0,0.5064756998025401
D,2023-05-14T00:00:00+0000,168057.17684055318,6000.0,4.5,84967.7220643845,0.0,84967.7220643845,0.5055881793432656,0.0,0.5055881793432656
D,2023-05-15T00:00:00+0000,168784.2118692675,6000.0,4.5,84967.7220643845,0.0,84967.7220643845,0.503410367139058,0.0,0.503410367139058
D,2023-05-16T00:00:00+0000,168811.83482477948,6000.0,4.5,84967.7220643845,0.0,84967.7220643845,0.5033279932806719,0.0,0.5033279932806719
D,2023-05-17T00:00:00+0000,169266.60440085584,6000.0,4.5,84967.7220643845,0.0,84967.7220643845,0.5019756990171825,0.0,0.5019756990171825
D,2023-05-18T00:00:00+0000,168008.5422107712,6000.0,4.5,84967.7220643845,0.0,84967.7220643845,0.505734535555878,0.0,0.505734535555878
D,2023-05-19T00:00:00+0000,168370.1412745422,6000.0,4.5,84967.7220643845,0.0,84967.7220643845,0.5046483979949701,0.0,0.5046483979949701
D,2023-05-20T00:00:00+0000,168839.88190240762,6000.0,4.5,84967.7220643845,0.0,84967.7220643845,0.5032443822336794,0.0,0.5032443822336794
D,2023-05-21T00:00:00+0000,168047.61221350834,6000.0,4.5,84967.7220643845,0.0,84967.7220643845,0.5056169554877761,0.0,0.5056169554877761
D,2023-05-22T00:00:00+0000,168481.2107982044,6000.0,4.5,84967.7220643845,0.0,84967.7220643845,0.5043157136741686,0.0,0.5043157136741686
D,2023-05-23T00:00:00+0000,169831.0103157289,6000.0,4.5,84967.7220643845,0.0,84967.7220643845,0.5003074639102894,0.0,0.5003074639102894
D,2023-05-24T00:00:00+0000,167412.96366216015,6000.0,4.5,84967.7220643845,0.0,84967.7220643845,0.5075337071019758,0.0,0.5075337071019758
D,2023-05-25T00:00:00+0000,167748.6329438648,6000.0,4.5,84967.7220643845,0.0,84967.7220643845,0.5065181192434397,0.0,0.5065181192434397
D,2023-05-26T00:00:00+0000,168580.71830083383,6000.0,4.5,84967.7220643845,0.0,84967.7220643845,0.5040180331463461,0.0,0.5040180331463461
D,2023-05-27T00:00:00+0000,168837.8336616335,6000.0,4.5,84967.7220643845,0.0,84967.7220643845,0.503250487296986,0.0,0.503250487296986
D,2023-05-28T00:00:00+0000,172274.05482662385,6000.0,4.5,84967.7220643845,0.0,84967.7220643845,0.4932125278521818,0.0,0.4932125278521818
D,2023-05-29T00:00:00+0000,171479.80004533037,6000.0,4.5,84967.7220643845,0.0,84967.7220643845,0.4954969742320871,0.0,0.4954969742320871
D,2023-05-30T00:00:00+0000,171620.60802370845,6000.0,4.5,84967.7220643845,0.0,84967.7220643845,0.49509043839680766,0.0,0.49509043839680766
D,2023-05-31T00:00:00+0000,170367.6367043627,6000.0,4.5,84967.7220643845,0.0,84967.7220643845,0.4987315883933295,0.0,0.4987315883933295
D,2023-06-01T00:00:00+0000,169585.0516255293,6000.0,4.5,84967.7220643845,0.0,84967.7220643845,0.5010330878219544,0.0,0.5010330878219544
D,2023-06-02T00:00:00+0000,171198.08969087715,6000.0,4.5,84967.7220643845,0.0,84967.7220643845,0.4963123257847444,0.0,0.4963123257847444
D,2023-06-03T00:00:00+0000,170642.0621254042,6000.0,4.5,84967.7220643845,0.0,84967.7220643845,0.49792953159427983,0.0,0.49792953159427983
D,2023-06-04T00:00:00+0000,170667.75763135657,6000.0,4.5,84967.7220643845,0.0,84967.7220643845,0.4978545639998114,0.0,0.4978545639998114
D,2023-06-05T00:00:00+0000,166999.49916404136,6000.0,4.5,84967.7220643845,0.0,84967.7220643845,0.5087902807476198,0.0,0.5087902807476198
D,2023-06-06T00:00:00+0000,170721.17791638675,6000.0,4.5,84967.7220643845,0.0,84967.7220643845,0.49769878055784456,0.0,0.49769878055784456
D,2023-06-07T00:00:00+0000,168335.43851138873,6000.0,4.5,84967.7220643845,0.0,84967.7220643845,0.5047524324988527,0.0,0.5047524324988527
D,2023-06-08T00:00:00+0000,168871.39350202895,6000.0,4.5,84967.7220643845,0.0,84967.7220643845,0.5031504762431159,0.0,0.5031504762431159
D,2023-06-09T00:00:00+0000,168733.9678169553,6000.0,4.5,84967.7220643845,0.0,84967.7220643845,0.5035602680579322,0.0,0.5035602680579322
D,2023-06-10T00:00:00+0000,165846.29796646535,6000.0,4.5,84967.7220643845,0.0,84967.7220643845,0.5123281201101351,0.0,0.5123281201101351
D,2023-06-11T00:00:00+0000,165999.02792837238,6000.0,4.5,84967.7220643845,0.0,84967.7220643845,0.5118567447337559,0.0,0.5118567447337559
D,2023-06-12T00:00:00+0000,165748.53491077758,6000.0,4.5,84967.7220643845,0.0,84967.7220643845,0.5126303053606032,0.0,0.5126303053606032
D,2023-06-13T00:00:00+0000,165742.62189306325,6000.0,4.5,84967.7220643845,0.0,84967.7220643845,0.5126485939096914,0.0,0.5126485939096914
D,2023-06-14T00:00:00+0000,162620.37348609092,6000.0,4.5,84967.7220643845,0.0,84967.7220643845,0.5224912490540546,0.0,0.5224912490540546
D,2023-06-15T00:00:00+0000,163628.9990311672,6000.0,4.5,84967.7220643845,0.0,84967.7220643845,0.5192705606431064,0.0,0.5192705606431064
D,2023-06-16T00:00:00+0000,165814.2308712896,6000.0,4.5,84967.7220643845,0.0,84967.7220643845,0.5124272001137178,0.0,0.5124272001137178
D,2023-06-17T00:00:00+0000,166283.03322586798,6000.0,4.5,84967.7220643845,0.0,84967.7220643845,0.5109825122625103,0.0,0.5109825122625103
D,2023-06-18T00:00:00+0000,165901.26446136506,6000.0,4.5,84967.7220643845,0.0,84967.7220643845,0.5121583752857515,0.0,0.5121583752857515
D,2023-06-19T00:00:00+0000,166960.2263294246,6000.0,4.5,84967.7220643845,0.0,84967.7220643845,0.5089099597693229,0.0,0.5089099597693229
D,2023-06-20T00:00:00+0000,170195.5568657961,6000.0,4.5,84967.7220643845,0.0,84967.7220643845,0.49923584157595785,0.0,0.49923584157595785
D,2023-06-21T00:00:00+0000,174704.1066577278,6000.0,4.5,84967.7220643845,0.0,84967.7220643845,0.48635217391225577,0.0,0.48635217391225577
D,2023-06-22T00:00:00+0000,174175.3024917072,6000.0,4.5,84967.7220643845,0.0,84967.7220643845,0.48782876130460556,0.0,0.48782876130460556
D,2023-06-23T00:00:00+0000,175738.18483832176,6000.0,4.5,84967.7220643845,0.0,84967.7220643845,0.4834903816865662,0.0,0.4834903816865662
D,2023-06-24T00:00:00+0000,175126.52510068458,6000.0,4.5,84967.7220643845,0.0,84967.7220643845,0.48517905563154673,0.0,0.48517905563154673
D,2023-06-25T00:00:00+0000,175602.5263113737,6000.0,4.5,84967.7220643845,0.0,84967.7220643845,0.4838638933572175,0.0,0.4838638933572175
D,2023-06-26T00:00:00+0000,174433.8718414182,6000.0,4.5,84967.7220643845,0.0,84967.7220643845,0.48710563589181,0.0,0.48710563589181
D,2023-06-27T00:00:00+0000,175721.21827760636,6000.0,4.5,84967.7220643845,0.0,84967.7220643845,0.48353706454590784,0.0,0.48353706454590784
D,2023-06-28T00:00:00+0000,173487.54926294985,6000.0,4.5,84967.7220643845,0.0,84967.7220643845,0.4897626511260557,0.0,0.4897626511260557
D,2023-06-29T00:00:00+0000,174548.7066386097,6000.0,4.5,84967.7220643845,0.0,84967.7220643845,0.48678517131784854,0.0,0.48678517131784854
D,2023-06-30T00:00:00+0000,176483.35767026804,6000.0,4.5,84967.7220643845,0.0,84967.7220643845,0.4814489206576271,0.0,0.4814489206576271
D,2023-07-01T00:00:00+0000,176433.40790667286,6000.0,4.5,84967.7220643845,0.0,84967.7220643845,0.48158522284696487,0.0,0.48158522284696487
D,2023-07-02T00:00:00+0000,176787.0008371488,6000.0,4.5,84967.7220643845,0.0,84967.7220643845,0.48062200083734874,0.0,0.48062200083734874
D,2023-07-03T00:00:00+0000,177939.2906243425,6000.0,4.5,84967.7220643845,0.0,84967.7220643845,0.47750961446600665,0.0,0.47750961446600665
D,2023-07-04T00:00:00+0000,176981.76225536718,6000.0,4.5,84967.7220643845,0.0,84967.7220643845,0.48009309536529804,0.0,0.48009309536529804
D,2023-07-05T00:00:00+0000,176045.640909133,6000.0,4.5,84967.7220643845,0.0,84967.7220643845,0.48264598672023407,0.0,0.48264598672023407
D,2023-07-06T00:00:00+0000,173756.6401149567,6000.0,4.5,84967.7220643845,0.0,84967.7220643845,0.4890041727796428,0.0,0.4890041727796428
D,2023-07-07T00:00:00+0000,174943.39551268768,6000.0,4.5,84967.7220643845,0.0,84967.7220643845,0.4856869378542631,0.0,0.4856869378542631
D,2023-07-08T00:00:00+0000,174743.77744192467,6000.0,4.5,84967.7220643845,0.0,84967.7220643845,0.48624176098415384,0.0,0.48624176098415384
D,2023-07-09T00:00:00+0000,174532.886839861,6000.0,4.5,84967.7220643845,0.0,84967.7220643845,0.4868292939103498,0.0,0.4868292939103498
D,2023-07-10T00:00:00+0000,175288.51274780266,6000.0,4.5,84967.7220643845,0.0,84967.7220643845,0.4847306918887052,0.0,0.4847306918887052
D,2023-07-11T00:00:00+0000,175534.99433838075,6000.0,4.5,84967.7220643845,0.0,84967.7220643845,0.48405004588766665,0.0,0.48405004588766665
D,2023-07-12T00:00:00+0000,175071.71695380722,6000.0,4.5,84967.7220643845,0.0,84967.7220643845,0.4853309463275744,0.0,0.4853309463275744
D,2023-07-13T00:00:00+0000,179593.41561531927,6000.0,4.5,84967.7220643845,0.0,84967.7220643845,0.4731115657735549,0.0,0.4731115657735549
D,2023-07-14T00:00:00+0000,176528.73787979461,6000.0,4.5,84967.7220643845,0.0,84967.7220643845,0.48132515467392273,0.0,0.48132515467392273
D,2023-07-15T00:00:00+0000,176362.13212977938,6000.0,4.5,84967.7220643845,0.0,84967.7220643845,0.4817798528419889,0.0,0.4817798528419889
D,2023-07-16T00:00:00+0000,176081.82606475934,6000.0,4.5,84967.7220643845,0.0,84967.7220643845,0.4825468020369978,0.0,0.4825468020369978
D,2023-07-17T00:00:00+0000,175715.24470490956,6000.0,4.5,84967.7220643845,0.0,84967.7220643845,0.4835535027542802,0.0,0.4835535027542802
D,2023-07-18T00:00:00+0000,175028.4436263122,6000.0,4.5,84967.7220643845,0.0,84967.7220643845,0.4854509375961293,0.0,0.4854509375961293
D,2023-07-19T00:00:00+0000,174909.65109320718,6000.0,4.5,84967.7220643845,0.0,84967.7220643845,0.48578063893744927,0.0,0.48578063893744927
D,2023-07-20T00:00:00+0000,174842.7560469167,6000.0,4.5,84967.7220643845,0.0,84967.7220643845,0.48596649918733015,0.0,0.48596649918733015
D,2023-07-21T00:00:00+0000,174995.1344376898,6000.0,4.5,84967.7220643845,0.0,84967.7220643845,0.48554334003291283,0.0,0.48554334003291283
D,2023-07-22T00:00:00+0000,174279.45080281212,6000.0,4.5,84967.7220643845,0.0,84967.7220643845,0.48753723788423536,0.0,0.48753723788423536
D,2023-07-23T00:00:00+0000,175195.3760920791,6000.0,4.5,84967.7220643845,0.0,84967.7220643845,0.48498838245438175,0.0,0.48498838245438175
D,2023-07-24T00:00:00+0000,173088.38923431706,6000.0,4.5,84967.7220643845,0.0,84967.7220643845,0.49089209530605843,0.0,0.49089209530605843
D,2023-07-25T00:00:00+0000,173348.08436279584,6000.0,4.5,84967.7220643845,0.0,84967.7220643845,0.490156683165634,0.0,0.490156683165634
D,2023-07-26T00:00:00+0000,173857.47968502453,6000.0,4.5,84967.7220643845,0.0,84967.7220643845,0.4887205440819658,0.0,0.4887205440819658
D,2023-07-27T00:00:00+0000,173447.33441758313,6000.0,4.5,84967.7220643845,0.0,84967.7220643845,0.48987620564880213,0.0,0.48987620564880213
D,2023-07-28T00:00:00+0000,173881.00268065982,6000.0,4.5,84967.7220643845,0.0,84967.7220643845,0.4886544289167201,0.0,0.4886544289167201
D,2023-07-29T00:00:00+0000,174090.21878584317,6000.0,4.5,84967.7220643845,0.0,84967.7220643845,0.48806717951746287,0.0,0.48806717951746287
D,2023-07-30T00:00:00+0000,173573.85633929272,6000.0,4.5,84967.7220643845,0.0,84967.7220643845,0.4895191237688136,0.0,0.4895191237688136
D,2023-07-31T00:00:00+0000,173389.2663546988,6000.0,4.5,84967.7220643845,0.0,84967.7220643845,0.49004026518324273,0.0,0.49004026518324273
D,2023-08-01T00:00:00+0000,174442.60326169792,6000.0,4.5,84967.7220643845,0.0,84967.7220643845,0.4870812546687139,0.0,0.4870812546687139
D,2023-08-02T00:00:00+0000,172975.49488859484,6000.0,4.5,84967.7220643845,0.0,84967.7220643845,0.4912124813928592,0.0,0.4912124813928592
D,2023-08-03T00:00:00+0000,172903.3350084846,6000.0,4.5,84967.7220643845,0.0,84967.7220643845,0.49141748515270123,0.0,0.49141748515270123
D,2023-08-04T00:00:00+0000,172678.58092716595,6000.0,4.5,84967.7220643845,0.0,84967.7220643845,0.4920571017445587,0.0,0.4920571017445587
D,2023-08-05T00:00:00+0000,172778.25837455638,6000.0,4.5,84967.7220643845,0.0,84967.7220643845,0.49177322924616884,0.0,0.49177322924616884
D,2023-08-06T00:00:00+0000,172669.08324495272,6000.0,4.5,84967.7220643845,0.0,84967.7220643845,0.4920841674004092,0.0,0.4920841674004092
D,2023-08-07T00:00:00+0000,172820.0260014822,6000.0,4.5,84967.7220643845,0.0,84967.7220643845,0.4916543761175905,0.0,0.4916543761175905
D,2023-08-08T00:00:00+0000,174218.63296805037,6000.0,4.5,84967.7220643845,0.0,84967.7220643845,0.48770743184494264,0.0,0.48770743184494264
D,2023-08-09T00:00:00+0000,173953.169077923,6000.0,4.5,84967.7220643845,0.0,84967.7220643845,0.48845170521913794,0.0,0.48845170521913794
D,2023-08-10T00:00:00+0000,173727.39615839752,6000.0,4.5,84967.7220643845,0.0,84967.7220643845,0.4890864880454112,0.0,0.4890864880454112
D,2023-08-11T00:00:00+0000,173615.21031055792,6000.0,4.5,84967.7220643845,0.0,84967.7220643845,0.4894025236175833,0.0,0.4894025236175833
D,2023-08-12T00:00:00+0000,173657.99491237814,6000.0,4.5,84967.7220643845,0.0,84967.7220643845,0.4892819481605572,0.0,0.4892819481605572
D,2023-08-13T00:00:00+0000,173285.91208797222,6000.0,4.5,84967.7220643845,0.0,84967.7220643845,0.4903325437168191,0.0,0.4903325437168191
D,2023-08-14T00:00:00+0000,173580.6759551795,6000.0,4.5,84967.7220643845,0.0,84967.7220643845,0.4894998916027043,0.0,0.4894998916027043
D,2023-08-15T00:00:00+0000,172897.3230610669,6000.0,4.5,84967.7220643845,0.0,84967.7220643845,0.49143457261263734,0.0,0.49143457261263734
D,2023-08-16T00:00:00+0000,171782.18623789726,6000.0,4.5,84967.7220643845,0.0,84967.7220643845,0.4946247566480184,0.0,0.4946247566480184
D,2023-08-17T00:00:00+0000,166011.58833387482,6000.0,4.5,84967.7220643845,0.0,84967.7220643845,0.5118180177488656,0.0,0.5118180177488656
D,2023-08-18T00:00:00+0000,164789.63691035198,6000.0,4.5,84967.7220643845,0.0,84967.7220643845,0.5156132609880573,0.0,0.5156132609880573
D,2023-08-19T00:00:00+0000,165050.88181552663,6000.0,4.5,84967.7220643845,0.0,84967.7220643845,0.5147971409165257,0.0,0.5147971409165257
D,2023-08-20T00:00:00+0000,165544.99028837337,6000.0,4.5,84967.7220643845,0.0,84967.7220643845,0.5132606061734264,0.0,0.5132606061734264
D,2023-08-21T00:00:00+0000,165062.52000442252,6000.0,4.5,84967.7220643845,0.0,84967.7220643845,0.5147608437221725,0.0,0.5147608437221725
D,2023-08-22T00:00:00+0000,164225.85042972787,6000.0,4.5,84967.7220643845,0.0,84967.7220643845,0.5173833586006737,0.0,0.5173833586006737
D,2023-08-23T00:00:00+0000,165781.65825873788,6000.0,4.5,84967.7220643845,0.0,84967.7220643845,0.5125278812917539,0.0,0.5125278812917539
D,2023-08-24T00:00:00+0000,165023.18566937762,6000.0,4.5,84967.7220643845,0.0,84967.7220643845,0.514883540271829,0.0,0.514883540271829
D,2023-08-25T00:00:00+0000,164701.59989346648,6000.0,4.5,84967.7220643845,0.0,84967.7220643845,0.515888868835178,0.0,0.515888868835178
D,2023-08-26T00:00:00+0000,164499.2826201284,6000.0,4.5,84967.7220643845,0.0,84967.7220643845,0.5165233593182109,0.0,0.5165233593182109
D,2023-08-27T00:00:00+0000,164887.1729756088,6000.0,4.5,84967.7220643845,0.0,84967.7220643845,0.5153082591630915,0.0,0.5153082591630915
D,2023-08-28T00:00:00+0000,164802.8168709316,6000.0,4.5,84967.7220643845,0.0,84967.7220643845,0.5155720252702268,0.0,0.5155720252702268
D,2023-08-29T00:00:00+0000,168757.04123611512,6000.0,4.5,84967.7220643845,0.0,84967.7220643845,0.5034914184440018,0.0,0.5034914184440018
D,2023-08-30T00:00:00+0000,167641.878337853,6000.0,4.5,84967.7220643845,0.0,84967.7220643845,0.5068406707609591,0.0,0.5068406707609591
D,2023-08-31T00:00:00+0000,164423.74017026625,6000.0,4.5,84967.7220643845,0.0,84967.7220643845,0.5167606695748291,0.0,0.5167606695748291
D,2023-09-01T00:00:00+0000,163865.92427320214,6000.0,4.5,84967.7220643845,0.0,84967.7220643845,0.518519774268162,0.0,0.518519774268162
D,2023-09-02T00:00:00+0000,164148.73568462004,6000.0,4.5,84967.7220643845,0.0,84967.7220643845,0.5176264179556856,0.0,0.5176264179556856
D,2023-09-03T00:00:00+0000,164272.2327636051,6000.0,4.5,84967.7220643845,0.0,84967.7220643845,0.5172372751921912,0.0,0.5172372751921912
D,2023-09-04T00:00:00+0000,163962.51868966562,6000.0,4.5,84967.7220643845,0.0,84967.7220643845,0.5182143013136082,0.0,0.5182143013136082
D,2023-09-05T00:00:00+0000,164019.15983238537,6000.0,4.5,84967.7220643845,0.0,84967.7220643845,0.518035345085384,0.0,0.518035345085384
D,2023-09-06T00:00:00+0000,163957.14529856067,6000.0,4.5,84967.7220643845,0.0,84967.7220643845,0.5182312848254403,0.0,0.5182312848254403
D,2023-09-07T00:00:00+0000,164992.49940638652,6000.0,4.5,84967.7220643845,0.0,84967.7220643845,0.5149793013020784,0.0,0.5149793013020784
D,2023-09-08T00:00:00+0000,164263.1374158961,6000.0,4.5,84967.7220643845,0.0,84967.7220643845,0.517265914928044,0.0,0.517265914928044
D,2023-09-09T00:00:00+0000,164242.16403922165,6000.0,4.5,84967.7220643845,0.0,84967.7220643845,0.5173319686904143,0.0,0.5173319686904143
D,2023-09-10T00:00:00+0000,163753.36451581813,6000.0,4.5,84967.7220643845,0.0,84967.7220643845,0.5188761911281331,0.0,0.5188761911281331
D,2023-09-11T00:00:00+0000,161319.78267185017,6000.0,4.5,84967.7220643845,0.0,84967.7220643845,0.5267036730220634,0.0,0.5267036730220634
D,2023-09-12T00:00:00+0000,163210.6046787094,6000.0,4.5,84967.7220643845,0.0,84967.7220643845,0.5206017233478728,0.0,0.5206017233478728
D,2023-09-13T00:00:00+0000,164084.88649187452,6000.0,4.5,84967.7220643845,0.0,84967.7220643845,0.5178278382670674,0.0,0.5178278382670674
D,2023-09-14T00:00:00+0000,164944.91162165185,6000.0,4.5,84967.7220643845,0.0,84967.7220643845,0.5151278765075348,0.0,0.5151278765075348
D,2023-09-15T00:00:00+0000,165405.34455023718,6000.0,4.5,84967.7220643845,0.0,84967.7220643845,0.5136939335027229,0.0,0.5136939335027229
D,2023-09-16T00:00:00+0000,165202.81657621585,6000.0,4.5,84967.7220643845,0.0,84967.7220643845,0.5143236890588054,0.0,0.5143236890588054
D,2023-09-17T00:00:00+0000,164895.28600656043,6000.0,4.5,84967.7220643845,0.0,84967.7220643845,0.5152829054252286,0.0,0.5152829054252286
D,2023-09-18T00:00:00+0000,165557.67137283448,6000.0,4.5,84967.7220643845,0.0,84967.7220643845,0.51322129237393,0.0,0.51322129237393
D,2023-09-19T00:00:00+0000,166334.2783451554,6000.0,4.5,84967.7220643845,0.0,84967.7220643845,0.5108250861441228,0.0,0.5108250861441228
D,2023-09-20T00:00:00+0000,165747.22604565584,6000.0,4.5,84967.7220643845,0.0,84967.7220643845,0.5126343534761767,0.0,0.5126343534761767
D,2023-09-21T00:00:00+0000,164108.06685746842,6000.0,4.5,84967.7220643845,0.0,84967.7220643845,0.5177546947657418,0.0,0.5177546947657418
D,2023-09-22T00:00:00+0000,164347.76501010303,6000.0,4.5,84967.7220643845,0.0,84967.7220643845,0.5169995591918226,0.0,0.5169995591918226
D,2023-09-23T00:00:00+0000,164372.00395853806,6000.0,4.5,84967.7220643845,0.0,84967.7220643845,0.5169233203837872,0.0,0.5169233203837872
D,2023-09-24T00:00:00+0000,163629.19658966875,6000.0,4.5,84967.7220643845,0.0,84967.7220643845,0.5192699336992846,0.0,0.5192699336992846
D,2023-09-25T00:00:00+0000,163894.9242720983,6000.0,4.5,84967.7220643845,0.0,84967.7220643845,0.5184280260157486,0.0,0.5184280260157486
D,2023-09-26T00:00:00+0000,163923.58572538826,6000.0,4.5,84967.7220643845,0.0,84967.7220643845,0.5183373807276644,0.0,0.5183373807276644
D,2023-09-27T00:00:00+0000,164251.06852586626,6000.0,4.5,84967.7220643845,0.0,84967.7220643845,0.5173039227504556,0.0,0.5173039227504556
D,2023-09-28T00:00:00+0000,166412.35253313996,6000.0,4.5,84967.7220643845,0.0,84967.7220643845,0.5105854269289518,0.0,0.5105854269289518
D,2023-09-29T00:00:00+0000,166600.5363224235,6000.0,4.5,84967.7220643845,0.0,84967.7220643845,0.5100086946895881,0.0,0.5100086946895881
D,2023-09-30T00:00:00+0000,166768.660110366,6000.0,4.5,84967.7220643845,0.0,84967.7220643845,0.5094945417691408,0.0,0.5094945417691408
D,2023-10-01T00:00:00+0000,169655.0764022649,6000.0,4.5,84967.7220643845,0.0,84967.7220643845,0.5008262874664573,0.0,0.5008262874664573
D,2023-10-02T00:00:00+0000,167330.2846242097,6000.0,4.5,84967.7220643845,0.0,84967.7220643845,0.5077844829775136,0.0,0.5077844829775136
D,2023-10-03T00:00:00+0000,167120.81814373803,6000.0,4.5,84967.7220643845,0.0,84967.7220643845,0.508420931683718,0.0,0.508420931683718
D,2023-10-04T00:00:00+0000,167381.205731661,6000.0,4.5,84967.7220643845,0.0,84967.7220643845,0.5076300035775906,0.0,0.5076300035775906
D,2023-10-05T00:00:00+0000,166080.87586689444,6000.0,4.5,84967.7220643845,0.0,84967.7220643845,0.5116044916121584,0.0,0.5116044916121584
D,2023-10-06T00:00:00+0000,167580.2774082948,6000.0,4.5,84967.7220643845,0.0,84967.7220643845,0.5070269806116148,0.0,0.5070269806116148
D,2023-10-07T00:00:00+0000,167362.91797902918,6000.0,4.5,84967.7220643845,0.0,84967.7220643845,0.5076854723280523,0.0,0.5076854723280523
D,2023-10-08T00:00:00+0000,167303.26315785648,6000.0,4.5,84967.7220643845,0.0,84967.7220643845,0.5078664962094284,0.0,0.5078664962094284
D,2023-10-09T00:00:00+0000,165645.39037907525,6000.0,4.5,84967.7220643845,0.0,84967.7220643845,0.5129495114227932,0.0,0.5129495114227932
D,2023-10-10T00:00:00+0000,165091.85467231937,6000.0,4.5,84967.7220643845,0.0,84967.7220643845,0.5146693774385883,0.0,0.5146693774385883
D,2023-10-11T00:00:00+0000,164374.09331357945,6000.0,4.5,84967.7220643845,0.0,84967.7220643845,0.5169167497842256,0.0,0.5169167497842256
D,2023-10-12T00:00:00+0000,163595.91577080492,6000.0,4.5,84967.7220643845,0.0,84967.7220643845,0.5193755703744024,0.0,0.5193755703744024
D,2023-10-13T00:00:00+0000,164039.5917933496,6000.0,4.5,84967.7220643845,0.0,84967.7220643845,0.5179708211626336,0.0,0.5179708211626336
D,2023-10-14T00:00:00+0000,164102.5991579051,6000.0,4.5,84967.7220643845,0.0,84967.7220643845,0.517771945724185,0.0,0.517771945724185
D,2023-10-15T00:00:00+0000,164598.07510661485,6000.0,4.5,84967.7220643845,0.0,84967.7220643845,0.5162133397328522,0.0,0.5162133397328522
D,2023-10-16T00:00:00+0000,167439.0116599552,6000.0,4.5,84967.7220643845,0.0,84967.7220643845,0.5074547515661515,0.0,0.5074547515661515
D,2023-10-17T00:00:00+0000,166510.65761555845,6000.0,4.5,84967.7220643845,0.0,84967.7220643845,0.5102839859089313,0.0,0.5102839859089313
D,2023-10-18T00:00:00+0000,166381.0617887425,6000.0,4.5,84967.7220643845,0.0,84967.7220643845,0.5106814510672483,0.0,0.5106814510672483
D,2023-10-19T00:00:00+0000,167011.67358368548,6000.0,4.5,84967.7220643845,0.0,84967.7220643845,0.5087531921641948,0.0,0.5087531921641948
D,2023-10-20T00:00:00+0000,169211.74898498785,6000.0,4.5,84967.7220643845,0.0,84967.7220643845,0.5021384305407935,0.0,0.5021384305407935
D,2023-10-21T00:00:00+0000,170136.63741320098,6000.0,4.5,84967.7220643845,0.0,84967.7220643845,0.49940873027852506,0.0,0.49940873027852506
D,2023-10-22T00:00:00+0000,171066.4482307618,6000.0,4.5,84967.7220643845,0.0,84967.7220643845,0.4966942550287035,0.0,0.4966942550287035
D,2023-10-23T00:00:00+0000,177704.8969268335,6000.0,4.5,84967.7220643845,0.0,84967.7220643845,0.47813945216922354,0.0,0.47813945216922354
D,2023-10-24T00:00:00+0000,179352.6621604656,6000.0,4.5,84967.7220643845,0.0,84967.7220643845,0.47374664552436063,0.0,0.47374664552436063
D,2023-10-25T00:00:00+0000,180211.65370369592,6000.0,4.5,84967.7220643845,0.0,84967.7220643845,0.4714884987631736,0.0,0.4714884987631736
D,2023-10-26T00:00:00+0000,180119.7314819279,6000.0,4.5,84967.7220643845,0.0,84967.7220643845,0.4717291179889952,0.0,0.4717291179889952
D,2023-10-27T00:00:00+0000,179216.75413715863,6000.0,4.5,84967.7220643845,0.0,84967.7220643845,0.47410590864376884,0.0,0.47410590864376884
D,2023-10-28T00:00:00+0000,179417.6618644817,6000.0,4.5,84967.7220643845,0.0,84967.7220643845,0.4735750158675158,0.0,0.4735750158675158
D,2023-10-29T00:00:00+0000,180486.18182752206,6000.0,4.5,84967.7220643845,0.0,84967.7220643845,0.47077134218276157,0.0,0.47077134218276157
D,2023-10-30T00:00:00+0000,180748.1255681495,6000.0,4.5,84967.7220643845,0.0,84967.7220643845,0.4700890910890701,0.0,0.4700890910890701
D,2023-10-31T00:00:00+0000,181119.9902446461,6000.0,4.5,84967.7220643845,0.0,84967.7220643845,0.46912393242521255,0.0,0.46912393242521255
D,2023-11-01T00:00:00+0000,182967.18173369957,6000.0,4.5,84967.7220643845,0.0,84967.7220643845,0.4643877730381789,0.0,0.4643877730381789
D,2023-11-02T00:00:00+0000,181243.8484981014,6000.0,4.5,84967.7220643845,0.0,84967.7220643845,0.46880334294642045,0.0,0.46880334294642045
D,2023-11-03T00:00:00+0000,181679.8947500417,6000.0,4.5,84967.7220643845,0.0,84967.7220643845,0.4676781774961095,0.0,0.4676781774961095
D,2023-11-04T00:00:00+0000,182700.4644912621,6000.0,4.5,84967.7220643845,0.0,84967.7220643845,0.46506571453433937,0.0,0.46506571453433937
D,2023-11-05T00:00:00+0000,183478.02491467685,6000.0,4.5,84967.7220643845,0.0,84967.7220643845,0.46309481532677943,0.0,0.46309481532677943
D,2023-11-06T00:00:00+0000,183751.1673386608,6000.0,4.5,84967.7220643845,0.0,84967.7220643845,0.4624064341740239,0.0,0.4624064341740239
D,2023-11-07T00:00:00+0000,183893.2439631081,6000.0,4.5,84967.7220643845,0.0,84967.7220643845,0.4620491771923409,0.0,0.4620491771923409
D,2023-11-08T00:00:00+0000,184285.7692149594,6000.0,4.5,84967.7220643845,0.0,84967.7220643845,0.4610650210612532,0.0,0.4610650210612532
D,2023-11-09T00:00:00+0000,191186.43117019002,6000.0,4.5,84967.7220643845,0.0,84967.7220643845,0.4444233910551324,0.0,0.4444233910551324
D,2023-11-10T00:00:00+0000,191029.3405797297,6000.0,4.5,84967.7220643845,0.0,84967.7220643845,0.4447888570757099,0.0,0.4447888570757099
D,2023-11-11T00:00:00+0000,190234.68264516775,6000.0,4.5,84967.7220643845,0.0,84967.7220643845,0.44664685157789663,0.0,0.44664685157789663
D,2023-11-12T00:00:00+0000,189958.5701967696,6000.0,4.5,84967.7220643845,0.0,84967.7220643845,0.4472960708030716,0.0,0.4472960708030716
D,2023-11-13T00:00:00+0000,189338.15864422073,6000.0,4.5,84967.7220643845,0.0,84967.7220643845,0.44876174286687043,0.0,0.44876174286687043
D,2023-11-14T00:00:00+0000,186361.18207333382,6000.0,4.5,84967.7220643845,0.0,84967.7220643845,0.4559303666090151,0.0,0.4559303666090151
D,2023-11-15T00:00:00+0000,191423.45231201174,6000.0,4.5,84967.7220643845,0.0,84967.7220643845,0.4438731045655309,0.0,0.4438731045655309
D,2023-11-16T00:00:00+0000,186833.22873224714,6000.0,4.5,84967.7220643845,0.0,84967.7220643845,0.45477842801803064,0.0,0.45477842801803064
D,2023-11-17T00:00:00+0000,187452.87937373517,6000.0,4.5,84967.7220643845,0.0,84967.7220643845,0.45327509691104645,0.0,0.45327509691104645
D,2023-11-18T00:00:00+0000,187441.93279250053,6000.0,4.5,84967.7220643845,0.0,84967.7220643845,0.4533015681098655,0.0,0.4533015681098655
D,2023-11-19T00:00:00+0000,189690.13279461156,6000.0,4.5,84967.7220643845,0.0,84967.7220643845,0.4479290557320868,0.0,0.4479290557320868
D,2023-11-20T00:00:00+0000,190055.88132475334,6000.0,4.5,84967.7220643845,0.0,84967.7220643845,0.4470670492916659,0.0,0.4470670492916659
D,2023-11-21T00:00:00+0000,185637.40322790062,6000.0,4.5,84967.7220643845,0.0,84967.7220643845,0.45770798657462675,0.0,0.45770798657462675
D,2023-11-22T00:00:00+0000,190989.37538280402,6000.0,4.5,84967.7220643845,0.0,84967.7220643845,0.4448819307046893,0.0,0.4448819307046893
D,2023-11-23T00:00:00+0000,190818.3801550389,6000.0,4.5,84967.7220643845,0.0,84967.7220643845,0.44528059611107007,0.0,0.44528059611107007
D,2023-11-24T00:00:00+0000,191847.94188671326,6000.0,4.5,84967.7220643845,0.0,84967.7220643845,0.44289097515863984,0.0,0.44289097515863984
D,2023-11-25T00:00:00+0000,192005.84508863115,6000.0,4.5,84967.7220643845,0.0,84967.7220643845,0.44252674716836277,0.0,0.44252674716836277
D,2023-11-26T00:00:00+0000,191071.50236855017,6000.0,4.5,84967.7220643845,0.0,84967.7220643845,0.444690710080322,0.0,0.444690710080322
D,2023-11-27T00:00:00+0000,189992.1483803476,6000.0,4.5,84967.7220643845,0.0,84967.7220643845,0.4472170181174361,0.0,0.4472170181174361
D,2023-11-28T00:00:00+0000,191288.30978210884,6000.0,4.5,84967.7220643845,0.0,84967.7220643845,0.4441866947393119,0.0,0.4441866947393119
D,2023-11-29T00:00:00+0000,190903.84824463594,6000.0,4.5,84967.7220643845,0.0,84967.7220643845,0.44508124296950596,0.0,0.44508124296950596
D,2023-11-30T00:00:00+0000,191267.40485189517,6000.0,4.5,84967.7220643845,0.0,84967.7220643845,0.4442352429582965,0.0,0.4442352429582965
D,2023-12-01T00:00:00+0000,193438.45318062726,6000.0,4.5,84967.7220643845,0.0,84967.7220643845,0.43924938742683234,0.0,0.43924938742683234
D,2023-12-02T00:00:00+0000,196317.6826075259,6000.0,4.5,84967.7220643845,0.0,84967.7220643845,0.43280727918050127,0.0,0.43280727918050127
D,2023-12-03T00:00:00+0000,197713.5741271447,6000.0,4.5,84967.7220643845,0.0,84967.7220643845,0.42975158604812774,0.0,0.42975158604812774
D,2023-12-04T00:00:00+0000,201722.89482017217,6000.0,4.5,84967.7220643845,0.0,84967.7220643845,0.4212101067661646,0.0,0.4212101067661646
D,2023-12-05T00:00:00+0000,205811.43508041487,6000.0,4.5,84967.7220643845,0.0,84967.7220643845,0.41284257131381363,0.0,0.41284257131381363
D,2023-12-06T00:00:00+0000,203986.8048650786,6000.0,4.5,84967.7220643845,0.0,84967.7220643845,0.4165353838479114,0.0,0.4165353838479114
D,2023-12-07T00:00:00+0000,206153.50116289826,6000.0,4.5,84967.7220643845,0.0,84967.7220643845,0.412157550490713,0.0,0.412157550490713
D,2023-12-08T00:00:00+0000,207495.45301078446,6000.0,4.5,84967.7220643845,0.0,84967.7220643845,0.40949197118053643,0.0,0.40949197118053643
D,2023-12-09T00:00:00+0000,206443.84326747077,6000.0,4.5,84967.7220643845,0.0,84967.7220643845,0.4115778931430735,0.0,0.4115778931430735
D,2023-12-10T00:00:00+0000,206837.3284476496,6000.0,4.5,84967.7220643845,0.0,84967.7220643845,0.4107949116442479,0.0,0.4107949116442479
D,2023-12-11T00:00:00+0000,200346.05166194856,6000.0,4.5,84967.7220643845,0.0,84967.7220643845,0.4241047994684405,0.0,0.4241047994684405
D,2023-12-12T00:00:00+0000,200193.51290006255,6000.0,4.5,84967.7220643845,0.0,84967.7220643845,0.4244279489056209,0.0,0.4244279489056209
D,2023-12-13T00:00:00+0000,203450.52415416657,6000.0,4.5,84967.7220643845,0.0,84967.7220643845,0.41763334067401764,0.0,0.41763334067401764
D,2023-12-14T00:00:00+0000,204952.15838827973,6000.0,4.5,84967.7220643845,0.0,84967.7220643845,0.4145734435419511,0.0,0.4145734435419511
D,2023-12-15T00:00:00+0000,201252.2437194358,6000.0,4.5,84967.7220643845,0.0,84967.7220643845,0.4221951541709883,0.0,0.4221951541709883
D,2023-12-16T00:00:00+0000,201934.6405191078,6000.0,4.5,84967.7220643845,0.0,84967.7220643845,0.42076843203305947,0.0,0.42076843203305947
D,2023-12-17T00:00:00+0000,199926.28507451114,6000.0,4.5,84967.7220643845,0.0,84967.7220643845,0.4249952527888848,0.0,0.4249952527888848
D,2023-12-18T00:00:00+0000,202273.22528203652,6000.0,4.5,84967.7220643845,0.0,84967.7220643845,0.4200641085636079,0.0,0.4200641085636079
D,2023-12-19T00:00:00+0000,200788.64815956925,6000.0,4.5,84967.7220643845,0.0,84967.7220643845,0.42316994931336754,0.0,0.42316994931336754
D,2023-12-20T00:00:00+0000,203321.7741553957,6000.0,4.5,84967.7220643845,0.0,84967.7220643845,0.4178977997675989,0.0,0.4178977997675989
D,2023-12-21T00:00:00+0000,204470.21911379514,6000.0,4.5,84967.7220643845,0.0,84967.7220643845,0.4155505991662134,0.0,0.4155505991662134
D,2023-12-22T00:00:00+0000,206595.23417257483,6000.0,4.5,84967.7220643845,0.0,84967.7220643845,0.41127629301171864,0.0,0.41127629301171864
D,2023-12-23T00:00:00+0000,205853.90529467928,6000.0,4.5,84967.7220643845,0.0,84967.7220643845,0.4127573967700708,0.0,0.4127573967700708
D,2023-12-24T00:00:00+0000,203844.75103462776,6000.0,4.5,84967.7220643845,0.0,84967.7220643845,0.41682565596182936,0.0,0.41682565596182936
D,2023-12-25T00:00:00+0000,204849.13075884868,6000.0,4.5,84967.7220643845,0.0,84967.7220643845,0.41478195074408064,0.0,0.41478195074408064
D,2023-12-26T00:00:00+0000,202422.3553709843,6000.0,4.5,84967.7220643845,0.0,84967.7220643845,0.4197546358388239,0.0,0.4197546358388239
D,2023-12-27T00:00:00+0000,207137.76275063172,6000.0,4.5,84967.7220643845,0.0,84967.7220643845,0.41019909134905136,0.0,0.41019909134905136
D,2023-12-28T00:00:00+0000,205140.06084015005,6000.0,4.5,84967.7220643845,0.0,84967.7220643845,0.4141937060776898,0.0,0.4141937060776898
D,2023-12-29T00:00:00+0000,203413.11374846275,6000.0,4.5,84967.7220643845,0.0,84967.7220643845,0.4177101490587975,0.0,0.4177101490587975
D,2023-12-30T00:00:00+0000,203354.79505866318,6000.0,4.5,84967.7220643845,0.0,84967.7220643845,0.4178299412112376,0.0,0.4178299412112376
D,2023-12-31T00:00:00+0000,203342.21806999441,6000.0,4.5,84967.7220643845,0.0,84967.7220643845,0.4178557845529989,0.0,0.4178557845529989
D,2024-01-01T00:00:00+0000,207650.50227039517,6000.0,4.5,84967.7220643845,0.0,84967.7220643845,0.40918621017223705,0.0,0.40918621017223705
D,2024-01-02T00:00:00+0000,208821.51190798153,6000.0,4.5,84967.7220643845,0.0,84967.7220643845,0.40689161422136455,0.0,0.40689161422136455
D,2024-01-03T00:00:00+0000,202502.9534329709,6000.0,4.5,84967.7220643845,0.0,84967.7220643845,0.41958756958332005,0.0,0.41958756958332005
D,2024-01-04T00:00:00+0000,205684.40494356002,6000.0,4.5,84967.7220643845,0.0,84967.7220643845,0.4130975417786279,0.0,0.4130975417786279
D,2024-01-05T00:00:00+0000,205726.63232590043,6000.0,4.5,84967.7220643845,0.0,84967.7220643845,0.4130127495101532,0.0,0.4130127495101532
D,2024-01-06T00:00:00+0000,204842.1771267823,6000.0,4.5,84967.7220643845,0.0,84967.7220643845,0.41479603105270507,0.0,0.41479603105270507
D,2024-01-07T00:00:00+0000,204351.35650022776,6000.0,4.5,84967.7220643845,0.0,84967.7220643845,0.41579230752152996,0.0,0.41579230752152996
D,2024-01-08T00:00:00+0000,211151.68494561472,6000.0,4.5,84967.7220643845,0.0,84967.7220643845,0.4024013452048428,0.0,0.4024013452048428
D,2024-01-09T00:00:00+0000,210294.9739055215,6000.0,4.5,84967.7220643845,0.0,84967.7220643845,0.4040406695718637,0.0,0.4040406695718637
D,2024-01-10T00:00:00+0000,216622.1417385462,6000.0,4.5,84967.7220643845,0.0,84967.7220643845,0.3922393222708368,0.0,0.3922393222708368
D,2024-01-11T00:00:00+0000,216965.94280443696,6000.0,4.5,84967.7220643845,0.0,84967.7220643845,0.39161778556632953,0.0,0.39161778556632953
D,2024-01-12T00:00:00+0000,209743.77127540647,6000.0,4.5,84967.7220643845,0.0,84967.7220643845,0.4051024807445493,0.0,0.4051024807445493
D,2024-01-13T00:00:00+0000,211133.55745645484,6000.0,4.5,84967.7220643845,0.0,84967.7220643845,0.40243589454939505,0.0,0.40243589454939505
D,2024-01-14T00:00:00+0000,207134.3317110085,6000.0,4.5,84967.7220643845,0.0,84967.7220643845,0.4102058860185984,0.0,0.4102058860185984
D,2024-01-15T00:00:00+0000,209146.73369559785,6000.0,4.5,84967.7220643845,0.0,84967.7220643845,0.40625890045240004,0.0,0.40625890045240004
D,2024-01-16T00:00:00+0000,211792.58474183083,6000.0,4.5,84967.7220643845,0.0,84967.7220643845,0.4011836494084897,0.0,0.4011836494084897
D,2024-01-17T00:00:00+0000,209970.924052148,6000.0,4.5,84967.7220643845,0.0,84967.7220643845,0.4046642288590494,0.0,0.4046642288590494
D,2024-01-18T00:00:00+0000,206560.51337407622,6000.0,4.5,84967.7220643845,0.0,84967.7220643845,0.4113454245270487,0.0,0.4113454245270487
D,2024-01-19T00:00:00+0000,207531.40634971,6000.0,4.5,84967.7220643845,0.0,84967.7220643845,0.4094210296113248,0.0,0.4094210296113248
D,2024-01-20T00:00:00+0000,207134.03291645536,6000.0,4.5,84967.7220643845,0.0,84967.7220643845,0.41020647774793756,0.0,0.41020647774793756
D,2024-01-21T00:00:00+0000,206636.51267868548,6000.0,4.5,84967.7220643845,0.0,84967.7220643845,0.41119413487444567,0.0,0.41119413487444567
D,2024-01-22T00:00:00+0000,200497.57357949065,6000.0,4.5,84967.7220643845,0.0,84967.7220643845,0.42378429098892617,0.0,0.42378429098892617
D,2024-01-23T00:00:00+0000,199322.68736262893,6000.0,4.5,84967.7220643845,0.0,84967.7220643845,0.4262822420701274,0.0,0.4262822420701274
D,2024-01-24T00:00:00+0000,199425.048984486,6000.0,4.5,84967.7220643845,0.0,84967.7220643845,0.4260634383546996,0.0,0.4260634383546996
D,2024-01-25T00:00:00+0000,198883.13498037955,6000.0,4.5,84967.7220643845,0.0,84967.7220643845,0.4272243700943614,0.0,0.4272243700943614
D,2024-01-26T00:00:00+0000,202668.85603491383,6000.0,4.5,84967.7220643845,0.0,84967.7220643845,0.4192440995953867,0.0,0.4192440995953867
D,2024-01-27T00:00:00+0000,203108.2935380519,6000.0,4.5,84967.7220643845,0.0,84967.7220643845,0.4183370387505422,0.0,0.4183370387505422
D,2024-01-28T00:00:00+0000,202738.18071210972,6000.0,4.5,84967.7220643845,0.0,84967.7220643845,0.41910074247454915,0.0,0.41910074247454915
D,2024-01-29T00:00:00+0000,205956.68851161748,6000.0,4.5,84967.7220643845,0.0,84967.7220643845,0.41255140912596144,0.0,0.41255140912596144
D,2024-01-30T00:00:00+0000,206042.40359506098,6000.0,4.5,84967.7220643845,0.0,84967.7220643845,0.4123797848494001,0.0,0.4123797848494001
D,2024-01-31T00:00:00+0000,204158.68422878417,6000.0,4.5,84967.7220643845,0.0,84967.7220643845,0.41618470644710875,0.0,0.41618470644710875
D,2024-02-01T00:00:00+0000,205373.07097578736,6000.0,4.5,84967.7220643845,0.0,84967.7220643845,0.41372377430340834,0.0,0.41372377430340834
D,2024-02-02T00:00:00+0000,205661.71455274167,6000.0,4.5,84967.7220643845,0.0,84967.7220643845,0.41314311829581996,0.0,0.41314311829581996
D,2024-02-03T00:00:00+0000,205115.0360528127,6000.0,4.5,84967.7220643845,0.0,84967.7220643845,0.4142442392302588,0.0,0.4142442392302588
D,2024-02-04T00:00:00+0000,204363.9740774025,6000.0,4.5,84967.7220643845,0.0,84967.7220643845,0.41576663620860654,0.0,0.41576663620860654
D,2024-02-05T00:00:00+0000,204832.77738771314,6000.0,4.5,84967.7220643845,0.0,84967.7220643845,0.4148150659674709,0.0,0.4148150659674709
D,2024-02-06T00:00:00+0000,207035.0407052138,6000.0,4.5,84967.7220643845,0.0,84967.7220643845,0.41040261481806617,0.0,0.41040261481806617
D,2024-02-07T00:00:00+0000,210036.6396494698,6000.0,4.5,84967.7220643845,0.0,84967.7220643845,0.4045376187992112,0.0,0.4045376187992112
D,2024-02-08T00:00:00+0000,211255.38429264343,6000.0,4.5,84967.7220643845,0.0,84967.7220643845,0.40220381766309066,0.0,0.40220381766309066
D,2024-02-09T00:00:00+0000,215437.32896267046,6000.0,4.5,84967.7220643845,0.0,84967.7220643845,0.3943964700709186,0.0,0.3943964700709186
D,2024-02-10T00:00:00+0000,216644.69966266165,6000.0,4.5,84967.7220643845,0.0,84967.7220643845,0.3921984807229907,0.0,0.3921984807229907
D,2024-02-11T00:00:00+0000,217598.4003426514,6000.0,4.5,84967.7220643845,0.0,84967.7220643845,0.39047953445699113,0.0,0.39047953445699113
D,2024-02-12T00:00:00+0000,223440.57607134548,6000.0,4.5,84967.7220643845,0.0,84967.7220643845,0.38026988454081845,0.0,0.38026988454081845
D,2024-02-13T00:00:00+0000,222680.8840063294,6000.0,4.5,84967.7220643845,0.0,84967.7220643845,0.38156720296641816,0.0,0.38156720296641816
D,2024-02-14T00:00:00+0000,228789.5804730737,6000.0,4.5,84967.7220643845,0.0,84967.7220643845,0.37137933418425223,0.0,0.37137933418425223
D,2024-02-15T00:00:00+0000,230026.0398205762,6000.0,4.5,84967.7220643845,0.0,84967.7220643845,0.36938305824271295,0.0,0.36938305824271295
D,2024-02-16T00:00:00+0000,229905.3361325927,6000.0,4.5,84967.7220643845,0.0,84967.7220643845,0.36957698978931613,0.0,0.36957698978931613
D,2024-02-17T00:00:00+0000,228865.23331837554,6000.0,4.5,84967.7220643845,0.0,84967.7220643845,0.37125657240471077,0.0,0.37125657240471077
D,2024-02-18T00:00:00+0000,231783.00103715388,6000.0,4.5,84967.7220643845,0.0,84967.7220643845,0.3665830612434107,0.0,0.3665830612434107
D,2024-02-19T00:00:00+0000,232747.2105505736,6000.0,4.5,84967.7220643845,0.0,84967.7220643845,0.36506440555566566,0.0,0.36506440555566566
D,2024-02-20T00:00:00+0000,235066.07219511527,6000.0,4.5,84967.7220643845,0.0,84967.7220643845,0.3614631463865935,0.0,0.3614631463865935
D,2024-02-21T00:00:00+0000,233411.241707663,6000.0,4.5,84967.7220643845,0.0,84967.7220643845,0.3640258345859911,0.0,0.3640258345859911
D,2024-02-22T00:00:00+0000,232704.67581169162,6000.0,4.5,84967.7220643845,0.0,84967.7220643845,0.3651311335623602,0.0,0.3651311335623602
D,2024-02-23T00:00:00+0000,230805.3298724101,6000.0,4.5,84967.7220643845,0.0,84967.7220643845,0.3681358749876137,0.0,0.3681358749876137
D,2024-02-24T00:00:00+0000,233617.77012260212,6000.0,4.5,84967.7220643845,0.0,84967.7220643845,0.36370401968905713,0.0,0.36370401968905713
D,2024-02-25T00:00:00+0000,236630.12399908283,6000.0,4.5,84967.7220643845,0.0,84967.7220643845,0.35907398698195264,0.0,0.35907398698195264
D,2024-02-26T00:00:00+0000,242023.4715247887,6000.0,4.5,84967.7220643845,0.0,84967.7220643845,0.3510722391058748,0.0,0.3510722391058748
D,2024-02-27T00:00:00+0000,247221.75142048113,6000.0,4.5,84967.7220643845,0.0,84967.7220643845,0.34369031679526135,0.0,0.34369031679526135
D,2024-02-28T00:00:00+0000,258179.73017562035,6000.0,4.5,84967.7220643845,0.0,84967.7220643845,0.32910299350993716,0.0,0.32910299350993716
D,2024-02-29T00:00:00+0000,255341.98382166447,6000.0,4.5,84967.7220643845,0.0,84967.7220643845,0.33276048377429196,0.0,0.33276048377429196
D,2024-03-01T00:00:00+0000,259303.45226027427,6000.0,4.5,84967.7220643845,0.0,84967.7220643845,0.32767678688326396,0.0,0.32767678688326396
D,2024-03-02T00:00:00+0000,258465.9022976543,6000.0,4.5,84967.7220643845,0.0,84967.7220643845,0.3287386123626243,0.0,0.3287386123626243
D,2024-03-03T00:00:00+0000,261619.99189185863,6000.0,4.5,84967.7220643845,0.0,84967.7220643845,0.32477534094376914,0.0,0.32477534094376914
D,2024-03-04T00:00:00+0000,272189.4753998368,6000.0,4.5,84967.7220643845,0.0,84967.7220643845,0.31216387753262653,0.0,0.31216387753262653
D,2024-03-05T00:00:00+0000,264035.20547443803,6000.0,4.5,84967.7220643845,0.0,84967.7220643845,0.32180451811987804,0.0,0.32180451811987804
D,2024-03-06T00:00:00+0000,273522.212359323,6000.0,4.5,84967.7220643845,0.0,84967.7220643845,0.310642859062442,0.0,0.310642859062442
D,2024-03-07T00:00:00+0000,275762.7129709005,6000.0,4.5,84967.7220643845,0.0,84967.7220643845,0.30811896629893765,0.0,0.30811896629893765
D,2024-03-08T00:00:00+0000,277969.76716789155,6000.0,4.5,84967.7220643845,0.0,84967.7220643845,0.30567253025421526,0.0,0.30567253025421526
D,2024-03-09T00:00:00+0000,278756.5386940935,6000.0,4.5,84967.7220643845,0.0,84967.7220643845,0.3048097901575245,0.0,0.3048097901575245
D,2024-03-10T00:00:00+0000,279068.57882401615,6000.0,4.5,84967.7220643845,0.0,84967.7220643845,0.3044689675291826,0.0,0.3044689675291826
D,2024-03-11T00:00:00+0000,287844.9895723511,6000.0,4.5,84967.7220643845,0.0,84967.7220643845,0.29518569071019907,0.0,0.29518569071019907
D,2024-03-12T00:00:00+0000,285002.6162381456,6000.0,4.5,84967.7220643845,0.0,84967.7220643845,0.2981296213554273,0.0,0.2981296213554273
D,2024-03-13T00:00:00+0000,287903.4183026002,6000.0,4.5,84967.7220643845,0.0,84967.7220643845,0.29512578407485035,0.0,0.29512578407485035
D,2024-03-14T00:00:00+0000,282666.3439526474,6000.0,4.5,84967.7220643845,0.0,84967.7220643845,0.3005936995407504,0.0,0.3005936995407504
D,2024-03-15T00:00:00+0000,276755.9343013649,6000.0,4.5,84967.7220643845,0.0,84967.7220643845,0.3070131893607799,0.0,0.3070131893607799
D,2024-03-16T00:00:00+0000,265704.0838378659,6000.0,4.5,84967.7220643845,0.0,84967.7220643845,0.3197832748262623,0.0,0.3197832748262623
D,2024-03-17T00:00:00+0000,272946.98905591224,6000.0,4.5,84967.7220643845,0.0,84967.7220643845,0.3112975246888661,0.0,0.3112975246888661
D,2024-03-18T00:00:00+0000,268968.60330938024,6000.0,4.5,84967.7220643845,0.0,84967.7220643845,0.3159020087063867,0.0,0.3159020087063867
D,2024-03-19T00:00:00+0000,252510.9335693317,6000.0,4.5,84967.7220643845,0.0,84967.7220643845,0.33649125946087,0.0,0.33649125946087
D,2024-03-20T00:00:00+0000,269232.65305302857,6000.0,4.5,84967.7220643845,0.0,84967.7220643845,0.3155921880235274,0.0,0.3155921880235274
D,2024-03-21T00:00:00+0000,265351.88689170417,6000.0,4.5,84967.7220643845,0.0,84967.7220643845,0.3202077176073056,0.0,0.3202077176073056
D,2024-03-22T00:00:00+0000,259310.1100479291,6000.0,4.5,84967.7220643845,0.0,84967.7220643845,0.32766837378102864,0.0,0.32766837378102864
D,2024-03-23T00:00:00+0000,259441.04207211302,6000.0,4.5,84967.7220643845,0.0,84967.7220643845,0.3275030094921037,0.0,0.3275030094921037
D,2024-03-24T00:00:00+0000,266958.39938830095,6000.0,4.5,84967.7220643845,0.0,84967.7220643845,0.31828075932084005,0.0,0.31828075932084005
D,2024-03-25T00:00:00+0000,273919.97211947327,6000.0,4.5,84967.7220643845,0.0,84967.7220643845,0.3101917739219281,0.0,0.3101917739219281
D,2024-03-26T00:00:00+0000,274015.1222561161,6000.0,4.5,84967.7220643845,0.0,84967.7220643845,0.31008406165615554,0.0,0.31008406165615554
D,2024-03-27T00:00:00+0000,271295.8455959553,6000.0,4.5,84967.7220643845,0.0,84967.7220643845,0.3131921238150035,0.0,0.3131921238150035
D,2024-03-28T00:00:00+0000,274553.8200797812,6000.0,4.5,84967.7220643845,0.0,84967.7220643845,0.30947565049247605,0.0,0.30947565049247605
D,2024-03-29T00:00:00+0000,272061.9590016926,6000.0,4.5,84967.7220643845,0.0,84967.7220643845,0.3123101898411894,0.0,0.3123101898411894
D,2024-03-30T00:00:00+0000,271594.9378208742,6000.0,4.5,84967.7220643845,0.0,84967.7220643845,0.3128472229494333,0.0,0.3128472229494333
D,2024-03-31T00:00:00+0000,277264.2810186978,6000.0,4.5,84967.7220643845,0.0,84967.7220643845,0.3064502998806924,0.0,0.3064502998806924
D,2024-04-01T00:00:00+0000,271673.060937546,6000.0,4.5,84967.7220643845,0.0,84967.7220643845,0.3127572596677793,0.0,0.3127572596677793
D,2024-04-02T00:00:00+0000,260495.54555545945,6000.0,4.5,84967.7220643845,0.0,84967.7220643845,0.32617725528936115,0.0,0.32617725528936115
D,2024-04-03T00:00:00+0000,261958.9786677473,6000.0,4.5,84967.7220643845,0.0,84967.7220643845,0.324355066951732,0.0,0.324355066951732
D,2024-04-04T00:00:00+0000,265970.7855869715,6000.0,4.5,84967.7220643845,0.0,84967.7220643845,0.3194626126958608,0.0,0.3194626126958608
D,2024-04-05T00:00:00+0000,264806.3086239287,6000.0,4.5,84967.7220643845,0.0,84967.7220643845,0.32086743894403796,0.0,0.32086743894403796
D,2024-04-06T00:00:00+0000,267138.90524804825,6000.0,4.5,84967.7220643845,0.0,84967.7220643845,0.31806569689086983,0.0,0.31806569689086983
D,2024-04-07T00:00:00+0000,270186.8335076501,6000.0,4.5,84967.7220643845,0.0,84967.7220643845,0.3144776559290729,0.0,0.3144776559290729
D,2024-04-08T00:00:00+0000,278991.39490911446,6000.0,4.5,84967.7220643845,0.0,84967.7220643845,0.30455319990089297,0.0,0.30455319990089297
D,2024-04-09T00:00:00+0000,271108.66773203114,6000.0,4.5,84967.7220643845,0.0,84967.7220643845,0.31340835678617324,0.0,0.31340835678617324
D,2024-04-10T00:00:00+0000,274156.7129534034,6000.0,4.5,84967.7220643845,0.0,84967.7220643845,0.3099239159568779,0.0,0.3099239159568779
D,2024-04-11T00:00:00+0000,272276.52325404226,6000.0,4.5,84967.7220643845,0.0,84967.7220643845,0.3120640775374785,0.0,0.3120640775374785
D,2024-04-12T00:00:00+0000,262020.4348921533,6000.0,4.5,84967.7220643845,0.0,84967.7220643845,0.32427899029843577,0.0,0.32427899029843577
D,2024-04-13T00:00:00+0000,252131.05767435802,6000.0,4.5,84967.7220643845,0.0,84967.7220643845,0.3369982375361519,0.0,0.3369982375361519
D,2024-04-14T00:00:00+0000,258056.56123526872,6000.0,4.5,84967.7220643845,0.0,84967.7220643845,0.3292600725114674,0.0,0.3292600725114674
D,2024-04-15T00:00:00+0000,253625.0016010122,6000.0,4.5,84967.7220643845,0.0,84967.7220643845,0.3350131947876759,0.0,0.3350131947876759
D,2024-04-16T00:00:00+0000,253762.3699453699,6000.0,4.5,84967.7220643845,0.0,84967.7220643845,0.3348318432030581,0.0,0.3348318432030581
D,2024-04-17T00:00:00+0000,247881.15345356945,6000.0,4.5,84967.7220643845,0.0,84967.7220643845,0.3427760476364726,0.0,0.3427760476364726
D,2024-04-18T00:00:00+0000,252865.01436072437,6000.0,4.5,84967.7220643845,0.0,84967.7220643845,0.336020078851928,0.0,0.336020078851928
D,2024-04-19T00:00:00+0000,253192.8734172666,6000.0,4.5,84967.7220643845,0.0,84967.7220643845,0.33558496697636553,0.0,0.33558496697636553
D,2024-04-20T00:00:00+0000,257111.06590696645,6000.0,4.5,84967.7220643845,0.0,84967.7220643845,0.33047088722011436,0.0,0.33047088722011436
D,2024-04-21T00:00:00+0000,256936.29355564946,6000.0,4.5,84967.7220643845,0.0,84967.7220643845,0.3306956790282392,0.0,0.3306956790282392
D,2024-04-22T00:00:00+0000,260858.77675796405,6000.0,4.5,84967.7220643845,0.0,84967.7220643845,0.32572307177236054,0.0,0.32572307177236054
D,2024-04-23T00:00:00+0000,260733.61208828638,6000.0,4.5,84967.7220643845,0.0,84967.7220643845,0.32587943450733076,0.0,0.32587943450733076
D,2024-04-24T00:00:00+0000,255877.0445697448,6000.0,4.5,84967.7220643845,0.0,84967.7220643845,0.3320646531901955,0.0,0.3320646531901955
D,2024-04-25T00:00:00+0000,256535.42171379144,6000.0,4.5,84967.7220643845,0.0,84967.7220643845,0.3312124364610371,0.0,0.3312124364610371
D,2024-04-26T00:00:00+0000,254935.02979801496,6000.0,4.5,84967.7220643845,0.0,84967.7220643845,0.3332916709473172,0.0,0.3332916709473172
D,2024-04-27T00:00:00+0000,257374.95161190914,6000.0,4.5,84967.7220643845,0.0,84967.7220643845,0.33013205648895366,0.0,0.33013205648895366
D,2024-04-28T00:00:00+0000,257075.6424272661,6000.0,4.5,84967.7220643845,0.0,84967.7220643845,0.3305164241237839,0.0,0.3305164241237839
D,2024-04-29T00:00:00+0000,257082.74664555403,6000.0,4.5,84967.7220643845,0.0,84967.7220643845,0.3305072906410615,0.0,0.3305072906410615
D,2024-04-30T00:00:00+0000,247821.4923223458,6000.0,4.5,84967.7220643845,0.0,84967.7220643845,0.3428585683515516,0.0,0.3428585683515516
D,2024-05-01T00:00:00+0000,243556.33772029664,6000.0,4.5,84967.7220643845,0.0,84967.7220643845,0.3488627019920236,0.0,0.3488627019920236
D,2024-05-02T00:00:00+0000,244885.8131147636,6000.0,4.5,84967.7220643845,0.0,84967.7220643845,0.34696874018000023,0.0,0.34696874018000023
D,2024-05-03T00:00:00+0000,253082.902460792,6000.0,4.5,84967.7220643845,0.0,84967.7220643845,0.3357307871777227,0.0,0.3357307871777227
D,2024-05-04T00:00:00+0000,254885.3538924154,6000.0,4.5,84967.7220643845,0.0,84967.7220643845,0.33335662785963194,0.0,0.33335662785963194
D,2024-05-05T00:00:00+0000,255512.99536345236,6000.0,4.5,84967.7220643845,0.0,84967.7220643845,0.3325377714879937,0.0,0.3325377714879937
D,2024-05-06T00:00:00+0000,252601.5675584515,6000.0,4.5,84967.7220643845,0.0,84967.7220643845,0.3363705256687417,0.0,0.3363705256687417
D,2024-05-07T00:00:00+0000,250071.25005809736,6000.0,4.5,84967.7220643845,0.0,84967.7220643845,0.33977405257359466,0.0,0.33977405257359466
D,2024-05-08T00:00:00+0000,247745.54185766517,6000.0,4.5,84967.7220643845,0.0,84967.7220643845,0.34296367727658317,0.0,0.34296367727658317
D,2024-05-09T00:00:00+0000,251897.51514777704,6000.0,4.5,84967.7220643845,0.0,84967.7220643845,0.33731067976013074,0.0,0.33731067976013074
D,2024-05-10T00:00:00+0000,245719.9238309834,6000.0,4.5,84967.7220643845,0.0,84967.7220643845,0.345790934408839,0.0,0.345790934408839
D,2024-05-11T00:00:00+0000,245826.11175505567,6000.0,4.5,84967.7220643845,0.0,84967.7220643845,0.3456415653234082,0.0,0.3456415653234082
D,2024-05-12T00:00:00+0000,247174.54051848728,6000.0,4.5,84967.7220643845,0.0,84967.7220643845,0.34375596243104733,0.0,0.34375596243104733
D,2024-05-13T00:00:00+0000,249784.5425518924,6000.0,4.5,84967.7220643845,0.0,84967.7220643845,0.3401640517716687,0.0,0.3401640517716687
D,2024-05-14T00:00:00+0000,246238.8275733916,6000.0,4.5,84967.7220643845,0.0,84967.7220643845,0.3450622426272714,0.0,0.3450622426272714
D,2024-05-15T00:00:00+0000,256397.96026071667,6000.0,4.5,84967.7220643845,0.0,84967.7220643845,0.3313900078533605,0.0,0.3313900078533605
D,2024-05-16T00:00:00+0000,252981.3125627361,6000.0,4.5,84967.7220643845,0.0,84967.7220643845,0.33586560684522343,0.0,0.33586560684522343
D,2024-05-17T00:00:00+0000,258973.4170215957,6000.0,4.5,84967.7220643845,0.0,84967.7220643845,0.3280943775681003,0.0,0.3280943775681003
D,2024-05-18T00:00:00+0000,259543.1335841323,6000.0,4.5,84967.7220643845,0.0,84967.7220643845,0.32737418590517925,0.0,0.32737418590517925
D,2024-05-19T00:00:00+0000,257435.5925336532,6000.0,4.5,84967.7220643845,0.0,84967.7220643845,0.33005429135940917,0.0,0.33005429135940917
D,2024-05-20T00:00:00+0000,278546.07671730185,6000.0,4.5,84967.7220643845,0.0,84967.7220643845,0.3050400962948,0.0,0.3050400962948
D,2024-05-21T00:00:00+0000,279639.41665969614,6000.0,4.5,84967.7220643845,0.0,84967.7220643845,0.30384744425277127,0.0,0.30384744425277127
D,2024-05-22T00:00:00+0000,277037.84492811357,6000.0,4.5,84967.7220643845,0.0,84967.7220643845,0.3067007761572508,0.0,0.3067007761572508
D,2024-05-23T00:00:00+0000,276383.84902469965,6000.0,4.5,84967.7220643845,0.0,84967.7220643845,0.3074265097769558,0.0,0.3074265097769558
D,2024-05-24T00:00:00+0000,275954.56746801216,6000.0,4.5,84967.7220643845,0.0,84967.7220643845,0.3079047498434093,0.0,0.3079047498434093
D,2024-05-25T00:00:00+0000,277519.259463191,6000.0,4.5,84967.7220643845,0.0,84967.7220643845,0.3061687402479332,0.0,0.3061687402479332
D,2024-05-26T00:00:00+0000,278185.5612829063,6000.0,4.5,84967.7220643845,0.0,84967.7220643845,0.3054354139465021,0.0,0.3054354139465021
D,2024-05-27T00:00:00+0000,281102.3921196147,6000.0,4.5,84967.7220643845,0.0,84967.7220643845,0.30226609394426296,0.0,0.30226609394426296
D,2024-05-28T00:00:00+0000,278472.7493993661,6000.0,4.5,84967.7220643845,0.0,84967.7220643845,0.30512041931445777,0.0,0.30512041931445777
D,2024-05-29T00:00:00+0000,275623.6958731274,6000.0,4.5,84967.7220643845,0.0,84967.7220643845,0.3082743731275416,0.0,0.3082743731275416
D,2024-05-30T00:00:00+0000,276194.52863828954,6000.0,4.5,84967.7220643845,0.0,84967.7220643845,0.3076372384467475,0.0,0.3076372384467475
D,2024-05-31T00:00:00+0000,275366.5472302039,6000.0,4.5,84967.7220643845,0.0,84967.7220643845,0.3085622524560046,0.0,0.3085622524560046
D,2024-06-01T00:00:00+0000,276942.52298463264,6000.0,4.5,84967.7220643845,0.0,84967.7220643845,0.30680634071171264,0.0,0.30680634071171264
D,2024-06-02T00:00:00+0000,276146.3098408819,6000.0,4.5,84967.7220643845,0.0,84967.7220643845,0.30769095597672014,0.0,0.30769095597672014
D,2024-06-03T00:00:00+0000,277345.9146810065,6000.0,4.5,84967.7220643845,0.0,84967.7220643845,0.3063600996687165,0.0,0.3063600996687165
D,2024-06-04T00:00:00+0000,280850.20929253346,6000.0,4.5,84967.7220643845,0.0,84967.7220643845,0.30253750666029294,0.0,0.30253750666029294
D,2024-06-05T00:00:00+0000,282973.5908280229,6000.0,4.5,84967.7220643845,0.0,84967.7220643845,0.30026732111557225,0.0,0.30026732111557225
D,2024-06-06T00:00:00+0000,281325.93480922247,6000.0,4.5,84967.7220643845,0.0,84967.7220643845,0.3020259121221947,0.0,0.3020259121221947
D,2024-06-07T00:00:00+0000,276131.06521811563,6000.0,4.5,84967.7220643845,0.0,84967.7220643845,0.30770794295552584,0.0,0.30770794295552584
D,2024-06-08T00:00:00+0000,276152.88080481347,6000.0,4.5,84967.7220643845,0.0,84967.7220643845,0.30768363457500997,0.0,0.30768363457500997
D,2024-06-09T00:00:00+0000,277226.3285141855,6000.0,4.5,84967.7220643845,0.0,84967.7220643845,0.3064922531700908,0.0,0.3064922531700908
D,2024-06-10T00:00:00+0000,276191.55772863864,6000.0,4.5,84967.7220643845,0.0,84967.7220643845,0.3076405476081433,0.0,0.3076405476081433
D,2024-06-11T00:00:00+0000,269048.02938491583,6000.0,4.5,84967.7220643845,0.0,84967.7220643845,0.31580875079677584,0.0,0.31580875079677584
D,2024-06-12T00:00:00+0000,271883.2532307331,6000.0,4.5,84967.7220643845,0.0,84967.7220643845,0.31251546777791733,0.0,0.31251546777791733
D,2024-06-13T00:00:00+0000,267644.3883205857,6000.0,4.5,84967.7220643845,0.0,84967.7220643845,0.3174649862735391,0.0,0.3174649862735391
D,2024-06-14T00:00:00+0000,266888.916575896,6000.0,4.5,84967.7220643845,0.0,84967.7220643845,0.31836362166887505,0.0,0.31836362166887505
D,2024-06-15T00:00:00+0000,269175.6813314636,6000.0,4.5,84967.7220643845,0.0,84967.7220643845,0.31565898391747743,0.0,0.31565898391747743
D,2024-06-16T00:00:00+0000,271122.40664660605,6000.0,4.5,84967.7220643845,0.0,84967.7220643845,0.3133924750643554,0.0,0.3133924750643554
D,2024-06-17T00:00:00+0000,268275.6761271938,6000.0,4.5,84967.7220643845,0.0,84967.7220643845,0.31671794957698646,0.0,0.31671794957698646
D,2024-06-18T00:00:00+0000,265717.7659555908,6000.0,4.5,84967.7220643845,0.0,84967.7220643845,0.319766808812419,0.0,0.319766808812419
D,2024-06-19T00:00:00+0000,267219.87067260465,6000.0,4.5,84967.7220643845,0.0,84967.7220643845,0.3179693255988668,0.0,0.3179693255988668
D,2024-06-20T00:00:00+0000,265985.0809278295,6000.0,4.5,84967.7220643845,0.0,84967.7220643845,0.31944544321055,0.0,0.31944544321055
D,2024-06-21T00:00:00+0000,265071.2011772508,6000.0,4.5,84967.7220643845,0.0,84967.7220643845,0.32054678775748,0.0,0.32054678775748
D,2024-06-22T00:00:00+0000,264729.02282591077,6000.0,4.5,84967.7220643845,0.0,84967.7220643845,0.3209611139624097,0.0,0.3209611139624097
D,2024-06-23T00:00:00+0000,261489.4549492934,6000.0,4.5,84967.7220643845,0.0,84967.7220643845,0.3249374705410625,0.0,0.3249374705410625
D,2024-06-24T00:00:00+0000,255704.58878000046,6000.0,4.5,84967.7220643845,0.0,84967.7220643845,0.33228860878006317,0.0,0.33228860878006317
D,2024-06-25T00:00:00+0000,258880.89197578013,6000.0,4.5,84967.7220643845,0.0,84967.7220643845,0.32821163978503964,0.0,0.32821163978503964
D,2024-06-26T00:00:00+0000,256988.17438680254,6000.0,4.5,84967.7220643845,0.0,84967.7220643845,0.3306289181092683,0.0,0.3306289181092683
D,2024-06-27T00:00:00+0000,260043.69651816157,6000.0,4.5,84967.7220643845,0.0,84967.7220643845,0.3267440172634614,0.0,0.3267440172634614
D,2024-06-28T00:00:00+0000,256580.14632373536,6000.0,4.5,84967.7220643845,0.0,84967.7220643845,0.3311547026603454,0.0,0.3311547026603454
D,2024-06-29T00:00:00+0000,257370.36122784944,6000.0,4.5,84967.7220643845,0.0,84967.7220643845,0.3301379446297733,0.0,0.3301379446297733
D,2024-06-30T00:00:00+0000,261340.03401608515,6000.0,4.5,84967.7220643845,0.0,84967.7220643845,0.3251232532523312,0.0,0.3251232532523312
D,2024-07-01T00:00:00+0000,261630.6936008716,6000.0,4.5,84967.7220643845,0.0,84967.7220643845,0.3247620563740364,0.0,0.3247620563740364
D,2024-07-02T00:00:00+0000,260053.2155530809,6000.0,4.5,84967.7220643845,0.0,84967.7220643845,0.3267320570663787,0.0,0.3267320570663787
D,2024-07-03T00:00:00+0000,254365.0957152517,6000.0,4.5,84967.7220643845,0.0,84967.7220643845,0.33403844904688257,0.0,0.33403844904688257
D,2024-07-04T00:00:00+0000,244352.1950703789,6000.0,4.5,84967.7220643845,0.0,84967.7220643845,0.34772645295824706,0.0,0.34772645295824706
D,2024-07-05T00:00:00+0000,241953.8457275015,6000.0,4.5,84967.7220643845,0.0,84967.7220643845,0.35117326533457416,0.0,0.35117326533457416
D,2024-07-06T00:00:00+0000,246252.37530270038,6000.0,4.5,84967.7220643845,0.0,84967.7220643845,0.34504325881096487,0.0,0.34504325881096487
D,2024-07-07T00:00:00+0000,239686.41107724275,6000.0,4.5,84967.7220643845,0.0,84967.7220643845,0.3544953661849537,0.0,0.3544953661849537
D,2024-07-08T00:00:00+0000,242974.15922368126,6000.0,4.5,84967.7220643845,0.0,84967.7220643845,0.3496985948458967,0.0,0.3496985948458967
D,2024-07-09T00:00:00+0000,246023.65693726466,6000.0,4.5,84967.7220643845,0.0,84967.7220643845,0.34536403174452057,0.0,0.34536403174452057
D,2024-07-10T00:00:00+0000,246359.97841318586,6000.0,4.5,84967.7220643845,0.0,84967.7220643845,0.3448925536187529,0.0,0.3448925536187529
D,2024-07-11T00:00:00+0000,245777.7084480372,6000.0,4.5,84967.7220643845,0.0,84967.7220643845,0.3457096357554678,0.0,0.3457096357554678
D,2024-07-12T00:00:00+0000,247379.32258044503,6000.0,4.5,84967.7220643845,0.0,84967.7220643845,0.3434713992183156,0.0,0.3434713992183156
D,2024-07-13T00:00:00+0000,250271.1528654236,6000.0,4.5,84967.7220643845,0.0,84967.7220643845,0.3395026597814633,0.0,0.3395026597814633
D,2024-07-14T00:00:00+0000,254194.19206781616,6000.0,4.5,84967.7220643845,0.0,84967.7220643845,0.33426303478136143,0.0,0.33426303478136143
D,2024-07-15T00:00:00+0000,265411.18874558876,6000.0,4.5,84967.7220643845,0.0,84967.7220643845,0.3201361723519152,0.0,0.3201361723519152
D,2024-07-16T00:00:00+0000,264980.815294465,6000.0,4.5,84967.7220643845,0.0,84967.7220643845,0.32065612738779786,0.0,0.32065612738779786
D,2024-07-17T00:00:00+0000,262285.90196406737,6000.0,4.5,84967.7220643845,0.0,84967.7220643845,0.3239507782466513,0.0,0.3239507782466513
D,2024-07-18T00:00:00+0000,263063.85356782103,6000.0,4.5,84967.7220643845,0.0,84967.7220643845,0.32299276739089816,0.0,0.32299276739089816
D,2024-07-19T00:00:00+0000,268736.4982840675,6000.0,4.5,84967.7220643845,0.0,84967.7220643845,0.31617485011123986,0.0,0.31617485011123986
D,2024-07-20T00:00:00+0000,269768.43280603073,6000.0,4.5,84967.7220643845,0.0,84967.7220643845,0.3149653989556225,0.0,0.3149653989556225
D,2024-07-21T00:00:00+0000,271695.78228195576,6000.0,4.5,84967.7220643845,0.0,84967.7220643845,0.3127311044387438,0.0,0.3127311044387438
D,2024-07-22T00:00:00+0000,268562.4771688577,6000.0,4.5,84967.7220643845,0.0,84967.7220643845,0.31637972273751913,0.0,0.31637972273751913
D,2024-07-23T00:00:00+0000,267246.46932149597,6000.0,4.5,84967.7220643845,0.0,84967.7220643845,0.31793767857852906,0.0,0.31793767857852906
D,2024-07-24T00:00:00+0000,263055.63495453604,6000.0,4.5,84967.7220643845,0.0,84967.7220643845,0.32300285861228367,0.0,0.32300285861228367
D,2024-07-25T00:00:00+0000,259980.37577197293,6000.0,4.5,84967.7220643845,0.0,84967.7220643845,0.32682359894313384,0.0,0.32682359894313384
D,2024-07-26T00:00:00+0000,265346.8387340662,6000.0,4.5,84967.7220643845,0.0,84967.7220643845,0.320213809479525,0.0,0.320213809479525
D,2024-07-27T00:00:00+0000,264750.6984401489,6000.0,4.5,84967.7220643845,0.0,84967.7220643845,0.32093483630069747,0.0,0.32093483630069747
D,2024-07-28T00:00:00+0000,265765.1607446927,6000.0,4.5,84967.7220643845,0.0,84967.7220643845,0.3197097837289845,0.0,0.3197097837289845
D,2024-07-29T00:00:00+0000,264743.4267373249,6000.0,4.5,84967.7220643845,0.0,84967.7220643845,0.32094365141193254,0.0,0.32094365141193254
D,2024-07-30T00:00:00+0000,262999.32352932834,6000.0,4.5,84967.7220643845,0.0,84967.7220643845,0.32307201754041526,0.0,0.32307201754041526
D,2024-07-31T00:00:00+0000,259668.48096690932,6000.0,4.5,84967.7220643845,0.0,84967.7220643845,0.32721615556880895,0.0,0.32721615556880895
D,2024-08-01T00:00:00+0000,260059.154563318,6000.0,4.5,84967.7220643845,0.0,84967.7220643845,0.3267245954369853,0.0,0.3267245954369853
D,2024-08-02T00:00:00+0000,249522.28793750925,6000.0,4.5,84967.7220643845,0.0,84967.7220643845,0.340521573309972,0.0,0.340521573309972
D,2024-08-03T00:00:00+0000,246383.66297516203,6000.0,4.5,84967.7220643845,0.0,84967.7220643845,0.3448593995168832,0.0,0.3448593995168832
D,2024-08-04T00:00:00+0000,237742.99937749974,6000.0,4.5,84967.7220643845,0.0,84967.7220643845,0.3573931610472731,0.0,0.3573931610472731
D,2024-08-05T00:00:00+0000,225504.430250381,6000.0,4.5,84967.7220643845,0.0,84967.7220643845,0.376789591096031,0.0,0.376789591096031
D,2024-08-06T00:00:00+0000,229396.72804408777,6000.0,4.5,84967.7220643845,0.0,84967.7220643845,0.370396399237458,0.0,0.370396399237458
D,2024-08-07T00:00:00+0000,225377.76986581314,6000.0,4.5,84967.7220643845,0.0,84967.7220643845,0.3770013436328398,0.0,0.3770013436328398
D,2024-08-08T00:00:00+0000,242778.3905939926,6000.0,4.5,84967.7220643845,0.0,84967.7220643845,0.34998058046475483,0.0,0.34998058046475483
D,2024-08-09T00:00:00+0000,239621.38711750327,6000.0,4.5,84967.7220643845,0.0,84967.7220643845,0.3545915624915352,0.0,0.3545915624915352
D,2024-08-10T00:00:00+0000,240015.27569244313,6000.0,4.5,84967.7220643845,0.0,84967.7220643845,0.35400964300815,0.0,0.35400964300815
D,2024-08-11T00:00:00+0000,235546.1785075009,6000.0,4.5,84967.7220643845,0.0,84967.7220643845,0.3607263875082513,0.0,0.3607263875082513
D,2024-08-12T00:00:00+0000,240338.00544611597,6000.0,4.5,84967.7220643845,0.0,84967.7220643845,0.35353427314447095,0.0,0.35353427314447095
D,2024-08-13T00:00:00+0000,241698.97837621596,6000.0,4.5,84967.7220643845,0.0,84967.7220643845,0.35154357140942566,0.0,0.35154357140942566
D,2024-08-14T00:00:00+0000,237989.31429537095,6000.0,4.5,84967.7220643845,0.0,84967.7220643845,0.3570232651661419,0.0,0.3570232651661419
D,2024-08-15T00:00:00+0000,234221.16281919798,6000.0,4.5,84967.7220643845,0.0,84967.7220643845,0.36276705760347333,0.0,0.36276705760347333
D,2024-08-16T00:00:00+0000,236704.75055675535,6000.0,4.5,84967.7220643845,0.0,84967.7220643845,0.3589607807385833,0.0,0.3589607807385833
D,2024-08-17T00:00:00+0000,238120.04235213308,6000.0,4.5,84967.7220643845,0.0,84967.7220643845,0.3568272591634006,0.0,0.3568272591634006
D,2024-08-18T00:00:00+0000,236524.80602294992,6000.0,4.5,84967.7220643845,0.0,84967.7220643845,0.3592338727302037,0.0,0.3592338727302037
D,2024-08-19T00:00:00+0000,238570.85764522443,6000.0,4.5,84967.7220643845,0.0,84967.7220643845,0.356152980724657,0.0,0.356152980724657
D,2024-08-20T00:00:00+0000,236495.32286443224,6000.0,4.5,84967.7220643845,0.0,84967.7220643845,0.35927865733349457,0.0,0.35927865733349457
D,2024-08-21T00:00:00+0000,240969.79279666458,6000.0,4.5,84967.7220643845,0.0,84967.7220643845,0.3526073582844555,0.0,0.3526073582844555
D,2024-08-22T00:00:00+0000,239662.5465703013,6000.0,4.5,84967.7220643845,0.0,84967.7220643845,0.3545306652220711,0.0,0.3545306652220711
D,2024-08-23T00:00:00+0000,248242.40531628527,6000.0,4.5,84967.7220643845,0.0,84967.7220643845,0.34227722679421857,0.0,0.34227722679421857
D,2024-08-24T00:00:00+0000,248556.67392770387,6000.0,4.5,84967.7220643845,0.0,84967.7220643845,0.3418444603466915,0.0,0.3418444603466915
D,2024-08-25T00:00:00+0000,248155.4214919501,6000.0,4.5,84967.7220643845,0.0,84967.7220643845,0.34239720234015025,0.0,0.34239720234015025
D,2024-08-26T00:00:00+0000,244627.72672715795,6000.0,4.5,84967.7220643845,0.0,84967.7220643845,0.34733479806707296,0.0,0.34733479806707296
D,2024-08-27T00:00:00+0000,234492.41721902974,6000.0,4.5,84967.7220643845,0.0,84967.7220643845,0.3623474186161834,0.0,0.3623474186161834
D,2024-08-28T00:00:00+0000,235589.59622313036,6000.0,4.5,84967.7220643845,0.0,84967.7220643845,0.3606599078505586,0.0,0.3606599078505586
D,2024-08-29T00:00:00+0000,236058.24703561183,6000.0,4.5,84967.7220643845,0.0,84967.7220643845,0.35994388305173786,0.0,0.35994388305173786
D,2024-08-30T00:00:00+0000,235689.80703072046,6000.0,4.5,84967.7220643845,0.0,84967.7220643845,0.36050656214127064,0.0,0.36050656214127064
D,2024-08-31T00:00:00+0000,235182.59950501425,6000.0,4.5,84967.7220643845,0.0,84967.7220643845,0.36128405010921283,0.0,0.36128405010921283
D,2024-09-01T00:00:00+0000,230734.97963719763,6000.0,4.5,84967.7220643845,0.0,84967.7220643845,0.36824811824364817,0.0,0.36824811824364817
D,2024-09-02T00:00:00+0000,236015.47932648216,6000.0,4.5,84967.7220643845,0.0,84967.7220643845,0.3600091074825137,0.0,0.3600091074825137
D,2024-09-03T00:00:00+0000,231020.27037041634,6000.0,4.5,84967.7220643845,0.0,84967.7220643845,0.3677933625830661,0.0,0.3677933625830661
D,2024-09-04T00:00:00+0000,232325.77699387033,6000.0,4.5,84967.7220643845,0.0,84967.7220643845,0.3657266238977274,0.0,0.3657266238977274
D,2024-09-05T00:00:00+0000,227827.82951094647,6000.0,4.5,84967.7220643845,0.0,84967.7220643845,0.37294707256253806,0.0,0.37294707256253806
D,2024-09-06T00:00:00+0000,221281.60094948683,6000.0,4.5,84967.7220643845,0.0,84967.7220643845,0.38398005844046906,0.0,0.38398005844046906
D,2024-09-07T00:00:00+0000,222699.81166396913,6000.0,4.5,84967.7220643845,0.0,84967.7220643845,0.38153477288338244,0.0,0.38153477288338244
D,2024-09-08T00:00:00+0000,224296.8419346527,6000.0,4.5,84967.7220643845,0.0,84967.7220643845,0.3788181827773538,0.0,0.3788181827773538
D,2024-09-09T00:00:00+0000,228922.85486431792,6000.0,4.5,84967.7220643845,0.0,84967.7220643845,0.3711631244278545,0.0,0.3711631244278545
D,2024-09-10T00:00:00+0000,230474.15456492844,6000.0,4.5,84967.7220643845,0.0,84967.7220643845,0.3686648605991423,0.0,0.3686648605991423
D,2024-09-11T00:00:00+0000,228942.06134166243,6000.0,4.5,84967.7220643845,0.0,84967.7220643845,0.3711319866976416,0.0,0.3711319866976416
D,2024-09-12T00:00:00+0000,230606.29578123806,6000.0,4.5,84967.7220643845,0.0,84967.7220643845,0.36845360954493683,0.0,0.36845360954493683
D,2024-09-13T00:00:00+0000,235869.4261285967,6000.0,4.5,84967.7220643845,0.0,84967.7220643845,0.36023202947066085,0.0,0.36023202947066085
D,2024-09-14T00:00:00+0000,234647.9385704571,6000.0,4.5,84967.7220643845,0.0,84967.7220643845,0.36210725984652736,0.0,0.36210725984652736
D,2024-09-15T00:00:00+0000,231050.1877577218,6000.0,4.5,84967.7220643845,0.0,84967.7220643845,0.3677457390923278,0.0,0.3677457390923278
D,2024-09-16T00:00:00+0000,229246.3611773086,6000.0,4.5,84967.7220643845,0.0,84967.7220643845,0.37063934898694845,0.0,0.37063934898694845
D,2024-09-17T00:00:00+0000,233398.96718806273,6000.0,4.5,84967.7220643845,0.0,84967.7220643845,0.36404497881055836,0.0,0.36404497881055836
D,2024-09-18T00:00:00+0000,236290.08186252334,6000.0,4.5,84967.7220643845,0.0,84967.7220643845,0.35959072591891456,0.0,0.35959072591891456
D,2024-09-19T00:00:00+0000,240131.8567423905,6000.0,4.5,84967.7220643845,0.0,84967.7220643845,0.35383777569977515,0.0,0.35383777569977515
D,2024-09-20T00:00:00+0000,242736.5936465311,6000.0,4.5,84967.7220643845,0.0,84967.7220643845,0.35004084381324496,0.0,0.35004084381324496
D,2024-09-21T00:00:00+0000,244143.4424979738,6000.0,4.5,84967.7220643845,0.0,84967.7220643845,0.34802377321721295,0.0,0.34802377321721295
D,2024-09-22T00:00:00+0000,243766.88683305267,6000.0,4.5,84967.7220643845,0.0,84967.7220643845,0.3485613783244313,0.0,0.3485613783244313
D,2024-09-23T00:00:00+0000,244952.88906046923,6000.0,4.5,84967.7220643845,0.0,84967.7220643845,0.34687372902717356,0.0,0.34687372902717356
D,2024-09-24T00:00:00+0000,246461.21980884223,6000.0,4.5,84967.7220643845,0.0,84967.7220643845,0.3447508785775154,0.0,0.3447508785775154
D,2024-09-25T00:00:00+0000,243152.92852516385,6000.0,4.5,84967.7220643845,0.0,84967.7220643845,0.34944149173836175,0.0,0.34944149173836175
D,2024-09-26T00:00:00+0000,247337.74067161494,6000.0,4.5,84967.7220643845,0.0,84967.7220643845,0.3435291429187685,0.0,0.3435291429187685
D,2024-09-27T00:00:00+0000,249659.72636319505,6000.0,4.5,84967.7220643845,0.0,84967.7220643845,0.34033411516592327,0.0,0.34033411516592327
D,2024-09-28T00:00:00+0000,249356.84692006168,6000.0,4.5,84967.7220643845,0.0,84967.7220643845,0.34074749947260635,0.0,0.34074749947260635
D,2024-09-29T00:00:00+0000,248587.04027578642,6000.0,4.5,84967.7220643845,0.0,84967.7220643845,0.3418027020641139,0.0,0.3418027020641139
D,2024-09-30T00:00:00+0000,243983.32765781274,6000.0,4.5,84967.7220643845,0.0,84967.7220643845,0.3482521649329743,0.0,0.3482521649329743
D,2024-10-01T00:00:00+0000,236727.9055961278,6000.0,4.5,84967.7220643845,0.0,84967.7220643845,0.3589256697490688,0.0,0.3589256697490688
D,2024-10-02T00:00:00+0000,234576.93599105574,6000.0,4.5,84967.7220643845,0.0,84967.7220643845,0.3622168637569052,0.0,0.3622168637569052
D,2024-10-03T00:00:00+0000,234410.3013895501,6000.0,4.5,84967.7220643845,0.0,84967.7220643845,0.36247435185530774,0.0,0.36247435185530774
D,2024-10-04T00:00:00+0000,237871.48831094243,6000.0,4.5,84967.7220643845,0.0,84967.7220643845,0.35720011115126094,0.0,0.35720011115126094
D,2024-10-05T00:00:00+0000,237848.16777017072,6000.0,4.5,84967.7220643845,0.0,84967.7220643845,0.3572351339131929,0.0,0.3572351339131929
D,2024-10-06T00:00:00+0000,239564.73333560477,6000.0,4.5,84967.7220643845,0.0,84967.7220643845,0.3546754185448229,0.0,0.3546754185448229
D,2024-10-07T00:00:00+0000,238301.52024706965,6000.0,4.5,84967.7220643845,0.0,84967.7220643845,0.3565555183042494,0.0,0.3565555183042494
D,2024-10-08T00:00:00+0000,238640.19531914376,6000.0,4.5,84967.7220643845,0.0,84967.7220643845,0.3560494993341483,0.0,0.3560494993341483
D,2024-10-09T00:00:00+0000,234786.57050204504,6000.0,4.5,84967.7220643845,0.0,84967.7220643845,0.36189345022033287,0.0,0.36189345022033287
D,2024-10-10T00:00:00+0000,234713.8784789528,6000.0,4.5,84967.7220643845,0.0,84967.7220643845,0.3620055303717531,0.0,0.3620055303717531
D,2024-10-11T00:00:00+0000,239202.08732312196,6000.0,4.5,84967.7220643845,0.0,84967.7220643845,0.35521312968146196,0.0,0.35521312968146196
D,2024-10-12T00:00:00+0000,241045.26968498272,6000.0,4.5,84967.7220643845,0.0,84967.7220643845,0.35249694870771425,0.0,0.35249694870771425
D,2024-10-13T00:00:00+0000,240390.27639693284,6000.0,4.5,84967.7220643845,0.0,84967.7220643845,0.3534573999327895,0.0,0.3534573999327895
D,2024-10-14T00:00:00+0000,248841.61906837946,6000.0,4.5,84967.7220643845,0.0,84967.7220643845,0.341453018922193,0.0,0.341453018922193
D,2024-10-15T00:00:00+0000,249791.91640638467,6000.0,4.5,84967.7220643845,0.0,84967.7220643845,0.3401540101327824,0.0,0.3401540101327824
D,2024-10-16T00:00:00+0000,250691.519727625,6000.0,4.5,84967.7220643845,0.0,84967.7220643845,0.33893337180572153,0.0,0.33893337180572153
D,2024-10-17T00:00:00+0000,250289.73335289443,6000.0,4.5,84967.7220643845,0.0,84967.7220643845,0.3394774564907335,0.0,0.3394774564907335
D,2024-10-18T00:00:00+0000,252621.2307367695,6000.0,4.5,84967.7220643845,0.0,84967.7220643845,0.33634434372984506,0.0,0.33634434372984506
D,2024-10-19T00:00:00+0000,252699.01140394708,6000.0,4.5,84967.7220643845,0.0,84967.7220643845,0.33624081705868253,0.0,0.33624081705868253
D,2024-10-20T00:00:00+0000,255953.0645918814,6000.0,4.5,84967.7220643845,0.0,84967.7220643845,0.33196602744282827,0.0,0.33196602744282827
D,2024-10-21T00:00:00+0000,251678.7506605477,6000.0,4.5,84967.7220643845,0.0,84967.7220643845,0.33760387732925823,0.0,0.33760387732925823
D,2024-10-22T00:00:00+0000,250748.18388338631,6000.0,4.5,84967.7220643845,0.0,84967.7220643845,0.338856779532648,0.0,0.338856779532648
D,2024-10-23T00:00:00+0000,247377.58610246773,6000.0,4.5,84967.7220643845,0.0,84967.7220643845,0.3434738102310915,0.0,0.3434738102310915
D,2024-10-24T00:00:00+0000,249899.0615428288,6000.0,4.5,84967.7220643845,0.0,84967.7220643845,0.3400081678570944,0.0,0.3400081678570944
D,2024-10-25T00:00:00+0000,245504.73365407292,6000.0,4.5,84967.7220643845,0.0,84967.7220643845,0.34609402759666463,0.0,0.34609402759666463
D,2024-10-26T00:00:00+0000,247064.838704016,6000.0,4.5,84967.7220643845,0.0,84967.7220643845,0.34390859707145927,0.0,0.34390859707145927
D,2024-10-27T00:00:00+0000,249028.30982152448,6000.0,4.5,84967.7220643845,0.0,84967.7220643845,0.3411970395063912,0.0,0.3411970395063912
D,2024-10-28T00:00:00+0000,253275.42989874881,6000.0,4.5,84967.7220643845,0.0,84967.7220643845,0.3354755812608898,0.0,0.3354755812608898
D,2024-10-29T00:00:00+0000,259019.08383274125,6000.0,4.5,84967.7220643845,0.0,84967.7220643845,0.32803653231686775,0.0,0.32803653231686775
D,2024-10-30T00:00:00+0000,258925.47301703208,6000.0,4.5,84967.7220643845,0.0,84967.7220643845,0.3281551292514018,0.0,0.3281551292514018
D,2024-10-31T00:00:00+0000,252667.26422516175,6000.0,4.5,84967.7220643845,0.0,84967.7220643845,0.33628306510124883,0.0,0.33628306510124883
D,2024-11-01T00:00:00+0000,251342.60005469405,6000.0,4.5,84967.7220643845,0.0,84967.7220643845,0.3380553954876527,0.0,0.3380553954876527
D,2024-11-02T00:00:00+0000,250777.21090525982,6000.0,4.5,84967.7220643845,0.0,84967.7220643845,0.33881755745534686,0.0,0.33881755745534686
D,2024-11-03T00:00:00+0000,249064.1235897623,6000.0,4.5,84967.7220643845,0.0,84967.7220643845,0.3411479776362181,0.0,0.3411479776362181
D,2024-11-04T00:00:00+0000,246336.99047203595,6000.0,4.5,84967.7220643845,0.0,84967.7220643845,0.34492473867431617,0.0,0.34492473867431617
D,2024-11-05T00:00:00+0000,249153.70732406474,6000.0,4.5,84967.7220643845,0.0,84967.7220643845,0.3410253171704575,0.0,0.3410253171704575
D,2024-11-06T00:00:00+0000,265215.9406529014,6000.0,4.5,84967.7220643845,0.0,84967.7220643845,0.3203718519151348,0.0,0.3203718519151348
D,2024-11-07T00:00:00+0000,269659.5332503495,6000.0,4.5,84967.7220643845,0.0,84967.7220643845,0.31509259487407487,0.0,0.31509259487407487
D,2024-11-08T00:00:00+0000,272163.3813003798,6000.0,4.5,84967.7220643845,0.0,84967.7220643845,0.3121938067436331,0.0,0.3121938067436331
D,2024-11-09T00:00:00+0000,276221.68540544645,6000.0,4.5,84967.7220643845,0.0,84967.7220643845,0.3076069930558361,0.0,0.3076069930558361
D,2024-11-10T00:00:00+0000,282993.8479692937,6000.0,4.5,84967.7220643845,0.0,84967.7220643845,0.3002458275121371,0.0,0.3002458275121371
D,2024-11-11T00:00:00+0000,299562.28657621593,6000.0,4.5,84967.7220643845,0.0,84967.7220643845,0.2836395830580184,0.0,0.2836395830580184
D,2024-11-12T00:00:00+0000,295595.96032784163,6000.0,4.5,84967.7220643845,0.0,84967.7220643845,0.28744547784126656,0.0,0.28744547784126656
D,2024-11-13T00:00:00+0000,297872.87447322276,6000.0,4.5,84967.7220643845,0.0,84967.7220643845,0.28524826980183005,0.0,0.28524826980183005
D,2024-11-14T00:00:00+0000,290422.52845692204,6000.0,4.5,84967.7220643845,0.0,84967.7220643845,0.29256587812190904,0.0,0.29256587812190904
D,2024-11-15T00:00:00+0000,296621.6987790447,6000.0,4.5,84967.7220643845,0.0,84967.7220643845,0.2864514713998637,0.0,0.2864514713998637
D,2024-11-16T00:00:00+0000,296967.1244411553,6000.0,4.5,84967.7220643845,0.0,84967.7220643845,0.28611827731530953,0.0,0.28611827731530953
D,2024-11-17T00:00:00+0000,294587.1316680505,6000.0,4.5,84967.7220643845,0.0,84967.7220643845,0.2884298495432199,0.0,0.2884298495432199
D,2024-11-18T00:00:00+0000,298540.7440649516,6000.0,4.5,84967.7220643845,0.0,84967.7220643845,0.28461013698652343,0.0,0.28461013698652343
D,2024-11-19T00:00:00+0000,298958.8911459101,6000.0,4.5,84967.7220643845,0.0,84967.7220643845,0.2842120591854721,0.0,0.2842120591854721
D,2024-11-20T00:00:00+0000,301020.633928666,6000.0,0.0,84967.7220643845,0.0,84967.7220643845,0.2822654412604806,0.0,0.2822654412604806
D,2024-11-21T00:00:00+0000,313583.7083327204,6000.0,7.0,84967.7220643845,0.0,84967.7220643845,0.27095706762365207,0.0,0.27095706762365207
D,2024-11-22T00:00:00+0000,313796.49444887356,6000.0,7.0,84967.7220643845,0.0,84967.7220643845,0.2707733310202042,0.0,0.2707733310202042
D,2024-11-23T00:00:00+0000,313536.2529074267,6000.0,7.0,84967.7220643845,0.0,84967.7220643845,0.2709980784565659,0.0,0.2709980784565659
D,2024-11-24T00:00:00+0000,313128.5850784849,6000.0,7.0,84967.7220643845,0.0,84967.7220643845,0.2713508958087859,0.0,0.2713508958087859
D,2024-11-25T00:00:00+0000,307153.28596986533,6000.0,7.0,84967.7220643845,0.0,84967.7220643845,0.2766297023197748,0.0,0.2766297023197748
D,2024-11-26T00:00:00+0000,303549.1670760112,6000.0,7.0,84967.7220643845,0.0,84967.7220643845,0.27991419934651934,0.0,0.27991419934651934
D,2024-11-27T00:00:00+0000,316906.2510749238,6000.0,7.0,84967.7220643845,0.0,84967.7220643845,0.26811627027292756,0.0,0.26811627027292756
D,2024-11-28T00:00:00+0000,314873.81914192357,6000.0,7.0,84967.7220643845,0.0,84967.7220643845,0.26984689389525546,0.0,0.26984689389525546
D,2024-11-29T00:00:00+0000,317877.3634871244,6000.0,7.0,84967.7220643845,0.0,84967.7220643845,0.2672971775413197,0.0,0.2672971775413197
D,2024-11-30T00:00:00+0000,318909.20012812887,6000.0,7.0,84967.7220643845,0.0,84967.7220643845,0.26643233255812887,0.0,0.26643233255812887
D,2024-12-01T00:00:00+0000,320161.6099153046,6000.0,7.0,84967.7220643845,0.0,84967.7220643845,0.265390101226883,0.0,0.265390101226883
D,2024-12-02T00:00:00+0000,316704.8400026065,6000.0,7.0,84967.7220643845,0.0,84967.7220643845,0.2682867810409377,0.0,0.2682867810409377
D,2024-12-03T00:00:00+0000,316062.3867877852,6000.0,7.0,84967.7220643845,0.0,84967.7220643845,0.26883212180965604,0.0,0.26883212180965604
D,2024-12-04T00:00:00+0000,325277.0831650729,6000.0,7.0,84967.7220643845,0.0,84967.7220643845,0.2612164411879725,0.0,0.2612164411879725
D,2024-12-05T00:00:00+0000,321648.23202857596,6000.0,7.0,84967.7220643845,0.0,84967.7220643845,0.264163497894917,0.0,0.264163497894917
D,2024-12-06T00:00:00+0000,330726.37512837636,6000.0,7.0,84967.7220643845,0.0,84967.7220643845,0.256912446222056,0.0,0.256912446222056
D,2024-12-07T00:00:00+0000,330811.82990575104,6000.0,7.0,84967.7220643845,0.0,84967.7220643845,0.2568460810140677,0.0,0.2568460810140677
D,2024-12-08T00:00:00+0000,332895.0019473318,6000.0,7.0,84967.7220643845,0.0,84967.7220643845,0.25523880372895313,0.0,0.25523880372895313
D,2024-12-09T00:00:00+0000,320492.96153385343,6000.0,7.0,84967.7220643845,0.0,84967.7220643845,0.2651157194146662,0.0,0.2651157194146662
D,2024-12-10T00:00:00+0000,317559.9325669398,6000.0,7.0,84967.7220643845,0.0,84967.7220643845,0.2675643661263022,0.0,0.2675643661263022
D,2024-12-11T00:00:00+0000,328973.3599781854,6000.0,7.0,84967.7220643845,0.0,84967.7220643845,0.2582814671377002,0.0,0.2582814671377002
D,2024-12-12T00:00:00+0000,328479.20134909917,6000.0,7.0,84967.7220643845,0.0,84967.7220643845,0.2586700214668478,0.0,0.2586700214668478
D,2024-12-13T00:00:00+0000,331172.32200958376,6000.0,7.0,84967.7220643845,0.0,84967.7220643845,0.2565664954993601,0.0,0.2565664954993601
D,2024-12-14T00:00:00+0000,330334.54703670595,6000.0,7.0,84967.7220643845,0.0,84967.7220643845,0.2572171842957228,0.0,0.2572171842957228
D,2024-12-15T00:00:00+0000,336898.77022180817,6000.0,7.0,84967.7220643845,0.0,84967.7220643845,0.25220549783676344,0.0,0.25220549783676344
D,2024-12-16T00:00:00+0000,339896.0763811476,6000.0,7.0,84967.7220643845,0.0,84967.7220643845,0.24998147365815623,0.0,0.24998147365815623
D,2024-12-17T00:00:00+0000,337865.22141287767,6000.0,7.0,84967.7220643845,0.0,84967.7220643845,0.25148407317293053,0.0,0.25148407317293053
D,2024-12-18T00:00:00+0000,322957.5104584871,6000.0,7.0,84967.7220643845,0.0,84967.7220643845,0.2630925719725792,0.0,0.2630925719725792
D,2024-12-19T00:00:00+0000,314066.9424579437,6000.0,7.0,84967.7220643845,0.0,84967.7220643845,0.2705401638243491,0.0,0.2705401638243491
D,2024-12-20T00:00:00+0000,315862.69341505144,6000.0,7.0,84967.7220643845,0.0,84967.7220643845,0.26900208171382495,0.0,0.26900208171382495
D,2024-12-21T00:00:00+0000,312035.79680905544,6000.0,7.0,84967.7220643845,0.0,84967.7220643845,0.2723012004817477,0.0,0.2723012004817477
D,2024-12-22T00:00:00+0000,307613.62217315,6000.0,7.0,84967.7220643845,0.0,84967.7220643845,0.27621573278883516,0.0,0.27621573278883516
D,2024-12-23T00:00:00+0000,310425.0799547085,6000.0,7.0,84967.7220643845,0.0,84967.7220643845,0.2737141022135886,0.0,0.2737141022135886
D,2024-12-24T00:00:00+0000,317665.57803555636,6000.0,7.0,84967.7220643845,0.0,84967.7220643845,0.26747538272741045,0.0,0.26747538272741045
D,2024-12-25T00:00:00+0000,318899.4142972249,6000.0,7.0,84967.7220643845,0.0,84967.7220643845,0.26644050837042854,0.0,0.26644050837042854
D,2024-12-26T00:00:00+0000,309786.2531071119,6000.0,7.0,84967.7220643845,0.0,84967.7220643845,0.27427854274413527,0.0,0.27427854274413527
D,2024-12-27T00:00:00+0000,307553.5101062882,6000.0,7.0,84967.7220643845,0.0,84967.7220643845,0.27626971981240045,0.0,0.27626971981240045
D,2024-12-28T00:00:00+0000,310675.55352555524,6000.0,7.0,84967.7220643845,0.0,84967.7220643845,0.27349342779040164,0.0,0.27349342779040164
D,2024-12-29T00:00:00+0000,307277.7981748746,6000.0,7.0,84967.7220643845,0.0,84967.7220643845,0.27651760904648437,0.0,0.27651760904648437
D,2024-12-30T00:00:00+0000,306012.88894758286,6000.0,7.0,84967.7220643845,0.0,84967.7220643845,0.2776605990571158,0.0,0.2776605990571158
D,2024-12-31T00:00:00+0000,306629.62121491955,6000.0,7.0,84967.7220643845,0.0,84967.7220643845,0.27710213295026004,0.0,0.27710213295026004
D,2025-01-01T00:00:00+0000,308667.78808121156,6000.0,7.0,84967.7220643845,0.0,84967.7220643845,0.27527239752671956,0.0,0.27527239752671956
D,2025-01-02T00:00:00+0000,314424.63220618496,6000.0,7.0,84967.7220643845,0.0,84967.7220643845,0.27023239708734603,0.0,0.27023239708734603
D,2025-01-03T00:00:00+0000,319740.539100869,6000.0,7.0,84967.7220643845,0.0,84967.7220643845,0.26573959718501516,0.0,0.26573959718501516
D,2025-01-04T00:00:00+0000,320927.04694939946,6000.0,7.0,84967.7220643845,0.0,84967.7220643845,0.2647571243123717,0.0,0.2647571243123717
D,2025-01-05T00:00:00+0000,320668.42943770596,6000.0,7.0,84967.7220643845,0.0,84967.7220643845,0.26497064963138384,0.0,0.26497064963138384
D,2025-01-06T00:00:00+0000,327604.77844074165,6000.0,7.0,84967.7220643845,0.0,84967.7220643845,0.25936044788111595,0.0,0.25936044788111595
D,2025-01-07T00:00:00+0000,312720.96092631057,6000.0,7.0,84967.7220643845,0.0,84967.7220643845,0.27170459508918643,0.0,0.27170459508918643
D,2025-01-08T00:00:00+0000,308679.0310118401,6000.0,7.0,84967.7220643845,0.0,84967.7220643845,0.2752623713566257,0.0,0.2752623713566257
D,2025-01-09T00:00:00+0000,302477.7850170017,6000.0,7.0,84967.7220643845,0.0,84967.7220643845,0.28090566075656975,0.0,0.28090566075656975
D,2025-01-10T00:00:00+0000,306815.68554658093,6000.0,7.0,84967.7220643845,0.0,84967.7220643845,0.27693408801123587,0.0,0.27693408801123587
D,2025-01-11T00:00:00+0000,307005.5585836993,6000.0,7.0,84967.7220643845,0.0,84967.7220643845,0.27676281320886786,0.0,0.27676281320886786
D,2025-01-12T00:00:00+0000,306577.37514882744,6000.0,7.0,84967.7220643845,0.0,84967.7220643845,0.2771493559273155,0.0,0.2771493559273155
D,2025-01-13T00:00:00+0000,303577.8762238427,6000.0,7.0,84967.7220643845,0.0,84967.7220643845,0.2798877280560909,0.0,0.2798877280560909
D,2025-01-14T00:00:00+0000,308626.8109466888,6000.0,6.5,84967.7220643845,0.0,84967.7220643845,0.27530894611441115,0.0,0.27530894611441115
D,2025-01-15T00:00:00+0000,319693.14857502846,6000.0,2.0,84967.7220643845,0.0,84967.7220643845,0.26577898976913333,0.0,0.26577898976913333
D,2025-01-16T00:00:00+0000,315634.3736012664,6000.0,2.0,84967.7220643845,0.0,84967.7220643845,0.26919666921867724,0.0,0.26919666921867724
D,2025-01-17T00:00:00+0000,325535.9438446721,6000.0,3.5,84967.7220643845,0.0,84967.7220643845,0.2610087262896119,0.0,0.2610087262896119
D,2025-01-18T00:00:00+0000,322424.4417988589,6000.0,4.5,84967.7220643845,0.0,84967.7220643845,0.26352754645502563,0.0,0.26352754645502563
D,2025-01-19T00:00:00+0000,315515.2268661814,6000.0,1.25,84967.7220643845,0.0,84967.7220643845,0.2692983248647509,0.0,0.2692983248647509
D,2025-01-20T00:00:00+0000,318495.2952868428,6000.0,8.25,84967.7220643845,0.0,84967.7220643845,0.2667785782765205,0.0,0.2667785782765205
D,2025-01-21T00:00:00+0000,325272.80901207397,6000.0,5.0,84967.7220643845,0.0,84967.7220643845,0.2612198736268501,0.0,0.2612198736268501
D,2025-01-22T00:00:00+0000,319707.57360759884,6000.0,6.75,84967.7220643845,0.0,84967.7220643845,0.2657669979650585,0.0,0.2657669979650585
D,2025-01-23T00:00:00+0000,322231.2879575387,6000.0,3.5,84967.7220643845,0.0,84967.7220643845,0.26368551174205324,0.0,0.26368551174205324
D,2025-01-24T00:00:00+0000,323017.22199698247,6000.0,5.25,84967.7220643845,0.0,84967.7220643845,0.26304393784049773,0.0,0.26304393784049773
D,2025-01-25T00:00:00+0000,323046.3957299673,6000.0,2.0,84967.7220643845,0.0,84967.7220643845,0.2630201828204533,0.0,0.2630201828204533
D,2025-01-26T00:00:00+0000,317911.9131473903,6000.0,3.75,84967.7220643845,0.0,84967.7220643845,0.2672681285302818,0.0,0.2672681285302818
D,2025-01-27T00:00:00+0000,315967.39341795514,6000.0,5.75,84967.7220643845,0.0,84967.7220643845,0.2689129442922959,0.0,0.2689129442922959
D,2025-01-28T00:00:00+0000,312449.8340588231,6000.0,7.5,84967.7220643845,0.0,84967.7220643845,0.271940365468039,0.0,0.271940365468039
D,2025-01-29T00:00:00+0000,316855.234457618,6000.0,4.25,84967.7220643845,0.0,84967.7220643845,0.26815943946714144,0.0,0.26815943946714144
D,2025-01-30T00:00:00+0000,321421.7987672102,6000.0,6.0,84967.7220643845,0.0,84967.7220643845,0.26434959417896353,0.0,0.26434959417896353
D,2025-01-31T00:00:00+0000,319270.39404162526,6000.0,2.75,84967.7220643845,0.0,84967.7220643845,0.2661309148924931,0.0,0.2661309148924931
D,2025-02-01T00:00:00+0000,312378.60784700856,6000.0,4.5,84967.7220643845,0.0,84967.7220643845,0.27200237125712057,0.0,0.27200237125712057
D,2025-02-02T00:00:00+0000,302303.7369752176,6000.0,1.25,84967.7220643845,0.0,84967.7220643845,0.28106738909201784,0.0,0.28106738909201784
D,2025-02-03T00:00:00+0000,307936.02478825575,6000.0,6.5,84967.7220643845,0.0,84967.7220643845,0.27592654065989963,0.0,0.27592654065989963
D,2025-02-04T00:00:00+0000,299217.7364366109,6000.0,2.5,84967.7220643845,0.0,84967.7220643845,0.2839661949063132,0.0,0.2839661949063132
D,2025-02-05T00:00:00+0000,298842.17201907415,6000.0,4.5,84967.7220643845,0.0,84967.7220643845,0.28432306421250775,0.0,0.28432306421250775
D,2025-02-06T00:00:00+0000,296417.22493160475,6000.0,0.75,84967.7220643845,0.0,84967.7220643845,0.28664907069415396,0.0,0.28664907069415396
D,2025-02-07T00:00:00+0000,294865.21231838607,6000.0,7.25,84967.7220643845,0.0,84967.7220643845,0.2881578379366063,0.0,0.2881578379366063
D,2025-02-08T00:00:00+0000,295024.8848973762,6000.0,6.5,84967.7220643845,0.0,84967.7220643845,0.28800188192240245,0.0,0.28800188192240245
D,2025-02-09T00:00:00+0000,294941.3205337608,6000.0,6.5,84967.7220643845,0.0,84967.7220643845,0.2880834801668916,0.0,0.2880834801668916
D,2025-02-10T00:00:00+0000,297177.3042506594,6000.0,6.5,84967.7220643845,0.0,84967.7220643845,0.2859159190458131,0.0,0.2859159190458131
D,2025-02-11T00:00:00+0000,293379.6469502443,6000.0,6.5,84967.7220643845,0.0,84967.7220643845,0.2896169620068927,0.0,0.2896169620068927
D,2025-02-12T00:00:00+0000,299638.43038494093,6000.0,6.5,84967.7220643845,0.0,84967.7220643845,0.2835675048598665,0.0,0.2835675048598665
D,2025-02-13T00:00:00+0000,296332.40307465853,6000.0,1.25,84967.7220643845,0.0,84967.7220643845,0.28673112080482666,0.0,0.28673112080482666
D,2025-02-14T00:00:00+0000,298828.93522843975,6000.0,1.5,84967.7220643845,0.0,84967.7220643845,0.2843356584576756,0.0,0.2843356584576756
D,2025-02-15T00:00:00+0000,298181.09015918855,6000.0,1.25,84967.7220643845,0.0,84967.7220643845,0.28495342216041664,0.0,0.28495342216041664
D,2025-02-16T00:00:00+0000,295305.7115636908,6000.0,1.25,84967.7220643845,0.0,84967.7220643845,0.2877280009738616,0.0,0.2877280009738616
D,2025-02-17T00:00:00+0000,296731.2961255711,6000.0,2.75,84967.7220643845,0.0,84967.7220643845,0.2863456708942078,0.0,0.2863456708942078
D,2025-02-18T00:00:00+0000,294912.2650643209,6000.0,4.5,84967.7220643845,0.0,84967.7220643845,0.2881118628479317,0.0,0.2881118628479317
D,2025-02-19T00:00:00+0000,297376.5810263591,6000.0,1.25,84967.7220643845,0.0,84967.7220643845,0.28572432224194905,0.0,0.28572432224194905
D,2025-02-20T00:00:00+0000,300376.12994592637,6000.0,8.25,84967.7220643845,0.0,84967.7220643845,0.28287108592710203,0.0,0.28287108592710203
D,2025-02-21T00:00:00+0000,295496.79795679264,6000.0,2.5,84967.7220643845,0.0,84967.7220643845,0.28754193836241987,0.0,0.28754193836241987
D,2025-02-22T00:00:00+0000,298380.7133612642,6000.0,3.5,84967.7220643845,0.0,84967.7220643845,0.28476278210887546,0.0,0.28476278210887546
D,2025-02-23T00:00:00+0000,299267.3437912035,6000.0,5.25,84967.7220643845,0.0,84967.7220643845,0.2839191239110466,0.0,0.2839191239110466
D,2025-02-24T00:00:00+0000,285192.8331509126,6000.0,2.0,84967.7220643845,0.0,84967.7220643845,0.2979307759091653,0.0,0.2979307759091653
D,2025-02-25T00:00:00+0000,280527.2645546024,6000.0,7.25,84967.7220643845,0.0,84967.7220643845,0.3028857897263181,0.0,0.3028857897263181
D,2025-02-26T00:00:00+0000,270264.9562101108,6000.0,3.25,84967.7220643845,0.0,84967.7220643845,0.3143867531176645,0.0,0.3143867531176645
D,2025-02-27T00:00:00+0000,270283.5935128601,6000.0,3.25,115594.2876273428,0.0,115594.2876273428,0.4276777814182895,0.0,0.4276777814182895
D,2025-02-28T00:00:00+0000,268562.74243344757,6000.0,3.25,115594.2876273428,0.0,115594.2876273428,0.4304181830284526,0.0,0.4304181830284526
D,2025-03-01T00:00:00+0000,270360.77944313956,6000.0,3.25,115594.2876273428,0.0,115594.2876273428,0.42755568268974387,0.0,0.42755568268974387
D,2025-03-02T00:00:00+0000,286191.5183074059,6000.0,3.25,115594.2876273428,0.0,115594.2876273428,0.4039053578910746,0.0,0.4039053578910746
D,2025-03-03T00:00:00+0000,269328.46642640873,6000.0,3.25,115594.2876273428,0.0,115594.2876273428,0.42919446711707976,0.0,0.42919446711707976
D,2025-03-04T00:00:00+0000,271087.1830120251,6000.0,3.25,115594.2876273428,0.0,115594.2876273428,0.4264100070795866,0.0,0.4264100070795866
D,2025-03-05T00:00:00+0000,276561.5984600109,6000.0,3.25,115594.2876273428,0.0,115594.2876273428,0.4179694081572103,0.0,0.4179694081572103
D,2025-03-06T00:00:00+0000,275004.23941194743,6000.0,3.25,115594.2876273428,0.0,115594.2876273428,0.4203363841754683,0.0,0.4203363841754683
D,2025-03-07T00:00:00+0000,269970.64531891607,6000.0,3.25,115594.2876273428,0.0,115594.2876273428,0.4281735426856923,0.0,0.4281735426856923
D,2025-03-08T00:00:00+0000,270390.53771559737,6000.0,3.25,115594.2876273428,0.0,115594.2876273428,0.42750862735044143,0.0,0.42750862735044143
D,2025-03-09T00:00:00+0000,260144.43905657978,6000.0,3.25,115594.2876273428,0.0,115594.2876273428,0.4443465639571168,0.0,0.4443465639571168
D,2025-03-10T00:00:00+0000,254618.80806940788,6000.0,3.25,115594.2876273428,0.0,115594.2876273428,0.45398958742997625,0.0,0.45398958742997625
D,2025-03-11T00:00:00+0000,261153.5250624995,6000.0,3.25,115594.2876273428,0.0,115594.2876273428,0.44262962791591137,0.0,0.44262962791591137
D,2025-03-12T00:00:00+0000,261825.52973200326,6000.0,3.25,115594.2876273428,0.0,115594.2876273428,0.4414935691934306,0.0,0.4414935691934306
D,2025-03-13T00:00:00+0000,257813.07957580645,6000.0,3.25,115594.2876273428,0.0,115594.2876273428,0.44836471375903897,0.0,0.44836471375903897
D,2025-03-14T00:00:00+0000,262294.0766904595,6000.0,3.25,115594.2876273428,0.0,115594.2876273428,0.4407049106326515,0.0,0.4407049106326515
D,2025-03-15T00:00:00+0000,263221.49949311424,6000.0,3.25,115594.2876273428,0.0,115594.2876273428,0.43915215075494507,0.0,0.43915215075494507
D,2025-03-16T00:00:00+0000,260093.89636894982,6000.0,3.25,115594.2876273428,0.0,115594.2876273428,0.44443291150273423,0.0,0.44443291150273423
D,2025-03-17T00:00:00+0000,262633.20877722854,6000.0,3.25,115594.2876273428,0.0,115594.2876273428,0.4401358387445683,0.0,0.4401358387445683
D,2025-03-18T00:00:00+0000,261113.606620966,6000.0,3.25,115594.2876273428,0.0,115594.2876273428,0.4426972961050633,0.0,0.4426972961050633
D,2025-03-19T00:00:00+0000,268609.70062604867,6000.0,3.25,115594.2876273428,0.0,115594.2876273428,0.43034293757048675,0.0,0.43034293757048675
D,2025-03-20T00:00:00+0000,263994.8173137503,6000.0,3.25,115594.2876273428,0.0,115594.2876273428,0.43786574601562084,0.0,0.43786574601562084
D,2025-03-21T00:00:00+0000,263505.5332762215,6000.0,3.25,115594.2876273428,0.0,115594.2876273428,0.43867878670377025,0.0,0.43867878670377025
D,2025-03-22T00:00:00+0000,263480.54818548996,6000.0,3.25,115594.2876273428,0.0,115594.2876273428,0.438720385331689,0.0,0.438720385331689
D,2025-03-23T00:00:00+0000,266776.94774409174,6000.0,3.25,115594.2876273428,0.0,115594.2876273428,0.43329938589082173,0.0,0.43329938589082173
D,2025-03-24T00:00:00+0000,269954.55529698846,6000.0,3.25,115594.2876273428,0.0,115594.2876273428,0.42819906298737065,0.0,0.42819906298737065
D,2025-03-25T00:00:00+0000,269556.8490424809,6000.0,3.25,115594.2876273428,0.0,115594.2876273428,0.428830831188139,0.0,0.428830831188139
D,2025-03-26T00:00:00+0000,267916.5491087382,6000.0,3.25,115594.2876273428,0.0,115594.2876273428,0.43145631731926726,0.0,0.43145631731926726
D,2025-03-27T00:00:00+0000,268226.22948619147,6000.0,3.25,115594.2876273428,0.0,115594.2876273428,0.4309581797752322,0.0,0.4309581797752322
D,2025-03-28T00:00:00+0000,262738.7902859227,6000.0,3.25,115594.2876273428,0.0,115594.2876273428,0.4399589702820377,0.0,0.4399589702820377
D,2025-03-29T00:00:00+0000,259247.94538432034,6000.0,3.25,115594.2876273428,0.0,115594.2876273428,0.4458831388460219,0.0,0.4458831388460219
D,2025-03-30T00:00:00+0000,258559.28287332307,6000.0,3.25,115594.2876273428,0.0,115594.2876273428,0.4470707311018353,0.0,0.4470707311018353
D,2025-03-31T00:00:00+0000,259043.74192767823,6000.0,3.25,115594.2876273428,0.0,115594.2876273428,0.4462346272762508,0.0,0.4462346272762508
D,2025-04-01T00:00:00+0000,263860.0373586859,6000.0,3.25,115594.2876273428,0.0,115594.2876273428,0.4380894082502016,0.0,0.4380894082502016
D,2025-04-02T00:00:00+0000,258521.5195186658,6000.0,3.25,115594.2876273428,0.0,115594.2876273428,0.4471360366539879,0.0,0.4471360366539879
D,2025-04-03T00:00:00+0000,259816.48017795122,6000.0,3.25,115594.2876273428,0.0,115594.2876273428,0.444907449859112,0.0,0.444907449859112
D,2025-04-04T00:00:00+0000,260672.7727887609,6000.0,3.25,115594.2876273428,0.0,115594.2876273428,0.4434459586656406,0.0,0.4434459586656406
D,2025-04-05T00:00:00+0000,260041.54086224735,6000.0,3.25,115594.2876273428,0.0,115594.2876273428,0.44452239147658695,0.0,0.44452239147658695
D,2025-04-06T00:00:00+0000,249461.91214114934,6000.0,3.25,115594.2876273428,0.0,115594.2876273428,0.4633744952693932,0.0,0.4633744952693932
D,2025-04-07T00:00:00+0000,249832.4285677117,6000.0,3.25,181019.13404484367,0.0,181019.13404484367,0.7245621998818393,0.0,0.7245621998818393
D,2025-04-08T00:00:00+0000,247518.6233874911,6000.0,3.25,181019.13404484367,0.0,181019.13404484367,0.7313354105135665,0.0,0.7313354105135665
D,2025-04-09T00:00:00+0000,252743.09820252925,6000.0,3.25,181019.13404484367,0.0,181019.13404484367,0.7162179119122319,0.0,0.7162179119122319
D,2025-04-10T00:00:00+0000,250103.14454152435,6000.0,3.25,181019.13404484367,0.0,181019.13404484367,0.7237779212119793,0.0,0.7237779212119793
D,2025-04-11T00:00:00+0000,253054.2626881171,6000.0,3.25,181019.13404484367,0.0,181019.13404484367,0.715337224996463,0.0,0.715337224996463
D,2025-04-12T00:00:00+0000,254661.2528874815,6000.0,3.25,181019.13404484367,0.0,181019.13404484367,0.7108232288671902,0.0,0.7108232288671902
D,2025-04-13T00:00:00+0000,253418.21778636522,6000.0,3.25,181019.13404484367,0.0,181019.13404484367,0.7143098693774459,0.0,0.7143098693774459
D,2025-04-14T00:00:00+0000,254120.03484712692,6000.0,3.25,181019.13404484367,0.0,181019.13404484367,0.7123371211315189,0.0,0.7123371211315189
D,2025-04-15T00:00:00+0000,253329.16498352605,6000.0,3.25,181019.13404484367,0.0,181019.13404484367,0.7145609707299801,0.0,0.7145609707299801
D,2025-04-16T00:00:00+0000,253589.67199684156,6000.0,3.25,181019.13404484367,0.0,181019.13404484367,0.7138269181841848,0.0,0.7138269181841848
D,2025-04-17T00:00:00+0000,254295.7814270559,6000.0,3.25,181019.13404484367,0.0,181019.13404484367,0.7118448172006682,0.0,0.7118448172006682
D,2025-04-18T00:00:00+0000,253975.18902713567,6000.0,3.25,181019.13404484367,0.0,181019.13404484367,0.7127433775647388,0.0,0.7127433775647388
D,2025-04-19T00:00:00+0000,254505.48550985806,6000.0,3.25,181019.13404484367,0.0,181019.13404484367,0.7112582806700724,0.0,0.7112582806700724
D,2025-04-20T00:00:00+0000,254513.05439394218,6000.0,3.25,181019.13404484367,0.0,181019.13404484367,0.7112371287826257,0.0,0.7112371287826257
D,2025-04-21T00:00:00+0000,256218.41188129783,6000.0,3.25,181019.13404484367,0.0,181019.13404484367,0.7065032240099401,0.0,0.7065032240099401
D,2025-04-22T00:00:00+0000,261132.33015813728,6000.0,3.25,181019.13404484367,0.0,181019.13404484367,0.6932084354902419,0.0,0.6932084354902419
D,2025-04-23T00:00:00+0000,261446.6244228201,6000.0,3.25,181019.13404484367,0.0,181019.13404484367,0.6923751050313565,0.0,0.6923751050313565
D,2025-04-24T00:00:00+0000,261592.58762520034,6000.0,3.25,181019.13404484367,0.0,181019.13404484367,0.6919887741781156,0.0,0.6919887741781156
D,2025-04-25T00:00:00+0000,262134.7791968776,6000.0,3.25,181019.13404484367,0.0,181019.13404484367,0.6905574857309887,0.0,0.6905574857309887
D,2025-04-26T00:00:00+0000,262251.9340310919,6000.0,3.25,181019.13404484367,0.0,181019.13404484367,0.6902489955455676,0.0,0.6902489955455676
D,2025-04-27T00:00:00+0000,261525.73717013505,6000.0,3.25,181019.13404484367,0.0,181019.13404484367,0.6921656583538546,0.0,0.6921656583538546
D,2025-04-28T00:00:00+0000,262492.2264073539,6000.0,3.25,181019.13404484367,0.0,181019.13404484367,0.6896171232283483,0.0,0.6896171232283483
D,2025-04-29T00:00:00+0000,261943.19602797338,6000.0,3.25,181019.13404484367,0.0,181019.13404484367,0.6910625539802618,0.0,0.6910625539802618
D,2025-04-30T00:00:00+0000,261879.70278742045,6000.0,3.25,181019.13404484367,0.0,181019.13404484367,0.6912301034333502,0.0,0.6912301034333502
D,2025-05-01T00:00:00+0000,263735.3525809446,6000.0,3.25,181019.13404484367,0.0,181019.13404484367,0.6863665878441003,0.0,0.6863665878441003
D,2025-05-02T00:00:00+0000,264207.677375969,6000.0,3.25,99440.78552220928,0.0,99440.78552220928,0.37637356533248834,0.0,0.37637356533248834
D,2025-05-03T00:00:00+0000,262746.5811206603,6000.0,3.25,99440.78552220928,0.0,99440.78552220928,0.37846652503745953,0.0,0.37846652503745953
D,2025-05-04T00:00:00+0000,260277.14343921564,6000.0,3.25,99440.78552220928,0.0,99440.78552220928,0.3820573109426045,0.0,0.3820573109426045
D,2025-05-05T00:00:00+0000,261089.3187066027,6000.0,3.25,99440.78552220928,0.0,99440.78552220928,0.38086883835318885,0.0,0.38086883835318885
D,2025-05-06T00:00:00+0000,263690.293758085,6000.0,3.25,99440.78552220928,0.0,99440.78552220928,0.3771120434695952,0.0,0.3771120434695952
D,2025-05-07T00:00:00+0000,263804.89586681814,6000.0,3.25,79552.62841776742,0.0,79552.62841776742,0.3015585747806953,0.0,0.3015585747806953
D,2025-05-08T00:00:00+0000,284355.2062921929,6000.0,3.25,59664.47131332557,0.0,59664.47131332557,0.20982373451610575,0.0,0.20982373451610575
D,2025-05-09T00:00:00+0000,288185.2970582036,6000.0,3.25,39776.31420888372,0.0,39776.31420888372,0.1380233988857879,0.0,0.1380233988857879
D,2025-05-10T00:00:00+0000,299638.0781281869,6000.0,3.25,19888.15710444186,0.0,19888.15710444186,0.06637393093922325,0.0,0.06637393093922325
D,2025-05-11T00:00:00+0000,296058.83254920074,6000.0,3.25,19888.15710444186,0.0,19888.15710444186,0.06717636806575171,0.0,0.06717636806575171
D,2025-05-12T00:00:00+0000,293075.90081233135,6000.0,3.25,19888.15710444186,0.0,19888.15710444186,0.06786009033604258,0.0,0.06786009033604258
D,2025-05-13T00:00:00+0000,301771.5399660788,6000.0,3.25,19888.15710444186,0.0,19888.15710444186,0.06590468109311244,0.0,0.06590468109311244
D,2025-05-14T00:00:00+0000,298314.1091909846,6000.0,3.25,19888.15710444186,0.0,19888.15710444186,0.06666850977440426,0.0,0.06666850977440426
D,2025-05-15T00:00:00+0000,296663.6574642137,6000.0,3.25,19888.15710444186,0.0,19888.15710444186,0.06703941181889106,0.0,0.06703941181889106
D,2025-05-16T00:00:00+0000,295747.4857607723,6000.0,3.25,19888.15710444186,0.0,19888.15710444186,0.06724708767441298,0.0,0.06724708767441298
D,2025-05-17T00:00:00+0000,293018.65043771826,6000.0,3.25,19888.15710444186,0.0,19888.15710444186,0.06787334893097233,0.0,0.06787334893097233
D,2025-05-18T00:00:00+0000,299671.0510972895,6000.0,3.25,19888.15710444186,0.0,19888.15710444186,0.06636662777942166,0.0,0.06636662777942166
D,2025-05-19T00:00:00+0000,299185.4619206705,6000.0,3.25,19888.15710444186,0.0,19888.15710444186,0.0664743432945122,0.0,0.0664743432945122
D,2025-05-20T00:00:00+0000,301306.1824542618,6000.0,3.25,19888.15710444186,0.0,19888.15710444186,0.06600646871048149,0.0,0.06600646871048149
D,2025-05-21T00:00:00+0000,307162.1641539348,6000.0,3.25,19888.15710444186,0.0,19888.15710444186,0.06474806934383649,0.0,0.06474806934383649
D,2025-05-22T00:00:00+0000,314727.7188246454,6000.0,3.25,19888.15710444186,0.0,19888.15710444186,0.06319162855662804,0.0,0.06319162855662804
D,2025-05-23T00:00:00+0000,302244.88199073187,6000.0,3.25,19888.15710444186,0.0,19888.15710444186,0.06580146857557613,0.0,0.06580146857557613
D,2025-05-24T00:00:00+0000,303172.383858612,6000.0,3.25,19888.15710444186,0.0,19888.15710444186,0.0656001607115935,0.0,0.0656001607115935
D,2025-05-25T00:00:00+0000,306091.6985226974,6000.0,3.25,19888.15710444186,0.0,19888.15710444186,0.06497450666068001,0.0,0.06497450666068001
D,2025-05-26T00:00:00+0000,307293.79937460436,6000.0,3.25,19888.15710444186,0.0,19888.15710444186,0.06472033326060492,0.0,0.06472033326060492
D,2025-05-27T00:00:00+0000,309798.10755552247,6000.0,3.25,19888.15710444186,0.0,19888.15710444186,0.0641971549192807,0.0,0.0641971549192807
D,2025-05-28T00:00:00+0000,308496.37858967355,6000.0,3.25,19888.15710444186,0.0,19888.15710444186,0.06446804074447435,0.0,0.06446804074447435
D,2025-05-29T00:00:00+0000,302910.5537653552,6000.0,3.25,19888.15710444186,0.0,19888.15710444186,0.06565686423672086,0.0,0.06565686423672086
D,2025-05-30T00:00:00+0000,296630.4236601665,6000.0,3.25,19888.15710444186,0.0,19888.15710444186,0.06704692276348109,0.0,0.06704692276348109
D,2025-05-31T00:00:00+0000,297595.5993625731,6000.0,3.25,19888.15710444186,0.0,19888.15710444186,0.06682947310726624,0.0,0.06682947310726624
D,2025-06-01T00:00:00+0000,299843.6577170112,6000.0,3.25,19888.15710444186,0.0,19888.15710444186,0.06632842347198172,0.0,0.06632842347198172
D,2025-06-02T00:00:00+0000,302600.15350095055,6000.0,3.25,19888.15710444186,0.0,19888.15710444186,0.06572421353507141,0.0,0.06572421353507141
D,2025-06-03T00:00:00+0000,301278.14516232396,6000.0,3.25,19888.15710444186,0.0,19888.15710444186,0.06601261134864739,0.0,0.06601261134864739
D,2025-06-04T00:00:00+0000,300590.3377861132,6000.0,3.25,19888.15710444186,0.0,19888.15710444186,0.06616366065163876,0.0,0.06616366065163876
D,2025-06-05T00:00:00+0000,288271.33271511865,6000.0,3.25,19888.15710444186,0.0,19888.15710444186,0.06899110264320364,0.0,0.06899110264320364
D,2025-06-06T00:00:00+0000,294838.1810625429,6000.0,3.25,19888.15710444186,17343.74060224822,37231.897706690084,0.06745448310923835,0.05882460860308034,0.12627909171231871
D,2025-06-07T00:00:00+0000,298492.11815681943,6000.0,3.25,19888.15710444186,17343.74060224822,37231.897706690084,0.06662875129584889,0.058104517832314434,0.12473326912816332
D,2025-06-08T00:00:00+0000,298330.72873336606,6000.0,3.25,19888.15710444186,17343.74060224822,37231.897706690084,0.06666479577508409,0.058135950915566725,0.12480074669065083
D,2025-06-09T00:00:00+0000,311281.09222724504,6000.0,3.25,19888.15710444186,17343.74060224822,37231.897706690084,0.06389131110450767,0.055717295509830525,0.11960860661433821
D,2025-06-10T00:00:00+0000,315676.6790323724,6000.0,3.25,19888.15710444186,17343.74060224822,37231.897706690084,0.06300166729263629,0.05494146940284313,0.11794313669547943
D,2025-06-11T00:00:00+0000,311561.36972001527,6000.0,3.25,19888.15710444186,17343.74060224822,37231.897706690084,0.06383383511991349,0.055667172787929965,0.11950100790784346
D,2025-06-12T00:00:00+0000,302528.06476140674,6000.0,3.25,19888.15710444186,17343.74060224822,37231.897706690084,0.06573987481170367,0.05732936088401128,0.12306923569571496
D,2025-06-13T00:00:00+0000,301159.4962468188,6000.0,3.25,19888.15710444186,17343.74060224822,37231.897706690084,0.06603861858017682,0.05758988449108692,0.12362850307126376
D,2025-06-14T00:00:00+0000,298542.1821507776,6000.0,3.25,19888.15710444186,17343.74060224822,37231.897706690084,0.06661757799571995,0.05809477400245179,0.12471235199817175
D,2025-06-15T00:00:00+0000,299390.6644132806,6000.0,3.25,19888.15710444186,17343.74060224822,37231.897706690084,0.06642878175048282,0.05793013164333949,0.12435891339382231
D,2025-06-16T00:00:00+0000,301275.97314096376,6000.0,3.25,19888.15710444186,17343.74060224822,37231.897706690084,0.06601308726048462,0.05756761955303111,0.12358070681351574
D,2025-06-17T00:00:00+0000,296483.56113685534,6000.0,3.25,19888.15710444186,17343.74060224822,37231.897706690084,0.06708013431902077,0.058498152598222594,0.12557828691724338
D,2025-06-18T00:00:00+0000,297532.7267037911,6000.0,3.25,19888.15710444186,17343.74060224822,37231.897706690084,0.06684359507195162,0.05829187529852738,0.125135470370479
D,2025-06-19T00:00:00+0000,297043.25806837773,6000.0,3.25,19888.15710444186,17343.74060224822,37231.897706690084,0.06695374011775657,0.0583879287987603,0.12534166891651688
D,2025-06-20T00:00:00+0000,291129.8268261317,6000.0,3.25,19888.15710444186,17343.74060224822,37231.897706690084,0.06831370499292552,0.05957390484969523,0.12788760984262076
D,2025-06-21T00:00:00+0000,285641.6040327692,6000.0,3.25,19888.15710444186,17343.74060224822,37231.897706690084,0.06962626180379614,0.06071853804692443,0.1303447998507206
D,2025-06-22T00:00:00+0000,282269.7338190713,6000.0,3.25,79668.62108964099,0.0,79668.62108964099,0.28224287461406267,0.0,0.28224287461406267
D,2025-06-23T00:00:00+0000,292993.27361055353,6000.0,3.25,79668.62108964099,0.0,79668.62108964099,0.2719127989113377,0.0,0.2719127989113377
D,2025-06-24T00:00:00+0000,294973.7152077824,6000.0,3.25,79668.62108964099,0.0,79668.62108964099,0.27008718737370085,0.0,0.27008718737370085
D,2025-06-25T00:00:00+0000,295983.00981645205,6000.0,3.25,79668.62108964099,0.0,79668.62108964099,0.26916619686733334,0.0,0.26916619686733334
D,2025-06-26T00:00:00+0000,295383.18727573636,6000.0,3.25,79668.62108964099,0.0,79668.62108964099,0.2697127816393672,0.0,0.2697127816393672
D,2025-06-27T00:00:00+0000,295716.49784194626,6000.0,3.25,79668.62108964099,0.0,79668.62108964099,0.26940878060926465,0.0,0.26940878060926465
D,2025-06-28T00:00:00+0000,296388.87574689835,6000.0,3.25,79668.62108964099,0.0,79668.62108964099,0.26879760884708137,0.0,0.26879760884708137
D,2025-06-29T00:00:00+0000,299500.405647787,6000.0,3.25,79668.62108964099,0.0,79668.62108964099,0.26600505237155314,0.0,0.26600505237155314
D,2025-06-30T00:00:00+0000,297458.85777642444,6000.0,3.25,79668.62108964099,0.0,79668.62108964099,0.26783072349965587,0.0,0.26783072349965587
D,2025-07-01T00:00:00+0000,293403.8181215571,6000.0,3.25,79668.62108964099,0.0,79668.62108964099,0.2715323256517211,0.0,0.2715323256517211
D,2025-07-02T00:00:00+0000,301994.54452332435,6000.0,3.25,79668.62108964099,0.0,79668.62108964099,0.2638081466517612,0.0,0.2638081466517612
D,2025-07-03T00:00:00+0000,303555.3685546529,6000.0,3.25,79668.62108964099,0.0,79668.62108964099,0.2624516952837131,0.0,0.2624516952837131
D,2025-07-04T00:00:00+0000,299241.7420682181,6000.0,3.25,79668.62108964099,0.0,79668.62108964099,0.2662349862656492,0.0,0.2662349862656492
D,2025-07-05T00:00:00+0000,299762.5075502021,6000.0,3.25,79668.62108964099,0.0,79668.62108964099,0.2657724668129108,0.0,0.2657724668129108
D,2025-07-06T00:00:00+0000,302534.80134729977,6000.0,3.25,79668.62108964099,0.0,79668.62108964099,0.26333704663016305,0.0,0.26333704663016305
D,2025-07-07T00:00:00+0000,300529.1168032942,6000.0,3.25,79668.62108964099,0.0,79668.62108964099,0.2650945170872964,0.0,0.2650945170872964
D,2025-07-08T00:00:00+0000,303300.4071817924,6000.0,3.25,79668.62108964099,0.0,79668.62108964099,0.2626723182797745,0.0,0.2626723182797745
D,2025-07-09T00:00:00+0000,310402.44760737655,6000.0,3.25,79668.62108964099,0.0,79668.62108964099,0.2566623481990472,0.0,0.2566623481990472
D,2025-07-10T00:00:00+0000,321670.64928677,6000.0,3.25,79668.62108964099,0.0,79668.62108964099,0.24767140323895778,0.0,0.24767140323895778
D,2025-07-11T00:00:00+0000,323970.6431861833,6000.0,3.25,79668.62108964099,0.0,79668.62108964099,0.245913087390008,0.0,0.245913087390008
D,2025-07-12T00:00:00+0000,323455.6953268903,6000.0,3.25,79668.62108964099,0.0,79668.62108964099,0.24630458588502024,0.0,0.24630458588502024
D,2025-07-13T00:00:00+0000,326513.9379418352,6000.0,3.25,79668.62108964099,0.0,79668.62108964099,0.24399761183803756,0.0,0.24399761183803756
D,2025-07-14T00:00:00+0000,328626.4123701384,6000.0,3.25,79668.62108964099,0.0,79668.62108964099,0.24242914778228067,0.0,0.24242914778228067
D,2025-07-15T00:00:00+0000,328876.1766033414,6000.0,3.25,79668.62108964099,0.0,79668.62108964099,0.24224503554031998,0.0,0.24224503554031998
D,2025-07-16T00:00:00+0000,335999.0206443344,6000.0,3.25,79668.62108964099,0.0,79668.62108964099,0.2371096824534282,0.0,0.2371096824534282
D,2025-07-17T00:00:00+0000,339438.03156220063,6000.0,0.0,79668.62108964099,0.0,79668.62108964099,0.2347074095468352,0.0,0.2347074095468352
D,2025-07-18T00:00:00+0000,339474.9321337765,6000.0,7.0,79668.62108964099,0.0,79668.62108964099,0.2346818970958541,0.0,0.2346818970958541
D,2025-07-19T00:00:00+0000,340507.69432428497,6000.0,3.75,79668.62108964099,0.0,79668.62108964099,0.23397010527981785,0.0,0.23397010527981785
D,2025-07-20T00:00:00+0000,343878.9633529637,6000.0,5.5,79668.62108964099,0.0,79668.62108964099,0.23167634423704964,0.0,0.23167634423704964
D,2025-07-21T00:00:00+0000,344193.8472648568,6000.0,2.25,79668.62108964099,0.0,79668.62108964099,0.23146439636480798,0.0,0.23146439636480798
D,2025-07-22T00:00:00+0000,347383.6318400219,6000.0,4.0,79668.62108964099,0.0,79668.62108964099,0.22933901827110328,0.0,0.22933901827110328
D,2025-07-23T00:00:00+0000,342747.3790070197,6000.0,0.75,79668.62108964099,0.0,79668.62108964099,0.23244122630623917,0.0,0.23244122630623917
D,2025-07-24T00:00:00+0000,344168.3952607614,6000.0,2.5,79668.62108964099,0.0,79668.62108964099,0.2314815136621698,0.0,0.2314815136621698
D,2025-07-25T00:00:00+0000,343623.63717840135,6000.0,4.5,79668.62108964099,0.0,79668.62108964099,0.2318484890731743,0.0,0.2318484890731743
D,2025-07-26T00:00:00+0000,344469.25732395105,6000.0,6.25,79668.62108964099,0.0,79668.62108964099,0.23127933595164868,0.0,0.23127933595164868
D,2025-07-27T00:00:00+0000,349874.8886968236,6000.0,3.0,79668.62108964099,0.0,79668.62108964099,0.22770602767858564,0.0,0.22770602767858564
D,2025-07-28T00:00:00+0000,346154.46213205345,6000.0,4.5,79668.62108964099,0.0,79668.62108964099,0.23015338470271818,0.0,0.23015338470271818
D,2025-07-29T00:00:00+0000,345879.38663927896,6000.0,5.0,79668.62108964099,0.0,79668.62108964099,0.23033642410360866,0.0,0.23033642410360866
D,2025-07-30T00:00:00+0000,346147.0913564401,6000.0,6.75,79668.62108964099,0.0,79668.62108964099,0.2301582855353343,0.0,0.2301582855353343
D,2025-07-31T00:00:00+0000,340445.35384744225,6000.0,3.25,79668.62108964099,0.0,79668.62108964099,0.23401294859597785,0.0,0.23401294859597785
D,2025-08-01T00:00:00+0000,331708.6798288848,6000.0,0.0,79668.62108964099,0.0,79668.62108964099,0.24017647391903896,0.0,0.24017647391903896
D,2025-08-02T00:00:00+0000,328290.8991873707,6000.0,7.0,79668.62108964099,0.0,79668.62108964099,0.24267691028550395,0.0,0.24267691028550395
D,2025-08-03T00:00:00+0000,333217.9547923085,6000.0,3.75,79668.62108964099,0.0,79668.62108964099,0.23908862035750042,0.0,0.23908862035750042
D,2025-08-04T00:00:00+0000,340077.7751415811,6000.0,5.5,79668.62108964099,0.0,79668.62108964099,0.23426588537423057,0.0,0.23426588537423057
D,2025-08-05T00:00:00+0000,336045.21282005374,6000.0,2.25,79668.62108964099,0.0,79668.62108964099,0.23707708977929148,0.0,0.23707708977929148
D,2025-08-06T00:00:00+0000,339062.1150364989,6000.0,4.0,79668.62108964099,0.0,79668.62108964099,0.23496762851569228,0.0,0.23496762851569228
D,2025-08-07T00:00:00+0000,348269.2075642077,6000.0,5.75,79668.62108964099,0.0,79668.62108964099,0.22875585713374644,0.0,0.22875585713374644
D,2025-08-08T00:00:00+0000,349677.5529771161,6000.0,5.75,79668.62108964099,0.0,79668.62108964099,0.22783453044483737,0.0,0.22783453044483737
D,2025-08-09T00:00:00+0000,355741.86935893446,6000.0,5.75,79668.62108964099,0.0,79668.62108964099,0.22395064498089032,0.0,0.22395064498089032
D,2025-08-10T00:00:00+0000,359447.4754045862,6000.0,5.75,79668.62108964099,0.0,79668.62108964099,0.22164189913969418,0.0,0.22164189913969418
D,2025-08-11T00:00:00+0000,357920.13076755457,6000.0,5.75,79668.62108964099,0.0,79668.62108964099,0.22258770670091335,0.0,0.22258770670091335
D,2025-08-12T00:00:00+0000,369236.87711100903,6000.0,5.75,79668.62108964099,0.0,79668.62108964099,0.21576561288511023,0.0,0.21576561288511023
D,2025-08-13T00:00:00+0000,377686.66709305416,6000.0,5.75,79668.62108964099,0.0,79668.62108964099,0.2109383995543912,0.0,0.2109383995543912
D,2025-08-14T00:00:00+0000,365591.9281764096,6000.0,5.75,79668.62108964099,0.0,79668.62108964099,0.21791679451740623,0.0,0.21791679451740623
D,2025-08-15T00:00:00+0000,361560.3480673362,6000.0,5.75,79668.62108964099,0.0,79668.62108964099,0.2203466766073687,0.0,0.2203466766073687
D,2025-08-16T00:00:00+0000,361184.2491251104,6000.0,5.75,79668.62108964099,0.0,79668.62108964099,0.22057612224957412,0.0,0.22057612224957412
D,2025-08-17T00:00:00+0000,362502.77997547534,6000.0,5.75,79668.62108964099,0.0,79668.62108964099,0.21977382103119558,0.0,0.21977382103119558
D,2025-08-18T00:00:00+0000,356843.4558080525,6000.0,5.75,79668.62108964099,0.0,79668.62108964099,0.22325930262399166,0.0,0.22325930262399166
D,2025-08-19T00:00:00+0000,346174.72633942304,6000.0,5.75,79668.62108964099,0.0,79668.62108964099,0.2301399120960847,0.0,0.2301399120960847
D,2025-08-20T00:00:00+0000,354724.9798670114,6000.0,5.75,79668.62108964099,0.0,79668.62108964099,0.22459264391109204,0.0,0.22459264391109204
D,2025-08-21T00:00:00+0000,349832.11665375263,6000.0,5.75,100400.9993082085,0.0,100400.9993082085,0.28699766124555304,0.0,0.28699766124555304
D,2025-08-22T00:00:00+0000,369780.1836456357,6000.0,5.75,100400.9993082085,0.0,100400.9993082085,0.27151535898533663,0.0,0.27151535898533663
D,2025-08-23T00:00:00+0000,366611.64677946095,6000.0,5.75,100400.9993082085,0.0,100400.9993082085,0.2738620013580904,0.0,0.2738620013580904
D,2025-08-24T00:00:00+0000,364171.95019907237,6000.0,5.75,100400.9993082085,0.0,100400.9993082085,0.2756966846384652,0.0,0.2756966846384652
D,2025-08-25T00:00:00+0000,350361.0010337768,6000.0,5.75,100400.9993082085,0.0,100400.9993082085,0.2865644264400571,0.0,0.2865644264400571
D,2025-08-26T00:00:00+0000,357761.5849705376,6000.0,5.75,100400.9993082085,0.0,100400.9993082085,0.2806366125543544,0.0,0.2806366125543544
D,2025-08-27T00:00:00+0000,354925.1076179547,6000.0,5.75,100400.9993082085,0.0,100400.9993082085,0.2828793938587214,0.0,0.2828793938587214
D,2025-08-28T00:00:00+0000,356716.1252914136,6000.0,5.75,100400.9993082085,0.0,100400.9993082085,0.2814590992380495,0.0,0.2814590992380495
D,2025-08-29T00:00:00+0000,347808.08793126314,6000.0,5.75,100400.9993082085,0.0,100400.9993082085,0.288667810761349,0.0,0.288667810761349
D,2025-08-30T00:00:00+0000,348700.5661564679,6000.0,5.75,100400.9993082085,0.0,100400.9993082085,0.28792898277990425,0.0,0.28792898277990425
D,2025-08-31T00:00:00+0000,348407.15090029396,6000.0,5.75,100400.9993082085,0.0,100400.9993082085,0.2881714656222453,0.0,0.2881714656222453
D,2025-09-01T00:00:00+0000,347874.460429191,6000.0,5.75,100400.9993082085,0.0,100400.9993082085,0.28861273456044606,0.0,0.28861273456044606
D,2025-09-02T00:00:00+0000,350737.45631043805,6000.0,5.75,100400.9993082085,0.0,100400.9993082085,0.28625684968001675,0.0,0.28625684968001675
D,2025-09-03T00:00:00+0000,354258.1777592205,6000.0,5.75,100400.9993082085,0.0,100400.9993082085,0.28341194533114855,0.0,0.28341194533114855
D,2025-09-04T00:00:00+0000,349428.23874562024,6000.0,5.75,100400.9993082085,0.0,100400.9993082085,0.2873293803289301,0.0,0.2873293803289301
D,2025-09-05T00:00:00+0000,349581.7321429921,6000.0,5.75,100400.9993082085,0.0,100400.9993082085,0.28720322052509517,0.0,0.28720322052509517
D,2025-09-06T00:00:00+0000,348182.1177069624,6000.0,5.75,100400.9993082085,0.0,100400.9993082085,0.2883577133984467,0.0,0.2883577133984467
D,2025-09-07T00:00:00+0000,350188.7633429755,6000.0,5.75,100400.9993082085,0.0,100400.9993082085,0.2867053709826651,0.0,0.2867053709826651
D,2025-09-08T00:00:00+0000,351395.9869695372,6000.0,5.75,100400.9993082085,0.0,100400.9993082085,0.2857203924668392,0.0,0.2857203924668392
D,2025-09-09T00:00:00+0000,350829.3508206629,6000.0,5.75,100400.9993082085,0.0,100400.9993082085,0.28618186897233555,0.0,0.28618186897233555
D,2025-09-10T00:00:00+0000,354861.2943113579,6000.0,5.75,100400.9993082085,0.0,100400.9993082085,0.2829302629441348,0.0,0.2829302629441348
D,2025-09-11T00:00:00+0000,359399.97205658094,6000.0,5.75,100400.9993082085,0.0,100400.9993082085,0.27935728189873704,0.0,0.27935728189873704
D,2025-09-12T00:00:00+0000,366063.7929224393,6000.0,5.75,100400.9993082085,0.0,100400.9993082085,0.2742718653125064,0.0,0.2742718653125064
D,2025-09-13T00:00:00+0000,364861.4477526406,6000.0,5.75,100400.9993082085,0.0,100400.9993082085,0.2751756863506056,0.0,0.2751756863506056
D,2025-09-14T00:00:00+0000,362581.3073013623,6000.0,5.75,100400.9993082085,0.0,100400.9993082085,0.27690616500745147,0.0,0.27690616500745147
D,2025-09-15T00:00:00+0000,360801.80001858925,6000.0,5.75,100400.9993082085,0.0,100400.9993082085,0.2782718913903302,0.0,0.2782718913903302
D,2025-09-16T00:00:00+0000,362135.21478401136,6000.0,5.75,100400.9993082085,0.0,100400.9993082085,0.27724726900169255,0.0,0.27724726900169255
D,2025-09-17T00:00:00+0000,363804.57032745937,6000.0,5.75,100400.9993082085,0.0,100400.9993082085,0.2759750907412677,0.0,0.2759750907412677
D,2025-09-18T00:00:00+0000,364553.1766983307,6000.0,5.75,100400.9993082085,0.0,100400.9993082085,0.2754083786006637,0.0,0.2754083786006637
D,2025-09-19T00:00:00+0000,359917.2439550675,6000.0,5.75,100400.9993082085,0.0,100400.9993082085,0.2789557905170631,0.0,0.2789557905170631
D,2025-09-20T00:00:00+0000,360275.46938570845,6000.0,5.75,100400.9993082085,0.0,100400.9993082085,0.2786784220402191,0.0,0.2786784220402191
D,2025-09-21T00:00:00+0000,358872.3621029488,6000.0,5.75,100400.9993082085,0.0,100400.9993082085,0.27976798971052197,0.0,0.27976798971052197
D,2025-09-22T00:00:00+0000,349792.44734540477,6000.0,5.75,100400.9993082085,0.0,100400.9993082085,0.2870302091144549,0.0,0.2870302091144549
D,2025-09-23T00:00:00+0000,348148.46965391154,6000.0,5.75,100400.9993082085,0.0,100400.9993082085,0.28838558276018106,0.0,0.28838558276018106
D,2025-09-24T00:00:00+0000,349572.95256028615,6000.0,5.75,100400.9993082085,0.0,100400.9993082085,0.2872104336816324,0.0,0.2872104336816324
D,2025-09-25T00:00:00+0000,337502.15380969376,6000.0,5.75,100400.9993082085,0.0,100400.9993082085,0.2974825439627306,0.0,0.2974825439627306
D,2025-09-26T00:00:00+0000,342056.23638538155,6000.0,5.75,100400.9993082085,0.0,100400.9993082085,0.29352190847089416,0.0,0.29352190847089416
D,2025-09-27T00:00:00+0000,341732.94667397614,6000.0,5.75,100400.9993082085,0.0,100400.9993082085,0.2937995890808684,0.0,0.2937995890808684
D,2025-09-28T00:00:00+0000,347902.4556683912,6000.0,5.75,100400.9993082085,0.0,100400.9993082085,0.2885895102847659,0.0,0.2885895102847659
D,2025-09-29T00:00:00+0000,352388.73232294025,6000.0,5.75,100400.9993082085,0.0,100400.9993082085,0.2849154643690418,0.0,0.2849154643690418
D,2025-09-30T00:00:00+0000,350420.43469052005,6000.0,5.75,100400.9993082085,0.0,100400.9993082085,0.286515823190732,0.0,0.286515823190732
D,2025-10-01T00:00:00+0000,361043.50580434967,6000.0,5.75,100400.9993082085,0.0,100400.9993082085,0.2780855982564496,0.0,0.2780855982564496
D,2025-10-02T00:00:00+0000,366744.855073025,6000.0,5.75,100400.9993082085,0.0,100400.9993082085,0.2737625297789576,0.0,0.2737625297789576
D,2025-10-03T00:00:00+0000,369616.6424319901,6000.0,5.75,100400.9993082085,0.0,100400.9993082085,0.2716354941368269,0.0,0.2716354941368269
D,2025-10-04T00:00:00+0000,369229.1372196361,6000.0,5.75,100400.9993082085,0.0,100400.9993082085,0.2719205750235386,0.0,0.2719205750235386
D,2025-10-05T00:00:00+0000,371283.06429198186,6000.0,5.75,100400.9993082085,0.0,100400.9993082085,0.27041631834101604,0.0,0.27041631834101604
D,2025-10-06T00:00:00+0000,376793.47155087756,6000.0,5.75,100400.9993082085,0.0,100400.9993082085,0.26646162125622597,0.0,0.26646162125622597
D,2025-10-07T00:00:00+0000,366976.88597361057,6000.0,5.75,100400.9993082085,0.0,100400.9993082085,0.2735894361353003,0.0,0.2735894361353003
D,2025-10-08T00:00:00+0000,371359.9906956516,6000.0,5.75,100400.9993082085,0.0,100400.9993082085,0.270360302196615,0.0,0.270360302196615
D,2025-10-09T00:00:00+0000,365555.0730676226,6000.0,5.75,100400.9993082085,0.0,100400.9993082085,0.27465355210550096,0.0,0.27465355210550096
D,2025-10-10T00:00:00+0000,341485.07583395997,6000.0,5.75,100400.9993082085,0.0,100400.9993082085,0.29401284686604107,0.0,0.29401284686604107
D,2025-10-11T00:00:00+0000,336807.9199722103,6000.0,5.75,100400.9993082085,0.0,100400.9993082085,0.29809571971019116,0.0,0.29809571971019116
D,2025-10-12T00:00:00+0000,351896.4312036956,6000.0,5.75,100400.9993082085,0.0,100400.9993082085,0.2853140594940881,0.0,0.2853140594940881
D,2025-10-13T00:00:00+0000,354255.03521419765,6000.0,5.75,100400.9993082085,0.0,100400.9993082085,0.2834144594373988,0.0,0.2834144594373988
D,2025-10-14T00:00:00+0000,348794.6773566083,6000.0,5.75,100400.9993082085,0.0,100400.9993082085,0.2878512942603144,0.0,0.2878512942603144
D,2025-10-15T00:00:00+0000,342616.7611982577,6000.0,5.75,100400.9993082085,0.0,100400.9993082085,0.2930417033803864,0.0,0.2930417033803864
D,2025-10-16T00:00:00+0000,337181.47877507133,6000.0,5.75,100400.9993082085,0.0,100400.9993082085,0.2977654634915,0.0,0.2977654634915
D,2025-10-17T00:00:00+0000,333445.60012211103,6000.0,5.75,100400.9993082085,0.0,100400.9993082085,0.3011015867998878,0.0,0.3011015867998878
D,2025-10-18T00:00:00+0000,335781.3655867299,6000.0,5.75,100400.9993082085,0.0,100400.9993082085,0.2990070611356652,0.0,0.2990070611356652
D,2025-10-19T00:00:00+0000,339863.60457051825,6000.0,5.75,100400.9993082085,0.0,100400.9993082085,0.29541556659202767,0.0,0.29541556659202767
D,2025-10-20T00:00:00+0000,342229.9723803215,6000.0,5.75,100400.9993082085,0.0,100400.9993082085,0.29337289954438145,0.0,0.29337289954438145
D,2025-10-21T00:00:00+0000,336870.179672544,6000.0,5.75,100400.9993082085,0.0,100400.9993082085,0.2980406262311603,0.0,0.2980406262311603
D,2025-10-22T00:00:00+0000,334355.70596707973,6000.0,5.75,100400.9993082085,0.0,100400.9993082085,0.3002819976342616,0.0,0.3002819976342616
D,2025-10-23T00:00:00+0000,338806.3716862877,6000.0,5.75,100400.9993082085,0.0,100400.9993082085,0.2963374000568478,0.0,0.2963374000568478
D,2025-10-24T00:00:00+0000,341846.1140880062,6000.0,5.75,100400.9993082085,0.0,100400.9993082085,0.2937023273646483,0.0,0.2937023273646483
D,2025-10-25T00:00:00+0000,343129.3600412883,6000.0,5.75,100400.9993082085,0.0,100400.9993082085,0.29260393017993963,0.0,0.29260393017993963
D,2025-10-26T00:00:00+0000,351701.41770468163,6000.0,5.75,100400.9993082085,0.0,100400.9993082085,0.28547226213490473,0.0,0.28547226213490473
D,2025-10-27T00:00:00+0000,350231.4215358469,6000.0,5.75,100400.9993082085,0.0,100400.9993082085,0.28667045026379007,0.0,0.28667045026379007
D,2025-10-28T00:00:00+0000,345374.59325811046,6000.0,5.75,100400.9993082085,0.0,100400.9993082085,0.2907017518604078,0.0,0.2907017518604078
D,2025-10-29T00:00:00+0000,339888.1671550992,6000.0,5.75,100400.9993082085,0.0,100400.9993082085,0.2953942178940083,0.0,0.2953942178940083
D,2025-10-30T00:00:00+0000,335411.5742904848,6000.0,5.75,100400.9993082085,0.0,100400.9993082085,0.2993367164522943,0.0,0.2993367164522943
D,2025-10-31T00:00:00+0000,338087.75046265684,6000.0,5.75,100400.9993082085,0.0,100400.9993082085,0.2969672789706653,0.0,0.2969672789706653
D,2025-11-01T00:00:00+0000,339337.0030052925,6000.0,5.75,100400.9993082085,0.0,100400.9993082085,0.29587400849014567,0.0,0.29587400849014567
D,2025-11-02T00:00:00+0000,340690.2219811777,6000.0,5.75,100400.9993082085,0.0,100400.9993082085,0.29469879917409375,0.0,0.29469879917409375
D,2025-11-03T00:00:00+0000,328488.8399917035,6000.0,5.75,100400.9993082085,0.0,100400.9993082085,0.30564508465719653,0.0,0.30564508465719653
D,2025-11-04T00:00:00+0000,314502.2734421552,6000.0,5.75,100400.9993082085,0.0,100400.9993082085,0.3192377537031532,0.0,0.3192377537031532
D,2025-11-05T00:00:00+0000,319697.54631138395,6000.0,0.75,135495.46242336408,0.0,135495.46242336408,0.42382390477089277,0.0,0.42382390477089277
D,2025-11-06T00:00:00+0000,314858.105915276,6000.0,1.5,135495.46242336408,0.0,135495.46242336408,0.43033817417368336,0.0,0.43033817417368336
D,2025-11-07T00:00:00+0000,319364.60969090136,6000.0,2.25,135495.46242336408,0.0,135495.46242336408,0.42426573988427846,0.0,0.42426573988427846
D,2025-11-08T00:00:00+0000,317602.22753006045,6000.0,2.25,135495.46242336408,0.0,135495.46242336408,0.42662000036048137,0.0,0.42662000036048137
D,2025-11-09T00:00:00+0000,323745.8594793689,6000.0,2.25,135495.46242336408,0.0,135495.46242336408,0.4185241554633649,0.0,0.4185241554633649
D,2025-11-10T00:00:00+0000,324837.0386922803,6000.0,2.25,135495.46242336408,0.0,135495.46242336408,0.4171182663431419,0.0,0.4171182663431419
D,2025-11-11T00:00:00+0000,318755.22217320686,6000.0,2.25,135495.46242336408,0.0,135495.46242336408,0.425076839524649,0.0,0.425076839524649
D,2025-11-12T00:00:00+0000,317203.2099459352,6000.0,2.25,135495.46242336408,0.0,135495.46242336408,0.42715665596971175,0.0,0.42715665596971175
D,2025-11-13T00:00:00+0000,311535.43932186975,6000.0,3.0,135495.46242336408,0.0,135495.46242336408,0.43492792575477723,0.0,0.43492792575477723
D,2025-11-14T00:00:00+0000,303750.18405232765,6000.0,8.5,135495.46242336408,0.0,135495.46242336408,0.44607532616349627,0.0,0.44607532616349627
D,2025-11-15T00:00:00+0000,305919.5558862898,6000.0,8.5,135495.46242336408,0.0,135495.46242336408,0.44291206565992697,0.0,0.44291206565992697
D,2025-11-16T00:00:00+0000,303083.3334545551,6000.0,8.5,135495.46242336408,0.0,135495.46242336408,0.44705679087986055,0.0,0.44705679087986055
D,2025-11-17T00:00:00+0000,299652.5143325556,6000.0,3.25,135495.46242336408,0.0,135495.46242336408,0.45217528951881464,0.0,0.45217528951881464
D,2025-11-18T00:00:00+0000,300766.7053079617,6000.0,4.0,218641.98666278852,0.0,218641.98666278852,0.7269487706058294,0.0,0.7269487706058294
D,2025-11-19T00:00:00+0000,299159.88841324503,6000.0,4.0,218641.98666278852,0.0,218641.98666278852,0.7308532832475423,0.0,0.7308532832475423
D,2025-11-20T00:00:00+0000,294904.972355586,6000.0,4.75,218641.98666278852,0.0,218641.98666278852,0.7413981016201983,0.0,0.7413981016201983
D,2025-11-21T00:00:00+0000,293519.49643089634,6000.0,5.5,218641.98666278852,0.0,218641.98666278852,0.7448976620681266,0.0,0.7448976620681266
D,2025-11-22T00:00:00+0000,293371.6894159634,6000.0,1.5,218641.98666278852,0.0,218641.98666278852,0.7452729576533277,0.0,0.7452729576533277
D,2025-11-23T00:00:00+0000,294745.91450019326,6000.0,8.25,218641.98666278852,0.0,218641.98666278852,0.7417981926349828,0.0,0.7417981926349828
D,2025-11-24T00:00:00+0000,296897.77151580085,6000.0,3.5,218641.98666278852,0.0,218641.98666278852,0.7364217843283893,0.0,0.7364217843283893
D,2025-11-25T00:00:00+0000,296489.2540964262,6000.0,3.5,218641.98666278852,0.0,218641.98666278852,0.7374364623403192,0.0,0.7374364623403192
D,2025-11-26T00:00:00+0000,298710.9211680452,6000.0,3.5,218641.98666278852,0.0,218641.98666278852,0.7319517673067854,0.0,0.7319517673067854
D,2025-11-27T00:00:00+0000,299053.5960907292,6000.0,3.5,218641.98666278852,0.0,218641.98666278852,0.7311130497038237,0.0,0.7311130497038237
D,2025-11-28T00:00:00+0000,298984.8843346289,6000.0,3.5,218641.98666278852,0.0,218641.98666278852,0.7312810717818121,0.0,0.7312810717818121
D,2025-11-29T00:00:00+0000,298566.15457520017,6000.0,3.5,218641.98666278852,0.0,218641.98666278852,0.7323066707740945,0.0,0.7323066707740945
D,2025-11-30T00:00:00+0000,298370.8593719592,6000.0,3.5,218641.98666278852,0.0,218641.98666278852,0.7327859936557076,0.0,0.7327859936557076
D,2025-12-01T00:00:00+0000,294532.59403640113,6000.0,4.25,218641.98666278852,0.0,218641.98666278852,0.7423354531545214,0.0,0.7423354531545214
D,2025-12-02T00:00:00+0000,298910.2142146056,6000.0,0.75,218641.98666278852,0.0,218641.98666278852,0.7314637515391571,0.0,0.7314637515391571
D,2025-12-03T00:00:00+0000,301790.4593745996,6000.0,0.75,218641.98666278852,0.0,218641.98666278852,0.7244827656774847,0.0,0.7244827656774847
D,2025-12-04T00:00:00+0000,300603.73140959913,6000.0,0.75,218641.98666278852,0.0,218641.98666278852,0.7273428897157285,0.0,0.7273428897157285
D,2025-12-05T00:00:00+0000,298183.4633833226,6000.0,0.75,218641.98666278852,0.0,218641.98666278852,0.7332465193809845,0.0,0.7332465193809845
D,2025-12-06T00:00:00+0000,298297.1195969904,6000.0,0.75,218641.98666278852,0.0,218641.98666278852,0.7329671401392722,0.0,0.7329671401392722
D,2025-12-07T00:00:00+0000,299103.21671831986,6000.0,0.75,218641.98666278852,0.0,218641.98666278852,0.7309917595058645,0.0,0.7309917595058645
D,2025-12-08T00:00:00+0000,299828.3572463638,6000.0,0.75,218641.98666278852,0.0,218641.98666278852,0.7292238421702526,0.0,0.7292238421702526
D,2025-12-09T00:00:00+0000,302669.7166604708,6000.0,0.75,218641.98666278852,0.0,218641.98666278852,0.7223781390328421,0.0,0.7223781390328421
D,2025-12-10T00:00:00+0000,302397.1883245711,6000.0,0.75,218641.98666278852,0.0,218641.98666278852,0.7230291652980388,0.0,0.7230291652980388
D,2025-12-11T00:00:00+0000,301868.356538325,6000.0,0.75,218641.98666278852,0.0,218641.98666278852,0.7242958128174322,0.0,0.7242958128174322
D,2025-12-12T00:00:00+0000,299326.9069273593,6000.0,0.75,218641.98666278852,0.0,218641.98666278852,0.7304454815211403,0.0,0.7304454815211403
D,2025-12-13T00:00:00+0000,299597.7855345931,6000.0,0.75,218641.98666278852,0.0,218641.98666278852,0.7297850558963594,0.0,0.7297850558963594
D,2025-12-14T00:00:00+0000,298077.8102754386,6000.0,0.75,218641.98666278852,0.0,218641.98666278852,0.7335064172027852,0.0,0.7335064172027852
D,2025-12-15T00:00:00+0000,296289.60459525825,6000.0,0.75,218641.98666278852,0.0,218641.98666278852,0.737933370836486,0.0,0.737933370836486
D,2025-12-16T00:00:00+0000,297013.90535482834,6000.0,0.75,218641.98666278852,0.0,218641.98666278852,0.7361338399344884,0.0,0.7361338399344884
D,2025-12-17T00:00:00+0000,295010.0377022092,6000.0,0.75,218641.98666278852,0.0,218641.98666278852,0.7411340589146035,0.0,0.7411340589146035
D,2025-12-18T00:00:00+0000,294602.99123085174,6000.0,6.25,218641.98666278852,0.0,218641.98666278852,0.7421580675379499,0.0,0.7421580675379499
D,2025-12-19T00:00:00+0000,297348.88594514824,6000.0,6.25,218641.98666278852,0.0,218641.98666278852,0.7353045429035886,0.0,0.7353045429035886
D,2025-12-20T00:00:00+0000,297461.6768800848,6000.0,6.25,218641.98666278852,0.0,218641.98666278852,0.7350257315698832,0.0,0.7350257315698832
D,2025-12-21T00:00:00+0000,297848.228480088,6000.0,6.25,218641.98666278852,0.0,218641.98666278852,0.7340718048870496,0.0,0.7340718048870496
D,2025-12-22T00:00:00+0000,297909.1273812057,6000.0,6.25,218641.98666278852,0.0,218641.98666278852,0.733921745146846,0.0,0.733921745146846
D,2025-12-23T00:00:00+0000,296928.41063770076,6000.0,6.25,218641.98666278852,0.0,218641.98666278852,0.7363457952481551,0.0,0.7363457952481551
D,2025-12-24T00:00:00+0000,296873.7321615173,6000.0,6.25,218641.98666278852,0.0,218641.98666278852,0.7364814160918556,0.0,0.7364814160918556
D,2025-12-25T00:00:00+0000,296257.20374295773,6000.0,6.25,218641.98666278852,0.0,218641.98666278852,0.7380140766213716,0.0,0.7380140766213716
D,2025-12-26T00:00:00+0000,296564.2316801871,6000.0,6.25,218641.98666278852,0.0,218641.98666278852,0.7372500231200186,0.0,0.7372500231200186
D,2025-12-27T00:00:00+0000,297031.20040756674,6000.0,6.25,218641.98666278852,0.0,218641.98666278852,0.7360909775228405,0.0,0.7360909775228405
D,2025-12-28T00:00:00+0000,297099.29671960935,6000.0,6.25,218641.98666278852,0.0,218641.98666278852,0.7359222626135471,0.0,0.7359222626135471
D,2025-12-29T00:00:00+0000,296622.7539253963,6000.0,6.25,218641.98666278852,0.0,218641.98666278852,0.7371045672301297,0.0,0.7371045672301297
D,2025-12-30T00:00:00+0000,297607.40510146087,6000.0,6.25,218641.98666278852,0.0,218641.98666278852,0.7346658144754452,0.0,0.7346658144754452
D,2025-12-31T00:00:00+0000,297168.46142280137,6000.0,6.25,218641.98666278852,0.0,218641.98666278852,0.7357509798178482,0.0,0.7357509798178482
D,2026-01-01T00:00:00+0000,298094.0156910103,6000.0,6.25,218641.98666278852,0.0,218641.98666278852,0.7334665412720736,0.0,0.7334665412720736
D,2026-01-02T00:00:00+0000,299816.4561639759,6000.0,6.25,218641.98666278852,0.0,218641.98666278852,0.7292527883900031,0.0,0.7292527883900031
D,2026-01-03T00:00:00+0000,300170.5456074901,6000.0,6.25,218641.98666278852,0.0,218641.98666278852,0.7283925417142353,0.0,0.7283925417142353
D,2026-01-04T00:00:00+0000,300809.82872768753,6000.0,6.25,218641.98666278852,0.0,218641.98666278852,0.7268445568669146,0.0,0.7268445568669146
D,2026-01-05T00:00:00+0000,302762.969433259,6000.0,6.25,218641.98666278852,0.0,218641.98666278852,0.7221556423233123,0.0,0.7221556423233123
D,2026-01-06T00:00:00+0000,303377.04296656995,6000.0,6.25,218641.98666278852,0.0,218641.98666278852,0.7206939079002143,0.0,0.7206939079002143
D,2026-01-07T00:00:00+0000,300980.193950608,6000.0,6.25,218641.98666278852,0.0,218641.98666278852,0.7264331376524679,0.0,0.7264331376524679
D,2026-01-08T00:00:00+0000,300285.62543387327,6000.0,6.25,218641.98666278852,0.0,218641.98666278852,0.7281133965266555,0.0,0.7281133965266555
D,2026-01-09T00:00:00+0000,299892.7927244396,6000.0,6.25,218641.98666278852,0.0,218641.98666278852,0.7290671598890026,0.0,0.7290671598890026
D,2026-01-10T00:00:00+0000,299818.68019887526,6000.0,6.25,218641.98666278852,0.0,218641.98666278852,0.729247378841636,0.0,0.729247378841636
D,2026-01-11T00:00:00+0000,300431.33531309286,6000.0,6.25,218641.98666278852,0.0,218641.98666278852,0.7277602598774591,0.0,0.7277602598774591
D,2026-01-12T00:00:00+0000,300335.21173235367,6000.0,6.25,218641.98666278852,0.0,218641.98666278852,0.7279931826895916,0.0,0.7279931826895916
D,2026-01-13T00:00:00+0000,304592.01680223586,6000.0,6.25,218641.98666278852,0.0,218641.98666278852,0.7178191633457925,0.0,0.7178191633457925
D,2026-01-14T00:00:00+0000,305667.6632864264,6000.0,6.25,218641.98666278852,0.0,218641.98666278852,0.7152931530670605,0.0,0.7152931530670605
D,2026-01-15T00:00:00+0000,304649.20844182617,6000.0,6.25,218641.98666278852,0.0,218641.98666278852,0.7176844075225588,0.0,0.7176844075225588
D,2026-01-16T00:00:00+0000,304427.4908522106,6000.0,6.25,218641.98666278852,0.0,218641.98666278852,0.7182071042622491,0.0,0.7182071042622491
D,2026-01-17T00:00:00+0000,304361.68478426896,6000.0,6.25,218641.98666278852,0.0,218641.98666278852,0.7183623878865094,0.0,0.7183623878865094
D,2026-01-18T00:00:00+0000,303365.6077527211,6000.0,6.25,218641.98666278852,0.0,218641.98666278852,0.720721074094225,0.0,0.720721074094225
D,2026-01-19T00:00:00+0000,301969.5978970977,6000.0,6.25,218641.98666278852,0.0,218641.98666278852,0.7240529781322398,0.0,0.7240529781322398
D,2026-01-20T00:00:00+0000,297508.7954948986,6000.0,6.25,218641.98666278852,0.0,218641.98666278852,0.7349093202407107,0.0,0.7349093202407107
D,2026-01-21T00:00:00+0000,298442.8614336404,6000.0,6.25,218641.98666278852,0.0,218641.98666278852,0.7326092023528067,0.0,0.7326092023528067
D,2026-01-22T00:00:00+0000,298237.61442217836,6000.0,6.25,218641.98666278852,0.0,218641.98666278852,0.7331133837239052,0.0,0.7331133837239052
D,2026-01-23T00:00:00+0000,298304.8512433156,6000.0,6.25,218641.98666278852,0.0,218641.98666278852,0.7329481426517291,0.0,0.7329481426517291
D,2026-01-24T00:00:00+0000,298092.88917949575,6000.0,6.25,218641.98666278852,0.0,218641.98666278852,0.7334693130876191,0.0,0.7334693130876191
D,2026-01-25T00:00:00+0000,295526.09261880454,6000.0,6.25,218641.98666278852,0.0,218641.98666278852,0.7398398724298505,0.0,0.7398398724298505
D,2026-01-26T00:00:00+0000,297450.8992440854,6000.0,6.5,218641.98666278852,0.0,218641.98666278852,0.7350523639983114,0.0,0.7350523639983114
D,2026-01-27T00:00:00+0000,298817.4916950221,6000.0,6.5,218641.98666278852,0.0,218641.98666278852,0.7316907233996128,0.0,0.7316907233996128
D,2026-01-28T00:00:00+0000,298708.6014305417,6000.0,6.5,218641.98666278852,0.0,218641.98666278852,0.731957451562134,0.0,0.731957451562134
D,2026-01-29T00:00:00+0000,294575.49593625794,6000.0,6.5,218641.98666278852,0.0,218641.98666278852,0.7422273396090611,0.0,0.7422273396090611
D,2026-01-30T00:00:00+0000,293327.0054498224,6000.0,1.25,218641.98666278852,0.0,218641.98666278852,0.7453864888011146,0.0,0.7453864888011146
D,2026-01-31T00:00:00+0000,288122.39152943913,6000.0,8.25,218641.98666278852,0.0,218641.98666278852,0.7588510754133755,0.0,0.7588510754133755
D,2026-02-01T00:00:00+0000,285541.90630178386,6000.0,5.0,218641.98666278852,0.0,218641.98666278852,0.7657089269121498,0.0,0.7657089269121498
D,2026-02-02T00:00:00+0000,287181.4660694414,6000.0,6.75,218641.98666278852,0.0,218641.98666278852,0.7613373859228094,0.0,0.7613373859228094
D,2026-02-03T00:00:00+0000,284607.3711593773,6000.0,3.5,218641.98666278852,0.0,218641.98666278852,0.7682232043819807,0.0,0.7682232043819807
D,2026-02-04T00:00:00+0000,282478.06397994317,6000.0,5.25,218641.98666278852,0.0,218641.98666278852,0.7740140369919584,0.0,0.7740140369919584
D,2026-02-05T00:00:00+0000,274195.6054328957,6000.0,2.0,218641.98666278852,0.0,218641.98666278852,0.797394204468011,0.0,0.797394204468011
D,2026-02-06T00:00:00+0000,286095.18986112124,6000.0,3.75,172179.198491561,0.0,172179.198491561,0.6018248631692888,0.0,0.6018248631692888
D,2026-02-07T00:00:00+0000,285283.74177946424,6000.0,5.75,172179.198491561,0.0,172179.198491561,0.6035366663995259,0.0,0.6035366663995259
D,2026-02-08T00:00:00+0000,286367.5435390725,6000.0,7.5,172179.198491561,0.0,172179.198491561,0.6012524895932159,0.0,0.6012524895932159
D,2026-02-09T00:00:00+0000,286476.81144083256,6000.0,4.25,172179.198491561,0.0,172179.198491561,0.6010231600442187,0.0,0.6010231600442187
D,2026-02-10T00:00:00+0000,283673.2985584975,6000.0,6.0,172179.198491561,0.0,172179.198491561,0.6069630076799603,0.0,0.6069630076799603
D,2026-02-11T00:00:00+0000,280431.68222618627,6000.0,2.75,172179.198491561,0.0,172179.198491561,0.6139791236308576,0.0,0.6139791236308576
D,2026-02-12T00:00:00+0000,279772.6638237082,6000.0,4.5,172179.198491561,0.0,172179.198491561,0.6154253819453048,0.0,0.6154253819453048
D,2026-02-13T00:00:00+0000,282777.5835367301,6000.0,1.25,203788.89542650498,0.0,203788.89542650498,0.7206684945733499,0.0,0.7206684945733499
D,2026-02-14T00:00:00+0000,284300.5553977192,6000.0,8.25,177778.15282519764,0.0,177778.15282519764,0.6253176416644589,0.0,0.6253176416644589
D,2026-02-15T00:00:00+0000,281313.43882516865,6000.0,5.0,177778.15282519764,0.0,177778.15282519764,0.6319575544191604,0.0,0.6319575544191604
D,2026-02-16T00:00:00+0000,281933.06280349265,6000.0,6.75,177778.15282519764,0.0,177778.15282519764,0.6305686571748735,0.0,0.6305686571748735
D,2026-02-17T00:00:00+0000,280551.2875119373,6000.0,3.5,177778.15282519764,0.0,177778.15282519764,0.6336743431185761,0.0,0.6336743431185761
D,2026-02-18T00:00:00+0000,278981.7093318402,6000.0,5.25,177778.15282519764,0.0,177778.15282519764,0.6372394564897298,0.0,0.6372394564897298
D,2026-02-19T00:00:00+0000,279374.28839987656,6000.0,2.0,177778.15282519764,0.0,177778.15282519764,0.6363440023182756,0.0,0.6363440023182756
D,2026-02-20T00:00:00+0000,280666.2475337544,6000.0,3.75,177778.15282519764,0.0,177778.15282519764,0.6334147920790408,0.0,0.6334147920790408
D,2026-02-21T00:00:00+0000,280663.44582021923,6000.0,5.75,204465.37056357303,0.0,204465.37056357303,0.7285073051320856,0.0,0.7285073051320856
D,2026-02-22T00:00:00+0000,280049.1221922265,6000.0,7.5,176397.4554589965,0.0,176397.4554589965,0.6298804084017688,0.0,0.6298804084017688
D,2026-02-23T00:00:00+0000,275482.7060757946,6000.0,4.25,176397.4554589965,0.0,176397.4554589965,0.6403213398465151,0.0,0.6403213398465151
D,2026-02-24T00:00:00+0000,274860.1872099404,6000.0,6.0,176397.4554589965,0.0,176397.4554589965,0.6417715757584881,0.0,0.6417715757584881
D,2026-02-25T00:00:00+0000,282168.14030537324,6000.0,2.75,176397.4554589965,0.0,176397.4554589965,0.6251501507863091,0.0,0.6251501507863091
D,2026-02-26T00:00:00+0000,281184.64837690187,6000.0,4.5,176397.4554589965,0.0,176397.4554589965,0.6273367215359216,0.0,0.6273367215359216
D,2026-02-27T00:00:00+0000,277963.28217042505,6000.0,1.25,176397.4554589965,0.0,176397.4554589965,0.6346070390363413,0.0,0.6346070390363413
D,2026-02-28T00:00:00+0000,279615.60502392787,6000.0,8.25,176397.4554589965,0.0,176397.4554589965,0.6308569775420847,0.0,0.6308569775420847
D,2026-03-01T00:00:00+0000,278465.712270846,6000.0,5.0,203672.23380576438,0.0,203672.23380576438,0.7314086612130734,0.0,0.7314086612130734
D,2026-03-02T00:00:00+0000,282915.6383324192,6000.0,6.75,174969.06441128714,0.0,174969.06441128714,0.6184496037143857,0.0,0.6184496037143857
D,2026-03-03T00:00:00+0000,281657.89334952197,6000.0,3.5,174969.06441128714,0.0,174969.06441128714,0.6212112940650314,0.0,0.6212112940650314
D,2026-03-04T00:00:00+0000,288387.9363034802,6000.0,5.25,174969.06441128714,0.0,174969.06441128714,0.6067142289445887,0.0,0.6067142289445887
D,2026-03-05T00:00:00+0000,285730.7106130929,6000.0,2.0,174969.06441128714,0.0,174969.06441128714,0.6123565228107812,0.0,0.6123565228107812
D,2026-03-06T00:00:00+0000,279767.136645732,6000.0,3.75,136833.92998235303,0.0,136833.92998235303,0.48909936893562056,0.0,0.48909936893562056
D,2026-03-07T00:00:00+0000,278457.2662256934,6000.0,5.75,136833.92998235303,0.0,136833.92998235303,0.4914001054346604,0.0,0.4914001054346604
D,2026-03-08T00:00:00+0000,275997.4699302999,6000.0,7.5,136833.92998235303,0.0,136833.92998235303,0.49577965340373925,0.0,0.49577965340373925
D,2026-03-09T00:00:00+0000,280568.97428371874,6000.0,4.25,136833.92998235303,0.0,136833.92998235303,0.4877015726050413,0.0,0.4877015726050413
D,2026-03-10T00:00:00+0000,283617.22255544976,6000.0,6.0,136833.92998235303,0.0,136833.92998235303,0.48245987584763383,0.0,0.48245987584763383
D,2026-03-11T00:00:00+0000,284327.4829199669,6000.0,2.75,136833.92998235303,0.0,136833.92998235303,0.4812546735795826,0.0,0.4812546735795826
D,2026-03-12T00:00:00+0000,285326.2715389973,6000.0,4.5,136833.92998235303,0.0,136833.92998235303,0.47957003483869903,0.0,0.47957003483869903
D,2026-03-13T00:00:00+0000,285711.75831148936,6000.0,1.25,207909.46347297955,0.0,207909.46347297955,0.7276895592316225,0.0,0.7276895592316225
D,2026-03-14T00:00:00+0000,285956.5193807096,6000.0,8.25,207909.46347297955,0.0,207909.46347297955,0.7270667020400338,0.0,0.7270667020400338
D,2026-03-15T00:00:00+0000,288011.50598376413,6000.0,5.0,207909.46347297955,0.0,207909.46347297955,0.7218790192524457,0.0,0.7218790192524457
D,2026-03-16T00:00:00+0000,291487.46063707815,6000.0,6.75,207909.46347297955,0.0,207909.46347297955,0.7132706944531005,0.0,0.7132706944531005
D,2026-03-17T00:00:00+0000,290429.6217008461,6000.0,3.5,207909.46347297955,0.0,207909.46347297955,0.7158686578021798,0.0,0.7158686578021798
D,2026-03-18T00:00:00+0000,287317.0327393753,6000.0,5.25,207909.46347297955,0.0,207909.46347297955,0.7236238711318371,0.0,0.7236238711318371
D,2026-03-19T00:00:00+0000,285673.0694419156,6000.0,2.0,207909.46347297955,0.0,207909.46347297955,0.7277881106509155,0.0,0.7277881106509155
D,2026-03-20T00:00:00+0000,286168.4147998382,6000.0,3.75,207909.46347297955,0.0,207909.46347297955,0.7265283403774758,0.0,0.7265283403774758
D,2026-03-21T00:00:00+0000,284392.9914703462,6000.0,5.75,207909.46347297955,0.0,207909.46347297955,0.731063949213595,0.0,0.731063949213595
D,2026-03-22T00:00:00+0000,282850.1508282876,6000.0,7.5,178820.5875131,0.0,178820.5875131,0.632209624033958,0.0,0.632209624033958
D,2026-03-23T00:00:00+0000,287366.6874129601,6000.0,4.25,178820.5875131,0.0,178820.5875131,0.6222731977841468,0.0,0.6222731977841468
D,2026-03-24T00:00:00+0000,287128.87388029054,6000.0,6.0,178820.5875131,0.0,178820.5875131,0.6227885934859122,0.0,0.6227885934859122
D,2026-03-25T00:00:00+0000,288080.71106137853,6000.0,2.75,178820.5875131,0.0,178820.5875131,0.6207308599533429,0.0,0.6207308599533429
D,2026-03-26T00:00:00+0000,283895.8162429463,6000.0,4.5,178820.5875131,0.0,178820.5875131,0.6298810242419097,0.0,0.6298810242419097
D,2026-03-27T00:00:00+0000,280512.8648918892,6000.0,1.25,178820.5875131,0.0,178820.5875131,0.637477313498681,0.0,0.637477313498681
D,2026-03-28T00:00:00+0000,280531.36177949794,6000.0,8.25,178820.5875131,0.0,178820.5875131,0.637435281313238,0.0,0.637435281313238
D,2026-03-29T00:00:00+0000,280129.3874088183,6000.0,5.0,204361.01171576025,0.0,204361.01171576025,0.7295236447917464,0.0,0.7295236447917464
D,2026-03-30T00:00:00+0000,281591.10960764694,6000.0,6.75,176050.91279597784,0.0,176050.91279597784,0.6252005364845402,0.0,0.6252005364845402
D,2026-03-31T00:00:00+0000,284422.6105860349,6000.0,3.5,176050.91279597784,0.0,176050.91279597784,0.6189765027233103,0.0,0.6189765027233103
D,2026-04-01T00:00:00+0000,284895.35095218045,6000.0,5.25,176050.91279597784,0.0,176050.91279597784,0.6179494056592306,0.0,0.6179494056592306
D,2026-04-02T00:00:00+0000,282273.15310275153,6000.0,2.0,176050.91279597784,0.0,176050.91279597784,0.6236898934979224,0.0,0.6236898934979224
D,2026-04-03T00:00:00+0000,282284.72432238655,6000.0,3.75,176050.91279597784,0.0,176050.91279597784,0.6236643276343812,0.0,0.6236643276343812
D,2026-04-04T00:00:00+0000,282824.4592560888,6000.0,5.75,176050.91279597784,0.0,176050.91279597784,0.6224741426503327,0.0,0.6224741426503327
D,2026-04-05T00:00:00+0000,285279.9280310047,6000.0,7.5,176050.91279597784,0.0,176050.91279597784,0.6171163671102874,0.0,0.6171163671102874
D,2026-04-06T00:00:00+0000,285087.9615941041,6000.0,4.25,207916.05586943886,0.0,207916.05586943886,0.7293049299831914,0.0,0.7293049299831914
D,2026-04-07T00:00:00+0000,288747.58707769297,6000.0,6.0,207916.05586943886,0.0,207916.05586943886,0.7200616218950261,0.0,0.7200616218950261
D,2026-04-08T00:00:00+0000,287585.63762978406,6000.0,2.75,207916.05586943886,0.0,207916.05586943886,0.7229709299220785,0.0,0.7229709299220785
D,2026-04-09T00:00:00+0000,288074.86634169216,6000.0,4.5,207916.05586943886,0.0,207916.05586943886,0.7217431305611538,0.0,0.7217431305611538
D,2026-04-10T00:00:00+0000,289531.94591906224,6000.0,1.25,207916.05586943886,0.0,207916.05586943886,0.7181109331802755,0.0,0.7181109331802755
D,2026-04-11T00:00:00+0000,290083.77051589836,6000.0,8.25,207916.05586943886,0.0,207916.05586943886,0.7167448751085639,0.0,0.7167448751085639
D,2026-04-12T00:00:00+0000,287435.20557994384,6000.0,5.0,207916.05586943886,0.0,207916.05586943886,0.7233493038889822,0.0,0.7233493038889822
D,2026-04-13T00:00:00+0000,292047.5526003644,6000.0,6.75,207916.05586943886,0.0,207916.05586943886,0.7119253492048591,0.0,0.7119253492048591
D,2026-04-14T00:00:00+0000,291296.69138238096,6000.0,3.5,207916.05586943886,0.0,207916.05586943886,0.7137604443179564,0.0,0.7137604443179564
D,2026-04-15T00:00:00+0000,292215.0943289003,6000.0,5.25,207916.05586943886,0.0,207916.05586943886,0.7115171663083929,0.0,0.7115171663083929
D,2026-04-16T00:00:00+0000,292311.4338344168,6000.0,2.0,207916.05586943886,0.0,207916.05586943886,0.7112826656900986,0.0,0.7112826656900986
D,2026-04-17T00:00:00+0000,294456.95645074954,6000.0,3.75,207916.05586943886,0.0,207916.05586943886,0.7060999963307527,0.0,0.7060999963307527
D,2026-04-18T00:00:00+0000,292717.2278757683,6000.0,5.75,207916.05586943886,0.0,207916.05586943886,0.7102966141701786,0.0,0.7102966141701786
D,2026-04-19T00:00:00+0000,290415.51136489084,6000.0,7.5,207916.05586943886,0.0,207916.05586943886,0.7159261393865562,0.0,0.7159261393865562
D,2026-04-20T00:00:00+0000,292395.3683085103,6000.0,4.25,207916.05586943886,0.0,207916.05586943886,0.7110784862025031,0.0,0.7110784862025031
D,2026-04-21T00:00:00+0000,292897.5913496758,6000.0,6.0,207916.05586943886,0.0,207916.05586943886,0.7098592204577684,0.0,0.7098592204577684
D,2026-04-22T00:00:00+0000,294702.743167884,6000.0,2.75,207916.05586943886,0.0,207916.05586943886,0.7055110978420545,0.0,0.7055110978420545
D,2026-04-23T00:00:00+0000,294232.5287633834,6000.0,4.5,207916.05586943886,0.0,207916.05586943886,0.7066385784851181,0.0,0.7066385784851181
D,2026-04-24T00:00:00+0000,293514.30512665753,6000.0,1.25,207916.05586943886,0.0,207916.05586943886,0.7083677089595982,0.0,0.7083677089595982
D,2026-04-25T00:00:00+0000,293705.9066245893,6000.0,8.25,207916.05586943886,0.0,207916.05586943886,0.7079055993762979,0.0,0.7079055993762979
D,2026-04-26T00:00:00+0000,295012.3854455864,6000.0,5.0,207916.05586943886,0.0,207916.05586943886,0.7047705999034674,0.0,0.7047705999034674
D,2026-04-27T00:00:00+0000,293368.09998205316,6000.0,6.75,207916.05586943886,0.0,207916.05586943886,0.7087207364473443,0.0,0.7087207364473443
D,2026-04-28T00:00:00+0000,292523.91416003194,6000.0,3.5,207916.05586943886,0.0,207916.05586943886,0.7107660119565253,0.0,0.7107660119565253
D,2026-04-29T00:00:00+0000,291716.22066089907,6000.0,5.25,207916.05586943886,0.0,207916.05586943886,0.7127339556175302,0.0,0.7127339556175302
D,2026-04-30T00:00:00+0000,292160.3572803999,6000.0,2.0,207916.05586943886,0.0,207916.05586943886,0.7116504710113432,0.0,0.7116504710113432
D,2026-05-01T00:00:00+0000,293888.590713107,6000.0,3.75,207916.05586943886,0.0,207916.05586943886,0.7074655581727083,0.0,0.7074655581727083
D,2026-05-02T00:00:00+0000,294463.848336684,6000.0,5.75,207916.05586943886,0.0,207916.05586943886,0.7060834701573004,0.0,0.7060834701573004
D,2026-05-03T00:00:00+0000,294466.792600878,6000.0,7.5,207916.05586943886,0.0,207916.05586943886,0.7060764102906826,0.0,0.7060764102906826
D,2026-05-04T00:00:00+0000,295636.22095392284,6000.0,4.25,207916.05586943886,0.0,207916.05586943886,0.7032834312336991,0.0,0.7032834312336991
D,2026-05-05T00:00:00+0000,296507.9736790911,6000.0,6.0,207916.05586943886,0.0,207916.05586943886,0.7012157322098368,0.0,0.7012157322098368
D,2026-05-06T00:00:00+0000,296757.88731365337,6000.0,2.75,207916.05586943886,0.0,207916.05586943886,0.7006252057917012,0.0,0.7006252057917012
D,2026-05-07T00:00:00+0000,295081.6540591021,6000.0,4.5,207916.05586943886,0.0,207916.05586943886,0.7046051593156489,0.0,0.7046051593156489
D,2026-05-08T00:00:00+0000,295413.67748087685,6000.0,1.25,207916.05586943886,0.0,207916.05586943886,0.7038132345205919,0.0,0.7038132345205919
D,2026-05-09T00:00:00+0000,295985.1441031726,6000.0,8.25,207916.05586943886,0.0,207916.05586943886,0.7024543630371017,0.0,0.7024543630371017
D,2026-05-10T00:00:00+0000,297563.3918370013,6000.0,5.0,207916.05586943886,0.0,207916.05586943886,0.6987286123668421,0.0,0.6987286123668421
D,2026-05-11T00:00:00+0000,296882.5903607932,6000.0,6.75,207916.05586943886,0.0,207916.05586943886,0.7003309140383214,0.0,0.7003309140383214
D,2026-05-12T00:00:00+0000,295275.1533467568,6000.0,3.5,207916.05586943886,0.0,207916.05586943886,0.7041434184788055,0.0,0.7041434184788055
D,2026-05-13T00:00:00+0000,294295.8184435666,6000.0,5.25,207916.05586943886,0.0,207916.05586943886,0.7064866125826667,0.0,0.7064866125826667
D,2026-05-14T00:00:00+0000,295789.76557971485,6000.0,2.0,207916.05586943886,0.0,207916.05586943886,0.7029183564277373,0.0,0.7029183564277373
D,2026-05-15T00:00:00+0000,293769.9262975489,6000.0,3.75,207916.05586943886,0.0,207916.05586943886,0.7077513293816475,0.0,0.7077513293816475
D,2026-05-16T00:00:00+0000,292602.4989036074,6000.0,5.75,207916.05586943886,0.0,207916.05586943886,0.7105751203373455,0.0,0.7105751203373455
D,2026-05-17T00:00:00+0000,291545.5314486175,6000.0,7.5,207916.05586943886,0.0,207916.05586943886,0.7131512351993717,0.0,0.7131512351993717
D,2026-05-18T00:00:00+0000,291243.11304250185,6000.0,7.75,207916.05586943886,0.0,207916.05586943886,0.7138917507693895,0.0,0.7138917507693895
D,2026-05-19T00:00:00+0000,290921.1323751106,6000.0,2.5,207916.05586943886,0.0,207916.05586943886,0.7146818595541355,0.0,0.7146818595541355
D,2026-05-20T00:00:00+0000,291625.2774050063,6000.0,2.5,207916.05586943886,0.0,207916.05586943886,0.7129562214892885,0.0,0.7129562214892885
D,2026-05-21T00:00:00+0000,291732.3296132856,6000.0,2.5,207916.05586943886,0.0,207916.05586943886,0.7126945996868024,0.0,0.7126945996868024
D,2026-05-22T00:00:00+0000,289529.779119735,6000.0,2.5,207916.05586943886,0.0,207916.05586943886,0.71811630741947,0.0,0.71811630741947
D,2026-05-23T00:00:00+0000,290985.0974991139,6000.0,2.5,207916.05586943886,0.0,207916.05586943886,0.7145247562723449,0.0,0.7145247562723449
D,2026-05-24T00:00:00+0000,290986.0749884434,6000.0,2.5,207916.05586943886,0.0,207916.05586943886,0.7145223560189137,0.0,0.7145223560189137
D,2026-05-25T00:00:00+0000,291330.7563597101,6000.0,2.5,207916.05586943886,0.0,207916.05586943886,0.7136769851128317,0.0,0.7136769851128317
D,2026-05-26T00:00:00+0000,289934.2895387124,6000.0,2.5,207916.05586943886,0.0,207916.05586943886,0.7171144061650481,0.0,0.7171144061650481
D,2026-05-27T00:00:00+0000,288359.16971585003,6000.0,2.5,207916.05586943886,0.0,207916.05586943886,0.7210315388073837,0.0,0.7210315388073837
D,2026-05-28T00:00:00+0000,287634.061478843,6000.0,2.5,207916.05586943886,0.0,207916.05586943886,0.7228492161201576,0.0,0.7228492161201576
D,2026-05-29T00:00:00+0000,287598.964730258,6000.0,2.5,207916.05586943886,0.0,207916.05586943886,0.7229374280413194,0.0,0.7229374280413194
D,2026-05-30T00:00:00+0000,287990.01799487585,6000.0,2.5,207916.05586943886,0.0,207916.05586943886,0.7219557723460341,0.0,0.7219557723460341
D,2026-05-31T00:00:00+0000,287672.092942239,6000.0,2.5,207916.05586943886,0.0,207916.05586943886,0.7227536524065469,0.0,0.7227536524065469
D,2026-06-01T00:00:00+0000,286173.96553711686,6000.0,3.5,207916.05586943886,0.0,207916.05586943886,0.7265372846869681,0.0,0.7265372846869681
D,2026-06-02T00:00:00+0000,281281.5708353671,6000.0,5.5,207916.05586943886,0.0,207916.05586943886,0.739174113867315,0.0,0.739174113867315
D,2026-06-03T00:00:00+0000,278974.27906586364,6000.0,7.25,207916.05586943886,0.0,207916.05586943886,0.745287546097938,0.0,0.745287546097938
D,2026-06-04T00:00:00+0000,277878.25853957963,6000.0,4.25,175293.5615291993,0.0,175293.5615291993,0.6308286313959008,0.0,0.6308286313959008
D,2026-06-05T00:00:00+0000,273319.477910855,6000.0,4.5,202373.3005016735,0.0,202373.3005016735,0.740427656486593,0.0,0.740427656486593
D,2026-06-06T00:00:00+0000,272825.45682230365,6000.0,4.5,171622.51356637513,0.0,171622.51356637513,0.6290560843013858,0.0,0.6290560843013858
D,2026-06-07T00:00:00+0000,277855.28864530294,6000.0,4.5,171622.51356637513,0.0,171622.51356637513,0.617668695107907,0.0,0.617668695107907
D,2026-06-08T00:00:00+0000,277613.03934609186,6000.0,4.5,171622.51356637513,0.0,171622.51356637513,0.6182076820693515,0.0,0.6182076820693515
D,2026-06-09T00:00:00+0000,275173.7474142144,6000.0,4.5,171622.51356637513,0.0,171622.51356637513,0.6236878160765629,0.0,0.6236878160765629
D,2026-06-10T00:00:00+0000,274589.3769827328,6000.0,4.5,171622.51356637513,0.0,171622.51356637513,0.6250151242273564,0.0,0.6250151242273564
D,2026-06-11T00:00:00+0000,277855.21255226486,6000.0,4.5,171622.51356637513,0.0,171622.51356637513,0.617668864261788,0.0,0.617668864261788
D,2026-06-12T00:00:00+0000,277674.0836000712,6000.0,4.5,171622.51356637513,0.0,171622.51356637513,0.6180717744388412,0.0,0.6180717744388412
D,2026-06-13T00:00:00+0000,278485.1880745321,6000.0,4.5,202216.2518256627,0.0,202216.2518256627,0.7261292897615179,0.0,0.7261292897615179
D,2026-06-14T00:00:00+0000,280619.7632414135,6000.0,4.5,174983.74107194808,0.0,174983.74107194808,0.6235617158632262,0.0,0.6235617158632262
D,2026-06-15T00:00:00+0000,282610.6974376034,6000.0,4.5,174983.74107194808,0.0,174983.74107194808,0.6191688519171576,0.0,0.6191688519171576
D,2026-06-16T00:00:00+0000,281910.3961379703,6000.0,4.5,174983.74107194808,0.0,174983.74107194808,0.6207069461401095,0.0,0.6207069461401095
D,2026-06-17T00:00:00+0000,279921.02564171643,6000.0,4.5,174983.74107194808,0.0,174983.74107194808,0.6251182478014984,0.0,0.6251182478014984
D,2026-06-18T00:00:00+0000,277605.633185545,6000.0,4.5,174983.74107194808,0.0,174983.74107194808,0.6303320976018996,0.0,0.6303320976018996
D,2026-06-19T00:00:00+0000,278201.8254132039,6000.0,4.5,174983.74107194808,0.0,174983.74107194808,0.6289812829662442,0.0,0.6289812829662442
D,2026-06-20T00:00:00+0000,279558.17349467636,6000.0,4.5,174983.74107194808,0.0,174983.74107194808,0.6259296191720193,0.0,0.6259296191720193
D,2026-06-21T00:00:00+0000,278353.28977091407,6000.0,4.5,203631.3639049877,0.0,203631.3639049877,0.7315572381866842,0.0,0.7315572381866842
D,2026-06-22T00:00:00+0000,279454.7646696026,6000.0,4.5,174896.4591201073,0.0,174896.4591201073,0.625848907342432,0.0,0.625848907342432
D,2026-06-23T00:00:00+0000,276959.6629271222,6000.0,4.5,174896.4591201073,0.0,174896.4591201073,0.6314871171912448,0.0,0.6314871171912448
D,2026-06-24T00:00:00+0000,274416.17070401687,6000.0,4.5,174896.4591201073,0.0,174896.4591201073,0.6373402072895669,0.0,0.6373402072895669
D,2026-06-25T00:00:00+0000,272056.54577956535,6000.0,4.5,174896.4591201073,0.0,174896.4591201073,0.6428680428142232,0.0,0.6428680428142232
D,2026-06-26T00:00:00+0000,272588.8532893724,6000.0,4.5,174896.4591201073,0.0,174896.4591201073,0.6416126595405657,0.0,0.6416126595405657
D,2026-06-27T00:00:00+0000,272438.4230990404,6000.0,4.5,174896.4591201073,0.0,174896.4591201073,0.6419669337776435,0.0,0.6419669337776435
D,2026-06-28T00:00:00+0000,271958.2360448238,6000.0,4.5,174896.4591201073,0.0,174896.4591201073,0.6431004321240013,0.0,0.6431004321240013
D,2026-06-29T00:00:00+0000,273051.80264712754,6000.0,4.5,197937.72533502884,0.0,197937.72533502884,0.7249090590726819,0.0,0.7249090590726819
D,2026-06-30T00:00:00+0000,270487.027337615,6000.0,4.5,171452.6739723163,0.0,171452.6739723163,0.6338665320104739,0.0,0.6338665320104739
D,2026-07-01T00:00:00+0000,272720.5205265468,6000.0,4.5,171452.6739723163,0.0,171452.6739723163,0.6286753693535392,0.0,0.6286753693535392
D,2026-07-02T00:00:00+0000,276203.5077591585,6000.0,0.0,171452.6739723163,0.0,171452.6739723163,0.6207476341025259,0.0,0.6207476341025259
D,2026-07-03T00:00:00+0000,278466.4731068455,6000.0,7.0,171452.6739723163,0.0,171452.6739723163,0.6157031116149166,0.0,0.6157031116149166
D,2026-07-04T00:00:00+0000,279522.1050695132,6000.0,3.75,171452.6739723163,0.0,171452.6739723163,0.613377871956418,0.0,0.613377871956418
D,2026-07-05T00:00:00+0000,280159.9769437555,6000.0,5.5,171452.6739723163,0.0,171452.6739723163,0.6119813252509543,0.0,0.6119813252509543
D,2026-07-06T00:00:00+0000,280865.1015242739,6000.0,2.25,171452.6739723163,0.0,171452.6739723163,0.6104449183676827,0.0,0.6104449183676827
D,2026-07-07T00:00:00+0000,279594.20209113247,6000.0,4.0,171452.6739723163,0.0,171452.6739723163,0.6132197044502091,0.0,0.6132197044502091
D,2026-07-08T00:00:00+0000,277918.93734097737,6000.0,0.75,171452.6739723163,0.0,171452.6739723163,0.6169161253015366,0.0,0.6169161253015366
D,2026-07-09T00:00:00+0000,278934.3404407663,6000.0,2.5,171452.6739723163,0.0,171452.6739723163,0.614670369024446,0.0,0.614670369024446
D,2026-07-10T00:00:00+0000,280981.1215192212,6000.0,4.5,171452.6739723163,0.0,171452.6739723163,0.6101928593825036,0.0,0.6101928593825036
D,2026-07-11T00:00:00+0000,280450.62411988364,6000.0,6.25,171452.6739723163,0.0,171452.6739723163,0.6113470936653213,0.0,0.6113470936653213
D,2026-07-12T00:00:00+0000,280817.74080022296,6000.0,3.0,171452.6739723163,0.0,171452.6739723163,0.6105478716684418,0.0,0.6105478716684418
D,2026-07-13T00:00:00+0000,278712.8735406966,6000.0,4.75,171452.6739723163,0.0,171452.6739723163,0.6151587897402286,0.0,0.6151587897402286
D,2026-07-14T00:00:00+0000,283914.4564000604,6000.0,1.5,171452.6739723163,0.0,171452.6739723163,0.6038884956626669,0.0,0.6038884956626669
D,2026-07-15T00:00:00+0000,284169.4459767196,6000.0,3.25,171452.6739723163,0.0,171452.6739723163,0.6033466173079087,0.0,0.6033466173079087
D,2026-07-16T00:00:00+0000,282120.62056734186,6000.0,0.0,171452.6739723163,0.0,171452.6739723163,0.6077282604423832,0.0,0.6077282604423832
D,2026-07-17T00:00:00+0000,281763.9647109836,6000.0,7.0,171452.6739723163,0.0,171452.6739723163,0.6084975207819142,0.0,0.6084975207819142
D,2026-07-18T00:00:00+0000,283137.9501919816,6000.0,3.75,171452.6739723163,0.0,171452.6739723163,0.6055446606718133,0.0,0.6055446606718133
D,2026-07-19T00:00:00+0000,283234.5992335995,6000.0,5.5,171452.6739723163,0.0,171452.6739723163,0.6053380287445378,0.0,0.6053380287445378
D,2026-07-20T00:00:00+0000,284473.7539009609,6000.0,2.25,171452.6739723163,0.0,171452.6739723163,0.6027012039641705,0.0,0.6027012039641705
D,2026-07-21T00:00:00+0000,286355.86721096956,6000.0,4.0,171452.6739723163,0.0,171452.6739723163,0.5987398674321571,0.0,0.5987398674321571
D,2026-07-22T00:00:00+0000,285998.0354004588,6000.0,0.75,171452.6739723163,0.0,171452.6739723163,0.5994889920563463,0.0,0.5994889920563463
D,2026-07-23T00:00:00+0000,283798.65734505805,6000.0,2.5,171452.6739723163,0.0,171452.6739723163,0.604134901751331,0.0,0.604134901751331
D,2026-07-24T00:00:00+0000,282467.18942037114,6000.0,4.5,171452.6739723163,0.0,171452.6739723163,0.606982617429447,0.0,0.606982617429447
D,2026-07-25T00:00:00+0000,283001.9004503789,6000.0,6.25,171452.6739723163,0.0,171452.6739723163,0.6058357689452285,0.0,0.6058357689452285
D,2026-07-26T00:00:00+0000,285734.41733611195,6000.0,3.0,171452.6739723163,0.0,171452.6739723163,0.6000420795323196,0.0,0.6000420795323196
D,2026-07-27T00:00:00+0000,282752.5097976468,6000.0,4.75,171452.6739723163,0.0,171452.6739723163,0.6063701223908401,0.0,0.6063701223908401
D,2026-07-28T00:00:00+0000,283547.22863168904,6000.0,1.5,171452.6739723163,0.0,171452.6739723163,0.6046706039050133,0.0,0.6046706039050133
D,2026-07-29T00:00:00+0000,283391.3073862813,6000.0,3.25,171452.6739723163,0.0,171452.6739723163,0.6050032922802915,0.0,0.6050032922802915
D,2026-07-30T00:00:00+0000,284384.1440054261,6000.0,0.0,171452.6739723163,0.0,171452.6739723163,0.6028911160709612,0.0,0.6028911160709612
D,2026-07-31T00:00:00+0000,281279.4253197431,6000.0,7.0,171452.6739723163,0.0,171452.6739723163,0.6095457347348398,0.0,0.6095457347348398
D,2026-08-01T00:00:00+0000,280857.2746167,6000.0,3.75,171452.6739723163,0.0,171452.6739723163,0.6104619301967746,0.0,0.6104619301967746
D,2026-08-02T00:00:00+0000,282482.9693935614,6000.0,5.5,171452.6739723163,0.0,171452.6739723163,0.6069487103608172,0.0,0.6069487103608172
D,2026-08-03T00:00:00+0000,281925.61850124947,6000.0,2.25,171452.6739723163,0.0,171452.6739723163,0.6081486133958998,0.0,0.6081486133958998
D,2026-08-04T00:00:00+0000,282737.1576132602,6000.0,4.0,171452.6739723163,0.0,171452.6739723163,0.6064030473378264,0.0,0.6064030473378264
D,2026-08-05T00:00:00+0000,284142.8101360183,6000.0,0.75,171452.6739723163,0.0,171452.6739723163,0.6034031756434112,0.0,0.6034031756434112
D,2026-08-06T00:00:00+0000,283701.21303472895,6000.0,2.5,171452.6739723163,0.0,171452.6739723163,0.6043424070637587,0.0,0.6043424070637587
D,2026-08-07T00:00:00+0000,284543.8210116072,6000.0,4.5,171452.6739723163,0.0,171452.6739723163,0.6025527926165101,0.0,0.6025527926165101
D,2026-08-08T00:00:00+0000,284649.94440822455,6000.0,6.25,171452.6739723163,0.0,171452.6739723163,0.6023281484518092,0.0,0.6023281484518092
D,2026-08-09T00:00:00+0000,284471.8403075406,6000.0,3.0,171452.6739723163,0.0,171452.6739723163,0.6027052582320976,0.0,0.6027052582320976
D,2026-08-10T00:00:00+0000,282737.75574632443,6000.0,4.75,171452.6739723163,0.0,171452.6739723163,0.6064017644893015,0.0,0.6064017644893015
D,2026-08-11T00:00:00+0000,282563.08509159356,6000.0,1.5,171452.6739723163,0.0,171452.6739723163,0.6067766209331252,0.0,0.6067766209331252
D,2026-08-12T00:00:00+0000,282392.7398179114,6000.0,3.25,171452.6739723163,0.0,171452.6739723163,0.6071426414250949,0.0,0.6071426414250949
D,2026-08-13T00:00:00+0000,282548.1448976224,6000.0,0.0,171452.6739723163,0.0,171452.6739723163,0.6068087052365533,0.0,0.6068087052365533
D,2026-08-14T00:00:00+0000,282014.45380195417,6000.0,7.0,171452.6739723163,0.0,171452.6739723163,0.6079570449701832,0.0,0.6079570449701832
D,2026-08-15T00:00:00+0000,282079.5814524477,6000.0,3.75,171452.6739723163,0.0,171452.6739723163,0.607816677440793,0.0,0.607816677440793
D,2026-08-16T00:00:00+0000,281760.34365973086,6000.0,5.5,171452.6739723163,0.0,171452.6739723163,0.6085053409055033,0.0,0.6085053409055033
D,2026-08-17T00:00:00+0000,284247.80129862676,6000.0,2.25,171452.6739723163,0.0,171452.6739723163,0.6031802996857327,0.0,0.6031802996857327
D,2026-08-18T00:00:00+0000,284548.8504205761,6000.0,4.0,171452.6739723163,0.0,171452.6739723163,0.60254214247888,0.0,0.60254214247888
D,2026-08-19T00:00:00+0000,296326.6812601162,6000.0,0.75,171452.6739723163,0.0,171452.6739723163,0.5785934403315331,0.0,0.5785934403315331
D,2026-08-20T00:00:00+0000,301708.40622519935,6000.0,2.5,171452.6739723163,0.0,171452.6739723163,0.5682727774059488,0.0,0.5682727774059488
D,2026-08-21T00:00:00+0000,311182.0617429102,6000.0,4.5,171452.6739723163,0.0,171452.6739723163,0.5509722283219707,0.0,0.5509722283219707
D,2026-08-22T00:00:00+0000,307929.0816876977,6000.0,6.25,171452.6739723163,0.0,171452.6739723163,0.5567927297825152,0.0,0.5567927297825152
D,2026-08-23T00:00:00+0000,309476.2484144011,6000.0,3.0,171452.6739723163,0.0,171452.6739723163,0.5540091520779142,0.0,0.5540091520779142
D,2026-08-24T00:00:00+0000,311188.05039626965,6000.0,4.75,171452.6739723163,0.0,171452.6739723163,0.5509616251459107,0.0,0.5509616251459107
D,2026-08-25T00:00:00+0000,309901.3593473609,6000.0,1.5,171452.6739723163,0.0,171452.6739723163,0.5532491833317167,0.0,0.5532491833317167
D,2026-08-26T00:00:00+0000,311755.06567287666,6000.0,3.25,171452.6739723163,0.0,171452.6739723163,0.5499595446901925,0.0,0.5499595446901925
D,2026-08-27T00:00:00+0000,313125.4603923982,6000.0,0.0,171452.6739723163,0.0,171452.6739723163,0.5475526447368976,0.0,0.5475526447368976
D,2026-08-28T00:00:00+0000,309221.1657685662,6000.0,7.0,171452.6739723163,0.0,171452.6739723163,0.5544661651674857,0.0,0.5544661651674857
D,2026-08-29T00:00:00+0000,309942.1987499584,6000.0,3.75,171452.6739723163,0.0,171452.6739723163,0.5531762846873051,0.0,0.5531762846873051
D,2026-08-30T00:00:00+0000,308533.73293779686,6000.0,5.5,171452.6739723163,0.0,171452.6739723163,0.5557015511392482,0.0,0.5557015511392482
D,2026-08-31T00:00:00+0000,310539.1716093187,6000.0,2.25,171452.6739723163,0.0,171452.6739723163,0.5521128722144479,0.0,0.5521128722144479
D,2026-09-01T00:00:00+0000,308340.5689099077,6000.0,4.0,171452.6739723163,0.0,171452.6739723163,0.5560496777263587,0.0,0.5560496777263587
D,2026-09-02T00:00:00+0000,307693.12939106504,6000.0,0.75,171452.6739723163,0.0,171452.6739723163,0.5572197023431328,0.0,0.5572197023431328
D,2026-09-03T00:00:00+0000,308173.73637113767,6000.0,4.75,171452.6739723163,0.0,171452.6739723163,0.5563507000669051,0.0,0.5563507000669051
